row_id,config,prompt,n_replies,source_file,record_index,grade
FunctionGemma-270M|summary_prompt|N1|0,FunctionGemma-270M,summary_prompt,1,partC_FunctionGemma-270M__summary_prompt__N1.json,0,4
FunctionGemma-270M|summary_prompt|N1|1,FunctionGemma-270M,summary_prompt,1,partC_FunctionGemma-270M__summary_prompt__N1.json,1,7
FunctionGemma-270M|summary_prompt|N1|2,FunctionGemma-270M,summary_prompt,1,partC_FunctionGemma-270M__summary_prompt__N1.json,2,8
FunctionGemma-270M|summary_prompt|N1|3,FunctionGemma-270M,summary_prompt,1,partC_FunctionGemma-270M__summary_prompt__N1.json,3,9
FunctionGemma-270M|summary_prompt|N1|4,FunctionGemma-270M,summary_prompt,1,partC_FunctionGemma-270M__summary_prompt__N1.json,4,9
FunctionGemma-270M|summary_prompt|N1|5,FunctionGemma-270M,summary_prompt,1,partC_FunctionGemma-270M__summary_prompt__N1.json,5,9
FunctionGemma-270M|summary_prompt|N1|6,FunctionGemma-270M,summary_prompt,1,partC_FunctionGemma-270M__summary_prompt__N1.json,6,9
FunctionGemma-270M|summary_prompt|N1|7,FunctionGemma-270M,summary_prompt,1,partC_FunctionGemma-270M__summary_prompt__N1.json,7,9
FunctionGemma-270M|summary_prompt|N1|8,FunctionGemma-270M,summary_prompt,1,partC_FunctionGemma-270M__summary_prompt__N1.json,8,9
FunctionGemma-270M|summary_prompt|N1|9,FunctionGemma-270M,summary_prompt,1,partC_FunctionGemma-270M__summary_prompt__N1.json,9,9
FunctionGemma-270M|summary_prompt|N1|10,FunctionGemma-270M,summary_prompt,1,partC_FunctionGemma-270M__summary_prompt__N1.json,10,8
FunctionGemma-270M|summary_prompt|N1|11,FunctionGemma-270M,summary_prompt,1,partC_FunctionGemma-270M__summary_prompt__N1.json,11,9
FunctionGemma-270M|summary_prompt|N1|12,FunctionGemma-270M,summary_prompt,1,partC_FunctionGemma-270M__summary_prompt__N1.json,12,9
FunctionGemma-270M|summary_prompt|N1|13,FunctionGemma-270M,summary_prompt,1,partC_FunctionGemma-270M__summary_prompt__N1.json,13,9
FunctionGemma-270M|summary_prompt|N1|14,FunctionGemma-270M,summary_prompt,1,partC_FunctionGemma-270M__summary_prompt__N1.json,14,3
FunctionGemma-270M|summary_prompt|N1|15,FunctionGemma-270M,summary_prompt,1,partC_FunctionGemma-270M__summary_prompt__N1.json,15,1
FunctionGemma-270M|summary_prompt|N1|16,FunctionGemma-270M,summary_prompt,1,partC_FunctionGemma-270M__summary_prompt__N1.json,16,4
FunctionGemma-270M|summary_prompt|N1|17,FunctionGemma-270M,summary_prompt,1,partC_FunctionGemma-270M__summary_prompt__N1.json,17,9
FunctionGemma-270M|summary_prompt|N1|18,FunctionGemma-270M,summary_prompt,1,partC_FunctionGemma-270M__summary_prompt__N1.json,18,9
FunctionGemma-270M|summary_prompt|N1|19,FunctionGemma-270M,summary_prompt,1,partC_FunctionGemma-270M__summary_prompt__N1.json,19,9
FunctionGemma-270M|summary_prompt|N1|20,FunctionGemma-270M,summary_prompt,1,partC_FunctionGemma-270M__summary_prompt__N1.json,20,9
FunctionGemma-270M|summary_prompt|N1|21,FunctionGemma-270M,summary_prompt,1,partC_FunctionGemma-270M__summary_prompt__N1.json,21,10
FunctionGemma-270M|summary_prompt|N1|22,FunctionGemma-270M,summary_prompt,1,partC_FunctionGemma-270M__summary_prompt__N1.json,22,1
FunctionGemma-270M|summary_prompt|N1|23,FunctionGemma-270M,summary_prompt,1,partC_FunctionGemma-270M__summary_prompt__N1.json,23,9
FunctionGemma-270M|summary_prompt|N1|24,FunctionGemma-270M,summary_prompt,1,partC_FunctionGemma-270M__summary_prompt__N1.json,24,4
FunctionGemma-270M|summary_prompt|N1|25,FunctionGemma-270M,summary_prompt,1,partC_FunctionGemma-270M__summary_prompt__N1.json,25,9
FunctionGemma-270M|summary_prompt|N1|26,FunctionGemma-270M,summary_prompt,1,partC_FunctionGemma-270M__summary_prompt__N1.json,26,9
FunctionGemma-270M|summary_prompt|N1|27,FunctionGemma-270M,summary_prompt,1,partC_FunctionGemma-270M__summary_prompt__N1.json,27,4
FunctionGemma-270M|summary_prompt|N1|28,FunctionGemma-270M,summary_prompt,1,partC_FunctionGemma-270M__summary_prompt__N1.json,28,1
FunctionGemma-270M|summary_prompt|N1|29,FunctionGemma-270M,summary_prompt,1,partC_FunctionGemma-270M__summary_prompt__N1.json,29,9
FunctionGemma-270M|summary_prompt|N1|30,FunctionGemma-270M,summary_prompt,1,partC_FunctionGemma-270M__summary_prompt__N1.json,30,10
FunctionGemma-270M|summary_prompt|N1|31,FunctionGemma-270M,summary_prompt,1,partC_FunctionGemma-270M__summary_prompt__N1.json,31,1
FunctionGemma-270M|summary_prompt|N1|32,FunctionGemma-270M,summary_prompt,1,partC_FunctionGemma-270M__summary_prompt__N1.json,32,1
FunctionGemma-270M|summary_prompt|N1|33,FunctionGemma-270M,summary_prompt,1,partC_FunctionGemma-270M__summary_prompt__N1.json,33,9
FunctionGemma-270M|summary_prompt|N1|34,FunctionGemma-270M,summary_prompt,1,partC_FunctionGemma-270M__summary_prompt__N1.json,34,1
FunctionGemma-270M|summary_prompt|N1|35,FunctionGemma-270M,summary_prompt,1,partC_FunctionGemma-270M__summary_prompt__N1.json,35,9
FunctionGemma-270M|summary_prompt|N1|36,FunctionGemma-270M,summary_prompt,1,partC_FunctionGemma-270M__summary_prompt__N1.json,36,9
FunctionGemma-270M|summary_prompt|N1|37,FunctionGemma-270M,summary_prompt,1,partC_FunctionGemma-270M__summary_prompt__N1.json,37,9
FunctionGemma-270M|summary_prompt|N1|38,FunctionGemma-270M,summary_prompt,1,partC_FunctionGemma-270M__summary_prompt__N1.json,38,1
FunctionGemma-270M|summary_prompt|N1|39,FunctionGemma-270M,summary_prompt,1,partC_FunctionGemma-270M__summary_prompt__N1.json,39,1
FunctionGemma-270M|summary_prompt|N1|40,FunctionGemma-270M,summary_prompt,1,partC_FunctionGemma-270M__summary_prompt__N1.json,40,9
FunctionGemma-270M|summary_prompt|N1|41,FunctionGemma-270M,summary_prompt,1,partC_FunctionGemma-270M__summary_prompt__N1.json,41,4
FunctionGemma-270M|summary_prompt|N1|42,FunctionGemma-270M,summary_prompt,1,partC_FunctionGemma-270M__summary_prompt__N1.json,42,1
FunctionGemma-270M|summary_prompt|N1|43,FunctionGemma-270M,summary_prompt,1,partC_FunctionGemma-270M__summary_prompt__N1.json,43,9
FunctionGemma-270M|summary_prompt|N1|44,FunctionGemma-270M,summary_prompt,1,partC_FunctionGemma-270M__summary_prompt__N1.json,44,1
FunctionGemma-270M|summary_prompt|N1|45,FunctionGemma-270M,summary_prompt,1,partC_FunctionGemma-270M__summary_prompt__N1.json,45,4
FunctionGemma-270M|summary_prompt|N1|46,FunctionGemma-270M,summary_prompt,1,partC_FunctionGemma-270M__summary_prompt__N1.json,46,3
FunctionGemma-270M|summary_prompt|N1|47,FunctionGemma-270M,summary_prompt,1,partC_FunctionGemma-270M__summary_prompt__N1.json,47,9
FunctionGemma-270M|summary_prompt|N1|48,FunctionGemma-270M,summary_prompt,1,partC_FunctionGemma-270M__summary_prompt__N1.json,48,7
FunctionGemma-270M|summary_prompt|N1|49,FunctionGemma-270M,summary_prompt,1,partC_FunctionGemma-270M__summary_prompt__N1.json,49,9
FunctionGemma-270M|summary_prompt|N1|50,FunctionGemma-270M,summary_prompt,1,partC_FunctionGemma-270M__summary_prompt__N1.json,50,1
FunctionGemma-270M|summary_prompt|N1|51,FunctionGemma-270M,summary_prompt,1,partC_FunctionGemma-270M__summary_prompt__N1.json,51,4
FunctionGemma-270M|summary_prompt|N1|52,FunctionGemma-270M,summary_prompt,1,partC_FunctionGemma-270M__summary_prompt__N1.json,52,1
FunctionGemma-270M|summary_prompt|N1|53,FunctionGemma-270M,summary_prompt,1,partC_FunctionGemma-270M__summary_prompt__N1.json,53,3
FunctionGemma-270M|summary_prompt|N1|54,FunctionGemma-270M,summary_prompt,1,partC_FunctionGemma-270M__summary_prompt__N1.json,54,3
FunctionGemma-270M|summary_prompt|N1|55,FunctionGemma-270M,summary_prompt,1,partC_FunctionGemma-270M__summary_prompt__N1.json,55,9
FunctionGemma-270M|summary_prompt|N1|56,FunctionGemma-270M,summary_prompt,1,partC_FunctionGemma-270M__summary_prompt__N1.json,56,9
FunctionGemma-270M|summary_prompt|N1|57,FunctionGemma-270M,summary_prompt,1,partC_FunctionGemma-270M__summary_prompt__N1.json,57,9
FunctionGemma-270M|summary_prompt|N1|58,FunctionGemma-270M,summary_prompt,1,partC_FunctionGemma-270M__summary_prompt__N1.json,58,1
FunctionGemma-270M|summary_prompt|N1|59,FunctionGemma-270M,summary_prompt,1,partC_FunctionGemma-270M__summary_prompt__N1.json,59,4
FunctionGemma-270M|summary_prompt|N1|60,FunctionGemma-270M,summary_prompt,1,partC_FunctionGemma-270M__summary_prompt__N1.json,60,6
FunctionGemma-270M|summary_prompt|N1|61,FunctionGemma-270M,summary_prompt,1,partC_FunctionGemma-270M__summary_prompt__N1.json,61,1
FunctionGemma-270M|summary_prompt|N1|62,FunctionGemma-270M,summary_prompt,1,partC_FunctionGemma-270M__summary_prompt__N1.json,62,9
FunctionGemma-270M|summary_prompt|N1|63,FunctionGemma-270M,summary_prompt,1,partC_FunctionGemma-270M__summary_prompt__N1.json,63,9
FunctionGemma-270M|summary_prompt|N1|64,FunctionGemma-270M,summary_prompt,1,partC_FunctionGemma-270M__summary_prompt__N1.json,64,9
FunctionGemma-270M|summary_prompt|N1|65,FunctionGemma-270M,summary_prompt,1,partC_FunctionGemma-270M__summary_prompt__N1.json,65,9
FunctionGemma-270M|summary_prompt|N1|66,FunctionGemma-270M,summary_prompt,1,partC_FunctionGemma-270M__summary_prompt__N1.json,66,1
FunctionGemma-270M|summary_prompt|N1|67,FunctionGemma-270M,summary_prompt,1,partC_FunctionGemma-270M__summary_prompt__N1.json,67,9
FunctionGemma-270M|summary_prompt|N1|68,FunctionGemma-270M,summary_prompt,1,partC_FunctionGemma-270M__summary_prompt__N1.json,68,6
FunctionGemma-270M|summary_prompt|N1|69,FunctionGemma-270M,summary_prompt,1,partC_FunctionGemma-270M__summary_prompt__N1.json,69,1
FunctionGemma-270M|summary_prompt|N1|70,FunctionGemma-270M,summary_prompt,1,partC_FunctionGemma-270M__summary_prompt__N1.json,70,9
FunctionGemma-270M|summary_prompt|N1|71,FunctionGemma-270M,summary_prompt,1,partC_FunctionGemma-270M__summary_prompt__N1.json,71,9
FunctionGemma-270M|summary_prompt|N1|72,FunctionGemma-270M,summary_prompt,1,partC_FunctionGemma-270M__summary_prompt__N1.json,72,9
FunctionGemma-270M|summary_prompt|N1|73,FunctionGemma-270M,summary_prompt,1,partC_FunctionGemma-270M__summary_prompt__N1.json,73,9
FunctionGemma-270M|summary_prompt|N1|74,FunctionGemma-270M,summary_prompt,1,partC_FunctionGemma-270M__summary_prompt__N1.json,74,6
FunctionGemma-270M|summary_prompt|N1|75,FunctionGemma-270M,summary_prompt,1,partC_FunctionGemma-270M__summary_prompt__N1.json,75,1
FunctionGemma-270M|summary_prompt|N1|76,FunctionGemma-270M,summary_prompt,1,partC_FunctionGemma-270M__summary_prompt__N1.json,76,9
FunctionGemma-270M|summary_prompt|N1|77,FunctionGemma-270M,summary_prompt,1,partC_FunctionGemma-270M__summary_prompt__N1.json,77,1
FunctionGemma-270M|summary_prompt|N1|78,FunctionGemma-270M,summary_prompt,1,partC_FunctionGemma-270M__summary_prompt__N1.json,78,9
FunctionGemma-270M|summary_prompt|N1|79,FunctionGemma-270M,summary_prompt,1,partC_FunctionGemma-270M__summary_prompt__N1.json,79,8
FunctionGemma-270M|summary_prompt|N1|80,FunctionGemma-270M,summary_prompt,1,partC_FunctionGemma-270M__summary_prompt__N1.json,80,3
FunctionGemma-270M|summary_prompt|N1|81,FunctionGemma-270M,summary_prompt,1,partC_FunctionGemma-270M__summary_prompt__N1.json,81,9
FunctionGemma-270M|summary_prompt|N1|82,FunctionGemma-270M,summary_prompt,1,partC_FunctionGemma-270M__summary_prompt__N1.json,82,6
FunctionGemma-270M|summary_prompt|N1|83,FunctionGemma-270M,summary_prompt,1,partC_FunctionGemma-270M__summary_prompt__N1.json,83,9
FunctionGemma-270M|summary_prompt|N1|84,FunctionGemma-270M,summary_prompt,1,partC_FunctionGemma-270M__summary_prompt__N1.json,84,9
FunctionGemma-270M|summary_prompt|N1|85,FunctionGemma-270M,summary_prompt,1,partC_FunctionGemma-270M__summary_prompt__N1.json,85,9
FunctionGemma-270M|summary_prompt|N1|86,FunctionGemma-270M,summary_prompt,1,partC_FunctionGemma-270M__summary_prompt__N1.json,86,9
FunctionGemma-270M|summary_prompt|N1|87,FunctionGemma-270M,summary_prompt,1,partC_FunctionGemma-270M__summary_prompt__N1.json,87,9
FunctionGemma-270M|summary_prompt|N1|88,FunctionGemma-270M,summary_prompt,1,partC_FunctionGemma-270M__summary_prompt__N1.json,88,9
FunctionGemma-270M|summary_prompt|N1|89,FunctionGemma-270M,summary_prompt,1,partC_FunctionGemma-270M__summary_prompt__N1.json,89,4
FunctionGemma-270M|summary_prompt|N1|90,FunctionGemma-270M,summary_prompt,1,partC_FunctionGemma-270M__summary_prompt__N1.json,90,9
FunctionGemma-270M|summary_prompt|N1|91,FunctionGemma-270M,summary_prompt,1,partC_FunctionGemma-270M__summary_prompt__N1.json,91,9
FunctionGemma-270M|summary_prompt|N1|92,FunctionGemma-270M,summary_prompt,1,partC_FunctionGemma-270M__summary_prompt__N1.json,92,4
FunctionGemma-270M|summary_prompt|N1|93,FunctionGemma-270M,summary_prompt,1,partC_FunctionGemma-270M__summary_prompt__N1.json,93,8
FunctionGemma-270M|summary_prompt|N1|94,FunctionGemma-270M,summary_prompt,1,partC_FunctionGemma-270M__summary_prompt__N1.json,94,9
FunctionGemma-270M|summary_prompt|N1|95,FunctionGemma-270M,summary_prompt,1,partC_FunctionGemma-270M__summary_prompt__N1.json,95,9
FunctionGemma-270M|summary_prompt|N1|96,FunctionGemma-270M,summary_prompt,1,partC_FunctionGemma-270M__summary_prompt__N1.json,96,9
FunctionGemma-270M|summary_prompt|N1|97,FunctionGemma-270M,summary_prompt,1,partC_FunctionGemma-270M__summary_prompt__N1.json,97,9
FunctionGemma-270M|summary_prompt|N1|98,FunctionGemma-270M,summary_prompt,1,partC_FunctionGemma-270M__summary_prompt__N1.json,98,9
FunctionGemma-270M|summary_prompt|N1|99,FunctionGemma-270M,summary_prompt,1,partC_FunctionGemma-270M__summary_prompt__N1.json,99,9
FunctionGemma-270M|summary_prompt|N1|100,FunctionGemma-270M,summary_prompt,1,partC_FunctionGemma-270M__summary_prompt__N1.json,100,9
FunctionGemma-270M|summary_prompt|N1|101,FunctionGemma-270M,summary_prompt,1,partC_FunctionGemma-270M__summary_prompt__N1.json,101,9
FunctionGemma-270M|summary_prompt|N1|102,FunctionGemma-270M,summary_prompt,1,partC_FunctionGemma-270M__summary_prompt__N1.json,102,9
FunctionGemma-270M|summary_prompt|N1|103,FunctionGemma-270M,summary_prompt,1,partC_FunctionGemma-270M__summary_prompt__N1.json,103,10
FunctionGemma-270M|summary_prompt|N1|104,FunctionGemma-270M,summary_prompt,1,partC_FunctionGemma-270M__summary_prompt__N1.json,104,9
FunctionGemma-270M|summary_prompt|N1|105,FunctionGemma-270M,summary_prompt,1,partC_FunctionGemma-270M__summary_prompt__N1.json,105,10
FunctionGemma-270M|summary_prompt|N1|106,FunctionGemma-270M,summary_prompt,1,partC_FunctionGemma-270M__summary_prompt__N1.json,106,9
FunctionGemma-270M|summary_prompt|N1|107,FunctionGemma-270M,summary_prompt,1,partC_FunctionGemma-270M__summary_prompt__N1.json,107,9
FunctionGemma-270M|summary_prompt|N1|108,FunctionGemma-270M,summary_prompt,1,partC_FunctionGemma-270M__summary_prompt__N1.json,108,9
FunctionGemma-270M|summary_prompt|N1|109,FunctionGemma-270M,summary_prompt,1,partC_FunctionGemma-270M__summary_prompt__N1.json,109,9
FunctionGemma-270M|summary_prompt|N1|110,FunctionGemma-270M,summary_prompt,1,partC_FunctionGemma-270M__summary_prompt__N1.json,110,9
FunctionGemma-270M|summary_prompt|N1|111,FunctionGemma-270M,summary_prompt,1,partC_FunctionGemma-270M__summary_prompt__N1.json,111,9
FunctionGemma-270M|summary_prompt|N1|112,FunctionGemma-270M,summary_prompt,1,partC_FunctionGemma-270M__summary_prompt__N1.json,112,10
FunctionGemma-270M|summary_prompt|N1|113,FunctionGemma-270M,summary_prompt,1,partC_FunctionGemma-270M__summary_prompt__N1.json,113,9
FunctionGemma-270M|summary_prompt|N1|114,FunctionGemma-270M,summary_prompt,1,partC_FunctionGemma-270M__summary_prompt__N1.json,114,9
FunctionGemma-270M|summary_prompt|N1|115,FunctionGemma-270M,summary_prompt,1,partC_FunctionGemma-270M__summary_prompt__N1.json,115,9
FunctionGemma-270M|summary_prompt|N1|116,FunctionGemma-270M,summary_prompt,1,partC_FunctionGemma-270M__summary_prompt__N1.json,116,9
FunctionGemma-270M|summary_prompt|N1|117,FunctionGemma-270M,summary_prompt,1,partC_FunctionGemma-270M__summary_prompt__N1.json,117,9
FunctionGemma-270M|summary_prompt|N1|118,FunctionGemma-270M,summary_prompt,1,partC_FunctionGemma-270M__summary_prompt__N1.json,118,9
FunctionGemma-270M|summary_prompt|N1|119,FunctionGemma-270M,summary_prompt,1,partC_FunctionGemma-270M__summary_prompt__N1.json,119,9
FunctionGemma-270M|summary_prompt|N1|120,FunctionGemma-270M,summary_prompt,1,partC_FunctionGemma-270M__summary_prompt__N1.json,120,10
FunctionGemma-270M|summary_prompt|N1|121,FunctionGemma-270M,summary_prompt,1,partC_FunctionGemma-270M__summary_prompt__N1.json,121,9
FunctionGemma-270M|summary_prompt|N1|122,FunctionGemma-270M,summary_prompt,1,partC_FunctionGemma-270M__summary_prompt__N1.json,122,9
FunctionGemma-270M|summary_prompt|N1|123,FunctionGemma-270M,summary_prompt,1,partC_FunctionGemma-270M__summary_prompt__N1.json,123,10
FunctionGemma-270M|summary_prompt|N1|124,FunctionGemma-270M,summary_prompt,1,partC_FunctionGemma-270M__summary_prompt__N1.json,124,10
FunctionGemma-270M|summary_prompt|N1|125,FunctionGemma-270M,summary_prompt,1,partC_FunctionGemma-270M__summary_prompt__N1.json,125,9
FunctionGemma-270M|summary_prompt|N1|126,FunctionGemma-270M,summary_prompt,1,partC_FunctionGemma-270M__summary_prompt__N1.json,126,10
FunctionGemma-270M|summary_prompt|N1|127,FunctionGemma-270M,summary_prompt,1,partC_FunctionGemma-270M__summary_prompt__N1.json,127,9
FunctionGemma-270M|summary_prompt|N1|128,FunctionGemma-270M,summary_prompt,1,partC_FunctionGemma-270M__summary_prompt__N1.json,128,9
FunctionGemma-270M|summary_prompt|N1|129,FunctionGemma-270M,summary_prompt,1,partC_FunctionGemma-270M__summary_prompt__N1.json,129,3
FunctionGemma-270M|summary_prompt|N1|130,FunctionGemma-270M,summary_prompt,1,partC_FunctionGemma-270M__summary_prompt__N1.json,130,10
FunctionGemma-270M|summary_prompt|N1|131,FunctionGemma-270M,summary_prompt,1,partC_FunctionGemma-270M__summary_prompt__N1.json,131,9
FunctionGemma-270M|summary_prompt|N1|132,FunctionGemma-270M,summary_prompt,1,partC_FunctionGemma-270M__summary_prompt__N1.json,132,9
FunctionGemma-270M|summary_prompt|N1|133,FunctionGemma-270M,summary_prompt,1,partC_FunctionGemma-270M__summary_prompt__N1.json,133,9
FunctionGemma-270M|summary_prompt|N1|134,FunctionGemma-270M,summary_prompt,1,partC_FunctionGemma-270M__summary_prompt__N1.json,134,9
FunctionGemma-270M|summary_prompt|N1|135,FunctionGemma-270M,summary_prompt,1,partC_FunctionGemma-270M__summary_prompt__N1.json,135,9
FunctionGemma-270M|summary_prompt|N1|136,FunctionGemma-270M,summary_prompt,1,partC_FunctionGemma-270M__summary_prompt__N1.json,136,9
FunctionGemma-270M|summary_prompt|N1|137,FunctionGemma-270M,summary_prompt,1,partC_FunctionGemma-270M__summary_prompt__N1.json,137,9
FunctionGemma-270M|summary_prompt|N1|138,FunctionGemma-270M,summary_prompt,1,partC_FunctionGemma-270M__summary_prompt__N1.json,138,10
FunctionGemma-270M|summary_prompt|N1|139,FunctionGemma-270M,summary_prompt,1,partC_FunctionGemma-270M__summary_prompt__N1.json,139,4
FunctionGemma-270M|summary_prompt|N1|140,FunctionGemma-270M,summary_prompt,1,partC_FunctionGemma-270M__summary_prompt__N1.json,140,9
FunctionGemma-270M|summary_prompt|N1|141,FunctionGemma-270M,summary_prompt,1,partC_FunctionGemma-270M__summary_prompt__N1.json,141,9
FunctionGemma-270M|summary_prompt|N1|142,FunctionGemma-270M,summary_prompt,1,partC_FunctionGemma-270M__summary_prompt__N1.json,142,7
FunctionGemma-270M|summary_prompt|N1|143,FunctionGemma-270M,summary_prompt,1,partC_FunctionGemma-270M__summary_prompt__N1.json,143,3
FunctionGemma-270M|summary_prompt|N1|144,FunctionGemma-270M,summary_prompt,1,partC_FunctionGemma-270M__summary_prompt__N1.json,144,9
FunctionGemma-270M|summary_prompt|N1|145,FunctionGemma-270M,summary_prompt,1,partC_FunctionGemma-270M__summary_prompt__N1.json,145,1
FunctionGemma-270M|summary_prompt|N1|146,FunctionGemma-270M,summary_prompt,1,partC_FunctionGemma-270M__summary_prompt__N1.json,146,4
FunctionGemma-270M|summary_prompt|N1|147,FunctionGemma-270M,summary_prompt,1,partC_FunctionGemma-270M__summary_prompt__N1.json,147,9
FunctionGemma-270M|summary_prompt|N1|148,FunctionGemma-270M,summary_prompt,1,partC_FunctionGemma-270M__summary_prompt__N1.json,148,9
FunctionGemma-270M|summary_prompt|N1|149,FunctionGemma-270M,summary_prompt,1,partC_FunctionGemma-270M__summary_prompt__N1.json,149,1
FunctionGemma-270M|summary_prompt|N1|150,FunctionGemma-270M,summary_prompt,1,partC_FunctionGemma-270M__summary_prompt__N1.json,150,9
FunctionGemma-270M|summary_prompt|N1|151,FunctionGemma-270M,summary_prompt,1,partC_FunctionGemma-270M__summary_prompt__N1.json,151,1
FunctionGemma-270M|summary_prompt|N1|152,FunctionGemma-270M,summary_prompt,1,partC_FunctionGemma-270M__summary_prompt__N1.json,152,9
FunctionGemma-270M|summary_prompt|N1|153,FunctionGemma-270M,summary_prompt,1,partC_FunctionGemma-270M__summary_prompt__N1.json,153,9
FunctionGemma-270M|summary_prompt|N1|154,FunctionGemma-270M,summary_prompt,1,partC_FunctionGemma-270M__summary_prompt__N1.json,154,9
FunctionGemma-270M|summary_prompt|N1|155,FunctionGemma-270M,summary_prompt,1,partC_FunctionGemma-270M__summary_prompt__N1.json,155,9
FunctionGemma-270M|summary_prompt|N1|156,FunctionGemma-270M,summary_prompt,1,partC_FunctionGemma-270M__summary_prompt__N1.json,156,4
FunctionGemma-270M|summary_prompt|N1|157,FunctionGemma-270M,summary_prompt,1,partC_FunctionGemma-270M__summary_prompt__N1.json,157,4
FunctionGemma-270M|summary_prompt|N1|158,FunctionGemma-270M,summary_prompt,1,partC_FunctionGemma-270M__summary_prompt__N1.json,158,9
FunctionGemma-270M|summary_prompt|N1|159,FunctionGemma-270M,summary_prompt,1,partC_FunctionGemma-270M__summary_prompt__N1.json,159,9
FunctionGemma-270M|summary_prompt|N1|160,FunctionGemma-270M,summary_prompt,1,partC_FunctionGemma-270M__summary_prompt__N1.json,160,9
FunctionGemma-270M|summary_prompt|N1|161,FunctionGemma-270M,summary_prompt,1,partC_FunctionGemma-270M__summary_prompt__N1.json,161,9
FunctionGemma-270M|summary_prompt|N1|162,FunctionGemma-270M,summary_prompt,1,partC_FunctionGemma-270M__summary_prompt__N1.json,162,7
FunctionGemma-270M|summary_prompt|N1|163,FunctionGemma-270M,summary_prompt,1,partC_FunctionGemma-270M__summary_prompt__N1.json,163,9
FunctionGemma-270M|summary_prompt|N1|164,FunctionGemma-270M,summary_prompt,1,partC_FunctionGemma-270M__summary_prompt__N1.json,164,9
FunctionGemma-270M|summary_prompt|N1|165,FunctionGemma-270M,summary_prompt,1,partC_FunctionGemma-270M__summary_prompt__N1.json,165,9
FunctionGemma-270M|summary_prompt|N1|166,FunctionGemma-270M,summary_prompt,1,partC_FunctionGemma-270M__summary_prompt__N1.json,166,7
FunctionGemma-270M|summary_prompt|N1|167,FunctionGemma-270M,summary_prompt,1,partC_FunctionGemma-270M__summary_prompt__N1.json,167,9
FunctionGemma-270M|summary_prompt|N1|168,FunctionGemma-270M,summary_prompt,1,partC_FunctionGemma-270M__summary_prompt__N1.json,168,9
FunctionGemma-270M|summary_prompt|N1|169,FunctionGemma-270M,summary_prompt,1,partC_FunctionGemma-270M__summary_prompt__N1.json,169,9
FunctionGemma-270M|summary_prompt|N1|170,FunctionGemma-270M,summary_prompt,1,partC_FunctionGemma-270M__summary_prompt__N1.json,170,9
FunctionGemma-270M|summary_prompt|N1|171,FunctionGemma-270M,summary_prompt,1,partC_FunctionGemma-270M__summary_prompt__N1.json,171,9
FunctionGemma-270M|summary_prompt|N1|172,FunctionGemma-270M,summary_prompt,1,partC_FunctionGemma-270M__summary_prompt__N1.json,172,9
FunctionGemma-270M|summary_prompt|N1|173,FunctionGemma-270M,summary_prompt,1,partC_FunctionGemma-270M__summary_prompt__N1.json,173,7
FunctionGemma-270M|summary_prompt|N1|174,FunctionGemma-270M,summary_prompt,1,partC_FunctionGemma-270M__summary_prompt__N1.json,174,9
FunctionGemma-270M|summary_prompt|N1|175,FunctionGemma-270M,summary_prompt,1,partC_FunctionGemma-270M__summary_prompt__N1.json,175,9
FunctionGemma-270M|summary_prompt|N1|176,FunctionGemma-270M,summary_prompt,1,partC_FunctionGemma-270M__summary_prompt__N1.json,176,9
FunctionGemma-270M|summary_prompt|N1|177,FunctionGemma-270M,summary_prompt,1,partC_FunctionGemma-270M__summary_prompt__N1.json,177,9
FunctionGemma-270M|summary_prompt|N1|178,FunctionGemma-270M,summary_prompt,1,partC_FunctionGemma-270M__summary_prompt__N1.json,178,9
FunctionGemma-270M|summary_prompt|N1|179,FunctionGemma-270M,summary_prompt,1,partC_FunctionGemma-270M__summary_prompt__N1.json,179,4
FunctionGemma-270M|summary_prompt|N1|180,FunctionGemma-270M,summary_prompt,1,partC_FunctionGemma-270M__summary_prompt__N1.json,180,9
FunctionGemma-270M|summary_prompt|N1|181,FunctionGemma-270M,summary_prompt,1,partC_FunctionGemma-270M__summary_prompt__N1.json,181,3
FunctionGemma-270M|summary_prompt|N1|182,FunctionGemma-270M,summary_prompt,1,partC_FunctionGemma-270M__summary_prompt__N1.json,182,8
FunctionGemma-270M|summary_prompt|N1|183,FunctionGemma-270M,summary_prompt,1,partC_FunctionGemma-270M__summary_prompt__N1.json,183,10
FunctionGemma-270M|summary_prompt|N1|184,FunctionGemma-270M,summary_prompt,1,partC_FunctionGemma-270M__summary_prompt__N1.json,184,10
FunctionGemma-270M|summary_prompt|N1|185,FunctionGemma-270M,summary_prompt,1,partC_FunctionGemma-270M__summary_prompt__N1.json,185,6
FunctionGemma-270M|summary_prompt|N1|186,FunctionGemma-270M,summary_prompt,1,partC_FunctionGemma-270M__summary_prompt__N1.json,186,10
FunctionGemma-270M|summary_prompt|N1|187,FunctionGemma-270M,summary_prompt,1,partC_FunctionGemma-270M__summary_prompt__N1.json,187,9
FunctionGemma-270M|summary_prompt|N1|188,FunctionGemma-270M,summary_prompt,1,partC_FunctionGemma-270M__summary_prompt__N1.json,188,10
FunctionGemma-270M|summary_prompt|N1|189,FunctionGemma-270M,summary_prompt,1,partC_FunctionGemma-270M__summary_prompt__N1.json,189,1
FunctionGemma-270M|summary_prompt|N1|190,FunctionGemma-270M,summary_prompt,1,partC_FunctionGemma-270M__summary_prompt__N1.json,190,10
FunctionGemma-270M|summary_prompt|N1|191,FunctionGemma-270M,summary_prompt,1,partC_FunctionGemma-270M__summary_prompt__N1.json,191,9
FunctionGemma-270M|summary_prompt|N1|192,FunctionGemma-270M,summary_prompt,1,partC_FunctionGemma-270M__summary_prompt__N1.json,192,10
FunctionGemma-270M|summary_prompt|N1|193,FunctionGemma-270M,summary_prompt,1,partC_FunctionGemma-270M__summary_prompt__N1.json,193,1
FunctionGemma-270M|summary_prompt|N1|194,FunctionGemma-270M,summary_prompt,1,partC_FunctionGemma-270M__summary_prompt__N1.json,194,10
FunctionGemma-270M|summary_prompt|N1|195,FunctionGemma-270M,summary_prompt,1,partC_FunctionGemma-270M__summary_prompt__N1.json,195,9
FunctionGemma-270M|summary_prompt|N1|196,FunctionGemma-270M,summary_prompt,1,partC_FunctionGemma-270M__summary_prompt__N1.json,196,10
FunctionGemma-270M|summary_prompt|N1|197,FunctionGemma-270M,summary_prompt,1,partC_FunctionGemma-270M__summary_prompt__N1.json,197,10
FunctionGemma-270M|summary_prompt|N1|198,FunctionGemma-270M,summary_prompt,1,partC_FunctionGemma-270M__summary_prompt__N1.json,198,3
FunctionGemma-270M|summary_prompt|N1|199,FunctionGemma-270M,summary_prompt,1,partC_FunctionGemma-270M__summary_prompt__N1.json,199,9
FunctionGemma-270M|summary_prompt|N1|200,FunctionGemma-270M,summary_prompt,1,partC_FunctionGemma-270M__summary_prompt__N1.json,200,4
FunctionGemma-270M|summary_prompt|N1|201,FunctionGemma-270M,summary_prompt,1,partC_FunctionGemma-270M__summary_prompt__N1.json,201,9
FunctionGemma-270M|summary_prompt|N1|202,FunctionGemma-270M,summary_prompt,1,partC_FunctionGemma-270M__summary_prompt__N1.json,202,1
FunctionGemma-270M|summary_prompt|N1|203,FunctionGemma-270M,summary_prompt,1,partC_FunctionGemma-270M__summary_prompt__N1.json,203,10
FunctionGemma-270M|summary_prompt|N1|204,FunctionGemma-270M,summary_prompt,1,partC_FunctionGemma-270M__summary_prompt__N1.json,204,9
FunctionGemma-270M|summary_prompt|N1|205,FunctionGemma-270M,summary_prompt,1,partC_FunctionGemma-270M__summary_prompt__N1.json,205,9
FunctionGemma-270M|summary_prompt|N1|206,FunctionGemma-270M,summary_prompt,1,partC_FunctionGemma-270M__summary_prompt__N1.json,206,9
FunctionGemma-270M|summary_prompt|N1|207,FunctionGemma-270M,summary_prompt,1,partC_FunctionGemma-270M__summary_prompt__N1.json,207,9
FunctionGemma-270M|summary_prompt|N1|208,FunctionGemma-270M,summary_prompt,1,partC_FunctionGemma-270M__summary_prompt__N1.json,208,9
FunctionGemma-270M|summary_prompt|N1|209,FunctionGemma-270M,summary_prompt,1,partC_FunctionGemma-270M__summary_prompt__N1.json,209,10
FunctionGemma-270M|summary_prompt|N1|210,FunctionGemma-270M,summary_prompt,1,partC_FunctionGemma-270M__summary_prompt__N1.json,210,10
FunctionGemma-270M|summary_prompt|N1|211,FunctionGemma-270M,summary_prompt,1,partC_FunctionGemma-270M__summary_prompt__N1.json,211,10
FunctionGemma-270M|summary_prompt|N1|212,FunctionGemma-270M,summary_prompt,1,partC_FunctionGemma-270M__summary_prompt__N1.json,212,10
FunctionGemma-270M|summary_prompt|N1|213,FunctionGemma-270M,summary_prompt,1,partC_FunctionGemma-270M__summary_prompt__N1.json,213,10
FunctionGemma-270M|summary_prompt|N1|214,FunctionGemma-270M,summary_prompt,1,partC_FunctionGemma-270M__summary_prompt__N1.json,214,9
FunctionGemma-270M|summary_prompt|N1|215,FunctionGemma-270M,summary_prompt,1,partC_FunctionGemma-270M__summary_prompt__N1.json,215,1
FunctionGemma-270M|summary_prompt|N1|216,FunctionGemma-270M,summary_prompt,1,partC_FunctionGemma-270M__summary_prompt__N1.json,216,9
FunctionGemma-270M|summary_prompt|N1|217,FunctionGemma-270M,summary_prompt,1,partC_FunctionGemma-270M__summary_prompt__N1.json,217,1
FunctionGemma-270M|summary_prompt|N1|218,FunctionGemma-270M,summary_prompt,1,partC_FunctionGemma-270M__summary_prompt__N1.json,218,1
FunctionGemma-270M|summary_prompt|N1|219,FunctionGemma-270M,summary_prompt,1,partC_FunctionGemma-270M__summary_prompt__N1.json,219,9
FunctionGemma-270M|summary_prompt|N1|220,FunctionGemma-270M,summary_prompt,1,partC_FunctionGemma-270M__summary_prompt__N1.json,220,9
FunctionGemma-270M|summary_prompt|N1|221,FunctionGemma-270M,summary_prompt,1,partC_FunctionGemma-270M__summary_prompt__N1.json,221,9
FunctionGemma-270M|summary_prompt|N1|222,FunctionGemma-270M,summary_prompt,1,partC_FunctionGemma-270M__summary_prompt__N1.json,222,9
FunctionGemma-270M|summary_prompt|N1|223,FunctionGemma-270M,summary_prompt,1,partC_FunctionGemma-270M__summary_prompt__N1.json,223,9
FunctionGemma-270M|summary_prompt|N1|224,FunctionGemma-270M,summary_prompt,1,partC_FunctionGemma-270M__summary_prompt__N1.json,224,9
FunctionGemma-270M|summary_prompt|N1|225,FunctionGemma-270M,summary_prompt,1,partC_FunctionGemma-270M__summary_prompt__N1.json,225,9
FunctionGemma-270M|summary_prompt|N1|226,FunctionGemma-270M,summary_prompt,1,partC_FunctionGemma-270M__summary_prompt__N1.json,226,10
FunctionGemma-270M|summary_prompt|N1|227,FunctionGemma-270M,summary_prompt,1,partC_FunctionGemma-270M__summary_prompt__N1.json,227,1
FunctionGemma-270M|summary_prompt|N1|228,FunctionGemma-270M,summary_prompt,1,partC_FunctionGemma-270M__summary_prompt__N1.json,228,3
FunctionGemma-270M|summary_prompt|N1|229,FunctionGemma-270M,summary_prompt,1,partC_FunctionGemma-270M__summary_prompt__N1.json,229,9
FunctionGemma-270M|summary_prompt|N1|230,FunctionGemma-270M,summary_prompt,1,partC_FunctionGemma-270M__summary_prompt__N1.json,230,9
FunctionGemma-270M|summary_prompt|N1|231,FunctionGemma-270M,summary_prompt,1,partC_FunctionGemma-270M__summary_prompt__N1.json,231,9
FunctionGemma-270M|summary_prompt|N1|232,FunctionGemma-270M,summary_prompt,1,partC_FunctionGemma-270M__summary_prompt__N1.json,232,9
FunctionGemma-270M|summary_prompt|N1|233,FunctionGemma-270M,summary_prompt,1,partC_FunctionGemma-270M__summary_prompt__N1.json,233,9
FunctionGemma-270M|summary_prompt|N1|234,FunctionGemma-270M,summary_prompt,1,partC_FunctionGemma-270M__summary_prompt__N1.json,234,1
FunctionGemma-270M|summary_prompt|N1|235,FunctionGemma-270M,summary_prompt,1,partC_FunctionGemma-270M__summary_prompt__N1.json,235,9
FunctionGemma-270M|summary_prompt|N1|236,FunctionGemma-270M,summary_prompt,1,partC_FunctionGemma-270M__summary_prompt__N1.json,236,9
FunctionGemma-270M|summary_prompt|N1|237,FunctionGemma-270M,summary_prompt,1,partC_FunctionGemma-270M__summary_prompt__N1.json,237,1
FunctionGemma-270M|summary_prompt|N1|238,FunctionGemma-270M,summary_prompt,1,partC_FunctionGemma-270M__summary_prompt__N1.json,238,8
FunctionGemma-270M|summary_prompt|N1|239,FunctionGemma-270M,summary_prompt,1,partC_FunctionGemma-270M__summary_prompt__N1.json,239,9
FunctionGemma-270M|summary_prompt|N1|240,FunctionGemma-270M,summary_prompt,1,partC_FunctionGemma-270M__summary_prompt__N1.json,240,9
FunctionGemma-270M|summary_prompt|N1|241,FunctionGemma-270M,summary_prompt,1,partC_FunctionGemma-270M__summary_prompt__N1.json,241,9
FunctionGemma-270M|summary_prompt|N1|242,FunctionGemma-270M,summary_prompt,1,partC_FunctionGemma-270M__summary_prompt__N1.json,242,9
FunctionGemma-270M|summary_prompt|N1|243,FunctionGemma-270M,summary_prompt,1,partC_FunctionGemma-270M__summary_prompt__N1.json,243,4
FunctionGemma-270M|summary_prompt|N1|244,FunctionGemma-270M,summary_prompt,1,partC_FunctionGemma-270M__summary_prompt__N1.json,244,9
FunctionGemma-270M|summary_prompt|N1|245,FunctionGemma-270M,summary_prompt,1,partC_FunctionGemma-270M__summary_prompt__N1.json,245,10
FunctionGemma-270M|summary_prompt|N1|246,FunctionGemma-270M,summary_prompt,1,partC_FunctionGemma-270M__summary_prompt__N1.json,246,9
FunctionGemma-270M|summary_prompt|N1|247,FunctionGemma-270M,summary_prompt,1,partC_FunctionGemma-270M__summary_prompt__N1.json,247,10
FunctionGemma-270M|summary_prompt|N1|248,FunctionGemma-270M,summary_prompt,1,partC_FunctionGemma-270M__summary_prompt__N1.json,248,6
FunctionGemma-270M|summary_prompt|N1|249,FunctionGemma-270M,summary_prompt,1,partC_FunctionGemma-270M__summary_prompt__N1.json,249,6
FunctionGemma-270M|summary_prompt|N1|250,FunctionGemma-270M,summary_prompt,1,partC_FunctionGemma-270M__summary_prompt__N1.json,250,3
FunctionGemma-270M|summary_prompt|N1|251,FunctionGemma-270M,summary_prompt,1,partC_FunctionGemma-270M__summary_prompt__N1.json,251,6
FunctionGemma-270M|summary_prompt|N1|252,FunctionGemma-270M,summary_prompt,1,partC_FunctionGemma-270M__summary_prompt__N1.json,252,1
FunctionGemma-270M|summary_prompt|N1|253,FunctionGemma-270M,summary_prompt,1,partC_FunctionGemma-270M__summary_prompt__N1.json,253,9
FunctionGemma-270M|summary_prompt|N1|254,FunctionGemma-270M,summary_prompt,1,partC_FunctionGemma-270M__summary_prompt__N1.json,254,4
FunctionGemma-270M|summary_prompt|N1|255,FunctionGemma-270M,summary_prompt,1,partC_FunctionGemma-270M__summary_prompt__N1.json,255,6
FunctionGemma-270M|summary_prompt|N1|256,FunctionGemma-270M,summary_prompt,1,partC_FunctionGemma-270M__summary_prompt__N1.json,256,8
FunctionGemma-270M|summary_prompt|N1|257,FunctionGemma-270M,summary_prompt,1,partC_FunctionGemma-270M__summary_prompt__N1.json,257,8
FunctionGemma-270M|summary_prompt|N1|258,FunctionGemma-270M,summary_prompt,1,partC_FunctionGemma-270M__summary_prompt__N1.json,258,9
FunctionGemma-270M|summary_prompt|N1|259,FunctionGemma-270M,summary_prompt,1,partC_FunctionGemma-270M__summary_prompt__N1.json,259,7
FunctionGemma-270M|summary_prompt|N1|260,FunctionGemma-270M,summary_prompt,1,partC_FunctionGemma-270M__summary_prompt__N1.json,260,9
FunctionGemma-270M|summary_prompt|N1|261,FunctionGemma-270M,summary_prompt,1,partC_FunctionGemma-270M__summary_prompt__N1.json,261,9
FunctionGemma-270M|summary_prompt|N1|262,FunctionGemma-270M,summary_prompt,1,partC_FunctionGemma-270M__summary_prompt__N1.json,262,9
FunctionGemma-270M|summary_prompt|N1|263,FunctionGemma-270M,summary_prompt,1,partC_FunctionGemma-270M__summary_prompt__N1.json,263,1
FunctionGemma-270M|summary_prompt|N1|264,FunctionGemma-270M,summary_prompt,1,partC_FunctionGemma-270M__summary_prompt__N1.json,264,9
FunctionGemma-270M|summary_prompt|N1|265,FunctionGemma-270M,summary_prompt,1,partC_FunctionGemma-270M__summary_prompt__N1.json,265,9
FunctionGemma-270M|summary_prompt|N1|266,FunctionGemma-270M,summary_prompt,1,partC_FunctionGemma-270M__summary_prompt__N1.json,266,1
FunctionGemma-270M|summary_prompt|N1|267,FunctionGemma-270M,summary_prompt,1,partC_FunctionGemma-270M__summary_prompt__N1.json,267,7
FunctionGemma-270M|summary_prompt|N1|268,FunctionGemma-270M,summary_prompt,1,partC_FunctionGemma-270M__summary_prompt__N1.json,268,9
FunctionGemma-270M|summary_prompt|N1|269,FunctionGemma-270M,summary_prompt,1,partC_FunctionGemma-270M__summary_prompt__N1.json,269,3
FunctionGemma-270M|summary_prompt|N1|270,FunctionGemma-270M,summary_prompt,1,partC_FunctionGemma-270M__summary_prompt__N1.json,270,9
FunctionGemma-270M|summary_prompt|N1|271,FunctionGemma-270M,summary_prompt,1,partC_FunctionGemma-270M__summary_prompt__N1.json,271,9
FunctionGemma-270M|summary_prompt|N1|272,FunctionGemma-270M,summary_prompt,1,partC_FunctionGemma-270M__summary_prompt__N1.json,272,6
FunctionGemma-270M|summary_prompt|N1|273,FunctionGemma-270M,summary_prompt,1,partC_FunctionGemma-270M__summary_prompt__N1.json,273,4
FunctionGemma-270M|summary_prompt|N1|274,FunctionGemma-270M,summary_prompt,1,partC_FunctionGemma-270M__summary_prompt__N1.json,274,9
FunctionGemma-270M|summary_prompt|N1|275,FunctionGemma-270M,summary_prompt,1,partC_FunctionGemma-270M__summary_prompt__N1.json,275,9
FunctionGemma-270M|summary_prompt|N1|276,FunctionGemma-270M,summary_prompt,1,partC_FunctionGemma-270M__summary_prompt__N1.json,276,9
FunctionGemma-270M|summary_prompt|N1|277,FunctionGemma-270M,summary_prompt,1,partC_FunctionGemma-270M__summary_prompt__N1.json,277,9
FunctionGemma-270M|summary_prompt|N1|278,FunctionGemma-270M,summary_prompt,1,partC_FunctionGemma-270M__summary_prompt__N1.json,278,9
FunctionGemma-270M|summary_prompt|N1|279,FunctionGemma-270M,summary_prompt,1,partC_FunctionGemma-270M__summary_prompt__N1.json,279,4
FunctionGemma-270M|summary_prompt|N1|280,FunctionGemma-270M,summary_prompt,1,partC_FunctionGemma-270M__summary_prompt__N1.json,280,9
FunctionGemma-270M|summary_prompt|N1|281,FunctionGemma-270M,summary_prompt,1,partC_FunctionGemma-270M__summary_prompt__N1.json,281,6
FunctionGemma-270M|summary_prompt|N1|282,FunctionGemma-270M,summary_prompt,1,partC_FunctionGemma-270M__summary_prompt__N1.json,282,3
FunctionGemma-270M|summary_prompt|N1|283,FunctionGemma-270M,summary_prompt,1,partC_FunctionGemma-270M__summary_prompt__N1.json,283,3
FunctionGemma-270M|summary_prompt|N1|284,FunctionGemma-270M,summary_prompt,1,partC_FunctionGemma-270M__summary_prompt__N1.json,284,6
FunctionGemma-270M|summary_prompt|N1|285,FunctionGemma-270M,summary_prompt,1,partC_FunctionGemma-270M__summary_prompt__N1.json,285,6
FunctionGemma-270M|summary_prompt|N1|286,FunctionGemma-270M,summary_prompt,1,partC_FunctionGemma-270M__summary_prompt__N1.json,286,9
FunctionGemma-270M|summary_prompt|N1|287,FunctionGemma-270M,summary_prompt,1,partC_FunctionGemma-270M__summary_prompt__N1.json,287,9
FunctionGemma-270M|summary_prompt|N1|288,FunctionGemma-270M,summary_prompt,1,partC_FunctionGemma-270M__summary_prompt__N1.json,288,4
FunctionGemma-270M|summary_prompt|N1|289,FunctionGemma-270M,summary_prompt,1,partC_FunctionGemma-270M__summary_prompt__N1.json,289,9
FunctionGemma-270M|summary_prompt|N1|290,FunctionGemma-270M,summary_prompt,1,partC_FunctionGemma-270M__summary_prompt__N1.json,290,3
FunctionGemma-270M|summary_prompt|N1|291,FunctionGemma-270M,summary_prompt,1,partC_FunctionGemma-270M__summary_prompt__N1.json,291,3
FunctionGemma-270M|summary_prompt|N1|292,FunctionGemma-270M,summary_prompt,1,partC_FunctionGemma-270M__summary_prompt__N1.json,292,9
FunctionGemma-270M|summary_prompt|N1|293,FunctionGemma-270M,summary_prompt,1,partC_FunctionGemma-270M__summary_prompt__N1.json,293,7
FunctionGemma-270M|summary_prompt|N1|294,FunctionGemma-270M,summary_prompt,1,partC_FunctionGemma-270M__summary_prompt__N1.json,294,4
FunctionGemma-270M|summary_prompt|N1|295,FunctionGemma-270M,summary_prompt,1,partC_FunctionGemma-270M__summary_prompt__N1.json,295,9
FunctionGemma-270M|summary_prompt|N1|296,FunctionGemma-270M,summary_prompt,1,partC_FunctionGemma-270M__summary_prompt__N1.json,296,9
FunctionGemma-270M|summary_prompt|N1|297,FunctionGemma-270M,summary_prompt,1,partC_FunctionGemma-270M__summary_prompt__N1.json,297,4
FunctionGemma-270M|summary_prompt|N1|298,FunctionGemma-270M,summary_prompt,1,partC_FunctionGemma-270M__summary_prompt__N1.json,298,9
FunctionGemma-270M|summary_prompt|N1|299,FunctionGemma-270M,summary_prompt,1,partC_FunctionGemma-270M__summary_prompt__N1.json,299,6
FunctionGemma-270M|summary_prompt|N1|300,FunctionGemma-270M,summary_prompt,1,partC_FunctionGemma-270M__summary_prompt__N1.json,300,9
FunctionGemma-270M|summary_prompt|N1|301,FunctionGemma-270M,summary_prompt,1,partC_FunctionGemma-270M__summary_prompt__N1.json,301,10
FunctionGemma-270M|summary_prompt|N1|302,FunctionGemma-270M,summary_prompt,1,partC_FunctionGemma-270M__summary_prompt__N1.json,302,9
FunctionGemma-270M|summary_prompt|N1|303,FunctionGemma-270M,summary_prompt,1,partC_FunctionGemma-270M__summary_prompt__N1.json,303,9
FunctionGemma-270M|summary_prompt|N1|304,FunctionGemma-270M,summary_prompt,1,partC_FunctionGemma-270M__summary_prompt__N1.json,304,6
FunctionGemma-270M|summary_prompt|N1|305,FunctionGemma-270M,summary_prompt,1,partC_FunctionGemma-270M__summary_prompt__N1.json,305,7
FunctionGemma-270M|summary_prompt|N1|306,FunctionGemma-270M,summary_prompt,1,partC_FunctionGemma-270M__summary_prompt__N1.json,306,7
FunctionGemma-270M|summary_prompt|N1|307,FunctionGemma-270M,summary_prompt,1,partC_FunctionGemma-270M__summary_prompt__N1.json,307,9
FunctionGemma-270M|summary_prompt|N1|308,FunctionGemma-270M,summary_prompt,1,partC_FunctionGemma-270M__summary_prompt__N1.json,308,10
FunctionGemma-270M|summary_prompt|N1|309,FunctionGemma-270M,summary_prompt,1,partC_FunctionGemma-270M__summary_prompt__N1.json,309,9
FunctionGemma-270M|summary_prompt|N1|310,FunctionGemma-270M,summary_prompt,1,partC_FunctionGemma-270M__summary_prompt__N1.json,310,10
FunctionGemma-270M|summary_prompt|N1|311,FunctionGemma-270M,summary_prompt,1,partC_FunctionGemma-270M__summary_prompt__N1.json,311,10
FunctionGemma-270M|summary_prompt|N1|312,FunctionGemma-270M,summary_prompt,1,partC_FunctionGemma-270M__summary_prompt__N1.json,312,9
FunctionGemma-270M|summary_prompt|N1|313,FunctionGemma-270M,summary_prompt,1,partC_FunctionGemma-270M__summary_prompt__N1.json,313,6
FunctionGemma-270M|summary_prompt|N1|314,FunctionGemma-270M,summary_prompt,1,partC_FunctionGemma-270M__summary_prompt__N1.json,314,9
FunctionGemma-270M|summary_prompt|N1|315,FunctionGemma-270M,summary_prompt,1,partC_FunctionGemma-270M__summary_prompt__N1.json,315,8
FunctionGemma-270M|summary_prompt|N1|316,FunctionGemma-270M,summary_prompt,1,partC_FunctionGemma-270M__summary_prompt__N1.json,316,4
FunctionGemma-270M|summary_prompt|N1|317,FunctionGemma-270M,summary_prompt,1,partC_FunctionGemma-270M__summary_prompt__N1.json,317,9
FunctionGemma-270M|summary_prompt|N1|318,FunctionGemma-270M,summary_prompt,1,partC_FunctionGemma-270M__summary_prompt__N1.json,318,9
FunctionGemma-270M|summary_prompt|N1|319,FunctionGemma-270M,summary_prompt,1,partC_FunctionGemma-270M__summary_prompt__N1.json,319,7
FunctionGemma-270M|summary_prompt|N1|320,FunctionGemma-270M,summary_prompt,1,partC_FunctionGemma-270M__summary_prompt__N1.json,320,9
FunctionGemma-270M|summary_prompt|N1|321,FunctionGemma-270M,summary_prompt,1,partC_FunctionGemma-270M__summary_prompt__N1.json,321,9
FunctionGemma-270M|summary_prompt|N1|322,FunctionGemma-270M,summary_prompt,1,partC_FunctionGemma-270M__summary_prompt__N1.json,322,8
FunctionGemma-270M|summary_prompt|N1|323,FunctionGemma-270M,summary_prompt,1,partC_FunctionGemma-270M__summary_prompt__N1.json,323,9
FunctionGemma-270M|summary_prompt|N1|324,FunctionGemma-270M,summary_prompt,1,partC_FunctionGemma-270M__summary_prompt__N1.json,324,3
FunctionGemma-270M|summary_prompt|N1|325,FunctionGemma-270M,summary_prompt,1,partC_FunctionGemma-270M__summary_prompt__N1.json,325,4
FunctionGemma-270M|summary_prompt|N1|326,FunctionGemma-270M,summary_prompt,1,partC_FunctionGemma-270M__summary_prompt__N1.json,326,4
FunctionGemma-270M|summary_prompt|N1|327,FunctionGemma-270M,summary_prompt,1,partC_FunctionGemma-270M__summary_prompt__N1.json,327,3
FunctionGemma-270M|summary_prompt|N1|328,FunctionGemma-270M,summary_prompt,1,partC_FunctionGemma-270M__summary_prompt__N1.json,328,9
FunctionGemma-270M|summary_prompt|N1|329,FunctionGemma-270M,summary_prompt,1,partC_FunctionGemma-270M__summary_prompt__N1.json,329,1
FunctionGemma-270M|summary_prompt|N1|330,FunctionGemma-270M,summary_prompt,1,partC_FunctionGemma-270M__summary_prompt__N1.json,330,9
FunctionGemma-270M|summary_prompt|N1|331,FunctionGemma-270M,summary_prompt,1,partC_FunctionGemma-270M__summary_prompt__N1.json,331,10
FunctionGemma-270M|summary_prompt|N1|332,FunctionGemma-270M,summary_prompt,1,partC_FunctionGemma-270M__summary_prompt__N1.json,332,7
FunctionGemma-270M|summary_prompt|N1|333,FunctionGemma-270M,summary_prompt,1,partC_FunctionGemma-270M__summary_prompt__N1.json,333,9
FunctionGemma-270M|summary_prompt|N1|334,FunctionGemma-270M,summary_prompt,1,partC_FunctionGemma-270M__summary_prompt__N1.json,334,3
FunctionGemma-270M|summary_prompt|N1|335,FunctionGemma-270M,summary_prompt,1,partC_FunctionGemma-270M__summary_prompt__N1.json,335,4
FunctionGemma-270M|summary_prompt|N1|336,FunctionGemma-270M,summary_prompt,1,partC_FunctionGemma-270M__summary_prompt__N1.json,336,9
FunctionGemma-270M|summary_prompt|N1|337,FunctionGemma-270M,summary_prompt,1,partC_FunctionGemma-270M__summary_prompt__N1.json,337,9
FunctionGemma-270M|summary_prompt|N1|338,FunctionGemma-270M,summary_prompt,1,partC_FunctionGemma-270M__summary_prompt__N1.json,338,9
FunctionGemma-270M|summary_prompt|N1|339,FunctionGemma-270M,summary_prompt,1,partC_FunctionGemma-270M__summary_prompt__N1.json,339,9
FunctionGemma-270M|summary_prompt|N1|340,FunctionGemma-270M,summary_prompt,1,partC_FunctionGemma-270M__summary_prompt__N1.json,340,9
FunctionGemma-270M|summary_prompt|N1|341,FunctionGemma-270M,summary_prompt,1,partC_FunctionGemma-270M__summary_prompt__N1.json,341,9
FunctionGemma-270M|summary_prompt|N1|342,FunctionGemma-270M,summary_prompt,1,partC_FunctionGemma-270M__summary_prompt__N1.json,342,9
FunctionGemma-270M|summary_prompt|N1|343,FunctionGemma-270M,summary_prompt,1,partC_FunctionGemma-270M__summary_prompt__N1.json,343,4
FunctionGemma-270M|summary_prompt|N1|344,FunctionGemma-270M,summary_prompt,1,partC_FunctionGemma-270M__summary_prompt__N1.json,344,3
FunctionGemma-270M|summary_prompt|N1|345,FunctionGemma-270M,summary_prompt,1,partC_FunctionGemma-270M__summary_prompt__N1.json,345,4
FunctionGemma-270M|summary_prompt|N1|346,FunctionGemma-270M,summary_prompt,1,partC_FunctionGemma-270M__summary_prompt__N1.json,346,9
FunctionGemma-270M|summary_prompt|N1|347,FunctionGemma-270M,summary_prompt,1,partC_FunctionGemma-270M__summary_prompt__N1.json,347,9
FunctionGemma-270M|summary_prompt|N1|348,FunctionGemma-270M,summary_prompt,1,partC_FunctionGemma-270M__summary_prompt__N1.json,348,9
FunctionGemma-270M|summary_prompt|N1|349,FunctionGemma-270M,summary_prompt,1,partC_FunctionGemma-270M__summary_prompt__N1.json,349,3
FunctionGemma-270M|summary_prompt|N1|350,FunctionGemma-270M,summary_prompt,1,partC_FunctionGemma-270M__summary_prompt__N1.json,350,9
FunctionGemma-270M|summary_prompt|N1|351,FunctionGemma-270M,summary_prompt,1,partC_FunctionGemma-270M__summary_prompt__N1.json,351,4
FunctionGemma-270M|summary_prompt|N1|352,FunctionGemma-270M,summary_prompt,1,partC_FunctionGemma-270M__summary_prompt__N1.json,352,1
FunctionGemma-270M|summary_prompt|N1|353,FunctionGemma-270M,summary_prompt,1,partC_FunctionGemma-270M__summary_prompt__N1.json,353,9
FunctionGemma-270M|summary_prompt|N1|354,FunctionGemma-270M,summary_prompt,1,partC_FunctionGemma-270M__summary_prompt__N1.json,354,9
FunctionGemma-270M|summary_prompt|N1|355,FunctionGemma-270M,summary_prompt,1,partC_FunctionGemma-270M__summary_prompt__N1.json,355,9
FunctionGemma-270M|summary_prompt|N1|356,FunctionGemma-270M,summary_prompt,1,partC_FunctionGemma-270M__summary_prompt__N1.json,356,7
FunctionGemma-270M|summary_prompt|N1|357,FunctionGemma-270M,summary_prompt,1,partC_FunctionGemma-270M__summary_prompt__N1.json,357,4
FunctionGemma-270M|summary_prompt|N1|358,FunctionGemma-270M,summary_prompt,1,partC_FunctionGemma-270M__summary_prompt__N1.json,358,9
FunctionGemma-270M|summary_prompt|N1|359,FunctionGemma-270M,summary_prompt,1,partC_FunctionGemma-270M__summary_prompt__N1.json,359,9
FunctionGemma-270M|summary_prompt|N1|360,FunctionGemma-270M,summary_prompt,1,partC_FunctionGemma-270M__summary_prompt__N1.json,360,9
FunctionGemma-270M|summary_prompt|N1|361,FunctionGemma-270M,summary_prompt,1,partC_FunctionGemma-270M__summary_prompt__N1.json,361,10
FunctionGemma-270M|summary_prompt|N1|362,FunctionGemma-270M,summary_prompt,1,partC_FunctionGemma-270M__summary_prompt__N1.json,362,9
FunctionGemma-270M|summary_prompt|N1|363,FunctionGemma-270M,summary_prompt,1,partC_FunctionGemma-270M__summary_prompt__N1.json,363,9
FunctionGemma-270M|summary_prompt|N1|364,FunctionGemma-270M,summary_prompt,1,partC_FunctionGemma-270M__summary_prompt__N1.json,364,9
FunctionGemma-270M|summary_prompt|N1|365,FunctionGemma-270M,summary_prompt,1,partC_FunctionGemma-270M__summary_prompt__N1.json,365,9
FunctionGemma-270M|summary_prompt|N1|366,FunctionGemma-270M,summary_prompt,1,partC_FunctionGemma-270M__summary_prompt__N1.json,366,9
FunctionGemma-270M|summary_prompt|N1|367,FunctionGemma-270M,summary_prompt,1,partC_FunctionGemma-270M__summary_prompt__N1.json,367,9
FunctionGemma-270M|summary_prompt|N1|368,FunctionGemma-270M,summary_prompt,1,partC_FunctionGemma-270M__summary_prompt__N1.json,368,10
FunctionGemma-270M|summary_prompt|N1|369,FunctionGemma-270M,summary_prompt,1,partC_FunctionGemma-270M__summary_prompt__N1.json,369,9
FunctionGemma-270M|summary_prompt|N1|370,FunctionGemma-270M,summary_prompt,1,partC_FunctionGemma-270M__summary_prompt__N1.json,370,9
FunctionGemma-270M|summary_prompt|N1|371,FunctionGemma-270M,summary_prompt,1,partC_FunctionGemma-270M__summary_prompt__N1.json,371,9
FunctionGemma-270M|summary_prompt|N1|372,FunctionGemma-270M,summary_prompt,1,partC_FunctionGemma-270M__summary_prompt__N1.json,372,9
FunctionGemma-270M|summary_prompt|N1|373,FunctionGemma-270M,summary_prompt,1,partC_FunctionGemma-270M__summary_prompt__N1.json,373,9
FunctionGemma-270M|summary_prompt|N1|374,FunctionGemma-270M,summary_prompt,1,partC_FunctionGemma-270M__summary_prompt__N1.json,374,9
FunctionGemma-270M|summary_prompt|N1|375,FunctionGemma-270M,summary_prompt,1,partC_FunctionGemma-270M__summary_prompt__N1.json,375,9
FunctionGemma-270M|summary_prompt|N1|376,FunctionGemma-270M,summary_prompt,1,partC_FunctionGemma-270M__summary_prompt__N1.json,376,9
FunctionGemma-270M|summary_prompt|N1|377,FunctionGemma-270M,summary_prompt,1,partC_FunctionGemma-270M__summary_prompt__N1.json,377,9
FunctionGemma-270M|summary_prompt|N1|378,FunctionGemma-270M,summary_prompt,1,partC_FunctionGemma-270M__summary_prompt__N1.json,378,9
FunctionGemma-270M|summary_prompt|N1|379,FunctionGemma-270M,summary_prompt,1,partC_FunctionGemma-270M__summary_prompt__N1.json,379,9
FunctionGemma-270M|summary_prompt|N1|380,FunctionGemma-270M,summary_prompt,1,partC_FunctionGemma-270M__summary_prompt__N1.json,380,9
FunctionGemma-270M|summary_prompt|N1|381,FunctionGemma-270M,summary_prompt,1,partC_FunctionGemma-270M__summary_prompt__N1.json,381,9
FunctionGemma-270M|summary_prompt|N1|382,FunctionGemma-270M,summary_prompt,1,partC_FunctionGemma-270M__summary_prompt__N1.json,382,6
FunctionGemma-270M|summary_prompt|N1|383,FunctionGemma-270M,summary_prompt,1,partC_FunctionGemma-270M__summary_prompt__N1.json,383,3
FunctionGemma-270M|summary_prompt|N1|384,FunctionGemma-270M,summary_prompt,1,partC_FunctionGemma-270M__summary_prompt__N1.json,384,9
FunctionGemma-270M|summary_prompt|N1|385,FunctionGemma-270M,summary_prompt,1,partC_FunctionGemma-270M__summary_prompt__N1.json,385,9
FunctionGemma-270M|summary_prompt|N1|386,FunctionGemma-270M,summary_prompt,1,partC_FunctionGemma-270M__summary_prompt__N1.json,386,6
FunctionGemma-270M|summary_prompt|N1|387,FunctionGemma-270M,summary_prompt,1,partC_FunctionGemma-270M__summary_prompt__N1.json,387,9
FunctionGemma-270M|summary_prompt|N1|388,FunctionGemma-270M,summary_prompt,1,partC_FunctionGemma-270M__summary_prompt__N1.json,388,9
FunctionGemma-270M|summary_prompt|N1|389,FunctionGemma-270M,summary_prompt,1,partC_FunctionGemma-270M__summary_prompt__N1.json,389,9
FunctionGemma-270M|summary_prompt|N1|390,FunctionGemma-270M,summary_prompt,1,partC_FunctionGemma-270M__summary_prompt__N1.json,390,6
FunctionGemma-270M|summary_prompt|N1|391,FunctionGemma-270M,summary_prompt,1,partC_FunctionGemma-270M__summary_prompt__N1.json,391,9
FunctionGemma-270M|summary_prompt|N1|392,FunctionGemma-270M,summary_prompt,1,partC_FunctionGemma-270M__summary_prompt__N1.json,392,4
FunctionGemma-270M|summary_prompt|N1|393,FunctionGemma-270M,summary_prompt,1,partC_FunctionGemma-270M__summary_prompt__N1.json,393,9
FunctionGemma-270M|summary_prompt|N1|394,FunctionGemma-270M,summary_prompt,1,partC_FunctionGemma-270M__summary_prompt__N1.json,394,9
FunctionGemma-270M|summary_prompt|N1|395,FunctionGemma-270M,summary_prompt,1,partC_FunctionGemma-270M__summary_prompt__N1.json,395,4
FunctionGemma-270M|summary_prompt|N1|396,FunctionGemma-270M,summary_prompt,1,partC_FunctionGemma-270M__summary_prompt__N1.json,396,7
FunctionGemma-270M|summary_prompt|N1|397,FunctionGemma-270M,summary_prompt,1,partC_FunctionGemma-270M__summary_prompt__N1.json,397,4
FunctionGemma-270M|summary_prompt|N1|398,FunctionGemma-270M,summary_prompt,1,partC_FunctionGemma-270M__summary_prompt__N1.json,398,9
FunctionGemma-270M|summary_prompt|N1|399,FunctionGemma-270M,summary_prompt,1,partC_FunctionGemma-270M__summary_prompt__N1.json,399,6
FunctionGemma-270M|summary_prompt|N1|400,FunctionGemma-270M,summary_prompt,1,partC_FunctionGemma-270M__summary_prompt__N1.json,400,10
FunctionGemma-270M|summary_prompt|N1|401,FunctionGemma-270M,summary_prompt,1,partC_FunctionGemma-270M__summary_prompt__N1.json,401,10
FunctionGemma-270M|summary_prompt|N1|402,FunctionGemma-270M,summary_prompt,1,partC_FunctionGemma-270M__summary_prompt__N1.json,402,10
FunctionGemma-270M|summary_prompt|N1|403,FunctionGemma-270M,summary_prompt,1,partC_FunctionGemma-270M__summary_prompt__N1.json,403,10
FunctionGemma-270M|summary_prompt|N1|404,FunctionGemma-270M,summary_prompt,1,partC_FunctionGemma-270M__summary_prompt__N1.json,404,10
FunctionGemma-270M|summary_prompt|N1|405,FunctionGemma-270M,summary_prompt,1,partC_FunctionGemma-270M__summary_prompt__N1.json,405,9
FunctionGemma-270M|summary_prompt|N1|406,FunctionGemma-270M,summary_prompt,1,partC_FunctionGemma-270M__summary_prompt__N1.json,406,10
FunctionGemma-270M|summary_prompt|N1|407,FunctionGemma-270M,summary_prompt,1,partC_FunctionGemma-270M__summary_prompt__N1.json,407,6
FunctionGemma-270M|summary_prompt|N1|408,FunctionGemma-270M,summary_prompt,1,partC_FunctionGemma-270M__summary_prompt__N1.json,408,9
FunctionGemma-270M|summary_prompt|N1|409,FunctionGemma-270M,summary_prompt,1,partC_FunctionGemma-270M__summary_prompt__N1.json,409,9
FunctionGemma-270M|summary_prompt|N1|410,FunctionGemma-270M,summary_prompt,1,partC_FunctionGemma-270M__summary_prompt__N1.json,410,9
FunctionGemma-270M|summary_prompt|N1|411,FunctionGemma-270M,summary_prompt,1,partC_FunctionGemma-270M__summary_prompt__N1.json,411,10
FunctionGemma-270M|summary_prompt|N1|412,FunctionGemma-270M,summary_prompt,1,partC_FunctionGemma-270M__summary_prompt__N1.json,412,10
FunctionGemma-270M|summary_prompt|N1|413,FunctionGemma-270M,summary_prompt,1,partC_FunctionGemma-270M__summary_prompt__N1.json,413,10
FunctionGemma-270M|summary_prompt|N1|414,FunctionGemma-270M,summary_prompt,1,partC_FunctionGemma-270M__summary_prompt__N1.json,414,10
FunctionGemma-270M|summary_prompt|N1|415,FunctionGemma-270M,summary_prompt,1,partC_FunctionGemma-270M__summary_prompt__N1.json,415,9
FunctionGemma-270M|summary_prompt|N1|416,FunctionGemma-270M,summary_prompt,1,partC_FunctionGemma-270M__summary_prompt__N1.json,416,9
FunctionGemma-270M|summary_prompt|N1|417,FunctionGemma-270M,summary_prompt,1,partC_FunctionGemma-270M__summary_prompt__N1.json,417,10
FunctionGemma-270M|summary_prompt|N1|418,FunctionGemma-270M,summary_prompt,1,partC_FunctionGemma-270M__summary_prompt__N1.json,418,9
FunctionGemma-270M|summary_prompt|N1|419,FunctionGemma-270M,summary_prompt,1,partC_FunctionGemma-270M__summary_prompt__N1.json,419,9
FunctionGemma-270M|summary_prompt|N1|420,FunctionGemma-270M,summary_prompt,1,partC_FunctionGemma-270M__summary_prompt__N1.json,420,10
FunctionGemma-270M|summary_prompt|N1|421,FunctionGemma-270M,summary_prompt,1,partC_FunctionGemma-270M__summary_prompt__N1.json,421,10
FunctionGemma-270M|summary_prompt|N1|422,FunctionGemma-270M,summary_prompt,1,partC_FunctionGemma-270M__summary_prompt__N1.json,422,10
FunctionGemma-270M|summary_prompt|N1|423,FunctionGemma-270M,summary_prompt,1,partC_FunctionGemma-270M__summary_prompt__N1.json,423,10
FunctionGemma-270M|summary_prompt|N1|424,FunctionGemma-270M,summary_prompt,1,partC_FunctionGemma-270M__summary_prompt__N1.json,424,9
FunctionGemma-270M|summary_prompt|N1|425,FunctionGemma-270M,summary_prompt,1,partC_FunctionGemma-270M__summary_prompt__N1.json,425,10
FunctionGemma-270M|summary_prompt|N1|426,FunctionGemma-270M,summary_prompt,1,partC_FunctionGemma-270M__summary_prompt__N1.json,426,9
FunctionGemma-270M|summary_prompt|N1|427,FunctionGemma-270M,summary_prompt,1,partC_FunctionGemma-270M__summary_prompt__N1.json,427,9
FunctionGemma-270M|summary_prompt|N1|428,FunctionGemma-270M,summary_prompt,1,partC_FunctionGemma-270M__summary_prompt__N1.json,428,3
FunctionGemma-270M|summary_prompt|N1|429,FunctionGemma-270M,summary_prompt,1,partC_FunctionGemma-270M__summary_prompt__N1.json,429,9
FunctionGemma-270M|summary_prompt|N1|430,FunctionGemma-270M,summary_prompt,1,partC_FunctionGemma-270M__summary_prompt__N1.json,430,3
FunctionGemma-270M|summary_prompt|N1|431,FunctionGemma-270M,summary_prompt,1,partC_FunctionGemma-270M__summary_prompt__N1.json,431,3
FunctionGemma-270M|summary_prompt|N1|432,FunctionGemma-270M,summary_prompt,1,partC_FunctionGemma-270M__summary_prompt__N1.json,432,10
FunctionGemma-270M|summary_prompt|N1|433,FunctionGemma-270M,summary_prompt,1,partC_FunctionGemma-270M__summary_prompt__N1.json,433,9
FunctionGemma-270M|summary_prompt|N1|434,FunctionGemma-270M,summary_prompt,1,partC_FunctionGemma-270M__summary_prompt__N1.json,434,9
FunctionGemma-270M|summary_prompt|N1|435,FunctionGemma-270M,summary_prompt,1,partC_FunctionGemma-270M__summary_prompt__N1.json,435,9
FunctionGemma-270M|summary_prompt|N1|436,FunctionGemma-270M,summary_prompt,1,partC_FunctionGemma-270M__summary_prompt__N1.json,436,6
FunctionGemma-270M|summary_prompt|N1|437,FunctionGemma-270M,summary_prompt,1,partC_FunctionGemma-270M__summary_prompt__N1.json,437,9
FunctionGemma-270M|summary_prompt|N1|438,FunctionGemma-270M,summary_prompt,1,partC_FunctionGemma-270M__summary_prompt__N1.json,438,10
FunctionGemma-270M|summary_prompt|N1|439,FunctionGemma-270M,summary_prompt,1,partC_FunctionGemma-270M__summary_prompt__N1.json,439,10
FunctionGemma-270M|summary_prompt|N1|440,FunctionGemma-270M,summary_prompt,1,partC_FunctionGemma-270M__summary_prompt__N1.json,440,4
FunctionGemma-270M|summary_prompt|N1|441,FunctionGemma-270M,summary_prompt,1,partC_FunctionGemma-270M__summary_prompt__N1.json,441,9
FunctionGemma-270M|summary_prompt|N1|442,FunctionGemma-270M,summary_prompt,1,partC_FunctionGemma-270M__summary_prompt__N1.json,442,9
FunctionGemma-270M|summary_prompt|N1|443,FunctionGemma-270M,summary_prompt,1,partC_FunctionGemma-270M__summary_prompt__N1.json,443,9
FunctionGemma-270M|summary_prompt|N1|444,FunctionGemma-270M,summary_prompt,1,partC_FunctionGemma-270M__summary_prompt__N1.json,444,9
FunctionGemma-270M|summary_prompt|N1|445,FunctionGemma-270M,summary_prompt,1,partC_FunctionGemma-270M__summary_prompt__N1.json,445,9
FunctionGemma-270M|summary_prompt|N1|446,FunctionGemma-270M,summary_prompt,1,partC_FunctionGemma-270M__summary_prompt__N1.json,446,9
FunctionGemma-270M|summary_prompt|N1|447,FunctionGemma-270M,summary_prompt,1,partC_FunctionGemma-270M__summary_prompt__N1.json,447,10
FunctionGemma-270M|summary_prompt|N1|448,FunctionGemma-270M,summary_prompt,1,partC_FunctionGemma-270M__summary_prompt__N1.json,448,6
FunctionGemma-270M|summary_prompt|N1|449,FunctionGemma-270M,summary_prompt,1,partC_FunctionGemma-270M__summary_prompt__N1.json,449,8
FunctionGemma-270M|summary_prompt|N1|450,FunctionGemma-270M,summary_prompt,1,partC_FunctionGemma-270M__summary_prompt__N1.json,450,9
FunctionGemma-270M|summary_prompt|N1|451,FunctionGemma-270M,summary_prompt,1,partC_FunctionGemma-270M__summary_prompt__N1.json,451,9
FunctionGemma-270M|summary_prompt|N1|452,FunctionGemma-270M,summary_prompt,1,partC_FunctionGemma-270M__summary_prompt__N1.json,452,9
FunctionGemma-270M|summary_prompt|N1|453,FunctionGemma-270M,summary_prompt,1,partC_FunctionGemma-270M__summary_prompt__N1.json,453,9
FunctionGemma-270M|summary_prompt|N1|454,FunctionGemma-270M,summary_prompt,1,partC_FunctionGemma-270M__summary_prompt__N1.json,454,9
FunctionGemma-270M|summary_prompt|N1|455,FunctionGemma-270M,summary_prompt,1,partC_FunctionGemma-270M__summary_prompt__N1.json,455,10
FunctionGemma-270M|summary_prompt|N1|456,FunctionGemma-270M,summary_prompt,1,partC_FunctionGemma-270M__summary_prompt__N1.json,456,9
FunctionGemma-270M|summary_prompt|N1|457,FunctionGemma-270M,summary_prompt,1,partC_FunctionGemma-270M__summary_prompt__N1.json,457,9
FunctionGemma-270M|summary_prompt|N1|458,FunctionGemma-270M,summary_prompt,1,partC_FunctionGemma-270M__summary_prompt__N1.json,458,9
FunctionGemma-270M|summary_prompt|N1|459,FunctionGemma-270M,summary_prompt,1,partC_FunctionGemma-270M__summary_prompt__N1.json,459,10
FunctionGemma-270M|summary_prompt|N1|460,FunctionGemma-270M,summary_prompt,1,partC_FunctionGemma-270M__summary_prompt__N1.json,460,10
FunctionGemma-270M|summary_prompt|N1|461,FunctionGemma-270M,summary_prompt,1,partC_FunctionGemma-270M__summary_prompt__N1.json,461,10
FunctionGemma-270M|summary_prompt|N1|462,FunctionGemma-270M,summary_prompt,1,partC_FunctionGemma-270M__summary_prompt__N1.json,462,9
FunctionGemma-270M|summary_prompt|N1|463,FunctionGemma-270M,summary_prompt,1,partC_FunctionGemma-270M__summary_prompt__N1.json,463,10
FunctionGemma-270M|summary_prompt|N1|464,FunctionGemma-270M,summary_prompt,1,partC_FunctionGemma-270M__summary_prompt__N1.json,464,10
FunctionGemma-270M|summary_prompt|N1|465,FunctionGemma-270M,summary_prompt,1,partC_FunctionGemma-270M__summary_prompt__N1.json,465,10
FunctionGemma-270M|summary_prompt|N1|466,FunctionGemma-270M,summary_prompt,1,partC_FunctionGemma-270M__summary_prompt__N1.json,466,10
FunctionGemma-270M|summary_prompt|N1|467,FunctionGemma-270M,summary_prompt,1,partC_FunctionGemma-270M__summary_prompt__N1.json,467,9
FunctionGemma-270M|summary_prompt|N1|468,FunctionGemma-270M,summary_prompt,1,partC_FunctionGemma-270M__summary_prompt__N1.json,468,10
FunctionGemma-270M|summary_prompt|N1|469,FunctionGemma-270M,summary_prompt,1,partC_FunctionGemma-270M__summary_prompt__N1.json,469,9
FunctionGemma-270M|summary_prompt|N1|470,FunctionGemma-270M,summary_prompt,1,partC_FunctionGemma-270M__summary_prompt__N1.json,470,10
FunctionGemma-270M|summary_prompt|N1|471,FunctionGemma-270M,summary_prompt,1,partC_FunctionGemma-270M__summary_prompt__N1.json,471,9
FunctionGemma-270M|summary_prompt|N1|472,FunctionGemma-270M,summary_prompt,1,partC_FunctionGemma-270M__summary_prompt__N1.json,472,10
FunctionGemma-270M|summary_prompt|N1|473,FunctionGemma-270M,summary_prompt,1,partC_FunctionGemma-270M__summary_prompt__N1.json,473,9
FunctionGemma-270M|summary_prompt|N1|474,FunctionGemma-270M,summary_prompt,1,partC_FunctionGemma-270M__summary_prompt__N1.json,474,10
FunctionGemma-270M|summary_prompt|N1|475,FunctionGemma-270M,summary_prompt,1,partC_FunctionGemma-270M__summary_prompt__N1.json,475,9
FunctionGemma-270M|summary_prompt|N1|476,FunctionGemma-270M,summary_prompt,1,partC_FunctionGemma-270M__summary_prompt__N1.json,476,7
FunctionGemma-270M|summary_prompt|N1|477,FunctionGemma-270M,summary_prompt,1,partC_FunctionGemma-270M__summary_prompt__N1.json,477,9
FunctionGemma-270M|summary_prompt|N1|478,FunctionGemma-270M,summary_prompt,1,partC_FunctionGemma-270M__summary_prompt__N1.json,478,10
FunctionGemma-270M|summary_prompt|N1|479,FunctionGemma-270M,summary_prompt,1,partC_FunctionGemma-270M__summary_prompt__N1.json,479,9
FunctionGemma-270M|summary_prompt|N10|0,FunctionGemma-270M,summary_prompt,10,partC_FunctionGemma-270M__summary_prompt__N10.json,0,1
FunctionGemma-270M|summary_prompt|N10|1,FunctionGemma-270M,summary_prompt,10,partC_FunctionGemma-270M__summary_prompt__N10.json,1,3
FunctionGemma-270M|summary_prompt|N10|2,FunctionGemma-270M,summary_prompt,10,partC_FunctionGemma-270M__summary_prompt__N10.json,2,4
FunctionGemma-270M|summary_prompt|N10|3,FunctionGemma-270M,summary_prompt,10,partC_FunctionGemma-270M__summary_prompt__N10.json,3,6
FunctionGemma-270M|summary_prompt|N10|4,FunctionGemma-270M,summary_prompt,10,partC_FunctionGemma-270M__summary_prompt__N10.json,4,3
FunctionGemma-270M|summary_prompt|N10|5,FunctionGemma-270M,summary_prompt,10,partC_FunctionGemma-270M__summary_prompt__N10.json,5,4
FunctionGemma-270M|summary_prompt|N10|6,FunctionGemma-270M,summary_prompt,10,partC_FunctionGemma-270M__summary_prompt__N10.json,6,3
FunctionGemma-270M|summary_prompt|N10|7,FunctionGemma-270M,summary_prompt,10,partC_FunctionGemma-270M__summary_prompt__N10.json,7,1
FunctionGemma-270M|summary_prompt|N10|8,FunctionGemma-270M,summary_prompt,10,partC_FunctionGemma-270M__summary_prompt__N10.json,8,4
FunctionGemma-270M|summary_prompt|N10|9,FunctionGemma-270M,summary_prompt,10,partC_FunctionGemma-270M__summary_prompt__N10.json,9,6
FunctionGemma-270M|summary_prompt|N10|10,FunctionGemma-270M,summary_prompt,10,partC_FunctionGemma-270M__summary_prompt__N10.json,10,9
FunctionGemma-270M|summary_prompt|N10|11,FunctionGemma-270M,summary_prompt,10,partC_FunctionGemma-270M__summary_prompt__N10.json,11,4
FunctionGemma-270M|summary_prompt|N10|12,FunctionGemma-270M,summary_prompt,10,partC_FunctionGemma-270M__summary_prompt__N10.json,12,4
FunctionGemma-270M|summary_prompt|N10|13,FunctionGemma-270M,summary_prompt,10,partC_FunctionGemma-270M__summary_prompt__N10.json,13,4
FunctionGemma-270M|summary_prompt|N10|14,FunctionGemma-270M,summary_prompt,10,partC_FunctionGemma-270M__summary_prompt__N10.json,14,4
FunctionGemma-270M|summary_prompt|N10|15,FunctionGemma-270M,summary_prompt,10,partC_FunctionGemma-270M__summary_prompt__N10.json,15,4
FunctionGemma-270M|summary_prompt|N10|16,FunctionGemma-270M,summary_prompt,10,partC_FunctionGemma-270M__summary_prompt__N10.json,16,3
FunctionGemma-270M|summary_prompt|N10|17,FunctionGemma-270M,summary_prompt,10,partC_FunctionGemma-270M__summary_prompt__N10.json,17,3
FunctionGemma-270M|summary_prompt|N10|18,FunctionGemma-270M,summary_prompt,10,partC_FunctionGemma-270M__summary_prompt__N10.json,18,7
FunctionGemma-270M|summary_prompt|N10|19,FunctionGemma-270M,summary_prompt,10,partC_FunctionGemma-270M__summary_prompt__N10.json,19,6
FunctionGemma-270M|summary_prompt|N10|20,FunctionGemma-270M,summary_prompt,10,partC_FunctionGemma-270M__summary_prompt__N10.json,20,7
FunctionGemma-270M|summary_prompt|N10|21,FunctionGemma-270M,summary_prompt,10,partC_FunctionGemma-270M__summary_prompt__N10.json,21,3
FunctionGemma-270M|summary_prompt|N10|22,FunctionGemma-270M,summary_prompt,10,partC_FunctionGemma-270M__summary_prompt__N10.json,22,4
FunctionGemma-270M|summary_prompt|N10|23,FunctionGemma-270M,summary_prompt,10,partC_FunctionGemma-270M__summary_prompt__N10.json,23,3
FunctionGemma-270M|summary_prompt|N10|24,FunctionGemma-270M,summary_prompt,10,partC_FunctionGemma-270M__summary_prompt__N10.json,24,6
FunctionGemma-270M|summary_prompt|N10|25,FunctionGemma-270M,summary_prompt,10,partC_FunctionGemma-270M__summary_prompt__N10.json,25,9
FunctionGemma-270M|summary_prompt|N10|26,FunctionGemma-270M,summary_prompt,10,partC_FunctionGemma-270M__summary_prompt__N10.json,26,4
FunctionGemma-270M|summary_prompt|N10|27,FunctionGemma-270M,summary_prompt,10,partC_FunctionGemma-270M__summary_prompt__N10.json,27,1
FunctionGemma-270M|summary_prompt|N10|28,FunctionGemma-270M,summary_prompt,10,partC_FunctionGemma-270M__summary_prompt__N10.json,28,1
FunctionGemma-270M|summary_prompt|N10|29,FunctionGemma-270M,summary_prompt,10,partC_FunctionGemma-270M__summary_prompt__N10.json,29,9
FunctionGemma-270M|summary_prompt|N10|30,FunctionGemma-270M,summary_prompt,10,partC_FunctionGemma-270M__summary_prompt__N10.json,30,4
FunctionGemma-270M|summary_prompt|N10|31,FunctionGemma-270M,summary_prompt,10,partC_FunctionGemma-270M__summary_prompt__N10.json,31,3
FunctionGemma-270M|summary_prompt|N10|32,FunctionGemma-270M,summary_prompt,10,partC_FunctionGemma-270M__summary_prompt__N10.json,32,1
FunctionGemma-270M|summary_prompt|N10|33,FunctionGemma-270M,summary_prompt,10,partC_FunctionGemma-270M__summary_prompt__N10.json,33,3
FunctionGemma-270M|summary_prompt|N10|34,FunctionGemma-270M,summary_prompt,10,partC_FunctionGemma-270M__summary_prompt__N10.json,34,3
FunctionGemma-270M|summary_prompt|N10|35,FunctionGemma-270M,summary_prompt,10,partC_FunctionGemma-270M__summary_prompt__N10.json,35,3
FunctionGemma-270M|summary_prompt|N10|36,FunctionGemma-270M,summary_prompt,10,partC_FunctionGemma-270M__summary_prompt__N10.json,36,4
FunctionGemma-270M|summary_prompt|N10|37,FunctionGemma-270M,summary_prompt,10,partC_FunctionGemma-270M__summary_prompt__N10.json,37,1
FunctionGemma-270M|summary_prompt|N10|38,FunctionGemma-270M,summary_prompt,10,partC_FunctionGemma-270M__summary_prompt__N10.json,38,3
FunctionGemma-270M|summary_prompt|N10|39,FunctionGemma-270M,summary_prompt,10,partC_FunctionGemma-270M__summary_prompt__N10.json,39,3
FunctionGemma-270M|summary_prompt|N10|40,FunctionGemma-270M,summary_prompt,10,partC_FunctionGemma-270M__summary_prompt__N10.json,40,6
FunctionGemma-270M|summary_prompt|N10|41,FunctionGemma-270M,summary_prompt,10,partC_FunctionGemma-270M__summary_prompt__N10.json,41,4
FunctionGemma-270M|summary_prompt|N10|42,FunctionGemma-270M,summary_prompt,10,partC_FunctionGemma-270M__summary_prompt__N10.json,42,4
FunctionGemma-270M|summary_prompt|N10|43,FunctionGemma-270M,summary_prompt,10,partC_FunctionGemma-270M__summary_prompt__N10.json,43,1
FunctionGemma-270M|summary_prompt|N10|44,FunctionGemma-270M,summary_prompt,10,partC_FunctionGemma-270M__summary_prompt__N10.json,44,9
FunctionGemma-270M|summary_prompt|N10|45,FunctionGemma-270M,summary_prompt,10,partC_FunctionGemma-270M__summary_prompt__N10.json,45,3
FunctionGemma-270M|summary_prompt|N10|46,FunctionGemma-270M,summary_prompt,10,partC_FunctionGemma-270M__summary_prompt__N10.json,46,4
FunctionGemma-270M|summary_prompt|N10|47,FunctionGemma-270M,summary_prompt,10,partC_FunctionGemma-270M__summary_prompt__N10.json,47,6
FunctionGemma-270M|summary_prompt|N10|48,FunctionGemma-270M,summary_prompt,10,partC_FunctionGemma-270M__summary_prompt__N10.json,48,3
FunctionGemma-270M|summary_prompt|N10|49,FunctionGemma-270M,summary_prompt,10,partC_FunctionGemma-270M__summary_prompt__N10.json,49,4
FunctionGemma-270M|summary_prompt|N10|50,FunctionGemma-270M,summary_prompt,10,partC_FunctionGemma-270M__summary_prompt__N10.json,50,4
FunctionGemma-270M|summary_prompt|N10|51,FunctionGemma-270M,summary_prompt,10,partC_FunctionGemma-270M__summary_prompt__N10.json,51,6
FunctionGemma-270M|summary_prompt|N10|52,FunctionGemma-270M,summary_prompt,10,partC_FunctionGemma-270M__summary_prompt__N10.json,52,3
FunctionGemma-270M|summary_prompt|N10|53,FunctionGemma-270M,summary_prompt,10,partC_FunctionGemma-270M__summary_prompt__N10.json,53,4
FunctionGemma-270M|summary_prompt|N10|54,FunctionGemma-270M,summary_prompt,10,partC_FunctionGemma-270M__summary_prompt__N10.json,54,1
FunctionGemma-270M|summary_prompt|N10|55,FunctionGemma-270M,summary_prompt,10,partC_FunctionGemma-270M__summary_prompt__N10.json,55,6
FunctionGemma-270M|summary_prompt|N10|56,FunctionGemma-270M,summary_prompt,10,partC_FunctionGemma-270M__summary_prompt__N10.json,56,3
FunctionGemma-270M|summary_prompt|N10|57,FunctionGemma-270M,summary_prompt,10,partC_FunctionGemma-270M__summary_prompt__N10.json,57,4
FunctionGemma-270M|summary_prompt|N10|58,FunctionGemma-270M,summary_prompt,10,partC_FunctionGemma-270M__summary_prompt__N10.json,58,3
FunctionGemma-270M|summary_prompt|N10|59,FunctionGemma-270M,summary_prompt,10,partC_FunctionGemma-270M__summary_prompt__N10.json,59,3
FunctionGemma-270M|summary_prompt|N10|60,FunctionGemma-270M,summary_prompt,10,partC_FunctionGemma-270M__summary_prompt__N10.json,60,3
FunctionGemma-270M|summary_prompt|N10|61,FunctionGemma-270M,summary_prompt,10,partC_FunctionGemma-270M__summary_prompt__N10.json,61,3
FunctionGemma-270M|summary_prompt|N10|62,FunctionGemma-270M,summary_prompt,10,partC_FunctionGemma-270M__summary_prompt__N10.json,62,3
FunctionGemma-270M|summary_prompt|N10|63,FunctionGemma-270M,summary_prompt,10,partC_FunctionGemma-270M__summary_prompt__N10.json,63,6
FunctionGemma-270M|summary_prompt|N10|64,FunctionGemma-270M,summary_prompt,10,partC_FunctionGemma-270M__summary_prompt__N10.json,64,3
FunctionGemma-270M|summary_prompt|N10|65,FunctionGemma-270M,summary_prompt,10,partC_FunctionGemma-270M__summary_prompt__N10.json,65,3
FunctionGemma-270M|summary_prompt|N10|66,FunctionGemma-270M,summary_prompt,10,partC_FunctionGemma-270M__summary_prompt__N10.json,66,3
FunctionGemma-270M|summary_prompt|N10|67,FunctionGemma-270M,summary_prompt,10,partC_FunctionGemma-270M__summary_prompt__N10.json,67,1
FunctionGemma-270M|summary_prompt|N10|68,FunctionGemma-270M,summary_prompt,10,partC_FunctionGemma-270M__summary_prompt__N10.json,68,4
FunctionGemma-270M|summary_prompt|N10|69,FunctionGemma-270M,summary_prompt,10,partC_FunctionGemma-270M__summary_prompt__N10.json,69,3
FunctionGemma-270M|summary_prompt|N10|70,FunctionGemma-270M,summary_prompt,10,partC_FunctionGemma-270M__summary_prompt__N10.json,70,3
FunctionGemma-270M|summary_prompt|N10|71,FunctionGemma-270M,summary_prompt,10,partC_FunctionGemma-270M__summary_prompt__N10.json,71,3
FunctionGemma-270M|summary_prompt|N10|72,FunctionGemma-270M,summary_prompt,10,partC_FunctionGemma-270M__summary_prompt__N10.json,72,3
FunctionGemma-270M|summary_prompt|N10|73,FunctionGemma-270M,summary_prompt,10,partC_FunctionGemma-270M__summary_prompt__N10.json,73,3
FunctionGemma-270M|summary_prompt|N10|74,FunctionGemma-270M,summary_prompt,10,partC_FunctionGemma-270M__summary_prompt__N10.json,74,6
FunctionGemma-270M|summary_prompt|N10|75,FunctionGemma-270M,summary_prompt,10,partC_FunctionGemma-270M__summary_prompt__N10.json,75,3
FunctionGemma-270M|summary_prompt|N10|76,FunctionGemma-270M,summary_prompt,10,partC_FunctionGemma-270M__summary_prompt__N10.json,76,4
FunctionGemma-270M|summary_prompt|N10|77,FunctionGemma-270M,summary_prompt,10,partC_FunctionGemma-270M__summary_prompt__N10.json,77,3
FunctionGemma-270M|summary_prompt|N10|78,FunctionGemma-270M,summary_prompt,10,partC_FunctionGemma-270M__summary_prompt__N10.json,78,4
FunctionGemma-270M|summary_prompt|N10|79,FunctionGemma-270M,summary_prompt,10,partC_FunctionGemma-270M__summary_prompt__N10.json,79,3
FunctionGemma-270M|summary_prompt|N10|80,FunctionGemma-270M,summary_prompt,10,partC_FunctionGemma-270M__summary_prompt__N10.json,80,3
FunctionGemma-270M|summary_prompt|N10|81,FunctionGemma-270M,summary_prompt,10,partC_FunctionGemma-270M__summary_prompt__N10.json,81,4
FunctionGemma-270M|summary_prompt|N10|82,FunctionGemma-270M,summary_prompt,10,partC_FunctionGemma-270M__summary_prompt__N10.json,82,9
FunctionGemma-270M|summary_prompt|N10|83,FunctionGemma-270M,summary_prompt,10,partC_FunctionGemma-270M__summary_prompt__N10.json,83,4
FunctionGemma-270M|summary_prompt|N10|84,FunctionGemma-270M,summary_prompt,10,partC_FunctionGemma-270M__summary_prompt__N10.json,84,9
FunctionGemma-270M|summary_prompt|N10|85,FunctionGemma-270M,summary_prompt,10,partC_FunctionGemma-270M__summary_prompt__N10.json,85,4
FunctionGemma-270M|summary_prompt|N10|86,FunctionGemma-270M,summary_prompt,10,partC_FunctionGemma-270M__summary_prompt__N10.json,86,3
FunctionGemma-270M|summary_prompt|N10|87,FunctionGemma-270M,summary_prompt,10,partC_FunctionGemma-270M__summary_prompt__N10.json,87,6
FunctionGemma-270M|summary_prompt|N10|88,FunctionGemma-270M,summary_prompt,10,partC_FunctionGemma-270M__summary_prompt__N10.json,88,9
FunctionGemma-270M|summary_prompt|N10|89,FunctionGemma-270M,summary_prompt,10,partC_FunctionGemma-270M__summary_prompt__N10.json,89,4
FunctionGemma-270M|summary_prompt|N10|90,FunctionGemma-270M,summary_prompt,10,partC_FunctionGemma-270M__summary_prompt__N10.json,90,9
FunctionGemma-270M|summary_prompt|N10|91,FunctionGemma-270M,summary_prompt,10,partC_FunctionGemma-270M__summary_prompt__N10.json,91,8
FunctionGemma-270M|summary_prompt|N10|92,FunctionGemma-270M,summary_prompt,10,partC_FunctionGemma-270M__summary_prompt__N10.json,92,4
FunctionGemma-270M|summary_prompt|N10|93,FunctionGemma-270M,summary_prompt,10,partC_FunctionGemma-270M__summary_prompt__N10.json,93,4
FunctionGemma-270M|summary_prompt|N10|94,FunctionGemma-270M,summary_prompt,10,partC_FunctionGemma-270M__summary_prompt__N10.json,94,3
FunctionGemma-270M|summary_prompt|N10|95,FunctionGemma-270M,summary_prompt,10,partC_FunctionGemma-270M__summary_prompt__N10.json,95,9
FunctionGemma-270M|summary_prompt|N10|96,FunctionGemma-270M,summary_prompt,10,partC_FunctionGemma-270M__summary_prompt__N10.json,96,8
FunctionGemma-270M|summary_prompt|N10|97,FunctionGemma-270M,summary_prompt,10,partC_FunctionGemma-270M__summary_prompt__N10.json,97,3
FunctionGemma-270M|summary_prompt|N10|98,FunctionGemma-270M,summary_prompt,10,partC_FunctionGemma-270M__summary_prompt__N10.json,98,3
FunctionGemma-270M|summary_prompt|N10|99,FunctionGemma-270M,summary_prompt,10,partC_FunctionGemma-270M__summary_prompt__N10.json,99,3
FunctionGemma-270M|summary_prompt|N10|100,FunctionGemma-270M,summary_prompt,10,partC_FunctionGemma-270M__summary_prompt__N10.json,100,9
FunctionGemma-270M|summary_prompt|N10|101,FunctionGemma-270M,summary_prompt,10,partC_FunctionGemma-270M__summary_prompt__N10.json,101,9
FunctionGemma-270M|summary_prompt|N10|102,FunctionGemma-270M,summary_prompt,10,partC_FunctionGemma-270M__summary_prompt__N10.json,102,9
FunctionGemma-270M|summary_prompt|N10|103,FunctionGemma-270M,summary_prompt,10,partC_FunctionGemma-270M__summary_prompt__N10.json,103,9
FunctionGemma-270M|summary_prompt|N10|104,FunctionGemma-270M,summary_prompt,10,partC_FunctionGemma-270M__summary_prompt__N10.json,104,9
FunctionGemma-270M|summary_prompt|N10|105,FunctionGemma-270M,summary_prompt,10,partC_FunctionGemma-270M__summary_prompt__N10.json,105,9
FunctionGemma-270M|summary_prompt|N10|106,FunctionGemma-270M,summary_prompt,10,partC_FunctionGemma-270M__summary_prompt__N10.json,106,9
FunctionGemma-270M|summary_prompt|N10|107,FunctionGemma-270M,summary_prompt,10,partC_FunctionGemma-270M__summary_prompt__N10.json,107,9
FunctionGemma-270M|summary_prompt|N10|108,FunctionGemma-270M,summary_prompt,10,partC_FunctionGemma-270M__summary_prompt__N10.json,108,9
FunctionGemma-270M|summary_prompt|N10|109,FunctionGemma-270M,summary_prompt,10,partC_FunctionGemma-270M__summary_prompt__N10.json,109,9
FunctionGemma-270M|summary_prompt|N10|110,FunctionGemma-270M,summary_prompt,10,partC_FunctionGemma-270M__summary_prompt__N10.json,110,3
FunctionGemma-270M|summary_prompt|N10|111,FunctionGemma-270M,summary_prompt,10,partC_FunctionGemma-270M__summary_prompt__N10.json,111,9
FunctionGemma-270M|summary_prompt|N10|112,FunctionGemma-270M,summary_prompt,10,partC_FunctionGemma-270M__summary_prompt__N10.json,112,9
FunctionGemma-270M|summary_prompt|N10|113,FunctionGemma-270M,summary_prompt,10,partC_FunctionGemma-270M__summary_prompt__N10.json,113,9
FunctionGemma-270M|summary_prompt|N10|114,FunctionGemma-270M,summary_prompt,10,partC_FunctionGemma-270M__summary_prompt__N10.json,114,9
FunctionGemma-270M|summary_prompt|N10|115,FunctionGemma-270M,summary_prompt,10,partC_FunctionGemma-270M__summary_prompt__N10.json,115,9
FunctionGemma-270M|summary_prompt|N10|116,FunctionGemma-270M,summary_prompt,10,partC_FunctionGemma-270M__summary_prompt__N10.json,116,9
FunctionGemma-270M|summary_prompt|N10|117,FunctionGemma-270M,summary_prompt,10,partC_FunctionGemma-270M__summary_prompt__N10.json,117,9
FunctionGemma-270M|summary_prompt|N10|118,FunctionGemma-270M,summary_prompt,10,partC_FunctionGemma-270M__summary_prompt__N10.json,118,9
FunctionGemma-270M|summary_prompt|N10|119,FunctionGemma-270M,summary_prompt,10,partC_FunctionGemma-270M__summary_prompt__N10.json,119,3
FunctionGemma-270M|summary_prompt|N10|120,FunctionGemma-270M,summary_prompt,10,partC_FunctionGemma-270M__summary_prompt__N10.json,120,6
FunctionGemma-270M|summary_prompt|N10|121,FunctionGemma-270M,summary_prompt,10,partC_FunctionGemma-270M__summary_prompt__N10.json,121,9
FunctionGemma-270M|summary_prompt|N10|122,FunctionGemma-270M,summary_prompt,10,partC_FunctionGemma-270M__summary_prompt__N10.json,122,4
FunctionGemma-270M|summary_prompt|N10|123,FunctionGemma-270M,summary_prompt,10,partC_FunctionGemma-270M__summary_prompt__N10.json,123,7
FunctionGemma-270M|summary_prompt|N10|124,FunctionGemma-270M,summary_prompt,10,partC_FunctionGemma-270M__summary_prompt__N10.json,124,6
FunctionGemma-270M|summary_prompt|N10|125,FunctionGemma-270M,summary_prompt,10,partC_FunctionGemma-270M__summary_prompt__N10.json,125,9
FunctionGemma-270M|summary_prompt|N10|126,FunctionGemma-270M,summary_prompt,10,partC_FunctionGemma-270M__summary_prompt__N10.json,126,4
FunctionGemma-270M|summary_prompt|N10|127,FunctionGemma-270M,summary_prompt,10,partC_FunctionGemma-270M__summary_prompt__N10.json,127,6
FunctionGemma-270M|summary_prompt|N10|128,FunctionGemma-270M,summary_prompt,10,partC_FunctionGemma-270M__summary_prompt__N10.json,128,6
FunctionGemma-270M|summary_prompt|N10|129,FunctionGemma-270M,summary_prompt,10,partC_FunctionGemma-270M__summary_prompt__N10.json,129,3
FunctionGemma-270M|summary_prompt|N10|130,FunctionGemma-270M,summary_prompt,10,partC_FunctionGemma-270M__summary_prompt__N10.json,130,9
FunctionGemma-270M|summary_prompt|N10|131,FunctionGemma-270M,summary_prompt,10,partC_FunctionGemma-270M__summary_prompt__N10.json,131,1
FunctionGemma-270M|summary_prompt|N10|132,FunctionGemma-270M,summary_prompt,10,partC_FunctionGemma-270M__summary_prompt__N10.json,132,1
FunctionGemma-270M|summary_prompt|N10|133,FunctionGemma-270M,summary_prompt,10,partC_FunctionGemma-270M__summary_prompt__N10.json,133,7
FunctionGemma-270M|summary_prompt|N10|134,FunctionGemma-270M,summary_prompt,10,partC_FunctionGemma-270M__summary_prompt__N10.json,134,6
FunctionGemma-270M|summary_prompt|N10|135,FunctionGemma-270M,summary_prompt,10,partC_FunctionGemma-270M__summary_prompt__N10.json,135,3
FunctionGemma-270M|summary_prompt|N10|136,FunctionGemma-270M,summary_prompt,10,partC_FunctionGemma-270M__summary_prompt__N10.json,136,3
FunctionGemma-270M|summary_prompt|N10|137,FunctionGemma-270M,summary_prompt,10,partC_FunctionGemma-270M__summary_prompt__N10.json,137,1
FunctionGemma-270M|summary_prompt|N10|138,FunctionGemma-270M,summary_prompt,10,partC_FunctionGemma-270M__summary_prompt__N10.json,138,6
FunctionGemma-270M|summary_prompt|N10|139,FunctionGemma-270M,summary_prompt,10,partC_FunctionGemma-270M__summary_prompt__N10.json,139,3
FunctionGemma-270M|summary_prompt|N10|140,FunctionGemma-270M,summary_prompt,10,partC_FunctionGemma-270M__summary_prompt__N10.json,140,3
FunctionGemma-270M|summary_prompt|N10|141,FunctionGemma-270M,summary_prompt,10,partC_FunctionGemma-270M__summary_prompt__N10.json,141,6
FunctionGemma-270M|summary_prompt|N10|142,FunctionGemma-270M,summary_prompt,10,partC_FunctionGemma-270M__summary_prompt__N10.json,142,1
FunctionGemma-270M|summary_prompt|N10|143,FunctionGemma-270M,summary_prompt,10,partC_FunctionGemma-270M__summary_prompt__N10.json,143,6
FunctionGemma-270M|summary_prompt|N10|144,FunctionGemma-270M,summary_prompt,10,partC_FunctionGemma-270M__summary_prompt__N10.json,144,3
FunctionGemma-270M|summary_prompt|N10|145,FunctionGemma-270M,summary_prompt,10,partC_FunctionGemma-270M__summary_prompt__N10.json,145,6
FunctionGemma-270M|summary_prompt|N10|146,FunctionGemma-270M,summary_prompt,10,partC_FunctionGemma-270M__summary_prompt__N10.json,146,7
FunctionGemma-270M|summary_prompt|N10|147,FunctionGemma-270M,summary_prompt,10,partC_FunctionGemma-270M__summary_prompt__N10.json,147,3
FunctionGemma-270M|summary_prompt|N10|148,FunctionGemma-270M,summary_prompt,10,partC_FunctionGemma-270M__summary_prompt__N10.json,148,3
FunctionGemma-270M|summary_prompt|N10|149,FunctionGemma-270M,summary_prompt,10,partC_FunctionGemma-270M__summary_prompt__N10.json,149,4
FunctionGemma-270M|summary_prompt|N10|150,FunctionGemma-270M,summary_prompt,10,partC_FunctionGemma-270M__summary_prompt__N10.json,150,1
FunctionGemma-270M|summary_prompt|N10|151,FunctionGemma-270M,summary_prompt,10,partC_FunctionGemma-270M__summary_prompt__N10.json,151,4
FunctionGemma-270M|summary_prompt|N10|152,FunctionGemma-270M,summary_prompt,10,partC_FunctionGemma-270M__summary_prompt__N10.json,152,3
FunctionGemma-270M|summary_prompt|N10|153,FunctionGemma-270M,summary_prompt,10,partC_FunctionGemma-270M__summary_prompt__N10.json,153,3
FunctionGemma-270M|summary_prompt|N10|154,FunctionGemma-270M,summary_prompt,10,partC_FunctionGemma-270M__summary_prompt__N10.json,154,3
FunctionGemma-270M|summary_prompt|N10|155,FunctionGemma-270M,summary_prompt,10,partC_FunctionGemma-270M__summary_prompt__N10.json,155,4
FunctionGemma-270M|summary_prompt|N10|156,FunctionGemma-270M,summary_prompt,10,partC_FunctionGemma-270M__summary_prompt__N10.json,156,4
FunctionGemma-270M|summary_prompt|N10|157,FunctionGemma-270M,summary_prompt,10,partC_FunctionGemma-270M__summary_prompt__N10.json,157,4
FunctionGemma-270M|summary_prompt|N10|158,FunctionGemma-270M,summary_prompt,10,partC_FunctionGemma-270M__summary_prompt__N10.json,158,4
FunctionGemma-270M|summary_prompt|N10|159,FunctionGemma-270M,summary_prompt,10,partC_FunctionGemma-270M__summary_prompt__N10.json,159,4
FunctionGemma-270M|summary_prompt|N10|160,FunctionGemma-270M,summary_prompt,10,partC_FunctionGemma-270M__summary_prompt__N10.json,160,6
FunctionGemma-270M|summary_prompt|N10|161,FunctionGemma-270M,summary_prompt,10,partC_FunctionGemma-270M__summary_prompt__N10.json,161,6
FunctionGemma-270M|summary_prompt|N10|162,FunctionGemma-270M,summary_prompt,10,partC_FunctionGemma-270M__summary_prompt__N10.json,162,4
FunctionGemma-270M|summary_prompt|N10|163,FunctionGemma-270M,summary_prompt,10,partC_FunctionGemma-270M__summary_prompt__N10.json,163,3
FunctionGemma-270M|summary_prompt|N10|164,FunctionGemma-270M,summary_prompt,10,partC_FunctionGemma-270M__summary_prompt__N10.json,164,3
FunctionGemma-270M|summary_prompt|N10|165,FunctionGemma-270M,summary_prompt,10,partC_FunctionGemma-270M__summary_prompt__N10.json,165,6
FunctionGemma-270M|summary_prompt|N10|166,FunctionGemma-270M,summary_prompt,10,partC_FunctionGemma-270M__summary_prompt__N10.json,166,4
FunctionGemma-270M|summary_prompt|N10|167,FunctionGemma-270M,summary_prompt,10,partC_FunctionGemma-270M__summary_prompt__N10.json,167,4
FunctionGemma-270M|summary_prompt|N10|168,FunctionGemma-270M,summary_prompt,10,partC_FunctionGemma-270M__summary_prompt__N10.json,168,3
FunctionGemma-270M|summary_prompt|N10|169,FunctionGemma-270M,summary_prompt,10,partC_FunctionGemma-270M__summary_prompt__N10.json,169,6
FunctionGemma-270M|summary_prompt|N10|170,FunctionGemma-270M,summary_prompt,10,partC_FunctionGemma-270M__summary_prompt__N10.json,170,4
FunctionGemma-270M|summary_prompt|N10|171,FunctionGemma-270M,summary_prompt,10,partC_FunctionGemma-270M__summary_prompt__N10.json,171,4
FunctionGemma-270M|summary_prompt|N10|172,FunctionGemma-270M,summary_prompt,10,partC_FunctionGemma-270M__summary_prompt__N10.json,172,6
FunctionGemma-270M|summary_prompt|N10|173,FunctionGemma-270M,summary_prompt,10,partC_FunctionGemma-270M__summary_prompt__N10.json,173,4
FunctionGemma-270M|summary_prompt|N10|174,FunctionGemma-270M,summary_prompt,10,partC_FunctionGemma-270M__summary_prompt__N10.json,174,3
FunctionGemma-270M|summary_prompt|N10|175,FunctionGemma-270M,summary_prompt,10,partC_FunctionGemma-270M__summary_prompt__N10.json,175,4
FunctionGemma-270M|summary_prompt|N10|176,FunctionGemma-270M,summary_prompt,10,partC_FunctionGemma-270M__summary_prompt__N10.json,176,1
FunctionGemma-270M|summary_prompt|N10|177,FunctionGemma-270M,summary_prompt,10,partC_FunctionGemma-270M__summary_prompt__N10.json,177,4
FunctionGemma-270M|summary_prompt|N10|178,FunctionGemma-270M,summary_prompt,10,partC_FunctionGemma-270M__summary_prompt__N10.json,178,3
FunctionGemma-270M|summary_prompt|N10|179,FunctionGemma-270M,summary_prompt,10,partC_FunctionGemma-270M__summary_prompt__N10.json,179,3
FunctionGemma-270M|summary_prompt|N10|180,FunctionGemma-270M,summary_prompt,10,partC_FunctionGemma-270M__summary_prompt__N10.json,180,6
FunctionGemma-270M|summary_prompt|N10|181,FunctionGemma-270M,summary_prompt,10,partC_FunctionGemma-270M__summary_prompt__N10.json,181,1
FunctionGemma-270M|summary_prompt|N10|182,FunctionGemma-270M,summary_prompt,10,partC_FunctionGemma-270M__summary_prompt__N10.json,182,6
FunctionGemma-270M|summary_prompt|N10|183,FunctionGemma-270M,summary_prompt,10,partC_FunctionGemma-270M__summary_prompt__N10.json,183,7
FunctionGemma-270M|summary_prompt|N10|184,FunctionGemma-270M,summary_prompt,10,partC_FunctionGemma-270M__summary_prompt__N10.json,184,3
FunctionGemma-270M|summary_prompt|N10|185,FunctionGemma-270M,summary_prompt,10,partC_FunctionGemma-270M__summary_prompt__N10.json,185,4
FunctionGemma-270M|summary_prompt|N10|186,FunctionGemma-270M,summary_prompt,10,partC_FunctionGemma-270M__summary_prompt__N10.json,186,7
FunctionGemma-270M|summary_prompt|N10|187,FunctionGemma-270M,summary_prompt,10,partC_FunctionGemma-270M__summary_prompt__N10.json,187,1
FunctionGemma-270M|summary_prompt|N10|188,FunctionGemma-270M,summary_prompt,10,partC_FunctionGemma-270M__summary_prompt__N10.json,188,6
FunctionGemma-270M|summary_prompt|N10|189,FunctionGemma-270M,summary_prompt,10,partC_FunctionGemma-270M__summary_prompt__N10.json,189,6
FunctionGemma-270M|summary_prompt|N10|190,FunctionGemma-270M,summary_prompt,10,partC_FunctionGemma-270M__summary_prompt__N10.json,190,3
FunctionGemma-270M|summary_prompt|N10|191,FunctionGemma-270M,summary_prompt,10,partC_FunctionGemma-270M__summary_prompt__N10.json,191,4
FunctionGemma-270M|summary_prompt|N10|192,FunctionGemma-270M,summary_prompt,10,partC_FunctionGemma-270M__summary_prompt__N10.json,192,4
FunctionGemma-270M|summary_prompt|N10|193,FunctionGemma-270M,summary_prompt,10,partC_FunctionGemma-270M__summary_prompt__N10.json,193,4
FunctionGemma-270M|summary_prompt|N10|194,FunctionGemma-270M,summary_prompt,10,partC_FunctionGemma-270M__summary_prompt__N10.json,194,3
FunctionGemma-270M|summary_prompt|N10|195,FunctionGemma-270M,summary_prompt,10,partC_FunctionGemma-270M__summary_prompt__N10.json,195,3
FunctionGemma-270M|summary_prompt|N10|196,FunctionGemma-270M,summary_prompt,10,partC_FunctionGemma-270M__summary_prompt__N10.json,196,3
FunctionGemma-270M|summary_prompt|N10|197,FunctionGemma-270M,summary_prompt,10,partC_FunctionGemma-270M__summary_prompt__N10.json,197,6
FunctionGemma-270M|summary_prompt|N10|198,FunctionGemma-270M,summary_prompt,10,partC_FunctionGemma-270M__summary_prompt__N10.json,198,6
FunctionGemma-270M|summary_prompt|N10|199,FunctionGemma-270M,summary_prompt,10,partC_FunctionGemma-270M__summary_prompt__N10.json,199,4
FunctionGemma-270M|summary_prompt|N10|200,FunctionGemma-270M,summary_prompt,10,partC_FunctionGemma-270M__summary_prompt__N10.json,200,7
FunctionGemma-270M|summary_prompt|N10|201,FunctionGemma-270M,summary_prompt,10,partC_FunctionGemma-270M__summary_prompt__N10.json,201,4
FunctionGemma-270M|summary_prompt|N10|202,FunctionGemma-270M,summary_prompt,10,partC_FunctionGemma-270M__summary_prompt__N10.json,202,7
FunctionGemma-270M|summary_prompt|N10|203,FunctionGemma-270M,summary_prompt,10,partC_FunctionGemma-270M__summary_prompt__N10.json,203,4
FunctionGemma-270M|summary_prompt|N10|204,FunctionGemma-270M,summary_prompt,10,partC_FunctionGemma-270M__summary_prompt__N10.json,204,7
FunctionGemma-270M|summary_prompt|N10|205,FunctionGemma-270M,summary_prompt,10,partC_FunctionGemma-270M__summary_prompt__N10.json,205,6
FunctionGemma-270M|summary_prompt|N10|206,FunctionGemma-270M,summary_prompt,10,partC_FunctionGemma-270M__summary_prompt__N10.json,206,7
FunctionGemma-270M|summary_prompt|N10|207,FunctionGemma-270M,summary_prompt,10,partC_FunctionGemma-270M__summary_prompt__N10.json,207,4
FunctionGemma-270M|summary_prompt|N10|208,FunctionGemma-270M,summary_prompt,10,partC_FunctionGemma-270M__summary_prompt__N10.json,208,1
FunctionGemma-270M|summary_prompt|N10|209,FunctionGemma-270M,summary_prompt,10,partC_FunctionGemma-270M__summary_prompt__N10.json,209,6
FunctionGemma-270M|summary_prompt|N10|210,FunctionGemma-270M,summary_prompt,10,partC_FunctionGemma-270M__summary_prompt__N10.json,210,9
FunctionGemma-270M|summary_prompt|N10|211,FunctionGemma-270M,summary_prompt,10,partC_FunctionGemma-270M__summary_prompt__N10.json,211,4
FunctionGemma-270M|summary_prompt|N10|212,FunctionGemma-270M,summary_prompt,10,partC_FunctionGemma-270M__summary_prompt__N10.json,212,4
FunctionGemma-270M|summary_prompt|N10|213,FunctionGemma-270M,summary_prompt,10,partC_FunctionGemma-270M__summary_prompt__N10.json,213,3
FunctionGemma-270M|summary_prompt|N10|214,FunctionGemma-270M,summary_prompt,10,partC_FunctionGemma-270M__summary_prompt__N10.json,214,6
FunctionGemma-270M|summary_prompt|N10|215,FunctionGemma-270M,summary_prompt,10,partC_FunctionGemma-270M__summary_prompt__N10.json,215,6
FunctionGemma-270M|summary_prompt|N10|216,FunctionGemma-270M,summary_prompt,10,partC_FunctionGemma-270M__summary_prompt__N10.json,216,6
FunctionGemma-270M|summary_prompt|N10|217,FunctionGemma-270M,summary_prompt,10,partC_FunctionGemma-270M__summary_prompt__N10.json,217,6
FunctionGemma-270M|summary_prompt|N10|218,FunctionGemma-270M,summary_prompt,10,partC_FunctionGemma-270M__summary_prompt__N10.json,218,1
FunctionGemma-270M|summary_prompt|N10|219,FunctionGemma-270M,summary_prompt,10,partC_FunctionGemma-270M__summary_prompt__N10.json,219,6
FunctionGemma-270M|summary_prompt|N10|220,FunctionGemma-270M,summary_prompt,10,partC_FunctionGemma-270M__summary_prompt__N10.json,220,9
FunctionGemma-270M|summary_prompt|N10|221,FunctionGemma-270M,summary_prompt,10,partC_FunctionGemma-270M__summary_prompt__N10.json,221,9
FunctionGemma-270M|summary_prompt|N10|222,FunctionGemma-270M,summary_prompt,10,partC_FunctionGemma-270M__summary_prompt__N10.json,222,1
FunctionGemma-270M|summary_prompt|N10|223,FunctionGemma-270M,summary_prompt,10,partC_FunctionGemma-270M__summary_prompt__N10.json,223,9
FunctionGemma-270M|summary_prompt|N10|224,FunctionGemma-270M,summary_prompt,10,partC_FunctionGemma-270M__summary_prompt__N10.json,224,6
FunctionGemma-270M|summary_prompt|N10|225,FunctionGemma-270M,summary_prompt,10,partC_FunctionGemma-270M__summary_prompt__N10.json,225,7
FunctionGemma-270M|summary_prompt|N10|226,FunctionGemma-270M,summary_prompt,10,partC_FunctionGemma-270M__summary_prompt__N10.json,226,9
FunctionGemma-270M|summary_prompt|N10|227,FunctionGemma-270M,summary_prompt,10,partC_FunctionGemma-270M__summary_prompt__N10.json,227,4
FunctionGemma-270M|summary_prompt|N10|228,FunctionGemma-270M,summary_prompt,10,partC_FunctionGemma-270M__summary_prompt__N10.json,228,7
FunctionGemma-270M|summary_prompt|N10|229,FunctionGemma-270M,summary_prompt,10,partC_FunctionGemma-270M__summary_prompt__N10.json,229,9
FunctionGemma-270M|summary_prompt|N10|230,FunctionGemma-270M,summary_prompt,10,partC_FunctionGemma-270M__summary_prompt__N10.json,230,9
FunctionGemma-270M|summary_prompt|N10|231,FunctionGemma-270M,summary_prompt,10,partC_FunctionGemma-270M__summary_prompt__N10.json,231,9
FunctionGemma-270M|summary_prompt|N10|232,FunctionGemma-270M,summary_prompt,10,partC_FunctionGemma-270M__summary_prompt__N10.json,232,9
FunctionGemma-270M|summary_prompt|N10|233,FunctionGemma-270M,summary_prompt,10,partC_FunctionGemma-270M__summary_prompt__N10.json,233,9
FunctionGemma-270M|summary_prompt|N10|234,FunctionGemma-270M,summary_prompt,10,partC_FunctionGemma-270M__summary_prompt__N10.json,234,6
FunctionGemma-270M|summary_prompt|N10|235,FunctionGemma-270M,summary_prompt,10,partC_FunctionGemma-270M__summary_prompt__N10.json,235,6
FunctionGemma-270M|summary_prompt|N10|236,FunctionGemma-270M,summary_prompt,10,partC_FunctionGemma-270M__summary_prompt__N10.json,236,6
FunctionGemma-270M|summary_prompt|N10|237,FunctionGemma-270M,summary_prompt,10,partC_FunctionGemma-270M__summary_prompt__N10.json,237,6
FunctionGemma-270M|summary_prompt|N10|238,FunctionGemma-270M,summary_prompt,10,partC_FunctionGemma-270M__summary_prompt__N10.json,238,9
FunctionGemma-270M|summary_prompt|N10|239,FunctionGemma-270M,summary_prompt,10,partC_FunctionGemma-270M__summary_prompt__N10.json,239,6
FunctionGemma-270M|summary_prompt|N10|240,FunctionGemma-270M,summary_prompt,10,partC_FunctionGemma-270M__summary_prompt__N10.json,240,4
FunctionGemma-270M|summary_prompt|N10|241,FunctionGemma-270M,summary_prompt,10,partC_FunctionGemma-270M__summary_prompt__N10.json,241,3
FunctionGemma-270M|summary_prompt|N10|242,FunctionGemma-270M,summary_prompt,10,partC_FunctionGemma-270M__summary_prompt__N10.json,242,3
FunctionGemma-270M|summary_prompt|N10|243,FunctionGemma-270M,summary_prompt,10,partC_FunctionGemma-270M__summary_prompt__N10.json,243,1
FunctionGemma-270M|summary_prompt|N10|244,FunctionGemma-270M,summary_prompt,10,partC_FunctionGemma-270M__summary_prompt__N10.json,244,9
FunctionGemma-270M|summary_prompt|N10|245,FunctionGemma-270M,summary_prompt,10,partC_FunctionGemma-270M__summary_prompt__N10.json,245,4
FunctionGemma-270M|summary_prompt|N10|246,FunctionGemma-270M,summary_prompt,10,partC_FunctionGemma-270M__summary_prompt__N10.json,246,3
FunctionGemma-270M|summary_prompt|N10|247,FunctionGemma-270M,summary_prompt,10,partC_FunctionGemma-270M__summary_prompt__N10.json,247,1
FunctionGemma-270M|summary_prompt|N10|248,FunctionGemma-270M,summary_prompt,10,partC_FunctionGemma-270M__summary_prompt__N10.json,248,3
FunctionGemma-270M|summary_prompt|N10|249,FunctionGemma-270M,summary_prompt,10,partC_FunctionGemma-270M__summary_prompt__N10.json,249,3
FunctionGemma-270M|summary_prompt|N10|250,FunctionGemma-270M,summary_prompt,10,partC_FunctionGemma-270M__summary_prompt__N10.json,250,3
FunctionGemma-270M|summary_prompt|N10|251,FunctionGemma-270M,summary_prompt,10,partC_FunctionGemma-270M__summary_prompt__N10.json,251,1
FunctionGemma-270M|summary_prompt|N10|252,FunctionGemma-270M,summary_prompt,10,partC_FunctionGemma-270M__summary_prompt__N10.json,252,9
FunctionGemma-270M|summary_prompt|N10|253,FunctionGemma-270M,summary_prompt,10,partC_FunctionGemma-270M__summary_prompt__N10.json,253,3
FunctionGemma-270M|summary_prompt|N10|254,FunctionGemma-270M,summary_prompt,10,partC_FunctionGemma-270M__summary_prompt__N10.json,254,8
FunctionGemma-270M|summary_prompt|N10|255,FunctionGemma-270M,summary_prompt,10,partC_FunctionGemma-270M__summary_prompt__N10.json,255,1
FunctionGemma-270M|summary_prompt|N10|256,FunctionGemma-270M,summary_prompt,10,partC_FunctionGemma-270M__summary_prompt__N10.json,256,4
FunctionGemma-270M|summary_prompt|N10|257,FunctionGemma-270M,summary_prompt,10,partC_FunctionGemma-270M__summary_prompt__N10.json,257,3
FunctionGemma-270M|summary_prompt|N10|258,FunctionGemma-270M,summary_prompt,10,partC_FunctionGemma-270M__summary_prompt__N10.json,258,9
FunctionGemma-270M|summary_prompt|N10|259,FunctionGemma-270M,summary_prompt,10,partC_FunctionGemma-270M__summary_prompt__N10.json,259,3
FunctionGemma-270M|summary_prompt|N10|260,FunctionGemma-270M,summary_prompt,10,partC_FunctionGemma-270M__summary_prompt__N10.json,260,4
FunctionGemma-270M|summary_prompt|N10|261,FunctionGemma-270M,summary_prompt,10,partC_FunctionGemma-270M__summary_prompt__N10.json,261,1
FunctionGemma-270M|summary_prompt|N10|262,FunctionGemma-270M,summary_prompt,10,partC_FunctionGemma-270M__summary_prompt__N10.json,262,6
FunctionGemma-270M|summary_prompt|N10|263,FunctionGemma-270M,summary_prompt,10,partC_FunctionGemma-270M__summary_prompt__N10.json,263,4
FunctionGemma-270M|summary_prompt|N10|264,FunctionGemma-270M,summary_prompt,10,partC_FunctionGemma-270M__summary_prompt__N10.json,264,4
FunctionGemma-270M|summary_prompt|N10|265,FunctionGemma-270M,summary_prompt,10,partC_FunctionGemma-270M__summary_prompt__N10.json,265,4
FunctionGemma-270M|summary_prompt|N10|266,FunctionGemma-270M,summary_prompt,10,partC_FunctionGemma-270M__summary_prompt__N10.json,266,6
FunctionGemma-270M|summary_prompt|N10|267,FunctionGemma-270M,summary_prompt,10,partC_FunctionGemma-270M__summary_prompt__N10.json,267,4
FunctionGemma-270M|summary_prompt|N10|268,FunctionGemma-270M,summary_prompt,10,partC_FunctionGemma-270M__summary_prompt__N10.json,268,4
FunctionGemma-270M|summary_prompt|N10|269,FunctionGemma-270M,summary_prompt,10,partC_FunctionGemma-270M__summary_prompt__N10.json,269,1
FunctionGemma-270M|summary_prompt|N10|270,FunctionGemma-270M,summary_prompt,10,partC_FunctionGemma-270M__summary_prompt__N10.json,270,3
FunctionGemma-270M|summary_prompt|N10|271,FunctionGemma-270M,summary_prompt,10,partC_FunctionGemma-270M__summary_prompt__N10.json,271,3
FunctionGemma-270M|summary_prompt|N10|272,FunctionGemma-270M,summary_prompt,10,partC_FunctionGemma-270M__summary_prompt__N10.json,272,4
FunctionGemma-270M|summary_prompt|N10|273,FunctionGemma-270M,summary_prompt,10,partC_FunctionGemma-270M__summary_prompt__N10.json,273,4
FunctionGemma-270M|summary_prompt|N10|274,FunctionGemma-270M,summary_prompt,10,partC_FunctionGemma-270M__summary_prompt__N10.json,274,3
FunctionGemma-270M|summary_prompt|N10|275,FunctionGemma-270M,summary_prompt,10,partC_FunctionGemma-270M__summary_prompt__N10.json,275,4
FunctionGemma-270M|summary_prompt|N10|276,FunctionGemma-270M,summary_prompt,10,partC_FunctionGemma-270M__summary_prompt__N10.json,276,3
FunctionGemma-270M|summary_prompt|N10|277,FunctionGemma-270M,summary_prompt,10,partC_FunctionGemma-270M__summary_prompt__N10.json,277,6
FunctionGemma-270M|summary_prompt|N10|278,FunctionGemma-270M,summary_prompt,10,partC_FunctionGemma-270M__summary_prompt__N10.json,278,3
FunctionGemma-270M|summary_prompt|N10|279,FunctionGemma-270M,summary_prompt,10,partC_FunctionGemma-270M__summary_prompt__N10.json,279,4
FunctionGemma-270M|summary_prompt|N10|280,FunctionGemma-270M,summary_prompt,10,partC_FunctionGemma-270M__summary_prompt__N10.json,280,2
FunctionGemma-270M|summary_prompt|N10|281,FunctionGemma-270M,summary_prompt,10,partC_FunctionGemma-270M__summary_prompt__N10.json,281,3
FunctionGemma-270M|summary_prompt|N10|282,FunctionGemma-270M,summary_prompt,10,partC_FunctionGemma-270M__summary_prompt__N10.json,282,3
FunctionGemma-270M|summary_prompt|N10|283,FunctionGemma-270M,summary_prompt,10,partC_FunctionGemma-270M__summary_prompt__N10.json,283,3
FunctionGemma-270M|summary_prompt|N10|284,FunctionGemma-270M,summary_prompt,10,partC_FunctionGemma-270M__summary_prompt__N10.json,284,3
FunctionGemma-270M|summary_prompt|N10|285,FunctionGemma-270M,summary_prompt,10,partC_FunctionGemma-270M__summary_prompt__N10.json,285,3
FunctionGemma-270M|summary_prompt|N10|286,FunctionGemma-270M,summary_prompt,10,partC_FunctionGemma-270M__summary_prompt__N10.json,286,3
FunctionGemma-270M|summary_prompt|N10|287,FunctionGemma-270M,summary_prompt,10,partC_FunctionGemma-270M__summary_prompt__N10.json,287,3
FunctionGemma-270M|summary_prompt|N10|288,FunctionGemma-270M,summary_prompt,10,partC_FunctionGemma-270M__summary_prompt__N10.json,288,3
FunctionGemma-270M|summary_prompt|N10|289,FunctionGemma-270M,summary_prompt,10,partC_FunctionGemma-270M__summary_prompt__N10.json,289,4
FunctionGemma-270M|summary_prompt|N10|290,FunctionGemma-270M,summary_prompt,10,partC_FunctionGemma-270M__summary_prompt__N10.json,290,3
FunctionGemma-270M|summary_prompt|N10|291,FunctionGemma-270M,summary_prompt,10,partC_FunctionGemma-270M__summary_prompt__N10.json,291,1
FunctionGemma-270M|summary_prompt|N10|292,FunctionGemma-270M,summary_prompt,10,partC_FunctionGemma-270M__summary_prompt__N10.json,292,2
FunctionGemma-270M|summary_prompt|N10|293,FunctionGemma-270M,summary_prompt,10,partC_FunctionGemma-270M__summary_prompt__N10.json,293,4
FunctionGemma-270M|summary_prompt|N10|294,FunctionGemma-270M,summary_prompt,10,partC_FunctionGemma-270M__summary_prompt__N10.json,294,4
FunctionGemma-270M|summary_prompt|N10|295,FunctionGemma-270M,summary_prompt,10,partC_FunctionGemma-270M__summary_prompt__N10.json,295,6
FunctionGemma-270M|summary_prompt|N10|296,FunctionGemma-270M,summary_prompt,10,partC_FunctionGemma-270M__summary_prompt__N10.json,296,3
FunctionGemma-270M|summary_prompt|N10|297,FunctionGemma-270M,summary_prompt,10,partC_FunctionGemma-270M__summary_prompt__N10.json,297,3
FunctionGemma-270M|summary_prompt|N10|298,FunctionGemma-270M,summary_prompt,10,partC_FunctionGemma-270M__summary_prompt__N10.json,298,3
FunctionGemma-270M|summary_prompt|N10|299,FunctionGemma-270M,summary_prompt,10,partC_FunctionGemma-270M__summary_prompt__N10.json,299,1
FunctionGemma-270M|summary_prompt|N10|300,FunctionGemma-270M,summary_prompt,10,partC_FunctionGemma-270M__summary_prompt__N10.json,300,1
FunctionGemma-270M|summary_prompt|N10|301,FunctionGemma-270M,summary_prompt,10,partC_FunctionGemma-270M__summary_prompt__N10.json,301,3
FunctionGemma-270M|summary_prompt|N10|302,FunctionGemma-270M,summary_prompt,10,partC_FunctionGemma-270M__summary_prompt__N10.json,302,1
FunctionGemma-270M|summary_prompt|N10|303,FunctionGemma-270M,summary_prompt,10,partC_FunctionGemma-270M__summary_prompt__N10.json,303,9
FunctionGemma-270M|summary_prompt|N10|304,FunctionGemma-270M,summary_prompt,10,partC_FunctionGemma-270M__summary_prompt__N10.json,304,6
FunctionGemma-270M|summary_prompt|N10|305,FunctionGemma-270M,summary_prompt,10,partC_FunctionGemma-270M__summary_prompt__N10.json,305,6
FunctionGemma-270M|summary_prompt|N10|306,FunctionGemma-270M,summary_prompt,10,partC_FunctionGemma-270M__summary_prompt__N10.json,306,4
FunctionGemma-270M|summary_prompt|N10|307,FunctionGemma-270M,summary_prompt,10,partC_FunctionGemma-270M__summary_prompt__N10.json,307,6
FunctionGemma-270M|summary_prompt|N10|308,FunctionGemma-270M,summary_prompt,10,partC_FunctionGemma-270M__summary_prompt__N10.json,308,1
FunctionGemma-270M|summary_prompt|N10|309,FunctionGemma-270M,summary_prompt,10,partC_FunctionGemma-270M__summary_prompt__N10.json,309,4
FunctionGemma-270M|summary_prompt|N10|310,FunctionGemma-270M,summary_prompt,10,partC_FunctionGemma-270M__summary_prompt__N10.json,310,9
FunctionGemma-270M|summary_prompt|N10|311,FunctionGemma-270M,summary_prompt,10,partC_FunctionGemma-270M__summary_prompt__N10.json,311,1
FunctionGemma-270M|summary_prompt|N10|312,FunctionGemma-270M,summary_prompt,10,partC_FunctionGemma-270M__summary_prompt__N10.json,312,4
FunctionGemma-270M|summary_prompt|N10|313,FunctionGemma-270M,summary_prompt,10,partC_FunctionGemma-270M__summary_prompt__N10.json,313,1
FunctionGemma-270M|summary_prompt|N10|314,FunctionGemma-270M,summary_prompt,10,partC_FunctionGemma-270M__summary_prompt__N10.json,314,1
FunctionGemma-270M|summary_prompt|N10|315,FunctionGemma-270M,summary_prompt,10,partC_FunctionGemma-270M__summary_prompt__N10.json,315,6
FunctionGemma-270M|summary_prompt|N10|316,FunctionGemma-270M,summary_prompt,10,partC_FunctionGemma-270M__summary_prompt__N10.json,316,4
FunctionGemma-270M|summary_prompt|N10|317,FunctionGemma-270M,summary_prompt,10,partC_FunctionGemma-270M__summary_prompt__N10.json,317,3
FunctionGemma-270M|summary_prompt|N10|318,FunctionGemma-270M,summary_prompt,10,partC_FunctionGemma-270M__summary_prompt__N10.json,318,3
FunctionGemma-270M|summary_prompt|N10|319,FunctionGemma-270M,summary_prompt,10,partC_FunctionGemma-270M__summary_prompt__N10.json,319,1
FunctionGemma-270M|summary_prompt|N10|320,FunctionGemma-270M,summary_prompt,10,partC_FunctionGemma-270M__summary_prompt__N10.json,320,3
FunctionGemma-270M|summary_prompt|N10|321,FunctionGemma-270M,summary_prompt,10,partC_FunctionGemma-270M__summary_prompt__N10.json,321,4
FunctionGemma-270M|summary_prompt|N10|322,FunctionGemma-270M,summary_prompt,10,partC_FunctionGemma-270M__summary_prompt__N10.json,322,3
FunctionGemma-270M|summary_prompt|N10|323,FunctionGemma-270M,summary_prompt,10,partC_FunctionGemma-270M__summary_prompt__N10.json,323,1
FunctionGemma-270M|summary_prompt|N10|324,FunctionGemma-270M,summary_prompt,10,partC_FunctionGemma-270M__summary_prompt__N10.json,324,6
FunctionGemma-270M|summary_prompt|N10|325,FunctionGemma-270M,summary_prompt,10,partC_FunctionGemma-270M__summary_prompt__N10.json,325,6
FunctionGemma-270M|summary_prompt|N10|326,FunctionGemma-270M,summary_prompt,10,partC_FunctionGemma-270M__summary_prompt__N10.json,326,3
FunctionGemma-270M|summary_prompt|N10|327,FunctionGemma-270M,summary_prompt,10,partC_FunctionGemma-270M__summary_prompt__N10.json,327,3
FunctionGemma-270M|summary_prompt|N10|328,FunctionGemma-270M,summary_prompt,10,partC_FunctionGemma-270M__summary_prompt__N10.json,328,1
FunctionGemma-270M|summary_prompt|N10|329,FunctionGemma-270M,summary_prompt,10,partC_FunctionGemma-270M__summary_prompt__N10.json,329,6
FunctionGemma-270M|summary_prompt|N10|330,FunctionGemma-270M,summary_prompt,10,partC_FunctionGemma-270M__summary_prompt__N10.json,330,6
FunctionGemma-270M|summary_prompt|N10|331,FunctionGemma-270M,summary_prompt,10,partC_FunctionGemma-270M__summary_prompt__N10.json,331,3
FunctionGemma-270M|summary_prompt|N10|332,FunctionGemma-270M,summary_prompt,10,partC_FunctionGemma-270M__summary_prompt__N10.json,332,6
FunctionGemma-270M|summary_prompt|N10|333,FunctionGemma-270M,summary_prompt,10,partC_FunctionGemma-270M__summary_prompt__N10.json,333,3
FunctionGemma-270M|summary_prompt|N10|334,FunctionGemma-270M,summary_prompt,10,partC_FunctionGemma-270M__summary_prompt__N10.json,334,4
FunctionGemma-270M|summary_prompt|N10|335,FunctionGemma-270M,summary_prompt,10,partC_FunctionGemma-270M__summary_prompt__N10.json,335,3
FunctionGemma-270M|summary_prompt|N10|336,FunctionGemma-270M,summary_prompt,10,partC_FunctionGemma-270M__summary_prompt__N10.json,336,1
FunctionGemma-270M|summary_prompt|N10|337,FunctionGemma-270M,summary_prompt,10,partC_FunctionGemma-270M__summary_prompt__N10.json,337,3
FunctionGemma-270M|summary_prompt|N10|338,FunctionGemma-270M,summary_prompt,10,partC_FunctionGemma-270M__summary_prompt__N10.json,338,3
FunctionGemma-270M|summary_prompt|N10|339,FunctionGemma-270M,summary_prompt,10,partC_FunctionGemma-270M__summary_prompt__N10.json,339,3
FunctionGemma-270M|summary_prompt|N10|340,FunctionGemma-270M,summary_prompt,10,partC_FunctionGemma-270M__summary_prompt__N10.json,340,4
FunctionGemma-270M|summary_prompt|N10|341,FunctionGemma-270M,summary_prompt,10,partC_FunctionGemma-270M__summary_prompt__N10.json,341,3
FunctionGemma-270M|summary_prompt|N10|342,FunctionGemma-270M,summary_prompt,10,partC_FunctionGemma-270M__summary_prompt__N10.json,342,3
FunctionGemma-270M|summary_prompt|N10|343,FunctionGemma-270M,summary_prompt,10,partC_FunctionGemma-270M__summary_prompt__N10.json,343,4
FunctionGemma-270M|summary_prompt|N10|344,FunctionGemma-270M,summary_prompt,10,partC_FunctionGemma-270M__summary_prompt__N10.json,344,3
FunctionGemma-270M|summary_prompt|N10|345,FunctionGemma-270M,summary_prompt,10,partC_FunctionGemma-270M__summary_prompt__N10.json,345,1
FunctionGemma-270M|summary_prompt|N10|346,FunctionGemma-270M,summary_prompt,10,partC_FunctionGemma-270M__summary_prompt__N10.json,346,3
FunctionGemma-270M|summary_prompt|N10|347,FunctionGemma-270M,summary_prompt,10,partC_FunctionGemma-270M__summary_prompt__N10.json,347,4
FunctionGemma-270M|summary_prompt|N10|348,FunctionGemma-270M,summary_prompt,10,partC_FunctionGemma-270M__summary_prompt__N10.json,348,3
FunctionGemma-270M|summary_prompt|N10|349,FunctionGemma-270M,summary_prompt,10,partC_FunctionGemma-270M__summary_prompt__N10.json,349,1
FunctionGemma-270M|summary_prompt|N10|350,FunctionGemma-270M,summary_prompt,10,partC_FunctionGemma-270M__summary_prompt__N10.json,350,9
FunctionGemma-270M|summary_prompt|N10|351,FunctionGemma-270M,summary_prompt,10,partC_FunctionGemma-270M__summary_prompt__N10.json,351,3
FunctionGemma-270M|summary_prompt|N10|352,FunctionGemma-270M,summary_prompt,10,partC_FunctionGemma-270M__summary_prompt__N10.json,352,1
FunctionGemma-270M|summary_prompt|N10|353,FunctionGemma-270M,summary_prompt,10,partC_FunctionGemma-270M__summary_prompt__N10.json,353,3
FunctionGemma-270M|summary_prompt|N10|354,FunctionGemma-270M,summary_prompt,10,partC_FunctionGemma-270M__summary_prompt__N10.json,354,3
FunctionGemma-270M|summary_prompt|N10|355,FunctionGemma-270M,summary_prompt,10,partC_FunctionGemma-270M__summary_prompt__N10.json,355,1
FunctionGemma-270M|summary_prompt|N10|356,FunctionGemma-270M,summary_prompt,10,partC_FunctionGemma-270M__summary_prompt__N10.json,356,3
FunctionGemma-270M|summary_prompt|N10|357,FunctionGemma-270M,summary_prompt,10,partC_FunctionGemma-270M__summary_prompt__N10.json,357,3
FunctionGemma-270M|summary_prompt|N10|358,FunctionGemma-270M,summary_prompt,10,partC_FunctionGemma-270M__summary_prompt__N10.json,358,3
FunctionGemma-270M|summary_prompt|N10|359,FunctionGemma-270M,summary_prompt,10,partC_FunctionGemma-270M__summary_prompt__N10.json,359,4
FunctionGemma-270M|summary_prompt|N10|360,FunctionGemma-270M,summary_prompt,10,partC_FunctionGemma-270M__summary_prompt__N10.json,360,4
FunctionGemma-270M|summary_prompt|N10|361,FunctionGemma-270M,summary_prompt,10,partC_FunctionGemma-270M__summary_prompt__N10.json,361,3
FunctionGemma-270M|summary_prompt|N10|362,FunctionGemma-270M,summary_prompt,10,partC_FunctionGemma-270M__summary_prompt__N10.json,362,4
FunctionGemma-270M|summary_prompt|N10|363,FunctionGemma-270M,summary_prompt,10,partC_FunctionGemma-270M__summary_prompt__N10.json,363,4
FunctionGemma-270M|summary_prompt|N10|364,FunctionGemma-270M,summary_prompt,10,partC_FunctionGemma-270M__summary_prompt__N10.json,364,3
FunctionGemma-270M|summary_prompt|N10|365,FunctionGemma-270M,summary_prompt,10,partC_FunctionGemma-270M__summary_prompt__N10.json,365,1
FunctionGemma-270M|summary_prompt|N10|366,FunctionGemma-270M,summary_prompt,10,partC_FunctionGemma-270M__summary_prompt__N10.json,366,3
FunctionGemma-270M|summary_prompt|N10|367,FunctionGemma-270M,summary_prompt,10,partC_FunctionGemma-270M__summary_prompt__N10.json,367,4
FunctionGemma-270M|summary_prompt|N10|368,FunctionGemma-270M,summary_prompt,10,partC_FunctionGemma-270M__summary_prompt__N10.json,368,4
FunctionGemma-270M|summary_prompt|N10|369,FunctionGemma-270M,summary_prompt,10,partC_FunctionGemma-270M__summary_prompt__N10.json,369,4
FunctionGemma-270M|summary_prompt|N10|370,FunctionGemma-270M,summary_prompt,10,partC_FunctionGemma-270M__summary_prompt__N10.json,370,3
FunctionGemma-270M|summary_prompt|N10|371,FunctionGemma-270M,summary_prompt,10,partC_FunctionGemma-270M__summary_prompt__N10.json,371,3
FunctionGemma-270M|summary_prompt|N10|372,FunctionGemma-270M,summary_prompt,10,partC_FunctionGemma-270M__summary_prompt__N10.json,372,4
FunctionGemma-270M|summary_prompt|N10|373,FunctionGemma-270M,summary_prompt,10,partC_FunctionGemma-270M__summary_prompt__N10.json,373,4
FunctionGemma-270M|summary_prompt|N10|374,FunctionGemma-270M,summary_prompt,10,partC_FunctionGemma-270M__summary_prompt__N10.json,374,4
FunctionGemma-270M|summary_prompt|N10|375,FunctionGemma-270M,summary_prompt,10,partC_FunctionGemma-270M__summary_prompt__N10.json,375,4
FunctionGemma-270M|summary_prompt|N10|376,FunctionGemma-270M,summary_prompt,10,partC_FunctionGemma-270M__summary_prompt__N10.json,376,1
FunctionGemma-270M|summary_prompt|N10|377,FunctionGemma-270M,summary_prompt,10,partC_FunctionGemma-270M__summary_prompt__N10.json,377,4
FunctionGemma-270M|summary_prompt|N10|378,FunctionGemma-270M,summary_prompt,10,partC_FunctionGemma-270M__summary_prompt__N10.json,378,6
FunctionGemma-270M|summary_prompt|N10|379,FunctionGemma-270M,summary_prompt,10,partC_FunctionGemma-270M__summary_prompt__N10.json,379,4
FunctionGemma-270M|summary_prompt|N10|380,FunctionGemma-270M,summary_prompt,10,partC_FunctionGemma-270M__summary_prompt__N10.json,380,4
FunctionGemma-270M|summary_prompt|N10|381,FunctionGemma-270M,summary_prompt,10,partC_FunctionGemma-270M__summary_prompt__N10.json,381,6
FunctionGemma-270M|summary_prompt|N10|382,FunctionGemma-270M,summary_prompt,10,partC_FunctionGemma-270M__summary_prompt__N10.json,382,6
FunctionGemma-270M|summary_prompt|N10|383,FunctionGemma-270M,summary_prompt,10,partC_FunctionGemma-270M__summary_prompt__N10.json,383,4
FunctionGemma-270M|summary_prompt|N10|384,FunctionGemma-270M,summary_prompt,10,partC_FunctionGemma-270M__summary_prompt__N10.json,384,3
FunctionGemma-270M|summary_prompt|N10|385,FunctionGemma-270M,summary_prompt,10,partC_FunctionGemma-270M__summary_prompt__N10.json,385,6
FunctionGemma-270M|summary_prompt|N10|386,FunctionGemma-270M,summary_prompt,10,partC_FunctionGemma-270M__summary_prompt__N10.json,386,6
FunctionGemma-270M|summary_prompt|N10|387,FunctionGemma-270M,summary_prompt,10,partC_FunctionGemma-270M__summary_prompt__N10.json,387,4
FunctionGemma-270M|summary_prompt|N10|388,FunctionGemma-270M,summary_prompt,10,partC_FunctionGemma-270M__summary_prompt__N10.json,388,7
FunctionGemma-270M|summary_prompt|N10|389,FunctionGemma-270M,summary_prompt,10,partC_FunctionGemma-270M__summary_prompt__N10.json,389,6
FunctionGemma-270M|summary_prompt|N10|390,FunctionGemma-270M,summary_prompt,10,partC_FunctionGemma-270M__summary_prompt__N10.json,390,4
FunctionGemma-270M|summary_prompt|N10|391,FunctionGemma-270M,summary_prompt,10,partC_FunctionGemma-270M__summary_prompt__N10.json,391,6
FunctionGemma-270M|summary_prompt|N10|392,FunctionGemma-270M,summary_prompt,10,partC_FunctionGemma-270M__summary_prompt__N10.json,392,6
FunctionGemma-270M|summary_prompt|N10|393,FunctionGemma-270M,summary_prompt,10,partC_FunctionGemma-270M__summary_prompt__N10.json,393,6
FunctionGemma-270M|summary_prompt|N10|394,FunctionGemma-270M,summary_prompt,10,partC_FunctionGemma-270M__summary_prompt__N10.json,394,9
FunctionGemma-270M|summary_prompt|N10|395,FunctionGemma-270M,summary_prompt,10,partC_FunctionGemma-270M__summary_prompt__N10.json,395,7
FunctionGemma-270M|summary_prompt|N10|396,FunctionGemma-270M,summary_prompt,10,partC_FunctionGemma-270M__summary_prompt__N10.json,396,6
FunctionGemma-270M|summary_prompt|N10|397,FunctionGemma-270M,summary_prompt,10,partC_FunctionGemma-270M__summary_prompt__N10.json,397,9
FunctionGemma-270M|summary_prompt|N10|398,FunctionGemma-270M,summary_prompt,10,partC_FunctionGemma-270M__summary_prompt__N10.json,398,6
FunctionGemma-270M|summary_prompt|N10|399,FunctionGemma-270M,summary_prompt,10,partC_FunctionGemma-270M__summary_prompt__N10.json,399,6
FunctionGemma-270M|summary_prompt|N10|400,FunctionGemma-270M,summary_prompt,10,partC_FunctionGemma-270M__summary_prompt__N10.json,400,6
FunctionGemma-270M|summary_prompt|N10|401,FunctionGemma-270M,summary_prompt,10,partC_FunctionGemma-270M__summary_prompt__N10.json,401,4
FunctionGemma-270M|summary_prompt|N10|402,FunctionGemma-270M,summary_prompt,10,partC_FunctionGemma-270M__summary_prompt__N10.json,402,8
FunctionGemma-270M|summary_prompt|N10|403,FunctionGemma-270M,summary_prompt,10,partC_FunctionGemma-270M__summary_prompt__N10.json,403,7
FunctionGemma-270M|summary_prompt|N10|404,FunctionGemma-270M,summary_prompt,10,partC_FunctionGemma-270M__summary_prompt__N10.json,404,3
FunctionGemma-270M|summary_prompt|N10|405,FunctionGemma-270M,summary_prompt,10,partC_FunctionGemma-270M__summary_prompt__N10.json,405,9
FunctionGemma-270M|summary_prompt|N10|406,FunctionGemma-270M,summary_prompt,10,partC_FunctionGemma-270M__summary_prompt__N10.json,406,4
FunctionGemma-270M|summary_prompt|N10|407,FunctionGemma-270M,summary_prompt,10,partC_FunctionGemma-270M__summary_prompt__N10.json,407,9
FunctionGemma-270M|summary_prompt|N10|408,FunctionGemma-270M,summary_prompt,10,partC_FunctionGemma-270M__summary_prompt__N10.json,408,3
FunctionGemma-270M|summary_prompt|N10|409,FunctionGemma-270M,summary_prompt,10,partC_FunctionGemma-270M__summary_prompt__N10.json,409,4
FunctionGemma-270M|summary_prompt|N10|410,FunctionGemma-270M,summary_prompt,10,partC_FunctionGemma-270M__summary_prompt__N10.json,410,6
FunctionGemma-270M|summary_prompt|N10|411,FunctionGemma-270M,summary_prompt,10,partC_FunctionGemma-270M__summary_prompt__N10.json,411,7
FunctionGemma-270M|summary_prompt|N10|412,FunctionGemma-270M,summary_prompt,10,partC_FunctionGemma-270M__summary_prompt__N10.json,412,4
FunctionGemma-270M|summary_prompt|N10|413,FunctionGemma-270M,summary_prompt,10,partC_FunctionGemma-270M__summary_prompt__N10.json,413,7
FunctionGemma-270M|summary_prompt|N10|414,FunctionGemma-270M,summary_prompt,10,partC_FunctionGemma-270M__summary_prompt__N10.json,414,3
FunctionGemma-270M|summary_prompt|N10|415,FunctionGemma-270M,summary_prompt,10,partC_FunctionGemma-270M__summary_prompt__N10.json,415,4
FunctionGemma-270M|summary_prompt|N10|416,FunctionGemma-270M,summary_prompt,10,partC_FunctionGemma-270M__summary_prompt__N10.json,416,6
FunctionGemma-270M|summary_prompt|N10|417,FunctionGemma-270M,summary_prompt,10,partC_FunctionGemma-270M__summary_prompt__N10.json,417,6
FunctionGemma-270M|summary_prompt|N10|418,FunctionGemma-270M,summary_prompt,10,partC_FunctionGemma-270M__summary_prompt__N10.json,418,3
FunctionGemma-270M|summary_prompt|N10|419,FunctionGemma-270M,summary_prompt,10,partC_FunctionGemma-270M__summary_prompt__N10.json,419,9
FunctionGemma-270M|summary_prompt|N10|420,FunctionGemma-270M,summary_prompt,10,partC_FunctionGemma-270M__summary_prompt__N10.json,420,3
FunctionGemma-270M|summary_prompt|N10|421,FunctionGemma-270M,summary_prompt,10,partC_FunctionGemma-270M__summary_prompt__N10.json,421,6
FunctionGemma-270M|summary_prompt|N10|422,FunctionGemma-270M,summary_prompt,10,partC_FunctionGemma-270M__summary_prompt__N10.json,422,3
FunctionGemma-270M|summary_prompt|N10|423,FunctionGemma-270M,summary_prompt,10,partC_FunctionGemma-270M__summary_prompt__N10.json,423,7
FunctionGemma-270M|summary_prompt|N10|424,FunctionGemma-270M,summary_prompt,10,partC_FunctionGemma-270M__summary_prompt__N10.json,424,9
FunctionGemma-270M|summary_prompt|N10|425,FunctionGemma-270M,summary_prompt,10,partC_FunctionGemma-270M__summary_prompt__N10.json,425,4
FunctionGemma-270M|summary_prompt|N10|426,FunctionGemma-270M,summary_prompt,10,partC_FunctionGemma-270M__summary_prompt__N10.json,426,4
FunctionGemma-270M|summary_prompt|N10|427,FunctionGemma-270M,summary_prompt,10,partC_FunctionGemma-270M__summary_prompt__N10.json,427,4
FunctionGemma-270M|summary_prompt|N10|428,FunctionGemma-270M,summary_prompt,10,partC_FunctionGemma-270M__summary_prompt__N10.json,428,9
FunctionGemma-270M|summary_prompt|N10|429,FunctionGemma-270M,summary_prompt,10,partC_FunctionGemma-270M__summary_prompt__N10.json,429,7
FunctionGemma-270M|summary_prompt|N10|430,FunctionGemma-270M,summary_prompt,10,partC_FunctionGemma-270M__summary_prompt__N10.json,430,6
FunctionGemma-270M|summary_prompt|N10|431,FunctionGemma-270M,summary_prompt,10,partC_FunctionGemma-270M__summary_prompt__N10.json,431,9
FunctionGemma-270M|summary_prompt|N10|432,FunctionGemma-270M,summary_prompt,10,partC_FunctionGemma-270M__summary_prompt__N10.json,432,3
FunctionGemma-270M|summary_prompt|N10|433,FunctionGemma-270M,summary_prompt,10,partC_FunctionGemma-270M__summary_prompt__N10.json,433,9
FunctionGemma-270M|summary_prompt|N10|434,FunctionGemma-270M,summary_prompt,10,partC_FunctionGemma-270M__summary_prompt__N10.json,434,9
FunctionGemma-270M|summary_prompt|N10|435,FunctionGemma-270M,summary_prompt,10,partC_FunctionGemma-270M__summary_prompt__N10.json,435,4
FunctionGemma-270M|summary_prompt|N10|436,FunctionGemma-270M,summary_prompt,10,partC_FunctionGemma-270M__summary_prompt__N10.json,436,9
FunctionGemma-270M|summary_prompt|N10|437,FunctionGemma-270M,summary_prompt,10,partC_FunctionGemma-270M__summary_prompt__N10.json,437,9
FunctionGemma-270M|summary_prompt|N10|438,FunctionGemma-270M,summary_prompt,10,partC_FunctionGemma-270M__summary_prompt__N10.json,438,3
FunctionGemma-270M|summary_prompt|N10|439,FunctionGemma-270M,summary_prompt,10,partC_FunctionGemma-270M__summary_prompt__N10.json,439,9
FunctionGemma-270M|summary_prompt|N10|440,FunctionGemma-270M,summary_prompt,10,partC_FunctionGemma-270M__summary_prompt__N10.json,440,4
FunctionGemma-270M|summary_prompt|N10|441,FunctionGemma-270M,summary_prompt,10,partC_FunctionGemma-270M__summary_prompt__N10.json,441,9
FunctionGemma-270M|summary_prompt|N10|442,FunctionGemma-270M,summary_prompt,10,partC_FunctionGemma-270M__summary_prompt__N10.json,442,6
FunctionGemma-270M|summary_prompt|N10|443,FunctionGemma-270M,summary_prompt,10,partC_FunctionGemma-270M__summary_prompt__N10.json,443,3
FunctionGemma-270M|summary_prompt|N10|444,FunctionGemma-270M,summary_prompt,10,partC_FunctionGemma-270M__summary_prompt__N10.json,444,6
FunctionGemma-270M|summary_prompt|N10|445,FunctionGemma-270M,summary_prompt,10,partC_FunctionGemma-270M__summary_prompt__N10.json,445,6
FunctionGemma-270M|summary_prompt|N10|446,FunctionGemma-270M,summary_prompt,10,partC_FunctionGemma-270M__summary_prompt__N10.json,446,6
FunctionGemma-270M|summary_prompt|N10|447,FunctionGemma-270M,summary_prompt,10,partC_FunctionGemma-270M__summary_prompt__N10.json,447,7
FunctionGemma-270M|summary_prompt|N10|448,FunctionGemma-270M,summary_prompt,10,partC_FunctionGemma-270M__summary_prompt__N10.json,448,4
FunctionGemma-270M|summary_prompt|N10|449,FunctionGemma-270M,summary_prompt,10,partC_FunctionGemma-270M__summary_prompt__N10.json,449,6
FunctionGemma-270M|summary_prompt|N10|450,FunctionGemma-270M,summary_prompt,10,partC_FunctionGemma-270M__summary_prompt__N10.json,450,4
FunctionGemma-270M|summary_prompt|N10|451,FunctionGemma-270M,summary_prompt,10,partC_FunctionGemma-270M__summary_prompt__N10.json,451,6
FunctionGemma-270M|summary_prompt|N10|452,FunctionGemma-270M,summary_prompt,10,partC_FunctionGemma-270M__summary_prompt__N10.json,452,4
FunctionGemma-270M|summary_prompt|N10|453,FunctionGemma-270M,summary_prompt,10,partC_FunctionGemma-270M__summary_prompt__N10.json,453,6
FunctionGemma-270M|summary_prompt|N10|454,FunctionGemma-270M,summary_prompt,10,partC_FunctionGemma-270M__summary_prompt__N10.json,454,6
FunctionGemma-270M|summary_prompt|N10|455,FunctionGemma-270M,summary_prompt,10,partC_FunctionGemma-270M__summary_prompt__N10.json,455,6
FunctionGemma-270M|summary_prompt|N10|456,FunctionGemma-270M,summary_prompt,10,partC_FunctionGemma-270M__summary_prompt__N10.json,456,4
FunctionGemma-270M|summary_prompt|N10|457,FunctionGemma-270M,summary_prompt,10,partC_FunctionGemma-270M__summary_prompt__N10.json,457,6
FunctionGemma-270M|summary_prompt|N10|458,FunctionGemma-270M,summary_prompt,10,partC_FunctionGemma-270M__summary_prompt__N10.json,458,7
FunctionGemma-270M|summary_prompt|N10|459,FunctionGemma-270M,summary_prompt,10,partC_FunctionGemma-270M__summary_prompt__N10.json,459,6
FunctionGemma-270M|summary_prompt|N10|460,FunctionGemma-270M,summary_prompt,10,partC_FunctionGemma-270M__summary_prompt__N10.json,460,10
FunctionGemma-270M|summary_prompt|N10|461,FunctionGemma-270M,summary_prompt,10,partC_FunctionGemma-270M__summary_prompt__N10.json,461,9
FunctionGemma-270M|summary_prompt|N10|462,FunctionGemma-270M,summary_prompt,10,partC_FunctionGemma-270M__summary_prompt__N10.json,462,7
FunctionGemma-270M|summary_prompt|N10|463,FunctionGemma-270M,summary_prompt,10,partC_FunctionGemma-270M__summary_prompt__N10.json,463,6
FunctionGemma-270M|summary_prompt|N10|464,FunctionGemma-270M,summary_prompt,10,partC_FunctionGemma-270M__summary_prompt__N10.json,464,9
FunctionGemma-270M|summary_prompt|N10|465,FunctionGemma-270M,summary_prompt,10,partC_FunctionGemma-270M__summary_prompt__N10.json,465,9
FunctionGemma-270M|summary_prompt|N10|466,FunctionGemma-270M,summary_prompt,10,partC_FunctionGemma-270M__summary_prompt__N10.json,466,1
FunctionGemma-270M|summary_prompt|N10|467,FunctionGemma-270M,summary_prompt,10,partC_FunctionGemma-270M__summary_prompt__N10.json,467,7
FunctionGemma-270M|summary_prompt|N10|468,FunctionGemma-270M,summary_prompt,10,partC_FunctionGemma-270M__summary_prompt__N10.json,468,4
FunctionGemma-270M|summary_prompt|N10|469,FunctionGemma-270M,summary_prompt,10,partC_FunctionGemma-270M__summary_prompt__N10.json,469,4
FunctionGemma-270M|summary_prompt|N10|470,FunctionGemma-270M,summary_prompt,10,partC_FunctionGemma-270M__summary_prompt__N10.json,470,6
FunctionGemma-270M|summary_prompt|N10|471,FunctionGemma-270M,summary_prompt,10,partC_FunctionGemma-270M__summary_prompt__N10.json,471,4
FunctionGemma-270M|summary_prompt|N10|472,FunctionGemma-270M,summary_prompt,10,partC_FunctionGemma-270M__summary_prompt__N10.json,472,3
FunctionGemma-270M|summary_prompt|N10|473,FunctionGemma-270M,summary_prompt,10,partC_FunctionGemma-270M__summary_prompt__N10.json,473,6
FunctionGemma-270M|summary_prompt|N10|474,FunctionGemma-270M,summary_prompt,10,partC_FunctionGemma-270M__summary_prompt__N10.json,474,9
FunctionGemma-270M|summary_prompt|N10|475,FunctionGemma-270M,summary_prompt,10,partC_FunctionGemma-270M__summary_prompt__N10.json,475,3
FunctionGemma-270M|summary_prompt|N10|476,FunctionGemma-270M,summary_prompt,10,partC_FunctionGemma-270M__summary_prompt__N10.json,476,7
FunctionGemma-270M|summary_prompt|N10|477,FunctionGemma-270M,summary_prompt,10,partC_FunctionGemma-270M__summary_prompt__N10.json,477,7
FunctionGemma-270M|summary_prompt|N10|478,FunctionGemma-270M,summary_prompt,10,partC_FunctionGemma-270M__summary_prompt__N10.json,478,1
FunctionGemma-270M|summary_prompt|N10|479,FunctionGemma-270M,summary_prompt,10,partC_FunctionGemma-270M__summary_prompt__N10.json,479,7
FunctionGemma-270M|summary_prompt|N15|0,FunctionGemma-270M,summary_prompt,15,partC_FunctionGemma-270M__summary_prompt__N15.json,0,3
FunctionGemma-270M|summary_prompt|N15|1,FunctionGemma-270M,summary_prompt,15,partC_FunctionGemma-270M__summary_prompt__N15.json,1,6
FunctionGemma-270M|summary_prompt|N15|2,FunctionGemma-270M,summary_prompt,15,partC_FunctionGemma-270M__summary_prompt__N15.json,2,4
FunctionGemma-270M|summary_prompt|N15|3,FunctionGemma-270M,summary_prompt,15,partC_FunctionGemma-270M__summary_prompt__N15.json,3,3
FunctionGemma-270M|summary_prompt|N15|4,FunctionGemma-270M,summary_prompt,15,partC_FunctionGemma-270M__summary_prompt__N15.json,4,1
FunctionGemma-270M|summary_prompt|N15|5,FunctionGemma-270M,summary_prompt,15,partC_FunctionGemma-270M__summary_prompt__N15.json,5,6
FunctionGemma-270M|summary_prompt|N15|6,FunctionGemma-270M,summary_prompt,15,partC_FunctionGemma-270M__summary_prompt__N15.json,6,4
FunctionGemma-270M|summary_prompt|N15|7,FunctionGemma-270M,summary_prompt,15,partC_FunctionGemma-270M__summary_prompt__N15.json,7,3
FunctionGemma-270M|summary_prompt|N15|8,FunctionGemma-270M,summary_prompt,15,partC_FunctionGemma-270M__summary_prompt__N15.json,8,1
FunctionGemma-270M|summary_prompt|N15|9,FunctionGemma-270M,summary_prompt,15,partC_FunctionGemma-270M__summary_prompt__N15.json,9,6
FunctionGemma-270M|summary_prompt|N15|10,FunctionGemma-270M,summary_prompt,15,partC_FunctionGemma-270M__summary_prompt__N15.json,10,2
FunctionGemma-270M|summary_prompt|N15|11,FunctionGemma-270M,summary_prompt,15,partC_FunctionGemma-270M__summary_prompt__N15.json,11,4
FunctionGemma-270M|summary_prompt|N15|12,FunctionGemma-270M,summary_prompt,15,partC_FunctionGemma-270M__summary_prompt__N15.json,12,6
FunctionGemma-270M|summary_prompt|N15|13,FunctionGemma-270M,summary_prompt,15,partC_FunctionGemma-270M__summary_prompt__N15.json,13,1
FunctionGemma-270M|summary_prompt|N15|14,FunctionGemma-270M,summary_prompt,15,partC_FunctionGemma-270M__summary_prompt__N15.json,14,3
FunctionGemma-270M|summary_prompt|N15|15,FunctionGemma-270M,summary_prompt,15,partC_FunctionGemma-270M__summary_prompt__N15.json,15,3
FunctionGemma-270M|summary_prompt|N15|16,FunctionGemma-270M,summary_prompt,15,partC_FunctionGemma-270M__summary_prompt__N15.json,16,4
FunctionGemma-270M|summary_prompt|N15|17,FunctionGemma-270M,summary_prompt,15,partC_FunctionGemma-270M__summary_prompt__N15.json,17,3
FunctionGemma-270M|summary_prompt|N15|18,FunctionGemma-270M,summary_prompt,15,partC_FunctionGemma-270M__summary_prompt__N15.json,18,4
FunctionGemma-270M|summary_prompt|N15|19,FunctionGemma-270M,summary_prompt,15,partC_FunctionGemma-270M__summary_prompt__N15.json,19,4
FunctionGemma-270M|summary_prompt|N15|20,FunctionGemma-270M,summary_prompt,15,partC_FunctionGemma-270M__summary_prompt__N15.json,20,4
FunctionGemma-270M|summary_prompt|N15|21,FunctionGemma-270M,summary_prompt,15,partC_FunctionGemma-270M__summary_prompt__N15.json,21,4
FunctionGemma-270M|summary_prompt|N15|22,FunctionGemma-270M,summary_prompt,15,partC_FunctionGemma-270M__summary_prompt__N15.json,22,4
FunctionGemma-270M|summary_prompt|N15|23,FunctionGemma-270M,summary_prompt,15,partC_FunctionGemma-270M__summary_prompt__N15.json,23,1
FunctionGemma-270M|summary_prompt|N15|24,FunctionGemma-270M,summary_prompt,15,partC_FunctionGemma-270M__summary_prompt__N15.json,24,7
FunctionGemma-270M|summary_prompt|N15|25,FunctionGemma-270M,summary_prompt,15,partC_FunctionGemma-270M__summary_prompt__N15.json,25,3
FunctionGemma-270M|summary_prompt|N15|26,FunctionGemma-270M,summary_prompt,15,partC_FunctionGemma-270M__summary_prompt__N15.json,26,3
FunctionGemma-270M|summary_prompt|N15|27,FunctionGemma-270M,summary_prompt,15,partC_FunctionGemma-270M__summary_prompt__N15.json,27,3
FunctionGemma-270M|summary_prompt|N15|28,FunctionGemma-270M,summary_prompt,15,partC_FunctionGemma-270M__summary_prompt__N15.json,28,1
FunctionGemma-270M|summary_prompt|N15|29,FunctionGemma-270M,summary_prompt,15,partC_FunctionGemma-270M__summary_prompt__N15.json,29,4
FunctionGemma-270M|summary_prompt|N15|30,FunctionGemma-270M,summary_prompt,15,partC_FunctionGemma-270M__summary_prompt__N15.json,30,4
FunctionGemma-270M|summary_prompt|N15|31,FunctionGemma-270M,summary_prompt,15,partC_FunctionGemma-270M__summary_prompt__N15.json,31,1
FunctionGemma-270M|summary_prompt|N15|32,FunctionGemma-270M,summary_prompt,15,partC_FunctionGemma-270M__summary_prompt__N15.json,32,1
FunctionGemma-270M|summary_prompt|N15|33,FunctionGemma-270M,summary_prompt,15,partC_FunctionGemma-270M__summary_prompt__N15.json,33,3
FunctionGemma-270M|summary_prompt|N15|34,FunctionGemma-270M,summary_prompt,15,partC_FunctionGemma-270M__summary_prompt__N15.json,34,3
FunctionGemma-270M|summary_prompt|N15|35,FunctionGemma-270M,summary_prompt,15,partC_FunctionGemma-270M__summary_prompt__N15.json,35,6
FunctionGemma-270M|summary_prompt|N15|36,FunctionGemma-270M,summary_prompt,15,partC_FunctionGemma-270M__summary_prompt__N15.json,36,6
FunctionGemma-270M|summary_prompt|N15|37,FunctionGemma-270M,summary_prompt,15,partC_FunctionGemma-270M__summary_prompt__N15.json,37,3
FunctionGemma-270M|summary_prompt|N15|38,FunctionGemma-270M,summary_prompt,15,partC_FunctionGemma-270M__summary_prompt__N15.json,38,1
FunctionGemma-270M|summary_prompt|N15|39,FunctionGemma-270M,summary_prompt,15,partC_FunctionGemma-270M__summary_prompt__N15.json,39,1
FunctionGemma-270M|summary_prompt|N15|40,FunctionGemma-270M,summary_prompt,15,partC_FunctionGemma-270M__summary_prompt__N15.json,40,3
FunctionGemma-270M|summary_prompt|N15|41,FunctionGemma-270M,summary_prompt,15,partC_FunctionGemma-270M__summary_prompt__N15.json,41,1
FunctionGemma-270M|summary_prompt|N15|42,FunctionGemma-270M,summary_prompt,15,partC_FunctionGemma-270M__summary_prompt__N15.json,42,6
FunctionGemma-270M|summary_prompt|N15|43,FunctionGemma-270M,summary_prompt,15,partC_FunctionGemma-270M__summary_prompt__N15.json,43,6
FunctionGemma-270M|summary_prompt|N15|44,FunctionGemma-270M,summary_prompt,15,partC_FunctionGemma-270M__summary_prompt__N15.json,44,9
FunctionGemma-270M|summary_prompt|N15|45,FunctionGemma-270M,summary_prompt,15,partC_FunctionGemma-270M__summary_prompt__N15.json,45,4
FunctionGemma-270M|summary_prompt|N15|46,FunctionGemma-270M,summary_prompt,15,partC_FunctionGemma-270M__summary_prompt__N15.json,46,4
FunctionGemma-270M|summary_prompt|N15|47,FunctionGemma-270M,summary_prompt,15,partC_FunctionGemma-270M__summary_prompt__N15.json,47,6
FunctionGemma-270M|summary_prompt|N15|48,FunctionGemma-270M,summary_prompt,15,partC_FunctionGemma-270M__summary_prompt__N15.json,48,6
FunctionGemma-270M|summary_prompt|N15|49,FunctionGemma-270M,summary_prompt,15,partC_FunctionGemma-270M__summary_prompt__N15.json,49,3
FunctionGemma-270M|summary_prompt|N15|50,FunctionGemma-270M,summary_prompt,15,partC_FunctionGemma-270M__summary_prompt__N15.json,50,3
FunctionGemma-270M|summary_prompt|N15|51,FunctionGemma-270M,summary_prompt,15,partC_FunctionGemma-270M__summary_prompt__N15.json,51,4
FunctionGemma-270M|summary_prompt|N15|52,FunctionGemma-270M,summary_prompt,15,partC_FunctionGemma-270M__summary_prompt__N15.json,52,3
FunctionGemma-270M|summary_prompt|N15|53,FunctionGemma-270M,summary_prompt,15,partC_FunctionGemma-270M__summary_prompt__N15.json,53,4
FunctionGemma-270M|summary_prompt|N15|54,FunctionGemma-270M,summary_prompt,15,partC_FunctionGemma-270M__summary_prompt__N15.json,54,3
FunctionGemma-270M|summary_prompt|N15|55,FunctionGemma-270M,summary_prompt,15,partC_FunctionGemma-270M__summary_prompt__N15.json,55,6
FunctionGemma-270M|summary_prompt|N15|56,FunctionGemma-270M,summary_prompt,15,partC_FunctionGemma-270M__summary_prompt__N15.json,56,4
FunctionGemma-270M|summary_prompt|N15|57,FunctionGemma-270M,summary_prompt,15,partC_FunctionGemma-270M__summary_prompt__N15.json,57,4
FunctionGemma-270M|summary_prompt|N15|58,FunctionGemma-270M,summary_prompt,15,partC_FunctionGemma-270M__summary_prompt__N15.json,58,3
FunctionGemma-270M|summary_prompt|N15|59,FunctionGemma-270M,summary_prompt,15,partC_FunctionGemma-270M__summary_prompt__N15.json,59,1
FunctionGemma-270M|summary_prompt|N15|60,FunctionGemma-270M,summary_prompt,15,partC_FunctionGemma-270M__summary_prompt__N15.json,60,3
FunctionGemma-270M|summary_prompt|N15|61,FunctionGemma-270M,summary_prompt,15,partC_FunctionGemma-270M__summary_prompt__N15.json,61,4
FunctionGemma-270M|summary_prompt|N15|62,FunctionGemma-270M,summary_prompt,15,partC_FunctionGemma-270M__summary_prompt__N15.json,62,4
FunctionGemma-270M|summary_prompt|N15|63,FunctionGemma-270M,summary_prompt,15,partC_FunctionGemma-270M__summary_prompt__N15.json,63,3
FunctionGemma-270M|summary_prompt|N15|64,FunctionGemma-270M,summary_prompt,15,partC_FunctionGemma-270M__summary_prompt__N15.json,64,3
FunctionGemma-270M|summary_prompt|N15|65,FunctionGemma-270M,summary_prompt,15,partC_FunctionGemma-270M__summary_prompt__N15.json,65,3
FunctionGemma-270M|summary_prompt|N15|66,FunctionGemma-270M,summary_prompt,15,partC_FunctionGemma-270M__summary_prompt__N15.json,66,3
FunctionGemma-270M|summary_prompt|N15|67,FunctionGemma-270M,summary_prompt,15,partC_FunctionGemma-270M__summary_prompt__N15.json,67,1
FunctionGemma-270M|summary_prompt|N15|68,FunctionGemma-270M,summary_prompt,15,partC_FunctionGemma-270M__summary_prompt__N15.json,68,3
FunctionGemma-270M|summary_prompt|N15|69,FunctionGemma-270M,summary_prompt,15,partC_FunctionGemma-270M__summary_prompt__N15.json,69,1
FunctionGemma-270M|summary_prompt|N15|70,FunctionGemma-270M,summary_prompt,15,partC_FunctionGemma-270M__summary_prompt__N15.json,70,3
FunctionGemma-270M|summary_prompt|N15|71,FunctionGemma-270M,summary_prompt,15,partC_FunctionGemma-270M__summary_prompt__N15.json,71,3
FunctionGemma-270M|summary_prompt|N15|72,FunctionGemma-270M,summary_prompt,15,partC_FunctionGemma-270M__summary_prompt__N15.json,72,9
FunctionGemma-270M|summary_prompt|N15|73,FunctionGemma-270M,summary_prompt,15,partC_FunctionGemma-270M__summary_prompt__N15.json,73,1
FunctionGemma-270M|summary_prompt|N15|74,FunctionGemma-270M,summary_prompt,15,partC_FunctionGemma-270M__summary_prompt__N15.json,74,4
FunctionGemma-270M|summary_prompt|N15|75,FunctionGemma-270M,summary_prompt,15,partC_FunctionGemma-270M__summary_prompt__N15.json,75,1
FunctionGemma-270M|summary_prompt|N15|76,FunctionGemma-270M,summary_prompt,15,partC_FunctionGemma-270M__summary_prompt__N15.json,76,1
FunctionGemma-270M|summary_prompt|N15|77,FunctionGemma-270M,summary_prompt,15,partC_FunctionGemma-270M__summary_prompt__N15.json,77,3
FunctionGemma-270M|summary_prompt|N15|78,FunctionGemma-270M,summary_prompt,15,partC_FunctionGemma-270M__summary_prompt__N15.json,78,3
FunctionGemma-270M|summary_prompt|N15|79,FunctionGemma-270M,summary_prompt,15,partC_FunctionGemma-270M__summary_prompt__N15.json,79,1
FunctionGemma-270M|summary_prompt|N15|80,FunctionGemma-270M,summary_prompt,15,partC_FunctionGemma-270M__summary_prompt__N15.json,80,3
FunctionGemma-270M|summary_prompt|N15|81,FunctionGemma-270M,summary_prompt,15,partC_FunctionGemma-270M__summary_prompt__N15.json,81,4
FunctionGemma-270M|summary_prompt|N15|82,FunctionGemma-270M,summary_prompt,15,partC_FunctionGemma-270M__summary_prompt__N15.json,82,3
FunctionGemma-270M|summary_prompt|N15|83,FunctionGemma-270M,summary_prompt,15,partC_FunctionGemma-270M__summary_prompt__N15.json,83,9
FunctionGemma-270M|summary_prompt|N15|84,FunctionGemma-270M,summary_prompt,15,partC_FunctionGemma-270M__summary_prompt__N15.json,84,9
FunctionGemma-270M|summary_prompt|N15|85,FunctionGemma-270M,summary_prompt,15,partC_FunctionGemma-270M__summary_prompt__N15.json,85,1
FunctionGemma-270M|summary_prompt|N15|86,FunctionGemma-270M,summary_prompt,15,partC_FunctionGemma-270M__summary_prompt__N15.json,86,4
FunctionGemma-270M|summary_prompt|N15|87,FunctionGemma-270M,summary_prompt,15,partC_FunctionGemma-270M__summary_prompt__N15.json,87,6
FunctionGemma-270M|summary_prompt|N15|88,FunctionGemma-270M,summary_prompt,15,partC_FunctionGemma-270M__summary_prompt__N15.json,88,4
FunctionGemma-270M|summary_prompt|N15|89,FunctionGemma-270M,summary_prompt,15,partC_FunctionGemma-270M__summary_prompt__N15.json,89,3
FunctionGemma-270M|summary_prompt|N15|90,FunctionGemma-270M,summary_prompt,15,partC_FunctionGemma-270M__summary_prompt__N15.json,90,6
FunctionGemma-270M|summary_prompt|N15|91,FunctionGemma-270M,summary_prompt,15,partC_FunctionGemma-270M__summary_prompt__N15.json,91,6
FunctionGemma-270M|summary_prompt|N15|92,FunctionGemma-270M,summary_prompt,15,partC_FunctionGemma-270M__summary_prompt__N15.json,92,6
FunctionGemma-270M|summary_prompt|N15|93,FunctionGemma-270M,summary_prompt,15,partC_FunctionGemma-270M__summary_prompt__N15.json,93,3
FunctionGemma-270M|summary_prompt|N15|94,FunctionGemma-270M,summary_prompt,15,partC_FunctionGemma-270M__summary_prompt__N15.json,94,9
FunctionGemma-270M|summary_prompt|N15|95,FunctionGemma-270M,summary_prompt,15,partC_FunctionGemma-270M__summary_prompt__N15.json,95,3
FunctionGemma-270M|summary_prompt|N15|96,FunctionGemma-270M,summary_prompt,15,partC_FunctionGemma-270M__summary_prompt__N15.json,96,3
FunctionGemma-270M|summary_prompt|N15|97,FunctionGemma-270M,summary_prompt,15,partC_FunctionGemma-270M__summary_prompt__N15.json,97,4
FunctionGemma-270M|summary_prompt|N15|98,FunctionGemma-270M,summary_prompt,15,partC_FunctionGemma-270M__summary_prompt__N15.json,98,6
FunctionGemma-270M|summary_prompt|N15|99,FunctionGemma-270M,summary_prompt,15,partC_FunctionGemma-270M__summary_prompt__N15.json,99,3
FunctionGemma-270M|summary_prompt|N15|100,FunctionGemma-270M,summary_prompt,15,partC_FunctionGemma-270M__summary_prompt__N15.json,100,9
FunctionGemma-270M|summary_prompt|N15|101,FunctionGemma-270M,summary_prompt,15,partC_FunctionGemma-270M__summary_prompt__N15.json,101,9
FunctionGemma-270M|summary_prompt|N15|102,FunctionGemma-270M,summary_prompt,15,partC_FunctionGemma-270M__summary_prompt__N15.json,102,4
FunctionGemma-270M|summary_prompt|N15|103,FunctionGemma-270M,summary_prompt,15,partC_FunctionGemma-270M__summary_prompt__N15.json,103,9
FunctionGemma-270M|summary_prompt|N15|104,FunctionGemma-270M,summary_prompt,15,partC_FunctionGemma-270M__summary_prompt__N15.json,104,3
FunctionGemma-270M|summary_prompt|N15|105,FunctionGemma-270M,summary_prompt,15,partC_FunctionGemma-270M__summary_prompt__N15.json,105,9
FunctionGemma-270M|summary_prompt|N15|106,FunctionGemma-270M,summary_prompt,15,partC_FunctionGemma-270M__summary_prompt__N15.json,106,9
FunctionGemma-270M|summary_prompt|N15|107,FunctionGemma-270M,summary_prompt,15,partC_FunctionGemma-270M__summary_prompt__N15.json,107,6
FunctionGemma-270M|summary_prompt|N15|108,FunctionGemma-270M,summary_prompt,15,partC_FunctionGemma-270M__summary_prompt__N15.json,108,9
FunctionGemma-270M|summary_prompt|N15|109,FunctionGemma-270M,summary_prompt,15,partC_FunctionGemma-270M__summary_prompt__N15.json,109,9
FunctionGemma-270M|summary_prompt|N15|110,FunctionGemma-270M,summary_prompt,15,partC_FunctionGemma-270M__summary_prompt__N15.json,110,6
FunctionGemma-270M|summary_prompt|N15|111,FunctionGemma-270M,summary_prompt,15,partC_FunctionGemma-270M__summary_prompt__N15.json,111,9
FunctionGemma-270M|summary_prompt|N15|112,FunctionGemma-270M,summary_prompt,15,partC_FunctionGemma-270M__summary_prompt__N15.json,112,3
FunctionGemma-270M|summary_prompt|N15|113,FunctionGemma-270M,summary_prompt,15,partC_FunctionGemma-270M__summary_prompt__N15.json,113,10
FunctionGemma-270M|summary_prompt|N15|114,FunctionGemma-270M,summary_prompt,15,partC_FunctionGemma-270M__summary_prompt__N15.json,114,9
FunctionGemma-270M|summary_prompt|N15|115,FunctionGemma-270M,summary_prompt,15,partC_FunctionGemma-270M__summary_prompt__N15.json,115,9
FunctionGemma-270M|summary_prompt|N15|116,FunctionGemma-270M,summary_prompt,15,partC_FunctionGemma-270M__summary_prompt__N15.json,116,6
FunctionGemma-270M|summary_prompt|N15|117,FunctionGemma-270M,summary_prompt,15,partC_FunctionGemma-270M__summary_prompt__N15.json,117,9
FunctionGemma-270M|summary_prompt|N15|118,FunctionGemma-270M,summary_prompt,15,partC_FunctionGemma-270M__summary_prompt__N15.json,118,9
FunctionGemma-270M|summary_prompt|N15|119,FunctionGemma-270M,summary_prompt,15,partC_FunctionGemma-270M__summary_prompt__N15.json,119,9
FunctionGemma-270M|summary_prompt|N15|120,FunctionGemma-270M,summary_prompt,15,partC_FunctionGemma-270M__summary_prompt__N15.json,120,3
FunctionGemma-270M|summary_prompt|N15|121,FunctionGemma-270M,summary_prompt,15,partC_FunctionGemma-270M__summary_prompt__N15.json,121,4
FunctionGemma-270M|summary_prompt|N15|122,FunctionGemma-270M,summary_prompt,15,partC_FunctionGemma-270M__summary_prompt__N15.json,122,3
FunctionGemma-270M|summary_prompt|N15|123,FunctionGemma-270M,summary_prompt,15,partC_FunctionGemma-270M__summary_prompt__N15.json,123,6
FunctionGemma-270M|summary_prompt|N15|124,FunctionGemma-270M,summary_prompt,15,partC_FunctionGemma-270M__summary_prompt__N15.json,124,4
FunctionGemma-270M|summary_prompt|N15|125,FunctionGemma-270M,summary_prompt,15,partC_FunctionGemma-270M__summary_prompt__N15.json,125,7
FunctionGemma-270M|summary_prompt|N15|126,FunctionGemma-270M,summary_prompt,15,partC_FunctionGemma-270M__summary_prompt__N15.json,126,9
FunctionGemma-270M|summary_prompt|N15|127,FunctionGemma-270M,summary_prompt,15,partC_FunctionGemma-270M__summary_prompt__N15.json,127,3
FunctionGemma-270M|summary_prompt|N15|128,FunctionGemma-270M,summary_prompt,15,partC_FunctionGemma-270M__summary_prompt__N15.json,128,6
FunctionGemma-270M|summary_prompt|N15|129,FunctionGemma-270M,summary_prompt,15,partC_FunctionGemma-270M__summary_prompt__N15.json,129,4
FunctionGemma-270M|summary_prompt|N15|130,FunctionGemma-270M,summary_prompt,15,partC_FunctionGemma-270M__summary_prompt__N15.json,130,8
FunctionGemma-270M|summary_prompt|N15|131,FunctionGemma-270M,summary_prompt,15,partC_FunctionGemma-270M__summary_prompt__N15.json,131,1
FunctionGemma-270M|summary_prompt|N15|132,FunctionGemma-270M,summary_prompt,15,partC_FunctionGemma-270M__summary_prompt__N15.json,132,9
FunctionGemma-270M|summary_prompt|N15|133,FunctionGemma-270M,summary_prompt,15,partC_FunctionGemma-270M__summary_prompt__N15.json,133,7
FunctionGemma-270M|summary_prompt|N15|134,FunctionGemma-270M,summary_prompt,15,partC_FunctionGemma-270M__summary_prompt__N15.json,134,4
FunctionGemma-270M|summary_prompt|N15|135,FunctionGemma-270M,summary_prompt,15,partC_FunctionGemma-270M__summary_prompt__N15.json,135,3
FunctionGemma-270M|summary_prompt|N15|136,FunctionGemma-270M,summary_prompt,15,partC_FunctionGemma-270M__summary_prompt__N15.json,136,9
FunctionGemma-270M|summary_prompt|N15|137,FunctionGemma-270M,summary_prompt,15,partC_FunctionGemma-270M__summary_prompt__N15.json,137,9
FunctionGemma-270M|summary_prompt|N15|138,FunctionGemma-270M,summary_prompt,15,partC_FunctionGemma-270M__summary_prompt__N15.json,138,6
FunctionGemma-270M|summary_prompt|N15|139,FunctionGemma-270M,summary_prompt,15,partC_FunctionGemma-270M__summary_prompt__N15.json,139,4
FunctionGemma-270M|summary_prompt|N15|140,FunctionGemma-270M,summary_prompt,15,partC_FunctionGemma-270M__summary_prompt__N15.json,140,1
FunctionGemma-270M|summary_prompt|N15|141,FunctionGemma-270M,summary_prompt,15,partC_FunctionGemma-270M__summary_prompt__N15.json,141,4
FunctionGemma-270M|summary_prompt|N15|142,FunctionGemma-270M,summary_prompt,15,partC_FunctionGemma-270M__summary_prompt__N15.json,142,1
FunctionGemma-270M|summary_prompt|N15|143,FunctionGemma-270M,summary_prompt,15,partC_FunctionGemma-270M__summary_prompt__N15.json,143,1
FunctionGemma-270M|summary_prompt|N15|144,FunctionGemma-270M,summary_prompt,15,partC_FunctionGemma-270M__summary_prompt__N15.json,144,3
FunctionGemma-270M|summary_prompt|N15|145,FunctionGemma-270M,summary_prompt,15,partC_FunctionGemma-270M__summary_prompt__N15.json,145,1
FunctionGemma-270M|summary_prompt|N15|146,FunctionGemma-270M,summary_prompt,15,partC_FunctionGemma-270M__summary_prompt__N15.json,146,4
FunctionGemma-270M|summary_prompt|N15|147,FunctionGemma-270M,summary_prompt,15,partC_FunctionGemma-270M__summary_prompt__N15.json,147,6
FunctionGemma-270M|summary_prompt|N15|148,FunctionGemma-270M,summary_prompt,15,partC_FunctionGemma-270M__summary_prompt__N15.json,148,4
FunctionGemma-270M|summary_prompt|N15|149,FunctionGemma-270M,summary_prompt,15,partC_FunctionGemma-270M__summary_prompt__N15.json,149,1
FunctionGemma-270M|summary_prompt|N15|150,FunctionGemma-270M,summary_prompt,15,partC_FunctionGemma-270M__summary_prompt__N15.json,150,3
FunctionGemma-270M|summary_prompt|N15|151,FunctionGemma-270M,summary_prompt,15,partC_FunctionGemma-270M__summary_prompt__N15.json,151,1
FunctionGemma-270M|summary_prompt|N15|152,FunctionGemma-270M,summary_prompt,15,partC_FunctionGemma-270M__summary_prompt__N15.json,152,4
FunctionGemma-270M|summary_prompt|N15|153,FunctionGemma-270M,summary_prompt,15,partC_FunctionGemma-270M__summary_prompt__N15.json,153,4
FunctionGemma-270M|summary_prompt|N15|154,FunctionGemma-270M,summary_prompt,15,partC_FunctionGemma-270M__summary_prompt__N15.json,154,4
FunctionGemma-270M|summary_prompt|N15|155,FunctionGemma-270M,summary_prompt,15,partC_FunctionGemma-270M__summary_prompt__N15.json,155,3
FunctionGemma-270M|summary_prompt|N15|156,FunctionGemma-270M,summary_prompt,15,partC_FunctionGemma-270M__summary_prompt__N15.json,156,1
FunctionGemma-270M|summary_prompt|N15|157,FunctionGemma-270M,summary_prompt,15,partC_FunctionGemma-270M__summary_prompt__N15.json,157,4
FunctionGemma-270M|summary_prompt|N15|158,FunctionGemma-270M,summary_prompt,15,partC_FunctionGemma-270M__summary_prompt__N15.json,158,4
FunctionGemma-270M|summary_prompt|N15|159,FunctionGemma-270M,summary_prompt,15,partC_FunctionGemma-270M__summary_prompt__N15.json,159,1
FunctionGemma-270M|summary_prompt|N15|160,FunctionGemma-270M,summary_prompt,15,partC_FunctionGemma-270M__summary_prompt__N15.json,160,3
FunctionGemma-270M|summary_prompt|N15|161,FunctionGemma-270M,summary_prompt,15,partC_FunctionGemma-270M__summary_prompt__N15.json,161,4
FunctionGemma-270M|summary_prompt|N15|162,FunctionGemma-270M,summary_prompt,15,partC_FunctionGemma-270M__summary_prompt__N15.json,162,6
FunctionGemma-270M|summary_prompt|N15|163,FunctionGemma-270M,summary_prompt,15,partC_FunctionGemma-270M__summary_prompt__N15.json,163,6
FunctionGemma-270M|summary_prompt|N15|164,FunctionGemma-270M,summary_prompt,15,partC_FunctionGemma-270M__summary_prompt__N15.json,164,2
FunctionGemma-270M|summary_prompt|N15|165,FunctionGemma-270M,summary_prompt,15,partC_FunctionGemma-270M__summary_prompt__N15.json,165,3
FunctionGemma-270M|summary_prompt|N15|166,FunctionGemma-270M,summary_prompt,15,partC_FunctionGemma-270M__summary_prompt__N15.json,166,6
FunctionGemma-270M|summary_prompt|N15|167,FunctionGemma-270M,summary_prompt,15,partC_FunctionGemma-270M__summary_prompt__N15.json,167,4
FunctionGemma-270M|summary_prompt|N15|168,FunctionGemma-270M,summary_prompt,15,partC_FunctionGemma-270M__summary_prompt__N15.json,168,4
FunctionGemma-270M|summary_prompt|N15|169,FunctionGemma-270M,summary_prompt,15,partC_FunctionGemma-270M__summary_prompt__N15.json,169,6
FunctionGemma-270M|summary_prompt|N15|170,FunctionGemma-270M,summary_prompt,15,partC_FunctionGemma-270M__summary_prompt__N15.json,170,3
FunctionGemma-270M|summary_prompt|N15|171,FunctionGemma-270M,summary_prompt,15,partC_FunctionGemma-270M__summary_prompt__N15.json,171,4
FunctionGemma-270M|summary_prompt|N15|172,FunctionGemma-270M,summary_prompt,15,partC_FunctionGemma-270M__summary_prompt__N15.json,172,3
FunctionGemma-270M|summary_prompt|N15|173,FunctionGemma-270M,summary_prompt,15,partC_FunctionGemma-270M__summary_prompt__N15.json,173,4
FunctionGemma-270M|summary_prompt|N15|174,FunctionGemma-270M,summary_prompt,15,partC_FunctionGemma-270M__summary_prompt__N15.json,174,6
FunctionGemma-270M|summary_prompt|N15|175,FunctionGemma-270M,summary_prompt,15,partC_FunctionGemma-270M__summary_prompt__N15.json,175,4
FunctionGemma-270M|summary_prompt|N15|176,FunctionGemma-270M,summary_prompt,15,partC_FunctionGemma-270M__summary_prompt__N15.json,176,6
FunctionGemma-270M|summary_prompt|N15|177,FunctionGemma-270M,summary_prompt,15,partC_FunctionGemma-270M__summary_prompt__N15.json,177,4
FunctionGemma-270M|summary_prompt|N15|178,FunctionGemma-270M,summary_prompt,15,partC_FunctionGemma-270M__summary_prompt__N15.json,178,3
FunctionGemma-270M|summary_prompt|N15|179,FunctionGemma-270M,summary_prompt,15,partC_FunctionGemma-270M__summary_prompt__N15.json,179,6
FunctionGemma-270M|summary_prompt|N15|180,FunctionGemma-270M,summary_prompt,15,partC_FunctionGemma-270M__summary_prompt__N15.json,180,4
FunctionGemma-270M|summary_prompt|N15|181,FunctionGemma-270M,summary_prompt,15,partC_FunctionGemma-270M__summary_prompt__N15.json,181,4
FunctionGemma-270M|summary_prompt|N15|182,FunctionGemma-270M,summary_prompt,15,partC_FunctionGemma-270M__summary_prompt__N15.json,182,3
FunctionGemma-270M|summary_prompt|N15|183,FunctionGemma-270M,summary_prompt,15,partC_FunctionGemma-270M__summary_prompt__N15.json,183,3
FunctionGemma-270M|summary_prompt|N15|184,FunctionGemma-270M,summary_prompt,15,partC_FunctionGemma-270M__summary_prompt__N15.json,184,4
FunctionGemma-270M|summary_prompt|N15|185,FunctionGemma-270M,summary_prompt,15,partC_FunctionGemma-270M__summary_prompt__N15.json,185,1
FunctionGemma-270M|summary_prompt|N15|186,FunctionGemma-270M,summary_prompt,15,partC_FunctionGemma-270M__summary_prompt__N15.json,186,7
FunctionGemma-270M|summary_prompt|N15|187,FunctionGemma-270M,summary_prompt,15,partC_FunctionGemma-270M__summary_prompt__N15.json,187,6
FunctionGemma-270M|summary_prompt|N15|188,FunctionGemma-270M,summary_prompt,15,partC_FunctionGemma-270M__summary_prompt__N15.json,188,6
FunctionGemma-270M|summary_prompt|N15|189,FunctionGemma-270M,summary_prompt,15,partC_FunctionGemma-270M__summary_prompt__N15.json,189,6
FunctionGemma-270M|summary_prompt|N15|190,FunctionGemma-270M,summary_prompt,15,partC_FunctionGemma-270M__summary_prompt__N15.json,190,3
FunctionGemma-270M|summary_prompt|N15|191,FunctionGemma-270M,summary_prompt,15,partC_FunctionGemma-270M__summary_prompt__N15.json,191,6
FunctionGemma-270M|summary_prompt|N15|192,FunctionGemma-270M,summary_prompt,15,partC_FunctionGemma-270M__summary_prompt__N15.json,192,6
FunctionGemma-270M|summary_prompt|N15|193,FunctionGemma-270M,summary_prompt,15,partC_FunctionGemma-270M__summary_prompt__N15.json,193,4
FunctionGemma-270M|summary_prompt|N15|194,FunctionGemma-270M,summary_prompt,15,partC_FunctionGemma-270M__summary_prompt__N15.json,194,3
FunctionGemma-270M|summary_prompt|N15|195,FunctionGemma-270M,summary_prompt,15,partC_FunctionGemma-270M__summary_prompt__N15.json,195,4
FunctionGemma-270M|summary_prompt|N15|196,FunctionGemma-270M,summary_prompt,15,partC_FunctionGemma-270M__summary_prompt__N15.json,196,4
FunctionGemma-270M|summary_prompt|N15|197,FunctionGemma-270M,summary_prompt,15,partC_FunctionGemma-270M__summary_prompt__N15.json,197,6
FunctionGemma-270M|summary_prompt|N15|198,FunctionGemma-270M,summary_prompt,15,partC_FunctionGemma-270M__summary_prompt__N15.json,198,7
FunctionGemma-270M|summary_prompt|N15|199,FunctionGemma-270M,summary_prompt,15,partC_FunctionGemma-270M__summary_prompt__N15.json,199,6
FunctionGemma-270M|summary_prompt|N15|200,FunctionGemma-270M,summary_prompt,15,partC_FunctionGemma-270M__summary_prompt__N15.json,200,3
FunctionGemma-270M|summary_prompt|N15|201,FunctionGemma-270M,summary_prompt,15,partC_FunctionGemma-270M__summary_prompt__N15.json,201,4
FunctionGemma-270M|summary_prompt|N15|202,FunctionGemma-270M,summary_prompt,15,partC_FunctionGemma-270M__summary_prompt__N15.json,202,6
FunctionGemma-270M|summary_prompt|N15|203,FunctionGemma-270M,summary_prompt,15,partC_FunctionGemma-270M__summary_prompt__N15.json,203,3
FunctionGemma-270M|summary_prompt|N15|204,FunctionGemma-270M,summary_prompt,15,partC_FunctionGemma-270M__summary_prompt__N15.json,204,7
FunctionGemma-270M|summary_prompt|N15|205,FunctionGemma-270M,summary_prompt,15,partC_FunctionGemma-270M__summary_prompt__N15.json,205,6
FunctionGemma-270M|summary_prompt|N15|206,FunctionGemma-270M,summary_prompt,15,partC_FunctionGemma-270M__summary_prompt__N15.json,206,6
FunctionGemma-270M|summary_prompt|N15|207,FunctionGemma-270M,summary_prompt,15,partC_FunctionGemma-270M__summary_prompt__N15.json,207,6
FunctionGemma-270M|summary_prompt|N15|208,FunctionGemma-270M,summary_prompt,15,partC_FunctionGemma-270M__summary_prompt__N15.json,208,6
FunctionGemma-270M|summary_prompt|N15|209,FunctionGemma-270M,summary_prompt,15,partC_FunctionGemma-270M__summary_prompt__N15.json,209,4
FunctionGemma-270M|summary_prompt|N15|210,FunctionGemma-270M,summary_prompt,15,partC_FunctionGemma-270M__summary_prompt__N15.json,210,3
FunctionGemma-270M|summary_prompt|N15|211,FunctionGemma-270M,summary_prompt,15,partC_FunctionGemma-270M__summary_prompt__N15.json,211,7
FunctionGemma-270M|summary_prompt|N15|212,FunctionGemma-270M,summary_prompt,15,partC_FunctionGemma-270M__summary_prompt__N15.json,212,3
FunctionGemma-270M|summary_prompt|N15|213,FunctionGemma-270M,summary_prompt,15,partC_FunctionGemma-270M__summary_prompt__N15.json,213,1
FunctionGemma-270M|summary_prompt|N15|214,FunctionGemma-270M,summary_prompt,15,partC_FunctionGemma-270M__summary_prompt__N15.json,214,6
FunctionGemma-270M|summary_prompt|N15|215,FunctionGemma-270M,summary_prompt,15,partC_FunctionGemma-270M__summary_prompt__N15.json,215,6
FunctionGemma-270M|summary_prompt|N15|216,FunctionGemma-270M,summary_prompt,15,partC_FunctionGemma-270M__summary_prompt__N15.json,216,6
FunctionGemma-270M|summary_prompt|N15|217,FunctionGemma-270M,summary_prompt,15,partC_FunctionGemma-270M__summary_prompt__N15.json,217,7
FunctionGemma-270M|summary_prompt|N15|218,FunctionGemma-270M,summary_prompt,15,partC_FunctionGemma-270M__summary_prompt__N15.json,218,6
FunctionGemma-270M|summary_prompt|N15|219,FunctionGemma-270M,summary_prompt,15,partC_FunctionGemma-270M__summary_prompt__N15.json,219,6
FunctionGemma-270M|summary_prompt|N15|220,FunctionGemma-270M,summary_prompt,15,partC_FunctionGemma-270M__summary_prompt__N15.json,220,1
FunctionGemma-270M|summary_prompt|N15|221,FunctionGemma-270M,summary_prompt,15,partC_FunctionGemma-270M__summary_prompt__N15.json,221,1
FunctionGemma-270M|summary_prompt|N15|222,FunctionGemma-270M,summary_prompt,15,partC_FunctionGemma-270M__summary_prompt__N15.json,222,1
FunctionGemma-270M|summary_prompt|N15|223,FunctionGemma-270M,summary_prompt,15,partC_FunctionGemma-270M__summary_prompt__N15.json,223,9
FunctionGemma-270M|summary_prompt|N15|224,FunctionGemma-270M,summary_prompt,15,partC_FunctionGemma-270M__summary_prompt__N15.json,224,4
FunctionGemma-270M|summary_prompt|N15|225,FunctionGemma-270M,summary_prompt,15,partC_FunctionGemma-270M__summary_prompt__N15.json,225,3
FunctionGemma-270M|summary_prompt|N15|226,FunctionGemma-270M,summary_prompt,15,partC_FunctionGemma-270M__summary_prompt__N15.json,226,6
FunctionGemma-270M|summary_prompt|N15|227,FunctionGemma-270M,summary_prompt,15,partC_FunctionGemma-270M__summary_prompt__N15.json,227,4
FunctionGemma-270M|summary_prompt|N15|228,FunctionGemma-270M,summary_prompt,15,partC_FunctionGemma-270M__summary_prompt__N15.json,228,4
FunctionGemma-270M|summary_prompt|N15|229,FunctionGemma-270M,summary_prompt,15,partC_FunctionGemma-270M__summary_prompt__N15.json,229,6
FunctionGemma-270M|summary_prompt|N15|230,FunctionGemma-270M,summary_prompt,15,partC_FunctionGemma-270M__summary_prompt__N15.json,230,4
FunctionGemma-270M|summary_prompt|N15|231,FunctionGemma-270M,summary_prompt,15,partC_FunctionGemma-270M__summary_prompt__N15.json,231,3
FunctionGemma-270M|summary_prompt|N15|232,FunctionGemma-270M,summary_prompt,15,partC_FunctionGemma-270M__summary_prompt__N15.json,232,1
FunctionGemma-270M|summary_prompt|N15|233,FunctionGemma-270M,summary_prompt,15,partC_FunctionGemma-270M__summary_prompt__N15.json,233,1
FunctionGemma-270M|summary_prompt|N15|234,FunctionGemma-270M,summary_prompt,15,partC_FunctionGemma-270M__summary_prompt__N15.json,234,1
FunctionGemma-270M|summary_prompt|N15|235,FunctionGemma-270M,summary_prompt,15,partC_FunctionGemma-270M__summary_prompt__N15.json,235,6
FunctionGemma-270M|summary_prompt|N15|236,FunctionGemma-270M,summary_prompt,15,partC_FunctionGemma-270M__summary_prompt__N15.json,236,3
FunctionGemma-270M|summary_prompt|N15|237,FunctionGemma-270M,summary_prompt,15,partC_FunctionGemma-270M__summary_prompt__N15.json,237,3
FunctionGemma-270M|summary_prompt|N15|238,FunctionGemma-270M,summary_prompt,15,partC_FunctionGemma-270M__summary_prompt__N15.json,238,4
FunctionGemma-270M|summary_prompt|N15|239,FunctionGemma-270M,summary_prompt,15,partC_FunctionGemma-270M__summary_prompt__N15.json,239,1
FunctionGemma-270M|summary_prompt|N15|240,FunctionGemma-270M,summary_prompt,15,partC_FunctionGemma-270M__summary_prompt__N15.json,240,1
FunctionGemma-270M|summary_prompt|N15|241,FunctionGemma-270M,summary_prompt,15,partC_FunctionGemma-270M__summary_prompt__N15.json,241,1
FunctionGemma-270M|summary_prompt|N15|242,FunctionGemma-270M,summary_prompt,15,partC_FunctionGemma-270M__summary_prompt__N15.json,242,1
FunctionGemma-270M|summary_prompt|N15|243,FunctionGemma-270M,summary_prompt,15,partC_FunctionGemma-270M__summary_prompt__N15.json,243,4
FunctionGemma-270M|summary_prompt|N15|244,FunctionGemma-270M,summary_prompt,15,partC_FunctionGemma-270M__summary_prompt__N15.json,244,2
FunctionGemma-270M|summary_prompt|N15|245,FunctionGemma-270M,summary_prompt,15,partC_FunctionGemma-270M__summary_prompt__N15.json,245,1
FunctionGemma-270M|summary_prompt|N15|246,FunctionGemma-270M,summary_prompt,15,partC_FunctionGemma-270M__summary_prompt__N15.json,246,3
FunctionGemma-270M|summary_prompt|N15|247,FunctionGemma-270M,summary_prompt,15,partC_FunctionGemma-270M__summary_prompt__N15.json,247,2
FunctionGemma-270M|summary_prompt|N15|248,FunctionGemma-270M,summary_prompt,15,partC_FunctionGemma-270M__summary_prompt__N15.json,248,3
FunctionGemma-270M|summary_prompt|N15|249,FunctionGemma-270M,summary_prompt,15,partC_FunctionGemma-270M__summary_prompt__N15.json,249,6
FunctionGemma-270M|summary_prompt|N15|250,FunctionGemma-270M,summary_prompt,15,partC_FunctionGemma-270M__summary_prompt__N15.json,250,1
FunctionGemma-270M|summary_prompt|N15|251,FunctionGemma-270M,summary_prompt,15,partC_FunctionGemma-270M__summary_prompt__N15.json,251,1
FunctionGemma-270M|summary_prompt|N15|252,FunctionGemma-270M,summary_prompt,15,partC_FunctionGemma-270M__summary_prompt__N15.json,252,1
FunctionGemma-270M|summary_prompt|N15|253,FunctionGemma-270M,summary_prompt,15,partC_FunctionGemma-270M__summary_prompt__N15.json,253,3
FunctionGemma-270M|summary_prompt|N15|254,FunctionGemma-270M,summary_prompt,15,partC_FunctionGemma-270M__summary_prompt__N15.json,254,1
FunctionGemma-270M|summary_prompt|N15|255,FunctionGemma-270M,summary_prompt,15,partC_FunctionGemma-270M__summary_prompt__N15.json,255,3
FunctionGemma-270M|summary_prompt|N15|256,FunctionGemma-270M,summary_prompt,15,partC_FunctionGemma-270M__summary_prompt__N15.json,256,3
FunctionGemma-270M|summary_prompt|N15|257,FunctionGemma-270M,summary_prompt,15,partC_FunctionGemma-270M__summary_prompt__N15.json,257,1
FunctionGemma-270M|summary_prompt|N15|258,FunctionGemma-270M,summary_prompt,15,partC_FunctionGemma-270M__summary_prompt__N15.json,258,3
FunctionGemma-270M|summary_prompt|N15|259,FunctionGemma-270M,summary_prompt,15,partC_FunctionGemma-270M__summary_prompt__N15.json,259,3
FunctionGemma-270M|summary_prompt|N15|260,FunctionGemma-270M,summary_prompt,15,partC_FunctionGemma-270M__summary_prompt__N15.json,260,3
FunctionGemma-270M|summary_prompt|N15|261,FunctionGemma-270M,summary_prompt,15,partC_FunctionGemma-270M__summary_prompt__N15.json,261,3
FunctionGemma-270M|summary_prompt|N15|262,FunctionGemma-270M,summary_prompt,15,partC_FunctionGemma-270M__summary_prompt__N15.json,262,4
FunctionGemma-270M|summary_prompt|N15|263,FunctionGemma-270M,summary_prompt,15,partC_FunctionGemma-270M__summary_prompt__N15.json,263,4
FunctionGemma-270M|summary_prompt|N15|264,FunctionGemma-270M,summary_prompt,15,partC_FunctionGemma-270M__summary_prompt__N15.json,264,4
FunctionGemma-270M|summary_prompt|N15|265,FunctionGemma-270M,summary_prompt,15,partC_FunctionGemma-270M__summary_prompt__N15.json,265,4
FunctionGemma-270M|summary_prompt|N15|266,FunctionGemma-270M,summary_prompt,15,partC_FunctionGemma-270M__summary_prompt__N15.json,266,3
FunctionGemma-270M|summary_prompt|N15|267,FunctionGemma-270M,summary_prompt,15,partC_FunctionGemma-270M__summary_prompt__N15.json,267,4
FunctionGemma-270M|summary_prompt|N15|268,FunctionGemma-270M,summary_prompt,15,partC_FunctionGemma-270M__summary_prompt__N15.json,268,1
FunctionGemma-270M|summary_prompt|N15|269,FunctionGemma-270M,summary_prompt,15,partC_FunctionGemma-270M__summary_prompt__N15.json,269,4
FunctionGemma-270M|summary_prompt|N15|270,FunctionGemma-270M,summary_prompt,15,partC_FunctionGemma-270M__summary_prompt__N15.json,270,4
FunctionGemma-270M|summary_prompt|N15|271,FunctionGemma-270M,summary_prompt,15,partC_FunctionGemma-270M__summary_prompt__N15.json,271,1
FunctionGemma-270M|summary_prompt|N15|272,FunctionGemma-270M,summary_prompt,15,partC_FunctionGemma-270M__summary_prompt__N15.json,272,3
FunctionGemma-270M|summary_prompt|N15|273,FunctionGemma-270M,summary_prompt,15,partC_FunctionGemma-270M__summary_prompt__N15.json,273,3
FunctionGemma-270M|summary_prompt|N15|274,FunctionGemma-270M,summary_prompt,15,partC_FunctionGemma-270M__summary_prompt__N15.json,274,3
FunctionGemma-270M|summary_prompt|N15|275,FunctionGemma-270M,summary_prompt,15,partC_FunctionGemma-270M__summary_prompt__N15.json,275,3
FunctionGemma-270M|summary_prompt|N15|276,FunctionGemma-270M,summary_prompt,15,partC_FunctionGemma-270M__summary_prompt__N15.json,276,3
FunctionGemma-270M|summary_prompt|N15|277,FunctionGemma-270M,summary_prompt,15,partC_FunctionGemma-270M__summary_prompt__N15.json,277,1
FunctionGemma-270M|summary_prompt|N15|278,FunctionGemma-270M,summary_prompt,15,partC_FunctionGemma-270M__summary_prompt__N15.json,278,4
FunctionGemma-270M|summary_prompt|N15|279,FunctionGemma-270M,summary_prompt,15,partC_FunctionGemma-270M__summary_prompt__N15.json,279,3
FunctionGemma-270M|summary_prompt|N15|280,FunctionGemma-270M,summary_prompt,15,partC_FunctionGemma-270M__summary_prompt__N15.json,280,3
FunctionGemma-270M|summary_prompt|N15|281,FunctionGemma-270M,summary_prompt,15,partC_FunctionGemma-270M__summary_prompt__N15.json,281,1
FunctionGemma-270M|summary_prompt|N15|282,FunctionGemma-270M,summary_prompt,15,partC_FunctionGemma-270M__summary_prompt__N15.json,282,4
FunctionGemma-270M|summary_prompt|N15|283,FunctionGemma-270M,summary_prompt,15,partC_FunctionGemma-270M__summary_prompt__N15.json,283,3
FunctionGemma-270M|summary_prompt|N15|284,FunctionGemma-270M,summary_prompt,15,partC_FunctionGemma-270M__summary_prompt__N15.json,284,3
FunctionGemma-270M|summary_prompt|N15|285,FunctionGemma-270M,summary_prompt,15,partC_FunctionGemma-270M__summary_prompt__N15.json,285,3
FunctionGemma-270M|summary_prompt|N15|286,FunctionGemma-270M,summary_prompt,15,partC_FunctionGemma-270M__summary_prompt__N15.json,286,6
FunctionGemma-270M|summary_prompt|N15|287,FunctionGemma-270M,summary_prompt,15,partC_FunctionGemma-270M__summary_prompt__N15.json,287,1
FunctionGemma-270M|summary_prompt|N15|288,FunctionGemma-270M,summary_prompt,15,partC_FunctionGemma-270M__summary_prompt__N15.json,288,1
FunctionGemma-270M|summary_prompt|N15|289,FunctionGemma-270M,summary_prompt,15,partC_FunctionGemma-270M__summary_prompt__N15.json,289,2
FunctionGemma-270M|summary_prompt|N15|290,FunctionGemma-270M,summary_prompt,15,partC_FunctionGemma-270M__summary_prompt__N15.json,290,3
FunctionGemma-270M|summary_prompt|N15|291,FunctionGemma-270M,summary_prompt,15,partC_FunctionGemma-270M__summary_prompt__N15.json,291,4
FunctionGemma-270M|summary_prompt|N15|292,FunctionGemma-270M,summary_prompt,15,partC_FunctionGemma-270M__summary_prompt__N15.json,292,3
FunctionGemma-270M|summary_prompt|N15|293,FunctionGemma-270M,summary_prompt,15,partC_FunctionGemma-270M__summary_prompt__N15.json,293,3
FunctionGemma-270M|summary_prompt|N15|294,FunctionGemma-270M,summary_prompt,15,partC_FunctionGemma-270M__summary_prompt__N15.json,294,3
FunctionGemma-270M|summary_prompt|N15|295,FunctionGemma-270M,summary_prompt,15,partC_FunctionGemma-270M__summary_prompt__N15.json,295,3
FunctionGemma-270M|summary_prompt|N15|296,FunctionGemma-270M,summary_prompt,15,partC_FunctionGemma-270M__summary_prompt__N15.json,296,3
FunctionGemma-270M|summary_prompt|N15|297,FunctionGemma-270M,summary_prompt,15,partC_FunctionGemma-270M__summary_prompt__N15.json,297,3
FunctionGemma-270M|summary_prompt|N15|298,FunctionGemma-270M,summary_prompt,15,partC_FunctionGemma-270M__summary_prompt__N15.json,298,1
FunctionGemma-270M|summary_prompt|N15|299,FunctionGemma-270M,summary_prompt,15,partC_FunctionGemma-270M__summary_prompt__N15.json,299,4
FunctionGemma-270M|summary_prompt|N15|300,FunctionGemma-270M,summary_prompt,15,partC_FunctionGemma-270M__summary_prompt__N15.json,300,1
FunctionGemma-270M|summary_prompt|N15|301,FunctionGemma-270M,summary_prompt,15,partC_FunctionGemma-270M__summary_prompt__N15.json,301,1
FunctionGemma-270M|summary_prompt|N15|302,FunctionGemma-270M,summary_prompt,15,partC_FunctionGemma-270M__summary_prompt__N15.json,302,1
FunctionGemma-270M|summary_prompt|N15|303,FunctionGemma-270M,summary_prompt,15,partC_FunctionGemma-270M__summary_prompt__N15.json,303,4
FunctionGemma-270M|summary_prompt|N15|304,FunctionGemma-270M,summary_prompt,15,partC_FunctionGemma-270M__summary_prompt__N15.json,304,1
FunctionGemma-270M|summary_prompt|N15|305,FunctionGemma-270M,summary_prompt,15,partC_FunctionGemma-270M__summary_prompt__N15.json,305,9
FunctionGemma-270M|summary_prompt|N15|306,FunctionGemma-270M,summary_prompt,15,partC_FunctionGemma-270M__summary_prompt__N15.json,306,3
FunctionGemma-270M|summary_prompt|N15|307,FunctionGemma-270M,summary_prompt,15,partC_FunctionGemma-270M__summary_prompt__N15.json,307,4
FunctionGemma-270M|summary_prompt|N15|308,FunctionGemma-270M,summary_prompt,15,partC_FunctionGemma-270M__summary_prompt__N15.json,308,1
FunctionGemma-270M|summary_prompt|N15|309,FunctionGemma-270M,summary_prompt,15,partC_FunctionGemma-270M__summary_prompt__N15.json,309,3
FunctionGemma-270M|summary_prompt|N15|310,FunctionGemma-270M,summary_prompt,15,partC_FunctionGemma-270M__summary_prompt__N15.json,310,9
FunctionGemma-270M|summary_prompt|N15|311,FunctionGemma-270M,summary_prompt,15,partC_FunctionGemma-270M__summary_prompt__N15.json,311,4
FunctionGemma-270M|summary_prompt|N15|312,FunctionGemma-270M,summary_prompt,15,partC_FunctionGemma-270M__summary_prompt__N15.json,312,3
FunctionGemma-270M|summary_prompt|N15|313,FunctionGemma-270M,summary_prompt,15,partC_FunctionGemma-270M__summary_prompt__N15.json,313,3
FunctionGemma-270M|summary_prompt|N15|314,FunctionGemma-270M,summary_prompt,15,partC_FunctionGemma-270M__summary_prompt__N15.json,314,6
FunctionGemma-270M|summary_prompt|N15|315,FunctionGemma-270M,summary_prompt,15,partC_FunctionGemma-270M__summary_prompt__N15.json,315,4
FunctionGemma-270M|summary_prompt|N15|316,FunctionGemma-270M,summary_prompt,15,partC_FunctionGemma-270M__summary_prompt__N15.json,316,3
FunctionGemma-270M|summary_prompt|N15|317,FunctionGemma-270M,summary_prompt,15,partC_FunctionGemma-270M__summary_prompt__N15.json,317,6
FunctionGemma-270M|summary_prompt|N15|318,FunctionGemma-270M,summary_prompt,15,partC_FunctionGemma-270M__summary_prompt__N15.json,318,4
FunctionGemma-270M|summary_prompt|N15|319,FunctionGemma-270M,summary_prompt,15,partC_FunctionGemma-270M__summary_prompt__N15.json,319,1
FunctionGemma-270M|summary_prompt|N15|320,FunctionGemma-270M,summary_prompt,15,partC_FunctionGemma-270M__summary_prompt__N15.json,320,6
FunctionGemma-270M|summary_prompt|N15|321,FunctionGemma-270M,summary_prompt,15,partC_FunctionGemma-270M__summary_prompt__N15.json,321,6
FunctionGemma-270M|summary_prompt|N15|322,FunctionGemma-270M,summary_prompt,15,partC_FunctionGemma-270M__summary_prompt__N15.json,322,3
FunctionGemma-270M|summary_prompt|N15|323,FunctionGemma-270M,summary_prompt,15,partC_FunctionGemma-270M__summary_prompt__N15.json,323,4
FunctionGemma-270M|summary_prompt|N15|324,FunctionGemma-270M,summary_prompt,15,partC_FunctionGemma-270M__summary_prompt__N15.json,324,1
FunctionGemma-270M|summary_prompt|N15|325,FunctionGemma-270M,summary_prompt,15,partC_FunctionGemma-270M__summary_prompt__N15.json,325,3
FunctionGemma-270M|summary_prompt|N15|326,FunctionGemma-270M,summary_prompt,15,partC_FunctionGemma-270M__summary_prompt__N15.json,326,1
FunctionGemma-270M|summary_prompt|N15|327,FunctionGemma-270M,summary_prompt,15,partC_FunctionGemma-270M__summary_prompt__N15.json,327,3
FunctionGemma-270M|summary_prompt|N15|328,FunctionGemma-270M,summary_prompt,15,partC_FunctionGemma-270M__summary_prompt__N15.json,328,1
FunctionGemma-270M|summary_prompt|N15|329,FunctionGemma-270M,summary_prompt,15,partC_FunctionGemma-270M__summary_prompt__N15.json,329,3
FunctionGemma-270M|summary_prompt|N15|330,FunctionGemma-270M,summary_prompt,15,partC_FunctionGemma-270M__summary_prompt__N15.json,330,7
FunctionGemma-270M|summary_prompt|N15|331,FunctionGemma-270M,summary_prompt,15,partC_FunctionGemma-270M__summary_prompt__N15.json,331,3
FunctionGemma-270M|summary_prompt|N15|332,FunctionGemma-270M,summary_prompt,15,partC_FunctionGemma-270M__summary_prompt__N15.json,332,1
FunctionGemma-270M|summary_prompt|N15|333,FunctionGemma-270M,summary_prompt,15,partC_FunctionGemma-270M__summary_prompt__N15.json,333,1
FunctionGemma-270M|summary_prompt|N15|334,FunctionGemma-270M,summary_prompt,15,partC_FunctionGemma-270M__summary_prompt__N15.json,334,3
FunctionGemma-270M|summary_prompt|N15|335,FunctionGemma-270M,summary_prompt,15,partC_FunctionGemma-270M__summary_prompt__N15.json,335,1
FunctionGemma-270M|summary_prompt|N15|336,FunctionGemma-270M,summary_prompt,15,partC_FunctionGemma-270M__summary_prompt__N15.json,336,3
FunctionGemma-270M|summary_prompt|N15|337,FunctionGemma-270M,summary_prompt,15,partC_FunctionGemma-270M__summary_prompt__N15.json,337,4
FunctionGemma-270M|summary_prompt|N15|338,FunctionGemma-270M,summary_prompt,15,partC_FunctionGemma-270M__summary_prompt__N15.json,338,4
FunctionGemma-270M|summary_prompt|N15|339,FunctionGemma-270M,summary_prompt,15,partC_FunctionGemma-270M__summary_prompt__N15.json,339,4
FunctionGemma-270M|summary_prompt|N15|340,FunctionGemma-270M,summary_prompt,15,partC_FunctionGemma-270M__summary_prompt__N15.json,340,1
FunctionGemma-270M|summary_prompt|N15|341,FunctionGemma-270M,summary_prompt,15,partC_FunctionGemma-270M__summary_prompt__N15.json,341,3
FunctionGemma-270M|summary_prompt|N15|342,FunctionGemma-270M,summary_prompt,15,partC_FunctionGemma-270M__summary_prompt__N15.json,342,1
FunctionGemma-270M|summary_prompt|N15|343,FunctionGemma-270M,summary_prompt,15,partC_FunctionGemma-270M__summary_prompt__N15.json,343,4
FunctionGemma-270M|summary_prompt|N15|344,FunctionGemma-270M,summary_prompt,15,partC_FunctionGemma-270M__summary_prompt__N15.json,344,4
FunctionGemma-270M|summary_prompt|N15|345,FunctionGemma-270M,summary_prompt,15,partC_FunctionGemma-270M__summary_prompt__N15.json,345,1
FunctionGemma-270M|summary_prompt|N15|346,FunctionGemma-270M,summary_prompt,15,partC_FunctionGemma-270M__summary_prompt__N15.json,346,7
FunctionGemma-270M|summary_prompt|N15|347,FunctionGemma-270M,summary_prompt,15,partC_FunctionGemma-270M__summary_prompt__N15.json,347,4
FunctionGemma-270M|summary_prompt|N15|348,FunctionGemma-270M,summary_prompt,15,partC_FunctionGemma-270M__summary_prompt__N15.json,348,3
FunctionGemma-270M|summary_prompt|N15|349,FunctionGemma-270M,summary_prompt,15,partC_FunctionGemma-270M__summary_prompt__N15.json,349,1
FunctionGemma-270M|summary_prompt|N15|350,FunctionGemma-270M,summary_prompt,15,partC_FunctionGemma-270M__summary_prompt__N15.json,350,6
FunctionGemma-270M|summary_prompt|N15|351,FunctionGemma-270M,summary_prompt,15,partC_FunctionGemma-270M__summary_prompt__N15.json,351,3
FunctionGemma-270M|summary_prompt|N15|352,FunctionGemma-270M,summary_prompt,15,partC_FunctionGemma-270M__summary_prompt__N15.json,352,1
FunctionGemma-270M|summary_prompt|N15|353,FunctionGemma-270M,summary_prompt,15,partC_FunctionGemma-270M__summary_prompt__N15.json,353,6
FunctionGemma-270M|summary_prompt|N15|354,FunctionGemma-270M,summary_prompt,15,partC_FunctionGemma-270M__summary_prompt__N15.json,354,7
FunctionGemma-270M|summary_prompt|N15|355,FunctionGemma-270M,summary_prompt,15,partC_FunctionGemma-270M__summary_prompt__N15.json,355,3
FunctionGemma-270M|summary_prompt|N15|356,FunctionGemma-270M,summary_prompt,15,partC_FunctionGemma-270M__summary_prompt__N15.json,356,1
FunctionGemma-270M|summary_prompt|N15|357,FunctionGemma-270M,summary_prompt,15,partC_FunctionGemma-270M__summary_prompt__N15.json,357,3
FunctionGemma-270M|summary_prompt|N15|358,FunctionGemma-270M,summary_prompt,15,partC_FunctionGemma-270M__summary_prompt__N15.json,358,2
FunctionGemma-270M|summary_prompt|N15|359,FunctionGemma-270M,summary_prompt,15,partC_FunctionGemma-270M__summary_prompt__N15.json,359,3
FunctionGemma-270M|summary_prompt|N15|360,FunctionGemma-270M,summary_prompt,15,partC_FunctionGemma-270M__summary_prompt__N15.json,360,4
FunctionGemma-270M|summary_prompt|N15|361,FunctionGemma-270M,summary_prompt,15,partC_FunctionGemma-270M__summary_prompt__N15.json,361,1
FunctionGemma-270M|summary_prompt|N15|362,FunctionGemma-270M,summary_prompt,15,partC_FunctionGemma-270M__summary_prompt__N15.json,362,4
FunctionGemma-270M|summary_prompt|N15|363,FunctionGemma-270M,summary_prompt,15,partC_FunctionGemma-270M__summary_prompt__N15.json,363,4
FunctionGemma-270M|summary_prompt|N15|364,FunctionGemma-270M,summary_prompt,15,partC_FunctionGemma-270M__summary_prompt__N15.json,364,4
FunctionGemma-270M|summary_prompt|N15|365,FunctionGemma-270M,summary_prompt,15,partC_FunctionGemma-270M__summary_prompt__N15.json,365,4
FunctionGemma-270M|summary_prompt|N15|366,FunctionGemma-270M,summary_prompt,15,partC_FunctionGemma-270M__summary_prompt__N15.json,366,1
FunctionGemma-270M|summary_prompt|N15|367,FunctionGemma-270M,summary_prompt,15,partC_FunctionGemma-270M__summary_prompt__N15.json,367,4
FunctionGemma-270M|summary_prompt|N15|368,FunctionGemma-270M,summary_prompt,15,partC_FunctionGemma-270M__summary_prompt__N15.json,368,4
FunctionGemma-270M|summary_prompt|N15|369,FunctionGemma-270M,summary_prompt,15,partC_FunctionGemma-270M__summary_prompt__N15.json,369,3
FunctionGemma-270M|summary_prompt|N15|370,FunctionGemma-270M,summary_prompt,15,partC_FunctionGemma-270M__summary_prompt__N15.json,370,4
FunctionGemma-270M|summary_prompt|N15|371,FunctionGemma-270M,summary_prompt,15,partC_FunctionGemma-270M__summary_prompt__N15.json,371,4
FunctionGemma-270M|summary_prompt|N15|372,FunctionGemma-270M,summary_prompt,15,partC_FunctionGemma-270M__summary_prompt__N15.json,372,4
FunctionGemma-270M|summary_prompt|N15|373,FunctionGemma-270M,summary_prompt,15,partC_FunctionGemma-270M__summary_prompt__N15.json,373,3
FunctionGemma-270M|summary_prompt|N15|374,FunctionGemma-270M,summary_prompt,15,partC_FunctionGemma-270M__summary_prompt__N15.json,374,4
FunctionGemma-270M|summary_prompt|N15|375,FunctionGemma-270M,summary_prompt,15,partC_FunctionGemma-270M__summary_prompt__N15.json,375,4
FunctionGemma-270M|summary_prompt|N15|376,FunctionGemma-270M,summary_prompt,15,partC_FunctionGemma-270M__summary_prompt__N15.json,376,1
FunctionGemma-270M|summary_prompt|N15|377,FunctionGemma-270M,summary_prompt,15,partC_FunctionGemma-270M__summary_prompt__N15.json,377,4
FunctionGemma-270M|summary_prompt|N15|378,FunctionGemma-270M,summary_prompt,15,partC_FunctionGemma-270M__summary_prompt__N15.json,378,6
FunctionGemma-270M|summary_prompt|N15|379,FunctionGemma-270M,summary_prompt,15,partC_FunctionGemma-270M__summary_prompt__N15.json,379,3
FunctionGemma-270M|summary_prompt|N15|380,FunctionGemma-270M,summary_prompt,15,partC_FunctionGemma-270M__summary_prompt__N15.json,380,4
FunctionGemma-270M|summary_prompt|N15|381,FunctionGemma-270M,summary_prompt,15,partC_FunctionGemma-270M__summary_prompt__N15.json,381,4
FunctionGemma-270M|summary_prompt|N15|382,FunctionGemma-270M,summary_prompt,15,partC_FunctionGemma-270M__summary_prompt__N15.json,382,3
FunctionGemma-270M|summary_prompt|N15|383,FunctionGemma-270M,summary_prompt,15,partC_FunctionGemma-270M__summary_prompt__N15.json,383,3
FunctionGemma-270M|summary_prompt|N15|384,FunctionGemma-270M,summary_prompt,15,partC_FunctionGemma-270M__summary_prompt__N15.json,384,4
FunctionGemma-270M|summary_prompt|N15|385,FunctionGemma-270M,summary_prompt,15,partC_FunctionGemma-270M__summary_prompt__N15.json,385,7
FunctionGemma-270M|summary_prompt|N15|386,FunctionGemma-270M,summary_prompt,15,partC_FunctionGemma-270M__summary_prompt__N15.json,386,6
FunctionGemma-270M|summary_prompt|N15|387,FunctionGemma-270M,summary_prompt,15,partC_FunctionGemma-270M__summary_prompt__N15.json,387,6
FunctionGemma-270M|summary_prompt|N15|388,FunctionGemma-270M,summary_prompt,15,partC_FunctionGemma-270M__summary_prompt__N15.json,388,4
FunctionGemma-270M|summary_prompt|N15|389,FunctionGemma-270M,summary_prompt,15,partC_FunctionGemma-270M__summary_prompt__N15.json,389,6
FunctionGemma-270M|summary_prompt|N15|390,FunctionGemma-270M,summary_prompt,15,partC_FunctionGemma-270M__summary_prompt__N15.json,390,6
FunctionGemma-270M|summary_prompt|N15|391,FunctionGemma-270M,summary_prompt,15,partC_FunctionGemma-270M__summary_prompt__N15.json,391,4
FunctionGemma-270M|summary_prompt|N15|392,FunctionGemma-270M,summary_prompt,15,partC_FunctionGemma-270M__summary_prompt__N15.json,392,9
FunctionGemma-270M|summary_prompt|N15|393,FunctionGemma-270M,summary_prompt,15,partC_FunctionGemma-270M__summary_prompt__N15.json,393,4
FunctionGemma-270M|summary_prompt|N15|394,FunctionGemma-270M,summary_prompt,15,partC_FunctionGemma-270M__summary_prompt__N15.json,394,6
FunctionGemma-270M|summary_prompt|N15|395,FunctionGemma-270M,summary_prompt,15,partC_FunctionGemma-270M__summary_prompt__N15.json,395,6
FunctionGemma-270M|summary_prompt|N15|396,FunctionGemma-270M,summary_prompt,15,partC_FunctionGemma-270M__summary_prompt__N15.json,396,4
FunctionGemma-270M|summary_prompt|N15|397,FunctionGemma-270M,summary_prompt,15,partC_FunctionGemma-270M__summary_prompt__N15.json,397,4
FunctionGemma-270M|summary_prompt|N15|398,FunctionGemma-270M,summary_prompt,15,partC_FunctionGemma-270M__summary_prompt__N15.json,398,1
FunctionGemma-270M|summary_prompt|N15|399,FunctionGemma-270M,summary_prompt,15,partC_FunctionGemma-270M__summary_prompt__N15.json,399,4
FunctionGemma-270M|summary_prompt|N15|400,FunctionGemma-270M,summary_prompt,15,partC_FunctionGemma-270M__summary_prompt__N15.json,400,1
FunctionGemma-270M|summary_prompt|N15|401,FunctionGemma-270M,summary_prompt,15,partC_FunctionGemma-270M__summary_prompt__N15.json,401,1
FunctionGemma-270M|summary_prompt|N15|402,FunctionGemma-270M,summary_prompt,15,partC_FunctionGemma-270M__summary_prompt__N15.json,402,1
FunctionGemma-270M|summary_prompt|N15|403,FunctionGemma-270M,summary_prompt,15,partC_FunctionGemma-270M__summary_prompt__N15.json,403,1
FunctionGemma-270M|summary_prompt|N15|404,FunctionGemma-270M,summary_prompt,15,partC_FunctionGemma-270M__summary_prompt__N15.json,404,1
FunctionGemma-270M|summary_prompt|N15|405,FunctionGemma-270M,summary_prompt,15,partC_FunctionGemma-270M__summary_prompt__N15.json,405,9
FunctionGemma-270M|summary_prompt|N15|406,FunctionGemma-270M,summary_prompt,15,partC_FunctionGemma-270M__summary_prompt__N15.json,406,8
FunctionGemma-270M|summary_prompt|N15|407,FunctionGemma-270M,summary_prompt,15,partC_FunctionGemma-270M__summary_prompt__N15.json,407,6
FunctionGemma-270M|summary_prompt|N15|408,FunctionGemma-270M,summary_prompt,15,partC_FunctionGemma-270M__summary_prompt__N15.json,408,3
FunctionGemma-270M|summary_prompt|N15|409,FunctionGemma-270M,summary_prompt,15,partC_FunctionGemma-270M__summary_prompt__N15.json,409,1
FunctionGemma-270M|summary_prompt|N15|410,FunctionGemma-270M,summary_prompt,15,partC_FunctionGemma-270M__summary_prompt__N15.json,410,9
FunctionGemma-270M|summary_prompt|N15|411,FunctionGemma-270M,summary_prompt,15,partC_FunctionGemma-270M__summary_prompt__N15.json,411,1
FunctionGemma-270M|summary_prompt|N15|412,FunctionGemma-270M,summary_prompt,15,partC_FunctionGemma-270M__summary_prompt__N15.json,412,4
FunctionGemma-270M|summary_prompt|N15|413,FunctionGemma-270M,summary_prompt,15,partC_FunctionGemma-270M__summary_prompt__N15.json,413,3
FunctionGemma-270M|summary_prompt|N15|414,FunctionGemma-270M,summary_prompt,15,partC_FunctionGemma-270M__summary_prompt__N15.json,414,9
FunctionGemma-270M|summary_prompt|N15|415,FunctionGemma-270M,summary_prompt,15,partC_FunctionGemma-270M__summary_prompt__N15.json,415,6
FunctionGemma-270M|summary_prompt|N15|416,FunctionGemma-270M,summary_prompt,15,partC_FunctionGemma-270M__summary_prompt__N15.json,416,9
FunctionGemma-270M|summary_prompt|N15|417,FunctionGemma-270M,summary_prompt,15,partC_FunctionGemma-270M__summary_prompt__N15.json,417,8
FunctionGemma-270M|summary_prompt|N15|418,FunctionGemma-270M,summary_prompt,15,partC_FunctionGemma-270M__summary_prompt__N15.json,418,6
FunctionGemma-270M|summary_prompt|N15|419,FunctionGemma-270M,summary_prompt,15,partC_FunctionGemma-270M__summary_prompt__N15.json,419,3
FunctionGemma-270M|summary_prompt|N15|420,FunctionGemma-270M,summary_prompt,15,partC_FunctionGemma-270M__summary_prompt__N15.json,420,4
FunctionGemma-270M|summary_prompt|N15|421,FunctionGemma-270M,summary_prompt,15,partC_FunctionGemma-270M__summary_prompt__N15.json,421,6
FunctionGemma-270M|summary_prompt|N15|422,FunctionGemma-270M,summary_prompt,15,partC_FunctionGemma-270M__summary_prompt__N15.json,422,6
FunctionGemma-270M|summary_prompt|N15|423,FunctionGemma-270M,summary_prompt,15,partC_FunctionGemma-270M__summary_prompt__N15.json,423,9
FunctionGemma-270M|summary_prompt|N15|424,FunctionGemma-270M,summary_prompt,15,partC_FunctionGemma-270M__summary_prompt__N15.json,424,1
FunctionGemma-270M|summary_prompt|N15|425,FunctionGemma-270M,summary_prompt,15,partC_FunctionGemma-270M__summary_prompt__N15.json,425,9
FunctionGemma-270M|summary_prompt|N15|426,FunctionGemma-270M,summary_prompt,15,partC_FunctionGemma-270M__summary_prompt__N15.json,426,7
FunctionGemma-270M|summary_prompt|N15|427,FunctionGemma-270M,summary_prompt,15,partC_FunctionGemma-270M__summary_prompt__N15.json,427,9
FunctionGemma-270M|summary_prompt|N15|428,FunctionGemma-270M,summary_prompt,15,partC_FunctionGemma-270M__summary_prompt__N15.json,428,1
FunctionGemma-270M|summary_prompt|N15|429,FunctionGemma-270M,summary_prompt,15,partC_FunctionGemma-270M__summary_prompt__N15.json,429,9
FunctionGemma-270M|summary_prompt|N15|430,FunctionGemma-270M,summary_prompt,15,partC_FunctionGemma-270M__summary_prompt__N15.json,430,4
FunctionGemma-270M|summary_prompt|N15|431,FunctionGemma-270M,summary_prompt,15,partC_FunctionGemma-270M__summary_prompt__N15.json,431,4
FunctionGemma-270M|summary_prompt|N15|432,FunctionGemma-270M,summary_prompt,15,partC_FunctionGemma-270M__summary_prompt__N15.json,432,9
FunctionGemma-270M|summary_prompt|N15|433,FunctionGemma-270M,summary_prompt,15,partC_FunctionGemma-270M__summary_prompt__N15.json,433,4
FunctionGemma-270M|summary_prompt|N15|434,FunctionGemma-270M,summary_prompt,15,partC_FunctionGemma-270M__summary_prompt__N15.json,434,1
FunctionGemma-270M|summary_prompt|N15|435,FunctionGemma-270M,summary_prompt,15,partC_FunctionGemma-270M__summary_prompt__N15.json,435,3
FunctionGemma-270M|summary_prompt|N15|436,FunctionGemma-270M,summary_prompt,15,partC_FunctionGemma-270M__summary_prompt__N15.json,436,1
FunctionGemma-270M|summary_prompt|N15|437,FunctionGemma-270M,summary_prompt,15,partC_FunctionGemma-270M__summary_prompt__N15.json,437,6
FunctionGemma-270M|summary_prompt|N15|438,FunctionGemma-270M,summary_prompt,15,partC_FunctionGemma-270M__summary_prompt__N15.json,438,7
FunctionGemma-270M|summary_prompt|N15|439,FunctionGemma-270M,summary_prompt,15,partC_FunctionGemma-270M__summary_prompt__N15.json,439,3
FunctionGemma-270M|summary_prompt|N15|440,FunctionGemma-270M,summary_prompt,15,partC_FunctionGemma-270M__summary_prompt__N15.json,440,6
FunctionGemma-270M|summary_prompt|N15|441,FunctionGemma-270M,summary_prompt,15,partC_FunctionGemma-270M__summary_prompt__N15.json,441,6
FunctionGemma-270M|summary_prompt|N15|442,FunctionGemma-270M,summary_prompt,15,partC_FunctionGemma-270M__summary_prompt__N15.json,442,3
FunctionGemma-270M|summary_prompt|N15|443,FunctionGemma-270M,summary_prompt,15,partC_FunctionGemma-270M__summary_prompt__N15.json,443,3
FunctionGemma-270M|summary_prompt|N15|444,FunctionGemma-270M,summary_prompt,15,partC_FunctionGemma-270M__summary_prompt__N15.json,444,7
FunctionGemma-270M|summary_prompt|N15|445,FunctionGemma-270M,summary_prompt,15,partC_FunctionGemma-270M__summary_prompt__N15.json,445,4
FunctionGemma-270M|summary_prompt|N15|446,FunctionGemma-270M,summary_prompt,15,partC_FunctionGemma-270M__summary_prompt__N15.json,446,4
FunctionGemma-270M|summary_prompt|N15|447,FunctionGemma-270M,summary_prompt,15,partC_FunctionGemma-270M__summary_prompt__N15.json,447,6
FunctionGemma-270M|summary_prompt|N15|448,FunctionGemma-270M,summary_prompt,15,partC_FunctionGemma-270M__summary_prompt__N15.json,448,9
FunctionGemma-270M|summary_prompt|N15|449,FunctionGemma-270M,summary_prompt,15,partC_FunctionGemma-270M__summary_prompt__N15.json,449,3
FunctionGemma-270M|summary_prompt|N15|450,FunctionGemma-270M,summary_prompt,15,partC_FunctionGemma-270M__summary_prompt__N15.json,450,6
FunctionGemma-270M|summary_prompt|N15|451,FunctionGemma-270M,summary_prompt,15,partC_FunctionGemma-270M__summary_prompt__N15.json,451,4
FunctionGemma-270M|summary_prompt|N15|452,FunctionGemma-270M,summary_prompt,15,partC_FunctionGemma-270M__summary_prompt__N15.json,452,6
FunctionGemma-270M|summary_prompt|N15|453,FunctionGemma-270M,summary_prompt,15,partC_FunctionGemma-270M__summary_prompt__N15.json,453,4
FunctionGemma-270M|summary_prompt|N15|454,FunctionGemma-270M,summary_prompt,15,partC_FunctionGemma-270M__summary_prompt__N15.json,454,4
FunctionGemma-270M|summary_prompt|N15|455,FunctionGemma-270M,summary_prompt,15,partC_FunctionGemma-270M__summary_prompt__N15.json,455,4
FunctionGemma-270M|summary_prompt|N15|456,FunctionGemma-270M,summary_prompt,15,partC_FunctionGemma-270M__summary_prompt__N15.json,456,4
FunctionGemma-270M|summary_prompt|N15|457,FunctionGemma-270M,summary_prompt,15,partC_FunctionGemma-270M__summary_prompt__N15.json,457,4
FunctionGemma-270M|summary_prompt|N15|458,FunctionGemma-270M,summary_prompt,15,partC_FunctionGemma-270M__summary_prompt__N15.json,458,3
FunctionGemma-270M|summary_prompt|N15|459,FunctionGemma-270M,summary_prompt,15,partC_FunctionGemma-270M__summary_prompt__N15.json,459,6
FunctionGemma-270M|summary_prompt|N15|460,FunctionGemma-270M,summary_prompt,15,partC_FunctionGemma-270M__summary_prompt__N15.json,460,9
FunctionGemma-270M|summary_prompt|N15|461,FunctionGemma-270M,summary_prompt,15,partC_FunctionGemma-270M__summary_prompt__N15.json,461,3
FunctionGemma-270M|summary_prompt|N15|462,FunctionGemma-270M,summary_prompt,15,partC_FunctionGemma-270M__summary_prompt__N15.json,462,3
FunctionGemma-270M|summary_prompt|N15|463,FunctionGemma-270M,summary_prompt,15,partC_FunctionGemma-270M__summary_prompt__N15.json,463,9
FunctionGemma-270M|summary_prompt|N15|464,FunctionGemma-270M,summary_prompt,15,partC_FunctionGemma-270M__summary_prompt__N15.json,464,3
FunctionGemma-270M|summary_prompt|N15|465,FunctionGemma-270M,summary_prompt,15,partC_FunctionGemma-270M__summary_prompt__N15.json,465,3
FunctionGemma-270M|summary_prompt|N15|466,FunctionGemma-270M,summary_prompt,15,partC_FunctionGemma-270M__summary_prompt__N15.json,466,3
FunctionGemma-270M|summary_prompt|N15|467,FunctionGemma-270M,summary_prompt,15,partC_FunctionGemma-270M__summary_prompt__N15.json,467,1
FunctionGemma-270M|summary_prompt|N15|468,FunctionGemma-270M,summary_prompt,15,partC_FunctionGemma-270M__summary_prompt__N15.json,468,1
FunctionGemma-270M|summary_prompt|N15|469,FunctionGemma-270M,summary_prompt,15,partC_FunctionGemma-270M__summary_prompt__N15.json,469,3
FunctionGemma-270M|summary_prompt|N15|470,FunctionGemma-270M,summary_prompt,15,partC_FunctionGemma-270M__summary_prompt__N15.json,470,6
FunctionGemma-270M|summary_prompt|N15|471,FunctionGemma-270M,summary_prompt,15,partC_FunctionGemma-270M__summary_prompt__N15.json,471,3
FunctionGemma-270M|summary_prompt|N15|472,FunctionGemma-270M,summary_prompt,15,partC_FunctionGemma-270M__summary_prompt__N15.json,472,4
FunctionGemma-270M|summary_prompt|N15|473,FunctionGemma-270M,summary_prompt,15,partC_FunctionGemma-270M__summary_prompt__N15.json,473,1
FunctionGemma-270M|summary_prompt|N15|474,FunctionGemma-270M,summary_prompt,15,partC_FunctionGemma-270M__summary_prompt__N15.json,474,7
FunctionGemma-270M|summary_prompt|N15|475,FunctionGemma-270M,summary_prompt,15,partC_FunctionGemma-270M__summary_prompt__N15.json,475,1
FunctionGemma-270M|summary_prompt|N15|476,FunctionGemma-270M,summary_prompt,15,partC_FunctionGemma-270M__summary_prompt__N15.json,476,9
FunctionGemma-270M|summary_prompt|N15|477,FunctionGemma-270M,summary_prompt,15,partC_FunctionGemma-270M__summary_prompt__N15.json,477,9
FunctionGemma-270M|summary_prompt|N15|478,FunctionGemma-270M,summary_prompt,15,partC_FunctionGemma-270M__summary_prompt__N15.json,478,3
FunctionGemma-270M|summary_prompt|N15|479,FunctionGemma-270M,summary_prompt,15,partC_FunctionGemma-270M__summary_prompt__N15.json,479,6
FunctionGemma-270M|summary_prompt|N20|0,FunctionGemma-270M,summary_prompt,20,partC_FunctionGemma-270M__summary_prompt__N20.json,0,4
FunctionGemma-270M|summary_prompt|N20|1,FunctionGemma-270M,summary_prompt,20,partC_FunctionGemma-270M__summary_prompt__N20.json,1,4
FunctionGemma-270M|summary_prompt|N20|2,FunctionGemma-270M,summary_prompt,20,partC_FunctionGemma-270M__summary_prompt__N20.json,2,4
FunctionGemma-270M|summary_prompt|N20|3,FunctionGemma-270M,summary_prompt,20,partC_FunctionGemma-270M__summary_prompt__N20.json,3,3
FunctionGemma-270M|summary_prompt|N20|4,FunctionGemma-270M,summary_prompt,20,partC_FunctionGemma-270M__summary_prompt__N20.json,4,1
FunctionGemma-270M|summary_prompt|N20|5,FunctionGemma-270M,summary_prompt,20,partC_FunctionGemma-270M__summary_prompt__N20.json,5,4
FunctionGemma-270M|summary_prompt|N20|6,FunctionGemma-270M,summary_prompt,20,partC_FunctionGemma-270M__summary_prompt__N20.json,6,3
FunctionGemma-270M|summary_prompt|N20|7,FunctionGemma-270M,summary_prompt,20,partC_FunctionGemma-270M__summary_prompt__N20.json,7,4
FunctionGemma-270M|summary_prompt|N20|8,FunctionGemma-270M,summary_prompt,20,partC_FunctionGemma-270M__summary_prompt__N20.json,8,3
FunctionGemma-270M|summary_prompt|N20|9,FunctionGemma-270M,summary_prompt,20,partC_FunctionGemma-270M__summary_prompt__N20.json,9,6
FunctionGemma-270M|summary_prompt|N20|10,FunctionGemma-270M,summary_prompt,20,partC_FunctionGemma-270M__summary_prompt__N20.json,10,4
FunctionGemma-270M|summary_prompt|N20|11,FunctionGemma-270M,summary_prompt,20,partC_FunctionGemma-270M__summary_prompt__N20.json,11,4
FunctionGemma-270M|summary_prompt|N20|12,FunctionGemma-270M,summary_prompt,20,partC_FunctionGemma-270M__summary_prompt__N20.json,12,4
FunctionGemma-270M|summary_prompt|N20|13,FunctionGemma-270M,summary_prompt,20,partC_FunctionGemma-270M__summary_prompt__N20.json,13,1
FunctionGemma-270M|summary_prompt|N20|14,FunctionGemma-270M,summary_prompt,20,partC_FunctionGemma-270M__summary_prompt__N20.json,14,3
FunctionGemma-270M|summary_prompt|N20|15,FunctionGemma-270M,summary_prompt,20,partC_FunctionGemma-270M__summary_prompt__N20.json,15,6
FunctionGemma-270M|summary_prompt|N20|16,FunctionGemma-270M,summary_prompt,20,partC_FunctionGemma-270M__summary_prompt__N20.json,16,4
FunctionGemma-270M|summary_prompt|N20|17,FunctionGemma-270M,summary_prompt,20,partC_FunctionGemma-270M__summary_prompt__N20.json,17,4
FunctionGemma-270M|summary_prompt|N20|18,FunctionGemma-270M,summary_prompt,20,partC_FunctionGemma-270M__summary_prompt__N20.json,18,4
FunctionGemma-270M|summary_prompt|N20|19,FunctionGemma-270M,summary_prompt,20,partC_FunctionGemma-270M__summary_prompt__N20.json,19,3
FunctionGemma-270M|summary_prompt|N20|20,FunctionGemma-270M,summary_prompt,20,partC_FunctionGemma-270M__summary_prompt__N20.json,20,4
FunctionGemma-270M|summary_prompt|N20|21,FunctionGemma-270M,summary_prompt,20,partC_FunctionGemma-270M__summary_prompt__N20.json,21,4
FunctionGemma-270M|summary_prompt|N20|22,FunctionGemma-270M,summary_prompt,20,partC_FunctionGemma-270M__summary_prompt__N20.json,22,7
FunctionGemma-270M|summary_prompt|N20|23,FunctionGemma-270M,summary_prompt,20,partC_FunctionGemma-270M__summary_prompt__N20.json,23,4
FunctionGemma-270M|summary_prompt|N20|24,FunctionGemma-270M,summary_prompt,20,partC_FunctionGemma-270M__summary_prompt__N20.json,24,6
FunctionGemma-270M|summary_prompt|N20|25,FunctionGemma-270M,summary_prompt,20,partC_FunctionGemma-270M__summary_prompt__N20.json,25,4
FunctionGemma-270M|summary_prompt|N20|26,FunctionGemma-270M,summary_prompt,20,partC_FunctionGemma-270M__summary_prompt__N20.json,26,4
FunctionGemma-270M|summary_prompt|N20|27,FunctionGemma-270M,summary_prompt,20,partC_FunctionGemma-270M__summary_prompt__N20.json,27,1
FunctionGemma-270M|summary_prompt|N20|28,FunctionGemma-270M,summary_prompt,20,partC_FunctionGemma-270M__summary_prompt__N20.json,28,1
FunctionGemma-270M|summary_prompt|N20|29,FunctionGemma-270M,summary_prompt,20,partC_FunctionGemma-270M__summary_prompt__N20.json,29,6
FunctionGemma-270M|summary_prompt|N20|30,FunctionGemma-270M,summary_prompt,20,partC_FunctionGemma-270M__summary_prompt__N20.json,30,4
FunctionGemma-270M|summary_prompt|N20|31,FunctionGemma-270M,summary_prompt,20,partC_FunctionGemma-270M__summary_prompt__N20.json,31,1
FunctionGemma-270M|summary_prompt|N20|32,FunctionGemma-270M,summary_prompt,20,partC_FunctionGemma-270M__summary_prompt__N20.json,32,4
FunctionGemma-270M|summary_prompt|N20|33,FunctionGemma-270M,summary_prompt,20,partC_FunctionGemma-270M__summary_prompt__N20.json,33,6
FunctionGemma-270M|summary_prompt|N20|34,FunctionGemma-270M,summary_prompt,20,partC_FunctionGemma-270M__summary_prompt__N20.json,34,1
FunctionGemma-270M|summary_prompt|N20|35,FunctionGemma-270M,summary_prompt,20,partC_FunctionGemma-270M__summary_prompt__N20.json,35,4
FunctionGemma-270M|summary_prompt|N20|36,FunctionGemma-270M,summary_prompt,20,partC_FunctionGemma-270M__summary_prompt__N20.json,36,3
FunctionGemma-270M|summary_prompt|N20|37,FunctionGemma-270M,summary_prompt,20,partC_FunctionGemma-270M__summary_prompt__N20.json,37,4
FunctionGemma-270M|summary_prompt|N20|38,FunctionGemma-270M,summary_prompt,20,partC_FunctionGemma-270M__summary_prompt__N20.json,38,4
FunctionGemma-270M|summary_prompt|N20|39,FunctionGemma-270M,summary_prompt,20,partC_FunctionGemma-270M__summary_prompt__N20.json,39,1
FunctionGemma-270M|summary_prompt|N20|40,FunctionGemma-270M,summary_prompt,20,partC_FunctionGemma-270M__summary_prompt__N20.json,40,4
FunctionGemma-270M|summary_prompt|N20|41,FunctionGemma-270M,summary_prompt,20,partC_FunctionGemma-270M__summary_prompt__N20.json,41,1
FunctionGemma-270M|summary_prompt|N20|42,FunctionGemma-270M,summary_prompt,20,partC_FunctionGemma-270M__summary_prompt__N20.json,42,3
FunctionGemma-270M|summary_prompt|N20|43,FunctionGemma-270M,summary_prompt,20,partC_FunctionGemma-270M__summary_prompt__N20.json,43,1
FunctionGemma-270M|summary_prompt|N20|44,FunctionGemma-270M,summary_prompt,20,partC_FunctionGemma-270M__summary_prompt__N20.json,44,6
FunctionGemma-270M|summary_prompt|N20|45,FunctionGemma-270M,summary_prompt,20,partC_FunctionGemma-270M__summary_prompt__N20.json,45,6
FunctionGemma-270M|summary_prompt|N20|46,FunctionGemma-270M,summary_prompt,20,partC_FunctionGemma-270M__summary_prompt__N20.json,46,3
FunctionGemma-270M|summary_prompt|N20|47,FunctionGemma-270M,summary_prompt,20,partC_FunctionGemma-270M__summary_prompt__N20.json,47,4
FunctionGemma-270M|summary_prompt|N20|48,FunctionGemma-270M,summary_prompt,20,partC_FunctionGemma-270M__summary_prompt__N20.json,48,4
FunctionGemma-270M|summary_prompt|N20|49,FunctionGemma-270M,summary_prompt,20,partC_FunctionGemma-270M__summary_prompt__N20.json,49,6
FunctionGemma-270M|summary_prompt|N20|50,FunctionGemma-270M,summary_prompt,20,partC_FunctionGemma-270M__summary_prompt__N20.json,50,4
FunctionGemma-270M|summary_prompt|N20|51,FunctionGemma-270M,summary_prompt,20,partC_FunctionGemma-270M__summary_prompt__N20.json,51,1
FunctionGemma-270M|summary_prompt|N20|52,FunctionGemma-270M,summary_prompt,20,partC_FunctionGemma-270M__summary_prompt__N20.json,52,3
FunctionGemma-270M|summary_prompt|N20|53,FunctionGemma-270M,summary_prompt,20,partC_FunctionGemma-270M__summary_prompt__N20.json,53,4
FunctionGemma-270M|summary_prompt|N20|54,FunctionGemma-270M,summary_prompt,20,partC_FunctionGemma-270M__summary_prompt__N20.json,54,3
FunctionGemma-270M|summary_prompt|N20|55,FunctionGemma-270M,summary_prompt,20,partC_FunctionGemma-270M__summary_prompt__N20.json,55,1
FunctionGemma-270M|summary_prompt|N20|56,FunctionGemma-270M,summary_prompt,20,partC_FunctionGemma-270M__summary_prompt__N20.json,56,3
FunctionGemma-270M|summary_prompt|N20|57,FunctionGemma-270M,summary_prompt,20,partC_FunctionGemma-270M__summary_prompt__N20.json,57,4
FunctionGemma-270M|summary_prompt|N20|58,FunctionGemma-270M,summary_prompt,20,partC_FunctionGemma-270M__summary_prompt__N20.json,58,4
FunctionGemma-270M|summary_prompt|N20|59,FunctionGemma-270M,summary_prompt,20,partC_FunctionGemma-270M__summary_prompt__N20.json,59,1
FunctionGemma-270M|summary_prompt|N20|60,FunctionGemma-270M,summary_prompt,20,partC_FunctionGemma-270M__summary_prompt__N20.json,60,1
FunctionGemma-270M|summary_prompt|N20|61,FunctionGemma-270M,summary_prompt,20,partC_FunctionGemma-270M__summary_prompt__N20.json,61,3
FunctionGemma-270M|summary_prompt|N20|62,FunctionGemma-270M,summary_prompt,20,partC_FunctionGemma-270M__summary_prompt__N20.json,62,4
FunctionGemma-270M|summary_prompt|N20|63,FunctionGemma-270M,summary_prompt,20,partC_FunctionGemma-270M__summary_prompt__N20.json,63,1
FunctionGemma-270M|summary_prompt|N20|64,FunctionGemma-270M,summary_prompt,20,partC_FunctionGemma-270M__summary_prompt__N20.json,64,1
FunctionGemma-270M|summary_prompt|N20|65,FunctionGemma-270M,summary_prompt,20,partC_FunctionGemma-270M__summary_prompt__N20.json,65,1
FunctionGemma-270M|summary_prompt|N20|66,FunctionGemma-270M,summary_prompt,20,partC_FunctionGemma-270M__summary_prompt__N20.json,66,1
FunctionGemma-270M|summary_prompt|N20|67,FunctionGemma-270M,summary_prompt,20,partC_FunctionGemma-270M__summary_prompt__N20.json,67,1
FunctionGemma-270M|summary_prompt|N20|68,FunctionGemma-270M,summary_prompt,20,partC_FunctionGemma-270M__summary_prompt__N20.json,68,1
FunctionGemma-270M|summary_prompt|N20|69,FunctionGemma-270M,summary_prompt,20,partC_FunctionGemma-270M__summary_prompt__N20.json,69,1
FunctionGemma-270M|summary_prompt|N20|70,FunctionGemma-270M,summary_prompt,20,partC_FunctionGemma-270M__summary_prompt__N20.json,70,1
FunctionGemma-270M|summary_prompt|N20|71,FunctionGemma-270M,summary_prompt,20,partC_FunctionGemma-270M__summary_prompt__N20.json,71,1
FunctionGemma-270M|summary_prompt|N20|72,FunctionGemma-270M,summary_prompt,20,partC_FunctionGemma-270M__summary_prompt__N20.json,72,9
FunctionGemma-270M|summary_prompt|N20|73,FunctionGemma-270M,summary_prompt,20,partC_FunctionGemma-270M__summary_prompt__N20.json,73,1
FunctionGemma-270M|summary_prompt|N20|74,FunctionGemma-270M,summary_prompt,20,partC_FunctionGemma-270M__summary_prompt__N20.json,74,4
FunctionGemma-270M|summary_prompt|N20|75,FunctionGemma-270M,summary_prompt,20,partC_FunctionGemma-270M__summary_prompt__N20.json,75,1
FunctionGemma-270M|summary_prompt|N20|76,FunctionGemma-270M,summary_prompt,20,partC_FunctionGemma-270M__summary_prompt__N20.json,76,1
FunctionGemma-270M|summary_prompt|N20|77,FunctionGemma-270M,summary_prompt,20,partC_FunctionGemma-270M__summary_prompt__N20.json,77,1
FunctionGemma-270M|summary_prompt|N20|78,FunctionGemma-270M,summary_prompt,20,partC_FunctionGemma-270M__summary_prompt__N20.json,78,4
FunctionGemma-270M|summary_prompt|N20|79,FunctionGemma-270M,summary_prompt,20,partC_FunctionGemma-270M__summary_prompt__N20.json,79,1
FunctionGemma-270M|summary_prompt|N20|80,FunctionGemma-270M,summary_prompt,20,partC_FunctionGemma-270M__summary_prompt__N20.json,80,3
FunctionGemma-270M|summary_prompt|N20|81,FunctionGemma-270M,summary_prompt,20,partC_FunctionGemma-270M__summary_prompt__N20.json,81,4
FunctionGemma-270M|summary_prompt|N20|82,FunctionGemma-270M,summary_prompt,20,partC_FunctionGemma-270M__summary_prompt__N20.json,82,4
FunctionGemma-270M|summary_prompt|N20|83,FunctionGemma-270M,summary_prompt,20,partC_FunctionGemma-270M__summary_prompt__N20.json,83,4
FunctionGemma-270M|summary_prompt|N20|84,FunctionGemma-270M,summary_prompt,20,partC_FunctionGemma-270M__summary_prompt__N20.json,84,1
FunctionGemma-270M|summary_prompt|N20|85,FunctionGemma-270M,summary_prompt,20,partC_FunctionGemma-270M__summary_prompt__N20.json,85,9
FunctionGemma-270M|summary_prompt|N20|86,FunctionGemma-270M,summary_prompt,20,partC_FunctionGemma-270M__summary_prompt__N20.json,86,1
FunctionGemma-270M|summary_prompt|N20|87,FunctionGemma-270M,summary_prompt,20,partC_FunctionGemma-270M__summary_prompt__N20.json,87,6
FunctionGemma-270M|summary_prompt|N20|88,FunctionGemma-270M,summary_prompt,20,partC_FunctionGemma-270M__summary_prompt__N20.json,88,4
FunctionGemma-270M|summary_prompt|N20|89,FunctionGemma-270M,summary_prompt,20,partC_FunctionGemma-270M__summary_prompt__N20.json,89,3
FunctionGemma-270M|summary_prompt|N20|90,FunctionGemma-270M,summary_prompt,20,partC_FunctionGemma-270M__summary_prompt__N20.json,90,3
FunctionGemma-270M|summary_prompt|N20|91,FunctionGemma-270M,summary_prompt,20,partC_FunctionGemma-270M__summary_prompt__N20.json,91,4
FunctionGemma-270M|summary_prompt|N20|92,FunctionGemma-270M,summary_prompt,20,partC_FunctionGemma-270M__summary_prompt__N20.json,92,6
FunctionGemma-270M|summary_prompt|N20|93,FunctionGemma-270M,summary_prompt,20,partC_FunctionGemma-270M__summary_prompt__N20.json,93,4
FunctionGemma-270M|summary_prompt|N20|94,FunctionGemma-270M,summary_prompt,20,partC_FunctionGemma-270M__summary_prompt__N20.json,94,4
FunctionGemma-270M|summary_prompt|N20|95,FunctionGemma-270M,summary_prompt,20,partC_FunctionGemma-270M__summary_prompt__N20.json,95,1
FunctionGemma-270M|summary_prompt|N20|96,FunctionGemma-270M,summary_prompt,20,partC_FunctionGemma-270M__summary_prompt__N20.json,96,6
FunctionGemma-270M|summary_prompt|N20|97,FunctionGemma-270M,summary_prompt,20,partC_FunctionGemma-270M__summary_prompt__N20.json,97,4
FunctionGemma-270M|summary_prompt|N20|98,FunctionGemma-270M,summary_prompt,20,partC_FunctionGemma-270M__summary_prompt__N20.json,98,3
FunctionGemma-270M|summary_prompt|N20|99,FunctionGemma-270M,summary_prompt,20,partC_FunctionGemma-270M__summary_prompt__N20.json,99,3
FunctionGemma-270M|summary_prompt|N20|100,FunctionGemma-270M,summary_prompt,20,partC_FunctionGemma-270M__summary_prompt__N20.json,100,1
FunctionGemma-270M|summary_prompt|N20|101,FunctionGemma-270M,summary_prompt,20,partC_FunctionGemma-270M__summary_prompt__N20.json,101,9
FunctionGemma-270M|summary_prompt|N20|102,FunctionGemma-270M,summary_prompt,20,partC_FunctionGemma-270M__summary_prompt__N20.json,102,3
FunctionGemma-270M|summary_prompt|N20|103,FunctionGemma-270M,summary_prompt,20,partC_FunctionGemma-270M__summary_prompt__N20.json,103,6
FunctionGemma-270M|summary_prompt|N20|104,FunctionGemma-270M,summary_prompt,20,partC_FunctionGemma-270M__summary_prompt__N20.json,104,3
FunctionGemma-270M|summary_prompt|N20|105,FunctionGemma-270M,summary_prompt,20,partC_FunctionGemma-270M__summary_prompt__N20.json,105,9
FunctionGemma-270M|summary_prompt|N20|106,FunctionGemma-270M,summary_prompt,20,partC_FunctionGemma-270M__summary_prompt__N20.json,106,9
FunctionGemma-270M|summary_prompt|N20|107,FunctionGemma-270M,summary_prompt,20,partC_FunctionGemma-270M__summary_prompt__N20.json,107,3
FunctionGemma-270M|summary_prompt|N20|108,FunctionGemma-270M,summary_prompt,20,partC_FunctionGemma-270M__summary_prompt__N20.json,108,9
FunctionGemma-270M|summary_prompt|N20|109,FunctionGemma-270M,summary_prompt,20,partC_FunctionGemma-270M__summary_prompt__N20.json,109,9
FunctionGemma-270M|summary_prompt|N20|110,FunctionGemma-270M,summary_prompt,20,partC_FunctionGemma-270M__summary_prompt__N20.json,110,9
FunctionGemma-270M|summary_prompt|N20|111,FunctionGemma-270M,summary_prompt,20,partC_FunctionGemma-270M__summary_prompt__N20.json,111,9
FunctionGemma-270M|summary_prompt|N20|112,FunctionGemma-270M,summary_prompt,20,partC_FunctionGemma-270M__summary_prompt__N20.json,112,6
FunctionGemma-270M|summary_prompt|N20|113,FunctionGemma-270M,summary_prompt,20,partC_FunctionGemma-270M__summary_prompt__N20.json,113,4
FunctionGemma-270M|summary_prompt|N20|114,FunctionGemma-270M,summary_prompt,20,partC_FunctionGemma-270M__summary_prompt__N20.json,114,4
FunctionGemma-270M|summary_prompt|N20|115,FunctionGemma-270M,summary_prompt,20,partC_FunctionGemma-270M__summary_prompt__N20.json,115,9
FunctionGemma-270M|summary_prompt|N20|116,FunctionGemma-270M,summary_prompt,20,partC_FunctionGemma-270M__summary_prompt__N20.json,116,6
FunctionGemma-270M|summary_prompt|N20|117,FunctionGemma-270M,summary_prompt,20,partC_FunctionGemma-270M__summary_prompt__N20.json,117,9
FunctionGemma-270M|summary_prompt|N20|118,FunctionGemma-270M,summary_prompt,20,partC_FunctionGemma-270M__summary_prompt__N20.json,118,9
FunctionGemma-270M|summary_prompt|N20|119,FunctionGemma-270M,summary_prompt,20,partC_FunctionGemma-270M__summary_prompt__N20.json,119,9
FunctionGemma-270M|summary_prompt|N20|120,FunctionGemma-270M,summary_prompt,20,partC_FunctionGemma-270M__summary_prompt__N20.json,120,4
FunctionGemma-270M|summary_prompt|N20|121,FunctionGemma-270M,summary_prompt,20,partC_FunctionGemma-270M__summary_prompt__N20.json,121,9
FunctionGemma-270M|summary_prompt|N20|122,FunctionGemma-270M,summary_prompt,20,partC_FunctionGemma-270M__summary_prompt__N20.json,122,6
FunctionGemma-270M|summary_prompt|N20|123,FunctionGemma-270M,summary_prompt,20,partC_FunctionGemma-270M__summary_prompt__N20.json,123,6
FunctionGemma-270M|summary_prompt|N20|124,FunctionGemma-270M,summary_prompt,20,partC_FunctionGemma-270M__summary_prompt__N20.json,124,4
FunctionGemma-270M|summary_prompt|N20|125,FunctionGemma-270M,summary_prompt,20,partC_FunctionGemma-270M__summary_prompt__N20.json,125,9
FunctionGemma-270M|summary_prompt|N20|126,FunctionGemma-270M,summary_prompt,20,partC_FunctionGemma-270M__summary_prompt__N20.json,126,1
FunctionGemma-270M|summary_prompt|N20|127,FunctionGemma-270M,summary_prompt,20,partC_FunctionGemma-270M__summary_prompt__N20.json,127,4
FunctionGemma-270M|summary_prompt|N20|128,FunctionGemma-270M,summary_prompt,20,partC_FunctionGemma-270M__summary_prompt__N20.json,128,9
FunctionGemma-270M|summary_prompt|N20|129,FunctionGemma-270M,summary_prompt,20,partC_FunctionGemma-270M__summary_prompt__N20.json,129,9
FunctionGemma-270M|summary_prompt|N20|130,FunctionGemma-270M,summary_prompt,20,partC_FunctionGemma-270M__summary_prompt__N20.json,130,3
FunctionGemma-270M|summary_prompt|N20|131,FunctionGemma-270M,summary_prompt,20,partC_FunctionGemma-270M__summary_prompt__N20.json,131,6
FunctionGemma-270M|summary_prompt|N20|132,FunctionGemma-270M,summary_prompt,20,partC_FunctionGemma-270M__summary_prompt__N20.json,132,1
FunctionGemma-270M|summary_prompt|N20|133,FunctionGemma-270M,summary_prompt,20,partC_FunctionGemma-270M__summary_prompt__N20.json,133,1
FunctionGemma-270M|summary_prompt|N20|134,FunctionGemma-270M,summary_prompt,20,partC_FunctionGemma-270M__summary_prompt__N20.json,134,1
FunctionGemma-270M|summary_prompt|N20|135,FunctionGemma-270M,summary_prompt,20,partC_FunctionGemma-270M__summary_prompt__N20.json,135,1
FunctionGemma-270M|summary_prompt|N20|136,FunctionGemma-270M,summary_prompt,20,partC_FunctionGemma-270M__summary_prompt__N20.json,136,9
FunctionGemma-270M|summary_prompt|N20|137,FunctionGemma-270M,summary_prompt,20,partC_FunctionGemma-270M__summary_prompt__N20.json,137,9
FunctionGemma-270M|summary_prompt|N20|138,FunctionGemma-270M,summary_prompt,20,partC_FunctionGemma-270M__summary_prompt__N20.json,138,3
FunctionGemma-270M|summary_prompt|N20|139,FunctionGemma-270M,summary_prompt,20,partC_FunctionGemma-270M__summary_prompt__N20.json,139,6
FunctionGemma-270M|summary_prompt|N20|140,FunctionGemma-270M,summary_prompt,20,partC_FunctionGemma-270M__summary_prompt__N20.json,140,1
FunctionGemma-270M|summary_prompt|N20|141,FunctionGemma-270M,summary_prompt,20,partC_FunctionGemma-270M__summary_prompt__N20.json,141,4
FunctionGemma-270M|summary_prompt|N20|142,FunctionGemma-270M,summary_prompt,20,partC_FunctionGemma-270M__summary_prompt__N20.json,142,4
FunctionGemma-270M|summary_prompt|N20|143,FunctionGemma-270M,summary_prompt,20,partC_FunctionGemma-270M__summary_prompt__N20.json,143,3
FunctionGemma-270M|summary_prompt|N20|144,FunctionGemma-270M,summary_prompt,20,partC_FunctionGemma-270M__summary_prompt__N20.json,144,4
FunctionGemma-270M|summary_prompt|N20|145,FunctionGemma-270M,summary_prompt,20,partC_FunctionGemma-270M__summary_prompt__N20.json,145,3
FunctionGemma-270M|summary_prompt|N20|146,FunctionGemma-270M,summary_prompt,20,partC_FunctionGemma-270M__summary_prompt__N20.json,146,3
FunctionGemma-270M|summary_prompt|N20|147,FunctionGemma-270M,summary_prompt,20,partC_FunctionGemma-270M__summary_prompt__N20.json,147,3
FunctionGemma-270M|summary_prompt|N20|148,FunctionGemma-270M,summary_prompt,20,partC_FunctionGemma-270M__summary_prompt__N20.json,148,1
FunctionGemma-270M|summary_prompt|N20|149,FunctionGemma-270M,summary_prompt,20,partC_FunctionGemma-270M__summary_prompt__N20.json,149,6
FunctionGemma-270M|summary_prompt|N20|150,FunctionGemma-270M,summary_prompt,20,partC_FunctionGemma-270M__summary_prompt__N20.json,150,1
FunctionGemma-270M|summary_prompt|N20|151,FunctionGemma-270M,summary_prompt,20,partC_FunctionGemma-270M__summary_prompt__N20.json,151,1
FunctionGemma-270M|summary_prompt|N20|152,FunctionGemma-270M,summary_prompt,20,partC_FunctionGemma-270M__summary_prompt__N20.json,152,3
FunctionGemma-270M|summary_prompt|N20|153,FunctionGemma-270M,summary_prompt,20,partC_FunctionGemma-270M__summary_prompt__N20.json,153,3
FunctionGemma-270M|summary_prompt|N20|154,FunctionGemma-270M,summary_prompt,20,partC_FunctionGemma-270M__summary_prompt__N20.json,154,1
FunctionGemma-270M|summary_prompt|N20|155,FunctionGemma-270M,summary_prompt,20,partC_FunctionGemma-270M__summary_prompt__N20.json,155,4
FunctionGemma-270M|summary_prompt|N20|156,FunctionGemma-270M,summary_prompt,20,partC_FunctionGemma-270M__summary_prompt__N20.json,156,3
FunctionGemma-270M|summary_prompt|N20|157,FunctionGemma-270M,summary_prompt,20,partC_FunctionGemma-270M__summary_prompt__N20.json,157,3
FunctionGemma-270M|summary_prompt|N20|158,FunctionGemma-270M,summary_prompt,20,partC_FunctionGemma-270M__summary_prompt__N20.json,158,3
FunctionGemma-270M|summary_prompt|N20|159,FunctionGemma-270M,summary_prompt,20,partC_FunctionGemma-270M__summary_prompt__N20.json,159,1
FunctionGemma-270M|summary_prompt|N20|160,FunctionGemma-270M,summary_prompt,20,partC_FunctionGemma-270M__summary_prompt__N20.json,160,4
FunctionGemma-270M|summary_prompt|N20|161,FunctionGemma-270M,summary_prompt,20,partC_FunctionGemma-270M__summary_prompt__N20.json,161,4
FunctionGemma-270M|summary_prompt|N20|162,FunctionGemma-270M,summary_prompt,20,partC_FunctionGemma-270M__summary_prompt__N20.json,162,6
FunctionGemma-270M|summary_prompt|N20|163,FunctionGemma-270M,summary_prompt,20,partC_FunctionGemma-270M__summary_prompt__N20.json,163,4
FunctionGemma-270M|summary_prompt|N20|164,FunctionGemma-270M,summary_prompt,20,partC_FunctionGemma-270M__summary_prompt__N20.json,164,4
FunctionGemma-270M|summary_prompt|N20|165,FunctionGemma-270M,summary_prompt,20,partC_FunctionGemma-270M__summary_prompt__N20.json,165,3
FunctionGemma-270M|summary_prompt|N20|166,FunctionGemma-270M,summary_prompt,20,partC_FunctionGemma-270M__summary_prompt__N20.json,166,3
FunctionGemma-270M|summary_prompt|N20|167,FunctionGemma-270M,summary_prompt,20,partC_FunctionGemma-270M__summary_prompt__N20.json,167,4
FunctionGemma-270M|summary_prompt|N20|168,FunctionGemma-270M,summary_prompt,20,partC_FunctionGemma-270M__summary_prompt__N20.json,168,3
FunctionGemma-270M|summary_prompt|N20|169,FunctionGemma-270M,summary_prompt,20,partC_FunctionGemma-270M__summary_prompt__N20.json,169,7
FunctionGemma-270M|summary_prompt|N20|170,FunctionGemma-270M,summary_prompt,20,partC_FunctionGemma-270M__summary_prompt__N20.json,170,3
FunctionGemma-270M|summary_prompt|N20|171,FunctionGemma-270M,summary_prompt,20,partC_FunctionGemma-270M__summary_prompt__N20.json,171,4
FunctionGemma-270M|summary_prompt|N20|172,FunctionGemma-270M,summary_prompt,20,partC_FunctionGemma-270M__summary_prompt__N20.json,172,4
FunctionGemma-270M|summary_prompt|N20|173,FunctionGemma-270M,summary_prompt,20,partC_FunctionGemma-270M__summary_prompt__N20.json,173,3
FunctionGemma-270M|summary_prompt|N20|174,FunctionGemma-270M,summary_prompt,20,partC_FunctionGemma-270M__summary_prompt__N20.json,174,3
FunctionGemma-270M|summary_prompt|N20|175,FunctionGemma-270M,summary_prompt,20,partC_FunctionGemma-270M__summary_prompt__N20.json,175,4
FunctionGemma-270M|summary_prompt|N20|176,FunctionGemma-270M,summary_prompt,20,partC_FunctionGemma-270M__summary_prompt__N20.json,176,3
FunctionGemma-270M|summary_prompt|N20|177,FunctionGemma-270M,summary_prompt,20,partC_FunctionGemma-270M__summary_prompt__N20.json,177,4
FunctionGemma-270M|summary_prompt|N20|178,FunctionGemma-270M,summary_prompt,20,partC_FunctionGemma-270M__summary_prompt__N20.json,178,4
FunctionGemma-270M|summary_prompt|N20|179,FunctionGemma-270M,summary_prompt,20,partC_FunctionGemma-270M__summary_prompt__N20.json,179,1
FunctionGemma-270M|summary_prompt|N20|180,FunctionGemma-270M,summary_prompt,20,partC_FunctionGemma-270M__summary_prompt__N20.json,180,6
FunctionGemma-270M|summary_prompt|N20|181,FunctionGemma-270M,summary_prompt,20,partC_FunctionGemma-270M__summary_prompt__N20.json,181,7
FunctionGemma-270M|summary_prompt|N20|182,FunctionGemma-270M,summary_prompt,20,partC_FunctionGemma-270M__summary_prompt__N20.json,182,4
FunctionGemma-270M|summary_prompt|N20|183,FunctionGemma-270M,summary_prompt,20,partC_FunctionGemma-270M__summary_prompt__N20.json,183,4
FunctionGemma-270M|summary_prompt|N20|184,FunctionGemma-270M,summary_prompt,20,partC_FunctionGemma-270M__summary_prompt__N20.json,184,4
FunctionGemma-270M|summary_prompt|N20|185,FunctionGemma-270M,summary_prompt,20,partC_FunctionGemma-270M__summary_prompt__N20.json,185,6
FunctionGemma-270M|summary_prompt|N20|186,FunctionGemma-270M,summary_prompt,20,partC_FunctionGemma-270M__summary_prompt__N20.json,186,3
FunctionGemma-270M|summary_prompt|N20|187,FunctionGemma-270M,summary_prompt,20,partC_FunctionGemma-270M__summary_prompt__N20.json,187,1
FunctionGemma-270M|summary_prompt|N20|188,FunctionGemma-270M,summary_prompt,20,partC_FunctionGemma-270M__summary_prompt__N20.json,188,4
FunctionGemma-270M|summary_prompt|N20|189,FunctionGemma-270M,summary_prompt,20,partC_FunctionGemma-270M__summary_prompt__N20.json,189,7
FunctionGemma-270M|summary_prompt|N20|190,FunctionGemma-270M,summary_prompt,20,partC_FunctionGemma-270M__summary_prompt__N20.json,190,1
FunctionGemma-270M|summary_prompt|N20|191,FunctionGemma-270M,summary_prompt,20,partC_FunctionGemma-270M__summary_prompt__N20.json,191,6
FunctionGemma-270M|summary_prompt|N20|192,FunctionGemma-270M,summary_prompt,20,partC_FunctionGemma-270M__summary_prompt__N20.json,192,4
FunctionGemma-270M|summary_prompt|N20|193,FunctionGemma-270M,summary_prompt,20,partC_FunctionGemma-270M__summary_prompt__N20.json,193,1
FunctionGemma-270M|summary_prompt|N20|194,FunctionGemma-270M,summary_prompt,20,partC_FunctionGemma-270M__summary_prompt__N20.json,194,1
FunctionGemma-270M|summary_prompt|N20|195,FunctionGemma-270M,summary_prompt,20,partC_FunctionGemma-270M__summary_prompt__N20.json,195,7
FunctionGemma-270M|summary_prompt|N20|196,FunctionGemma-270M,summary_prompt,20,partC_FunctionGemma-270M__summary_prompt__N20.json,196,4
FunctionGemma-270M|summary_prompt|N20|197,FunctionGemma-270M,summary_prompt,20,partC_FunctionGemma-270M__summary_prompt__N20.json,197,3
FunctionGemma-270M|summary_prompt|N20|198,FunctionGemma-270M,summary_prompt,20,partC_FunctionGemma-270M__summary_prompt__N20.json,198,9
FunctionGemma-270M|summary_prompt|N20|199,FunctionGemma-270M,summary_prompt,20,partC_FunctionGemma-270M__summary_prompt__N20.json,199,7
FunctionGemma-270M|summary_prompt|N20|200,FunctionGemma-270M,summary_prompt,20,partC_FunctionGemma-270M__summary_prompt__N20.json,200,3
FunctionGemma-270M|summary_prompt|N20|201,FunctionGemma-270M,summary_prompt,20,partC_FunctionGemma-270M__summary_prompt__N20.json,201,3
FunctionGemma-270M|summary_prompt|N20|202,FunctionGemma-270M,summary_prompt,20,partC_FunctionGemma-270M__summary_prompt__N20.json,202,6
FunctionGemma-270M|summary_prompt|N20|203,FunctionGemma-270M,summary_prompt,20,partC_FunctionGemma-270M__summary_prompt__N20.json,203,6
FunctionGemma-270M|summary_prompt|N20|204,FunctionGemma-270M,summary_prompt,20,partC_FunctionGemma-270M__summary_prompt__N20.json,204,9
FunctionGemma-270M|summary_prompt|N20|205,FunctionGemma-270M,summary_prompt,20,partC_FunctionGemma-270M__summary_prompt__N20.json,205,1
FunctionGemma-270M|summary_prompt|N20|206,FunctionGemma-270M,summary_prompt,20,partC_FunctionGemma-270M__summary_prompt__N20.json,206,6
FunctionGemma-270M|summary_prompt|N20|207,FunctionGemma-270M,summary_prompt,20,partC_FunctionGemma-270M__summary_prompt__N20.json,207,1
FunctionGemma-270M|summary_prompt|N20|208,FunctionGemma-270M,summary_prompt,20,partC_FunctionGemma-270M__summary_prompt__N20.json,208,4
FunctionGemma-270M|summary_prompt|N20|209,FunctionGemma-270M,summary_prompt,20,partC_FunctionGemma-270M__summary_prompt__N20.json,209,6
FunctionGemma-270M|summary_prompt|N20|210,FunctionGemma-270M,summary_prompt,20,partC_FunctionGemma-270M__summary_prompt__N20.json,210,6
FunctionGemma-270M|summary_prompt|N20|211,FunctionGemma-270M,summary_prompt,20,partC_FunctionGemma-270M__summary_prompt__N20.json,211,6
FunctionGemma-270M|summary_prompt|N20|212,FunctionGemma-270M,summary_prompt,20,partC_FunctionGemma-270M__summary_prompt__N20.json,212,3
FunctionGemma-270M|summary_prompt|N20|213,FunctionGemma-270M,summary_prompt,20,partC_FunctionGemma-270M__summary_prompt__N20.json,213,1
FunctionGemma-270M|summary_prompt|N20|214,FunctionGemma-270M,summary_prompt,20,partC_FunctionGemma-270M__summary_prompt__N20.json,214,4
FunctionGemma-270M|summary_prompt|N20|215,FunctionGemma-270M,summary_prompt,20,partC_FunctionGemma-270M__summary_prompt__N20.json,215,4
FunctionGemma-270M|summary_prompt|N20|216,FunctionGemma-270M,summary_prompt,20,partC_FunctionGemma-270M__summary_prompt__N20.json,216,6
FunctionGemma-270M|summary_prompt|N20|217,FunctionGemma-270M,summary_prompt,20,partC_FunctionGemma-270M__summary_prompt__N20.json,217,1
FunctionGemma-270M|summary_prompt|N20|218,FunctionGemma-270M,summary_prompt,20,partC_FunctionGemma-270M__summary_prompt__N20.json,218,7
FunctionGemma-270M|summary_prompt|N20|219,FunctionGemma-270M,summary_prompt,20,partC_FunctionGemma-270M__summary_prompt__N20.json,219,6
FunctionGemma-270M|summary_prompt|N20|220,FunctionGemma-270M,summary_prompt,20,partC_FunctionGemma-270M__summary_prompt__N20.json,220,4
FunctionGemma-270M|summary_prompt|N20|221,FunctionGemma-270M,summary_prompt,20,partC_FunctionGemma-270M__summary_prompt__N20.json,221,4
FunctionGemma-270M|summary_prompt|N20|222,FunctionGemma-270M,summary_prompt,20,partC_FunctionGemma-270M__summary_prompt__N20.json,222,1
FunctionGemma-270M|summary_prompt|N20|223,FunctionGemma-270M,summary_prompt,20,partC_FunctionGemma-270M__summary_prompt__N20.json,223,3
FunctionGemma-270M|summary_prompt|N20|224,FunctionGemma-270M,summary_prompt,20,partC_FunctionGemma-270M__summary_prompt__N20.json,224,6
FunctionGemma-270M|summary_prompt|N20|225,FunctionGemma-270M,summary_prompt,20,partC_FunctionGemma-270M__summary_prompt__N20.json,225,3
FunctionGemma-270M|summary_prompt|N20|226,FunctionGemma-270M,summary_prompt,20,partC_FunctionGemma-270M__summary_prompt__N20.json,226,1
FunctionGemma-270M|summary_prompt|N20|227,FunctionGemma-270M,summary_prompt,20,partC_FunctionGemma-270M__summary_prompt__N20.json,227,1
FunctionGemma-270M|summary_prompt|N20|228,FunctionGemma-270M,summary_prompt,20,partC_FunctionGemma-270M__summary_prompt__N20.json,228,4
FunctionGemma-270M|summary_prompt|N20|229,FunctionGemma-270M,summary_prompt,20,partC_FunctionGemma-270M__summary_prompt__N20.json,229,4
FunctionGemma-270M|summary_prompt|N20|230,FunctionGemma-270M,summary_prompt,20,partC_FunctionGemma-270M__summary_prompt__N20.json,230,1
FunctionGemma-270M|summary_prompt|N20|231,FunctionGemma-270M,summary_prompt,20,partC_FunctionGemma-270M__summary_prompt__N20.json,231,1
FunctionGemma-270M|summary_prompt|N20|232,FunctionGemma-270M,summary_prompt,20,partC_FunctionGemma-270M__summary_prompt__N20.json,232,6
FunctionGemma-270M|summary_prompt|N20|233,FunctionGemma-270M,summary_prompt,20,partC_FunctionGemma-270M__summary_prompt__N20.json,233,3
FunctionGemma-270M|summary_prompt|N20|234,FunctionGemma-270M,summary_prompt,20,partC_FunctionGemma-270M__summary_prompt__N20.json,234,3
FunctionGemma-270M|summary_prompt|N20|235,FunctionGemma-270M,summary_prompt,20,partC_FunctionGemma-270M__summary_prompt__N20.json,235,3
FunctionGemma-270M|summary_prompt|N20|236,FunctionGemma-270M,summary_prompt,20,partC_FunctionGemma-270M__summary_prompt__N20.json,236,3
FunctionGemma-270M|summary_prompt|N20|237,FunctionGemma-270M,summary_prompt,20,partC_FunctionGemma-270M__summary_prompt__N20.json,237,4
FunctionGemma-270M|summary_prompt|N20|238,FunctionGemma-270M,summary_prompt,20,partC_FunctionGemma-270M__summary_prompt__N20.json,238,3
FunctionGemma-270M|summary_prompt|N20|239,FunctionGemma-270M,summary_prompt,20,partC_FunctionGemma-270M__summary_prompt__N20.json,239,6
FunctionGemma-270M|summary_prompt|N20|240,FunctionGemma-270M,summary_prompt,20,partC_FunctionGemma-270M__summary_prompt__N20.json,240,3
FunctionGemma-270M|summary_prompt|N20|241,FunctionGemma-270M,summary_prompt,20,partC_FunctionGemma-270M__summary_prompt__N20.json,241,4
FunctionGemma-270M|summary_prompt|N20|242,FunctionGemma-270M,summary_prompt,20,partC_FunctionGemma-270M__summary_prompt__N20.json,242,1
FunctionGemma-270M|summary_prompt|N20|243,FunctionGemma-270M,summary_prompt,20,partC_FunctionGemma-270M__summary_prompt__N20.json,243,3
FunctionGemma-270M|summary_prompt|N20|244,FunctionGemma-270M,summary_prompt,20,partC_FunctionGemma-270M__summary_prompt__N20.json,244,3
FunctionGemma-270M|summary_prompt|N20|245,FunctionGemma-270M,summary_prompt,20,partC_FunctionGemma-270M__summary_prompt__N20.json,245,4
FunctionGemma-270M|summary_prompt|N20|246,FunctionGemma-270M,summary_prompt,20,partC_FunctionGemma-270M__summary_prompt__N20.json,246,4
FunctionGemma-270M|summary_prompt|N20|247,FunctionGemma-270M,summary_prompt,20,partC_FunctionGemma-270M__summary_prompt__N20.json,247,1
FunctionGemma-270M|summary_prompt|N20|248,FunctionGemma-270M,summary_prompt,20,partC_FunctionGemma-270M__summary_prompt__N20.json,248,1
FunctionGemma-270M|summary_prompt|N20|249,FunctionGemma-270M,summary_prompt,20,partC_FunctionGemma-270M__summary_prompt__N20.json,249,3
FunctionGemma-270M|summary_prompt|N20|250,FunctionGemma-270M,summary_prompt,20,partC_FunctionGemma-270M__summary_prompt__N20.json,250,4
FunctionGemma-270M|summary_prompt|N20|251,FunctionGemma-270M,summary_prompt,20,partC_FunctionGemma-270M__summary_prompt__N20.json,251,1
FunctionGemma-270M|summary_prompt|N20|252,FunctionGemma-270M,summary_prompt,20,partC_FunctionGemma-270M__summary_prompt__N20.json,252,3
FunctionGemma-270M|summary_prompt|N20|253,FunctionGemma-270M,summary_prompt,20,partC_FunctionGemma-270M__summary_prompt__N20.json,253,3
FunctionGemma-270M|summary_prompt|N20|254,FunctionGemma-270M,summary_prompt,20,partC_FunctionGemma-270M__summary_prompt__N20.json,254,1
FunctionGemma-270M|summary_prompt|N20|255,FunctionGemma-270M,summary_prompt,20,partC_FunctionGemma-270M__summary_prompt__N20.json,255,3
FunctionGemma-270M|summary_prompt|N20|256,FunctionGemma-270M,summary_prompt,20,partC_FunctionGemma-270M__summary_prompt__N20.json,256,4
FunctionGemma-270M|summary_prompt|N20|257,FunctionGemma-270M,summary_prompt,20,partC_FunctionGemma-270M__summary_prompt__N20.json,257,1
FunctionGemma-270M|summary_prompt|N20|258,FunctionGemma-270M,summary_prompt,20,partC_FunctionGemma-270M__summary_prompt__N20.json,258,4
FunctionGemma-270M|summary_prompt|N20|259,FunctionGemma-270M,summary_prompt,20,partC_FunctionGemma-270M__summary_prompt__N20.json,259,4
FunctionGemma-270M|summary_prompt|N20|260,FunctionGemma-270M,summary_prompt,20,partC_FunctionGemma-270M__summary_prompt__N20.json,260,4
FunctionGemma-270M|summary_prompt|N20|261,FunctionGemma-270M,summary_prompt,20,partC_FunctionGemma-270M__summary_prompt__N20.json,261,4
FunctionGemma-270M|summary_prompt|N20|262,FunctionGemma-270M,summary_prompt,20,partC_FunctionGemma-270M__summary_prompt__N20.json,262,3
FunctionGemma-270M|summary_prompt|N20|263,FunctionGemma-270M,summary_prompt,20,partC_FunctionGemma-270M__summary_prompt__N20.json,263,3
FunctionGemma-270M|summary_prompt|N20|264,FunctionGemma-270M,summary_prompt,20,partC_FunctionGemma-270M__summary_prompt__N20.json,264,4
FunctionGemma-270M|summary_prompt|N20|265,FunctionGemma-270M,summary_prompt,20,partC_FunctionGemma-270M__summary_prompt__N20.json,265,4
FunctionGemma-270M|summary_prompt|N20|266,FunctionGemma-270M,summary_prompt,20,partC_FunctionGemma-270M__summary_prompt__N20.json,266,3
FunctionGemma-270M|summary_prompt|N20|267,FunctionGemma-270M,summary_prompt,20,partC_FunctionGemma-270M__summary_prompt__N20.json,267,3
FunctionGemma-270M|summary_prompt|N20|268,FunctionGemma-270M,summary_prompt,20,partC_FunctionGemma-270M__summary_prompt__N20.json,268,4
FunctionGemma-270M|summary_prompt|N20|269,FunctionGemma-270M,summary_prompt,20,partC_FunctionGemma-270M__summary_prompt__N20.json,269,1
FunctionGemma-270M|summary_prompt|N20|270,FunctionGemma-270M,summary_prompt,20,partC_FunctionGemma-270M__summary_prompt__N20.json,270,1
FunctionGemma-270M|summary_prompt|N20|271,FunctionGemma-270M,summary_prompt,20,partC_FunctionGemma-270M__summary_prompt__N20.json,271,3
FunctionGemma-270M|summary_prompt|N20|272,FunctionGemma-270M,summary_prompt,20,partC_FunctionGemma-270M__summary_prompt__N20.json,272,3
FunctionGemma-270M|summary_prompt|N20|273,FunctionGemma-270M,summary_prompt,20,partC_FunctionGemma-270M__summary_prompt__N20.json,273,4
FunctionGemma-270M|summary_prompt|N20|274,FunctionGemma-270M,summary_prompt,20,partC_FunctionGemma-270M__summary_prompt__N20.json,274,3
FunctionGemma-270M|summary_prompt|N20|275,FunctionGemma-270M,summary_prompt,20,partC_FunctionGemma-270M__summary_prompt__N20.json,275,4
FunctionGemma-270M|summary_prompt|N20|276,FunctionGemma-270M,summary_prompt,20,partC_FunctionGemma-270M__summary_prompt__N20.json,276,6
FunctionGemma-270M|summary_prompt|N20|277,FunctionGemma-270M,summary_prompt,20,partC_FunctionGemma-270M__summary_prompt__N20.json,277,4
FunctionGemma-270M|summary_prompt|N20|278,FunctionGemma-270M,summary_prompt,20,partC_FunctionGemma-270M__summary_prompt__N20.json,278,4
FunctionGemma-270M|summary_prompt|N20|279,FunctionGemma-270M,summary_prompt,20,partC_FunctionGemma-270M__summary_prompt__N20.json,279,4
FunctionGemma-270M|summary_prompt|N20|280,FunctionGemma-270M,summary_prompt,20,partC_FunctionGemma-270M__summary_prompt__N20.json,280,3
FunctionGemma-270M|summary_prompt|N20|281,FunctionGemma-270M,summary_prompt,20,partC_FunctionGemma-270M__summary_prompt__N20.json,281,3
FunctionGemma-270M|summary_prompt|N20|282,FunctionGemma-270M,summary_prompt,20,partC_FunctionGemma-270M__summary_prompt__N20.json,282,3
FunctionGemma-270M|summary_prompt|N20|283,FunctionGemma-270M,summary_prompt,20,partC_FunctionGemma-270M__summary_prompt__N20.json,283,1
FunctionGemma-270M|summary_prompt|N20|284,FunctionGemma-270M,summary_prompt,20,partC_FunctionGemma-270M__summary_prompt__N20.json,284,3
FunctionGemma-270M|summary_prompt|N20|285,FunctionGemma-270M,summary_prompt,20,partC_FunctionGemma-270M__summary_prompt__N20.json,285,3
FunctionGemma-270M|summary_prompt|N20|286,FunctionGemma-270M,summary_prompt,20,partC_FunctionGemma-270M__summary_prompt__N20.json,286,3
FunctionGemma-270M|summary_prompt|N20|287,FunctionGemma-270M,summary_prompt,20,partC_FunctionGemma-270M__summary_prompt__N20.json,287,1
FunctionGemma-270M|summary_prompt|N20|288,FunctionGemma-270M,summary_prompt,20,partC_FunctionGemma-270M__summary_prompt__N20.json,288,3
FunctionGemma-270M|summary_prompt|N20|289,FunctionGemma-270M,summary_prompt,20,partC_FunctionGemma-270M__summary_prompt__N20.json,289,3
FunctionGemma-270M|summary_prompt|N20|290,FunctionGemma-270M,summary_prompt,20,partC_FunctionGemma-270M__summary_prompt__N20.json,290,2
FunctionGemma-270M|summary_prompt|N20|291,FunctionGemma-270M,summary_prompt,20,partC_FunctionGemma-270M__summary_prompt__N20.json,291,3
FunctionGemma-270M|summary_prompt|N20|292,FunctionGemma-270M,summary_prompt,20,partC_FunctionGemma-270M__summary_prompt__N20.json,292,3
FunctionGemma-270M|summary_prompt|N20|293,FunctionGemma-270M,summary_prompt,20,partC_FunctionGemma-270M__summary_prompt__N20.json,293,3
FunctionGemma-270M|summary_prompt|N20|294,FunctionGemma-270M,summary_prompt,20,partC_FunctionGemma-270M__summary_prompt__N20.json,294,3
FunctionGemma-270M|summary_prompt|N20|295,FunctionGemma-270M,summary_prompt,20,partC_FunctionGemma-270M__summary_prompt__N20.json,295,4
FunctionGemma-270M|summary_prompt|N20|296,FunctionGemma-270M,summary_prompt,20,partC_FunctionGemma-270M__summary_prompt__N20.json,296,3
FunctionGemma-270M|summary_prompt|N20|297,FunctionGemma-270M,summary_prompt,20,partC_FunctionGemma-270M__summary_prompt__N20.json,297,3
FunctionGemma-270M|summary_prompt|N20|298,FunctionGemma-270M,summary_prompt,20,partC_FunctionGemma-270M__summary_prompt__N20.json,298,3
FunctionGemma-270M|summary_prompt|N20|299,FunctionGemma-270M,summary_prompt,20,partC_FunctionGemma-270M__summary_prompt__N20.json,299,3
FunctionGemma-270M|summary_prompt|N20|300,FunctionGemma-270M,summary_prompt,20,partC_FunctionGemma-270M__summary_prompt__N20.json,300,3
FunctionGemma-270M|summary_prompt|N20|301,FunctionGemma-270M,summary_prompt,20,partC_FunctionGemma-270M__summary_prompt__N20.json,301,1
FunctionGemma-270M|summary_prompt|N20|302,FunctionGemma-270M,summary_prompt,20,partC_FunctionGemma-270M__summary_prompt__N20.json,302,9
FunctionGemma-270M|summary_prompt|N20|303,FunctionGemma-270M,summary_prompt,20,partC_FunctionGemma-270M__summary_prompt__N20.json,303,6
FunctionGemma-270M|summary_prompt|N20|304,FunctionGemma-270M,summary_prompt,20,partC_FunctionGemma-270M__summary_prompt__N20.json,304,4
FunctionGemma-270M|summary_prompt|N20|305,FunctionGemma-270M,summary_prompt,20,partC_FunctionGemma-270M__summary_prompt__N20.json,305,3
FunctionGemma-270M|summary_prompt|N20|306,FunctionGemma-270M,summary_prompt,20,partC_FunctionGemma-270M__summary_prompt__N20.json,306,1
FunctionGemma-270M|summary_prompt|N20|307,FunctionGemma-270M,summary_prompt,20,partC_FunctionGemma-270M__summary_prompt__N20.json,307,4
FunctionGemma-270M|summary_prompt|N20|308,FunctionGemma-270M,summary_prompt,20,partC_FunctionGemma-270M__summary_prompt__N20.json,308,1
FunctionGemma-270M|summary_prompt|N20|309,FunctionGemma-270M,summary_prompt,20,partC_FunctionGemma-270M__summary_prompt__N20.json,309,1
FunctionGemma-270M|summary_prompt|N20|310,FunctionGemma-270M,summary_prompt,20,partC_FunctionGemma-270M__summary_prompt__N20.json,310,3
FunctionGemma-270M|summary_prompt|N20|311,FunctionGemma-270M,summary_prompt,20,partC_FunctionGemma-270M__summary_prompt__N20.json,311,3
FunctionGemma-270M|summary_prompt|N20|312,FunctionGemma-270M,summary_prompt,20,partC_FunctionGemma-270M__summary_prompt__N20.json,312,3
FunctionGemma-270M|summary_prompt|N20|313,FunctionGemma-270M,summary_prompt,20,partC_FunctionGemma-270M__summary_prompt__N20.json,313,3
FunctionGemma-270M|summary_prompt|N20|314,FunctionGemma-270M,summary_prompt,20,partC_FunctionGemma-270M__summary_prompt__N20.json,314,3
FunctionGemma-270M|summary_prompt|N20|315,FunctionGemma-270M,summary_prompt,20,partC_FunctionGemma-270M__summary_prompt__N20.json,315,1
FunctionGemma-270M|summary_prompt|N20|316,FunctionGemma-270M,summary_prompt,20,partC_FunctionGemma-270M__summary_prompt__N20.json,316,3
FunctionGemma-270M|summary_prompt|N20|317,FunctionGemma-270M,summary_prompt,20,partC_FunctionGemma-270M__summary_prompt__N20.json,317,3
FunctionGemma-270M|summary_prompt|N20|318,FunctionGemma-270M,summary_prompt,20,partC_FunctionGemma-270M__summary_prompt__N20.json,318,3
FunctionGemma-270M|summary_prompt|N20|319,FunctionGemma-270M,summary_prompt,20,partC_FunctionGemma-270M__summary_prompt__N20.json,319,1
FunctionGemma-270M|summary_prompt|N20|320,FunctionGemma-270M,summary_prompt,20,partC_FunctionGemma-270M__summary_prompt__N20.json,320,1
FunctionGemma-270M|summary_prompt|N20|321,FunctionGemma-270M,summary_prompt,20,partC_FunctionGemma-270M__summary_prompt__N20.json,321,6
FunctionGemma-270M|summary_prompt|N20|322,FunctionGemma-270M,summary_prompt,20,partC_FunctionGemma-270M__summary_prompt__N20.json,322,9
FunctionGemma-270M|summary_prompt|N20|323,FunctionGemma-270M,summary_prompt,20,partC_FunctionGemma-270M__summary_prompt__N20.json,323,9
FunctionGemma-270M|summary_prompt|N20|324,FunctionGemma-270M,summary_prompt,20,partC_FunctionGemma-270M__summary_prompt__N20.json,324,1
FunctionGemma-270M|summary_prompt|N20|325,FunctionGemma-270M,summary_prompt,20,partC_FunctionGemma-270M__summary_prompt__N20.json,325,3
FunctionGemma-270M|summary_prompt|N20|326,FunctionGemma-270M,summary_prompt,20,partC_FunctionGemma-270M__summary_prompt__N20.json,326,1
FunctionGemma-270M|summary_prompt|N20|327,FunctionGemma-270M,summary_prompt,20,partC_FunctionGemma-270M__summary_prompt__N20.json,327,1
FunctionGemma-270M|summary_prompt|N20|328,FunctionGemma-270M,summary_prompt,20,partC_FunctionGemma-270M__summary_prompt__N20.json,328,9
FunctionGemma-270M|summary_prompt|N20|329,FunctionGemma-270M,summary_prompt,20,partC_FunctionGemma-270M__summary_prompt__N20.json,329,1
FunctionGemma-270M|summary_prompt|N20|330,FunctionGemma-270M,summary_prompt,20,partC_FunctionGemma-270M__summary_prompt__N20.json,330,9
FunctionGemma-270M|summary_prompt|N20|331,FunctionGemma-270M,summary_prompt,20,partC_FunctionGemma-270M__summary_prompt__N20.json,331,9
FunctionGemma-270M|summary_prompt|N20|332,FunctionGemma-270M,summary_prompt,20,partC_FunctionGemma-270M__summary_prompt__N20.json,332,4
FunctionGemma-270M|summary_prompt|N20|333,FunctionGemma-270M,summary_prompt,20,partC_FunctionGemma-270M__summary_prompt__N20.json,333,3
FunctionGemma-270M|summary_prompt|N20|334,FunctionGemma-270M,summary_prompt,20,partC_FunctionGemma-270M__summary_prompt__N20.json,334,1
FunctionGemma-270M|summary_prompt|N20|335,FunctionGemma-270M,summary_prompt,20,partC_FunctionGemma-270M__summary_prompt__N20.json,335,3
FunctionGemma-270M|summary_prompt|N20|336,FunctionGemma-270M,summary_prompt,20,partC_FunctionGemma-270M__summary_prompt__N20.json,336,1
FunctionGemma-270M|summary_prompt|N20|337,FunctionGemma-270M,summary_prompt,20,partC_FunctionGemma-270M__summary_prompt__N20.json,337,4
FunctionGemma-270M|summary_prompt|N20|338,FunctionGemma-270M,summary_prompt,20,partC_FunctionGemma-270M__summary_prompt__N20.json,338,3
FunctionGemma-270M|summary_prompt|N20|339,FunctionGemma-270M,summary_prompt,20,partC_FunctionGemma-270M__summary_prompt__N20.json,339,4
FunctionGemma-270M|summary_prompt|N20|340,FunctionGemma-270M,summary_prompt,20,partC_FunctionGemma-270M__summary_prompt__N20.json,340,4
FunctionGemma-270M|summary_prompt|N20|341,FunctionGemma-270M,summary_prompt,20,partC_FunctionGemma-270M__summary_prompt__N20.json,341,1
FunctionGemma-270M|summary_prompt|N20|342,FunctionGemma-270M,summary_prompt,20,partC_FunctionGemma-270M__summary_prompt__N20.json,342,7
FunctionGemma-270M|summary_prompt|N20|343,FunctionGemma-270M,summary_prompt,20,partC_FunctionGemma-270M__summary_prompt__N20.json,343,4
FunctionGemma-270M|summary_prompt|N20|344,FunctionGemma-270M,summary_prompt,20,partC_FunctionGemma-270M__summary_prompt__N20.json,344,3
FunctionGemma-270M|summary_prompt|N20|345,FunctionGemma-270M,summary_prompt,20,partC_FunctionGemma-270M__summary_prompt__N20.json,345,1
FunctionGemma-270M|summary_prompt|N20|346,FunctionGemma-270M,summary_prompt,20,partC_FunctionGemma-270M__summary_prompt__N20.json,346,4
FunctionGemma-270M|summary_prompt|N20|347,FunctionGemma-270M,summary_prompt,20,partC_FunctionGemma-270M__summary_prompt__N20.json,347,4
FunctionGemma-270M|summary_prompt|N20|348,FunctionGemma-270M,summary_prompt,20,partC_FunctionGemma-270M__summary_prompt__N20.json,348,3
FunctionGemma-270M|summary_prompt|N20|349,FunctionGemma-270M,summary_prompt,20,partC_FunctionGemma-270M__summary_prompt__N20.json,349,9
FunctionGemma-270M|summary_prompt|N20|350,FunctionGemma-270M,summary_prompt,20,partC_FunctionGemma-270M__summary_prompt__N20.json,350,3
FunctionGemma-270M|summary_prompt|N20|351,FunctionGemma-270M,summary_prompt,20,partC_FunctionGemma-270M__summary_prompt__N20.json,351,3
FunctionGemma-270M|summary_prompt|N20|352,FunctionGemma-270M,summary_prompt,20,partC_FunctionGemma-270M__summary_prompt__N20.json,352,4
FunctionGemma-270M|summary_prompt|N20|353,FunctionGemma-270M,summary_prompt,20,partC_FunctionGemma-270M__summary_prompt__N20.json,353,4
FunctionGemma-270M|summary_prompt|N20|354,FunctionGemma-270M,summary_prompt,20,partC_FunctionGemma-270M__summary_prompt__N20.json,354,1
FunctionGemma-270M|summary_prompt|N20|355,FunctionGemma-270M,summary_prompt,20,partC_FunctionGemma-270M__summary_prompt__N20.json,355,1
FunctionGemma-270M|summary_prompt|N20|356,FunctionGemma-270M,summary_prompt,20,partC_FunctionGemma-270M__summary_prompt__N20.json,356,3
FunctionGemma-270M|summary_prompt|N20|357,FunctionGemma-270M,summary_prompt,20,partC_FunctionGemma-270M__summary_prompt__N20.json,357,1
FunctionGemma-270M|summary_prompt|N20|358,FunctionGemma-270M,summary_prompt,20,partC_FunctionGemma-270M__summary_prompt__N20.json,358,3
FunctionGemma-270M|summary_prompt|N20|359,FunctionGemma-270M,summary_prompt,20,partC_FunctionGemma-270M__summary_prompt__N20.json,359,3
FunctionGemma-270M|summary_prompt|N20|360,FunctionGemma-270M,summary_prompt,20,partC_FunctionGemma-270M__summary_prompt__N20.json,360,4
FunctionGemma-270M|summary_prompt|N20|361,FunctionGemma-270M,summary_prompt,20,partC_FunctionGemma-270M__summary_prompt__N20.json,361,4
FunctionGemma-270M|summary_prompt|N20|362,FunctionGemma-270M,summary_prompt,20,partC_FunctionGemma-270M__summary_prompt__N20.json,362,6
FunctionGemma-270M|summary_prompt|N20|363,FunctionGemma-270M,summary_prompt,20,partC_FunctionGemma-270M__summary_prompt__N20.json,363,1
FunctionGemma-270M|summary_prompt|N20|364,FunctionGemma-270M,summary_prompt,20,partC_FunctionGemma-270M__summary_prompt__N20.json,364,1
FunctionGemma-270M|summary_prompt|N20|365,FunctionGemma-270M,summary_prompt,20,partC_FunctionGemma-270M__summary_prompt__N20.json,365,6
FunctionGemma-270M|summary_prompt|N20|366,FunctionGemma-270M,summary_prompt,20,partC_FunctionGemma-270M__summary_prompt__N20.json,366,4
FunctionGemma-270M|summary_prompt|N20|367,FunctionGemma-270M,summary_prompt,20,partC_FunctionGemma-270M__summary_prompt__N20.json,367,3
FunctionGemma-270M|summary_prompt|N20|368,FunctionGemma-270M,summary_prompt,20,partC_FunctionGemma-270M__summary_prompt__N20.json,368,4
FunctionGemma-270M|summary_prompt|N20|369,FunctionGemma-270M,summary_prompt,20,partC_FunctionGemma-270M__summary_prompt__N20.json,369,4
FunctionGemma-270M|summary_prompt|N20|370,FunctionGemma-270M,summary_prompt,20,partC_FunctionGemma-270M__summary_prompt__N20.json,370,3
FunctionGemma-270M|summary_prompt|N20|371,FunctionGemma-270M,summary_prompt,20,partC_FunctionGemma-270M__summary_prompt__N20.json,371,3
FunctionGemma-270M|summary_prompt|N20|372,FunctionGemma-270M,summary_prompt,20,partC_FunctionGemma-270M__summary_prompt__N20.json,372,3
FunctionGemma-270M|summary_prompt|N20|373,FunctionGemma-270M,summary_prompt,20,partC_FunctionGemma-270M__summary_prompt__N20.json,373,4
FunctionGemma-270M|summary_prompt|N20|374,FunctionGemma-270M,summary_prompt,20,partC_FunctionGemma-270M__summary_prompt__N20.json,374,4
FunctionGemma-270M|summary_prompt|N20|375,FunctionGemma-270M,summary_prompt,20,partC_FunctionGemma-270M__summary_prompt__N20.json,375,4
FunctionGemma-270M|summary_prompt|N20|376,FunctionGemma-270M,summary_prompt,20,partC_FunctionGemma-270M__summary_prompt__N20.json,376,4
FunctionGemma-270M|summary_prompt|N20|377,FunctionGemma-270M,summary_prompt,20,partC_FunctionGemma-270M__summary_prompt__N20.json,377,4
FunctionGemma-270M|summary_prompt|N20|378,FunctionGemma-270M,summary_prompt,20,partC_FunctionGemma-270M__summary_prompt__N20.json,378,3
FunctionGemma-270M|summary_prompt|N20|379,FunctionGemma-270M,summary_prompt,20,partC_FunctionGemma-270M__summary_prompt__N20.json,379,3
FunctionGemma-270M|summary_prompt|N20|380,FunctionGemma-270M,summary_prompt,20,partC_FunctionGemma-270M__summary_prompt__N20.json,380,4
FunctionGemma-270M|summary_prompt|N20|381,FunctionGemma-270M,summary_prompt,20,partC_FunctionGemma-270M__summary_prompt__N20.json,381,3
FunctionGemma-270M|summary_prompt|N20|382,FunctionGemma-270M,summary_prompt,20,partC_FunctionGemma-270M__summary_prompt__N20.json,382,4
FunctionGemma-270M|summary_prompt|N20|383,FunctionGemma-270M,summary_prompt,20,partC_FunctionGemma-270M__summary_prompt__N20.json,383,3
FunctionGemma-270M|summary_prompt|N20|384,FunctionGemma-270M,summary_prompt,20,partC_FunctionGemma-270M__summary_prompt__N20.json,384,3
FunctionGemma-270M|summary_prompt|N20|385,FunctionGemma-270M,summary_prompt,20,partC_FunctionGemma-270M__summary_prompt__N20.json,385,3
FunctionGemma-270M|summary_prompt|N20|386,FunctionGemma-270M,summary_prompt,20,partC_FunctionGemma-270M__summary_prompt__N20.json,386,7
FunctionGemma-270M|summary_prompt|N20|387,FunctionGemma-270M,summary_prompt,20,partC_FunctionGemma-270M__summary_prompt__N20.json,387,4
FunctionGemma-270M|summary_prompt|N20|388,FunctionGemma-270M,summary_prompt,20,partC_FunctionGemma-270M__summary_prompt__N20.json,388,4
FunctionGemma-270M|summary_prompt|N20|389,FunctionGemma-270M,summary_prompt,20,partC_FunctionGemma-270M__summary_prompt__N20.json,389,6
FunctionGemma-270M|summary_prompt|N20|390,FunctionGemma-270M,summary_prompt,20,partC_FunctionGemma-270M__summary_prompt__N20.json,390,4
FunctionGemma-270M|summary_prompt|N20|391,FunctionGemma-270M,summary_prompt,20,partC_FunctionGemma-270M__summary_prompt__N20.json,391,4
FunctionGemma-270M|summary_prompt|N20|392,FunctionGemma-270M,summary_prompt,20,partC_FunctionGemma-270M__summary_prompt__N20.json,392,4
FunctionGemma-270M|summary_prompt|N20|393,FunctionGemma-270M,summary_prompt,20,partC_FunctionGemma-270M__summary_prompt__N20.json,393,4
FunctionGemma-270M|summary_prompt|N20|394,FunctionGemma-270M,summary_prompt,20,partC_FunctionGemma-270M__summary_prompt__N20.json,394,4
FunctionGemma-270M|summary_prompt|N20|395,FunctionGemma-270M,summary_prompt,20,partC_FunctionGemma-270M__summary_prompt__N20.json,395,4
FunctionGemma-270M|summary_prompt|N20|396,FunctionGemma-270M,summary_prompt,20,partC_FunctionGemma-270M__summary_prompt__N20.json,396,6
FunctionGemma-270M|summary_prompt|N20|397,FunctionGemma-270M,summary_prompt,20,partC_FunctionGemma-270M__summary_prompt__N20.json,397,4
FunctionGemma-270M|summary_prompt|N20|398,FunctionGemma-270M,summary_prompt,20,partC_FunctionGemma-270M__summary_prompt__N20.json,398,1
FunctionGemma-270M|summary_prompt|N20|399,FunctionGemma-270M,summary_prompt,20,partC_FunctionGemma-270M__summary_prompt__N20.json,399,4
FunctionGemma-270M|summary_prompt|N20|400,FunctionGemma-270M,summary_prompt,20,partC_FunctionGemma-270M__summary_prompt__N20.json,400,9
FunctionGemma-270M|summary_prompt|N20|401,FunctionGemma-270M,summary_prompt,20,partC_FunctionGemma-270M__summary_prompt__N20.json,401,6
FunctionGemma-270M|summary_prompt|N20|402,FunctionGemma-270M,summary_prompt,20,partC_FunctionGemma-270M__summary_prompt__N20.json,402,1
FunctionGemma-270M|summary_prompt|N20|403,FunctionGemma-270M,summary_prompt,20,partC_FunctionGemma-270M__summary_prompt__N20.json,403,4
FunctionGemma-270M|summary_prompt|N20|404,FunctionGemma-270M,summary_prompt,20,partC_FunctionGemma-270M__summary_prompt__N20.json,404,1
FunctionGemma-270M|summary_prompt|N20|405,FunctionGemma-270M,summary_prompt,20,partC_FunctionGemma-270M__summary_prompt__N20.json,405,6
FunctionGemma-270M|summary_prompt|N20|406,FunctionGemma-270M,summary_prompt,20,partC_FunctionGemma-270M__summary_prompt__N20.json,406,9
FunctionGemma-270M|summary_prompt|N20|407,FunctionGemma-270M,summary_prompt,20,partC_FunctionGemma-270M__summary_prompt__N20.json,407,4
FunctionGemma-270M|summary_prompt|N20|408,FunctionGemma-270M,summary_prompt,20,partC_FunctionGemma-270M__summary_prompt__N20.json,408,3
FunctionGemma-270M|summary_prompt|N20|409,FunctionGemma-270M,summary_prompt,20,partC_FunctionGemma-270M__summary_prompt__N20.json,409,1
FunctionGemma-270M|summary_prompt|N20|410,FunctionGemma-270M,summary_prompt,20,partC_FunctionGemma-270M__summary_prompt__N20.json,410,1
FunctionGemma-270M|summary_prompt|N20|411,FunctionGemma-270M,summary_prompt,20,partC_FunctionGemma-270M__summary_prompt__N20.json,411,4
FunctionGemma-270M|summary_prompt|N20|412,FunctionGemma-270M,summary_prompt,20,partC_FunctionGemma-270M__summary_prompt__N20.json,412,3
FunctionGemma-270M|summary_prompt|N20|413,FunctionGemma-270M,summary_prompt,20,partC_FunctionGemma-270M__summary_prompt__N20.json,413,6
FunctionGemma-270M|summary_prompt|N20|414,FunctionGemma-270M,summary_prompt,20,partC_FunctionGemma-270M__summary_prompt__N20.json,414,1
FunctionGemma-270M|summary_prompt|N20|415,FunctionGemma-270M,summary_prompt,20,partC_FunctionGemma-270M__summary_prompt__N20.json,415,6
FunctionGemma-270M|summary_prompt|N20|416,FunctionGemma-270M,summary_prompt,20,partC_FunctionGemma-270M__summary_prompt__N20.json,416,3
FunctionGemma-270M|summary_prompt|N20|417,FunctionGemma-270M,summary_prompt,20,partC_FunctionGemma-270M__summary_prompt__N20.json,417,1
FunctionGemma-270M|summary_prompt|N20|418,FunctionGemma-270M,summary_prompt,20,partC_FunctionGemma-270M__summary_prompt__N20.json,418,3
FunctionGemma-270M|summary_prompt|N20|419,FunctionGemma-270M,summary_prompt,20,partC_FunctionGemma-270M__summary_prompt__N20.json,419,6
FunctionGemma-270M|summary_prompt|N20|420,FunctionGemma-270M,summary_prompt,20,partC_FunctionGemma-270M__summary_prompt__N20.json,420,1
FunctionGemma-270M|summary_prompt|N20|421,FunctionGemma-270M,summary_prompt,20,partC_FunctionGemma-270M__summary_prompt__N20.json,421,4
FunctionGemma-270M|summary_prompt|N20|422,FunctionGemma-270M,summary_prompt,20,partC_FunctionGemma-270M__summary_prompt__N20.json,422,1
FunctionGemma-270M|summary_prompt|N20|423,FunctionGemma-270M,summary_prompt,20,partC_FunctionGemma-270M__summary_prompt__N20.json,423,4
FunctionGemma-270M|summary_prompt|N20|424,FunctionGemma-270M,summary_prompt,20,partC_FunctionGemma-270M__summary_prompt__N20.json,424,3
FunctionGemma-270M|summary_prompt|N20|425,FunctionGemma-270M,summary_prompt,20,partC_FunctionGemma-270M__summary_prompt__N20.json,425,9
FunctionGemma-270M|summary_prompt|N20|426,FunctionGemma-270M,summary_prompt,20,partC_FunctionGemma-270M__summary_prompt__N20.json,426,3
FunctionGemma-270M|summary_prompt|N20|427,FunctionGemma-270M,summary_prompt,20,partC_FunctionGemma-270M__summary_prompt__N20.json,427,9
FunctionGemma-270M|summary_prompt|N20|428,FunctionGemma-270M,summary_prompt,20,partC_FunctionGemma-270M__summary_prompt__N20.json,428,1
FunctionGemma-270M|summary_prompt|N20|429,FunctionGemma-270M,summary_prompt,20,partC_FunctionGemma-270M__summary_prompt__N20.json,429,9
FunctionGemma-270M|summary_prompt|N20|430,FunctionGemma-270M,summary_prompt,20,partC_FunctionGemma-270M__summary_prompt__N20.json,430,3
FunctionGemma-270M|summary_prompt|N20|431,FunctionGemma-270M,summary_prompt,20,partC_FunctionGemma-270M__summary_prompt__N20.json,431,3
FunctionGemma-270M|summary_prompt|N20|432,FunctionGemma-270M,summary_prompt,20,partC_FunctionGemma-270M__summary_prompt__N20.json,432,6
FunctionGemma-270M|summary_prompt|N20|433,FunctionGemma-270M,summary_prompt,20,partC_FunctionGemma-270M__summary_prompt__N20.json,433,3
FunctionGemma-270M|summary_prompt|N20|434,FunctionGemma-270M,summary_prompt,20,partC_FunctionGemma-270M__summary_prompt__N20.json,434,1
FunctionGemma-270M|summary_prompt|N20|435,FunctionGemma-270M,summary_prompt,20,partC_FunctionGemma-270M__summary_prompt__N20.json,435,3
FunctionGemma-270M|summary_prompt|N20|436,FunctionGemma-270M,summary_prompt,20,partC_FunctionGemma-270M__summary_prompt__N20.json,436,4
FunctionGemma-270M|summary_prompt|N20|437,FunctionGemma-270M,summary_prompt,20,partC_FunctionGemma-270M__summary_prompt__N20.json,437,9
FunctionGemma-270M|summary_prompt|N20|438,FunctionGemma-270M,summary_prompt,20,partC_FunctionGemma-270M__summary_prompt__N20.json,438,1
FunctionGemma-270M|summary_prompt|N20|439,FunctionGemma-270M,summary_prompt,20,partC_FunctionGemma-270M__summary_prompt__N20.json,439,3
FunctionGemma-270M|summary_prompt|N20|440,FunctionGemma-270M,summary_prompt,20,partC_FunctionGemma-270M__summary_prompt__N20.json,440,4
FunctionGemma-270M|summary_prompt|N20|441,FunctionGemma-270M,summary_prompt,20,partC_FunctionGemma-270M__summary_prompt__N20.json,441,6
FunctionGemma-270M|summary_prompt|N20|442,FunctionGemma-270M,summary_prompt,20,partC_FunctionGemma-270M__summary_prompt__N20.json,442,4
FunctionGemma-270M|summary_prompt|N20|443,FunctionGemma-270M,summary_prompt,20,partC_FunctionGemma-270M__summary_prompt__N20.json,443,4
FunctionGemma-270M|summary_prompt|N20|444,FunctionGemma-270M,summary_prompt,20,partC_FunctionGemma-270M__summary_prompt__N20.json,444,4
FunctionGemma-270M|summary_prompt|N20|445,FunctionGemma-270M,summary_prompt,20,partC_FunctionGemma-270M__summary_prompt__N20.json,445,3
FunctionGemma-270M|summary_prompt|N20|446,FunctionGemma-270M,summary_prompt,20,partC_FunctionGemma-270M__summary_prompt__N20.json,446,6
FunctionGemma-270M|summary_prompt|N20|447,FunctionGemma-270M,summary_prompt,20,partC_FunctionGemma-270M__summary_prompt__N20.json,447,4
FunctionGemma-270M|summary_prompt|N20|448,FunctionGemma-270M,summary_prompt,20,partC_FunctionGemma-270M__summary_prompt__N20.json,448,4
FunctionGemma-270M|summary_prompt|N20|449,FunctionGemma-270M,summary_prompt,20,partC_FunctionGemma-270M__summary_prompt__N20.json,449,4
FunctionGemma-270M|summary_prompt|N20|450,FunctionGemma-270M,summary_prompt,20,partC_FunctionGemma-270M__summary_prompt__N20.json,450,6
FunctionGemma-270M|summary_prompt|N20|451,FunctionGemma-270M,summary_prompt,20,partC_FunctionGemma-270M__summary_prompt__N20.json,451,3
FunctionGemma-270M|summary_prompt|N20|452,FunctionGemma-270M,summary_prompt,20,partC_FunctionGemma-270M__summary_prompt__N20.json,452,9
FunctionGemma-270M|summary_prompt|N20|453,FunctionGemma-270M,summary_prompt,20,partC_FunctionGemma-270M__summary_prompt__N20.json,453,4
FunctionGemma-270M|summary_prompt|N20|454,FunctionGemma-270M,summary_prompt,20,partC_FunctionGemma-270M__summary_prompt__N20.json,454,3
FunctionGemma-270M|summary_prompt|N20|455,FunctionGemma-270M,summary_prompt,20,partC_FunctionGemma-270M__summary_prompt__N20.json,455,3
FunctionGemma-270M|summary_prompt|N20|456,FunctionGemma-270M,summary_prompt,20,partC_FunctionGemma-270M__summary_prompt__N20.json,456,4
FunctionGemma-270M|summary_prompt|N20|457,FunctionGemma-270M,summary_prompt,20,partC_FunctionGemma-270M__summary_prompt__N20.json,457,3
FunctionGemma-270M|summary_prompt|N20|458,FunctionGemma-270M,summary_prompt,20,partC_FunctionGemma-270M__summary_prompt__N20.json,458,3
FunctionGemma-270M|summary_prompt|N20|459,FunctionGemma-270M,summary_prompt,20,partC_FunctionGemma-270M__summary_prompt__N20.json,459,6
FunctionGemma-270M|summary_prompt|N20|460,FunctionGemma-270M,summary_prompt,20,partC_FunctionGemma-270M__summary_prompt__N20.json,460,3
FunctionGemma-270M|summary_prompt|N20|461,FunctionGemma-270M,summary_prompt,20,partC_FunctionGemma-270M__summary_prompt__N20.json,461,4
FunctionGemma-270M|summary_prompt|N20|462,FunctionGemma-270M,summary_prompt,20,partC_FunctionGemma-270M__summary_prompt__N20.json,462,7
FunctionGemma-270M|summary_prompt|N20|463,FunctionGemma-270M,summary_prompt,20,partC_FunctionGemma-270M__summary_prompt__N20.json,463,9
FunctionGemma-270M|summary_prompt|N20|464,FunctionGemma-270M,summary_prompt,20,partC_FunctionGemma-270M__summary_prompt__N20.json,464,9
FunctionGemma-270M|summary_prompt|N20|465,FunctionGemma-270M,summary_prompt,20,partC_FunctionGemma-270M__summary_prompt__N20.json,465,4
FunctionGemma-270M|summary_prompt|N20|466,FunctionGemma-270M,summary_prompt,20,partC_FunctionGemma-270M__summary_prompt__N20.json,466,3
FunctionGemma-270M|summary_prompt|N20|467,FunctionGemma-270M,summary_prompt,20,partC_FunctionGemma-270M__summary_prompt__N20.json,467,3
FunctionGemma-270M|summary_prompt|N20|468,FunctionGemma-270M,summary_prompt,20,partC_FunctionGemma-270M__summary_prompt__N20.json,468,3
FunctionGemma-270M|summary_prompt|N20|469,FunctionGemma-270M,summary_prompt,20,partC_FunctionGemma-270M__summary_prompt__N20.json,469,9
FunctionGemma-270M|summary_prompt|N20|470,FunctionGemma-270M,summary_prompt,20,partC_FunctionGemma-270M__summary_prompt__N20.json,470,1
FunctionGemma-270M|summary_prompt|N20|471,FunctionGemma-270M,summary_prompt,20,partC_FunctionGemma-270M__summary_prompt__N20.json,471,9
FunctionGemma-270M|summary_prompt|N20|472,FunctionGemma-270M,summary_prompt,20,partC_FunctionGemma-270M__summary_prompt__N20.json,472,9
FunctionGemma-270M|summary_prompt|N20|473,FunctionGemma-270M,summary_prompt,20,partC_FunctionGemma-270M__summary_prompt__N20.json,473,3
FunctionGemma-270M|summary_prompt|N20|474,FunctionGemma-270M,summary_prompt,20,partC_FunctionGemma-270M__summary_prompt__N20.json,474,9
FunctionGemma-270M|summary_prompt|N20|475,FunctionGemma-270M,summary_prompt,20,partC_FunctionGemma-270M__summary_prompt__N20.json,475,9
FunctionGemma-270M|summary_prompt|N20|476,FunctionGemma-270M,summary_prompt,20,partC_FunctionGemma-270M__summary_prompt__N20.json,476,1
FunctionGemma-270M|summary_prompt|N20|477,FunctionGemma-270M,summary_prompt,20,partC_FunctionGemma-270M__summary_prompt__N20.json,477,9
FunctionGemma-270M|summary_prompt|N20|478,FunctionGemma-270M,summary_prompt,20,partC_FunctionGemma-270M__summary_prompt__N20.json,478,3
FunctionGemma-270M|summary_prompt|N20|479,FunctionGemma-270M,summary_prompt,20,partC_FunctionGemma-270M__summary_prompt__N20.json,479,3
FunctionGemma-270M|summary_prompt|N5|0,FunctionGemma-270M,summary_prompt,5,partC_FunctionGemma-270M__summary_prompt__N5.json,0,3
FunctionGemma-270M|summary_prompt|N5|1,FunctionGemma-270M,summary_prompt,5,partC_FunctionGemma-270M__summary_prompt__N5.json,1,6
FunctionGemma-270M|summary_prompt|N5|2,FunctionGemma-270M,summary_prompt,5,partC_FunctionGemma-270M__summary_prompt__N5.json,2,6
FunctionGemma-270M|summary_prompt|N5|3,FunctionGemma-270M,summary_prompt,5,partC_FunctionGemma-270M__summary_prompt__N5.json,3,4
FunctionGemma-270M|summary_prompt|N5|4,FunctionGemma-270M,summary_prompt,5,partC_FunctionGemma-270M__summary_prompt__N5.json,4,1
FunctionGemma-270M|summary_prompt|N5|5,FunctionGemma-270M,summary_prompt,5,partC_FunctionGemma-270M__summary_prompt__N5.json,5,3
FunctionGemma-270M|summary_prompt|N5|6,FunctionGemma-270M,summary_prompt,5,partC_FunctionGemma-270M__summary_prompt__N5.json,6,3
FunctionGemma-270M|summary_prompt|N5|7,FunctionGemma-270M,summary_prompt,5,partC_FunctionGemma-270M__summary_prompt__N5.json,7,4
FunctionGemma-270M|summary_prompt|N5|8,FunctionGemma-270M,summary_prompt,5,partC_FunctionGemma-270M__summary_prompt__N5.json,8,4
FunctionGemma-270M|summary_prompt|N5|9,FunctionGemma-270M,summary_prompt,5,partC_FunctionGemma-270M__summary_prompt__N5.json,9,6
FunctionGemma-270M|summary_prompt|N5|10,FunctionGemma-270M,summary_prompt,5,partC_FunctionGemma-270M__summary_prompt__N5.json,10,3
FunctionGemma-270M|summary_prompt|N5|11,FunctionGemma-270M,summary_prompt,5,partC_FunctionGemma-270M__summary_prompt__N5.json,11,9
FunctionGemma-270M|summary_prompt|N5|12,FunctionGemma-270M,summary_prompt,5,partC_FunctionGemma-270M__summary_prompt__N5.json,12,6
FunctionGemma-270M|summary_prompt|N5|13,FunctionGemma-270M,summary_prompt,5,partC_FunctionGemma-270M__summary_prompt__N5.json,13,4
FunctionGemma-270M|summary_prompt|N5|14,FunctionGemma-270M,summary_prompt,5,partC_FunctionGemma-270M__summary_prompt__N5.json,14,4
FunctionGemma-270M|summary_prompt|N5|15,FunctionGemma-270M,summary_prompt,5,partC_FunctionGemma-270M__summary_prompt__N5.json,15,6
FunctionGemma-270M|summary_prompt|N5|16,FunctionGemma-270M,summary_prompt,5,partC_FunctionGemma-270M__summary_prompt__N5.json,16,6
FunctionGemma-270M|summary_prompt|N5|17,FunctionGemma-270M,summary_prompt,5,partC_FunctionGemma-270M__summary_prompt__N5.json,17,4
FunctionGemma-270M|summary_prompt|N5|18,FunctionGemma-270M,summary_prompt,5,partC_FunctionGemma-270M__summary_prompt__N5.json,18,6
FunctionGemma-270M|summary_prompt|N5|19,FunctionGemma-270M,summary_prompt,5,partC_FunctionGemma-270M__summary_prompt__N5.json,19,6
FunctionGemma-270M|summary_prompt|N5|20,FunctionGemma-270M,summary_prompt,5,partC_FunctionGemma-270M__summary_prompt__N5.json,20,7
FunctionGemma-270M|summary_prompt|N5|21,FunctionGemma-270M,summary_prompt,5,partC_FunctionGemma-270M__summary_prompt__N5.json,21,9
FunctionGemma-270M|summary_prompt|N5|22,FunctionGemma-270M,summary_prompt,5,partC_FunctionGemma-270M__summary_prompt__N5.json,22,4
FunctionGemma-270M|summary_prompt|N5|23,FunctionGemma-270M,summary_prompt,5,partC_FunctionGemma-270M__summary_prompt__N5.json,23,9
FunctionGemma-270M|summary_prompt|N5|24,FunctionGemma-270M,summary_prompt,5,partC_FunctionGemma-270M__summary_prompt__N5.json,24,9
FunctionGemma-270M|summary_prompt|N5|25,FunctionGemma-270M,summary_prompt,5,partC_FunctionGemma-270M__summary_prompt__N5.json,25,6
FunctionGemma-270M|summary_prompt|N5|26,FunctionGemma-270M,summary_prompt,5,partC_FunctionGemma-270M__summary_prompt__N5.json,26,4
FunctionGemma-270M|summary_prompt|N5|27,FunctionGemma-270M,summary_prompt,5,partC_FunctionGemma-270M__summary_prompt__N5.json,27,4
FunctionGemma-270M|summary_prompt|N5|28,FunctionGemma-270M,summary_prompt,5,partC_FunctionGemma-270M__summary_prompt__N5.json,28,1
FunctionGemma-270M|summary_prompt|N5|29,FunctionGemma-270M,summary_prompt,5,partC_FunctionGemma-270M__summary_prompt__N5.json,29,9
FunctionGemma-270M|summary_prompt|N5|30,FunctionGemma-270M,summary_prompt,5,partC_FunctionGemma-270M__summary_prompt__N5.json,30,4
FunctionGemma-270M|summary_prompt|N5|31,FunctionGemma-270M,summary_prompt,5,partC_FunctionGemma-270M__summary_prompt__N5.json,31,4
FunctionGemma-270M|summary_prompt|N5|32,FunctionGemma-270M,summary_prompt,5,partC_FunctionGemma-270M__summary_prompt__N5.json,32,1
FunctionGemma-270M|summary_prompt|N5|33,FunctionGemma-270M,summary_prompt,5,partC_FunctionGemma-270M__summary_prompt__N5.json,33,4
FunctionGemma-270M|summary_prompt|N5|34,FunctionGemma-270M,summary_prompt,5,partC_FunctionGemma-270M__summary_prompt__N5.json,34,3
FunctionGemma-270M|summary_prompt|N5|35,FunctionGemma-270M,summary_prompt,5,partC_FunctionGemma-270M__summary_prompt__N5.json,35,9
FunctionGemma-270M|summary_prompt|N5|36,FunctionGemma-270M,summary_prompt,5,partC_FunctionGemma-270M__summary_prompt__N5.json,36,7
FunctionGemma-270M|summary_prompt|N5|37,FunctionGemma-270M,summary_prompt,5,partC_FunctionGemma-270M__summary_prompt__N5.json,37,1
FunctionGemma-270M|summary_prompt|N5|38,FunctionGemma-270M,summary_prompt,5,partC_FunctionGemma-270M__summary_prompt__N5.json,38,7
FunctionGemma-270M|summary_prompt|N5|39,FunctionGemma-270M,summary_prompt,5,partC_FunctionGemma-270M__summary_prompt__N5.json,39,4
FunctionGemma-270M|summary_prompt|N5|40,FunctionGemma-270M,summary_prompt,5,partC_FunctionGemma-270M__summary_prompt__N5.json,40,4
FunctionGemma-270M|summary_prompt|N5|41,FunctionGemma-270M,summary_prompt,5,partC_FunctionGemma-270M__summary_prompt__N5.json,41,6
FunctionGemma-270M|summary_prompt|N5|42,FunctionGemma-270M,summary_prompt,5,partC_FunctionGemma-270M__summary_prompt__N5.json,42,4
FunctionGemma-270M|summary_prompt|N5|43,FunctionGemma-270M,summary_prompt,5,partC_FunctionGemma-270M__summary_prompt__N5.json,43,4
FunctionGemma-270M|summary_prompt|N5|44,FunctionGemma-270M,summary_prompt,5,partC_FunctionGemma-270M__summary_prompt__N5.json,44,1
FunctionGemma-270M|summary_prompt|N5|45,FunctionGemma-270M,summary_prompt,5,partC_FunctionGemma-270M__summary_prompt__N5.json,45,4
FunctionGemma-270M|summary_prompt|N5|46,FunctionGemma-270M,summary_prompt,5,partC_FunctionGemma-270M__summary_prompt__N5.json,46,4
FunctionGemma-270M|summary_prompt|N5|47,FunctionGemma-270M,summary_prompt,5,partC_FunctionGemma-270M__summary_prompt__N5.json,47,6
FunctionGemma-270M|summary_prompt|N5|48,FunctionGemma-270M,summary_prompt,5,partC_FunctionGemma-270M__summary_prompt__N5.json,48,4
FunctionGemma-270M|summary_prompt|N5|49,FunctionGemma-270M,summary_prompt,5,partC_FunctionGemma-270M__summary_prompt__N5.json,49,7
FunctionGemma-270M|summary_prompt|N5|50,FunctionGemma-270M,summary_prompt,5,partC_FunctionGemma-270M__summary_prompt__N5.json,50,4
FunctionGemma-270M|summary_prompt|N5|51,FunctionGemma-270M,summary_prompt,5,partC_FunctionGemma-270M__summary_prompt__N5.json,51,4
FunctionGemma-270M|summary_prompt|N5|52,FunctionGemma-270M,summary_prompt,5,partC_FunctionGemma-270M__summary_prompt__N5.json,52,6
FunctionGemma-270M|summary_prompt|N5|53,FunctionGemma-270M,summary_prompt,5,partC_FunctionGemma-270M__summary_prompt__N5.json,53,9
FunctionGemma-270M|summary_prompt|N5|54,FunctionGemma-270M,summary_prompt,5,partC_FunctionGemma-270M__summary_prompt__N5.json,54,4
FunctionGemma-270M|summary_prompt|N5|55,FunctionGemma-270M,summary_prompt,5,partC_FunctionGemma-270M__summary_prompt__N5.json,55,4
FunctionGemma-270M|summary_prompt|N5|56,FunctionGemma-270M,summary_prompt,5,partC_FunctionGemma-270M__summary_prompt__N5.json,56,4
FunctionGemma-270M|summary_prompt|N5|57,FunctionGemma-270M,summary_prompt,5,partC_FunctionGemma-270M__summary_prompt__N5.json,57,4
FunctionGemma-270M|summary_prompt|N5|58,FunctionGemma-270M,summary_prompt,5,partC_FunctionGemma-270M__summary_prompt__N5.json,58,4
FunctionGemma-270M|summary_prompt|N5|59,FunctionGemma-270M,summary_prompt,5,partC_FunctionGemma-270M__summary_prompt__N5.json,59,6
FunctionGemma-270M|summary_prompt|N5|60,FunctionGemma-270M,summary_prompt,5,partC_FunctionGemma-270M__summary_prompt__N5.json,60,3
FunctionGemma-270M|summary_prompt|N5|61,FunctionGemma-270M,summary_prompt,5,partC_FunctionGemma-270M__summary_prompt__N5.json,61,4
FunctionGemma-270M|summary_prompt|N5|62,FunctionGemma-270M,summary_prompt,5,partC_FunctionGemma-270M__summary_prompt__N5.json,62,4
FunctionGemma-270M|summary_prompt|N5|63,FunctionGemma-270M,summary_prompt,5,partC_FunctionGemma-270M__summary_prompt__N5.json,63,7
FunctionGemma-270M|summary_prompt|N5|64,FunctionGemma-270M,summary_prompt,5,partC_FunctionGemma-270M__summary_prompt__N5.json,64,6
FunctionGemma-270M|summary_prompt|N5|65,FunctionGemma-270M,summary_prompt,5,partC_FunctionGemma-270M__summary_prompt__N5.json,65,6
FunctionGemma-270M|summary_prompt|N5|66,FunctionGemma-270M,summary_prompt,5,partC_FunctionGemma-270M__summary_prompt__N5.json,66,1
FunctionGemma-270M|summary_prompt|N5|67,FunctionGemma-270M,summary_prompt,5,partC_FunctionGemma-270M__summary_prompt__N5.json,67,3
FunctionGemma-270M|summary_prompt|N5|68,FunctionGemma-270M,summary_prompt,5,partC_FunctionGemma-270M__summary_prompt__N5.json,68,3
FunctionGemma-270M|summary_prompt|N5|69,FunctionGemma-270M,summary_prompt,5,partC_FunctionGemma-270M__summary_prompt__N5.json,69,3
FunctionGemma-270M|summary_prompt|N5|70,FunctionGemma-270M,summary_prompt,5,partC_FunctionGemma-270M__summary_prompt__N5.json,70,6
FunctionGemma-270M|summary_prompt|N5|71,FunctionGemma-270M,summary_prompt,5,partC_FunctionGemma-270M__summary_prompt__N5.json,71,3
FunctionGemma-270M|summary_prompt|N5|72,FunctionGemma-270M,summary_prompt,5,partC_FunctionGemma-270M__summary_prompt__N5.json,72,3
FunctionGemma-270M|summary_prompt|N5|73,FunctionGemma-270M,summary_prompt,5,partC_FunctionGemma-270M__summary_prompt__N5.json,73,3
FunctionGemma-270M|summary_prompt|N5|74,FunctionGemma-270M,summary_prompt,5,partC_FunctionGemma-270M__summary_prompt__N5.json,74,6
FunctionGemma-270M|summary_prompt|N5|75,FunctionGemma-270M,summary_prompt,5,partC_FunctionGemma-270M__summary_prompt__N5.json,75,3
FunctionGemma-270M|summary_prompt|N5|76,FunctionGemma-270M,summary_prompt,5,partC_FunctionGemma-270M__summary_prompt__N5.json,76,6
FunctionGemma-270M|summary_prompt|N5|77,FunctionGemma-270M,summary_prompt,5,partC_FunctionGemma-270M__summary_prompt__N5.json,77,1
FunctionGemma-270M|summary_prompt|N5|78,FunctionGemma-270M,summary_prompt,5,partC_FunctionGemma-270M__summary_prompt__N5.json,78,6
FunctionGemma-270M|summary_prompt|N5|79,FunctionGemma-270M,summary_prompt,5,partC_FunctionGemma-270M__summary_prompt__N5.json,79,4
FunctionGemma-270M|summary_prompt|N5|80,FunctionGemma-270M,summary_prompt,5,partC_FunctionGemma-270M__summary_prompt__N5.json,80,9
FunctionGemma-270M|summary_prompt|N5|81,FunctionGemma-270M,summary_prompt,5,partC_FunctionGemma-270M__summary_prompt__N5.json,81,4
FunctionGemma-270M|summary_prompt|N5|82,FunctionGemma-270M,summary_prompt,5,partC_FunctionGemma-270M__summary_prompt__N5.json,82,3
FunctionGemma-270M|summary_prompt|N5|83,FunctionGemma-270M,summary_prompt,5,partC_FunctionGemma-270M__summary_prompt__N5.json,83,6
FunctionGemma-270M|summary_prompt|N5|84,FunctionGemma-270M,summary_prompt,5,partC_FunctionGemma-270M__summary_prompt__N5.json,84,9
FunctionGemma-270M|summary_prompt|N5|85,FunctionGemma-270M,summary_prompt,5,partC_FunctionGemma-270M__summary_prompt__N5.json,85,9
FunctionGemma-270M|summary_prompt|N5|86,FunctionGemma-270M,summary_prompt,5,partC_FunctionGemma-270M__summary_prompt__N5.json,86,6
FunctionGemma-270M|summary_prompt|N5|87,FunctionGemma-270M,summary_prompt,5,partC_FunctionGemma-270M__summary_prompt__N5.json,87,6
FunctionGemma-270M|summary_prompt|N5|88,FunctionGemma-270M,summary_prompt,5,partC_FunctionGemma-270M__summary_prompt__N5.json,88,9
FunctionGemma-270M|summary_prompt|N5|89,FunctionGemma-270M,summary_prompt,5,partC_FunctionGemma-270M__summary_prompt__N5.json,89,7
FunctionGemma-270M|summary_prompt|N5|90,FunctionGemma-270M,summary_prompt,5,partC_FunctionGemma-270M__summary_prompt__N5.json,90,4
FunctionGemma-270M|summary_prompt|N5|91,FunctionGemma-270M,summary_prompt,5,partC_FunctionGemma-270M__summary_prompt__N5.json,91,4
FunctionGemma-270M|summary_prompt|N5|92,FunctionGemma-270M,summary_prompt,5,partC_FunctionGemma-270M__summary_prompt__N5.json,92,6
FunctionGemma-270M|summary_prompt|N5|93,FunctionGemma-270M,summary_prompt,5,partC_FunctionGemma-270M__summary_prompt__N5.json,93,8
FunctionGemma-270M|summary_prompt|N5|94,FunctionGemma-270M,summary_prompt,5,partC_FunctionGemma-270M__summary_prompt__N5.json,94,6
FunctionGemma-270M|summary_prompt|N5|95,FunctionGemma-270M,summary_prompt,5,partC_FunctionGemma-270M__summary_prompt__N5.json,95,9
FunctionGemma-270M|summary_prompt|N5|96,FunctionGemma-270M,summary_prompt,5,partC_FunctionGemma-270M__summary_prompt__N5.json,96,6
FunctionGemma-270M|summary_prompt|N5|97,FunctionGemma-270M,summary_prompt,5,partC_FunctionGemma-270M__summary_prompt__N5.json,97,4
FunctionGemma-270M|summary_prompt|N5|98,FunctionGemma-270M,summary_prompt,5,partC_FunctionGemma-270M__summary_prompt__N5.json,98,9
FunctionGemma-270M|summary_prompt|N5|99,FunctionGemma-270M,summary_prompt,5,partC_FunctionGemma-270M__summary_prompt__N5.json,99,7
FunctionGemma-270M|summary_prompt|N5|100,FunctionGemma-270M,summary_prompt,5,partC_FunctionGemma-270M__summary_prompt__N5.json,100,9
FunctionGemma-270M|summary_prompt|N5|101,FunctionGemma-270M,summary_prompt,5,partC_FunctionGemma-270M__summary_prompt__N5.json,101,9
FunctionGemma-270M|summary_prompt|N5|102,FunctionGemma-270M,summary_prompt,5,partC_FunctionGemma-270M__summary_prompt__N5.json,102,9
FunctionGemma-270M|summary_prompt|N5|103,FunctionGemma-270M,summary_prompt,5,partC_FunctionGemma-270M__summary_prompt__N5.json,103,9
FunctionGemma-270M|summary_prompt|N5|104,FunctionGemma-270M,summary_prompt,5,partC_FunctionGemma-270M__summary_prompt__N5.json,104,9
FunctionGemma-270M|summary_prompt|N5|105,FunctionGemma-270M,summary_prompt,5,partC_FunctionGemma-270M__summary_prompt__N5.json,105,10
FunctionGemma-270M|summary_prompt|N5|106,FunctionGemma-270M,summary_prompt,5,partC_FunctionGemma-270M__summary_prompt__N5.json,106,10
FunctionGemma-270M|summary_prompt|N5|107,FunctionGemma-270M,summary_prompt,5,partC_FunctionGemma-270M__summary_prompt__N5.json,107,9
FunctionGemma-270M|summary_prompt|N5|108,FunctionGemma-270M,summary_prompt,5,partC_FunctionGemma-270M__summary_prompt__N5.json,108,9
FunctionGemma-270M|summary_prompt|N5|109,FunctionGemma-270M,summary_prompt,5,partC_FunctionGemma-270M__summary_prompt__N5.json,109,9
FunctionGemma-270M|summary_prompt|N5|110,FunctionGemma-270M,summary_prompt,5,partC_FunctionGemma-270M__summary_prompt__N5.json,110,6
FunctionGemma-270M|summary_prompt|N5|111,FunctionGemma-270M,summary_prompt,5,partC_FunctionGemma-270M__summary_prompt__N5.json,111,10
FunctionGemma-270M|summary_prompt|N5|112,FunctionGemma-270M,summary_prompt,5,partC_FunctionGemma-270M__summary_prompt__N5.json,112,4
FunctionGemma-270M|summary_prompt|N5|113,FunctionGemma-270M,summary_prompt,5,partC_FunctionGemma-270M__summary_prompt__N5.json,113,10
FunctionGemma-270M|summary_prompt|N5|114,FunctionGemma-270M,summary_prompt,5,partC_FunctionGemma-270M__summary_prompt__N5.json,114,9
FunctionGemma-270M|summary_prompt|N5|115,FunctionGemma-270M,summary_prompt,5,partC_FunctionGemma-270M__summary_prompt__N5.json,115,9
FunctionGemma-270M|summary_prompt|N5|116,FunctionGemma-270M,summary_prompt,5,partC_FunctionGemma-270M__summary_prompt__N5.json,116,9
FunctionGemma-270M|summary_prompt|N5|117,FunctionGemma-270M,summary_prompt,5,partC_FunctionGemma-270M__summary_prompt__N5.json,117,9
FunctionGemma-270M|summary_prompt|N5|118,FunctionGemma-270M,summary_prompt,5,partC_FunctionGemma-270M__summary_prompt__N5.json,118,9
FunctionGemma-270M|summary_prompt|N5|119,FunctionGemma-270M,summary_prompt,5,partC_FunctionGemma-270M__summary_prompt__N5.json,119,9
FunctionGemma-270M|summary_prompt|N5|120,FunctionGemma-270M,summary_prompt,5,partC_FunctionGemma-270M__summary_prompt__N5.json,120,6
FunctionGemma-270M|summary_prompt|N5|121,FunctionGemma-270M,summary_prompt,5,partC_FunctionGemma-270M__summary_prompt__N5.json,121,9
FunctionGemma-270M|summary_prompt|N5|122,FunctionGemma-270M,summary_prompt,5,partC_FunctionGemma-270M__summary_prompt__N5.json,122,7
FunctionGemma-270M|summary_prompt|N5|123,FunctionGemma-270M,summary_prompt,5,partC_FunctionGemma-270M__summary_prompt__N5.json,123,9
FunctionGemma-270M|summary_prompt|N5|124,FunctionGemma-270M,summary_prompt,5,partC_FunctionGemma-270M__summary_prompt__N5.json,124,7
FunctionGemma-270M|summary_prompt|N5|125,FunctionGemma-270M,summary_prompt,5,partC_FunctionGemma-270M__summary_prompt__N5.json,125,9
FunctionGemma-270M|summary_prompt|N5|126,FunctionGemma-270M,summary_prompt,5,partC_FunctionGemma-270M__summary_prompt__N5.json,126,7
FunctionGemma-270M|summary_prompt|N5|127,FunctionGemma-270M,summary_prompt,5,partC_FunctionGemma-270M__summary_prompt__N5.json,127,9
FunctionGemma-270M|summary_prompt|N5|128,FunctionGemma-270M,summary_prompt,5,partC_FunctionGemma-270M__summary_prompt__N5.json,128,3
FunctionGemma-270M|summary_prompt|N5|129,FunctionGemma-270M,summary_prompt,5,partC_FunctionGemma-270M__summary_prompt__N5.json,129,9
FunctionGemma-270M|summary_prompt|N5|130,FunctionGemma-270M,summary_prompt,5,partC_FunctionGemma-270M__summary_prompt__N5.json,130,3
FunctionGemma-270M|summary_prompt|N5|131,FunctionGemma-270M,summary_prompt,5,partC_FunctionGemma-270M__summary_prompt__N5.json,131,9
FunctionGemma-270M|summary_prompt|N5|132,FunctionGemma-270M,summary_prompt,5,partC_FunctionGemma-270M__summary_prompt__N5.json,132,9
FunctionGemma-270M|summary_prompt|N5|133,FunctionGemma-270M,summary_prompt,5,partC_FunctionGemma-270M__summary_prompt__N5.json,133,6
FunctionGemma-270M|summary_prompt|N5|134,FunctionGemma-270M,summary_prompt,5,partC_FunctionGemma-270M__summary_prompt__N5.json,134,9
FunctionGemma-270M|summary_prompt|N5|135,FunctionGemma-270M,summary_prompt,5,partC_FunctionGemma-270M__summary_prompt__N5.json,135,9
FunctionGemma-270M|summary_prompt|N5|136,FunctionGemma-270M,summary_prompt,5,partC_FunctionGemma-270M__summary_prompt__N5.json,136,7
FunctionGemma-270M|summary_prompt|N5|137,FunctionGemma-270M,summary_prompt,5,partC_FunctionGemma-270M__summary_prompt__N5.json,137,9
FunctionGemma-270M|summary_prompt|N5|138,FunctionGemma-270M,summary_prompt,5,partC_FunctionGemma-270M__summary_prompt__N5.json,138,8
FunctionGemma-270M|summary_prompt|N5|139,FunctionGemma-270M,summary_prompt,5,partC_FunctionGemma-270M__summary_prompt__N5.json,139,9
FunctionGemma-270M|summary_prompt|N5|140,FunctionGemma-270M,summary_prompt,5,partC_FunctionGemma-270M__summary_prompt__N5.json,140,4
FunctionGemma-270M|summary_prompt|N5|141,FunctionGemma-270M,summary_prompt,5,partC_FunctionGemma-270M__summary_prompt__N5.json,141,1
FunctionGemma-270M|summary_prompt|N5|142,FunctionGemma-270M,summary_prompt,5,partC_FunctionGemma-270M__summary_prompt__N5.json,142,3
FunctionGemma-270M|summary_prompt|N5|143,FunctionGemma-270M,summary_prompt,5,partC_FunctionGemma-270M__summary_prompt__N5.json,143,3
FunctionGemma-270M|summary_prompt|N5|144,FunctionGemma-270M,summary_prompt,5,partC_FunctionGemma-270M__summary_prompt__N5.json,144,1
FunctionGemma-270M|summary_prompt|N5|145,FunctionGemma-270M,summary_prompt,5,partC_FunctionGemma-270M__summary_prompt__N5.json,145,1
FunctionGemma-270M|summary_prompt|N5|146,FunctionGemma-270M,summary_prompt,5,partC_FunctionGemma-270M__summary_prompt__N5.json,146,4
FunctionGemma-270M|summary_prompt|N5|147,FunctionGemma-270M,summary_prompt,5,partC_FunctionGemma-270M__summary_prompt__N5.json,147,1
FunctionGemma-270M|summary_prompt|N5|148,FunctionGemma-270M,summary_prompt,5,partC_FunctionGemma-270M__summary_prompt__N5.json,148,6
FunctionGemma-270M|summary_prompt|N5|149,FunctionGemma-270M,summary_prompt,5,partC_FunctionGemma-270M__summary_prompt__N5.json,149,4
FunctionGemma-270M|summary_prompt|N5|150,FunctionGemma-270M,summary_prompt,5,partC_FunctionGemma-270M__summary_prompt__N5.json,150,3
FunctionGemma-270M|summary_prompt|N5|151,FunctionGemma-270M,summary_prompt,5,partC_FunctionGemma-270M__summary_prompt__N5.json,151,4
FunctionGemma-270M|summary_prompt|N5|152,FunctionGemma-270M,summary_prompt,5,partC_FunctionGemma-270M__summary_prompt__N5.json,152,6
FunctionGemma-270M|summary_prompt|N5|153,FunctionGemma-270M,summary_prompt,5,partC_FunctionGemma-270M__summary_prompt__N5.json,153,4
FunctionGemma-270M|summary_prompt|N5|154,FunctionGemma-270M,summary_prompt,5,partC_FunctionGemma-270M__summary_prompt__N5.json,154,4
FunctionGemma-270M|summary_prompt|N5|155,FunctionGemma-270M,summary_prompt,5,partC_FunctionGemma-270M__summary_prompt__N5.json,155,3
FunctionGemma-270M|summary_prompt|N5|156,FunctionGemma-270M,summary_prompt,5,partC_FunctionGemma-270M__summary_prompt__N5.json,156,6
FunctionGemma-270M|summary_prompt|N5|157,FunctionGemma-270M,summary_prompt,5,partC_FunctionGemma-270M__summary_prompt__N5.json,157,9
FunctionGemma-270M|summary_prompt|N5|158,FunctionGemma-270M,summary_prompt,5,partC_FunctionGemma-270M__summary_prompt__N5.json,158,6
FunctionGemma-270M|summary_prompt|N5|159,FunctionGemma-270M,summary_prompt,5,partC_FunctionGemma-270M__summary_prompt__N5.json,159,3
FunctionGemma-270M|summary_prompt|N5|160,FunctionGemma-270M,summary_prompt,5,partC_FunctionGemma-270M__summary_prompt__N5.json,160,6
FunctionGemma-270M|summary_prompt|N5|161,FunctionGemma-270M,summary_prompt,5,partC_FunctionGemma-270M__summary_prompt__N5.json,161,4
FunctionGemma-270M|summary_prompt|N5|162,FunctionGemma-270M,summary_prompt,5,partC_FunctionGemma-270M__summary_prompt__N5.json,162,6
FunctionGemma-270M|summary_prompt|N5|163,FunctionGemma-270M,summary_prompt,5,partC_FunctionGemma-270M__summary_prompt__N5.json,163,6
FunctionGemma-270M|summary_prompt|N5|164,FunctionGemma-270M,summary_prompt,5,partC_FunctionGemma-270M__summary_prompt__N5.json,164,4
FunctionGemma-270M|summary_prompt|N5|165,FunctionGemma-270M,summary_prompt,5,partC_FunctionGemma-270M__summary_prompt__N5.json,165,3
FunctionGemma-270M|summary_prompt|N5|166,FunctionGemma-270M,summary_prompt,5,partC_FunctionGemma-270M__summary_prompt__N5.json,166,6
FunctionGemma-270M|summary_prompt|N5|167,FunctionGemma-270M,summary_prompt,5,partC_FunctionGemma-270M__summary_prompt__N5.json,167,6
FunctionGemma-270M|summary_prompt|N5|168,FunctionGemma-270M,summary_prompt,5,partC_FunctionGemma-270M__summary_prompt__N5.json,168,2
FunctionGemma-270M|summary_prompt|N5|169,FunctionGemma-270M,summary_prompt,5,partC_FunctionGemma-270M__summary_prompt__N5.json,169,6
FunctionGemma-270M|summary_prompt|N5|170,FunctionGemma-270M,summary_prompt,5,partC_FunctionGemma-270M__summary_prompt__N5.json,170,7
FunctionGemma-270M|summary_prompt|N5|171,FunctionGemma-270M,summary_prompt,5,partC_FunctionGemma-270M__summary_prompt__N5.json,171,6
FunctionGemma-270M|summary_prompt|N5|172,FunctionGemma-270M,summary_prompt,5,partC_FunctionGemma-270M__summary_prompt__N5.json,172,4
FunctionGemma-270M|summary_prompt|N5|173,FunctionGemma-270M,summary_prompt,5,partC_FunctionGemma-270M__summary_prompt__N5.json,173,4
FunctionGemma-270M|summary_prompt|N5|174,FunctionGemma-270M,summary_prompt,5,partC_FunctionGemma-270M__summary_prompt__N5.json,174,4
FunctionGemma-270M|summary_prompt|N5|175,FunctionGemma-270M,summary_prompt,5,partC_FunctionGemma-270M__summary_prompt__N5.json,175,4
FunctionGemma-270M|summary_prompt|N5|176,FunctionGemma-270M,summary_prompt,5,partC_FunctionGemma-270M__summary_prompt__N5.json,176,4
FunctionGemma-270M|summary_prompt|N5|177,FunctionGemma-270M,summary_prompt,5,partC_FunctionGemma-270M__summary_prompt__N5.json,177,1
FunctionGemma-270M|summary_prompt|N5|178,FunctionGemma-270M,summary_prompt,5,partC_FunctionGemma-270M__summary_prompt__N5.json,178,6
FunctionGemma-270M|summary_prompt|N5|179,FunctionGemma-270M,summary_prompt,5,partC_FunctionGemma-270M__summary_prompt__N5.json,179,6
FunctionGemma-270M|summary_prompt|N5|180,FunctionGemma-270M,summary_prompt,5,partC_FunctionGemma-270M__summary_prompt__N5.json,180,4
FunctionGemma-270M|summary_prompt|N5|181,FunctionGemma-270M,summary_prompt,5,partC_FunctionGemma-270M__summary_prompt__N5.json,181,6
FunctionGemma-270M|summary_prompt|N5|182,FunctionGemma-270M,summary_prompt,5,partC_FunctionGemma-270M__summary_prompt__N5.json,182,6
FunctionGemma-270M|summary_prompt|N5|183,FunctionGemma-270M,summary_prompt,5,partC_FunctionGemma-270M__summary_prompt__N5.json,183,1
FunctionGemma-270M|summary_prompt|N5|184,FunctionGemma-270M,summary_prompt,5,partC_FunctionGemma-270M__summary_prompt__N5.json,184,6
FunctionGemma-270M|summary_prompt|N5|185,FunctionGemma-270M,summary_prompt,5,partC_FunctionGemma-270M__summary_prompt__N5.json,185,6
FunctionGemma-270M|summary_prompt|N5|186,FunctionGemma-270M,summary_prompt,5,partC_FunctionGemma-270M__summary_prompt__N5.json,186,6
FunctionGemma-270M|summary_prompt|N5|187,FunctionGemma-270M,summary_prompt,5,partC_FunctionGemma-270M__summary_prompt__N5.json,187,7
FunctionGemma-270M|summary_prompt|N5|188,FunctionGemma-270M,summary_prompt,5,partC_FunctionGemma-270M__summary_prompt__N5.json,188,6
FunctionGemma-270M|summary_prompt|N5|189,FunctionGemma-270M,summary_prompt,5,partC_FunctionGemma-270M__summary_prompt__N5.json,189,1
FunctionGemma-270M|summary_prompt|N5|190,FunctionGemma-270M,summary_prompt,5,partC_FunctionGemma-270M__summary_prompt__N5.json,190,6
FunctionGemma-270M|summary_prompt|N5|191,FunctionGemma-270M,summary_prompt,5,partC_FunctionGemma-270M__summary_prompt__N5.json,191,4
FunctionGemma-270M|summary_prompt|N5|192,FunctionGemma-270M,summary_prompt,5,partC_FunctionGemma-270M__summary_prompt__N5.json,192,6
FunctionGemma-270M|summary_prompt|N5|193,FunctionGemma-270M,summary_prompt,5,partC_FunctionGemma-270M__summary_prompt__N5.json,193,6
FunctionGemma-270M|summary_prompt|N5|194,FunctionGemma-270M,summary_prompt,5,partC_FunctionGemma-270M__summary_prompt__N5.json,194,3
FunctionGemma-270M|summary_prompt|N5|195,FunctionGemma-270M,summary_prompt,5,partC_FunctionGemma-270M__summary_prompt__N5.json,195,7
FunctionGemma-270M|summary_prompt|N5|196,FunctionGemma-270M,summary_prompt,5,partC_FunctionGemma-270M__summary_prompt__N5.json,196,3
FunctionGemma-270M|summary_prompt|N5|197,FunctionGemma-270M,summary_prompt,5,partC_FunctionGemma-270M__summary_prompt__N5.json,197,6
FunctionGemma-270M|summary_prompt|N5|198,FunctionGemma-270M,summary_prompt,5,partC_FunctionGemma-270M__summary_prompt__N5.json,198,3
FunctionGemma-270M|summary_prompt|N5|199,FunctionGemma-270M,summary_prompt,5,partC_FunctionGemma-270M__summary_prompt__N5.json,199,7
FunctionGemma-270M|summary_prompt|N5|200,FunctionGemma-270M,summary_prompt,5,partC_FunctionGemma-270M__summary_prompt__N5.json,200,9
FunctionGemma-270M|summary_prompt|N5|201,FunctionGemma-270M,summary_prompt,5,partC_FunctionGemma-270M__summary_prompt__N5.json,201,9
FunctionGemma-270M|summary_prompt|N5|202,FunctionGemma-270M,summary_prompt,5,partC_FunctionGemma-270M__summary_prompt__N5.json,202,7
FunctionGemma-270M|summary_prompt|N5|203,FunctionGemma-270M,summary_prompt,5,partC_FunctionGemma-270M__summary_prompt__N5.json,203,9
FunctionGemma-270M|summary_prompt|N5|204,FunctionGemma-270M,summary_prompt,5,partC_FunctionGemma-270M__summary_prompt__N5.json,204,9
FunctionGemma-270M|summary_prompt|N5|205,FunctionGemma-270M,summary_prompt,5,partC_FunctionGemma-270M__summary_prompt__N5.json,205,9
FunctionGemma-270M|summary_prompt|N5|206,FunctionGemma-270M,summary_prompt,5,partC_FunctionGemma-270M__summary_prompt__N5.json,206,6
FunctionGemma-270M|summary_prompt|N5|207,FunctionGemma-270M,summary_prompt,5,partC_FunctionGemma-270M__summary_prompt__N5.json,207,9
FunctionGemma-270M|summary_prompt|N5|208,FunctionGemma-270M,summary_prompt,5,partC_FunctionGemma-270M__summary_prompt__N5.json,208,9
FunctionGemma-270M|summary_prompt|N5|209,FunctionGemma-270M,summary_prompt,5,partC_FunctionGemma-270M__summary_prompt__N5.json,209,7
FunctionGemma-270M|summary_prompt|N5|210,FunctionGemma-270M,summary_prompt,5,partC_FunctionGemma-270M__summary_prompt__N5.json,210,7
FunctionGemma-270M|summary_prompt|N5|211,FunctionGemma-270M,summary_prompt,5,partC_FunctionGemma-270M__summary_prompt__N5.json,211,9
FunctionGemma-270M|summary_prompt|N5|212,FunctionGemma-270M,summary_prompt,5,partC_FunctionGemma-270M__summary_prompt__N5.json,212,4
FunctionGemma-270M|summary_prompt|N5|213,FunctionGemma-270M,summary_prompt,5,partC_FunctionGemma-270M__summary_prompt__N5.json,213,3
FunctionGemma-270M|summary_prompt|N5|214,FunctionGemma-270M,summary_prompt,5,partC_FunctionGemma-270M__summary_prompt__N5.json,214,6
FunctionGemma-270M|summary_prompt|N5|215,FunctionGemma-270M,summary_prompt,5,partC_FunctionGemma-270M__summary_prompt__N5.json,215,7
FunctionGemma-270M|summary_prompt|N5|216,FunctionGemma-270M,summary_prompt,5,partC_FunctionGemma-270M__summary_prompt__N5.json,216,9
FunctionGemma-270M|summary_prompt|N5|217,FunctionGemma-270M,summary_prompt,5,partC_FunctionGemma-270M__summary_prompt__N5.json,217,9
FunctionGemma-270M|summary_prompt|N5|218,FunctionGemma-270M,summary_prompt,5,partC_FunctionGemma-270M__summary_prompt__N5.json,218,9
FunctionGemma-270M|summary_prompt|N5|219,FunctionGemma-270M,summary_prompt,5,partC_FunctionGemma-270M__summary_prompt__N5.json,219,9
FunctionGemma-270M|summary_prompt|N5|220,FunctionGemma-270M,summary_prompt,5,partC_FunctionGemma-270M__summary_prompt__N5.json,220,9
FunctionGemma-270M|summary_prompt|N5|221,FunctionGemma-270M,summary_prompt,5,partC_FunctionGemma-270M__summary_prompt__N5.json,221,7
FunctionGemma-270M|summary_prompt|N5|222,FunctionGemma-270M,summary_prompt,5,partC_FunctionGemma-270M__summary_prompt__N5.json,222,9
FunctionGemma-270M|summary_prompt|N5|223,FunctionGemma-270M,summary_prompt,5,partC_FunctionGemma-270M__summary_prompt__N5.json,223,9
FunctionGemma-270M|summary_prompt|N5|224,FunctionGemma-270M,summary_prompt,5,partC_FunctionGemma-270M__summary_prompt__N5.json,224,4
FunctionGemma-270M|summary_prompt|N5|225,FunctionGemma-270M,summary_prompt,5,partC_FunctionGemma-270M__summary_prompt__N5.json,225,9
FunctionGemma-270M|summary_prompt|N5|226,FunctionGemma-270M,summary_prompt,5,partC_FunctionGemma-270M__summary_prompt__N5.json,226,9
FunctionGemma-270M|summary_prompt|N5|227,FunctionGemma-270M,summary_prompt,5,partC_FunctionGemma-270M__summary_prompt__N5.json,227,9
FunctionGemma-270M|summary_prompt|N5|228,FunctionGemma-270M,summary_prompt,5,partC_FunctionGemma-270M__summary_prompt__N5.json,228,6
FunctionGemma-270M|summary_prompt|N5|229,FunctionGemma-270M,summary_prompt,5,partC_FunctionGemma-270M__summary_prompt__N5.json,229,9
FunctionGemma-270M|summary_prompt|N5|230,FunctionGemma-270M,summary_prompt,5,partC_FunctionGemma-270M__summary_prompt__N5.json,230,9
FunctionGemma-270M|summary_prompt|N5|231,FunctionGemma-270M,summary_prompt,5,partC_FunctionGemma-270M__summary_prompt__N5.json,231,9
FunctionGemma-270M|summary_prompt|N5|232,FunctionGemma-270M,summary_prompt,5,partC_FunctionGemma-270M__summary_prompt__N5.json,232,9
FunctionGemma-270M|summary_prompt|N5|233,FunctionGemma-270M,summary_prompt,5,partC_FunctionGemma-270M__summary_prompt__N5.json,233,7
FunctionGemma-270M|summary_prompt|N5|234,FunctionGemma-270M,summary_prompt,5,partC_FunctionGemma-270M__summary_prompt__N5.json,234,9
FunctionGemma-270M|summary_prompt|N5|235,FunctionGemma-270M,summary_prompt,5,partC_FunctionGemma-270M__summary_prompt__N5.json,235,9
FunctionGemma-270M|summary_prompt|N5|236,FunctionGemma-270M,summary_prompt,5,partC_FunctionGemma-270M__summary_prompt__N5.json,236,1
FunctionGemma-270M|summary_prompt|N5|237,FunctionGemma-270M,summary_prompt,5,partC_FunctionGemma-270M__summary_prompt__N5.json,237,9
FunctionGemma-270M|summary_prompt|N5|238,FunctionGemma-270M,summary_prompt,5,partC_FunctionGemma-270M__summary_prompt__N5.json,238,9
FunctionGemma-270M|summary_prompt|N5|239,FunctionGemma-270M,summary_prompt,5,partC_FunctionGemma-270M__summary_prompt__N5.json,239,9
FunctionGemma-270M|summary_prompt|N5|240,FunctionGemma-270M,summary_prompt,5,partC_FunctionGemma-270M__summary_prompt__N5.json,240,3
FunctionGemma-270M|summary_prompt|N5|241,FunctionGemma-270M,summary_prompt,5,partC_FunctionGemma-270M__summary_prompt__N5.json,241,2
FunctionGemma-270M|summary_prompt|N5|242,FunctionGemma-270M,summary_prompt,5,partC_FunctionGemma-270M__summary_prompt__N5.json,242,3
FunctionGemma-270M|summary_prompt|N5|243,FunctionGemma-270M,summary_prompt,5,partC_FunctionGemma-270M__summary_prompt__N5.json,243,1
FunctionGemma-270M|summary_prompt|N5|244,FunctionGemma-270M,summary_prompt,5,partC_FunctionGemma-270M__summary_prompt__N5.json,244,3
FunctionGemma-270M|summary_prompt|N5|245,FunctionGemma-270M,summary_prompt,5,partC_FunctionGemma-270M__summary_prompt__N5.json,245,9
FunctionGemma-270M|summary_prompt|N5|246,FunctionGemma-270M,summary_prompt,5,partC_FunctionGemma-270M__summary_prompt__N5.json,246,4
FunctionGemma-270M|summary_prompt|N5|247,FunctionGemma-270M,summary_prompt,5,partC_FunctionGemma-270M__summary_prompt__N5.json,247,1
FunctionGemma-270M|summary_prompt|N5|248,FunctionGemma-270M,summary_prompt,5,partC_FunctionGemma-270M__summary_prompt__N5.json,248,3
FunctionGemma-270M|summary_prompt|N5|249,FunctionGemma-270M,summary_prompt,5,partC_FunctionGemma-270M__summary_prompt__N5.json,249,3
FunctionGemma-270M|summary_prompt|N5|250,FunctionGemma-270M,summary_prompt,5,partC_FunctionGemma-270M__summary_prompt__N5.json,250,9
FunctionGemma-270M|summary_prompt|N5|251,FunctionGemma-270M,summary_prompt,5,partC_FunctionGemma-270M__summary_prompt__N5.json,251,4
FunctionGemma-270M|summary_prompt|N5|252,FunctionGemma-270M,summary_prompt,5,partC_FunctionGemma-270M__summary_prompt__N5.json,252,3
FunctionGemma-270M|summary_prompt|N5|253,FunctionGemma-270M,summary_prompt,5,partC_FunctionGemma-270M__summary_prompt__N5.json,253,3
FunctionGemma-270M|summary_prompt|N5|254,FunctionGemma-270M,summary_prompt,5,partC_FunctionGemma-270M__summary_prompt__N5.json,254,3
FunctionGemma-270M|summary_prompt|N5|255,FunctionGemma-270M,summary_prompt,5,partC_FunctionGemma-270M__summary_prompt__N5.json,255,2
FunctionGemma-270M|summary_prompt|N5|256,FunctionGemma-270M,summary_prompt,5,partC_FunctionGemma-270M__summary_prompt__N5.json,256,9
FunctionGemma-270M|summary_prompt|N5|257,FunctionGemma-270M,summary_prompt,5,partC_FunctionGemma-270M__summary_prompt__N5.json,257,1
FunctionGemma-270M|summary_prompt|N5|258,FunctionGemma-270M,summary_prompt,5,partC_FunctionGemma-270M__summary_prompt__N5.json,258,9
FunctionGemma-270M|summary_prompt|N5|259,FunctionGemma-270M,summary_prompt,5,partC_FunctionGemma-270M__summary_prompt__N5.json,259,3
FunctionGemma-270M|summary_prompt|N5|260,FunctionGemma-270M,summary_prompt,5,partC_FunctionGemma-270M__summary_prompt__N5.json,260,6
FunctionGemma-270M|summary_prompt|N5|261,FunctionGemma-270M,summary_prompt,5,partC_FunctionGemma-270M__summary_prompt__N5.json,261,6
FunctionGemma-270M|summary_prompt|N5|262,FunctionGemma-270M,summary_prompt,5,partC_FunctionGemma-270M__summary_prompt__N5.json,262,3
FunctionGemma-270M|summary_prompt|N5|263,FunctionGemma-270M,summary_prompt,5,partC_FunctionGemma-270M__summary_prompt__N5.json,263,1
FunctionGemma-270M|summary_prompt|N5|264,FunctionGemma-270M,summary_prompt,5,partC_FunctionGemma-270M__summary_prompt__N5.json,264,4
FunctionGemma-270M|summary_prompt|N5|265,FunctionGemma-270M,summary_prompt,5,partC_FunctionGemma-270M__summary_prompt__N5.json,265,4
FunctionGemma-270M|summary_prompt|N5|266,FunctionGemma-270M,summary_prompt,5,partC_FunctionGemma-270M__summary_prompt__N5.json,266,3
FunctionGemma-270M|summary_prompt|N5|267,FunctionGemma-270M,summary_prompt,5,partC_FunctionGemma-270M__summary_prompt__N5.json,267,4
FunctionGemma-270M|summary_prompt|N5|268,FunctionGemma-270M,summary_prompt,5,partC_FunctionGemma-270M__summary_prompt__N5.json,268,4
FunctionGemma-270M|summary_prompt|N5|269,FunctionGemma-270M,summary_prompt,5,partC_FunctionGemma-270M__summary_prompt__N5.json,269,3
FunctionGemma-270M|summary_prompt|N5|270,FunctionGemma-270M,summary_prompt,5,partC_FunctionGemma-270M__summary_prompt__N5.json,270,3
FunctionGemma-270M|summary_prompt|N5|271,FunctionGemma-270M,summary_prompt,5,partC_FunctionGemma-270M__summary_prompt__N5.json,271,4
FunctionGemma-270M|summary_prompt|N5|272,FunctionGemma-270M,summary_prompt,5,partC_FunctionGemma-270M__summary_prompt__N5.json,272,3
FunctionGemma-270M|summary_prompt|N5|273,FunctionGemma-270M,summary_prompt,5,partC_FunctionGemma-270M__summary_prompt__N5.json,273,4
FunctionGemma-270M|summary_prompt|N5|274,FunctionGemma-270M,summary_prompt,5,partC_FunctionGemma-270M__summary_prompt__N5.json,274,3
FunctionGemma-270M|summary_prompt|N5|275,FunctionGemma-270M,summary_prompt,5,partC_FunctionGemma-270M__summary_prompt__N5.json,275,6
FunctionGemma-270M|summary_prompt|N5|276,FunctionGemma-270M,summary_prompt,5,partC_FunctionGemma-270M__summary_prompt__N5.json,276,9
FunctionGemma-270M|summary_prompt|N5|277,FunctionGemma-270M,summary_prompt,5,partC_FunctionGemma-270M__summary_prompt__N5.json,277,4
FunctionGemma-270M|summary_prompt|N5|278,FunctionGemma-270M,summary_prompt,5,partC_FunctionGemma-270M__summary_prompt__N5.json,278,4
FunctionGemma-270M|summary_prompt|N5|279,FunctionGemma-270M,summary_prompt,5,partC_FunctionGemma-270M__summary_prompt__N5.json,279,3
FunctionGemma-270M|summary_prompt|N5|280,FunctionGemma-270M,summary_prompt,5,partC_FunctionGemma-270M__summary_prompt__N5.json,280,3
FunctionGemma-270M|summary_prompt|N5|281,FunctionGemma-270M,summary_prompt,5,partC_FunctionGemma-270M__summary_prompt__N5.json,281,4
FunctionGemma-270M|summary_prompt|N5|282,FunctionGemma-270M,summary_prompt,5,partC_FunctionGemma-270M__summary_prompt__N5.json,282,3
FunctionGemma-270M|summary_prompt|N5|283,FunctionGemma-270M,summary_prompt,5,partC_FunctionGemma-270M__summary_prompt__N5.json,283,4
FunctionGemma-270M|summary_prompt|N5|284,FunctionGemma-270M,summary_prompt,5,partC_FunctionGemma-270M__summary_prompt__N5.json,284,4
FunctionGemma-270M|summary_prompt|N5|285,FunctionGemma-270M,summary_prompt,5,partC_FunctionGemma-270M__summary_prompt__N5.json,285,3
FunctionGemma-270M|summary_prompt|N5|286,FunctionGemma-270M,summary_prompt,5,partC_FunctionGemma-270M__summary_prompt__N5.json,286,4
FunctionGemma-270M|summary_prompt|N5|287,FunctionGemma-270M,summary_prompt,5,partC_FunctionGemma-270M__summary_prompt__N5.json,287,3
FunctionGemma-270M|summary_prompt|N5|288,FunctionGemma-270M,summary_prompt,5,partC_FunctionGemma-270M__summary_prompt__N5.json,288,4
FunctionGemma-270M|summary_prompt|N5|289,FunctionGemma-270M,summary_prompt,5,partC_FunctionGemma-270M__summary_prompt__N5.json,289,4
FunctionGemma-270M|summary_prompt|N5|290,FunctionGemma-270M,summary_prompt,5,partC_FunctionGemma-270M__summary_prompt__N5.json,290,3
FunctionGemma-270M|summary_prompt|N5|291,FunctionGemma-270M,summary_prompt,5,partC_FunctionGemma-270M__summary_prompt__N5.json,291,4
FunctionGemma-270M|summary_prompt|N5|292,FunctionGemma-270M,summary_prompt,5,partC_FunctionGemma-270M__summary_prompt__N5.json,292,4
FunctionGemma-270M|summary_prompt|N5|293,FunctionGemma-270M,summary_prompt,5,partC_FunctionGemma-270M__summary_prompt__N5.json,293,3
FunctionGemma-270M|summary_prompt|N5|294,FunctionGemma-270M,summary_prompt,5,partC_FunctionGemma-270M__summary_prompt__N5.json,294,4
FunctionGemma-270M|summary_prompt|N5|295,FunctionGemma-270M,summary_prompt,5,partC_FunctionGemma-270M__summary_prompt__N5.json,295,2
FunctionGemma-270M|summary_prompt|N5|296,FunctionGemma-270M,summary_prompt,5,partC_FunctionGemma-270M__summary_prompt__N5.json,296,4
FunctionGemma-270M|summary_prompt|N5|297,FunctionGemma-270M,summary_prompt,5,partC_FunctionGemma-270M__summary_prompt__N5.json,297,3
FunctionGemma-270M|summary_prompt|N5|298,FunctionGemma-270M,summary_prompt,5,partC_FunctionGemma-270M__summary_prompt__N5.json,298,3
FunctionGemma-270M|summary_prompt|N5|299,FunctionGemma-270M,summary_prompt,5,partC_FunctionGemma-270M__summary_prompt__N5.json,299,3
FunctionGemma-270M|summary_prompt|N5|300,FunctionGemma-270M,summary_prompt,5,partC_FunctionGemma-270M__summary_prompt__N5.json,300,9
FunctionGemma-270M|summary_prompt|N5|301,FunctionGemma-270M,summary_prompt,5,partC_FunctionGemma-270M__summary_prompt__N5.json,301,1
FunctionGemma-270M|summary_prompt|N5|302,FunctionGemma-270M,summary_prompt,5,partC_FunctionGemma-270M__summary_prompt__N5.json,302,1
FunctionGemma-270M|summary_prompt|N5|303,FunctionGemma-270M,summary_prompt,5,partC_FunctionGemma-270M__summary_prompt__N5.json,303,9
FunctionGemma-270M|summary_prompt|N5|304,FunctionGemma-270M,summary_prompt,5,partC_FunctionGemma-270M__summary_prompt__N5.json,304,3
FunctionGemma-270M|summary_prompt|N5|305,FunctionGemma-270M,summary_prompt,5,partC_FunctionGemma-270M__summary_prompt__N5.json,305,6
FunctionGemma-270M|summary_prompt|N5|306,FunctionGemma-270M,summary_prompt,5,partC_FunctionGemma-270M__summary_prompt__N5.json,306,6
FunctionGemma-270M|summary_prompt|N5|307,FunctionGemma-270M,summary_prompt,5,partC_FunctionGemma-270M__summary_prompt__N5.json,307,7
FunctionGemma-270M|summary_prompt|N5|308,FunctionGemma-270M,summary_prompt,5,partC_FunctionGemma-270M__summary_prompt__N5.json,308,9
FunctionGemma-270M|summary_prompt|N5|309,FunctionGemma-270M,summary_prompt,5,partC_FunctionGemma-270M__summary_prompt__N5.json,309,9
FunctionGemma-270M|summary_prompt|N5|310,FunctionGemma-270M,summary_prompt,5,partC_FunctionGemma-270M__summary_prompt__N5.json,310,3
FunctionGemma-270M|summary_prompt|N5|311,FunctionGemma-270M,summary_prompt,5,partC_FunctionGemma-270M__summary_prompt__N5.json,311,6
FunctionGemma-270M|summary_prompt|N5|312,FunctionGemma-270M,summary_prompt,5,partC_FunctionGemma-270M__summary_prompt__N5.json,312,3
FunctionGemma-270M|summary_prompt|N5|313,FunctionGemma-270M,summary_prompt,5,partC_FunctionGemma-270M__summary_prompt__N5.json,313,7
FunctionGemma-270M|summary_prompt|N5|314,FunctionGemma-270M,summary_prompt,5,partC_FunctionGemma-270M__summary_prompt__N5.json,314,1
FunctionGemma-270M|summary_prompt|N5|315,FunctionGemma-270M,summary_prompt,5,partC_FunctionGemma-270M__summary_prompt__N5.json,315,3
FunctionGemma-270M|summary_prompt|N5|316,FunctionGemma-270M,summary_prompt,5,partC_FunctionGemma-270M__summary_prompt__N5.json,316,4
FunctionGemma-270M|summary_prompt|N5|317,FunctionGemma-270M,summary_prompt,5,partC_FunctionGemma-270M__summary_prompt__N5.json,317,6
FunctionGemma-270M|summary_prompt|N5|318,FunctionGemma-270M,summary_prompt,5,partC_FunctionGemma-270M__summary_prompt__N5.json,318,3
FunctionGemma-270M|summary_prompt|N5|319,FunctionGemma-270M,summary_prompt,5,partC_FunctionGemma-270M__summary_prompt__N5.json,319,6
FunctionGemma-270M|summary_prompt|N5|320,FunctionGemma-270M,summary_prompt,5,partC_FunctionGemma-270M__summary_prompt__N5.json,320,4
FunctionGemma-270M|summary_prompt|N5|321,FunctionGemma-270M,summary_prompt,5,partC_FunctionGemma-270M__summary_prompt__N5.json,321,6
FunctionGemma-270M|summary_prompt|N5|322,FunctionGemma-270M,summary_prompt,5,partC_FunctionGemma-270M__summary_prompt__N5.json,322,4
FunctionGemma-270M|summary_prompt|N5|323,FunctionGemma-270M,summary_prompt,5,partC_FunctionGemma-270M__summary_prompt__N5.json,323,4
FunctionGemma-270M|summary_prompt|N5|324,FunctionGemma-270M,summary_prompt,5,partC_FunctionGemma-270M__summary_prompt__N5.json,324,7
FunctionGemma-270M|summary_prompt|N5|325,FunctionGemma-270M,summary_prompt,5,partC_FunctionGemma-270M__summary_prompt__N5.json,325,6
FunctionGemma-270M|summary_prompt|N5|326,FunctionGemma-270M,summary_prompt,5,partC_FunctionGemma-270M__summary_prompt__N5.json,326,4
FunctionGemma-270M|summary_prompt|N5|327,FunctionGemma-270M,summary_prompt,5,partC_FunctionGemma-270M__summary_prompt__N5.json,327,7
FunctionGemma-270M|summary_prompt|N5|328,FunctionGemma-270M,summary_prompt,5,partC_FunctionGemma-270M__summary_prompt__N5.json,328,3
FunctionGemma-270M|summary_prompt|N5|329,FunctionGemma-270M,summary_prompt,5,partC_FunctionGemma-270M__summary_prompt__N5.json,329,7
FunctionGemma-270M|summary_prompt|N5|330,FunctionGemma-270M,summary_prompt,5,partC_FunctionGemma-270M__summary_prompt__N5.json,330,7
FunctionGemma-270M|summary_prompt|N5|331,FunctionGemma-270M,summary_prompt,5,partC_FunctionGemma-270M__summary_prompt__N5.json,331,6
FunctionGemma-270M|summary_prompt|N5|332,FunctionGemma-270M,summary_prompt,5,partC_FunctionGemma-270M__summary_prompt__N5.json,332,6
FunctionGemma-270M|summary_prompt|N5|333,FunctionGemma-270M,summary_prompt,5,partC_FunctionGemma-270M__summary_prompt__N5.json,333,3
FunctionGemma-270M|summary_prompt|N5|334,FunctionGemma-270M,summary_prompt,5,partC_FunctionGemma-270M__summary_prompt__N5.json,334,9
FunctionGemma-270M|summary_prompt|N5|335,FunctionGemma-270M,summary_prompt,5,partC_FunctionGemma-270M__summary_prompt__N5.json,335,9
FunctionGemma-270M|summary_prompt|N5|336,FunctionGemma-270M,summary_prompt,5,partC_FunctionGemma-270M__summary_prompt__N5.json,336,6
FunctionGemma-270M|summary_prompt|N5|337,FunctionGemma-270M,summary_prompt,5,partC_FunctionGemma-270M__summary_prompt__N5.json,337,1
FunctionGemma-270M|summary_prompt|N5|338,FunctionGemma-270M,summary_prompt,5,partC_FunctionGemma-270M__summary_prompt__N5.json,338,7
FunctionGemma-270M|summary_prompt|N5|339,FunctionGemma-270M,summary_prompt,5,partC_FunctionGemma-270M__summary_prompt__N5.json,339,4
FunctionGemma-270M|summary_prompt|N5|340,FunctionGemma-270M,summary_prompt,5,partC_FunctionGemma-270M__summary_prompt__N5.json,340,3
FunctionGemma-270M|summary_prompt|N5|341,FunctionGemma-270M,summary_prompt,5,partC_FunctionGemma-270M__summary_prompt__N5.json,341,3
FunctionGemma-270M|summary_prompt|N5|342,FunctionGemma-270M,summary_prompt,5,partC_FunctionGemma-270M__summary_prompt__N5.json,342,4
FunctionGemma-270M|summary_prompt|N5|343,FunctionGemma-270M,summary_prompt,5,partC_FunctionGemma-270M__summary_prompt__N5.json,343,4
FunctionGemma-270M|summary_prompt|N5|344,FunctionGemma-270M,summary_prompt,5,partC_FunctionGemma-270M__summary_prompt__N5.json,344,4
FunctionGemma-270M|summary_prompt|N5|345,FunctionGemma-270M,summary_prompt,5,partC_FunctionGemma-270M__summary_prompt__N5.json,345,2
FunctionGemma-270M|summary_prompt|N5|346,FunctionGemma-270M,summary_prompt,5,partC_FunctionGemma-270M__summary_prompt__N5.json,346,9
FunctionGemma-270M|summary_prompt|N5|347,FunctionGemma-270M,summary_prompt,5,partC_FunctionGemma-270M__summary_prompt__N5.json,347,3
FunctionGemma-270M|summary_prompt|N5|348,FunctionGemma-270M,summary_prompt,5,partC_FunctionGemma-270M__summary_prompt__N5.json,348,7
FunctionGemma-270M|summary_prompt|N5|349,FunctionGemma-270M,summary_prompt,5,partC_FunctionGemma-270M__summary_prompt__N5.json,349,7
FunctionGemma-270M|summary_prompt|N5|350,FunctionGemma-270M,summary_prompt,5,partC_FunctionGemma-270M__summary_prompt__N5.json,350,6
FunctionGemma-270M|summary_prompt|N5|351,FunctionGemma-270M,summary_prompt,5,partC_FunctionGemma-270M__summary_prompt__N5.json,351,3
FunctionGemma-270M|summary_prompt|N5|352,FunctionGemma-270M,summary_prompt,5,partC_FunctionGemma-270M__summary_prompt__N5.json,352,3
FunctionGemma-270M|summary_prompt|N5|353,FunctionGemma-270M,summary_prompt,5,partC_FunctionGemma-270M__summary_prompt__N5.json,353,3
FunctionGemma-270M|summary_prompt|N5|354,FunctionGemma-270M,summary_prompt,5,partC_FunctionGemma-270M__summary_prompt__N5.json,354,3
FunctionGemma-270M|summary_prompt|N5|355,FunctionGemma-270M,summary_prompt,5,partC_FunctionGemma-270M__summary_prompt__N5.json,355,7
FunctionGemma-270M|summary_prompt|N5|356,FunctionGemma-270M,summary_prompt,5,partC_FunctionGemma-270M__summary_prompt__N5.json,356,4
FunctionGemma-270M|summary_prompt|N5|357,FunctionGemma-270M,summary_prompt,5,partC_FunctionGemma-270M__summary_prompt__N5.json,357,1
FunctionGemma-270M|summary_prompt|N5|358,FunctionGemma-270M,summary_prompt,5,partC_FunctionGemma-270M__summary_prompt__N5.json,358,3
FunctionGemma-270M|summary_prompt|N5|359,FunctionGemma-270M,summary_prompt,5,partC_FunctionGemma-270M__summary_prompt__N5.json,359,7
FunctionGemma-270M|summary_prompt|N5|360,FunctionGemma-270M,summary_prompt,5,partC_FunctionGemma-270M__summary_prompt__N5.json,360,3
FunctionGemma-270M|summary_prompt|N5|361,FunctionGemma-270M,summary_prompt,5,partC_FunctionGemma-270M__summary_prompt__N5.json,361,4
FunctionGemma-270M|summary_prompt|N5|362,FunctionGemma-270M,summary_prompt,5,partC_FunctionGemma-270M__summary_prompt__N5.json,362,3
FunctionGemma-270M|summary_prompt|N5|363,FunctionGemma-270M,summary_prompt,5,partC_FunctionGemma-270M__summary_prompt__N5.json,363,4
FunctionGemma-270M|summary_prompt|N5|364,FunctionGemma-270M,summary_prompt,5,partC_FunctionGemma-270M__summary_prompt__N5.json,364,3
FunctionGemma-270M|summary_prompt|N5|365,FunctionGemma-270M,summary_prompt,5,partC_FunctionGemma-270M__summary_prompt__N5.json,365,4
FunctionGemma-270M|summary_prompt|N5|366,FunctionGemma-270M,summary_prompt,5,partC_FunctionGemma-270M__summary_prompt__N5.json,366,4
FunctionGemma-270M|summary_prompt|N5|367,FunctionGemma-270M,summary_prompt,5,partC_FunctionGemma-270M__summary_prompt__N5.json,367,4
FunctionGemma-270M|summary_prompt|N5|368,FunctionGemma-270M,summary_prompt,5,partC_FunctionGemma-270M__summary_prompt__N5.json,368,4
FunctionGemma-270M|summary_prompt|N5|369,FunctionGemma-270M,summary_prompt,5,partC_FunctionGemma-270M__summary_prompt__N5.json,369,4
FunctionGemma-270M|summary_prompt|N5|370,FunctionGemma-270M,summary_prompt,5,partC_FunctionGemma-270M__summary_prompt__N5.json,370,4
FunctionGemma-270M|summary_prompt|N5|371,FunctionGemma-270M,summary_prompt,5,partC_FunctionGemma-270M__summary_prompt__N5.json,371,3
FunctionGemma-270M|summary_prompt|N5|372,FunctionGemma-270M,summary_prompt,5,partC_FunctionGemma-270M__summary_prompt__N5.json,372,6
FunctionGemma-270M|summary_prompt|N5|373,FunctionGemma-270M,summary_prompt,5,partC_FunctionGemma-270M__summary_prompt__N5.json,373,4
FunctionGemma-270M|summary_prompt|N5|374,FunctionGemma-270M,summary_prompt,5,partC_FunctionGemma-270M__summary_prompt__N5.json,374,6
FunctionGemma-270M|summary_prompt|N5|375,FunctionGemma-270M,summary_prompt,5,partC_FunctionGemma-270M__summary_prompt__N5.json,375,3
FunctionGemma-270M|summary_prompt|N5|376,FunctionGemma-270M,summary_prompt,5,partC_FunctionGemma-270M__summary_prompt__N5.json,376,3
FunctionGemma-270M|summary_prompt|N5|377,FunctionGemma-270M,summary_prompt,5,partC_FunctionGemma-270M__summary_prompt__N5.json,377,6
FunctionGemma-270M|summary_prompt|N5|378,FunctionGemma-270M,summary_prompt,5,partC_FunctionGemma-270M__summary_prompt__N5.json,378,4
FunctionGemma-270M|summary_prompt|N5|379,FunctionGemma-270M,summary_prompt,5,partC_FunctionGemma-270M__summary_prompt__N5.json,379,6
FunctionGemma-270M|summary_prompt|N5|380,FunctionGemma-270M,summary_prompt,5,partC_FunctionGemma-270M__summary_prompt__N5.json,380,9
FunctionGemma-270M|summary_prompt|N5|381,FunctionGemma-270M,summary_prompt,5,partC_FunctionGemma-270M__summary_prompt__N5.json,381,6
FunctionGemma-270M|summary_prompt|N5|382,FunctionGemma-270M,summary_prompt,5,partC_FunctionGemma-270M__summary_prompt__N5.json,382,6
FunctionGemma-270M|summary_prompt|N5|383,FunctionGemma-270M,summary_prompt,5,partC_FunctionGemma-270M__summary_prompt__N5.json,383,6
FunctionGemma-270M|summary_prompt|N5|384,FunctionGemma-270M,summary_prompt,5,partC_FunctionGemma-270M__summary_prompt__N5.json,384,6
FunctionGemma-270M|summary_prompt|N5|385,FunctionGemma-270M,summary_prompt,5,partC_FunctionGemma-270M__summary_prompt__N5.json,385,7
FunctionGemma-270M|summary_prompt|N5|386,FunctionGemma-270M,summary_prompt,5,partC_FunctionGemma-270M__summary_prompt__N5.json,386,4
FunctionGemma-270M|summary_prompt|N5|387,FunctionGemma-270M,summary_prompt,5,partC_FunctionGemma-270M__summary_prompt__N5.json,387,6
FunctionGemma-270M|summary_prompt|N5|388,FunctionGemma-270M,summary_prompt,5,partC_FunctionGemma-270M__summary_prompt__N5.json,388,7
FunctionGemma-270M|summary_prompt|N5|389,FunctionGemma-270M,summary_prompt,5,partC_FunctionGemma-270M__summary_prompt__N5.json,389,4
FunctionGemma-270M|summary_prompt|N5|390,FunctionGemma-270M,summary_prompt,5,partC_FunctionGemma-270M__summary_prompt__N5.json,390,6
FunctionGemma-270M|summary_prompt|N5|391,FunctionGemma-270M,summary_prompt,5,partC_FunctionGemma-270M__summary_prompt__N5.json,391,6
FunctionGemma-270M|summary_prompt|N5|392,FunctionGemma-270M,summary_prompt,5,partC_FunctionGemma-270M__summary_prompt__N5.json,392,6
FunctionGemma-270M|summary_prompt|N5|393,FunctionGemma-270M,summary_prompt,5,partC_FunctionGemma-270M__summary_prompt__N5.json,393,4
FunctionGemma-270M|summary_prompt|N5|394,FunctionGemma-270M,summary_prompt,5,partC_FunctionGemma-270M__summary_prompt__N5.json,394,7
FunctionGemma-270M|summary_prompt|N5|395,FunctionGemma-270M,summary_prompt,5,partC_FunctionGemma-270M__summary_prompt__N5.json,395,4
FunctionGemma-270M|summary_prompt|N5|396,FunctionGemma-270M,summary_prompt,5,partC_FunctionGemma-270M__summary_prompt__N5.json,396,7
FunctionGemma-270M|summary_prompt|N5|397,FunctionGemma-270M,summary_prompt,5,partC_FunctionGemma-270M__summary_prompt__N5.json,397,6
FunctionGemma-270M|summary_prompt|N5|398,FunctionGemma-270M,summary_prompt,5,partC_FunctionGemma-270M__summary_prompt__N5.json,398,6
FunctionGemma-270M|summary_prompt|N5|399,FunctionGemma-270M,summary_prompt,5,partC_FunctionGemma-270M__summary_prompt__N5.json,399,7
FunctionGemma-270M|summary_prompt|N5|400,FunctionGemma-270M,summary_prompt,5,partC_FunctionGemma-270M__summary_prompt__N5.json,400,6
FunctionGemma-270M|summary_prompt|N5|401,FunctionGemma-270M,summary_prompt,5,partC_FunctionGemma-270M__summary_prompt__N5.json,401,9
FunctionGemma-270M|summary_prompt|N5|402,FunctionGemma-270M,summary_prompt,5,partC_FunctionGemma-270M__summary_prompt__N5.json,402,6
FunctionGemma-270M|summary_prompt|N5|403,FunctionGemma-270M,summary_prompt,5,partC_FunctionGemma-270M__summary_prompt__N5.json,403,9
FunctionGemma-270M|summary_prompt|N5|404,FunctionGemma-270M,summary_prompt,5,partC_FunctionGemma-270M__summary_prompt__N5.json,404,7
FunctionGemma-270M|summary_prompt|N5|405,FunctionGemma-270M,summary_prompt,5,partC_FunctionGemma-270M__summary_prompt__N5.json,405,9
FunctionGemma-270M|summary_prompt|N5|406,FunctionGemma-270M,summary_prompt,5,partC_FunctionGemma-270M__summary_prompt__N5.json,406,7
FunctionGemma-270M|summary_prompt|N5|407,FunctionGemma-270M,summary_prompt,5,partC_FunctionGemma-270M__summary_prompt__N5.json,407,6
FunctionGemma-270M|summary_prompt|N5|408,FunctionGemma-270M,summary_prompt,5,partC_FunctionGemma-270M__summary_prompt__N5.json,408,9
FunctionGemma-270M|summary_prompt|N5|409,FunctionGemma-270M,summary_prompt,5,partC_FunctionGemma-270M__summary_prompt__N5.json,409,9
FunctionGemma-270M|summary_prompt|N5|410,FunctionGemma-270M,summary_prompt,5,partC_FunctionGemma-270M__summary_prompt__N5.json,410,3
FunctionGemma-270M|summary_prompt|N5|411,FunctionGemma-270M,summary_prompt,5,partC_FunctionGemma-270M__summary_prompt__N5.json,411,6
FunctionGemma-270M|summary_prompt|N5|412,FunctionGemma-270M,summary_prompt,5,partC_FunctionGemma-270M__summary_prompt__N5.json,412,9
FunctionGemma-270M|summary_prompt|N5|413,FunctionGemma-270M,summary_prompt,5,partC_FunctionGemma-270M__summary_prompt__N5.json,413,8
FunctionGemma-270M|summary_prompt|N5|414,FunctionGemma-270M,summary_prompt,5,partC_FunctionGemma-270M__summary_prompt__N5.json,414,7
FunctionGemma-270M|summary_prompt|N5|415,FunctionGemma-270M,summary_prompt,5,partC_FunctionGemma-270M__summary_prompt__N5.json,415,9
FunctionGemma-270M|summary_prompt|N5|416,FunctionGemma-270M,summary_prompt,5,partC_FunctionGemma-270M__summary_prompt__N5.json,416,6
FunctionGemma-270M|summary_prompt|N5|417,FunctionGemma-270M,summary_prompt,5,partC_FunctionGemma-270M__summary_prompt__N5.json,417,4
FunctionGemma-270M|summary_prompt|N5|418,FunctionGemma-270M,summary_prompt,5,partC_FunctionGemma-270M__summary_prompt__N5.json,418,9
FunctionGemma-270M|summary_prompt|N5|419,FunctionGemma-270M,summary_prompt,5,partC_FunctionGemma-270M__summary_prompt__N5.json,419,8
FunctionGemma-270M|summary_prompt|N5|420,FunctionGemma-270M,summary_prompt,5,partC_FunctionGemma-270M__summary_prompt__N5.json,420,9
FunctionGemma-270M|summary_prompt|N5|421,FunctionGemma-270M,summary_prompt,5,partC_FunctionGemma-270M__summary_prompt__N5.json,421,9
FunctionGemma-270M|summary_prompt|N5|422,FunctionGemma-270M,summary_prompt,5,partC_FunctionGemma-270M__summary_prompt__N5.json,422,4
FunctionGemma-270M|summary_prompt|N5|423,FunctionGemma-270M,summary_prompt,5,partC_FunctionGemma-270M__summary_prompt__N5.json,423,9
FunctionGemma-270M|summary_prompt|N5|424,FunctionGemma-270M,summary_prompt,5,partC_FunctionGemma-270M__summary_prompt__N5.json,424,6
FunctionGemma-270M|summary_prompt|N5|425,FunctionGemma-270M,summary_prompt,5,partC_FunctionGemma-270M__summary_prompt__N5.json,425,9
FunctionGemma-270M|summary_prompt|N5|426,FunctionGemma-270M,summary_prompt,5,partC_FunctionGemma-270M__summary_prompt__N5.json,426,6
FunctionGemma-270M|summary_prompt|N5|427,FunctionGemma-270M,summary_prompt,5,partC_FunctionGemma-270M__summary_prompt__N5.json,427,6
FunctionGemma-270M|summary_prompt|N5|428,FunctionGemma-270M,summary_prompt,5,partC_FunctionGemma-270M__summary_prompt__N5.json,428,6
FunctionGemma-270M|summary_prompt|N5|429,FunctionGemma-270M,summary_prompt,5,partC_FunctionGemma-270M__summary_prompt__N5.json,429,7
FunctionGemma-270M|summary_prompt|N5|430,FunctionGemma-270M,summary_prompt,5,partC_FunctionGemma-270M__summary_prompt__N5.json,430,6
FunctionGemma-270M|summary_prompt|N5|431,FunctionGemma-270M,summary_prompt,5,partC_FunctionGemma-270M__summary_prompt__N5.json,431,6
FunctionGemma-270M|summary_prompt|N5|432,FunctionGemma-270M,summary_prompt,5,partC_FunctionGemma-270M__summary_prompt__N5.json,432,7
FunctionGemma-270M|summary_prompt|N5|433,FunctionGemma-270M,summary_prompt,5,partC_FunctionGemma-270M__summary_prompt__N5.json,433,4
FunctionGemma-270M|summary_prompt|N5|434,FunctionGemma-270M,summary_prompt,5,partC_FunctionGemma-270M__summary_prompt__N5.json,434,9
FunctionGemma-270M|summary_prompt|N5|435,FunctionGemma-270M,summary_prompt,5,partC_FunctionGemma-270M__summary_prompt__N5.json,435,6
FunctionGemma-270M|summary_prompt|N5|436,FunctionGemma-270M,summary_prompt,5,partC_FunctionGemma-270M__summary_prompt__N5.json,436,9
FunctionGemma-270M|summary_prompt|N5|437,FunctionGemma-270M,summary_prompt,5,partC_FunctionGemma-270M__summary_prompt__N5.json,437,4
FunctionGemma-270M|summary_prompt|N5|438,FunctionGemma-270M,summary_prompt,5,partC_FunctionGemma-270M__summary_prompt__N5.json,438,4
FunctionGemma-270M|summary_prompt|N5|439,FunctionGemma-270M,summary_prompt,5,partC_FunctionGemma-270M__summary_prompt__N5.json,439,9
FunctionGemma-270M|summary_prompt|N5|440,FunctionGemma-270M,summary_prompt,5,partC_FunctionGemma-270M__summary_prompt__N5.json,440,4
FunctionGemma-270M|summary_prompt|N5|441,FunctionGemma-270M,summary_prompt,5,partC_FunctionGemma-270M__summary_prompt__N5.json,441,7
FunctionGemma-270M|summary_prompt|N5|442,FunctionGemma-270M,summary_prompt,5,partC_FunctionGemma-270M__summary_prompt__N5.json,442,4
FunctionGemma-270M|summary_prompt|N5|443,FunctionGemma-270M,summary_prompt,5,partC_FunctionGemma-270M__summary_prompt__N5.json,443,6
FunctionGemma-270M|summary_prompt|N5|444,FunctionGemma-270M,summary_prompt,5,partC_FunctionGemma-270M__summary_prompt__N5.json,444,6
FunctionGemma-270M|summary_prompt|N5|445,FunctionGemma-270M,summary_prompt,5,partC_FunctionGemma-270M__summary_prompt__N5.json,445,4
FunctionGemma-270M|summary_prompt|N5|446,FunctionGemma-270M,summary_prompt,5,partC_FunctionGemma-270M__summary_prompt__N5.json,446,3
FunctionGemma-270M|summary_prompt|N5|447,FunctionGemma-270M,summary_prompt,5,partC_FunctionGemma-270M__summary_prompt__N5.json,447,6
FunctionGemma-270M|summary_prompt|N5|448,FunctionGemma-270M,summary_prompt,5,partC_FunctionGemma-270M__summary_prompt__N5.json,448,6
FunctionGemma-270M|summary_prompt|N5|449,FunctionGemma-270M,summary_prompt,5,partC_FunctionGemma-270M__summary_prompt__N5.json,449,7
FunctionGemma-270M|summary_prompt|N5|450,FunctionGemma-270M,summary_prompt,5,partC_FunctionGemma-270M__summary_prompt__N5.json,450,4
FunctionGemma-270M|summary_prompt|N5|451,FunctionGemma-270M,summary_prompt,5,partC_FunctionGemma-270M__summary_prompt__N5.json,451,9
FunctionGemma-270M|summary_prompt|N5|452,FunctionGemma-270M,summary_prompt,5,partC_FunctionGemma-270M__summary_prompt__N5.json,452,6
FunctionGemma-270M|summary_prompt|N5|453,FunctionGemma-270M,summary_prompt,5,partC_FunctionGemma-270M__summary_prompt__N5.json,453,6
FunctionGemma-270M|summary_prompt|N5|454,FunctionGemma-270M,summary_prompt,5,partC_FunctionGemma-270M__summary_prompt__N5.json,454,4
FunctionGemma-270M|summary_prompt|N5|455,FunctionGemma-270M,summary_prompt,5,partC_FunctionGemma-270M__summary_prompt__N5.json,455,6
FunctionGemma-270M|summary_prompt|N5|456,FunctionGemma-270M,summary_prompt,5,partC_FunctionGemma-270M__summary_prompt__N5.json,456,3
FunctionGemma-270M|summary_prompt|N5|457,FunctionGemma-270M,summary_prompt,5,partC_FunctionGemma-270M__summary_prompt__N5.json,457,7
FunctionGemma-270M|summary_prompt|N5|458,FunctionGemma-270M,summary_prompt,5,partC_FunctionGemma-270M__summary_prompt__N5.json,458,9
FunctionGemma-270M|summary_prompt|N5|459,FunctionGemma-270M,summary_prompt,5,partC_FunctionGemma-270M__summary_prompt__N5.json,459,8
FunctionGemma-270M|summary_prompt|N5|460,FunctionGemma-270M,summary_prompt,5,partC_FunctionGemma-270M__summary_prompt__N5.json,460,6
FunctionGemma-270M|summary_prompt|N5|461,FunctionGemma-270M,summary_prompt,5,partC_FunctionGemma-270M__summary_prompt__N5.json,461,7
FunctionGemma-270M|summary_prompt|N5|462,FunctionGemma-270M,summary_prompt,5,partC_FunctionGemma-270M__summary_prompt__N5.json,462,3
FunctionGemma-270M|summary_prompt|N5|463,FunctionGemma-270M,summary_prompt,5,partC_FunctionGemma-270M__summary_prompt__N5.json,463,3
FunctionGemma-270M|summary_prompt|N5|464,FunctionGemma-270M,summary_prompt,5,partC_FunctionGemma-270M__summary_prompt__N5.json,464,4
FunctionGemma-270M|summary_prompt|N5|465,FunctionGemma-270M,summary_prompt,5,partC_FunctionGemma-270M__summary_prompt__N5.json,465,10
FunctionGemma-270M|summary_prompt|N5|466,FunctionGemma-270M,summary_prompt,5,partC_FunctionGemma-270M__summary_prompt__N5.json,466,9
FunctionGemma-270M|summary_prompt|N5|467,FunctionGemma-270M,summary_prompt,5,partC_FunctionGemma-270M__summary_prompt__N5.json,467,6
FunctionGemma-270M|summary_prompt|N5|468,FunctionGemma-270M,summary_prompt,5,partC_FunctionGemma-270M__summary_prompt__N5.json,468,6
FunctionGemma-270M|summary_prompt|N5|469,FunctionGemma-270M,summary_prompt,5,partC_FunctionGemma-270M__summary_prompt__N5.json,469,6
FunctionGemma-270M|summary_prompt|N5|470,FunctionGemma-270M,summary_prompt,5,partC_FunctionGemma-270M__summary_prompt__N5.json,470,3
FunctionGemma-270M|summary_prompt|N5|471,FunctionGemma-270M,summary_prompt,5,partC_FunctionGemma-270M__summary_prompt__N5.json,471,9
FunctionGemma-270M|summary_prompt|N5|472,FunctionGemma-270M,summary_prompt,5,partC_FunctionGemma-270M__summary_prompt__N5.json,472,3
FunctionGemma-270M|summary_prompt|N5|473,FunctionGemma-270M,summary_prompt,5,partC_FunctionGemma-270M__summary_prompt__N5.json,473,6
FunctionGemma-270M|summary_prompt|N5|474,FunctionGemma-270M,summary_prompt,5,partC_FunctionGemma-270M__summary_prompt__N5.json,474,9
FunctionGemma-270M|summary_prompt|N5|475,FunctionGemma-270M,summary_prompt,5,partC_FunctionGemma-270M__summary_prompt__N5.json,475,8
FunctionGemma-270M|summary_prompt|N5|476,FunctionGemma-270M,summary_prompt,5,partC_FunctionGemma-270M__summary_prompt__N5.json,476,6
FunctionGemma-270M|summary_prompt|N5|477,FunctionGemma-270M,summary_prompt,5,partC_FunctionGemma-270M__summary_prompt__N5.json,477,9
FunctionGemma-270M|summary_prompt|N5|478,FunctionGemma-270M,summary_prompt,5,partC_FunctionGemma-270M__summary_prompt__N5.json,478,3
FunctionGemma-270M|summary_prompt|N5|479,FunctionGemma-270M,summary_prompt,5,partC_FunctionGemma-270M__summary_prompt__N5.json,479,3
Qwen3-1.7B-nothink|summary_prompt|N1|0,Qwen3-1.7B-nothink,summary_prompt,1,partC_Qwen3-1.7B-nothink__summary_prompt__N1.json,0,9
Qwen3-1.7B-nothink|summary_prompt|N1|1,Qwen3-1.7B-nothink,summary_prompt,1,partC_Qwen3-1.7B-nothink__summary_prompt__N1.json,1,9
Qwen3-1.7B-nothink|summary_prompt|N1|2,Qwen3-1.7B-nothink,summary_prompt,1,partC_Qwen3-1.7B-nothink__summary_prompt__N1.json,2,4
Qwen3-1.7B-nothink|summary_prompt|N1|3,Qwen3-1.7B-nothink,summary_prompt,1,partC_Qwen3-1.7B-nothink__summary_prompt__N1.json,3,9
Qwen3-1.7B-nothink|summary_prompt|N1|4,Qwen3-1.7B-nothink,summary_prompt,1,partC_Qwen3-1.7B-nothink__summary_prompt__N1.json,4,9
Qwen3-1.7B-nothink|summary_prompt|N1|5,Qwen3-1.7B-nothink,summary_prompt,1,partC_Qwen3-1.7B-nothink__summary_prompt__N1.json,5,9
Qwen3-1.7B-nothink|summary_prompt|N1|6,Qwen3-1.7B-nothink,summary_prompt,1,partC_Qwen3-1.7B-nothink__summary_prompt__N1.json,6,9
Qwen3-1.7B-nothink|summary_prompt|N1|7,Qwen3-1.7B-nothink,summary_prompt,1,partC_Qwen3-1.7B-nothink__summary_prompt__N1.json,7,9
Qwen3-1.7B-nothink|summary_prompt|N1|8,Qwen3-1.7B-nothink,summary_prompt,1,partC_Qwen3-1.7B-nothink__summary_prompt__N1.json,8,8
Qwen3-1.7B-nothink|summary_prompt|N1|9,Qwen3-1.7B-nothink,summary_prompt,1,partC_Qwen3-1.7B-nothink__summary_prompt__N1.json,9,9
Qwen3-1.7B-nothink|summary_prompt|N1|10,Qwen3-1.7B-nothink,summary_prompt,1,partC_Qwen3-1.7B-nothink__summary_prompt__N1.json,10,9
Qwen3-1.7B-nothink|summary_prompt|N1|11,Qwen3-1.7B-nothink,summary_prompt,1,partC_Qwen3-1.7B-nothink__summary_prompt__N1.json,11,9
Qwen3-1.7B-nothink|summary_prompt|N1|12,Qwen3-1.7B-nothink,summary_prompt,1,partC_Qwen3-1.7B-nothink__summary_prompt__N1.json,12,9
Qwen3-1.7B-nothink|summary_prompt|N1|13,Qwen3-1.7B-nothink,summary_prompt,1,partC_Qwen3-1.7B-nothink__summary_prompt__N1.json,13,9
Qwen3-1.7B-nothink|summary_prompt|N1|14,Qwen3-1.7B-nothink,summary_prompt,1,partC_Qwen3-1.7B-nothink__summary_prompt__N1.json,14,9
Qwen3-1.7B-nothink|summary_prompt|N1|15,Qwen3-1.7B-nothink,summary_prompt,1,partC_Qwen3-1.7B-nothink__summary_prompt__N1.json,15,9
Qwen3-1.7B-nothink|summary_prompt|N1|16,Qwen3-1.7B-nothink,summary_prompt,1,partC_Qwen3-1.7B-nothink__summary_prompt__N1.json,16,10
Qwen3-1.7B-nothink|summary_prompt|N1|17,Qwen3-1.7B-nothink,summary_prompt,1,partC_Qwen3-1.7B-nothink__summary_prompt__N1.json,17,9
Qwen3-1.7B-nothink|summary_prompt|N1|18,Qwen3-1.7B-nothink,summary_prompt,1,partC_Qwen3-1.7B-nothink__summary_prompt__N1.json,18,9
Qwen3-1.7B-nothink|summary_prompt|N1|19,Qwen3-1.7B-nothink,summary_prompt,1,partC_Qwen3-1.7B-nothink__summary_prompt__N1.json,19,9
Qwen3-1.7B-nothink|summary_prompt|N1|20,Qwen3-1.7B-nothink,summary_prompt,1,partC_Qwen3-1.7B-nothink__summary_prompt__N1.json,20,9
Qwen3-1.7B-nothink|summary_prompt|N1|21,Qwen3-1.7B-nothink,summary_prompt,1,partC_Qwen3-1.7B-nothink__summary_prompt__N1.json,21,9
Qwen3-1.7B-nothink|summary_prompt|N1|22,Qwen3-1.7B-nothink,summary_prompt,1,partC_Qwen3-1.7B-nothink__summary_prompt__N1.json,22,9
Qwen3-1.7B-nothink|summary_prompt|N1|23,Qwen3-1.7B-nothink,summary_prompt,1,partC_Qwen3-1.7B-nothink__summary_prompt__N1.json,23,9
Qwen3-1.7B-nothink|summary_prompt|N1|24,Qwen3-1.7B-nothink,summary_prompt,1,partC_Qwen3-1.7B-nothink__summary_prompt__N1.json,24,9
Qwen3-1.7B-nothink|summary_prompt|N1|25,Qwen3-1.7B-nothink,summary_prompt,1,partC_Qwen3-1.7B-nothink__summary_prompt__N1.json,25,10
Qwen3-1.7B-nothink|summary_prompt|N1|26,Qwen3-1.7B-nothink,summary_prompt,1,partC_Qwen3-1.7B-nothink__summary_prompt__N1.json,26,9
Qwen3-1.7B-nothink|summary_prompt|N1|27,Qwen3-1.7B-nothink,summary_prompt,1,partC_Qwen3-1.7B-nothink__summary_prompt__N1.json,27,9
Qwen3-1.7B-nothink|summary_prompt|N1|28,Qwen3-1.7B-nothink,summary_prompt,1,partC_Qwen3-1.7B-nothink__summary_prompt__N1.json,28,1
Qwen3-1.7B-nothink|summary_prompt|N1|29,Qwen3-1.7B-nothink,summary_prompt,1,partC_Qwen3-1.7B-nothink__summary_prompt__N1.json,29,9
Qwen3-1.7B-nothink|summary_prompt|N1|30,Qwen3-1.7B-nothink,summary_prompt,1,partC_Qwen3-1.7B-nothink__summary_prompt__N1.json,30,9
Qwen3-1.7B-nothink|summary_prompt|N1|31,Qwen3-1.7B-nothink,summary_prompt,1,partC_Qwen3-1.7B-nothink__summary_prompt__N1.json,31,3
Qwen3-1.7B-nothink|summary_prompt|N1|32,Qwen3-1.7B-nothink,summary_prompt,1,partC_Qwen3-1.7B-nothink__summary_prompt__N1.json,32,9
Qwen3-1.7B-nothink|summary_prompt|N1|33,Qwen3-1.7B-nothink,summary_prompt,1,partC_Qwen3-1.7B-nothink__summary_prompt__N1.json,33,9
Qwen3-1.7B-nothink|summary_prompt|N1|34,Qwen3-1.7B-nothink,summary_prompt,1,partC_Qwen3-1.7B-nothink__summary_prompt__N1.json,34,1
Qwen3-1.7B-nothink|summary_prompt|N1|35,Qwen3-1.7B-nothink,summary_prompt,1,partC_Qwen3-1.7B-nothink__summary_prompt__N1.json,35,9
Qwen3-1.7B-nothink|summary_prompt|N1|36,Qwen3-1.7B-nothink,summary_prompt,1,partC_Qwen3-1.7B-nothink__summary_prompt__N1.json,36,9
Qwen3-1.7B-nothink|summary_prompt|N1|37,Qwen3-1.7B-nothink,summary_prompt,1,partC_Qwen3-1.7B-nothink__summary_prompt__N1.json,37,9
Qwen3-1.7B-nothink|summary_prompt|N1|38,Qwen3-1.7B-nothink,summary_prompt,1,partC_Qwen3-1.7B-nothink__summary_prompt__N1.json,38,9
Qwen3-1.7B-nothink|summary_prompt|N1|39,Qwen3-1.7B-nothink,summary_prompt,1,partC_Qwen3-1.7B-nothink__summary_prompt__N1.json,39,1
Qwen3-1.7B-nothink|summary_prompt|N1|40,Qwen3-1.7B-nothink,summary_prompt,1,partC_Qwen3-1.7B-nothink__summary_prompt__N1.json,40,9
Qwen3-1.7B-nothink|summary_prompt|N1|41,Qwen3-1.7B-nothink,summary_prompt,1,partC_Qwen3-1.7B-nothink__summary_prompt__N1.json,41,9
Qwen3-1.7B-nothink|summary_prompt|N1|42,Qwen3-1.7B-nothink,summary_prompt,1,partC_Qwen3-1.7B-nothink__summary_prompt__N1.json,42,1
Qwen3-1.7B-nothink|summary_prompt|N1|43,Qwen3-1.7B-nothink,summary_prompt,1,partC_Qwen3-1.7B-nothink__summary_prompt__N1.json,43,9
Qwen3-1.7B-nothink|summary_prompt|N1|44,Qwen3-1.7B-nothink,summary_prompt,1,partC_Qwen3-1.7B-nothink__summary_prompt__N1.json,44,7
Qwen3-1.7B-nothink|summary_prompt|N1|45,Qwen3-1.7B-nothink,summary_prompt,1,partC_Qwen3-1.7B-nothink__summary_prompt__N1.json,45,9
Qwen3-1.7B-nothink|summary_prompt|N1|46,Qwen3-1.7B-nothink,summary_prompt,1,partC_Qwen3-1.7B-nothink__summary_prompt__N1.json,46,7
Qwen3-1.7B-nothink|summary_prompt|N1|47,Qwen3-1.7B-nothink,summary_prompt,1,partC_Qwen3-1.7B-nothink__summary_prompt__N1.json,47,9
Qwen3-1.7B-nothink|summary_prompt|N1|48,Qwen3-1.7B-nothink,summary_prompt,1,partC_Qwen3-1.7B-nothink__summary_prompt__N1.json,48,9
Qwen3-1.7B-nothink|summary_prompt|N1|49,Qwen3-1.7B-nothink,summary_prompt,1,partC_Qwen3-1.7B-nothink__summary_prompt__N1.json,49,9
Qwen3-1.7B-nothink|summary_prompt|N1|50,Qwen3-1.7B-nothink,summary_prompt,1,partC_Qwen3-1.7B-nothink__summary_prompt__N1.json,50,7
Qwen3-1.7B-nothink|summary_prompt|N1|51,Qwen3-1.7B-nothink,summary_prompt,1,partC_Qwen3-1.7B-nothink__summary_prompt__N1.json,51,9
Qwen3-1.7B-nothink|summary_prompt|N1|52,Qwen3-1.7B-nothink,summary_prompt,1,partC_Qwen3-1.7B-nothink__summary_prompt__N1.json,52,6
Qwen3-1.7B-nothink|summary_prompt|N1|53,Qwen3-1.7B-nothink,summary_prompt,1,partC_Qwen3-1.7B-nothink__summary_prompt__N1.json,53,9
Qwen3-1.7B-nothink|summary_prompt|N1|54,Qwen3-1.7B-nothink,summary_prompt,1,partC_Qwen3-1.7B-nothink__summary_prompt__N1.json,54,6
Qwen3-1.7B-nothink|summary_prompt|N1|55,Qwen3-1.7B-nothink,summary_prompt,1,partC_Qwen3-1.7B-nothink__summary_prompt__N1.json,55,3
Qwen3-1.7B-nothink|summary_prompt|N1|56,Qwen3-1.7B-nothink,summary_prompt,1,partC_Qwen3-1.7B-nothink__summary_prompt__N1.json,56,9
Qwen3-1.7B-nothink|summary_prompt|N1|57,Qwen3-1.7B-nothink,summary_prompt,1,partC_Qwen3-1.7B-nothink__summary_prompt__N1.json,57,9
Qwen3-1.7B-nothink|summary_prompt|N1|58,Qwen3-1.7B-nothink,summary_prompt,1,partC_Qwen3-1.7B-nothink__summary_prompt__N1.json,58,3
Qwen3-1.7B-nothink|summary_prompt|N1|59,Qwen3-1.7B-nothink,summary_prompt,1,partC_Qwen3-1.7B-nothink__summary_prompt__N1.json,59,9
Qwen3-1.7B-nothink|summary_prompt|N1|60,Qwen3-1.7B-nothink,summary_prompt,1,partC_Qwen3-1.7B-nothink__summary_prompt__N1.json,60,9
Qwen3-1.7B-nothink|summary_prompt|N1|61,Qwen3-1.7B-nothink,summary_prompt,1,partC_Qwen3-1.7B-nothink__summary_prompt__N1.json,61,9
Qwen3-1.7B-nothink|summary_prompt|N1|62,Qwen3-1.7B-nothink,summary_prompt,1,partC_Qwen3-1.7B-nothink__summary_prompt__N1.json,62,9
Qwen3-1.7B-nothink|summary_prompt|N1|63,Qwen3-1.7B-nothink,summary_prompt,1,partC_Qwen3-1.7B-nothink__summary_prompt__N1.json,63,9
Qwen3-1.7B-nothink|summary_prompt|N1|64,Qwen3-1.7B-nothink,summary_prompt,1,partC_Qwen3-1.7B-nothink__summary_prompt__N1.json,64,9
Qwen3-1.7B-nothink|summary_prompt|N1|65,Qwen3-1.7B-nothink,summary_prompt,1,partC_Qwen3-1.7B-nothink__summary_prompt__N1.json,65,9
Qwen3-1.7B-nothink|summary_prompt|N1|66,Qwen3-1.7B-nothink,summary_prompt,1,partC_Qwen3-1.7B-nothink__summary_prompt__N1.json,66,6
Qwen3-1.7B-nothink|summary_prompt|N1|67,Qwen3-1.7B-nothink,summary_prompt,1,partC_Qwen3-1.7B-nothink__summary_prompt__N1.json,67,9
Qwen3-1.7B-nothink|summary_prompt|N1|68,Qwen3-1.7B-nothink,summary_prompt,1,partC_Qwen3-1.7B-nothink__summary_prompt__N1.json,68,9
Qwen3-1.7B-nothink|summary_prompt|N1|69,Qwen3-1.7B-nothink,summary_prompt,1,partC_Qwen3-1.7B-nothink__summary_prompt__N1.json,69,9
Qwen3-1.7B-nothink|summary_prompt|N1|70,Qwen3-1.7B-nothink,summary_prompt,1,partC_Qwen3-1.7B-nothink__summary_prompt__N1.json,70,9
Qwen3-1.7B-nothink|summary_prompt|N1|71,Qwen3-1.7B-nothink,summary_prompt,1,partC_Qwen3-1.7B-nothink__summary_prompt__N1.json,71,1
Qwen3-1.7B-nothink|summary_prompt|N1|72,Qwen3-1.7B-nothink,summary_prompt,1,partC_Qwen3-1.7B-nothink__summary_prompt__N1.json,72,9
Qwen3-1.7B-nothink|summary_prompt|N1|73,Qwen3-1.7B-nothink,summary_prompt,1,partC_Qwen3-1.7B-nothink__summary_prompt__N1.json,73,9
Qwen3-1.7B-nothink|summary_prompt|N1|74,Qwen3-1.7B-nothink,summary_prompt,1,partC_Qwen3-1.7B-nothink__summary_prompt__N1.json,74,9
Qwen3-1.7B-nothink|summary_prompt|N1|75,Qwen3-1.7B-nothink,summary_prompt,1,partC_Qwen3-1.7B-nothink__summary_prompt__N1.json,75,7
Qwen3-1.7B-nothink|summary_prompt|N1|76,Qwen3-1.7B-nothink,summary_prompt,1,partC_Qwen3-1.7B-nothink__summary_prompt__N1.json,76,9
Qwen3-1.7B-nothink|summary_prompt|N1|77,Qwen3-1.7B-nothink,summary_prompt,1,partC_Qwen3-1.7B-nothink__summary_prompt__N1.json,77,9
Qwen3-1.7B-nothink|summary_prompt|N1|78,Qwen3-1.7B-nothink,summary_prompt,1,partC_Qwen3-1.7B-nothink__summary_prompt__N1.json,78,9
Qwen3-1.7B-nothink|summary_prompt|N1|79,Qwen3-1.7B-nothink,summary_prompt,1,partC_Qwen3-1.7B-nothink__summary_prompt__N1.json,79,9
Qwen3-1.7B-nothink|summary_prompt|N1|80,Qwen3-1.7B-nothink,summary_prompt,1,partC_Qwen3-1.7B-nothink__summary_prompt__N1.json,80,9
Qwen3-1.7B-nothink|summary_prompt|N1|81,Qwen3-1.7B-nothink,summary_prompt,1,partC_Qwen3-1.7B-nothink__summary_prompt__N1.json,81,9
Qwen3-1.7B-nothink|summary_prompt|N1|82,Qwen3-1.7B-nothink,summary_prompt,1,partC_Qwen3-1.7B-nothink__summary_prompt__N1.json,82,9
Qwen3-1.7B-nothink|summary_prompt|N1|83,Qwen3-1.7B-nothink,summary_prompt,1,partC_Qwen3-1.7B-nothink__summary_prompt__N1.json,83,9
Qwen3-1.7B-nothink|summary_prompt|N1|84,Qwen3-1.7B-nothink,summary_prompt,1,partC_Qwen3-1.7B-nothink__summary_prompt__N1.json,84,9
Qwen3-1.7B-nothink|summary_prompt|N1|85,Qwen3-1.7B-nothink,summary_prompt,1,partC_Qwen3-1.7B-nothink__summary_prompt__N1.json,85,9
Qwen3-1.7B-nothink|summary_prompt|N1|86,Qwen3-1.7B-nothink,summary_prompt,1,partC_Qwen3-1.7B-nothink__summary_prompt__N1.json,86,9
Qwen3-1.7B-nothink|summary_prompt|N1|87,Qwen3-1.7B-nothink,summary_prompt,1,partC_Qwen3-1.7B-nothink__summary_prompt__N1.json,87,9
Qwen3-1.7B-nothink|summary_prompt|N1|88,Qwen3-1.7B-nothink,summary_prompt,1,partC_Qwen3-1.7B-nothink__summary_prompt__N1.json,88,9
Qwen3-1.7B-nothink|summary_prompt|N1|89,Qwen3-1.7B-nothink,summary_prompt,1,partC_Qwen3-1.7B-nothink__summary_prompt__N1.json,89,9
Qwen3-1.7B-nothink|summary_prompt|N1|90,Qwen3-1.7B-nothink,summary_prompt,1,partC_Qwen3-1.7B-nothink__summary_prompt__N1.json,90,9
Qwen3-1.7B-nothink|summary_prompt|N1|91,Qwen3-1.7B-nothink,summary_prompt,1,partC_Qwen3-1.7B-nothink__summary_prompt__N1.json,91,9
Qwen3-1.7B-nothink|summary_prompt|N1|92,Qwen3-1.7B-nothink,summary_prompt,1,partC_Qwen3-1.7B-nothink__summary_prompt__N1.json,92,6
Qwen3-1.7B-nothink|summary_prompt|N1|93,Qwen3-1.7B-nothink,summary_prompt,1,partC_Qwen3-1.7B-nothink__summary_prompt__N1.json,93,9
Qwen3-1.7B-nothink|summary_prompt|N1|94,Qwen3-1.7B-nothink,summary_prompt,1,partC_Qwen3-1.7B-nothink__summary_prompt__N1.json,94,9
Qwen3-1.7B-nothink|summary_prompt|N1|95,Qwen3-1.7B-nothink,summary_prompt,1,partC_Qwen3-1.7B-nothink__summary_prompt__N1.json,95,9
Qwen3-1.7B-nothink|summary_prompt|N1|96,Qwen3-1.7B-nothink,summary_prompt,1,partC_Qwen3-1.7B-nothink__summary_prompt__N1.json,96,9
Qwen3-1.7B-nothink|summary_prompt|N1|97,Qwen3-1.7B-nothink,summary_prompt,1,partC_Qwen3-1.7B-nothink__summary_prompt__N1.json,97,9
Qwen3-1.7B-nothink|summary_prompt|N1|98,Qwen3-1.7B-nothink,summary_prompt,1,partC_Qwen3-1.7B-nothink__summary_prompt__N1.json,98,9
Qwen3-1.7B-nothink|summary_prompt|N1|99,Qwen3-1.7B-nothink,summary_prompt,1,partC_Qwen3-1.7B-nothink__summary_prompt__N1.json,99,9
Qwen3-1.7B-nothink|summary_prompt|N1|100,Qwen3-1.7B-nothink,summary_prompt,1,partC_Qwen3-1.7B-nothink__summary_prompt__N1.json,100,10
Qwen3-1.7B-nothink|summary_prompt|N1|101,Qwen3-1.7B-nothink,summary_prompt,1,partC_Qwen3-1.7B-nothink__summary_prompt__N1.json,101,9
Qwen3-1.7B-nothink|summary_prompt|N1|102,Qwen3-1.7B-nothink,summary_prompt,1,partC_Qwen3-1.7B-nothink__summary_prompt__N1.json,102,9
Qwen3-1.7B-nothink|summary_prompt|N1|103,Qwen3-1.7B-nothink,summary_prompt,1,partC_Qwen3-1.7B-nothink__summary_prompt__N1.json,103,10
Qwen3-1.7B-nothink|summary_prompt|N1|104,Qwen3-1.7B-nothink,summary_prompt,1,partC_Qwen3-1.7B-nothink__summary_prompt__N1.json,104,9
Qwen3-1.7B-nothink|summary_prompt|N1|105,Qwen3-1.7B-nothink,summary_prompt,1,partC_Qwen3-1.7B-nothink__summary_prompt__N1.json,105,10
Qwen3-1.7B-nothink|summary_prompt|N1|106,Qwen3-1.7B-nothink,summary_prompt,1,partC_Qwen3-1.7B-nothink__summary_prompt__N1.json,106,9
Qwen3-1.7B-nothink|summary_prompt|N1|107,Qwen3-1.7B-nothink,summary_prompt,1,partC_Qwen3-1.7B-nothink__summary_prompt__N1.json,107,9
Qwen3-1.7B-nothink|summary_prompt|N1|108,Qwen3-1.7B-nothink,summary_prompt,1,partC_Qwen3-1.7B-nothink__summary_prompt__N1.json,108,9
Qwen3-1.7B-nothink|summary_prompt|N1|109,Qwen3-1.7B-nothink,summary_prompt,1,partC_Qwen3-1.7B-nothink__summary_prompt__N1.json,109,10
Qwen3-1.7B-nothink|summary_prompt|N1|110,Qwen3-1.7B-nothink,summary_prompt,1,partC_Qwen3-1.7B-nothink__summary_prompt__N1.json,110,9
Qwen3-1.7B-nothink|summary_prompt|N1|111,Qwen3-1.7B-nothink,summary_prompt,1,partC_Qwen3-1.7B-nothink__summary_prompt__N1.json,111,9
Qwen3-1.7B-nothink|summary_prompt|N1|112,Qwen3-1.7B-nothink,summary_prompt,1,partC_Qwen3-1.7B-nothink__summary_prompt__N1.json,112,10
Qwen3-1.7B-nothink|summary_prompt|N1|113,Qwen3-1.7B-nothink,summary_prompt,1,partC_Qwen3-1.7B-nothink__summary_prompt__N1.json,113,9
Qwen3-1.7B-nothink|summary_prompt|N1|114,Qwen3-1.7B-nothink,summary_prompt,1,partC_Qwen3-1.7B-nothink__summary_prompt__N1.json,114,10
Qwen3-1.7B-nothink|summary_prompt|N1|115,Qwen3-1.7B-nothink,summary_prompt,1,partC_Qwen3-1.7B-nothink__summary_prompt__N1.json,115,10
Qwen3-1.7B-nothink|summary_prompt|N1|116,Qwen3-1.7B-nothink,summary_prompt,1,partC_Qwen3-1.7B-nothink__summary_prompt__N1.json,116,9
Qwen3-1.7B-nothink|summary_prompt|N1|117,Qwen3-1.7B-nothink,summary_prompt,1,partC_Qwen3-1.7B-nothink__summary_prompt__N1.json,117,10
Qwen3-1.7B-nothink|summary_prompt|N1|118,Qwen3-1.7B-nothink,summary_prompt,1,partC_Qwen3-1.7B-nothink__summary_prompt__N1.json,118,10
Qwen3-1.7B-nothink|summary_prompt|N1|119,Qwen3-1.7B-nothink,summary_prompt,1,partC_Qwen3-1.7B-nothink__summary_prompt__N1.json,119,9
Qwen3-1.7B-nothink|summary_prompt|N1|120,Qwen3-1.7B-nothink,summary_prompt,1,partC_Qwen3-1.7B-nothink__summary_prompt__N1.json,120,9
Qwen3-1.7B-nothink|summary_prompt|N1|121,Qwen3-1.7B-nothink,summary_prompt,1,partC_Qwen3-1.7B-nothink__summary_prompt__N1.json,121,9
Qwen3-1.7B-nothink|summary_prompt|N1|122,Qwen3-1.7B-nothink,summary_prompt,1,partC_Qwen3-1.7B-nothink__summary_prompt__N1.json,122,10
Qwen3-1.7B-nothink|summary_prompt|N1|123,Qwen3-1.7B-nothink,summary_prompt,1,partC_Qwen3-1.7B-nothink__summary_prompt__N1.json,123,10
Qwen3-1.7B-nothink|summary_prompt|N1|124,Qwen3-1.7B-nothink,summary_prompt,1,partC_Qwen3-1.7B-nothink__summary_prompt__N1.json,124,10
Qwen3-1.7B-nothink|summary_prompt|N1|125,Qwen3-1.7B-nothink,summary_prompt,1,partC_Qwen3-1.7B-nothink__summary_prompt__N1.json,125,10
Qwen3-1.7B-nothink|summary_prompt|N1|126,Qwen3-1.7B-nothink,summary_prompt,1,partC_Qwen3-1.7B-nothink__summary_prompt__N1.json,126,10
Qwen3-1.7B-nothink|summary_prompt|N1|127,Qwen3-1.7B-nothink,summary_prompt,1,partC_Qwen3-1.7B-nothink__summary_prompt__N1.json,127,9
Qwen3-1.7B-nothink|summary_prompt|N1|128,Qwen3-1.7B-nothink,summary_prompt,1,partC_Qwen3-1.7B-nothink__summary_prompt__N1.json,128,9
Qwen3-1.7B-nothink|summary_prompt|N1|129,Qwen3-1.7B-nothink,summary_prompt,1,partC_Qwen3-1.7B-nothink__summary_prompt__N1.json,129,9
Qwen3-1.7B-nothink|summary_prompt|N1|130,Qwen3-1.7B-nothink,summary_prompt,1,partC_Qwen3-1.7B-nothink__summary_prompt__N1.json,130,9
Qwen3-1.7B-nothink|summary_prompt|N1|131,Qwen3-1.7B-nothink,summary_prompt,1,partC_Qwen3-1.7B-nothink__summary_prompt__N1.json,131,9
Qwen3-1.7B-nothink|summary_prompt|N1|132,Qwen3-1.7B-nothink,summary_prompt,1,partC_Qwen3-1.7B-nothink__summary_prompt__N1.json,132,9
Qwen3-1.7B-nothink|summary_prompt|N1|133,Qwen3-1.7B-nothink,summary_prompt,1,partC_Qwen3-1.7B-nothink__summary_prompt__N1.json,133,10
Qwen3-1.7B-nothink|summary_prompt|N1|134,Qwen3-1.7B-nothink,summary_prompt,1,partC_Qwen3-1.7B-nothink__summary_prompt__N1.json,134,10
Qwen3-1.7B-nothink|summary_prompt|N1|135,Qwen3-1.7B-nothink,summary_prompt,1,partC_Qwen3-1.7B-nothink__summary_prompt__N1.json,135,10
Qwen3-1.7B-nothink|summary_prompt|N1|136,Qwen3-1.7B-nothink,summary_prompt,1,partC_Qwen3-1.7B-nothink__summary_prompt__N1.json,136,10
Qwen3-1.7B-nothink|summary_prompt|N1|137,Qwen3-1.7B-nothink,summary_prompt,1,partC_Qwen3-1.7B-nothink__summary_prompt__N1.json,137,9
Qwen3-1.7B-nothink|summary_prompt|N1|138,Qwen3-1.7B-nothink,summary_prompt,1,partC_Qwen3-1.7B-nothink__summary_prompt__N1.json,138,10
Qwen3-1.7B-nothink|summary_prompt|N1|139,Qwen3-1.7B-nothink,summary_prompt,1,partC_Qwen3-1.7B-nothink__summary_prompt__N1.json,139,9
Qwen3-1.7B-nothink|summary_prompt|N1|140,Qwen3-1.7B-nothink,summary_prompt,1,partC_Qwen3-1.7B-nothink__summary_prompt__N1.json,140,9
Qwen3-1.7B-nothink|summary_prompt|N1|141,Qwen3-1.7B-nothink,summary_prompt,1,partC_Qwen3-1.7B-nothink__summary_prompt__N1.json,141,9
Qwen3-1.7B-nothink|summary_prompt|N1|142,Qwen3-1.7B-nothink,summary_prompt,1,partC_Qwen3-1.7B-nothink__summary_prompt__N1.json,142,9
Qwen3-1.7B-nothink|summary_prompt|N1|143,Qwen3-1.7B-nothink,summary_prompt,1,partC_Qwen3-1.7B-nothink__summary_prompt__N1.json,143,6
Qwen3-1.7B-nothink|summary_prompt|N1|144,Qwen3-1.7B-nothink,summary_prompt,1,partC_Qwen3-1.7B-nothink__summary_prompt__N1.json,144,9
Qwen3-1.7B-nothink|summary_prompt|N1|145,Qwen3-1.7B-nothink,summary_prompt,1,partC_Qwen3-1.7B-nothink__summary_prompt__N1.json,145,7
Qwen3-1.7B-nothink|summary_prompt|N1|146,Qwen3-1.7B-nothink,summary_prompt,1,partC_Qwen3-1.7B-nothink__summary_prompt__N1.json,146,7
Qwen3-1.7B-nothink|summary_prompt|N1|147,Qwen3-1.7B-nothink,summary_prompt,1,partC_Qwen3-1.7B-nothink__summary_prompt__N1.json,147,9
Qwen3-1.7B-nothink|summary_prompt|N1|148,Qwen3-1.7B-nothink,summary_prompt,1,partC_Qwen3-1.7B-nothink__summary_prompt__N1.json,148,9
Qwen3-1.7B-nothink|summary_prompt|N1|149,Qwen3-1.7B-nothink,summary_prompt,1,partC_Qwen3-1.7B-nothink__summary_prompt__N1.json,149,9
Qwen3-1.7B-nothink|summary_prompt|N1|150,Qwen3-1.7B-nothink,summary_prompt,1,partC_Qwen3-1.7B-nothink__summary_prompt__N1.json,150,9
Qwen3-1.7B-nothink|summary_prompt|N1|151,Qwen3-1.7B-nothink,summary_prompt,1,partC_Qwen3-1.7B-nothink__summary_prompt__N1.json,151,9
Qwen3-1.7B-nothink|summary_prompt|N1|152,Qwen3-1.7B-nothink,summary_prompt,1,partC_Qwen3-1.7B-nothink__summary_prompt__N1.json,152,9
Qwen3-1.7B-nothink|summary_prompt|N1|153,Qwen3-1.7B-nothink,summary_prompt,1,partC_Qwen3-1.7B-nothink__summary_prompt__N1.json,153,9
Qwen3-1.7B-nothink|summary_prompt|N1|154,Qwen3-1.7B-nothink,summary_prompt,1,partC_Qwen3-1.7B-nothink__summary_prompt__N1.json,154,7
Qwen3-1.7B-nothink|summary_prompt|N1|155,Qwen3-1.7B-nothink,summary_prompt,1,partC_Qwen3-1.7B-nothink__summary_prompt__N1.json,155,9
Qwen3-1.7B-nothink|summary_prompt|N1|156,Qwen3-1.7B-nothink,summary_prompt,1,partC_Qwen3-1.7B-nothink__summary_prompt__N1.json,156,8
Qwen3-1.7B-nothink|summary_prompt|N1|157,Qwen3-1.7B-nothink,summary_prompt,1,partC_Qwen3-1.7B-nothink__summary_prompt__N1.json,157,9
Qwen3-1.7B-nothink|summary_prompt|N1|158,Qwen3-1.7B-nothink,summary_prompt,1,partC_Qwen3-1.7B-nothink__summary_prompt__N1.json,158,9
Qwen3-1.7B-nothink|summary_prompt|N1|159,Qwen3-1.7B-nothink,summary_prompt,1,partC_Qwen3-1.7B-nothink__summary_prompt__N1.json,159,9
Qwen3-1.7B-nothink|summary_prompt|N1|160,Qwen3-1.7B-nothink,summary_prompt,1,partC_Qwen3-1.7B-nothink__summary_prompt__N1.json,160,9
Qwen3-1.7B-nothink|summary_prompt|N1|161,Qwen3-1.7B-nothink,summary_prompt,1,partC_Qwen3-1.7B-nothink__summary_prompt__N1.json,161,10
Qwen3-1.7B-nothink|summary_prompt|N1|162,Qwen3-1.7B-nothink,summary_prompt,1,partC_Qwen3-1.7B-nothink__summary_prompt__N1.json,162,9
Qwen3-1.7B-nothink|summary_prompt|N1|163,Qwen3-1.7B-nothink,summary_prompt,1,partC_Qwen3-1.7B-nothink__summary_prompt__N1.json,163,9
Qwen3-1.7B-nothink|summary_prompt|N1|164,Qwen3-1.7B-nothink,summary_prompt,1,partC_Qwen3-1.7B-nothink__summary_prompt__N1.json,164,10
Qwen3-1.7B-nothink|summary_prompt|N1|165,Qwen3-1.7B-nothink,summary_prompt,1,partC_Qwen3-1.7B-nothink__summary_prompt__N1.json,165,9
Qwen3-1.7B-nothink|summary_prompt|N1|166,Qwen3-1.7B-nothink,summary_prompt,1,partC_Qwen3-1.7B-nothink__summary_prompt__N1.json,166,9
Qwen3-1.7B-nothink|summary_prompt|N1|167,Qwen3-1.7B-nothink,summary_prompt,1,partC_Qwen3-1.7B-nothink__summary_prompt__N1.json,167,9
Qwen3-1.7B-nothink|summary_prompt|N1|168,Qwen3-1.7B-nothink,summary_prompt,1,partC_Qwen3-1.7B-nothink__summary_prompt__N1.json,168,10
Qwen3-1.7B-nothink|summary_prompt|N1|169,Qwen3-1.7B-nothink,summary_prompt,1,partC_Qwen3-1.7B-nothink__summary_prompt__N1.json,169,10
Qwen3-1.7B-nothink|summary_prompt|N1|170,Qwen3-1.7B-nothink,summary_prompt,1,partC_Qwen3-1.7B-nothink__summary_prompt__N1.json,170,10
Qwen3-1.7B-nothink|summary_prompt|N1|171,Qwen3-1.7B-nothink,summary_prompt,1,partC_Qwen3-1.7B-nothink__summary_prompt__N1.json,171,9
Qwen3-1.7B-nothink|summary_prompt|N1|172,Qwen3-1.7B-nothink,summary_prompt,1,partC_Qwen3-1.7B-nothink__summary_prompt__N1.json,172,10
Qwen3-1.7B-nothink|summary_prompt|N1|173,Qwen3-1.7B-nothink,summary_prompt,1,partC_Qwen3-1.7B-nothink__summary_prompt__N1.json,173,9
Qwen3-1.7B-nothink|summary_prompt|N1|174,Qwen3-1.7B-nothink,summary_prompt,1,partC_Qwen3-1.7B-nothink__summary_prompt__N1.json,174,9
Qwen3-1.7B-nothink|summary_prompt|N1|175,Qwen3-1.7B-nothink,summary_prompt,1,partC_Qwen3-1.7B-nothink__summary_prompt__N1.json,175,9
Qwen3-1.7B-nothink|summary_prompt|N1|176,Qwen3-1.7B-nothink,summary_prompt,1,partC_Qwen3-1.7B-nothink__summary_prompt__N1.json,176,10
Qwen3-1.7B-nothink|summary_prompt|N1|177,Qwen3-1.7B-nothink,summary_prompt,1,partC_Qwen3-1.7B-nothink__summary_prompt__N1.json,177,9
Qwen3-1.7B-nothink|summary_prompt|N1|178,Qwen3-1.7B-nothink,summary_prompt,1,partC_Qwen3-1.7B-nothink__summary_prompt__N1.json,178,10
Qwen3-1.7B-nothink|summary_prompt|N1|179,Qwen3-1.7B-nothink,summary_prompt,1,partC_Qwen3-1.7B-nothink__summary_prompt__N1.json,179,9
Qwen3-1.7B-nothink|summary_prompt|N1|180,Qwen3-1.7B-nothink,summary_prompt,1,partC_Qwen3-1.7B-nothink__summary_prompt__N1.json,180,9
Qwen3-1.7B-nothink|summary_prompt|N1|181,Qwen3-1.7B-nothink,summary_prompt,1,partC_Qwen3-1.7B-nothink__summary_prompt__N1.json,181,9
Qwen3-1.7B-nothink|summary_prompt|N1|182,Qwen3-1.7B-nothink,summary_prompt,1,partC_Qwen3-1.7B-nothink__summary_prompt__N1.json,182,9
Qwen3-1.7B-nothink|summary_prompt|N1|183,Qwen3-1.7B-nothink,summary_prompt,1,partC_Qwen3-1.7B-nothink__summary_prompt__N1.json,183,10
Qwen3-1.7B-nothink|summary_prompt|N1|184,Qwen3-1.7B-nothink,summary_prompt,1,partC_Qwen3-1.7B-nothink__summary_prompt__N1.json,184,10
Qwen3-1.7B-nothink|summary_prompt|N1|185,Qwen3-1.7B-nothink,summary_prompt,1,partC_Qwen3-1.7B-nothink__summary_prompt__N1.json,185,9
Qwen3-1.7B-nothink|summary_prompt|N1|186,Qwen3-1.7B-nothink,summary_prompt,1,partC_Qwen3-1.7B-nothink__summary_prompt__N1.json,186,10
Qwen3-1.7B-nothink|summary_prompt|N1|187,Qwen3-1.7B-nothink,summary_prompt,1,partC_Qwen3-1.7B-nothink__summary_prompt__N1.json,187,9
Qwen3-1.7B-nothink|summary_prompt|N1|188,Qwen3-1.7B-nothink,summary_prompt,1,partC_Qwen3-1.7B-nothink__summary_prompt__N1.json,188,9
Qwen3-1.7B-nothink|summary_prompt|N1|189,Qwen3-1.7B-nothink,summary_prompt,1,partC_Qwen3-1.7B-nothink__summary_prompt__N1.json,189,9
Qwen3-1.7B-nothink|summary_prompt|N1|190,Qwen3-1.7B-nothink,summary_prompt,1,partC_Qwen3-1.7B-nothink__summary_prompt__N1.json,190,9
Qwen3-1.7B-nothink|summary_prompt|N1|191,Qwen3-1.7B-nothink,summary_prompt,1,partC_Qwen3-1.7B-nothink__summary_prompt__N1.json,191,9
Qwen3-1.7B-nothink|summary_prompt|N1|192,Qwen3-1.7B-nothink,summary_prompt,1,partC_Qwen3-1.7B-nothink__summary_prompt__N1.json,192,9
Qwen3-1.7B-nothink|summary_prompt|N1|193,Qwen3-1.7B-nothink,summary_prompt,1,partC_Qwen3-1.7B-nothink__summary_prompt__N1.json,193,10
Qwen3-1.7B-nothink|summary_prompt|N1|194,Qwen3-1.7B-nothink,summary_prompt,1,partC_Qwen3-1.7B-nothink__summary_prompt__N1.json,194,10
Qwen3-1.7B-nothink|summary_prompt|N1|195,Qwen3-1.7B-nothink,summary_prompt,1,partC_Qwen3-1.7B-nothink__summary_prompt__N1.json,195,9
Qwen3-1.7B-nothink|summary_prompt|N1|196,Qwen3-1.7B-nothink,summary_prompt,1,partC_Qwen3-1.7B-nothink__summary_prompt__N1.json,196,9
Qwen3-1.7B-nothink|summary_prompt|N1|197,Qwen3-1.7B-nothink,summary_prompt,1,partC_Qwen3-1.7B-nothink__summary_prompt__N1.json,197,10
Qwen3-1.7B-nothink|summary_prompt|N1|198,Qwen3-1.7B-nothink,summary_prompt,1,partC_Qwen3-1.7B-nothink__summary_prompt__N1.json,198,9
Qwen3-1.7B-nothink|summary_prompt|N1|199,Qwen3-1.7B-nothink,summary_prompt,1,partC_Qwen3-1.7B-nothink__summary_prompt__N1.json,199,9
Qwen3-1.7B-nothink|summary_prompt|N1|200,Qwen3-1.7B-nothink,summary_prompt,1,partC_Qwen3-1.7B-nothink__summary_prompt__N1.json,200,10
Qwen3-1.7B-nothink|summary_prompt|N1|201,Qwen3-1.7B-nothink,summary_prompt,1,partC_Qwen3-1.7B-nothink__summary_prompt__N1.json,201,9
Qwen3-1.7B-nothink|summary_prompt|N1|202,Qwen3-1.7B-nothink,summary_prompt,1,partC_Qwen3-1.7B-nothink__summary_prompt__N1.json,202,9
Qwen3-1.7B-nothink|summary_prompt|N1|203,Qwen3-1.7B-nothink,summary_prompt,1,partC_Qwen3-1.7B-nothink__summary_prompt__N1.json,203,10
Qwen3-1.7B-nothink|summary_prompt|N1|204,Qwen3-1.7B-nothink,summary_prompt,1,partC_Qwen3-1.7B-nothink__summary_prompt__N1.json,204,9
Qwen3-1.7B-nothink|summary_prompt|N1|205,Qwen3-1.7B-nothink,summary_prompt,1,partC_Qwen3-1.7B-nothink__summary_prompt__N1.json,205,10
Qwen3-1.7B-nothink|summary_prompt|N1|206,Qwen3-1.7B-nothink,summary_prompt,1,partC_Qwen3-1.7B-nothink__summary_prompt__N1.json,206,9
Qwen3-1.7B-nothink|summary_prompt|N1|207,Qwen3-1.7B-nothink,summary_prompt,1,partC_Qwen3-1.7B-nothink__summary_prompt__N1.json,207,9
Qwen3-1.7B-nothink|summary_prompt|N1|208,Qwen3-1.7B-nothink,summary_prompt,1,partC_Qwen3-1.7B-nothink__summary_prompt__N1.json,208,9
Qwen3-1.7B-nothink|summary_prompt|N1|209,Qwen3-1.7B-nothink,summary_prompt,1,partC_Qwen3-1.7B-nothink__summary_prompt__N1.json,209,9
Qwen3-1.7B-nothink|summary_prompt|N1|210,Qwen3-1.7B-nothink,summary_prompt,1,partC_Qwen3-1.7B-nothink__summary_prompt__N1.json,210,10
Qwen3-1.7B-nothink|summary_prompt|N1|211,Qwen3-1.7B-nothink,summary_prompt,1,partC_Qwen3-1.7B-nothink__summary_prompt__N1.json,211,9
Qwen3-1.7B-nothink|summary_prompt|N1|212,Qwen3-1.7B-nothink,summary_prompt,1,partC_Qwen3-1.7B-nothink__summary_prompt__N1.json,212,9
Qwen3-1.7B-nothink|summary_prompt|N1|213,Qwen3-1.7B-nothink,summary_prompt,1,partC_Qwen3-1.7B-nothink__summary_prompt__N1.json,213,10
Qwen3-1.7B-nothink|summary_prompt|N1|214,Qwen3-1.7B-nothink,summary_prompt,1,partC_Qwen3-1.7B-nothink__summary_prompt__N1.json,214,9
Qwen3-1.7B-nothink|summary_prompt|N1|215,Qwen3-1.7B-nothink,summary_prompt,1,partC_Qwen3-1.7B-nothink__summary_prompt__N1.json,215,9
Qwen3-1.7B-nothink|summary_prompt|N1|216,Qwen3-1.7B-nothink,summary_prompt,1,partC_Qwen3-1.7B-nothink__summary_prompt__N1.json,216,9
Qwen3-1.7B-nothink|summary_prompt|N1|217,Qwen3-1.7B-nothink,summary_prompt,1,partC_Qwen3-1.7B-nothink__summary_prompt__N1.json,217,9
Qwen3-1.7B-nothink|summary_prompt|N1|218,Qwen3-1.7B-nothink,summary_prompt,1,partC_Qwen3-1.7B-nothink__summary_prompt__N1.json,218,10
Qwen3-1.7B-nothink|summary_prompt|N1|219,Qwen3-1.7B-nothink,summary_prompt,1,partC_Qwen3-1.7B-nothink__summary_prompt__N1.json,219,9
Qwen3-1.7B-nothink|summary_prompt|N1|220,Qwen3-1.7B-nothink,summary_prompt,1,partC_Qwen3-1.7B-nothink__summary_prompt__N1.json,220,10
Qwen3-1.7B-nothink|summary_prompt|N1|221,Qwen3-1.7B-nothink,summary_prompt,1,partC_Qwen3-1.7B-nothink__summary_prompt__N1.json,221,10
Qwen3-1.7B-nothink|summary_prompt|N1|222,Qwen3-1.7B-nothink,summary_prompt,1,partC_Qwen3-1.7B-nothink__summary_prompt__N1.json,222,10
Qwen3-1.7B-nothink|summary_prompt|N1|223,Qwen3-1.7B-nothink,summary_prompt,1,partC_Qwen3-1.7B-nothink__summary_prompt__N1.json,223,10
Qwen3-1.7B-nothink|summary_prompt|N1|224,Qwen3-1.7B-nothink,summary_prompt,1,partC_Qwen3-1.7B-nothink__summary_prompt__N1.json,224,9
Qwen3-1.7B-nothink|summary_prompt|N1|225,Qwen3-1.7B-nothink,summary_prompt,1,partC_Qwen3-1.7B-nothink__summary_prompt__N1.json,225,10
Qwen3-1.7B-nothink|summary_prompt|N1|226,Qwen3-1.7B-nothink,summary_prompt,1,partC_Qwen3-1.7B-nothink__summary_prompt__N1.json,226,10
Qwen3-1.7B-nothink|summary_prompt|N1|227,Qwen3-1.7B-nothink,summary_prompt,1,partC_Qwen3-1.7B-nothink__summary_prompt__N1.json,227,10
Qwen3-1.7B-nothink|summary_prompt|N1|228,Qwen3-1.7B-nothink,summary_prompt,1,partC_Qwen3-1.7B-nothink__summary_prompt__N1.json,228,10
Qwen3-1.7B-nothink|summary_prompt|N1|229,Qwen3-1.7B-nothink,summary_prompt,1,partC_Qwen3-1.7B-nothink__summary_prompt__N1.json,229,10
Qwen3-1.7B-nothink|summary_prompt|N1|230,Qwen3-1.7B-nothink,summary_prompt,1,partC_Qwen3-1.7B-nothink__summary_prompt__N1.json,230,10
Qwen3-1.7B-nothink|summary_prompt|N1|231,Qwen3-1.7B-nothink,summary_prompt,1,partC_Qwen3-1.7B-nothink__summary_prompt__N1.json,231,10
Qwen3-1.7B-nothink|summary_prompt|N1|232,Qwen3-1.7B-nothink,summary_prompt,1,partC_Qwen3-1.7B-nothink__summary_prompt__N1.json,232,10
Qwen3-1.7B-nothink|summary_prompt|N1|233,Qwen3-1.7B-nothink,summary_prompt,1,partC_Qwen3-1.7B-nothink__summary_prompt__N1.json,233,10
Qwen3-1.7B-nothink|summary_prompt|N1|234,Qwen3-1.7B-nothink,summary_prompt,1,partC_Qwen3-1.7B-nothink__summary_prompt__N1.json,234,10
Qwen3-1.7B-nothink|summary_prompt|N1|235,Qwen3-1.7B-nothink,summary_prompt,1,partC_Qwen3-1.7B-nothink__summary_prompt__N1.json,235,10
Qwen3-1.7B-nothink|summary_prompt|N1|236,Qwen3-1.7B-nothink,summary_prompt,1,partC_Qwen3-1.7B-nothink__summary_prompt__N1.json,236,10
Qwen3-1.7B-nothink|summary_prompt|N1|237,Qwen3-1.7B-nothink,summary_prompt,1,partC_Qwen3-1.7B-nothink__summary_prompt__N1.json,237,10
Qwen3-1.7B-nothink|summary_prompt|N1|238,Qwen3-1.7B-nothink,summary_prompt,1,partC_Qwen3-1.7B-nothink__summary_prompt__N1.json,238,10
Qwen3-1.7B-nothink|summary_prompt|N1|239,Qwen3-1.7B-nothink,summary_prompt,1,partC_Qwen3-1.7B-nothink__summary_prompt__N1.json,239,10
Qwen3-1.7B-nothink|summary_prompt|N1|240,Qwen3-1.7B-nothink,summary_prompt,1,partC_Qwen3-1.7B-nothink__summary_prompt__N1.json,240,10
Qwen3-1.7B-nothink|summary_prompt|N1|241,Qwen3-1.7B-nothink,summary_prompt,1,partC_Qwen3-1.7B-nothink__summary_prompt__N1.json,241,9
Qwen3-1.7B-nothink|summary_prompt|N1|242,Qwen3-1.7B-nothink,summary_prompt,1,partC_Qwen3-1.7B-nothink__summary_prompt__N1.json,242,9
Qwen3-1.7B-nothink|summary_prompt|N1|243,Qwen3-1.7B-nothink,summary_prompt,1,partC_Qwen3-1.7B-nothink__summary_prompt__N1.json,243,10
Qwen3-1.7B-nothink|summary_prompt|N1|244,Qwen3-1.7B-nothink,summary_prompt,1,partC_Qwen3-1.7B-nothink__summary_prompt__N1.json,244,10
Qwen3-1.7B-nothink|summary_prompt|N1|245,Qwen3-1.7B-nothink,summary_prompt,1,partC_Qwen3-1.7B-nothink__summary_prompt__N1.json,245,10
Qwen3-1.7B-nothink|summary_prompt|N1|246,Qwen3-1.7B-nothink,summary_prompt,1,partC_Qwen3-1.7B-nothink__summary_prompt__N1.json,246,9
Qwen3-1.7B-nothink|summary_prompt|N1|247,Qwen3-1.7B-nothink,summary_prompt,1,partC_Qwen3-1.7B-nothink__summary_prompt__N1.json,247,9
Qwen3-1.7B-nothink|summary_prompt|N1|248,Qwen3-1.7B-nothink,summary_prompt,1,partC_Qwen3-1.7B-nothink__summary_prompt__N1.json,248,10
Qwen3-1.7B-nothink|summary_prompt|N1|249,Qwen3-1.7B-nothink,summary_prompt,1,partC_Qwen3-1.7B-nothink__summary_prompt__N1.json,249,9
Qwen3-1.7B-nothink|summary_prompt|N1|250,Qwen3-1.7B-nothink,summary_prompt,1,partC_Qwen3-1.7B-nothink__summary_prompt__N1.json,250,10
Qwen3-1.7B-nothink|summary_prompt|N1|251,Qwen3-1.7B-nothink,summary_prompt,1,partC_Qwen3-1.7B-nothink__summary_prompt__N1.json,251,9
Qwen3-1.7B-nothink|summary_prompt|N1|252,Qwen3-1.7B-nothink,summary_prompt,1,partC_Qwen3-1.7B-nothink__summary_prompt__N1.json,252,10
Qwen3-1.7B-nothink|summary_prompt|N1|253,Qwen3-1.7B-nothink,summary_prompt,1,partC_Qwen3-1.7B-nothink__summary_prompt__N1.json,253,9
Qwen3-1.7B-nothink|summary_prompt|N1|254,Qwen3-1.7B-nothink,summary_prompt,1,partC_Qwen3-1.7B-nothink__summary_prompt__N1.json,254,9
Qwen3-1.7B-nothink|summary_prompt|N1|255,Qwen3-1.7B-nothink,summary_prompt,1,partC_Qwen3-1.7B-nothink__summary_prompt__N1.json,255,9
Qwen3-1.7B-nothink|summary_prompt|N1|256,Qwen3-1.7B-nothink,summary_prompt,1,partC_Qwen3-1.7B-nothink__summary_prompt__N1.json,256,9
Qwen3-1.7B-nothink|summary_prompt|N1|257,Qwen3-1.7B-nothink,summary_prompt,1,partC_Qwen3-1.7B-nothink__summary_prompt__N1.json,257,9
Qwen3-1.7B-nothink|summary_prompt|N1|258,Qwen3-1.7B-nothink,summary_prompt,1,partC_Qwen3-1.7B-nothink__summary_prompt__N1.json,258,10
Qwen3-1.7B-nothink|summary_prompt|N1|259,Qwen3-1.7B-nothink,summary_prompt,1,partC_Qwen3-1.7B-nothink__summary_prompt__N1.json,259,10
Qwen3-1.7B-nothink|summary_prompt|N1|260,Qwen3-1.7B-nothink,summary_prompt,1,partC_Qwen3-1.7B-nothink__summary_prompt__N1.json,260,10
Qwen3-1.7B-nothink|summary_prompt|N1|261,Qwen3-1.7B-nothink,summary_prompt,1,partC_Qwen3-1.7B-nothink__summary_prompt__N1.json,261,10
Qwen3-1.7B-nothink|summary_prompt|N1|262,Qwen3-1.7B-nothink,summary_prompt,1,partC_Qwen3-1.7B-nothink__summary_prompt__N1.json,262,10
Qwen3-1.7B-nothink|summary_prompt|N1|263,Qwen3-1.7B-nothink,summary_prompt,1,partC_Qwen3-1.7B-nothink__summary_prompt__N1.json,263,6
Qwen3-1.7B-nothink|summary_prompt|N1|264,Qwen3-1.7B-nothink,summary_prompt,1,partC_Qwen3-1.7B-nothink__summary_prompt__N1.json,264,7
Qwen3-1.7B-nothink|summary_prompt|N1|265,Qwen3-1.7B-nothink,summary_prompt,1,partC_Qwen3-1.7B-nothink__summary_prompt__N1.json,265,9
Qwen3-1.7B-nothink|summary_prompt|N1|266,Qwen3-1.7B-nothink,summary_prompt,1,partC_Qwen3-1.7B-nothink__summary_prompt__N1.json,266,9
Qwen3-1.7B-nothink|summary_prompt|N1|267,Qwen3-1.7B-nothink,summary_prompt,1,partC_Qwen3-1.7B-nothink__summary_prompt__N1.json,267,10
Qwen3-1.7B-nothink|summary_prompt|N1|268,Qwen3-1.7B-nothink,summary_prompt,1,partC_Qwen3-1.7B-nothink__summary_prompt__N1.json,268,9
Qwen3-1.7B-nothink|summary_prompt|N1|269,Qwen3-1.7B-nothink,summary_prompt,1,partC_Qwen3-1.7B-nothink__summary_prompt__N1.json,269,9
Qwen3-1.7B-nothink|summary_prompt|N1|270,Qwen3-1.7B-nothink,summary_prompt,1,partC_Qwen3-1.7B-nothink__summary_prompt__N1.json,270,9
Qwen3-1.7B-nothink|summary_prompt|N1|271,Qwen3-1.7B-nothink,summary_prompt,1,partC_Qwen3-1.7B-nothink__summary_prompt__N1.json,271,9
Qwen3-1.7B-nothink|summary_prompt|N1|272,Qwen3-1.7B-nothink,summary_prompt,1,partC_Qwen3-1.7B-nothink__summary_prompt__N1.json,272,9
Qwen3-1.7B-nothink|summary_prompt|N1|273,Qwen3-1.7B-nothink,summary_prompt,1,partC_Qwen3-1.7B-nothink__summary_prompt__N1.json,273,9
Qwen3-1.7B-nothink|summary_prompt|N1|274,Qwen3-1.7B-nothink,summary_prompt,1,partC_Qwen3-1.7B-nothink__summary_prompt__N1.json,274,10
Qwen3-1.7B-nothink|summary_prompt|N1|275,Qwen3-1.7B-nothink,summary_prompt,1,partC_Qwen3-1.7B-nothink__summary_prompt__N1.json,275,9
Qwen3-1.7B-nothink|summary_prompt|N1|276,Qwen3-1.7B-nothink,summary_prompt,1,partC_Qwen3-1.7B-nothink__summary_prompt__N1.json,276,9
Qwen3-1.7B-nothink|summary_prompt|N1|277,Qwen3-1.7B-nothink,summary_prompt,1,partC_Qwen3-1.7B-nothink__summary_prompt__N1.json,277,9
Qwen3-1.7B-nothink|summary_prompt|N1|278,Qwen3-1.7B-nothink,summary_prompt,1,partC_Qwen3-1.7B-nothink__summary_prompt__N1.json,278,10
Qwen3-1.7B-nothink|summary_prompt|N1|279,Qwen3-1.7B-nothink,summary_prompt,1,partC_Qwen3-1.7B-nothink__summary_prompt__N1.json,279,10
Qwen3-1.7B-nothink|summary_prompt|N1|280,Qwen3-1.7B-nothink,summary_prompt,1,partC_Qwen3-1.7B-nothink__summary_prompt__N1.json,280,9
Qwen3-1.7B-nothink|summary_prompt|N1|281,Qwen3-1.7B-nothink,summary_prompt,1,partC_Qwen3-1.7B-nothink__summary_prompt__N1.json,281,9
Qwen3-1.7B-nothink|summary_prompt|N1|282,Qwen3-1.7B-nothink,summary_prompt,1,partC_Qwen3-1.7B-nothink__summary_prompt__N1.json,282,9
Qwen3-1.7B-nothink|summary_prompt|N1|283,Qwen3-1.7B-nothink,summary_prompt,1,partC_Qwen3-1.7B-nothink__summary_prompt__N1.json,283,9
Qwen3-1.7B-nothink|summary_prompt|N1|284,Qwen3-1.7B-nothink,summary_prompt,1,partC_Qwen3-1.7B-nothink__summary_prompt__N1.json,284,9
Qwen3-1.7B-nothink|summary_prompt|N1|285,Qwen3-1.7B-nothink,summary_prompt,1,partC_Qwen3-1.7B-nothink__summary_prompt__N1.json,285,7
Qwen3-1.7B-nothink|summary_prompt|N1|286,Qwen3-1.7B-nothink,summary_prompt,1,partC_Qwen3-1.7B-nothink__summary_prompt__N1.json,286,9
Qwen3-1.7B-nothink|summary_prompt|N1|287,Qwen3-1.7B-nothink,summary_prompt,1,partC_Qwen3-1.7B-nothink__summary_prompt__N1.json,287,9
Qwen3-1.7B-nothink|summary_prompt|N1|288,Qwen3-1.7B-nothink,summary_prompt,1,partC_Qwen3-1.7B-nothink__summary_prompt__N1.json,288,9
Qwen3-1.7B-nothink|summary_prompt|N1|289,Qwen3-1.7B-nothink,summary_prompt,1,partC_Qwen3-1.7B-nothink__summary_prompt__N1.json,289,9
Qwen3-1.7B-nothink|summary_prompt|N1|290,Qwen3-1.7B-nothink,summary_prompt,1,partC_Qwen3-1.7B-nothink__summary_prompt__N1.json,290,9
Qwen3-1.7B-nothink|summary_prompt|N1|291,Qwen3-1.7B-nothink,summary_prompt,1,partC_Qwen3-1.7B-nothink__summary_prompt__N1.json,291,9
Qwen3-1.7B-nothink|summary_prompt|N1|292,Qwen3-1.7B-nothink,summary_prompt,1,partC_Qwen3-1.7B-nothink__summary_prompt__N1.json,292,9
Qwen3-1.7B-nothink|summary_prompt|N1|293,Qwen3-1.7B-nothink,summary_prompt,1,partC_Qwen3-1.7B-nothink__summary_prompt__N1.json,293,7
Qwen3-1.7B-nothink|summary_prompt|N1|294,Qwen3-1.7B-nothink,summary_prompt,1,partC_Qwen3-1.7B-nothink__summary_prompt__N1.json,294,9
Qwen3-1.7B-nothink|summary_prompt|N1|295,Qwen3-1.7B-nothink,summary_prompt,1,partC_Qwen3-1.7B-nothink__summary_prompt__N1.json,295,9
Qwen3-1.7B-nothink|summary_prompt|N1|296,Qwen3-1.7B-nothink,summary_prompt,1,partC_Qwen3-1.7B-nothink__summary_prompt__N1.json,296,9
Qwen3-1.7B-nothink|summary_prompt|N1|297,Qwen3-1.7B-nothink,summary_prompt,1,partC_Qwen3-1.7B-nothink__summary_prompt__N1.json,297,9
Qwen3-1.7B-nothink|summary_prompt|N1|298,Qwen3-1.7B-nothink,summary_prompt,1,partC_Qwen3-1.7B-nothink__summary_prompt__N1.json,298,9
Qwen3-1.7B-nothink|summary_prompt|N1|299,Qwen3-1.7B-nothink,summary_prompt,1,partC_Qwen3-1.7B-nothink__summary_prompt__N1.json,299,9
Qwen3-1.7B-nothink|summary_prompt|N1|300,Qwen3-1.7B-nothink,summary_prompt,1,partC_Qwen3-1.7B-nothink__summary_prompt__N1.json,300,10
Qwen3-1.7B-nothink|summary_prompt|N1|301,Qwen3-1.7B-nothink,summary_prompt,1,partC_Qwen3-1.7B-nothink__summary_prompt__N1.json,301,9
Qwen3-1.7B-nothink|summary_prompt|N1|302,Qwen3-1.7B-nothink,summary_prompt,1,partC_Qwen3-1.7B-nothink__summary_prompt__N1.json,302,10
Qwen3-1.7B-nothink|summary_prompt|N1|303,Qwen3-1.7B-nothink,summary_prompt,1,partC_Qwen3-1.7B-nothink__summary_prompt__N1.json,303,9
Qwen3-1.7B-nothink|summary_prompt|N1|304,Qwen3-1.7B-nothink,summary_prompt,1,partC_Qwen3-1.7B-nothink__summary_prompt__N1.json,304,9
Qwen3-1.7B-nothink|summary_prompt|N1|305,Qwen3-1.7B-nothink,summary_prompt,1,partC_Qwen3-1.7B-nothink__summary_prompt__N1.json,305,9
Qwen3-1.7B-nothink|summary_prompt|N1|306,Qwen3-1.7B-nothink,summary_prompt,1,partC_Qwen3-1.7B-nothink__summary_prompt__N1.json,306,9
Qwen3-1.7B-nothink|summary_prompt|N1|307,Qwen3-1.7B-nothink,summary_prompt,1,partC_Qwen3-1.7B-nothink__summary_prompt__N1.json,307,9
Qwen3-1.7B-nothink|summary_prompt|N1|308,Qwen3-1.7B-nothink,summary_prompt,1,partC_Qwen3-1.7B-nothink__summary_prompt__N1.json,308,10
Qwen3-1.7B-nothink|summary_prompt|N1|309,Qwen3-1.7B-nothink,summary_prompt,1,partC_Qwen3-1.7B-nothink__summary_prompt__N1.json,309,9
Qwen3-1.7B-nothink|summary_prompt|N1|310,Qwen3-1.7B-nothink,summary_prompt,1,partC_Qwen3-1.7B-nothink__summary_prompt__N1.json,310,9
Qwen3-1.7B-nothink|summary_prompt|N1|311,Qwen3-1.7B-nothink,summary_prompt,1,partC_Qwen3-1.7B-nothink__summary_prompt__N1.json,311,10
Qwen3-1.7B-nothink|summary_prompt|N1|312,Qwen3-1.7B-nothink,summary_prompt,1,partC_Qwen3-1.7B-nothink__summary_prompt__N1.json,312,9
Qwen3-1.7B-nothink|summary_prompt|N1|313,Qwen3-1.7B-nothink,summary_prompt,1,partC_Qwen3-1.7B-nothink__summary_prompt__N1.json,313,9
Qwen3-1.7B-nothink|summary_prompt|N1|314,Qwen3-1.7B-nothink,summary_prompt,1,partC_Qwen3-1.7B-nothink__summary_prompt__N1.json,314,9
Qwen3-1.7B-nothink|summary_prompt|N1|315,Qwen3-1.7B-nothink,summary_prompt,1,partC_Qwen3-1.7B-nothink__summary_prompt__N1.json,315,9
Qwen3-1.7B-nothink|summary_prompt|N1|316,Qwen3-1.7B-nothink,summary_prompt,1,partC_Qwen3-1.7B-nothink__summary_prompt__N1.json,316,9
Qwen3-1.7B-nothink|summary_prompt|N1|317,Qwen3-1.7B-nothink,summary_prompt,1,partC_Qwen3-1.7B-nothink__summary_prompt__N1.json,317,9
Qwen3-1.7B-nothink|summary_prompt|N1|318,Qwen3-1.7B-nothink,summary_prompt,1,partC_Qwen3-1.7B-nothink__summary_prompt__N1.json,318,9
Qwen3-1.7B-nothink|summary_prompt|N1|319,Qwen3-1.7B-nothink,summary_prompt,1,partC_Qwen3-1.7B-nothink__summary_prompt__N1.json,319,9
Qwen3-1.7B-nothink|summary_prompt|N1|320,Qwen3-1.7B-nothink,summary_prompt,1,partC_Qwen3-1.7B-nothink__summary_prompt__N1.json,320,9
Qwen3-1.7B-nothink|summary_prompt|N1|321,Qwen3-1.7B-nothink,summary_prompt,1,partC_Qwen3-1.7B-nothink__summary_prompt__N1.json,321,9
Qwen3-1.7B-nothink|summary_prompt|N1|322,Qwen3-1.7B-nothink,summary_prompt,1,partC_Qwen3-1.7B-nothink__summary_prompt__N1.json,322,4
Qwen3-1.7B-nothink|summary_prompt|N1|323,Qwen3-1.7B-nothink,summary_prompt,1,partC_Qwen3-1.7B-nothink__summary_prompt__N1.json,323,9
Qwen3-1.7B-nothink|summary_prompt|N1|324,Qwen3-1.7B-nothink,summary_prompt,1,partC_Qwen3-1.7B-nothink__summary_prompt__N1.json,324,9
Qwen3-1.7B-nothink|summary_prompt|N1|325,Qwen3-1.7B-nothink,summary_prompt,1,partC_Qwen3-1.7B-nothink__summary_prompt__N1.json,325,4
Qwen3-1.7B-nothink|summary_prompt|N1|326,Qwen3-1.7B-nothink,summary_prompt,1,partC_Qwen3-1.7B-nothink__summary_prompt__N1.json,326,9
Qwen3-1.7B-nothink|summary_prompt|N1|327,Qwen3-1.7B-nothink,summary_prompt,1,partC_Qwen3-1.7B-nothink__summary_prompt__N1.json,327,9
Qwen3-1.7B-nothink|summary_prompt|N1|328,Qwen3-1.7B-nothink,summary_prompt,1,partC_Qwen3-1.7B-nothink__summary_prompt__N1.json,328,9
Qwen3-1.7B-nothink|summary_prompt|N1|329,Qwen3-1.7B-nothink,summary_prompt,1,partC_Qwen3-1.7B-nothink__summary_prompt__N1.json,329,6
Qwen3-1.7B-nothink|summary_prompt|N1|330,Qwen3-1.7B-nothink,summary_prompt,1,partC_Qwen3-1.7B-nothink__summary_prompt__N1.json,330,9
Qwen3-1.7B-nothink|summary_prompt|N1|331,Qwen3-1.7B-nothink,summary_prompt,1,partC_Qwen3-1.7B-nothink__summary_prompt__N1.json,331,9
Qwen3-1.7B-nothink|summary_prompt|N1|332,Qwen3-1.7B-nothink,summary_prompt,1,partC_Qwen3-1.7B-nothink__summary_prompt__N1.json,332,4
Qwen3-1.7B-nothink|summary_prompt|N1|333,Qwen3-1.7B-nothink,summary_prompt,1,partC_Qwen3-1.7B-nothink__summary_prompt__N1.json,333,9
Qwen3-1.7B-nothink|summary_prompt|N1|334,Qwen3-1.7B-nothink,summary_prompt,1,partC_Qwen3-1.7B-nothink__summary_prompt__N1.json,334,9
Qwen3-1.7B-nothink|summary_prompt|N1|335,Qwen3-1.7B-nothink,summary_prompt,1,partC_Qwen3-1.7B-nothink__summary_prompt__N1.json,335,9
Qwen3-1.7B-nothink|summary_prompt|N1|336,Qwen3-1.7B-nothink,summary_prompt,1,partC_Qwen3-1.7B-nothink__summary_prompt__N1.json,336,9
Qwen3-1.7B-nothink|summary_prompt|N1|337,Qwen3-1.7B-nothink,summary_prompt,1,partC_Qwen3-1.7B-nothink__summary_prompt__N1.json,337,9
Qwen3-1.7B-nothink|summary_prompt|N1|338,Qwen3-1.7B-nothink,summary_prompt,1,partC_Qwen3-1.7B-nothink__summary_prompt__N1.json,338,9
Qwen3-1.7B-nothink|summary_prompt|N1|339,Qwen3-1.7B-nothink,summary_prompt,1,partC_Qwen3-1.7B-nothink__summary_prompt__N1.json,339,9
Qwen3-1.7B-nothink|summary_prompt|N1|340,Qwen3-1.7B-nothink,summary_prompt,1,partC_Qwen3-1.7B-nothink__summary_prompt__N1.json,340,9
Qwen3-1.7B-nothink|summary_prompt|N1|341,Qwen3-1.7B-nothink,summary_prompt,1,partC_Qwen3-1.7B-nothink__summary_prompt__N1.json,341,6
Qwen3-1.7B-nothink|summary_prompt|N1|342,Qwen3-1.7B-nothink,summary_prompt,1,partC_Qwen3-1.7B-nothink__summary_prompt__N1.json,342,9
Qwen3-1.7B-nothink|summary_prompt|N1|343,Qwen3-1.7B-nothink,summary_prompt,1,partC_Qwen3-1.7B-nothink__summary_prompt__N1.json,343,1
Qwen3-1.7B-nothink|summary_prompt|N1|344,Qwen3-1.7B-nothink,summary_prompt,1,partC_Qwen3-1.7B-nothink__summary_prompt__N1.json,344,9
Qwen3-1.7B-nothink|summary_prompt|N1|345,Qwen3-1.7B-nothink,summary_prompt,1,partC_Qwen3-1.7B-nothink__summary_prompt__N1.json,345,7
Qwen3-1.7B-nothink|summary_prompt|N1|346,Qwen3-1.7B-nothink,summary_prompt,1,partC_Qwen3-1.7B-nothink__summary_prompt__N1.json,346,9
Qwen3-1.7B-nothink|summary_prompt|N1|347,Qwen3-1.7B-nothink,summary_prompt,1,partC_Qwen3-1.7B-nothink__summary_prompt__N1.json,347,9
Qwen3-1.7B-nothink|summary_prompt|N1|348,Qwen3-1.7B-nothink,summary_prompt,1,partC_Qwen3-1.7B-nothink__summary_prompt__N1.json,348,9
Qwen3-1.7B-nothink|summary_prompt|N1|349,Qwen3-1.7B-nothink,summary_prompt,1,partC_Qwen3-1.7B-nothink__summary_prompt__N1.json,349,9
Qwen3-1.7B-nothink|summary_prompt|N1|350,Qwen3-1.7B-nothink,summary_prompt,1,partC_Qwen3-1.7B-nothink__summary_prompt__N1.json,350,9
Qwen3-1.7B-nothink|summary_prompt|N1|351,Qwen3-1.7B-nothink,summary_prompt,1,partC_Qwen3-1.7B-nothink__summary_prompt__N1.json,351,8
Qwen3-1.7B-nothink|summary_prompt|N1|352,Qwen3-1.7B-nothink,summary_prompt,1,partC_Qwen3-1.7B-nothink__summary_prompt__N1.json,352,9
Qwen3-1.7B-nothink|summary_prompt|N1|353,Qwen3-1.7B-nothink,summary_prompt,1,partC_Qwen3-1.7B-nothink__summary_prompt__N1.json,353,9
Qwen3-1.7B-nothink|summary_prompt|N1|354,Qwen3-1.7B-nothink,summary_prompt,1,partC_Qwen3-1.7B-nothink__summary_prompt__N1.json,354,9
Qwen3-1.7B-nothink|summary_prompt|N1|355,Qwen3-1.7B-nothink,summary_prompt,1,partC_Qwen3-1.7B-nothink__summary_prompt__N1.json,355,9
Qwen3-1.7B-nothink|summary_prompt|N1|356,Qwen3-1.7B-nothink,summary_prompt,1,partC_Qwen3-1.7B-nothink__summary_prompt__N1.json,356,9
Qwen3-1.7B-nothink|summary_prompt|N1|357,Qwen3-1.7B-nothink,summary_prompt,1,partC_Qwen3-1.7B-nothink__summary_prompt__N1.json,357,8
Qwen3-1.7B-nothink|summary_prompt|N1|358,Qwen3-1.7B-nothink,summary_prompt,1,partC_Qwen3-1.7B-nothink__summary_prompt__N1.json,358,9
Qwen3-1.7B-nothink|summary_prompt|N1|359,Qwen3-1.7B-nothink,summary_prompt,1,partC_Qwen3-1.7B-nothink__summary_prompt__N1.json,359,9
Qwen3-1.7B-nothink|summary_prompt|N1|360,Qwen3-1.7B-nothink,summary_prompt,1,partC_Qwen3-1.7B-nothink__summary_prompt__N1.json,360,9
Qwen3-1.7B-nothink|summary_prompt|N1|361,Qwen3-1.7B-nothink,summary_prompt,1,partC_Qwen3-1.7B-nothink__summary_prompt__N1.json,361,9
Qwen3-1.7B-nothink|summary_prompt|N1|362,Qwen3-1.7B-nothink,summary_prompt,1,partC_Qwen3-1.7B-nothink__summary_prompt__N1.json,362,9
Qwen3-1.7B-nothink|summary_prompt|N1|363,Qwen3-1.7B-nothink,summary_prompt,1,partC_Qwen3-1.7B-nothink__summary_prompt__N1.json,363,9
Qwen3-1.7B-nothink|summary_prompt|N1|364,Qwen3-1.7B-nothink,summary_prompt,1,partC_Qwen3-1.7B-nothink__summary_prompt__N1.json,364,9
Qwen3-1.7B-nothink|summary_prompt|N1|365,Qwen3-1.7B-nothink,summary_prompt,1,partC_Qwen3-1.7B-nothink__summary_prompt__N1.json,365,9
Qwen3-1.7B-nothink|summary_prompt|N1|366,Qwen3-1.7B-nothink,summary_prompt,1,partC_Qwen3-1.7B-nothink__summary_prompt__N1.json,366,9
Qwen3-1.7B-nothink|summary_prompt|N1|367,Qwen3-1.7B-nothink,summary_prompt,1,partC_Qwen3-1.7B-nothink__summary_prompt__N1.json,367,9
Qwen3-1.7B-nothink|summary_prompt|N1|368,Qwen3-1.7B-nothink,summary_prompt,1,partC_Qwen3-1.7B-nothink__summary_prompt__N1.json,368,9
Qwen3-1.7B-nothink|summary_prompt|N1|369,Qwen3-1.7B-nothink,summary_prompt,1,partC_Qwen3-1.7B-nothink__summary_prompt__N1.json,369,9
Qwen3-1.7B-nothink|summary_prompt|N1|370,Qwen3-1.7B-nothink,summary_prompt,1,partC_Qwen3-1.7B-nothink__summary_prompt__N1.json,370,9
Qwen3-1.7B-nothink|summary_prompt|N1|371,Qwen3-1.7B-nothink,summary_prompt,1,partC_Qwen3-1.7B-nothink__summary_prompt__N1.json,371,9
Qwen3-1.7B-nothink|summary_prompt|N1|372,Qwen3-1.7B-nothink,summary_prompt,1,partC_Qwen3-1.7B-nothink__summary_prompt__N1.json,372,9
Qwen3-1.7B-nothink|summary_prompt|N1|373,Qwen3-1.7B-nothink,summary_prompt,1,partC_Qwen3-1.7B-nothink__summary_prompt__N1.json,373,9
Qwen3-1.7B-nothink|summary_prompt|N1|374,Qwen3-1.7B-nothink,summary_prompt,1,partC_Qwen3-1.7B-nothink__summary_prompt__N1.json,374,9
Qwen3-1.7B-nothink|summary_prompt|N1|375,Qwen3-1.7B-nothink,summary_prompt,1,partC_Qwen3-1.7B-nothink__summary_prompt__N1.json,375,9
Qwen3-1.7B-nothink|summary_prompt|N1|376,Qwen3-1.7B-nothink,summary_prompt,1,partC_Qwen3-1.7B-nothink__summary_prompt__N1.json,376,7
Qwen3-1.7B-nothink|summary_prompt|N1|377,Qwen3-1.7B-nothink,summary_prompt,1,partC_Qwen3-1.7B-nothink__summary_prompt__N1.json,377,9
Qwen3-1.7B-nothink|summary_prompt|N1|378,Qwen3-1.7B-nothink,summary_prompt,1,partC_Qwen3-1.7B-nothink__summary_prompt__N1.json,378,9
Qwen3-1.7B-nothink|summary_prompt|N1|379,Qwen3-1.7B-nothink,summary_prompt,1,partC_Qwen3-1.7B-nothink__summary_prompt__N1.json,379,9
Qwen3-1.7B-nothink|summary_prompt|N1|380,Qwen3-1.7B-nothink,summary_prompt,1,partC_Qwen3-1.7B-nothink__summary_prompt__N1.json,380,9
Qwen3-1.7B-nothink|summary_prompt|N1|381,Qwen3-1.7B-nothink,summary_prompt,1,partC_Qwen3-1.7B-nothink__summary_prompt__N1.json,381,9
Qwen3-1.7B-nothink|summary_prompt|N1|382,Qwen3-1.7B-nothink,summary_prompt,1,partC_Qwen3-1.7B-nothink__summary_prompt__N1.json,382,9
Qwen3-1.7B-nothink|summary_prompt|N1|383,Qwen3-1.7B-nothink,summary_prompt,1,partC_Qwen3-1.7B-nothink__summary_prompt__N1.json,383,10
Qwen3-1.7B-nothink|summary_prompt|N1|384,Qwen3-1.7B-nothink,summary_prompt,1,partC_Qwen3-1.7B-nothink__summary_prompt__N1.json,384,9
Qwen3-1.7B-nothink|summary_prompt|N1|385,Qwen3-1.7B-nothink,summary_prompt,1,partC_Qwen3-1.7B-nothink__summary_prompt__N1.json,385,9
Qwen3-1.7B-nothink|summary_prompt|N1|386,Qwen3-1.7B-nothink,summary_prompt,1,partC_Qwen3-1.7B-nothink__summary_prompt__N1.json,386,9
Qwen3-1.7B-nothink|summary_prompt|N1|387,Qwen3-1.7B-nothink,summary_prompt,1,partC_Qwen3-1.7B-nothink__summary_prompt__N1.json,387,9
Qwen3-1.7B-nothink|summary_prompt|N1|388,Qwen3-1.7B-nothink,summary_prompt,1,partC_Qwen3-1.7B-nothink__summary_prompt__N1.json,388,9
Qwen3-1.7B-nothink|summary_prompt|N1|389,Qwen3-1.7B-nothink,summary_prompt,1,partC_Qwen3-1.7B-nothink__summary_prompt__N1.json,389,9
Qwen3-1.7B-nothink|summary_prompt|N1|390,Qwen3-1.7B-nothink,summary_prompt,1,partC_Qwen3-1.7B-nothink__summary_prompt__N1.json,390,9
Qwen3-1.7B-nothink|summary_prompt|N1|391,Qwen3-1.7B-nothink,summary_prompt,1,partC_Qwen3-1.7B-nothink__summary_prompt__N1.json,391,9
Qwen3-1.7B-nothink|summary_prompt|N1|392,Qwen3-1.7B-nothink,summary_prompt,1,partC_Qwen3-1.7B-nothink__summary_prompt__N1.json,392,9
Qwen3-1.7B-nothink|summary_prompt|N1|393,Qwen3-1.7B-nothink,summary_prompt,1,partC_Qwen3-1.7B-nothink__summary_prompt__N1.json,393,9
Qwen3-1.7B-nothink|summary_prompt|N1|394,Qwen3-1.7B-nothink,summary_prompt,1,partC_Qwen3-1.7B-nothink__summary_prompt__N1.json,394,10
Qwen3-1.7B-nothink|summary_prompt|N1|395,Qwen3-1.7B-nothink,summary_prompt,1,partC_Qwen3-1.7B-nothink__summary_prompt__N1.json,395,9
Qwen3-1.7B-nothink|summary_prompt|N1|396,Qwen3-1.7B-nothink,summary_prompt,1,partC_Qwen3-1.7B-nothink__summary_prompt__N1.json,396,9
Qwen3-1.7B-nothink|summary_prompt|N1|397,Qwen3-1.7B-nothink,summary_prompt,1,partC_Qwen3-1.7B-nothink__summary_prompt__N1.json,397,9
Qwen3-1.7B-nothink|summary_prompt|N1|398,Qwen3-1.7B-nothink,summary_prompt,1,partC_Qwen3-1.7B-nothink__summary_prompt__N1.json,398,9
Qwen3-1.7B-nothink|summary_prompt|N1|399,Qwen3-1.7B-nothink,summary_prompt,1,partC_Qwen3-1.7B-nothink__summary_prompt__N1.json,399,9
Qwen3-1.7B-nothink|summary_prompt|N1|400,Qwen3-1.7B-nothink,summary_prompt,1,partC_Qwen3-1.7B-nothink__summary_prompt__N1.json,400,10
Qwen3-1.7B-nothink|summary_prompt|N1|401,Qwen3-1.7B-nothink,summary_prompt,1,partC_Qwen3-1.7B-nothink__summary_prompt__N1.json,401,9
Qwen3-1.7B-nothink|summary_prompt|N1|402,Qwen3-1.7B-nothink,summary_prompt,1,partC_Qwen3-1.7B-nothink__summary_prompt__N1.json,402,10
Qwen3-1.7B-nothink|summary_prompt|N1|403,Qwen3-1.7B-nothink,summary_prompt,1,partC_Qwen3-1.7B-nothink__summary_prompt__N1.json,403,9
Qwen3-1.7B-nothink|summary_prompt|N1|404,Qwen3-1.7B-nothink,summary_prompt,1,partC_Qwen3-1.7B-nothink__summary_prompt__N1.json,404,10
Qwen3-1.7B-nothink|summary_prompt|N1|405,Qwen3-1.7B-nothink,summary_prompt,1,partC_Qwen3-1.7B-nothink__summary_prompt__N1.json,405,9
Qwen3-1.7B-nothink|summary_prompt|N1|406,Qwen3-1.7B-nothink,summary_prompt,1,partC_Qwen3-1.7B-nothink__summary_prompt__N1.json,406,9
Qwen3-1.7B-nothink|summary_prompt|N1|407,Qwen3-1.7B-nothink,summary_prompt,1,partC_Qwen3-1.7B-nothink__summary_prompt__N1.json,407,10
Qwen3-1.7B-nothink|summary_prompt|N1|408,Qwen3-1.7B-nothink,summary_prompt,1,partC_Qwen3-1.7B-nothink__summary_prompt__N1.json,408,9
Qwen3-1.7B-nothink|summary_prompt|N1|409,Qwen3-1.7B-nothink,summary_prompt,1,partC_Qwen3-1.7B-nothink__summary_prompt__N1.json,409,10
Qwen3-1.7B-nothink|summary_prompt|N1|410,Qwen3-1.7B-nothink,summary_prompt,1,partC_Qwen3-1.7B-nothink__summary_prompt__N1.json,410,9
Qwen3-1.7B-nothink|summary_prompt|N1|411,Qwen3-1.7B-nothink,summary_prompt,1,partC_Qwen3-1.7B-nothink__summary_prompt__N1.json,411,10
Qwen3-1.7B-nothink|summary_prompt|N1|412,Qwen3-1.7B-nothink,summary_prompt,1,partC_Qwen3-1.7B-nothink__summary_prompt__N1.json,412,10
Qwen3-1.7B-nothink|summary_prompt|N1|413,Qwen3-1.7B-nothink,summary_prompt,1,partC_Qwen3-1.7B-nothink__summary_prompt__N1.json,413,9
Qwen3-1.7B-nothink|summary_prompt|N1|414,Qwen3-1.7B-nothink,summary_prompt,1,partC_Qwen3-1.7B-nothink__summary_prompt__N1.json,414,9
Qwen3-1.7B-nothink|summary_prompt|N1|415,Qwen3-1.7B-nothink,summary_prompt,1,partC_Qwen3-1.7B-nothink__summary_prompt__N1.json,415,9
Qwen3-1.7B-nothink|summary_prompt|N1|416,Qwen3-1.7B-nothink,summary_prompt,1,partC_Qwen3-1.7B-nothink__summary_prompt__N1.json,416,10
Qwen3-1.7B-nothink|summary_prompt|N1|417,Qwen3-1.7B-nothink,summary_prompt,1,partC_Qwen3-1.7B-nothink__summary_prompt__N1.json,417,10
Qwen3-1.7B-nothink|summary_prompt|N1|418,Qwen3-1.7B-nothink,summary_prompt,1,partC_Qwen3-1.7B-nothink__summary_prompt__N1.json,418,10
Qwen3-1.7B-nothink|summary_prompt|N1|419,Qwen3-1.7B-nothink,summary_prompt,1,partC_Qwen3-1.7B-nothink__summary_prompt__N1.json,419,8
Qwen3-1.7B-nothink|summary_prompt|N1|420,Qwen3-1.7B-nothink,summary_prompt,1,partC_Qwen3-1.7B-nothink__summary_prompt__N1.json,420,10
Qwen3-1.7B-nothink|summary_prompt|N1|421,Qwen3-1.7B-nothink,summary_prompt,1,partC_Qwen3-1.7B-nothink__summary_prompt__N1.json,421,9
Qwen3-1.7B-nothink|summary_prompt|N1|422,Qwen3-1.7B-nothink,summary_prompt,1,partC_Qwen3-1.7B-nothink__summary_prompt__N1.json,422,10
Qwen3-1.7B-nothink|summary_prompt|N1|423,Qwen3-1.7B-nothink,summary_prompt,1,partC_Qwen3-1.7B-nothink__summary_prompt__N1.json,423,9
Qwen3-1.7B-nothink|summary_prompt|N1|424,Qwen3-1.7B-nothink,summary_prompt,1,partC_Qwen3-1.7B-nothink__summary_prompt__N1.json,424,9
Qwen3-1.7B-nothink|summary_prompt|N1|425,Qwen3-1.7B-nothink,summary_prompt,1,partC_Qwen3-1.7B-nothink__summary_prompt__N1.json,425,10
Qwen3-1.7B-nothink|summary_prompt|N1|426,Qwen3-1.7B-nothink,summary_prompt,1,partC_Qwen3-1.7B-nothink__summary_prompt__N1.json,426,10
Qwen3-1.7B-nothink|summary_prompt|N1|427,Qwen3-1.7B-nothink,summary_prompt,1,partC_Qwen3-1.7B-nothink__summary_prompt__N1.json,427,7
Qwen3-1.7B-nothink|summary_prompt|N1|428,Qwen3-1.7B-nothink,summary_prompt,1,partC_Qwen3-1.7B-nothink__summary_prompt__N1.json,428,10
Qwen3-1.7B-nothink|summary_prompt|N1|429,Qwen3-1.7B-nothink,summary_prompt,1,partC_Qwen3-1.7B-nothink__summary_prompt__N1.json,429,10
Qwen3-1.7B-nothink|summary_prompt|N1|430,Qwen3-1.7B-nothink,summary_prompt,1,partC_Qwen3-1.7B-nothink__summary_prompt__N1.json,430,9
Qwen3-1.7B-nothink|summary_prompt|N1|431,Qwen3-1.7B-nothink,summary_prompt,1,partC_Qwen3-1.7B-nothink__summary_prompt__N1.json,431,10
Qwen3-1.7B-nothink|summary_prompt|N1|432,Qwen3-1.7B-nothink,summary_prompt,1,partC_Qwen3-1.7B-nothink__summary_prompt__N1.json,432,9
Qwen3-1.7B-nothink|summary_prompt|N1|433,Qwen3-1.7B-nothink,summary_prompt,1,partC_Qwen3-1.7B-nothink__summary_prompt__N1.json,433,9
Qwen3-1.7B-nothink|summary_prompt|N1|434,Qwen3-1.7B-nothink,summary_prompt,1,partC_Qwen3-1.7B-nothink__summary_prompt__N1.json,434,9
Qwen3-1.7B-nothink|summary_prompt|N1|435,Qwen3-1.7B-nothink,summary_prompt,1,partC_Qwen3-1.7B-nothink__summary_prompt__N1.json,435,9
Qwen3-1.7B-nothink|summary_prompt|N1|436,Qwen3-1.7B-nothink,summary_prompt,1,partC_Qwen3-1.7B-nothink__summary_prompt__N1.json,436,9
Qwen3-1.7B-nothink|summary_prompt|N1|437,Qwen3-1.7B-nothink,summary_prompt,1,partC_Qwen3-1.7B-nothink__summary_prompt__N1.json,437,10
Qwen3-1.7B-nothink|summary_prompt|N1|438,Qwen3-1.7B-nothink,summary_prompt,1,partC_Qwen3-1.7B-nothink__summary_prompt__N1.json,438,10
Qwen3-1.7B-nothink|summary_prompt|N1|439,Qwen3-1.7B-nothink,summary_prompt,1,partC_Qwen3-1.7B-nothink__summary_prompt__N1.json,439,10
Qwen3-1.7B-nothink|summary_prompt|N1|440,Qwen3-1.7B-nothink,summary_prompt,1,partC_Qwen3-1.7B-nothink__summary_prompt__N1.json,440,9
Qwen3-1.7B-nothink|summary_prompt|N1|441,Qwen3-1.7B-nothink,summary_prompt,1,partC_Qwen3-1.7B-nothink__summary_prompt__N1.json,441,9
Qwen3-1.7B-nothink|summary_prompt|N1|442,Qwen3-1.7B-nothink,summary_prompt,1,partC_Qwen3-1.7B-nothink__summary_prompt__N1.json,442,9
Qwen3-1.7B-nothink|summary_prompt|N1|443,Qwen3-1.7B-nothink,summary_prompt,1,partC_Qwen3-1.7B-nothink__summary_prompt__N1.json,443,9
Qwen3-1.7B-nothink|summary_prompt|N1|444,Qwen3-1.7B-nothink,summary_prompt,1,partC_Qwen3-1.7B-nothink__summary_prompt__N1.json,444,9
Qwen3-1.7B-nothink|summary_prompt|N1|445,Qwen3-1.7B-nothink,summary_prompt,1,partC_Qwen3-1.7B-nothink__summary_prompt__N1.json,445,9
Qwen3-1.7B-nothink|summary_prompt|N1|446,Qwen3-1.7B-nothink,summary_prompt,1,partC_Qwen3-1.7B-nothink__summary_prompt__N1.json,446,9
Qwen3-1.7B-nothink|summary_prompt|N1|447,Qwen3-1.7B-nothink,summary_prompt,1,partC_Qwen3-1.7B-nothink__summary_prompt__N1.json,447,9
Qwen3-1.7B-nothink|summary_prompt|N1|448,Qwen3-1.7B-nothink,summary_prompt,1,partC_Qwen3-1.7B-nothink__summary_prompt__N1.json,448,9
Qwen3-1.7B-nothink|summary_prompt|N1|449,Qwen3-1.7B-nothink,summary_prompt,1,partC_Qwen3-1.7B-nothink__summary_prompt__N1.json,449,9
Qwen3-1.7B-nothink|summary_prompt|N1|450,Qwen3-1.7B-nothink,summary_prompt,1,partC_Qwen3-1.7B-nothink__summary_prompt__N1.json,450,9
Qwen3-1.7B-nothink|summary_prompt|N1|451,Qwen3-1.7B-nothink,summary_prompt,1,partC_Qwen3-1.7B-nothink__summary_prompt__N1.json,451,9
Qwen3-1.7B-nothink|summary_prompt|N1|452,Qwen3-1.7B-nothink,summary_prompt,1,partC_Qwen3-1.7B-nothink__summary_prompt__N1.json,452,9
Qwen3-1.7B-nothink|summary_prompt|N1|453,Qwen3-1.7B-nothink,summary_prompt,1,partC_Qwen3-1.7B-nothink__summary_prompt__N1.json,453,9
Qwen3-1.7B-nothink|summary_prompt|N1|454,Qwen3-1.7B-nothink,summary_prompt,1,partC_Qwen3-1.7B-nothink__summary_prompt__N1.json,454,9
Qwen3-1.7B-nothink|summary_prompt|N1|455,Qwen3-1.7B-nothink,summary_prompt,1,partC_Qwen3-1.7B-nothink__summary_prompt__N1.json,455,9
Qwen3-1.7B-nothink|summary_prompt|N1|456,Qwen3-1.7B-nothink,summary_prompt,1,partC_Qwen3-1.7B-nothink__summary_prompt__N1.json,456,9
Qwen3-1.7B-nothink|summary_prompt|N1|457,Qwen3-1.7B-nothink,summary_prompt,1,partC_Qwen3-1.7B-nothink__summary_prompt__N1.json,457,9
Qwen3-1.7B-nothink|summary_prompt|N1|458,Qwen3-1.7B-nothink,summary_prompt,1,partC_Qwen3-1.7B-nothink__summary_prompt__N1.json,458,9
Qwen3-1.7B-nothink|summary_prompt|N1|459,Qwen3-1.7B-nothink,summary_prompt,1,partC_Qwen3-1.7B-nothink__summary_prompt__N1.json,459,9
Qwen3-1.7B-nothink|summary_prompt|N1|460,Qwen3-1.7B-nothink,summary_prompt,1,partC_Qwen3-1.7B-nothink__summary_prompt__N1.json,460,10
Qwen3-1.7B-nothink|summary_prompt|N1|461,Qwen3-1.7B-nothink,summary_prompt,1,partC_Qwen3-1.7B-nothink__summary_prompt__N1.json,461,10
Qwen3-1.7B-nothink|summary_prompt|N1|462,Qwen3-1.7B-nothink,summary_prompt,1,partC_Qwen3-1.7B-nothink__summary_prompt__N1.json,462,10
Qwen3-1.7B-nothink|summary_prompt|N1|463,Qwen3-1.7B-nothink,summary_prompt,1,partC_Qwen3-1.7B-nothink__summary_prompt__N1.json,463,10
Qwen3-1.7B-nothink|summary_prompt|N1|464,Qwen3-1.7B-nothink,summary_prompt,1,partC_Qwen3-1.7B-nothink__summary_prompt__N1.json,464,9
Qwen3-1.7B-nothink|summary_prompt|N1|465,Qwen3-1.7B-nothink,summary_prompt,1,partC_Qwen3-1.7B-nothink__summary_prompt__N1.json,465,10
Qwen3-1.7B-nothink|summary_prompt|N1|466,Qwen3-1.7B-nothink,summary_prompt,1,partC_Qwen3-1.7B-nothink__summary_prompt__N1.json,466,10
Qwen3-1.7B-nothink|summary_prompt|N1|467,Qwen3-1.7B-nothink,summary_prompt,1,partC_Qwen3-1.7B-nothink__summary_prompt__N1.json,467,6
Qwen3-1.7B-nothink|summary_prompt|N1|468,Qwen3-1.7B-nothink,summary_prompt,1,partC_Qwen3-1.7B-nothink__summary_prompt__N1.json,468,9
Qwen3-1.7B-nothink|summary_prompt|N1|469,Qwen3-1.7B-nothink,summary_prompt,1,partC_Qwen3-1.7B-nothink__summary_prompt__N1.json,469,10
Qwen3-1.7B-nothink|summary_prompt|N1|470,Qwen3-1.7B-nothink,summary_prompt,1,partC_Qwen3-1.7B-nothink__summary_prompt__N1.json,470,10
Qwen3-1.7B-nothink|summary_prompt|N1|471,Qwen3-1.7B-nothink,summary_prompt,1,partC_Qwen3-1.7B-nothink__summary_prompt__N1.json,471,9
Qwen3-1.7B-nothink|summary_prompt|N1|472,Qwen3-1.7B-nothink,summary_prompt,1,partC_Qwen3-1.7B-nothink__summary_prompt__N1.json,472,10
Qwen3-1.7B-nothink|summary_prompt|N1|473,Qwen3-1.7B-nothink,summary_prompt,1,partC_Qwen3-1.7B-nothink__summary_prompt__N1.json,473,9
Qwen3-1.7B-nothink|summary_prompt|N1|474,Qwen3-1.7B-nothink,summary_prompt,1,partC_Qwen3-1.7B-nothink__summary_prompt__N1.json,474,10
Qwen3-1.7B-nothink|summary_prompt|N1|475,Qwen3-1.7B-nothink,summary_prompt,1,partC_Qwen3-1.7B-nothink__summary_prompt__N1.json,475,7
Qwen3-1.7B-nothink|summary_prompt|N1|476,Qwen3-1.7B-nothink,summary_prompt,1,partC_Qwen3-1.7B-nothink__summary_prompt__N1.json,476,10
Qwen3-1.7B-nothink|summary_prompt|N1|477,Qwen3-1.7B-nothink,summary_prompt,1,partC_Qwen3-1.7B-nothink__summary_prompt__N1.json,477,10
Qwen3-1.7B-nothink|summary_prompt|N1|478,Qwen3-1.7B-nothink,summary_prompt,1,partC_Qwen3-1.7B-nothink__summary_prompt__N1.json,478,10
Qwen3-1.7B-nothink|summary_prompt|N1|479,Qwen3-1.7B-nothink,summary_prompt,1,partC_Qwen3-1.7B-nothink__summary_prompt__N1.json,479,10
Qwen3-1.7B-nothink|summary_prompt|N10|0,Qwen3-1.7B-nothink,summary_prompt,10,partC_Qwen3-1.7B-nothink__summary_prompt__N10.json,0,6
Qwen3-1.7B-nothink|summary_prompt|N10|1,Qwen3-1.7B-nothink,summary_prompt,10,partC_Qwen3-1.7B-nothink__summary_prompt__N10.json,1,9
Qwen3-1.7B-nothink|summary_prompt|N10|2,Qwen3-1.7B-nothink,summary_prompt,10,partC_Qwen3-1.7B-nothink__summary_prompt__N10.json,2,7
Qwen3-1.7B-nothink|summary_prompt|N10|3,Qwen3-1.7B-nothink,summary_prompt,10,partC_Qwen3-1.7B-nothink__summary_prompt__N10.json,3,7
Qwen3-1.7B-nothink|summary_prompt|N10|4,Qwen3-1.7B-nothink,summary_prompt,10,partC_Qwen3-1.7B-nothink__summary_prompt__N10.json,4,9
Qwen3-1.7B-nothink|summary_prompt|N10|5,Qwen3-1.7B-nothink,summary_prompt,10,partC_Qwen3-1.7B-nothink__summary_prompt__N10.json,5,6
Qwen3-1.7B-nothink|summary_prompt|N10|6,Qwen3-1.7B-nothink,summary_prompt,10,partC_Qwen3-1.7B-nothink__summary_prompt__N10.json,6,9
Qwen3-1.7B-nothink|summary_prompt|N10|7,Qwen3-1.7B-nothink,summary_prompt,10,partC_Qwen3-1.7B-nothink__summary_prompt__N10.json,7,6
Qwen3-1.7B-nothink|summary_prompt|N10|8,Qwen3-1.7B-nothink,summary_prompt,10,partC_Qwen3-1.7B-nothink__summary_prompt__N10.json,8,8
Qwen3-1.7B-nothink|summary_prompt|N10|9,Qwen3-1.7B-nothink,summary_prompt,10,partC_Qwen3-1.7B-nothink__summary_prompt__N10.json,9,7
Qwen3-1.7B-nothink|summary_prompt|N10|10,Qwen3-1.7B-nothink,summary_prompt,10,partC_Qwen3-1.7B-nothink__summary_prompt__N10.json,10,8
Qwen3-1.7B-nothink|summary_prompt|N10|11,Qwen3-1.7B-nothink,summary_prompt,10,partC_Qwen3-1.7B-nothink__summary_prompt__N10.json,11,6
Qwen3-1.7B-nothink|summary_prompt|N10|12,Qwen3-1.7B-nothink,summary_prompt,10,partC_Qwen3-1.7B-nothink__summary_prompt__N10.json,12,7
Qwen3-1.7B-nothink|summary_prompt|N10|13,Qwen3-1.7B-nothink,summary_prompt,10,partC_Qwen3-1.7B-nothink__summary_prompt__N10.json,13,9
Qwen3-1.7B-nothink|summary_prompt|N10|14,Qwen3-1.7B-nothink,summary_prompt,10,partC_Qwen3-1.7B-nothink__summary_prompt__N10.json,14,6
Qwen3-1.7B-nothink|summary_prompt|N10|15,Qwen3-1.7B-nothink,summary_prompt,10,partC_Qwen3-1.7B-nothink__summary_prompt__N10.json,15,8
Qwen3-1.7B-nothink|summary_prompt|N10|16,Qwen3-1.7B-nothink,summary_prompt,10,partC_Qwen3-1.7B-nothink__summary_prompt__N10.json,16,8
Qwen3-1.7B-nothink|summary_prompt|N10|17,Qwen3-1.7B-nothink,summary_prompt,10,partC_Qwen3-1.7B-nothink__summary_prompt__N10.json,17,6
Qwen3-1.7B-nothink|summary_prompt|N10|18,Qwen3-1.7B-nothink,summary_prompt,10,partC_Qwen3-1.7B-nothink__summary_prompt__N10.json,18,8
Qwen3-1.7B-nothink|summary_prompt|N10|19,Qwen3-1.7B-nothink,summary_prompt,10,partC_Qwen3-1.7B-nothink__summary_prompt__N10.json,19,7
Qwen3-1.7B-nothink|summary_prompt|N10|20,Qwen3-1.7B-nothink,summary_prompt,10,partC_Qwen3-1.7B-nothink__summary_prompt__N10.json,20,9
Qwen3-1.7B-nothink|summary_prompt|N10|21,Qwen3-1.7B-nothink,summary_prompt,10,partC_Qwen3-1.7B-nothink__summary_prompt__N10.json,21,9
Qwen3-1.7B-nothink|summary_prompt|N10|22,Qwen3-1.7B-nothink,summary_prompt,10,partC_Qwen3-1.7B-nothink__summary_prompt__N10.json,22,9
Qwen3-1.7B-nothink|summary_prompt|N10|23,Qwen3-1.7B-nothink,summary_prompt,10,partC_Qwen3-1.7B-nothink__summary_prompt__N10.json,23,9
Qwen3-1.7B-nothink|summary_prompt|N10|24,Qwen3-1.7B-nothink,summary_prompt,10,partC_Qwen3-1.7B-nothink__summary_prompt__N10.json,24,9
Qwen3-1.7B-nothink|summary_prompt|N10|25,Qwen3-1.7B-nothink,summary_prompt,10,partC_Qwen3-1.7B-nothink__summary_prompt__N10.json,25,6
Qwen3-1.7B-nothink|summary_prompt|N10|26,Qwen3-1.7B-nothink,summary_prompt,10,partC_Qwen3-1.7B-nothink__summary_prompt__N10.json,26,9
Qwen3-1.7B-nothink|summary_prompt|N10|27,Qwen3-1.7B-nothink,summary_prompt,10,partC_Qwen3-1.7B-nothink__summary_prompt__N10.json,27,7
Qwen3-1.7B-nothink|summary_prompt|N10|28,Qwen3-1.7B-nothink,summary_prompt,10,partC_Qwen3-1.7B-nothink__summary_prompt__N10.json,28,4
Qwen3-1.7B-nothink|summary_prompt|N10|29,Qwen3-1.7B-nothink,summary_prompt,10,partC_Qwen3-1.7B-nothink__summary_prompt__N10.json,29,9
Qwen3-1.7B-nothink|summary_prompt|N10|30,Qwen3-1.7B-nothink,summary_prompt,10,partC_Qwen3-1.7B-nothink__summary_prompt__N10.json,30,7
Qwen3-1.7B-nothink|summary_prompt|N10|31,Qwen3-1.7B-nothink,summary_prompt,10,partC_Qwen3-1.7B-nothink__summary_prompt__N10.json,31,9
Qwen3-1.7B-nothink|summary_prompt|N10|32,Qwen3-1.7B-nothink,summary_prompt,10,partC_Qwen3-1.7B-nothink__summary_prompt__N10.json,32,6
Qwen3-1.7B-nothink|summary_prompt|N10|33,Qwen3-1.7B-nothink,summary_prompt,10,partC_Qwen3-1.7B-nothink__summary_prompt__N10.json,33,9
Qwen3-1.7B-nothink|summary_prompt|N10|34,Qwen3-1.7B-nothink,summary_prompt,10,partC_Qwen3-1.7B-nothink__summary_prompt__N10.json,34,3
Qwen3-1.7B-nothink|summary_prompt|N10|35,Qwen3-1.7B-nothink,summary_prompt,10,partC_Qwen3-1.7B-nothink__summary_prompt__N10.json,35,9
Qwen3-1.7B-nothink|summary_prompt|N10|36,Qwen3-1.7B-nothink,summary_prompt,10,partC_Qwen3-1.7B-nothink__summary_prompt__N10.json,36,9
Qwen3-1.7B-nothink|summary_prompt|N10|37,Qwen3-1.7B-nothink,summary_prompt,10,partC_Qwen3-1.7B-nothink__summary_prompt__N10.json,37,9
Qwen3-1.7B-nothink|summary_prompt|N10|38,Qwen3-1.7B-nothink,summary_prompt,10,partC_Qwen3-1.7B-nothink__summary_prompt__N10.json,38,7
Qwen3-1.7B-nothink|summary_prompt|N10|39,Qwen3-1.7B-nothink,summary_prompt,10,partC_Qwen3-1.7B-nothink__summary_prompt__N10.json,39,4
Qwen3-1.7B-nothink|summary_prompt|N10|40,Qwen3-1.7B-nothink,summary_prompt,10,partC_Qwen3-1.7B-nothink__summary_prompt__N10.json,40,8
Qwen3-1.7B-nothink|summary_prompt|N10|41,Qwen3-1.7B-nothink,summary_prompt,10,partC_Qwen3-1.7B-nothink__summary_prompt__N10.json,41,7
Qwen3-1.7B-nothink|summary_prompt|N10|42,Qwen3-1.7B-nothink,summary_prompt,10,partC_Qwen3-1.7B-nothink__summary_prompt__N10.json,42,8
Qwen3-1.7B-nothink|summary_prompt|N10|43,Qwen3-1.7B-nothink,summary_prompt,10,partC_Qwen3-1.7B-nothink__summary_prompt__N10.json,43,6
Qwen3-1.7B-nothink|summary_prompt|N10|44,Qwen3-1.7B-nothink,summary_prompt,10,partC_Qwen3-1.7B-nothink__summary_prompt__N10.json,44,9
Qwen3-1.7B-nothink|summary_prompt|N10|45,Qwen3-1.7B-nothink,summary_prompt,10,partC_Qwen3-1.7B-nothink__summary_prompt__N10.json,45,9
Qwen3-1.7B-nothink|summary_prompt|N10|46,Qwen3-1.7B-nothink,summary_prompt,10,partC_Qwen3-1.7B-nothink__summary_prompt__N10.json,46,6
Qwen3-1.7B-nothink|summary_prompt|N10|47,Qwen3-1.7B-nothink,summary_prompt,10,partC_Qwen3-1.7B-nothink__summary_prompt__N10.json,47,7
Qwen3-1.7B-nothink|summary_prompt|N10|48,Qwen3-1.7B-nothink,summary_prompt,10,partC_Qwen3-1.7B-nothink__summary_prompt__N10.json,48,6
Qwen3-1.7B-nothink|summary_prompt|N10|49,Qwen3-1.7B-nothink,summary_prompt,10,partC_Qwen3-1.7B-nothink__summary_prompt__N10.json,49,7
Qwen3-1.7B-nothink|summary_prompt|N10|50,Qwen3-1.7B-nothink,summary_prompt,10,partC_Qwen3-1.7B-nothink__summary_prompt__N10.json,50,4
Qwen3-1.7B-nothink|summary_prompt|N10|51,Qwen3-1.7B-nothink,summary_prompt,10,partC_Qwen3-1.7B-nothink__summary_prompt__N10.json,51,9
Qwen3-1.7B-nothink|summary_prompt|N10|52,Qwen3-1.7B-nothink,summary_prompt,10,partC_Qwen3-1.7B-nothink__summary_prompt__N10.json,52,8
Qwen3-1.7B-nothink|summary_prompt|N10|53,Qwen3-1.7B-nothink,summary_prompt,10,partC_Qwen3-1.7B-nothink__summary_prompt__N10.json,53,7
Qwen3-1.7B-nothink|summary_prompt|N10|54,Qwen3-1.7B-nothink,summary_prompt,10,partC_Qwen3-1.7B-nothink__summary_prompt__N10.json,54,7
Qwen3-1.7B-nothink|summary_prompt|N10|55,Qwen3-1.7B-nothink,summary_prompt,10,partC_Qwen3-1.7B-nothink__summary_prompt__N10.json,55,7
Qwen3-1.7B-nothink|summary_prompt|N10|56,Qwen3-1.7B-nothink,summary_prompt,10,partC_Qwen3-1.7B-nothink__summary_prompt__N10.json,56,6
Qwen3-1.7B-nothink|summary_prompt|N10|57,Qwen3-1.7B-nothink,summary_prompt,10,partC_Qwen3-1.7B-nothink__summary_prompt__N10.json,57,7
Qwen3-1.7B-nothink|summary_prompt|N10|58,Qwen3-1.7B-nothink,summary_prompt,10,partC_Qwen3-1.7B-nothink__summary_prompt__N10.json,58,6
Qwen3-1.7B-nothink|summary_prompt|N10|59,Qwen3-1.7B-nothink,summary_prompt,10,partC_Qwen3-1.7B-nothink__summary_prompt__N10.json,59,7
Qwen3-1.7B-nothink|summary_prompt|N10|60,Qwen3-1.7B-nothink,summary_prompt,10,partC_Qwen3-1.7B-nothink__summary_prompt__N10.json,60,7
Qwen3-1.7B-nothink|summary_prompt|N10|61,Qwen3-1.7B-nothink,summary_prompt,10,partC_Qwen3-1.7B-nothink__summary_prompt__N10.json,61,7
Qwen3-1.7B-nothink|summary_prompt|N10|62,Qwen3-1.7B-nothink,summary_prompt,10,partC_Qwen3-1.7B-nothink__summary_prompt__N10.json,62,7
Qwen3-1.7B-nothink|summary_prompt|N10|63,Qwen3-1.7B-nothink,summary_prompt,10,partC_Qwen3-1.7B-nothink__summary_prompt__N10.json,63,9
Qwen3-1.7B-nothink|summary_prompt|N10|64,Qwen3-1.7B-nothink,summary_prompt,10,partC_Qwen3-1.7B-nothink__summary_prompt__N10.json,64,6
Qwen3-1.7B-nothink|summary_prompt|N10|65,Qwen3-1.7B-nothink,summary_prompt,10,partC_Qwen3-1.7B-nothink__summary_prompt__N10.json,65,9
Qwen3-1.7B-nothink|summary_prompt|N10|66,Qwen3-1.7B-nothink,summary_prompt,10,partC_Qwen3-1.7B-nothink__summary_prompt__N10.json,66,7
Qwen3-1.7B-nothink|summary_prompt|N10|67,Qwen3-1.7B-nothink,summary_prompt,10,partC_Qwen3-1.7B-nothink__summary_prompt__N10.json,67,7
Qwen3-1.7B-nothink|summary_prompt|N10|68,Qwen3-1.7B-nothink,summary_prompt,10,partC_Qwen3-1.7B-nothink__summary_prompt__N10.json,68,6
Qwen3-1.7B-nothink|summary_prompt|N10|69,Qwen3-1.7B-nothink,summary_prompt,10,partC_Qwen3-1.7B-nothink__summary_prompt__N10.json,69,6
Qwen3-1.7B-nothink|summary_prompt|N10|70,Qwen3-1.7B-nothink,summary_prompt,10,partC_Qwen3-1.7B-nothink__summary_prompt__N10.json,70,7
Qwen3-1.7B-nothink|summary_prompt|N10|71,Qwen3-1.7B-nothink,summary_prompt,10,partC_Qwen3-1.7B-nothink__summary_prompt__N10.json,71,7
Qwen3-1.7B-nothink|summary_prompt|N10|72,Qwen3-1.7B-nothink,summary_prompt,10,partC_Qwen3-1.7B-nothink__summary_prompt__N10.json,72,7
Qwen3-1.7B-nothink|summary_prompt|N10|73,Qwen3-1.7B-nothink,summary_prompt,10,partC_Qwen3-1.7B-nothink__summary_prompt__N10.json,73,7
Qwen3-1.7B-nothink|summary_prompt|N10|74,Qwen3-1.7B-nothink,summary_prompt,10,partC_Qwen3-1.7B-nothink__summary_prompt__N10.json,74,7
Qwen3-1.7B-nothink|summary_prompt|N10|75,Qwen3-1.7B-nothink,summary_prompt,10,partC_Qwen3-1.7B-nothink__summary_prompt__N10.json,75,6
Qwen3-1.7B-nothink|summary_prompt|N10|76,Qwen3-1.7B-nothink,summary_prompt,10,partC_Qwen3-1.7B-nothink__summary_prompt__N10.json,76,9
Qwen3-1.7B-nothink|summary_prompt|N10|77,Qwen3-1.7B-nothink,summary_prompt,10,partC_Qwen3-1.7B-nothink__summary_prompt__N10.json,77,6
Qwen3-1.7B-nothink|summary_prompt|N10|78,Qwen3-1.7B-nothink,summary_prompt,10,partC_Qwen3-1.7B-nothink__summary_prompt__N10.json,78,9
Qwen3-1.7B-nothink|summary_prompt|N10|79,Qwen3-1.7B-nothink,summary_prompt,10,partC_Qwen3-1.7B-nothink__summary_prompt__N10.json,79,6
Qwen3-1.7B-nothink|summary_prompt|N10|80,Qwen3-1.7B-nothink,summary_prompt,10,partC_Qwen3-1.7B-nothink__summary_prompt__N10.json,80,9
Qwen3-1.7B-nothink|summary_prompt|N10|81,Qwen3-1.7B-nothink,summary_prompt,10,partC_Qwen3-1.7B-nothink__summary_prompt__N10.json,81,7
Qwen3-1.7B-nothink|summary_prompt|N10|82,Qwen3-1.7B-nothink,summary_prompt,10,partC_Qwen3-1.7B-nothink__summary_prompt__N10.json,82,9
Qwen3-1.7B-nothink|summary_prompt|N10|83,Qwen3-1.7B-nothink,summary_prompt,10,partC_Qwen3-1.7B-nothink__summary_prompt__N10.json,83,9
Qwen3-1.7B-nothink|summary_prompt|N10|84,Qwen3-1.7B-nothink,summary_prompt,10,partC_Qwen3-1.7B-nothink__summary_prompt__N10.json,84,9
Qwen3-1.7B-nothink|summary_prompt|N10|85,Qwen3-1.7B-nothink,summary_prompt,10,partC_Qwen3-1.7B-nothink__summary_prompt__N10.json,85,9
Qwen3-1.7B-nothink|summary_prompt|N10|86,Qwen3-1.7B-nothink,summary_prompt,10,partC_Qwen3-1.7B-nothink__summary_prompt__N10.json,86,9
Qwen3-1.7B-nothink|summary_prompt|N10|87,Qwen3-1.7B-nothink,summary_prompt,10,partC_Qwen3-1.7B-nothink__summary_prompt__N10.json,87,8
Qwen3-1.7B-nothink|summary_prompt|N10|88,Qwen3-1.7B-nothink,summary_prompt,10,partC_Qwen3-1.7B-nothink__summary_prompt__N10.json,88,7
Qwen3-1.7B-nothink|summary_prompt|N10|89,Qwen3-1.7B-nothink,summary_prompt,10,partC_Qwen3-1.7B-nothink__summary_prompt__N10.json,89,9
Qwen3-1.7B-nothink|summary_prompt|N10|90,Qwen3-1.7B-nothink,summary_prompt,10,partC_Qwen3-1.7B-nothink__summary_prompt__N10.json,90,9
Qwen3-1.7B-nothink|summary_prompt|N10|91,Qwen3-1.7B-nothink,summary_prompt,10,partC_Qwen3-1.7B-nothink__summary_prompt__N10.json,91,9
Qwen3-1.7B-nothink|summary_prompt|N10|92,Qwen3-1.7B-nothink,summary_prompt,10,partC_Qwen3-1.7B-nothink__summary_prompt__N10.json,92,6
Qwen3-1.7B-nothink|summary_prompt|N10|93,Qwen3-1.7B-nothink,summary_prompt,10,partC_Qwen3-1.7B-nothink__summary_prompt__N10.json,93,9
Qwen3-1.7B-nothink|summary_prompt|N10|94,Qwen3-1.7B-nothink,summary_prompt,10,partC_Qwen3-1.7B-nothink__summary_prompt__N10.json,94,10
Qwen3-1.7B-nothink|summary_prompt|N10|95,Qwen3-1.7B-nothink,summary_prompt,10,partC_Qwen3-1.7B-nothink__summary_prompt__N10.json,95,9
Qwen3-1.7B-nothink|summary_prompt|N10|96,Qwen3-1.7B-nothink,summary_prompt,10,partC_Qwen3-1.7B-nothink__summary_prompt__N10.json,96,9
Qwen3-1.7B-nothink|summary_prompt|N10|97,Qwen3-1.7B-nothink,summary_prompt,10,partC_Qwen3-1.7B-nothink__summary_prompt__N10.json,97,9
Qwen3-1.7B-nothink|summary_prompt|N10|98,Qwen3-1.7B-nothink,summary_prompt,10,partC_Qwen3-1.7B-nothink__summary_prompt__N10.json,98,9
Qwen3-1.7B-nothink|summary_prompt|N10|99,Qwen3-1.7B-nothink,summary_prompt,10,partC_Qwen3-1.7B-nothink__summary_prompt__N10.json,99,7
Qwen3-1.7B-nothink|summary_prompt|N10|100,Qwen3-1.7B-nothink,summary_prompt,10,partC_Qwen3-1.7B-nothink__summary_prompt__N10.json,100,10
Qwen3-1.7B-nothink|summary_prompt|N10|101,Qwen3-1.7B-nothink,summary_prompt,10,partC_Qwen3-1.7B-nothink__summary_prompt__N10.json,101,9
Qwen3-1.7B-nothink|summary_prompt|N10|102,Qwen3-1.7B-nothink,summary_prompt,10,partC_Qwen3-1.7B-nothink__summary_prompt__N10.json,102,9
Qwen3-1.7B-nothink|summary_prompt|N10|103,Qwen3-1.7B-nothink,summary_prompt,10,partC_Qwen3-1.7B-nothink__summary_prompt__N10.json,103,9
Qwen3-1.7B-nothink|summary_prompt|N10|104,Qwen3-1.7B-nothink,summary_prompt,10,partC_Qwen3-1.7B-nothink__summary_prompt__N10.json,104,9
Qwen3-1.7B-nothink|summary_prompt|N10|105,Qwen3-1.7B-nothink,summary_prompt,10,partC_Qwen3-1.7B-nothink__summary_prompt__N10.json,105,9
Qwen3-1.7B-nothink|summary_prompt|N10|106,Qwen3-1.7B-nothink,summary_prompt,10,partC_Qwen3-1.7B-nothink__summary_prompt__N10.json,106,9
Qwen3-1.7B-nothink|summary_prompt|N10|107,Qwen3-1.7B-nothink,summary_prompt,10,partC_Qwen3-1.7B-nothink__summary_prompt__N10.json,107,9
Qwen3-1.7B-nothink|summary_prompt|N10|108,Qwen3-1.7B-nothink,summary_prompt,10,partC_Qwen3-1.7B-nothink__summary_prompt__N10.json,108,9
Qwen3-1.7B-nothink|summary_prompt|N10|109,Qwen3-1.7B-nothink,summary_prompt,10,partC_Qwen3-1.7B-nothink__summary_prompt__N10.json,109,10
Qwen3-1.7B-nothink|summary_prompt|N10|110,Qwen3-1.7B-nothink,summary_prompt,10,partC_Qwen3-1.7B-nothink__summary_prompt__N10.json,110,9
Qwen3-1.7B-nothink|summary_prompt|N10|111,Qwen3-1.7B-nothink,summary_prompt,10,partC_Qwen3-1.7B-nothink__summary_prompt__N10.json,111,9
Qwen3-1.7B-nothink|summary_prompt|N10|112,Qwen3-1.7B-nothink,summary_prompt,10,partC_Qwen3-1.7B-nothink__summary_prompt__N10.json,112,9
Qwen3-1.7B-nothink|summary_prompt|N10|113,Qwen3-1.7B-nothink,summary_prompt,10,partC_Qwen3-1.7B-nothink__summary_prompt__N10.json,113,10
Qwen3-1.7B-nothink|summary_prompt|N10|114,Qwen3-1.7B-nothink,summary_prompt,10,partC_Qwen3-1.7B-nothink__summary_prompt__N10.json,114,10
Qwen3-1.7B-nothink|summary_prompt|N10|115,Qwen3-1.7B-nothink,summary_prompt,10,partC_Qwen3-1.7B-nothink__summary_prompt__N10.json,115,9
Qwen3-1.7B-nothink|summary_prompt|N10|116,Qwen3-1.7B-nothink,summary_prompt,10,partC_Qwen3-1.7B-nothink__summary_prompt__N10.json,116,9
Qwen3-1.7B-nothink|summary_prompt|N10|117,Qwen3-1.7B-nothink,summary_prompt,10,partC_Qwen3-1.7B-nothink__summary_prompt__N10.json,117,9
Qwen3-1.7B-nothink|summary_prompt|N10|118,Qwen3-1.7B-nothink,summary_prompt,10,partC_Qwen3-1.7B-nothink__summary_prompt__N10.json,118,9
Qwen3-1.7B-nothink|summary_prompt|N10|119,Qwen3-1.7B-nothink,summary_prompt,10,partC_Qwen3-1.7B-nothink__summary_prompt__N10.json,119,9
Qwen3-1.7B-nothink|summary_prompt|N10|120,Qwen3-1.7B-nothink,summary_prompt,10,partC_Qwen3-1.7B-nothink__summary_prompt__N10.json,120,9
Qwen3-1.7B-nothink|summary_prompt|N10|121,Qwen3-1.7B-nothink,summary_prompt,10,partC_Qwen3-1.7B-nothink__summary_prompt__N10.json,121,9
Qwen3-1.7B-nothink|summary_prompt|N10|122,Qwen3-1.7B-nothink,summary_prompt,10,partC_Qwen3-1.7B-nothink__summary_prompt__N10.json,122,9
Qwen3-1.7B-nothink|summary_prompt|N10|123,Qwen3-1.7B-nothink,summary_prompt,10,partC_Qwen3-1.7B-nothink__summary_prompt__N10.json,123,9
Qwen3-1.7B-nothink|summary_prompt|N10|124,Qwen3-1.7B-nothink,summary_prompt,10,partC_Qwen3-1.7B-nothink__summary_prompt__N10.json,124,9
Qwen3-1.7B-nothink|summary_prompt|N10|125,Qwen3-1.7B-nothink,summary_prompt,10,partC_Qwen3-1.7B-nothink__summary_prompt__N10.json,125,10
Qwen3-1.7B-nothink|summary_prompt|N10|126,Qwen3-1.7B-nothink,summary_prompt,10,partC_Qwen3-1.7B-nothink__summary_prompt__N10.json,126,9
Qwen3-1.7B-nothink|summary_prompt|N10|127,Qwen3-1.7B-nothink,summary_prompt,10,partC_Qwen3-1.7B-nothink__summary_prompt__N10.json,127,10
Qwen3-1.7B-nothink|summary_prompt|N10|128,Qwen3-1.7B-nothink,summary_prompt,10,partC_Qwen3-1.7B-nothink__summary_prompt__N10.json,128,9
Qwen3-1.7B-nothink|summary_prompt|N10|129,Qwen3-1.7B-nothink,summary_prompt,10,partC_Qwen3-1.7B-nothink__summary_prompt__N10.json,129,9
Qwen3-1.7B-nothink|summary_prompt|N10|130,Qwen3-1.7B-nothink,summary_prompt,10,partC_Qwen3-1.7B-nothink__summary_prompt__N10.json,130,9
Qwen3-1.7B-nothink|summary_prompt|N10|131,Qwen3-1.7B-nothink,summary_prompt,10,partC_Qwen3-1.7B-nothink__summary_prompt__N10.json,131,9
Qwen3-1.7B-nothink|summary_prompt|N10|132,Qwen3-1.7B-nothink,summary_prompt,10,partC_Qwen3-1.7B-nothink__summary_prompt__N10.json,132,10
Qwen3-1.7B-nothink|summary_prompt|N10|133,Qwen3-1.7B-nothink,summary_prompt,10,partC_Qwen3-1.7B-nothink__summary_prompt__N10.json,133,10
Qwen3-1.7B-nothink|summary_prompt|N10|134,Qwen3-1.7B-nothink,summary_prompt,10,partC_Qwen3-1.7B-nothink__summary_prompt__N10.json,134,10
Qwen3-1.7B-nothink|summary_prompt|N10|135,Qwen3-1.7B-nothink,summary_prompt,10,partC_Qwen3-1.7B-nothink__summary_prompt__N10.json,135,10
Qwen3-1.7B-nothink|summary_prompt|N10|136,Qwen3-1.7B-nothink,summary_prompt,10,partC_Qwen3-1.7B-nothink__summary_prompt__N10.json,136,9
Qwen3-1.7B-nothink|summary_prompt|N10|137,Qwen3-1.7B-nothink,summary_prompt,10,partC_Qwen3-1.7B-nothink__summary_prompt__N10.json,137,9
Qwen3-1.7B-nothink|summary_prompt|N10|138,Qwen3-1.7B-nothink,summary_prompt,10,partC_Qwen3-1.7B-nothink__summary_prompt__N10.json,138,7
Qwen3-1.7B-nothink|summary_prompt|N10|139,Qwen3-1.7B-nothink,summary_prompt,10,partC_Qwen3-1.7B-nothink__summary_prompt__N10.json,139,9
Qwen3-1.7B-nothink|summary_prompt|N10|140,Qwen3-1.7B-nothink,summary_prompt,10,partC_Qwen3-1.7B-nothink__summary_prompt__N10.json,140,9
Qwen3-1.7B-nothink|summary_prompt|N10|141,Qwen3-1.7B-nothink,summary_prompt,10,partC_Qwen3-1.7B-nothink__summary_prompt__N10.json,141,9
Qwen3-1.7B-nothink|summary_prompt|N10|142,Qwen3-1.7B-nothink,summary_prompt,10,partC_Qwen3-1.7B-nothink__summary_prompt__N10.json,142,9
Qwen3-1.7B-nothink|summary_prompt|N10|143,Qwen3-1.7B-nothink,summary_prompt,10,partC_Qwen3-1.7B-nothink__summary_prompt__N10.json,143,7
Qwen3-1.7B-nothink|summary_prompt|N10|144,Qwen3-1.7B-nothink,summary_prompt,10,partC_Qwen3-1.7B-nothink__summary_prompt__N10.json,144,7
Qwen3-1.7B-nothink|summary_prompt|N10|145,Qwen3-1.7B-nothink,summary_prompt,10,partC_Qwen3-1.7B-nothink__summary_prompt__N10.json,145,4
Qwen3-1.7B-nothink|summary_prompt|N10|146,Qwen3-1.7B-nothink,summary_prompt,10,partC_Qwen3-1.7B-nothink__summary_prompt__N10.json,146,8
Qwen3-1.7B-nothink|summary_prompt|N10|147,Qwen3-1.7B-nothink,summary_prompt,10,partC_Qwen3-1.7B-nothink__summary_prompt__N10.json,147,6
Qwen3-1.7B-nothink|summary_prompt|N10|148,Qwen3-1.7B-nothink,summary_prompt,10,partC_Qwen3-1.7B-nothink__summary_prompt__N10.json,148,9
Qwen3-1.7B-nothink|summary_prompt|N10|149,Qwen3-1.7B-nothink,summary_prompt,10,partC_Qwen3-1.7B-nothink__summary_prompt__N10.json,149,6
Qwen3-1.7B-nothink|summary_prompt|N10|150,Qwen3-1.7B-nothink,summary_prompt,10,partC_Qwen3-1.7B-nothink__summary_prompt__N10.json,150,7
Qwen3-1.7B-nothink|summary_prompt|N10|151,Qwen3-1.7B-nothink,summary_prompt,10,partC_Qwen3-1.7B-nothink__summary_prompt__N10.json,151,7
Qwen3-1.7B-nothink|summary_prompt|N10|152,Qwen3-1.7B-nothink,summary_prompt,10,partC_Qwen3-1.7B-nothink__summary_prompt__N10.json,152,7
Qwen3-1.7B-nothink|summary_prompt|N10|153,Qwen3-1.7B-nothink,summary_prompt,10,partC_Qwen3-1.7B-nothink__summary_prompt__N10.json,153,4
Qwen3-1.7B-nothink|summary_prompt|N10|154,Qwen3-1.7B-nothink,summary_prompt,10,partC_Qwen3-1.7B-nothink__summary_prompt__N10.json,154,9
Qwen3-1.7B-nothink|summary_prompt|N10|155,Qwen3-1.7B-nothink,summary_prompt,10,partC_Qwen3-1.7B-nothink__summary_prompt__N10.json,155,7
Qwen3-1.7B-nothink|summary_prompt|N10|156,Qwen3-1.7B-nothink,summary_prompt,10,partC_Qwen3-1.7B-nothink__summary_prompt__N10.json,156,8
Qwen3-1.7B-nothink|summary_prompt|N10|157,Qwen3-1.7B-nothink,summary_prompt,10,partC_Qwen3-1.7B-nothink__summary_prompt__N10.json,157,9
Qwen3-1.7B-nothink|summary_prompt|N10|158,Qwen3-1.7B-nothink,summary_prompt,10,partC_Qwen3-1.7B-nothink__summary_prompt__N10.json,158,6
Qwen3-1.7B-nothink|summary_prompt|N10|159,Qwen3-1.7B-nothink,summary_prompt,10,partC_Qwen3-1.7B-nothink__summary_prompt__N10.json,159,9
Qwen3-1.7B-nothink|summary_prompt|N10|160,Qwen3-1.7B-nothink,summary_prompt,10,partC_Qwen3-1.7B-nothink__summary_prompt__N10.json,160,9
Qwen3-1.7B-nothink|summary_prompt|N10|161,Qwen3-1.7B-nothink,summary_prompt,10,partC_Qwen3-1.7B-nothink__summary_prompt__N10.json,161,9
Qwen3-1.7B-nothink|summary_prompt|N10|162,Qwen3-1.7B-nothink,summary_prompt,10,partC_Qwen3-1.7B-nothink__summary_prompt__N10.json,162,8
Qwen3-1.7B-nothink|summary_prompt|N10|163,Qwen3-1.7B-nothink,summary_prompt,10,partC_Qwen3-1.7B-nothink__summary_prompt__N10.json,163,7
Qwen3-1.7B-nothink|summary_prompt|N10|164,Qwen3-1.7B-nothink,summary_prompt,10,partC_Qwen3-1.7B-nothink__summary_prompt__N10.json,164,6
Qwen3-1.7B-nothink|summary_prompt|N10|165,Qwen3-1.7B-nothink,summary_prompt,10,partC_Qwen3-1.7B-nothink__summary_prompt__N10.json,165,9
Qwen3-1.7B-nothink|summary_prompt|N10|166,Qwen3-1.7B-nothink,summary_prompt,10,partC_Qwen3-1.7B-nothink__summary_prompt__N10.json,166,9
Qwen3-1.7B-nothink|summary_prompt|N10|167,Qwen3-1.7B-nothink,summary_prompt,10,partC_Qwen3-1.7B-nothink__summary_prompt__N10.json,167,7
Qwen3-1.7B-nothink|summary_prompt|N10|168,Qwen3-1.7B-nothink,summary_prompt,10,partC_Qwen3-1.7B-nothink__summary_prompt__N10.json,168,9
Qwen3-1.7B-nothink|summary_prompt|N10|169,Qwen3-1.7B-nothink,summary_prompt,10,partC_Qwen3-1.7B-nothink__summary_prompt__N10.json,169,9
Qwen3-1.7B-nothink|summary_prompt|N10|170,Qwen3-1.7B-nothink,summary_prompt,10,partC_Qwen3-1.7B-nothink__summary_prompt__N10.json,170,7
Qwen3-1.7B-nothink|summary_prompt|N10|171,Qwen3-1.7B-nothink,summary_prompt,10,partC_Qwen3-1.7B-nothink__summary_prompt__N10.json,171,9
Qwen3-1.7B-nothink|summary_prompt|N10|172,Qwen3-1.7B-nothink,summary_prompt,10,partC_Qwen3-1.7B-nothink__summary_prompt__N10.json,172,9
Qwen3-1.7B-nothink|summary_prompt|N10|173,Qwen3-1.7B-nothink,summary_prompt,10,partC_Qwen3-1.7B-nothink__summary_prompt__N10.json,173,9
Qwen3-1.7B-nothink|summary_prompt|N10|174,Qwen3-1.7B-nothink,summary_prompt,10,partC_Qwen3-1.7B-nothink__summary_prompt__N10.json,174,9
Qwen3-1.7B-nothink|summary_prompt|N10|175,Qwen3-1.7B-nothink,summary_prompt,10,partC_Qwen3-1.7B-nothink__summary_prompt__N10.json,175,8
Qwen3-1.7B-nothink|summary_prompt|N10|176,Qwen3-1.7B-nothink,summary_prompt,10,partC_Qwen3-1.7B-nothink__summary_prompt__N10.json,176,9
Qwen3-1.7B-nothink|summary_prompt|N10|177,Qwen3-1.7B-nothink,summary_prompt,10,partC_Qwen3-1.7B-nothink__summary_prompt__N10.json,177,9
Qwen3-1.7B-nothink|summary_prompt|N10|178,Qwen3-1.7B-nothink,summary_prompt,10,partC_Qwen3-1.7B-nothink__summary_prompt__N10.json,178,8
Qwen3-1.7B-nothink|summary_prompt|N10|179,Qwen3-1.7B-nothink,summary_prompt,10,partC_Qwen3-1.7B-nothink__summary_prompt__N10.json,179,9
Qwen3-1.7B-nothink|summary_prompt|N10|180,Qwen3-1.7B-nothink,summary_prompt,10,partC_Qwen3-1.7B-nothink__summary_prompt__N10.json,180,6
Qwen3-1.7B-nothink|summary_prompt|N10|181,Qwen3-1.7B-nothink,summary_prompt,10,partC_Qwen3-1.7B-nothink__summary_prompt__N10.json,181,7
Qwen3-1.7B-nothink|summary_prompt|N10|182,Qwen3-1.7B-nothink,summary_prompt,10,partC_Qwen3-1.7B-nothink__summary_prompt__N10.json,182,9
Qwen3-1.7B-nothink|summary_prompt|N10|183,Qwen3-1.7B-nothink,summary_prompt,10,partC_Qwen3-1.7B-nothink__summary_prompt__N10.json,183,7
Qwen3-1.7B-nothink|summary_prompt|N10|184,Qwen3-1.7B-nothink,summary_prompt,10,partC_Qwen3-1.7B-nothink__summary_prompt__N10.json,184,7
Qwen3-1.7B-nothink|summary_prompt|N10|185,Qwen3-1.7B-nothink,summary_prompt,10,partC_Qwen3-1.7B-nothink__summary_prompt__N10.json,185,7
Qwen3-1.7B-nothink|summary_prompt|N10|186,Qwen3-1.7B-nothink,summary_prompt,10,partC_Qwen3-1.7B-nothink__summary_prompt__N10.json,186,7
Qwen3-1.7B-nothink|summary_prompt|N10|187,Qwen3-1.7B-nothink,summary_prompt,10,partC_Qwen3-1.7B-nothink__summary_prompt__N10.json,187,9
Qwen3-1.7B-nothink|summary_prompt|N10|188,Qwen3-1.7B-nothink,summary_prompt,10,partC_Qwen3-1.7B-nothink__summary_prompt__N10.json,188,7
Qwen3-1.7B-nothink|summary_prompt|N10|189,Qwen3-1.7B-nothink,summary_prompt,10,partC_Qwen3-1.7B-nothink__summary_prompt__N10.json,189,6
Qwen3-1.7B-nothink|summary_prompt|N10|190,Qwen3-1.7B-nothink,summary_prompt,10,partC_Qwen3-1.7B-nothink__summary_prompt__N10.json,190,9
Qwen3-1.7B-nothink|summary_prompt|N10|191,Qwen3-1.7B-nothink,summary_prompt,10,partC_Qwen3-1.7B-nothink__summary_prompt__N10.json,191,7
Qwen3-1.7B-nothink|summary_prompt|N10|192,Qwen3-1.7B-nothink,summary_prompt,10,partC_Qwen3-1.7B-nothink__summary_prompt__N10.json,192,9
Qwen3-1.7B-nothink|summary_prompt|N10|193,Qwen3-1.7B-nothink,summary_prompt,10,partC_Qwen3-1.7B-nothink__summary_prompt__N10.json,193,9
Qwen3-1.7B-nothink|summary_prompt|N10|194,Qwen3-1.7B-nothink,summary_prompt,10,partC_Qwen3-1.7B-nothink__summary_prompt__N10.json,194,7
Qwen3-1.7B-nothink|summary_prompt|N10|195,Qwen3-1.7B-nothink,summary_prompt,10,partC_Qwen3-1.7B-nothink__summary_prompt__N10.json,195,9
Qwen3-1.7B-nothink|summary_prompt|N10|196,Qwen3-1.7B-nothink,summary_prompt,10,partC_Qwen3-1.7B-nothink__summary_prompt__N10.json,196,9
Qwen3-1.7B-nothink|summary_prompt|N10|197,Qwen3-1.7B-nothink,summary_prompt,10,partC_Qwen3-1.7B-nothink__summary_prompt__N10.json,197,9
Qwen3-1.7B-nothink|summary_prompt|N10|198,Qwen3-1.7B-nothink,summary_prompt,10,partC_Qwen3-1.7B-nothink__summary_prompt__N10.json,198,6
Qwen3-1.7B-nothink|summary_prompt|N10|199,Qwen3-1.7B-nothink,summary_prompt,10,partC_Qwen3-1.7B-nothink__summary_prompt__N10.json,199,7
Qwen3-1.7B-nothink|summary_prompt|N10|200,Qwen3-1.7B-nothink,summary_prompt,10,partC_Qwen3-1.7B-nothink__summary_prompt__N10.json,200,9
Qwen3-1.7B-nothink|summary_prompt|N10|201,Qwen3-1.7B-nothink,summary_prompt,10,partC_Qwen3-1.7B-nothink__summary_prompt__N10.json,201,9
Qwen3-1.7B-nothink|summary_prompt|N10|202,Qwen3-1.7B-nothink,summary_prompt,10,partC_Qwen3-1.7B-nothink__summary_prompt__N10.json,202,9
Qwen3-1.7B-nothink|summary_prompt|N10|203,Qwen3-1.7B-nothink,summary_prompt,10,partC_Qwen3-1.7B-nothink__summary_prompt__N10.json,203,9
Qwen3-1.7B-nothink|summary_prompt|N10|204,Qwen3-1.7B-nothink,summary_prompt,10,partC_Qwen3-1.7B-nothink__summary_prompt__N10.json,204,9
Qwen3-1.7B-nothink|summary_prompt|N10|205,Qwen3-1.7B-nothink,summary_prompt,10,partC_Qwen3-1.7B-nothink__summary_prompt__N10.json,205,9
Qwen3-1.7B-nothink|summary_prompt|N10|206,Qwen3-1.7B-nothink,summary_prompt,10,partC_Qwen3-1.7B-nothink__summary_prompt__N10.json,206,9
Qwen3-1.7B-nothink|summary_prompt|N10|207,Qwen3-1.7B-nothink,summary_prompt,10,partC_Qwen3-1.7B-nothink__summary_prompt__N10.json,207,9
Qwen3-1.7B-nothink|summary_prompt|N10|208,Qwen3-1.7B-nothink,summary_prompt,10,partC_Qwen3-1.7B-nothink__summary_prompt__N10.json,208,9
Qwen3-1.7B-nothink|summary_prompt|N10|209,Qwen3-1.7B-nothink,summary_prompt,10,partC_Qwen3-1.7B-nothink__summary_prompt__N10.json,209,9
Qwen3-1.7B-nothink|summary_prompt|N10|210,Qwen3-1.7B-nothink,summary_prompt,10,partC_Qwen3-1.7B-nothink__summary_prompt__N10.json,210,9
Qwen3-1.7B-nothink|summary_prompt|N10|211,Qwen3-1.7B-nothink,summary_prompt,10,partC_Qwen3-1.7B-nothink__summary_prompt__N10.json,211,9
Qwen3-1.7B-nothink|summary_prompt|N10|212,Qwen3-1.7B-nothink,summary_prompt,10,partC_Qwen3-1.7B-nothink__summary_prompt__N10.json,212,6
Qwen3-1.7B-nothink|summary_prompt|N10|213,Qwen3-1.7B-nothink,summary_prompt,10,partC_Qwen3-1.7B-nothink__summary_prompt__N10.json,213,9
Qwen3-1.7B-nothink|summary_prompt|N10|214,Qwen3-1.7B-nothink,summary_prompt,10,partC_Qwen3-1.7B-nothink__summary_prompt__N10.json,214,9
Qwen3-1.7B-nothink|summary_prompt|N10|215,Qwen3-1.7B-nothink,summary_prompt,10,partC_Qwen3-1.7B-nothink__summary_prompt__N10.json,215,9
Qwen3-1.7B-nothink|summary_prompt|N10|216,Qwen3-1.7B-nothink,summary_prompt,10,partC_Qwen3-1.7B-nothink__summary_prompt__N10.json,216,9
Qwen3-1.7B-nothink|summary_prompt|N10|217,Qwen3-1.7B-nothink,summary_prompt,10,partC_Qwen3-1.7B-nothink__summary_prompt__N10.json,217,9
Qwen3-1.7B-nothink|summary_prompt|N10|218,Qwen3-1.7B-nothink,summary_prompt,10,partC_Qwen3-1.7B-nothink__summary_prompt__N10.json,218,9
Qwen3-1.7B-nothink|summary_prompt|N10|219,Qwen3-1.7B-nothink,summary_prompt,10,partC_Qwen3-1.7B-nothink__summary_prompt__N10.json,219,8
Qwen3-1.7B-nothink|summary_prompt|N10|220,Qwen3-1.7B-nothink,summary_prompt,10,partC_Qwen3-1.7B-nothink__summary_prompt__N10.json,220,9
Qwen3-1.7B-nothink|summary_prompt|N10|221,Qwen3-1.7B-nothink,summary_prompt,10,partC_Qwen3-1.7B-nothink__summary_prompt__N10.json,221,9
Qwen3-1.7B-nothink|summary_prompt|N10|222,Qwen3-1.7B-nothink,summary_prompt,10,partC_Qwen3-1.7B-nothink__summary_prompt__N10.json,222,9
Qwen3-1.7B-nothink|summary_prompt|N10|223,Qwen3-1.7B-nothink,summary_prompt,10,partC_Qwen3-1.7B-nothink__summary_prompt__N10.json,223,9
Qwen3-1.7B-nothink|summary_prompt|N10|224,Qwen3-1.7B-nothink,summary_prompt,10,partC_Qwen3-1.7B-nothink__summary_prompt__N10.json,224,9
Qwen3-1.7B-nothink|summary_prompt|N10|225,Qwen3-1.7B-nothink,summary_prompt,10,partC_Qwen3-1.7B-nothink__summary_prompt__N10.json,225,9
Qwen3-1.7B-nothink|summary_prompt|N10|226,Qwen3-1.7B-nothink,summary_prompt,10,partC_Qwen3-1.7B-nothink__summary_prompt__N10.json,226,9
Qwen3-1.7B-nothink|summary_prompt|N10|227,Qwen3-1.7B-nothink,summary_prompt,10,partC_Qwen3-1.7B-nothink__summary_prompt__N10.json,227,9
Qwen3-1.7B-nothink|summary_prompt|N10|228,Qwen3-1.7B-nothink,summary_prompt,10,partC_Qwen3-1.7B-nothink__summary_prompt__N10.json,228,9
Qwen3-1.7B-nothink|summary_prompt|N10|229,Qwen3-1.7B-nothink,summary_prompt,10,partC_Qwen3-1.7B-nothink__summary_prompt__N10.json,229,9
Qwen3-1.7B-nothink|summary_prompt|N10|230,Qwen3-1.7B-nothink,summary_prompt,10,partC_Qwen3-1.7B-nothink__summary_prompt__N10.json,230,9
Qwen3-1.7B-nothink|summary_prompt|N10|231,Qwen3-1.7B-nothink,summary_prompt,10,partC_Qwen3-1.7B-nothink__summary_prompt__N10.json,231,9
Qwen3-1.7B-nothink|summary_prompt|N10|232,Qwen3-1.7B-nothink,summary_prompt,10,partC_Qwen3-1.7B-nothink__summary_prompt__N10.json,232,9
Qwen3-1.7B-nothink|summary_prompt|N10|233,Qwen3-1.7B-nothink,summary_prompt,10,partC_Qwen3-1.7B-nothink__summary_prompt__N10.json,233,9
Qwen3-1.7B-nothink|summary_prompt|N10|234,Qwen3-1.7B-nothink,summary_prompt,10,partC_Qwen3-1.7B-nothink__summary_prompt__N10.json,234,8
Qwen3-1.7B-nothink|summary_prompt|N10|235,Qwen3-1.7B-nothink,summary_prompt,10,partC_Qwen3-1.7B-nothink__summary_prompt__N10.json,235,9
Qwen3-1.7B-nothink|summary_prompt|N10|236,Qwen3-1.7B-nothink,summary_prompt,10,partC_Qwen3-1.7B-nothink__summary_prompt__N10.json,236,9
Qwen3-1.7B-nothink|summary_prompt|N10|237,Qwen3-1.7B-nothink,summary_prompt,10,partC_Qwen3-1.7B-nothink__summary_prompt__N10.json,237,9
Qwen3-1.7B-nothink|summary_prompt|N10|238,Qwen3-1.7B-nothink,summary_prompt,10,partC_Qwen3-1.7B-nothink__summary_prompt__N10.json,238,9
Qwen3-1.7B-nothink|summary_prompt|N10|239,Qwen3-1.7B-nothink,summary_prompt,10,partC_Qwen3-1.7B-nothink__summary_prompt__N10.json,239,9
Qwen3-1.7B-nothink|summary_prompt|N10|240,Qwen3-1.7B-nothink,summary_prompt,10,partC_Qwen3-1.7B-nothink__summary_prompt__N10.json,240,9
Qwen3-1.7B-nothink|summary_prompt|N10|241,Qwen3-1.7B-nothink,summary_prompt,10,partC_Qwen3-1.7B-nothink__summary_prompt__N10.json,241,9
Qwen3-1.7B-nothink|summary_prompt|N10|242,Qwen3-1.7B-nothink,summary_prompt,10,partC_Qwen3-1.7B-nothink__summary_prompt__N10.json,242,9
Qwen3-1.7B-nothink|summary_prompt|N10|243,Qwen3-1.7B-nothink,summary_prompt,10,partC_Qwen3-1.7B-nothink__summary_prompt__N10.json,243,9
Qwen3-1.7B-nothink|summary_prompt|N10|244,Qwen3-1.7B-nothink,summary_prompt,10,partC_Qwen3-1.7B-nothink__summary_prompt__N10.json,244,9
Qwen3-1.7B-nothink|summary_prompt|N10|245,Qwen3-1.7B-nothink,summary_prompt,10,partC_Qwen3-1.7B-nothink__summary_prompt__N10.json,245,9
Qwen3-1.7B-nothink|summary_prompt|N10|246,Qwen3-1.7B-nothink,summary_prompt,10,partC_Qwen3-1.7B-nothink__summary_prompt__N10.json,246,9
Qwen3-1.7B-nothink|summary_prompt|N10|247,Qwen3-1.7B-nothink,summary_prompt,10,partC_Qwen3-1.7B-nothink__summary_prompt__N10.json,247,7
Qwen3-1.7B-nothink|summary_prompt|N10|248,Qwen3-1.7B-nothink,summary_prompt,10,partC_Qwen3-1.7B-nothink__summary_prompt__N10.json,248,9
Qwen3-1.7B-nothink|summary_prompt|N10|249,Qwen3-1.7B-nothink,summary_prompt,10,partC_Qwen3-1.7B-nothink__summary_prompt__N10.json,249,9
Qwen3-1.7B-nothink|summary_prompt|N10|250,Qwen3-1.7B-nothink,summary_prompt,10,partC_Qwen3-1.7B-nothink__summary_prompt__N10.json,250,10
Qwen3-1.7B-nothink|summary_prompt|N10|251,Qwen3-1.7B-nothink,summary_prompt,10,partC_Qwen3-1.7B-nothink__summary_prompt__N10.json,251,9
Qwen3-1.7B-nothink|summary_prompt|N10|252,Qwen3-1.7B-nothink,summary_prompt,10,partC_Qwen3-1.7B-nothink__summary_prompt__N10.json,252,9
Qwen3-1.7B-nothink|summary_prompt|N10|253,Qwen3-1.7B-nothink,summary_prompt,10,partC_Qwen3-1.7B-nothink__summary_prompt__N10.json,253,9
Qwen3-1.7B-nothink|summary_prompt|N10|254,Qwen3-1.7B-nothink,summary_prompt,10,partC_Qwen3-1.7B-nothink__summary_prompt__N10.json,254,9
Qwen3-1.7B-nothink|summary_prompt|N10|255,Qwen3-1.7B-nothink,summary_prompt,10,partC_Qwen3-1.7B-nothink__summary_prompt__N10.json,255,9
Qwen3-1.7B-nothink|summary_prompt|N10|256,Qwen3-1.7B-nothink,summary_prompt,10,partC_Qwen3-1.7B-nothink__summary_prompt__N10.json,256,9
Qwen3-1.7B-nothink|summary_prompt|N10|257,Qwen3-1.7B-nothink,summary_prompt,10,partC_Qwen3-1.7B-nothink__summary_prompt__N10.json,257,9
Qwen3-1.7B-nothink|summary_prompt|N10|258,Qwen3-1.7B-nothink,summary_prompt,10,partC_Qwen3-1.7B-nothink__summary_prompt__N10.json,258,9
Qwen3-1.7B-nothink|summary_prompt|N10|259,Qwen3-1.7B-nothink,summary_prompt,10,partC_Qwen3-1.7B-nothink__summary_prompt__N10.json,259,7
Qwen3-1.7B-nothink|summary_prompt|N10|260,Qwen3-1.7B-nothink,summary_prompt,10,partC_Qwen3-1.7B-nothink__summary_prompt__N10.json,260,9
Qwen3-1.7B-nothink|summary_prompt|N10|261,Qwen3-1.7B-nothink,summary_prompt,10,partC_Qwen3-1.7B-nothink__summary_prompt__N10.json,261,7
Qwen3-1.7B-nothink|summary_prompt|N10|262,Qwen3-1.7B-nothink,summary_prompt,10,partC_Qwen3-1.7B-nothink__summary_prompt__N10.json,262,8
Qwen3-1.7B-nothink|summary_prompt|N10|263,Qwen3-1.7B-nothink,summary_prompt,10,partC_Qwen3-1.7B-nothink__summary_prompt__N10.json,263,4
Qwen3-1.7B-nothink|summary_prompt|N10|264,Qwen3-1.7B-nothink,summary_prompt,10,partC_Qwen3-1.7B-nothink__summary_prompt__N10.json,264,6
Qwen3-1.7B-nothink|summary_prompt|N10|265,Qwen3-1.7B-nothink,summary_prompt,10,partC_Qwen3-1.7B-nothink__summary_prompt__N10.json,265,4
Qwen3-1.7B-nothink|summary_prompt|N10|266,Qwen3-1.7B-nothink,summary_prompt,10,partC_Qwen3-1.7B-nothink__summary_prompt__N10.json,266,6
Qwen3-1.7B-nothink|summary_prompt|N10|267,Qwen3-1.7B-nothink,summary_prompt,10,partC_Qwen3-1.7B-nothink__summary_prompt__N10.json,267,9
Qwen3-1.7B-nothink|summary_prompt|N10|268,Qwen3-1.7B-nothink,summary_prompt,10,partC_Qwen3-1.7B-nothink__summary_prompt__N10.json,268,8
Qwen3-1.7B-nothink|summary_prompt|N10|269,Qwen3-1.7B-nothink,summary_prompt,10,partC_Qwen3-1.7B-nothink__summary_prompt__N10.json,269,9
Qwen3-1.7B-nothink|summary_prompt|N10|270,Qwen3-1.7B-nothink,summary_prompt,10,partC_Qwen3-1.7B-nothink__summary_prompt__N10.json,270,6
Qwen3-1.7B-nothink|summary_prompt|N10|271,Qwen3-1.7B-nothink,summary_prompt,10,partC_Qwen3-1.7B-nothink__summary_prompt__N10.json,271,7
Qwen3-1.7B-nothink|summary_prompt|N10|272,Qwen3-1.7B-nothink,summary_prompt,10,partC_Qwen3-1.7B-nothink__summary_prompt__N10.json,272,7
Qwen3-1.7B-nothink|summary_prompt|N10|273,Qwen3-1.7B-nothink,summary_prompt,10,partC_Qwen3-1.7B-nothink__summary_prompt__N10.json,273,7
Qwen3-1.7B-nothink|summary_prompt|N10|274,Qwen3-1.7B-nothink,summary_prompt,10,partC_Qwen3-1.7B-nothink__summary_prompt__N10.json,274,9
Qwen3-1.7B-nothink|summary_prompt|N10|275,Qwen3-1.7B-nothink,summary_prompt,10,partC_Qwen3-1.7B-nothink__summary_prompt__N10.json,275,7
Qwen3-1.7B-nothink|summary_prompt|N10|276,Qwen3-1.7B-nothink,summary_prompt,10,partC_Qwen3-1.7B-nothink__summary_prompt__N10.json,276,7
Qwen3-1.7B-nothink|summary_prompt|N10|277,Qwen3-1.7B-nothink,summary_prompt,10,partC_Qwen3-1.7B-nothink__summary_prompt__N10.json,277,4
Qwen3-1.7B-nothink|summary_prompt|N10|278,Qwen3-1.7B-nothink,summary_prompt,10,partC_Qwen3-1.7B-nothink__summary_prompt__N10.json,278,9
Qwen3-1.7B-nothink|summary_prompt|N10|279,Qwen3-1.7B-nothink,summary_prompt,10,partC_Qwen3-1.7B-nothink__summary_prompt__N10.json,279,7
Qwen3-1.7B-nothink|summary_prompt|N10|280,Qwen3-1.7B-nothink,summary_prompt,10,partC_Qwen3-1.7B-nothink__summary_prompt__N10.json,280,9
Qwen3-1.7B-nothink|summary_prompt|N10|281,Qwen3-1.7B-nothink,summary_prompt,10,partC_Qwen3-1.7B-nothink__summary_prompt__N10.json,281,7
Qwen3-1.7B-nothink|summary_prompt|N10|282,Qwen3-1.7B-nothink,summary_prompt,10,partC_Qwen3-1.7B-nothink__summary_prompt__N10.json,282,9
Qwen3-1.7B-nothink|summary_prompt|N10|283,Qwen3-1.7B-nothink,summary_prompt,10,partC_Qwen3-1.7B-nothink__summary_prompt__N10.json,283,7
Qwen3-1.7B-nothink|summary_prompt|N10|284,Qwen3-1.7B-nothink,summary_prompt,10,partC_Qwen3-1.7B-nothink__summary_prompt__N10.json,284,8
Qwen3-1.7B-nothink|summary_prompt|N10|285,Qwen3-1.7B-nothink,summary_prompt,10,partC_Qwen3-1.7B-nothink__summary_prompt__N10.json,285,9
Qwen3-1.7B-nothink|summary_prompt|N10|286,Qwen3-1.7B-nothink,summary_prompt,10,partC_Qwen3-1.7B-nothink__summary_prompt__N10.json,286,9
Qwen3-1.7B-nothink|summary_prompt|N10|287,Qwen3-1.7B-nothink,summary_prompt,10,partC_Qwen3-1.7B-nothink__summary_prompt__N10.json,287,9
Qwen3-1.7B-nothink|summary_prompt|N10|288,Qwen3-1.7B-nothink,summary_prompt,10,partC_Qwen3-1.7B-nothink__summary_prompt__N10.json,288,6
Qwen3-1.7B-nothink|summary_prompt|N10|289,Qwen3-1.7B-nothink,summary_prompt,10,partC_Qwen3-1.7B-nothink__summary_prompt__N10.json,289,8
Qwen3-1.7B-nothink|summary_prompt|N10|290,Qwen3-1.7B-nothink,summary_prompt,10,partC_Qwen3-1.7B-nothink__summary_prompt__N10.json,290,8
Qwen3-1.7B-nothink|summary_prompt|N10|291,Qwen3-1.7B-nothink,summary_prompt,10,partC_Qwen3-1.7B-nothink__summary_prompt__N10.json,291,7
Qwen3-1.7B-nothink|summary_prompt|N10|292,Qwen3-1.7B-nothink,summary_prompt,10,partC_Qwen3-1.7B-nothink__summary_prompt__N10.json,292,9
Qwen3-1.7B-nothink|summary_prompt|N10|293,Qwen3-1.7B-nothink,summary_prompt,10,partC_Qwen3-1.7B-nothink__summary_prompt__N10.json,293,7
Qwen3-1.7B-nothink|summary_prompt|N10|294,Qwen3-1.7B-nothink,summary_prompt,10,partC_Qwen3-1.7B-nothink__summary_prompt__N10.json,294,9
Qwen3-1.7B-nothink|summary_prompt|N10|295,Qwen3-1.7B-nothink,summary_prompt,10,partC_Qwen3-1.7B-nothink__summary_prompt__N10.json,295,7
Qwen3-1.7B-nothink|summary_prompt|N10|296,Qwen3-1.7B-nothink,summary_prompt,10,partC_Qwen3-1.7B-nothink__summary_prompt__N10.json,296,9
Qwen3-1.7B-nothink|summary_prompt|N10|297,Qwen3-1.7B-nothink,summary_prompt,10,partC_Qwen3-1.7B-nothink__summary_prompt__N10.json,297,8
Qwen3-1.7B-nothink|summary_prompt|N10|298,Qwen3-1.7B-nothink,summary_prompt,10,partC_Qwen3-1.7B-nothink__summary_prompt__N10.json,298,8
Qwen3-1.7B-nothink|summary_prompt|N10|299,Qwen3-1.7B-nothink,summary_prompt,10,partC_Qwen3-1.7B-nothink__summary_prompt__N10.json,299,8
Qwen3-1.7B-nothink|summary_prompt|N10|300,Qwen3-1.7B-nothink,summary_prompt,10,partC_Qwen3-1.7B-nothink__summary_prompt__N10.json,300,9
Qwen3-1.7B-nothink|summary_prompt|N10|301,Qwen3-1.7B-nothink,summary_prompt,10,partC_Qwen3-1.7B-nothink__summary_prompt__N10.json,301,9
Qwen3-1.7B-nothink|summary_prompt|N10|302,Qwen3-1.7B-nothink,summary_prompt,10,partC_Qwen3-1.7B-nothink__summary_prompt__N10.json,302,9
Qwen3-1.7B-nothink|summary_prompt|N10|303,Qwen3-1.7B-nothink,summary_prompt,10,partC_Qwen3-1.7B-nothink__summary_prompt__N10.json,303,9
Qwen3-1.7B-nothink|summary_prompt|N10|304,Qwen3-1.7B-nothink,summary_prompt,10,partC_Qwen3-1.7B-nothink__summary_prompt__N10.json,304,6
Qwen3-1.7B-nothink|summary_prompt|N10|305,Qwen3-1.7B-nothink,summary_prompt,10,partC_Qwen3-1.7B-nothink__summary_prompt__N10.json,305,9
Qwen3-1.7B-nothink|summary_prompt|N10|306,Qwen3-1.7B-nothink,summary_prompt,10,partC_Qwen3-1.7B-nothink__summary_prompt__N10.json,306,9
Qwen3-1.7B-nothink|summary_prompt|N10|307,Qwen3-1.7B-nothink,summary_prompt,10,partC_Qwen3-1.7B-nothink__summary_prompt__N10.json,307,9
Qwen3-1.7B-nothink|summary_prompt|N10|308,Qwen3-1.7B-nothink,summary_prompt,10,partC_Qwen3-1.7B-nothink__summary_prompt__N10.json,308,9
Qwen3-1.7B-nothink|summary_prompt|N10|309,Qwen3-1.7B-nothink,summary_prompt,10,partC_Qwen3-1.7B-nothink__summary_prompt__N10.json,309,7
Qwen3-1.7B-nothink|summary_prompt|N10|310,Qwen3-1.7B-nothink,summary_prompt,10,partC_Qwen3-1.7B-nothink__summary_prompt__N10.json,310,6
Qwen3-1.7B-nothink|summary_prompt|N10|311,Qwen3-1.7B-nothink,summary_prompt,10,partC_Qwen3-1.7B-nothink__summary_prompt__N10.json,311,9
Qwen3-1.7B-nothink|summary_prompt|N10|312,Qwen3-1.7B-nothink,summary_prompt,10,partC_Qwen3-1.7B-nothink__summary_prompt__N10.json,312,9
Qwen3-1.7B-nothink|summary_prompt|N10|313,Qwen3-1.7B-nothink,summary_prompt,10,partC_Qwen3-1.7B-nothink__summary_prompt__N10.json,313,8
Qwen3-1.7B-nothink|summary_prompt|N10|314,Qwen3-1.7B-nothink,summary_prompt,10,partC_Qwen3-1.7B-nothink__summary_prompt__N10.json,314,7
Qwen3-1.7B-nothink|summary_prompt|N10|315,Qwen3-1.7B-nothink,summary_prompt,10,partC_Qwen3-1.7B-nothink__summary_prompt__N10.json,315,9
Qwen3-1.7B-nothink|summary_prompt|N10|316,Qwen3-1.7B-nothink,summary_prompt,10,partC_Qwen3-1.7B-nothink__summary_prompt__N10.json,316,8
Qwen3-1.7B-nothink|summary_prompt|N10|317,Qwen3-1.7B-nothink,summary_prompt,10,partC_Qwen3-1.7B-nothink__summary_prompt__N10.json,317,9
Qwen3-1.7B-nothink|summary_prompt|N10|318,Qwen3-1.7B-nothink,summary_prompt,10,partC_Qwen3-1.7B-nothink__summary_prompt__N10.json,318,6
Qwen3-1.7B-nothink|summary_prompt|N10|319,Qwen3-1.7B-nothink,summary_prompt,10,partC_Qwen3-1.7B-nothink__summary_prompt__N10.json,319,9
Qwen3-1.7B-nothink|summary_prompt|N10|320,Qwen3-1.7B-nothink,summary_prompt,10,partC_Qwen3-1.7B-nothink__summary_prompt__N10.json,320,7
Qwen3-1.7B-nothink|summary_prompt|N10|321,Qwen3-1.7B-nothink,summary_prompt,10,partC_Qwen3-1.7B-nothink__summary_prompt__N10.json,321,9
Qwen3-1.7B-nothink|summary_prompt|N10|322,Qwen3-1.7B-nothink,summary_prompt,10,partC_Qwen3-1.7B-nothink__summary_prompt__N10.json,322,9
Qwen3-1.7B-nothink|summary_prompt|N10|323,Qwen3-1.7B-nothink,summary_prompt,10,partC_Qwen3-1.7B-nothink__summary_prompt__N10.json,323,9
Qwen3-1.7B-nothink|summary_prompt|N10|324,Qwen3-1.7B-nothink,summary_prompt,10,partC_Qwen3-1.7B-nothink__summary_prompt__N10.json,324,9
Qwen3-1.7B-nothink|summary_prompt|N10|325,Qwen3-1.7B-nothink,summary_prompt,10,partC_Qwen3-1.7B-nothink__summary_prompt__N10.json,325,9
Qwen3-1.7B-nothink|summary_prompt|N10|326,Qwen3-1.7B-nothink,summary_prompt,10,partC_Qwen3-1.7B-nothink__summary_prompt__N10.json,326,4
Qwen3-1.7B-nothink|summary_prompt|N10|327,Qwen3-1.7B-nothink,summary_prompt,10,partC_Qwen3-1.7B-nothink__summary_prompt__N10.json,327,9
Qwen3-1.7B-nothink|summary_prompt|N10|328,Qwen3-1.7B-nothink,summary_prompt,10,partC_Qwen3-1.7B-nothink__summary_prompt__N10.json,328,9
Qwen3-1.7B-nothink|summary_prompt|N10|329,Qwen3-1.7B-nothink,summary_prompt,10,partC_Qwen3-1.7B-nothink__summary_prompt__N10.json,329,7
Qwen3-1.7B-nothink|summary_prompt|N10|330,Qwen3-1.7B-nothink,summary_prompt,10,partC_Qwen3-1.7B-nothink__summary_prompt__N10.json,330,9
Qwen3-1.7B-nothink|summary_prompt|N10|331,Qwen3-1.7B-nothink,summary_prompt,10,partC_Qwen3-1.7B-nothink__summary_prompt__N10.json,331,10
Qwen3-1.7B-nothink|summary_prompt|N10|332,Qwen3-1.7B-nothink,summary_prompt,10,partC_Qwen3-1.7B-nothink__summary_prompt__N10.json,332,9
Qwen3-1.7B-nothink|summary_prompt|N10|333,Qwen3-1.7B-nothink,summary_prompt,10,partC_Qwen3-1.7B-nothink__summary_prompt__N10.json,333,9
Qwen3-1.7B-nothink|summary_prompt|N10|334,Qwen3-1.7B-nothink,summary_prompt,10,partC_Qwen3-1.7B-nothink__summary_prompt__N10.json,334,9
Qwen3-1.7B-nothink|summary_prompt|N10|335,Qwen3-1.7B-nothink,summary_prompt,10,partC_Qwen3-1.7B-nothink__summary_prompt__N10.json,335,9
Qwen3-1.7B-nothink|summary_prompt|N10|336,Qwen3-1.7B-nothink,summary_prompt,10,partC_Qwen3-1.7B-nothink__summary_prompt__N10.json,336,9
Qwen3-1.7B-nothink|summary_prompt|N10|337,Qwen3-1.7B-nothink,summary_prompt,10,partC_Qwen3-1.7B-nothink__summary_prompt__N10.json,337,9
Qwen3-1.7B-nothink|summary_prompt|N10|338,Qwen3-1.7B-nothink,summary_prompt,10,partC_Qwen3-1.7B-nothink__summary_prompt__N10.json,338,9
Qwen3-1.7B-nothink|summary_prompt|N10|339,Qwen3-1.7B-nothink,summary_prompt,10,partC_Qwen3-1.7B-nothink__summary_prompt__N10.json,339,9
Qwen3-1.7B-nothink|summary_prompt|N10|340,Qwen3-1.7B-nothink,summary_prompt,10,partC_Qwen3-1.7B-nothink__summary_prompt__N10.json,340,9
Qwen3-1.7B-nothink|summary_prompt|N10|341,Qwen3-1.7B-nothink,summary_prompt,10,partC_Qwen3-1.7B-nothink__summary_prompt__N10.json,341,9
Qwen3-1.7B-nothink|summary_prompt|N10|342,Qwen3-1.7B-nothink,summary_prompt,10,partC_Qwen3-1.7B-nothink__summary_prompt__N10.json,342,9
Qwen3-1.7B-nothink|summary_prompt|N10|343,Qwen3-1.7B-nothink,summary_prompt,10,partC_Qwen3-1.7B-nothink__summary_prompt__N10.json,343,9
Qwen3-1.7B-nothink|summary_prompt|N10|344,Qwen3-1.7B-nothink,summary_prompt,10,partC_Qwen3-1.7B-nothink__summary_prompt__N10.json,344,9
Qwen3-1.7B-nothink|summary_prompt|N10|345,Qwen3-1.7B-nothink,summary_prompt,10,partC_Qwen3-1.7B-nothink__summary_prompt__N10.json,345,9
Qwen3-1.7B-nothink|summary_prompt|N10|346,Qwen3-1.7B-nothink,summary_prompt,10,partC_Qwen3-1.7B-nothink__summary_prompt__N10.json,346,9
Qwen3-1.7B-nothink|summary_prompt|N10|347,Qwen3-1.7B-nothink,summary_prompt,10,partC_Qwen3-1.7B-nothink__summary_prompt__N10.json,347,9
Qwen3-1.7B-nothink|summary_prompt|N10|348,Qwen3-1.7B-nothink,summary_prompt,10,partC_Qwen3-1.7B-nothink__summary_prompt__N10.json,348,9
Qwen3-1.7B-nothink|summary_prompt|N10|349,Qwen3-1.7B-nothink,summary_prompt,10,partC_Qwen3-1.7B-nothink__summary_prompt__N10.json,349,9
Qwen3-1.7B-nothink|summary_prompt|N10|350,Qwen3-1.7B-nothink,summary_prompt,10,partC_Qwen3-1.7B-nothink__summary_prompt__N10.json,350,9
Qwen3-1.7B-nothink|summary_prompt|N10|351,Qwen3-1.7B-nothink,summary_prompt,10,partC_Qwen3-1.7B-nothink__summary_prompt__N10.json,351,6
Qwen3-1.7B-nothink|summary_prompt|N10|352,Qwen3-1.7B-nothink,summary_prompt,10,partC_Qwen3-1.7B-nothink__summary_prompt__N10.json,352,9
Qwen3-1.7B-nothink|summary_prompt|N10|353,Qwen3-1.7B-nothink,summary_prompt,10,partC_Qwen3-1.7B-nothink__summary_prompt__N10.json,353,9
Qwen3-1.7B-nothink|summary_prompt|N10|354,Qwen3-1.7B-nothink,summary_prompt,10,partC_Qwen3-1.7B-nothink__summary_prompt__N10.json,354,9
Qwen3-1.7B-nothink|summary_prompt|N10|355,Qwen3-1.7B-nothink,summary_prompt,10,partC_Qwen3-1.7B-nothink__summary_prompt__N10.json,355,9
Qwen3-1.7B-nothink|summary_prompt|N10|356,Qwen3-1.7B-nothink,summary_prompt,10,partC_Qwen3-1.7B-nothink__summary_prompt__N10.json,356,9
Qwen3-1.7B-nothink|summary_prompt|N10|357,Qwen3-1.7B-nothink,summary_prompt,10,partC_Qwen3-1.7B-nothink__summary_prompt__N10.json,357,9
Qwen3-1.7B-nothink|summary_prompt|N10|358,Qwen3-1.7B-nothink,summary_prompt,10,partC_Qwen3-1.7B-nothink__summary_prompt__N10.json,358,7
Qwen3-1.7B-nothink|summary_prompt|N10|359,Qwen3-1.7B-nothink,summary_prompt,10,partC_Qwen3-1.7B-nothink__summary_prompt__N10.json,359,9
Qwen3-1.7B-nothink|summary_prompt|N10|360,Qwen3-1.7B-nothink,summary_prompt,10,partC_Qwen3-1.7B-nothink__summary_prompt__N10.json,360,9
Qwen3-1.7B-nothink|summary_prompt|N10|361,Qwen3-1.7B-nothink,summary_prompt,10,partC_Qwen3-1.7B-nothink__summary_prompt__N10.json,361,6
Qwen3-1.7B-nothink|summary_prompt|N10|362,Qwen3-1.7B-nothink,summary_prompt,10,partC_Qwen3-1.7B-nothink__summary_prompt__N10.json,362,7
Qwen3-1.7B-nothink|summary_prompt|N10|363,Qwen3-1.7B-nothink,summary_prompt,10,partC_Qwen3-1.7B-nothink__summary_prompt__N10.json,363,7
Qwen3-1.7B-nothink|summary_prompt|N10|364,Qwen3-1.7B-nothink,summary_prompt,10,partC_Qwen3-1.7B-nothink__summary_prompt__N10.json,364,6
Qwen3-1.7B-nothink|summary_prompt|N10|365,Qwen3-1.7B-nothink,summary_prompt,10,partC_Qwen3-1.7B-nothink__summary_prompt__N10.json,365,7
Qwen3-1.7B-nothink|summary_prompt|N10|366,Qwen3-1.7B-nothink,summary_prompt,10,partC_Qwen3-1.7B-nothink__summary_prompt__N10.json,366,9
Qwen3-1.7B-nothink|summary_prompt|N10|367,Qwen3-1.7B-nothink,summary_prompt,10,partC_Qwen3-1.7B-nothink__summary_prompt__N10.json,367,8
Qwen3-1.7B-nothink|summary_prompt|N10|368,Qwen3-1.7B-nothink,summary_prompt,10,partC_Qwen3-1.7B-nothink__summary_prompt__N10.json,368,9
Qwen3-1.7B-nothink|summary_prompt|N10|369,Qwen3-1.7B-nothink,summary_prompt,10,partC_Qwen3-1.7B-nothink__summary_prompt__N10.json,369,6
Qwen3-1.7B-nothink|summary_prompt|N10|370,Qwen3-1.7B-nothink,summary_prompt,10,partC_Qwen3-1.7B-nothink__summary_prompt__N10.json,370,6
Qwen3-1.7B-nothink|summary_prompt|N10|371,Qwen3-1.7B-nothink,summary_prompt,10,partC_Qwen3-1.7B-nothink__summary_prompt__N10.json,371,9
Qwen3-1.7B-nothink|summary_prompt|N10|372,Qwen3-1.7B-nothink,summary_prompt,10,partC_Qwen3-1.7B-nothink__summary_prompt__N10.json,372,7
Qwen3-1.7B-nothink|summary_prompt|N10|373,Qwen3-1.7B-nothink,summary_prompt,10,partC_Qwen3-1.7B-nothink__summary_prompt__N10.json,373,4
Qwen3-1.7B-nothink|summary_prompt|N10|374,Qwen3-1.7B-nothink,summary_prompt,10,partC_Qwen3-1.7B-nothink__summary_prompt__N10.json,374,6
Qwen3-1.7B-nothink|summary_prompt|N10|375,Qwen3-1.7B-nothink,summary_prompt,10,partC_Qwen3-1.7B-nothink__summary_prompt__N10.json,375,6
Qwen3-1.7B-nothink|summary_prompt|N10|376,Qwen3-1.7B-nothink,summary_prompt,10,partC_Qwen3-1.7B-nothink__summary_prompt__N10.json,376,9
Qwen3-1.7B-nothink|summary_prompt|N10|377,Qwen3-1.7B-nothink,summary_prompt,10,partC_Qwen3-1.7B-nothink__summary_prompt__N10.json,377,6
Qwen3-1.7B-nothink|summary_prompt|N10|378,Qwen3-1.7B-nothink,summary_prompt,10,partC_Qwen3-1.7B-nothink__summary_prompt__N10.json,378,9
Qwen3-1.7B-nothink|summary_prompt|N10|379,Qwen3-1.7B-nothink,summary_prompt,10,partC_Qwen3-1.7B-nothink__summary_prompt__N10.json,379,6
Qwen3-1.7B-nothink|summary_prompt|N10|380,Qwen3-1.7B-nothink,summary_prompt,10,partC_Qwen3-1.7B-nothink__summary_prompt__N10.json,380,9
Qwen3-1.7B-nothink|summary_prompt|N10|381,Qwen3-1.7B-nothink,summary_prompt,10,partC_Qwen3-1.7B-nothink__summary_prompt__N10.json,381,6
Qwen3-1.7B-nothink|summary_prompt|N10|382,Qwen3-1.7B-nothink,summary_prompt,10,partC_Qwen3-1.7B-nothink__summary_prompt__N10.json,382,9
Qwen3-1.7B-nothink|summary_prompt|N10|383,Qwen3-1.7B-nothink,summary_prompt,10,partC_Qwen3-1.7B-nothink__summary_prompt__N10.json,383,9
Qwen3-1.7B-nothink|summary_prompt|N10|384,Qwen3-1.7B-nothink,summary_prompt,10,partC_Qwen3-1.7B-nothink__summary_prompt__N10.json,384,6
Qwen3-1.7B-nothink|summary_prompt|N10|385,Qwen3-1.7B-nothink,summary_prompt,10,partC_Qwen3-1.7B-nothink__summary_prompt__N10.json,385,6
Qwen3-1.7B-nothink|summary_prompt|N10|386,Qwen3-1.7B-nothink,summary_prompt,10,partC_Qwen3-1.7B-nothink__summary_prompt__N10.json,386,4
Qwen3-1.7B-nothink|summary_prompt|N10|387,Qwen3-1.7B-nothink,summary_prompt,10,partC_Qwen3-1.7B-nothink__summary_prompt__N10.json,387,6
Qwen3-1.7B-nothink|summary_prompt|N10|388,Qwen3-1.7B-nothink,summary_prompt,10,partC_Qwen3-1.7B-nothink__summary_prompt__N10.json,388,7
Qwen3-1.7B-nothink|summary_prompt|N10|389,Qwen3-1.7B-nothink,summary_prompt,10,partC_Qwen3-1.7B-nothink__summary_prompt__N10.json,389,9
Qwen3-1.7B-nothink|summary_prompt|N10|390,Qwen3-1.7B-nothink,summary_prompt,10,partC_Qwen3-1.7B-nothink__summary_prompt__N10.json,390,4
Qwen3-1.7B-nothink|summary_prompt|N10|391,Qwen3-1.7B-nothink,summary_prompt,10,partC_Qwen3-1.7B-nothink__summary_prompt__N10.json,391,8
Qwen3-1.7B-nothink|summary_prompt|N10|392,Qwen3-1.7B-nothink,summary_prompt,10,partC_Qwen3-1.7B-nothink__summary_prompt__N10.json,392,6
Qwen3-1.7B-nothink|summary_prompt|N10|393,Qwen3-1.7B-nothink,summary_prompt,10,partC_Qwen3-1.7B-nothink__summary_prompt__N10.json,393,8
Qwen3-1.7B-nothink|summary_prompt|N10|394,Qwen3-1.7B-nothink,summary_prompt,10,partC_Qwen3-1.7B-nothink__summary_prompt__N10.json,394,6
Qwen3-1.7B-nothink|summary_prompt|N10|395,Qwen3-1.7B-nothink,summary_prompt,10,partC_Qwen3-1.7B-nothink__summary_prompt__N10.json,395,6
Qwen3-1.7B-nothink|summary_prompt|N10|396,Qwen3-1.7B-nothink,summary_prompt,10,partC_Qwen3-1.7B-nothink__summary_prompt__N10.json,396,7
Qwen3-1.7B-nothink|summary_prompt|N10|397,Qwen3-1.7B-nothink,summary_prompt,10,partC_Qwen3-1.7B-nothink__summary_prompt__N10.json,397,6
Qwen3-1.7B-nothink|summary_prompt|N10|398,Qwen3-1.7B-nothink,summary_prompt,10,partC_Qwen3-1.7B-nothink__summary_prompt__N10.json,398,3
Qwen3-1.7B-nothink|summary_prompt|N10|399,Qwen3-1.7B-nothink,summary_prompt,10,partC_Qwen3-1.7B-nothink__summary_prompt__N10.json,399,8
Qwen3-1.7B-nothink|summary_prompt|N10|400,Qwen3-1.7B-nothink,summary_prompt,10,partC_Qwen3-1.7B-nothink__summary_prompt__N10.json,400,9
Qwen3-1.7B-nothink|summary_prompt|N10|401,Qwen3-1.7B-nothink,summary_prompt,10,partC_Qwen3-1.7B-nothink__summary_prompt__N10.json,401,9
Qwen3-1.7B-nothink|summary_prompt|N10|402,Qwen3-1.7B-nothink,summary_prompt,10,partC_Qwen3-1.7B-nothink__summary_prompt__N10.json,402,9
Qwen3-1.7B-nothink|summary_prompt|N10|403,Qwen3-1.7B-nothink,summary_prompt,10,partC_Qwen3-1.7B-nothink__summary_prompt__N10.json,403,9
Qwen3-1.7B-nothink|summary_prompt|N10|404,Qwen3-1.7B-nothink,summary_prompt,10,partC_Qwen3-1.7B-nothink__summary_prompt__N10.json,404,9
Qwen3-1.7B-nothink|summary_prompt|N10|405,Qwen3-1.7B-nothink,summary_prompt,10,partC_Qwen3-1.7B-nothink__summary_prompt__N10.json,405,9
Qwen3-1.7B-nothink|summary_prompt|N10|406,Qwen3-1.7B-nothink,summary_prompt,10,partC_Qwen3-1.7B-nothink__summary_prompt__N10.json,406,9
Qwen3-1.7B-nothink|summary_prompt|N10|407,Qwen3-1.7B-nothink,summary_prompt,10,partC_Qwen3-1.7B-nothink__summary_prompt__N10.json,407,9
Qwen3-1.7B-nothink|summary_prompt|N10|408,Qwen3-1.7B-nothink,summary_prompt,10,partC_Qwen3-1.7B-nothink__summary_prompt__N10.json,408,9
Qwen3-1.7B-nothink|summary_prompt|N10|409,Qwen3-1.7B-nothink,summary_prompt,10,partC_Qwen3-1.7B-nothink__summary_prompt__N10.json,409,9
Qwen3-1.7B-nothink|summary_prompt|N10|410,Qwen3-1.7B-nothink,summary_prompt,10,partC_Qwen3-1.7B-nothink__summary_prompt__N10.json,410,9
Qwen3-1.7B-nothink|summary_prompt|N10|411,Qwen3-1.7B-nothink,summary_prompt,10,partC_Qwen3-1.7B-nothink__summary_prompt__N10.json,411,9
Qwen3-1.7B-nothink|summary_prompt|N10|412,Qwen3-1.7B-nothink,summary_prompt,10,partC_Qwen3-1.7B-nothink__summary_prompt__N10.json,412,9
Qwen3-1.7B-nothink|summary_prompt|N10|413,Qwen3-1.7B-nothink,summary_prompt,10,partC_Qwen3-1.7B-nothink__summary_prompt__N10.json,413,9
Qwen3-1.7B-nothink|summary_prompt|N10|414,Qwen3-1.7B-nothink,summary_prompt,10,partC_Qwen3-1.7B-nothink__summary_prompt__N10.json,414,9
Qwen3-1.7B-nothink|summary_prompt|N10|415,Qwen3-1.7B-nothink,summary_prompt,10,partC_Qwen3-1.7B-nothink__summary_prompt__N10.json,415,7
Qwen3-1.7B-nothink|summary_prompt|N10|416,Qwen3-1.7B-nothink,summary_prompt,10,partC_Qwen3-1.7B-nothink__summary_prompt__N10.json,416,9
Qwen3-1.7B-nothink|summary_prompt|N10|417,Qwen3-1.7B-nothink,summary_prompt,10,partC_Qwen3-1.7B-nothink__summary_prompt__N10.json,417,9
Qwen3-1.7B-nothink|summary_prompt|N10|418,Qwen3-1.7B-nothink,summary_prompt,10,partC_Qwen3-1.7B-nothink__summary_prompt__N10.json,418,6
Qwen3-1.7B-nothink|summary_prompt|N10|419,Qwen3-1.7B-nothink,summary_prompt,10,partC_Qwen3-1.7B-nothink__summary_prompt__N10.json,419,7
Qwen3-1.7B-nothink|summary_prompt|N10|420,Qwen3-1.7B-nothink,summary_prompt,10,partC_Qwen3-1.7B-nothink__summary_prompt__N10.json,420,9
Qwen3-1.7B-nothink|summary_prompt|N10|421,Qwen3-1.7B-nothink,summary_prompt,10,partC_Qwen3-1.7B-nothink__summary_prompt__N10.json,421,9
Qwen3-1.7B-nothink|summary_prompt|N10|422,Qwen3-1.7B-nothink,summary_prompt,10,partC_Qwen3-1.7B-nothink__summary_prompt__N10.json,422,10
Qwen3-1.7B-nothink|summary_prompt|N10|423,Qwen3-1.7B-nothink,summary_prompt,10,partC_Qwen3-1.7B-nothink__summary_prompt__N10.json,423,9
Qwen3-1.7B-nothink|summary_prompt|N10|424,Qwen3-1.7B-nothink,summary_prompt,10,partC_Qwen3-1.7B-nothink__summary_prompt__N10.json,424,6
Qwen3-1.7B-nothink|summary_prompt|N10|425,Qwen3-1.7B-nothink,summary_prompt,10,partC_Qwen3-1.7B-nothink__summary_prompt__N10.json,425,9
Qwen3-1.7B-nothink|summary_prompt|N10|426,Qwen3-1.7B-nothink,summary_prompt,10,partC_Qwen3-1.7B-nothink__summary_prompt__N10.json,426,9
Qwen3-1.7B-nothink|summary_prompt|N10|427,Qwen3-1.7B-nothink,summary_prompt,10,partC_Qwen3-1.7B-nothink__summary_prompt__N10.json,427,9
Qwen3-1.7B-nothink|summary_prompt|N10|428,Qwen3-1.7B-nothink,summary_prompt,10,partC_Qwen3-1.7B-nothink__summary_prompt__N10.json,428,9
Qwen3-1.7B-nothink|summary_prompt|N10|429,Qwen3-1.7B-nothink,summary_prompt,10,partC_Qwen3-1.7B-nothink__summary_prompt__N10.json,429,9
Qwen3-1.7B-nothink|summary_prompt|N10|430,Qwen3-1.7B-nothink,summary_prompt,10,partC_Qwen3-1.7B-nothink__summary_prompt__N10.json,430,9
Qwen3-1.7B-nothink|summary_prompt|N10|431,Qwen3-1.7B-nothink,summary_prompt,10,partC_Qwen3-1.7B-nothink__summary_prompt__N10.json,431,10
Qwen3-1.7B-nothink|summary_prompt|N10|432,Qwen3-1.7B-nothink,summary_prompt,10,partC_Qwen3-1.7B-nothink__summary_prompt__N10.json,432,9
Qwen3-1.7B-nothink|summary_prompt|N10|433,Qwen3-1.7B-nothink,summary_prompt,10,partC_Qwen3-1.7B-nothink__summary_prompt__N10.json,433,9
Qwen3-1.7B-nothink|summary_prompt|N10|434,Qwen3-1.7B-nothink,summary_prompt,10,partC_Qwen3-1.7B-nothink__summary_prompt__N10.json,434,9
Qwen3-1.7B-nothink|summary_prompt|N10|435,Qwen3-1.7B-nothink,summary_prompt,10,partC_Qwen3-1.7B-nothink__summary_prompt__N10.json,435,9
Qwen3-1.7B-nothink|summary_prompt|N10|436,Qwen3-1.7B-nothink,summary_prompt,10,partC_Qwen3-1.7B-nothink__summary_prompt__N10.json,436,9
Qwen3-1.7B-nothink|summary_prompt|N10|437,Qwen3-1.7B-nothink,summary_prompt,10,partC_Qwen3-1.7B-nothink__summary_prompt__N10.json,437,9
Qwen3-1.7B-nothink|summary_prompt|N10|438,Qwen3-1.7B-nothink,summary_prompt,10,partC_Qwen3-1.7B-nothink__summary_prompt__N10.json,438,9
Qwen3-1.7B-nothink|summary_prompt|N10|439,Qwen3-1.7B-nothink,summary_prompt,10,partC_Qwen3-1.7B-nothink__summary_prompt__N10.json,439,9
Qwen3-1.7B-nothink|summary_prompt|N10|440,Qwen3-1.7B-nothink,summary_prompt,10,partC_Qwen3-1.7B-nothink__summary_prompt__N10.json,440,9
Qwen3-1.7B-nothink|summary_prompt|N10|441,Qwen3-1.7B-nothink,summary_prompt,10,partC_Qwen3-1.7B-nothink__summary_prompt__N10.json,441,9
Qwen3-1.7B-nothink|summary_prompt|N10|442,Qwen3-1.7B-nothink,summary_prompt,10,partC_Qwen3-1.7B-nothink__summary_prompt__N10.json,442,6
Qwen3-1.7B-nothink|summary_prompt|N10|443,Qwen3-1.7B-nothink,summary_prompt,10,partC_Qwen3-1.7B-nothink__summary_prompt__N10.json,443,6
Qwen3-1.7B-nothink|summary_prompt|N10|444,Qwen3-1.7B-nothink,summary_prompt,10,partC_Qwen3-1.7B-nothink__summary_prompt__N10.json,444,7
Qwen3-1.7B-nothink|summary_prompt|N10|445,Qwen3-1.7B-nothink,summary_prompt,10,partC_Qwen3-1.7B-nothink__summary_prompt__N10.json,445,9
Qwen3-1.7B-nothink|summary_prompt|N10|446,Qwen3-1.7B-nothink,summary_prompt,10,partC_Qwen3-1.7B-nothink__summary_prompt__N10.json,446,9
Qwen3-1.7B-nothink|summary_prompt|N10|447,Qwen3-1.7B-nothink,summary_prompt,10,partC_Qwen3-1.7B-nothink__summary_prompt__N10.json,447,9
Qwen3-1.7B-nothink|summary_prompt|N10|448,Qwen3-1.7B-nothink,summary_prompt,10,partC_Qwen3-1.7B-nothink__summary_prompt__N10.json,448,6
Qwen3-1.7B-nothink|summary_prompt|N10|449,Qwen3-1.7B-nothink,summary_prompt,10,partC_Qwen3-1.7B-nothink__summary_prompt__N10.json,449,8
Qwen3-1.7B-nothink|summary_prompt|N10|450,Qwen3-1.7B-nothink,summary_prompt,10,partC_Qwen3-1.7B-nothink__summary_prompt__N10.json,450,7
Qwen3-1.7B-nothink|summary_prompt|N10|451,Qwen3-1.7B-nothink,summary_prompt,10,partC_Qwen3-1.7B-nothink__summary_prompt__N10.json,451,9
Qwen3-1.7B-nothink|summary_prompt|N10|452,Qwen3-1.7B-nothink,summary_prompt,10,partC_Qwen3-1.7B-nothink__summary_prompt__N10.json,452,9
Qwen3-1.7B-nothink|summary_prompt|N10|453,Qwen3-1.7B-nothink,summary_prompt,10,partC_Qwen3-1.7B-nothink__summary_prompt__N10.json,453,6
Qwen3-1.7B-nothink|summary_prompt|N10|454,Qwen3-1.7B-nothink,summary_prompt,10,partC_Qwen3-1.7B-nothink__summary_prompt__N10.json,454,9
Qwen3-1.7B-nothink|summary_prompt|N10|455,Qwen3-1.7B-nothink,summary_prompt,10,partC_Qwen3-1.7B-nothink__summary_prompt__N10.json,455,9
Qwen3-1.7B-nothink|summary_prompt|N10|456,Qwen3-1.7B-nothink,summary_prompt,10,partC_Qwen3-1.7B-nothink__summary_prompt__N10.json,456,9
Qwen3-1.7B-nothink|summary_prompt|N10|457,Qwen3-1.7B-nothink,summary_prompt,10,partC_Qwen3-1.7B-nothink__summary_prompt__N10.json,457,6
Qwen3-1.7B-nothink|summary_prompt|N10|458,Qwen3-1.7B-nothink,summary_prompt,10,partC_Qwen3-1.7B-nothink__summary_prompt__N10.json,458,7
Qwen3-1.7B-nothink|summary_prompt|N10|459,Qwen3-1.7B-nothink,summary_prompt,10,partC_Qwen3-1.7B-nothink__summary_prompt__N10.json,459,7
Qwen3-1.7B-nothink|summary_prompt|N10|460,Qwen3-1.7B-nothink,summary_prompt,10,partC_Qwen3-1.7B-nothink__summary_prompt__N10.json,460,10
Qwen3-1.7B-nothink|summary_prompt|N10|461,Qwen3-1.7B-nothink,summary_prompt,10,partC_Qwen3-1.7B-nothink__summary_prompt__N10.json,461,10
Qwen3-1.7B-nothink|summary_prompt|N10|462,Qwen3-1.7B-nothink,summary_prompt,10,partC_Qwen3-1.7B-nothink__summary_prompt__N10.json,462,9
Qwen3-1.7B-nothink|summary_prompt|N10|463,Qwen3-1.7B-nothink,summary_prompt,10,partC_Qwen3-1.7B-nothink__summary_prompt__N10.json,463,10
Qwen3-1.7B-nothink|summary_prompt|N10|464,Qwen3-1.7B-nothink,summary_prompt,10,partC_Qwen3-1.7B-nothink__summary_prompt__N10.json,464,9
Qwen3-1.7B-nothink|summary_prompt|N10|465,Qwen3-1.7B-nothink,summary_prompt,10,partC_Qwen3-1.7B-nothink__summary_prompt__N10.json,465,9
Qwen3-1.7B-nothink|summary_prompt|N10|466,Qwen3-1.7B-nothink,summary_prompt,10,partC_Qwen3-1.7B-nothink__summary_prompt__N10.json,466,9
Qwen3-1.7B-nothink|summary_prompt|N10|467,Qwen3-1.7B-nothink,summary_prompt,10,partC_Qwen3-1.7B-nothink__summary_prompt__N10.json,467,9
Qwen3-1.7B-nothink|summary_prompt|N10|468,Qwen3-1.7B-nothink,summary_prompt,10,partC_Qwen3-1.7B-nothink__summary_prompt__N10.json,468,10
Qwen3-1.7B-nothink|summary_prompt|N10|469,Qwen3-1.7B-nothink,summary_prompt,10,partC_Qwen3-1.7B-nothink__summary_prompt__N10.json,469,9
Qwen3-1.7B-nothink|summary_prompt|N10|470,Qwen3-1.7B-nothink,summary_prompt,10,partC_Qwen3-1.7B-nothink__summary_prompt__N10.json,470,9
Qwen3-1.7B-nothink|summary_prompt|N10|471,Qwen3-1.7B-nothink,summary_prompt,10,partC_Qwen3-1.7B-nothink__summary_prompt__N10.json,471,9
Qwen3-1.7B-nothink|summary_prompt|N10|472,Qwen3-1.7B-nothink,summary_prompt,10,partC_Qwen3-1.7B-nothink__summary_prompt__N10.json,472,10
Qwen3-1.7B-nothink|summary_prompt|N10|473,Qwen3-1.7B-nothink,summary_prompt,10,partC_Qwen3-1.7B-nothink__summary_prompt__N10.json,473,10
Qwen3-1.7B-nothink|summary_prompt|N10|474,Qwen3-1.7B-nothink,summary_prompt,10,partC_Qwen3-1.7B-nothink__summary_prompt__N10.json,474,9
Qwen3-1.7B-nothink|summary_prompt|N10|475,Qwen3-1.7B-nothink,summary_prompt,10,partC_Qwen3-1.7B-nothink__summary_prompt__N10.json,475,9
Qwen3-1.7B-nothink|summary_prompt|N10|476,Qwen3-1.7B-nothink,summary_prompt,10,partC_Qwen3-1.7B-nothink__summary_prompt__N10.json,476,10
Qwen3-1.7B-nothink|summary_prompt|N10|477,Qwen3-1.7B-nothink,summary_prompt,10,partC_Qwen3-1.7B-nothink__summary_prompt__N10.json,477,9
Qwen3-1.7B-nothink|summary_prompt|N10|478,Qwen3-1.7B-nothink,summary_prompt,10,partC_Qwen3-1.7B-nothink__summary_prompt__N10.json,478,7
Qwen3-1.7B-nothink|summary_prompt|N10|479,Qwen3-1.7B-nothink,summary_prompt,10,partC_Qwen3-1.7B-nothink__summary_prompt__N10.json,479,9
Qwen3-1.7B-nothink|summary_prompt|N15|0,Qwen3-1.7B-nothink,summary_prompt,15,partC_Qwen3-1.7B-nothink__summary_prompt__N15.json,0,6
Qwen3-1.7B-nothink|summary_prompt|N15|1,Qwen3-1.7B-nothink,summary_prompt,15,partC_Qwen3-1.7B-nothink__summary_prompt__N15.json,1,9
Qwen3-1.7B-nothink|summary_prompt|N15|2,Qwen3-1.7B-nothink,summary_prompt,15,partC_Qwen3-1.7B-nothink__summary_prompt__N15.json,2,8
Qwen3-1.7B-nothink|summary_prompt|N15|3,Qwen3-1.7B-nothink,summary_prompt,15,partC_Qwen3-1.7B-nothink__summary_prompt__N15.json,3,8
Qwen3-1.7B-nothink|summary_prompt|N15|4,Qwen3-1.7B-nothink,summary_prompt,15,partC_Qwen3-1.7B-nothink__summary_prompt__N15.json,4,6
Qwen3-1.7B-nothink|summary_prompt|N15|5,Qwen3-1.7B-nothink,summary_prompt,15,partC_Qwen3-1.7B-nothink__summary_prompt__N15.json,5,6
Qwen3-1.7B-nothink|summary_prompt|N15|6,Qwen3-1.7B-nothink,summary_prompt,15,partC_Qwen3-1.7B-nothink__summary_prompt__N15.json,6,9
Qwen3-1.7B-nothink|summary_prompt|N15|7,Qwen3-1.7B-nothink,summary_prompt,15,partC_Qwen3-1.7B-nothink__summary_prompt__N15.json,7,7
Qwen3-1.7B-nothink|summary_prompt|N15|8,Qwen3-1.7B-nothink,summary_prompt,15,partC_Qwen3-1.7B-nothink__summary_prompt__N15.json,8,9
Qwen3-1.7B-nothink|summary_prompt|N15|9,Qwen3-1.7B-nothink,summary_prompt,15,partC_Qwen3-1.7B-nothink__summary_prompt__N15.json,9,7
Qwen3-1.7B-nothink|summary_prompt|N15|10,Qwen3-1.7B-nothink,summary_prompt,15,partC_Qwen3-1.7B-nothink__summary_prompt__N15.json,10,8
Qwen3-1.7B-nothink|summary_prompt|N15|11,Qwen3-1.7B-nothink,summary_prompt,15,partC_Qwen3-1.7B-nothink__summary_prompt__N15.json,11,4
Qwen3-1.7B-nothink|summary_prompt|N15|12,Qwen3-1.7B-nothink,summary_prompt,15,partC_Qwen3-1.7B-nothink__summary_prompt__N15.json,12,7
Qwen3-1.7B-nothink|summary_prompt|N15|13,Qwen3-1.7B-nothink,summary_prompt,15,partC_Qwen3-1.7B-nothink__summary_prompt__N15.json,13,6
Qwen3-1.7B-nothink|summary_prompt|N15|14,Qwen3-1.7B-nothink,summary_prompt,15,partC_Qwen3-1.7B-nothink__summary_prompt__N15.json,14,6
Qwen3-1.7B-nothink|summary_prompt|N15|15,Qwen3-1.7B-nothink,summary_prompt,15,partC_Qwen3-1.7B-nothink__summary_prompt__N15.json,15,7
Qwen3-1.7B-nothink|summary_prompt|N15|16,Qwen3-1.7B-nothink,summary_prompt,15,partC_Qwen3-1.7B-nothink__summary_prompt__N15.json,16,6
Qwen3-1.7B-nothink|summary_prompt|N15|17,Qwen3-1.7B-nothink,summary_prompt,15,partC_Qwen3-1.7B-nothink__summary_prompt__N15.json,17,9
Qwen3-1.7B-nothink|summary_prompt|N15|18,Qwen3-1.7B-nothink,summary_prompt,15,partC_Qwen3-1.7B-nothink__summary_prompt__N15.json,18,6
Qwen3-1.7B-nothink|summary_prompt|N15|19,Qwen3-1.7B-nothink,summary_prompt,15,partC_Qwen3-1.7B-nothink__summary_prompt__N15.json,19,6
Qwen3-1.7B-nothink|summary_prompt|N15|20,Qwen3-1.7B-nothink,summary_prompt,15,partC_Qwen3-1.7B-nothink__summary_prompt__N15.json,20,9
Qwen3-1.7B-nothink|summary_prompt|N15|21,Qwen3-1.7B-nothink,summary_prompt,15,partC_Qwen3-1.7B-nothink__summary_prompt__N15.json,21,6
Qwen3-1.7B-nothink|summary_prompt|N15|22,Qwen3-1.7B-nothink,summary_prompt,15,partC_Qwen3-1.7B-nothink__summary_prompt__N15.json,22,9
Qwen3-1.7B-nothink|summary_prompt|N15|23,Qwen3-1.7B-nothink,summary_prompt,15,partC_Qwen3-1.7B-nothink__summary_prompt__N15.json,23,9
Qwen3-1.7B-nothink|summary_prompt|N15|24,Qwen3-1.7B-nothink,summary_prompt,15,partC_Qwen3-1.7B-nothink__summary_prompt__N15.json,24,9
Qwen3-1.7B-nothink|summary_prompt|N15|25,Qwen3-1.7B-nothink,summary_prompt,15,partC_Qwen3-1.7B-nothink__summary_prompt__N15.json,25,6
Qwen3-1.7B-nothink|summary_prompt|N15|26,Qwen3-1.7B-nothink,summary_prompt,15,partC_Qwen3-1.7B-nothink__summary_prompt__N15.json,26,9
Qwen3-1.7B-nothink|summary_prompt|N15|27,Qwen3-1.7B-nothink,summary_prompt,15,partC_Qwen3-1.7B-nothink__summary_prompt__N15.json,27,9
Qwen3-1.7B-nothink|summary_prompt|N15|28,Qwen3-1.7B-nothink,summary_prompt,15,partC_Qwen3-1.7B-nothink__summary_prompt__N15.json,28,3
Qwen3-1.7B-nothink|summary_prompt|N15|29,Qwen3-1.7B-nothink,summary_prompt,15,partC_Qwen3-1.7B-nothink__summary_prompt__N15.json,29,7
Qwen3-1.7B-nothink|summary_prompt|N15|30,Qwen3-1.7B-nothink,summary_prompt,15,partC_Qwen3-1.7B-nothink__summary_prompt__N15.json,30,7
Qwen3-1.7B-nothink|summary_prompt|N15|31,Qwen3-1.7B-nothink,summary_prompt,15,partC_Qwen3-1.7B-nothink__summary_prompt__N15.json,31,9
Qwen3-1.7B-nothink|summary_prompt|N15|32,Qwen3-1.7B-nothink,summary_prompt,15,partC_Qwen3-1.7B-nothink__summary_prompt__N15.json,32,6
Qwen3-1.7B-nothink|summary_prompt|N15|33,Qwen3-1.7B-nothink,summary_prompt,15,partC_Qwen3-1.7B-nothink__summary_prompt__N15.json,33,6
Qwen3-1.7B-nothink|summary_prompt|N15|34,Qwen3-1.7B-nothink,summary_prompt,15,partC_Qwen3-1.7B-nothink__summary_prompt__N15.json,34,3
Qwen3-1.7B-nothink|summary_prompt|N15|35,Qwen3-1.7B-nothink,summary_prompt,15,partC_Qwen3-1.7B-nothink__summary_prompt__N15.json,35,9
Qwen3-1.7B-nothink|summary_prompt|N15|36,Qwen3-1.7B-nothink,summary_prompt,15,partC_Qwen3-1.7B-nothink__summary_prompt__N15.json,36,9
Qwen3-1.7B-nothink|summary_prompt|N15|37,Qwen3-1.7B-nothink,summary_prompt,15,partC_Qwen3-1.7B-nothink__summary_prompt__N15.json,37,9
Qwen3-1.7B-nothink|summary_prompt|N15|38,Qwen3-1.7B-nothink,summary_prompt,15,partC_Qwen3-1.7B-nothink__summary_prompt__N15.json,38,6
Qwen3-1.7B-nothink|summary_prompt|N15|39,Qwen3-1.7B-nothink,summary_prompt,15,partC_Qwen3-1.7B-nothink__summary_prompt__N15.json,39,3
Qwen3-1.7B-nothink|summary_prompt|N15|40,Qwen3-1.7B-nothink,summary_prompt,15,partC_Qwen3-1.7B-nothink__summary_prompt__N15.json,40,7
Qwen3-1.7B-nothink|summary_prompt|N15|41,Qwen3-1.7B-nothink,summary_prompt,15,partC_Qwen3-1.7B-nothink__summary_prompt__N15.json,41,4
Qwen3-1.7B-nothink|summary_prompt|N15|42,Qwen3-1.7B-nothink,summary_prompt,15,partC_Qwen3-1.7B-nothink__summary_prompt__N15.json,42,6
Qwen3-1.7B-nothink|summary_prompt|N15|43,Qwen3-1.7B-nothink,summary_prompt,15,partC_Qwen3-1.7B-nothink__summary_prompt__N15.json,43,6
Qwen3-1.7B-nothink|summary_prompt|N15|44,Qwen3-1.7B-nothink,summary_prompt,15,partC_Qwen3-1.7B-nothink__summary_prompt__N15.json,44,9
Qwen3-1.7B-nothink|summary_prompt|N15|45,Qwen3-1.7B-nothink,summary_prompt,15,partC_Qwen3-1.7B-nothink__summary_prompt__N15.json,45,6
Qwen3-1.7B-nothink|summary_prompt|N15|46,Qwen3-1.7B-nothink,summary_prompt,15,partC_Qwen3-1.7B-nothink__summary_prompt__N15.json,46,4
Qwen3-1.7B-nothink|summary_prompt|N15|47,Qwen3-1.7B-nothink,summary_prompt,15,partC_Qwen3-1.7B-nothink__summary_prompt__N15.json,47,7
Qwen3-1.7B-nothink|summary_prompt|N15|48,Qwen3-1.7B-nothink,summary_prompt,15,partC_Qwen3-1.7B-nothink__summary_prompt__N15.json,48,6
Qwen3-1.7B-nothink|summary_prompt|N15|49,Qwen3-1.7B-nothink,summary_prompt,15,partC_Qwen3-1.7B-nothink__summary_prompt__N15.json,49,7
Qwen3-1.7B-nothink|summary_prompt|N15|50,Qwen3-1.7B-nothink,summary_prompt,15,partC_Qwen3-1.7B-nothink__summary_prompt__N15.json,50,6
Qwen3-1.7B-nothink|summary_prompt|N15|51,Qwen3-1.7B-nothink,summary_prompt,15,partC_Qwen3-1.7B-nothink__summary_prompt__N15.json,51,7
Qwen3-1.7B-nothink|summary_prompt|N15|52,Qwen3-1.7B-nothink,summary_prompt,15,partC_Qwen3-1.7B-nothink__summary_prompt__N15.json,52,7
Qwen3-1.7B-nothink|summary_prompt|N15|53,Qwen3-1.7B-nothink,summary_prompt,15,partC_Qwen3-1.7B-nothink__summary_prompt__N15.json,53,6
Qwen3-1.7B-nothink|summary_prompt|N15|54,Qwen3-1.7B-nothink,summary_prompt,15,partC_Qwen3-1.7B-nothink__summary_prompt__N15.json,54,6
Qwen3-1.7B-nothink|summary_prompt|N15|55,Qwen3-1.7B-nothink,summary_prompt,15,partC_Qwen3-1.7B-nothink__summary_prompt__N15.json,55,9
Qwen3-1.7B-nothink|summary_prompt|N15|56,Qwen3-1.7B-nothink,summary_prompt,15,partC_Qwen3-1.7B-nothink__summary_prompt__N15.json,56,7
Qwen3-1.7B-nothink|summary_prompt|N15|57,Qwen3-1.7B-nothink,summary_prompt,15,partC_Qwen3-1.7B-nothink__summary_prompt__N15.json,57,6
Qwen3-1.7B-nothink|summary_prompt|N15|58,Qwen3-1.7B-nothink,summary_prompt,15,partC_Qwen3-1.7B-nothink__summary_prompt__N15.json,58,4
Qwen3-1.7B-nothink|summary_prompt|N15|59,Qwen3-1.7B-nothink,summary_prompt,15,partC_Qwen3-1.7B-nothink__summary_prompt__N15.json,59,6
Qwen3-1.7B-nothink|summary_prompt|N15|60,Qwen3-1.7B-nothink,summary_prompt,15,partC_Qwen3-1.7B-nothink__summary_prompt__N15.json,60,6
Qwen3-1.7B-nothink|summary_prompt|N15|61,Qwen3-1.7B-nothink,summary_prompt,15,partC_Qwen3-1.7B-nothink__summary_prompt__N15.json,61,4
Qwen3-1.7B-nothink|summary_prompt|N15|62,Qwen3-1.7B-nothink,summary_prompt,15,partC_Qwen3-1.7B-nothink__summary_prompt__N15.json,62,7
Qwen3-1.7B-nothink|summary_prompt|N15|63,Qwen3-1.7B-nothink,summary_prompt,15,partC_Qwen3-1.7B-nothink__summary_prompt__N15.json,63,7
Qwen3-1.7B-nothink|summary_prompt|N15|64,Qwen3-1.7B-nothink,summary_prompt,15,partC_Qwen3-1.7B-nothink__summary_prompt__N15.json,64,4
Qwen3-1.7B-nothink|summary_prompt|N15|65,Qwen3-1.7B-nothink,summary_prompt,15,partC_Qwen3-1.7B-nothink__summary_prompt__N15.json,65,7
Qwen3-1.7B-nothink|summary_prompt|N15|66,Qwen3-1.7B-nothink,summary_prompt,15,partC_Qwen3-1.7B-nothink__summary_prompt__N15.json,66,6
Qwen3-1.7B-nothink|summary_prompt|N15|67,Qwen3-1.7B-nothink,summary_prompt,15,partC_Qwen3-1.7B-nothink__summary_prompt__N15.json,67,4
Qwen3-1.7B-nothink|summary_prompt|N15|68,Qwen3-1.7B-nothink,summary_prompt,15,partC_Qwen3-1.7B-nothink__summary_prompt__N15.json,68,7
Qwen3-1.7B-nothink|summary_prompt|N15|69,Qwen3-1.7B-nothink,summary_prompt,15,partC_Qwen3-1.7B-nothink__summary_prompt__N15.json,69,4
Qwen3-1.7B-nothink|summary_prompt|N15|70,Qwen3-1.7B-nothink,summary_prompt,15,partC_Qwen3-1.7B-nothink__summary_prompt__N15.json,70,6
Qwen3-1.7B-nothink|summary_prompt|N15|71,Qwen3-1.7B-nothink,summary_prompt,15,partC_Qwen3-1.7B-nothink__summary_prompt__N15.json,71,4
Qwen3-1.7B-nothink|summary_prompt|N15|72,Qwen3-1.7B-nothink,summary_prompt,15,partC_Qwen3-1.7B-nothink__summary_prompt__N15.json,72,7
Qwen3-1.7B-nothink|summary_prompt|N15|73,Qwen3-1.7B-nothink,summary_prompt,15,partC_Qwen3-1.7B-nothink__summary_prompt__N15.json,73,9
Qwen3-1.7B-nothink|summary_prompt|N15|74,Qwen3-1.7B-nothink,summary_prompt,15,partC_Qwen3-1.7B-nothink__summary_prompt__N15.json,74,6
Qwen3-1.7B-nothink|summary_prompt|N15|75,Qwen3-1.7B-nothink,summary_prompt,15,partC_Qwen3-1.7B-nothink__summary_prompt__N15.json,75,4
Qwen3-1.7B-nothink|summary_prompt|N15|76,Qwen3-1.7B-nothink,summary_prompt,15,partC_Qwen3-1.7B-nothink__summary_prompt__N15.json,76,9
Qwen3-1.7B-nothink|summary_prompt|N15|77,Qwen3-1.7B-nothink,summary_prompt,15,partC_Qwen3-1.7B-nothink__summary_prompt__N15.json,77,4
Qwen3-1.7B-nothink|summary_prompt|N15|78,Qwen3-1.7B-nothink,summary_prompt,15,partC_Qwen3-1.7B-nothink__summary_prompt__N15.json,78,7
Qwen3-1.7B-nothink|summary_prompt|N15|79,Qwen3-1.7B-nothink,summary_prompt,15,partC_Qwen3-1.7B-nothink__summary_prompt__N15.json,79,6
Qwen3-1.7B-nothink|summary_prompt|N15|80,Qwen3-1.7B-nothink,summary_prompt,15,partC_Qwen3-1.7B-nothink__summary_prompt__N15.json,80,9
Qwen3-1.7B-nothink|summary_prompt|N15|81,Qwen3-1.7B-nothink,summary_prompt,15,partC_Qwen3-1.7B-nothink__summary_prompt__N15.json,81,6
Qwen3-1.7B-nothink|summary_prompt|N15|82,Qwen3-1.7B-nothink,summary_prompt,15,partC_Qwen3-1.7B-nothink__summary_prompt__N15.json,82,10
Qwen3-1.7B-nothink|summary_prompt|N15|83,Qwen3-1.7B-nothink,summary_prompt,15,partC_Qwen3-1.7B-nothink__summary_prompt__N15.json,83,9
Qwen3-1.7B-nothink|summary_prompt|N15|84,Qwen3-1.7B-nothink,summary_prompt,15,partC_Qwen3-1.7B-nothink__summary_prompt__N15.json,84,10
Qwen3-1.7B-nothink|summary_prompt|N15|85,Qwen3-1.7B-nothink,summary_prompt,15,partC_Qwen3-1.7B-nothink__summary_prompt__N15.json,85,9
Qwen3-1.7B-nothink|summary_prompt|N15|86,Qwen3-1.7B-nothink,summary_prompt,15,partC_Qwen3-1.7B-nothink__summary_prompt__N15.json,86,8
Qwen3-1.7B-nothink|summary_prompt|N15|87,Qwen3-1.7B-nothink,summary_prompt,15,partC_Qwen3-1.7B-nothink__summary_prompt__N15.json,87,9
Qwen3-1.7B-nothink|summary_prompt|N15|88,Qwen3-1.7B-nothink,summary_prompt,15,partC_Qwen3-1.7B-nothink__summary_prompt__N15.json,88,8
Qwen3-1.7B-nothink|summary_prompt|N15|89,Qwen3-1.7B-nothink,summary_prompt,15,partC_Qwen3-1.7B-nothink__summary_prompt__N15.json,89,9
Qwen3-1.7B-nothink|summary_prompt|N15|90,Qwen3-1.7B-nothink,summary_prompt,15,partC_Qwen3-1.7B-nothink__summary_prompt__N15.json,90,9
Qwen3-1.7B-nothink|summary_prompt|N15|91,Qwen3-1.7B-nothink,summary_prompt,15,partC_Qwen3-1.7B-nothink__summary_prompt__N15.json,91,8
Qwen3-1.7B-nothink|summary_prompt|N15|92,Qwen3-1.7B-nothink,summary_prompt,15,partC_Qwen3-1.7B-nothink__summary_prompt__N15.json,92,9
Qwen3-1.7B-nothink|summary_prompt|N15|93,Qwen3-1.7B-nothink,summary_prompt,15,partC_Qwen3-1.7B-nothink__summary_prompt__N15.json,93,9
Qwen3-1.7B-nothink|summary_prompt|N15|94,Qwen3-1.7B-nothink,summary_prompt,15,partC_Qwen3-1.7B-nothink__summary_prompt__N15.json,94,9
Qwen3-1.7B-nothink|summary_prompt|N15|95,Qwen3-1.7B-nothink,summary_prompt,15,partC_Qwen3-1.7B-nothink__summary_prompt__N15.json,95,9
Qwen3-1.7B-nothink|summary_prompt|N15|96,Qwen3-1.7B-nothink,summary_prompt,15,partC_Qwen3-1.7B-nothink__summary_prompt__N15.json,96,9
Qwen3-1.7B-nothink|summary_prompt|N15|97,Qwen3-1.7B-nothink,summary_prompt,15,partC_Qwen3-1.7B-nothink__summary_prompt__N15.json,97,9
Qwen3-1.7B-nothink|summary_prompt|N15|98,Qwen3-1.7B-nothink,summary_prompt,15,partC_Qwen3-1.7B-nothink__summary_prompt__N15.json,98,8
Qwen3-1.7B-nothink|summary_prompt|N15|99,Qwen3-1.7B-nothink,summary_prompt,15,partC_Qwen3-1.7B-nothink__summary_prompt__N15.json,99,7
Qwen3-1.7B-nothink|summary_prompt|N15|100,Qwen3-1.7B-nothink,summary_prompt,15,partC_Qwen3-1.7B-nothink__summary_prompt__N15.json,100,9
Qwen3-1.7B-nothink|summary_prompt|N15|101,Qwen3-1.7B-nothink,summary_prompt,15,partC_Qwen3-1.7B-nothink__summary_prompt__N15.json,101,9
Qwen3-1.7B-nothink|summary_prompt|N15|102,Qwen3-1.7B-nothink,summary_prompt,15,partC_Qwen3-1.7B-nothink__summary_prompt__N15.json,102,9
Qwen3-1.7B-nothink|summary_prompt|N15|103,Qwen3-1.7B-nothink,summary_prompt,15,partC_Qwen3-1.7B-nothink__summary_prompt__N15.json,103,9
Qwen3-1.7B-nothink|summary_prompt|N15|104,Qwen3-1.7B-nothink,summary_prompt,15,partC_Qwen3-1.7B-nothink__summary_prompt__N15.json,104,9
Qwen3-1.7B-nothink|summary_prompt|N15|105,Qwen3-1.7B-nothink,summary_prompt,15,partC_Qwen3-1.7B-nothink__summary_prompt__N15.json,105,9
Qwen3-1.7B-nothink|summary_prompt|N15|106,Qwen3-1.7B-nothink,summary_prompt,15,partC_Qwen3-1.7B-nothink__summary_prompt__N15.json,106,9
Qwen3-1.7B-nothink|summary_prompt|N15|107,Qwen3-1.7B-nothink,summary_prompt,15,partC_Qwen3-1.7B-nothink__summary_prompt__N15.json,107,9
Qwen3-1.7B-nothink|summary_prompt|N15|108,Qwen3-1.7B-nothink,summary_prompt,15,partC_Qwen3-1.7B-nothink__summary_prompt__N15.json,108,9
Qwen3-1.7B-nothink|summary_prompt|N15|109,Qwen3-1.7B-nothink,summary_prompt,15,partC_Qwen3-1.7B-nothink__summary_prompt__N15.json,109,9
Qwen3-1.7B-nothink|summary_prompt|N15|110,Qwen3-1.7B-nothink,summary_prompt,15,partC_Qwen3-1.7B-nothink__summary_prompt__N15.json,110,9
Qwen3-1.7B-nothink|summary_prompt|N15|111,Qwen3-1.7B-nothink,summary_prompt,15,partC_Qwen3-1.7B-nothink__summary_prompt__N15.json,111,9
Qwen3-1.7B-nothink|summary_prompt|N15|112,Qwen3-1.7B-nothink,summary_prompt,15,partC_Qwen3-1.7B-nothink__summary_prompt__N15.json,112,9
Qwen3-1.7B-nothink|summary_prompt|N15|113,Qwen3-1.7B-nothink,summary_prompt,15,partC_Qwen3-1.7B-nothink__summary_prompt__N15.json,113,9
Qwen3-1.7B-nothink|summary_prompt|N15|114,Qwen3-1.7B-nothink,summary_prompt,15,partC_Qwen3-1.7B-nothink__summary_prompt__N15.json,114,9
Qwen3-1.7B-nothink|summary_prompt|N15|115,Qwen3-1.7B-nothink,summary_prompt,15,partC_Qwen3-1.7B-nothink__summary_prompt__N15.json,115,9
Qwen3-1.7B-nothink|summary_prompt|N15|116,Qwen3-1.7B-nothink,summary_prompt,15,partC_Qwen3-1.7B-nothink__summary_prompt__N15.json,116,9
Qwen3-1.7B-nothink|summary_prompt|N15|117,Qwen3-1.7B-nothink,summary_prompt,15,partC_Qwen3-1.7B-nothink__summary_prompt__N15.json,117,9
Qwen3-1.7B-nothink|summary_prompt|N15|118,Qwen3-1.7B-nothink,summary_prompt,15,partC_Qwen3-1.7B-nothink__summary_prompt__N15.json,118,9
Qwen3-1.7B-nothink|summary_prompt|N15|119,Qwen3-1.7B-nothink,summary_prompt,15,partC_Qwen3-1.7B-nothink__summary_prompt__N15.json,119,9
Qwen3-1.7B-nothink|summary_prompt|N15|120,Qwen3-1.7B-nothink,summary_prompt,15,partC_Qwen3-1.7B-nothink__summary_prompt__N15.json,120,9
Qwen3-1.7B-nothink|summary_prompt|N15|121,Qwen3-1.7B-nothink,summary_prompt,15,partC_Qwen3-1.7B-nothink__summary_prompt__N15.json,121,9
Qwen3-1.7B-nothink|summary_prompt|N15|122,Qwen3-1.7B-nothink,summary_prompt,15,partC_Qwen3-1.7B-nothink__summary_prompt__N15.json,122,9
Qwen3-1.7B-nothink|summary_prompt|N15|123,Qwen3-1.7B-nothink,summary_prompt,15,partC_Qwen3-1.7B-nothink__summary_prompt__N15.json,123,8
Qwen3-1.7B-nothink|summary_prompt|N15|124,Qwen3-1.7B-nothink,summary_prompt,15,partC_Qwen3-1.7B-nothink__summary_prompt__N15.json,124,9
Qwen3-1.7B-nothink|summary_prompt|N15|125,Qwen3-1.7B-nothink,summary_prompt,15,partC_Qwen3-1.7B-nothink__summary_prompt__N15.json,125,9
Qwen3-1.7B-nothink|summary_prompt|N15|126,Qwen3-1.7B-nothink,summary_prompt,15,partC_Qwen3-1.7B-nothink__summary_prompt__N15.json,126,9
Qwen3-1.7B-nothink|summary_prompt|N15|127,Qwen3-1.7B-nothink,summary_prompt,15,partC_Qwen3-1.7B-nothink__summary_prompt__N15.json,127,10
Qwen3-1.7B-nothink|summary_prompt|N15|128,Qwen3-1.7B-nothink,summary_prompt,15,partC_Qwen3-1.7B-nothink__summary_prompt__N15.json,128,9
Qwen3-1.7B-nothink|summary_prompt|N15|129,Qwen3-1.7B-nothink,summary_prompt,15,partC_Qwen3-1.7B-nothink__summary_prompt__N15.json,129,8
Qwen3-1.7B-nothink|summary_prompt|N15|130,Qwen3-1.7B-nothink,summary_prompt,15,partC_Qwen3-1.7B-nothink__summary_prompt__N15.json,130,9
Qwen3-1.7B-nothink|summary_prompt|N15|131,Qwen3-1.7B-nothink,summary_prompt,15,partC_Qwen3-1.7B-nothink__summary_prompt__N15.json,131,9
Qwen3-1.7B-nothink|summary_prompt|N15|132,Qwen3-1.7B-nothink,summary_prompt,15,partC_Qwen3-1.7B-nothink__summary_prompt__N15.json,132,9
Qwen3-1.7B-nothink|summary_prompt|N15|133,Qwen3-1.7B-nothink,summary_prompt,15,partC_Qwen3-1.7B-nothink__summary_prompt__N15.json,133,9
Qwen3-1.7B-nothink|summary_prompt|N15|134,Qwen3-1.7B-nothink,summary_prompt,15,partC_Qwen3-1.7B-nothink__summary_prompt__N15.json,134,9
Qwen3-1.7B-nothink|summary_prompt|N15|135,Qwen3-1.7B-nothink,summary_prompt,15,partC_Qwen3-1.7B-nothink__summary_prompt__N15.json,135,10
Qwen3-1.7B-nothink|summary_prompt|N15|136,Qwen3-1.7B-nothink,summary_prompt,15,partC_Qwen3-1.7B-nothink__summary_prompt__N15.json,136,9
Qwen3-1.7B-nothink|summary_prompt|N15|137,Qwen3-1.7B-nothink,summary_prompt,15,partC_Qwen3-1.7B-nothink__summary_prompt__N15.json,137,9
Qwen3-1.7B-nothink|summary_prompt|N15|138,Qwen3-1.7B-nothink,summary_prompt,15,partC_Qwen3-1.7B-nothink__summary_prompt__N15.json,138,9
Qwen3-1.7B-nothink|summary_prompt|N15|139,Qwen3-1.7B-nothink,summary_prompt,15,partC_Qwen3-1.7B-nothink__summary_prompt__N15.json,139,9
Qwen3-1.7B-nothink|summary_prompt|N15|140,Qwen3-1.7B-nothink,summary_prompt,15,partC_Qwen3-1.7B-nothink__summary_prompt__N15.json,140,8
Qwen3-1.7B-nothink|summary_prompt|N15|141,Qwen3-1.7B-nothink,summary_prompt,15,partC_Qwen3-1.7B-nothink__summary_prompt__N15.json,141,9
Qwen3-1.7B-nothink|summary_prompt|N15|142,Qwen3-1.7B-nothink,summary_prompt,15,partC_Qwen3-1.7B-nothink__summary_prompt__N15.json,142,9
Qwen3-1.7B-nothink|summary_prompt|N15|143,Qwen3-1.7B-nothink,summary_prompt,15,partC_Qwen3-1.7B-nothink__summary_prompt__N15.json,143,9
Qwen3-1.7B-nothink|summary_prompt|N15|144,Qwen3-1.7B-nothink,summary_prompt,15,partC_Qwen3-1.7B-nothink__summary_prompt__N15.json,144,6
Qwen3-1.7B-nothink|summary_prompt|N15|145,Qwen3-1.7B-nothink,summary_prompt,15,partC_Qwen3-1.7B-nothink__summary_prompt__N15.json,145,7
Qwen3-1.7B-nothink|summary_prompt|N15|146,Qwen3-1.7B-nothink,summary_prompt,15,partC_Qwen3-1.7B-nothink__summary_prompt__N15.json,146,8
Qwen3-1.7B-nothink|summary_prompt|N15|147,Qwen3-1.7B-nothink,summary_prompt,15,partC_Qwen3-1.7B-nothink__summary_prompt__N15.json,147,9
Qwen3-1.7B-nothink|summary_prompt|N15|148,Qwen3-1.7B-nothink,summary_prompt,15,partC_Qwen3-1.7B-nothink__summary_prompt__N15.json,148,9
Qwen3-1.7B-nothink|summary_prompt|N15|149,Qwen3-1.7B-nothink,summary_prompt,15,partC_Qwen3-1.7B-nothink__summary_prompt__N15.json,149,7
Qwen3-1.7B-nothink|summary_prompt|N15|150,Qwen3-1.7B-nothink,summary_prompt,15,partC_Qwen3-1.7B-nothink__summary_prompt__N15.json,150,9
Qwen3-1.7B-nothink|summary_prompt|N15|151,Qwen3-1.7B-nothink,summary_prompt,15,partC_Qwen3-1.7B-nothink__summary_prompt__N15.json,151,7
Qwen3-1.7B-nothink|summary_prompt|N15|152,Qwen3-1.7B-nothink,summary_prompt,15,partC_Qwen3-1.7B-nothink__summary_prompt__N15.json,152,9
Qwen3-1.7B-nothink|summary_prompt|N15|153,Qwen3-1.7B-nothink,summary_prompt,15,partC_Qwen3-1.7B-nothink__summary_prompt__N15.json,153,6
Qwen3-1.7B-nothink|summary_prompt|N15|154,Qwen3-1.7B-nothink,summary_prompt,15,partC_Qwen3-1.7B-nothink__summary_prompt__N15.json,154,9
Qwen3-1.7B-nothink|summary_prompt|N15|155,Qwen3-1.7B-nothink,summary_prompt,15,partC_Qwen3-1.7B-nothink__summary_prompt__N15.json,155,9
Qwen3-1.7B-nothink|summary_prompt|N15|156,Qwen3-1.7B-nothink,summary_prompt,15,partC_Qwen3-1.7B-nothink__summary_prompt__N15.json,156,7
Qwen3-1.7B-nothink|summary_prompt|N15|157,Qwen3-1.7B-nothink,summary_prompt,15,partC_Qwen3-1.7B-nothink__summary_prompt__N15.json,157,9
Qwen3-1.7B-nothink|summary_prompt|N15|158,Qwen3-1.7B-nothink,summary_prompt,15,partC_Qwen3-1.7B-nothink__summary_prompt__N15.json,158,6
Qwen3-1.7B-nothink|summary_prompt|N15|159,Qwen3-1.7B-nothink,summary_prompt,15,partC_Qwen3-1.7B-nothink__summary_prompt__N15.json,159,9
Qwen3-1.7B-nothink|summary_prompt|N15|160,Qwen3-1.7B-nothink,summary_prompt,15,partC_Qwen3-1.7B-nothink__summary_prompt__N15.json,160,9
Qwen3-1.7B-nothink|summary_prompt|N15|161,Qwen3-1.7B-nothink,summary_prompt,15,partC_Qwen3-1.7B-nothink__summary_prompt__N15.json,161,9
Qwen3-1.7B-nothink|summary_prompt|N15|162,Qwen3-1.7B-nothink,summary_prompt,15,partC_Qwen3-1.7B-nothink__summary_prompt__N15.json,162,6
Qwen3-1.7B-nothink|summary_prompt|N15|163,Qwen3-1.7B-nothink,summary_prompt,15,partC_Qwen3-1.7B-nothink__summary_prompt__N15.json,163,7
Qwen3-1.7B-nothink|summary_prompt|N15|164,Qwen3-1.7B-nothink,summary_prompt,15,partC_Qwen3-1.7B-nothink__summary_prompt__N15.json,164,8
Qwen3-1.7B-nothink|summary_prompt|N15|165,Qwen3-1.7B-nothink,summary_prompt,15,partC_Qwen3-1.7B-nothink__summary_prompt__N15.json,165,9
Qwen3-1.7B-nothink|summary_prompt|N15|166,Qwen3-1.7B-nothink,summary_prompt,15,partC_Qwen3-1.7B-nothink__summary_prompt__N15.json,166,9
Qwen3-1.7B-nothink|summary_prompt|N15|167,Qwen3-1.7B-nothink,summary_prompt,15,partC_Qwen3-1.7B-nothink__summary_prompt__N15.json,167,7
Qwen3-1.7B-nothink|summary_prompt|N15|168,Qwen3-1.7B-nothink,summary_prompt,15,partC_Qwen3-1.7B-nothink__summary_prompt__N15.json,168,9
Qwen3-1.7B-nothink|summary_prompt|N15|169,Qwen3-1.7B-nothink,summary_prompt,15,partC_Qwen3-1.7B-nothink__summary_prompt__N15.json,169,9
Qwen3-1.7B-nothink|summary_prompt|N15|170,Qwen3-1.7B-nothink,summary_prompt,15,partC_Qwen3-1.7B-nothink__summary_prompt__N15.json,170,6
Qwen3-1.7B-nothink|summary_prompt|N15|171,Qwen3-1.7B-nothink,summary_prompt,15,partC_Qwen3-1.7B-nothink__summary_prompt__N15.json,171,9
Qwen3-1.7B-nothink|summary_prompt|N15|172,Qwen3-1.7B-nothink,summary_prompt,15,partC_Qwen3-1.7B-nothink__summary_prompt__N15.json,172,9
Qwen3-1.7B-nothink|summary_prompt|N15|173,Qwen3-1.7B-nothink,summary_prompt,15,partC_Qwen3-1.7B-nothink__summary_prompt__N15.json,173,8
Qwen3-1.7B-nothink|summary_prompt|N15|174,Qwen3-1.7B-nothink,summary_prompt,15,partC_Qwen3-1.7B-nothink__summary_prompt__N15.json,174,9
Qwen3-1.7B-nothink|summary_prompt|N15|175,Qwen3-1.7B-nothink,summary_prompt,15,partC_Qwen3-1.7B-nothink__summary_prompt__N15.json,175,7
Qwen3-1.7B-nothink|summary_prompt|N15|176,Qwen3-1.7B-nothink,summary_prompt,15,partC_Qwen3-1.7B-nothink__summary_prompt__N15.json,176,7
Qwen3-1.7B-nothink|summary_prompt|N15|177,Qwen3-1.7B-nothink,summary_prompt,15,partC_Qwen3-1.7B-nothink__summary_prompt__N15.json,177,7
Qwen3-1.7B-nothink|summary_prompt|N15|178,Qwen3-1.7B-nothink,summary_prompt,15,partC_Qwen3-1.7B-nothink__summary_prompt__N15.json,178,9
Qwen3-1.7B-nothink|summary_prompt|N15|179,Qwen3-1.7B-nothink,summary_prompt,15,partC_Qwen3-1.7B-nothink__summary_prompt__N15.json,179,7
Qwen3-1.7B-nothink|summary_prompt|N15|180,Qwen3-1.7B-nothink,summary_prompt,15,partC_Qwen3-1.7B-nothink__summary_prompt__N15.json,180,7
Qwen3-1.7B-nothink|summary_prompt|N15|181,Qwen3-1.7B-nothink,summary_prompt,15,partC_Qwen3-1.7B-nothink__summary_prompt__N15.json,181,6
Qwen3-1.7B-nothink|summary_prompt|N15|182,Qwen3-1.7B-nothink,summary_prompt,15,partC_Qwen3-1.7B-nothink__summary_prompt__N15.json,182,9
Qwen3-1.7B-nothink|summary_prompt|N15|183,Qwen3-1.7B-nothink,summary_prompt,15,partC_Qwen3-1.7B-nothink__summary_prompt__N15.json,183,7
Qwen3-1.7B-nothink|summary_prompt|N15|184,Qwen3-1.7B-nothink,summary_prompt,15,partC_Qwen3-1.7B-nothink__summary_prompt__N15.json,184,8
Qwen3-1.7B-nothink|summary_prompt|N15|185,Qwen3-1.7B-nothink,summary_prompt,15,partC_Qwen3-1.7B-nothink__summary_prompt__N15.json,185,9
Qwen3-1.7B-nothink|summary_prompt|N15|186,Qwen3-1.7B-nothink,summary_prompt,15,partC_Qwen3-1.7B-nothink__summary_prompt__N15.json,186,4
Qwen3-1.7B-nothink|summary_prompt|N15|187,Qwen3-1.7B-nothink,summary_prompt,15,partC_Qwen3-1.7B-nothink__summary_prompt__N15.json,187,9
Qwen3-1.7B-nothink|summary_prompt|N15|188,Qwen3-1.7B-nothink,summary_prompt,15,partC_Qwen3-1.7B-nothink__summary_prompt__N15.json,188,7
Qwen3-1.7B-nothink|summary_prompt|N15|189,Qwen3-1.7B-nothink,summary_prompt,15,partC_Qwen3-1.7B-nothink__summary_prompt__N15.json,189,6
Qwen3-1.7B-nothink|summary_prompt|N15|190,Qwen3-1.7B-nothink,summary_prompt,15,partC_Qwen3-1.7B-nothink__summary_prompt__N15.json,190,9
Qwen3-1.7B-nothink|summary_prompt|N15|191,Qwen3-1.7B-nothink,summary_prompt,15,partC_Qwen3-1.7B-nothink__summary_prompt__N15.json,191,6
Qwen3-1.7B-nothink|summary_prompt|N15|192,Qwen3-1.7B-nothink,summary_prompt,15,partC_Qwen3-1.7B-nothink__summary_prompt__N15.json,192,8
Qwen3-1.7B-nothink|summary_prompt|N15|193,Qwen3-1.7B-nothink,summary_prompt,15,partC_Qwen3-1.7B-nothink__summary_prompt__N15.json,193,9
Qwen3-1.7B-nothink|summary_prompt|N15|194,Qwen3-1.7B-nothink,summary_prompt,15,partC_Qwen3-1.7B-nothink__summary_prompt__N15.json,194,6
Qwen3-1.7B-nothink|summary_prompt|N15|195,Qwen3-1.7B-nothink,summary_prompt,15,partC_Qwen3-1.7B-nothink__summary_prompt__N15.json,195,4
Qwen3-1.7B-nothink|summary_prompt|N15|196,Qwen3-1.7B-nothink,summary_prompt,15,partC_Qwen3-1.7B-nothink__summary_prompt__N15.json,196,7
Qwen3-1.7B-nothink|summary_prompt|N15|197,Qwen3-1.7B-nothink,summary_prompt,15,partC_Qwen3-1.7B-nothink__summary_prompt__N15.json,197,9
Qwen3-1.7B-nothink|summary_prompt|N15|198,Qwen3-1.7B-nothink,summary_prompt,15,partC_Qwen3-1.7B-nothink__summary_prompt__N15.json,198,6
Qwen3-1.7B-nothink|summary_prompt|N15|199,Qwen3-1.7B-nothink,summary_prompt,15,partC_Qwen3-1.7B-nothink__summary_prompt__N15.json,199,7
Qwen3-1.7B-nothink|summary_prompt|N15|200,Qwen3-1.7B-nothink,summary_prompt,15,partC_Qwen3-1.7B-nothink__summary_prompt__N15.json,200,9
Qwen3-1.7B-nothink|summary_prompt|N15|201,Qwen3-1.7B-nothink,summary_prompt,15,partC_Qwen3-1.7B-nothink__summary_prompt__N15.json,201,9
Qwen3-1.7B-nothink|summary_prompt|N15|202,Qwen3-1.7B-nothink,summary_prompt,15,partC_Qwen3-1.7B-nothink__summary_prompt__N15.json,202,9
Qwen3-1.7B-nothink|summary_prompt|N15|203,Qwen3-1.7B-nothink,summary_prompt,15,partC_Qwen3-1.7B-nothink__summary_prompt__N15.json,203,7
Qwen3-1.7B-nothink|summary_prompt|N15|204,Qwen3-1.7B-nothink,summary_prompt,15,partC_Qwen3-1.7B-nothink__summary_prompt__N15.json,204,9
Qwen3-1.7B-nothink|summary_prompt|N15|205,Qwen3-1.7B-nothink,summary_prompt,15,partC_Qwen3-1.7B-nothink__summary_prompt__N15.json,205,8
Qwen3-1.7B-nothink|summary_prompt|N15|206,Qwen3-1.7B-nothink,summary_prompt,15,partC_Qwen3-1.7B-nothink__summary_prompt__N15.json,206,7
Qwen3-1.7B-nothink|summary_prompt|N15|207,Qwen3-1.7B-nothink,summary_prompt,15,partC_Qwen3-1.7B-nothink__summary_prompt__N15.json,207,9
Qwen3-1.7B-nothink|summary_prompt|N15|208,Qwen3-1.7B-nothink,summary_prompt,15,partC_Qwen3-1.7B-nothink__summary_prompt__N15.json,208,9
Qwen3-1.7B-nothink|summary_prompt|N15|209,Qwen3-1.7B-nothink,summary_prompt,15,partC_Qwen3-1.7B-nothink__summary_prompt__N15.json,209,9
Qwen3-1.7B-nothink|summary_prompt|N15|210,Qwen3-1.7B-nothink,summary_prompt,15,partC_Qwen3-1.7B-nothink__summary_prompt__N15.json,210,9
Qwen3-1.7B-nothink|summary_prompt|N15|211,Qwen3-1.7B-nothink,summary_prompt,15,partC_Qwen3-1.7B-nothink__summary_prompt__N15.json,211,9
Qwen3-1.7B-nothink|summary_prompt|N15|212,Qwen3-1.7B-nothink,summary_prompt,15,partC_Qwen3-1.7B-nothink__summary_prompt__N15.json,212,4
Qwen3-1.7B-nothink|summary_prompt|N15|213,Qwen3-1.7B-nothink,summary_prompt,15,partC_Qwen3-1.7B-nothink__summary_prompt__N15.json,213,9
Qwen3-1.7B-nothink|summary_prompt|N15|214,Qwen3-1.7B-nothink,summary_prompt,15,partC_Qwen3-1.7B-nothink__summary_prompt__N15.json,214,9
Qwen3-1.7B-nothink|summary_prompt|N15|215,Qwen3-1.7B-nothink,summary_prompt,15,partC_Qwen3-1.7B-nothink__summary_prompt__N15.json,215,9
Qwen3-1.7B-nothink|summary_prompt|N15|216,Qwen3-1.7B-nothink,summary_prompt,15,partC_Qwen3-1.7B-nothink__summary_prompt__N15.json,216,9
Qwen3-1.7B-nothink|summary_prompt|N15|217,Qwen3-1.7B-nothink,summary_prompt,15,partC_Qwen3-1.7B-nothink__summary_prompt__N15.json,217,9
Qwen3-1.7B-nothink|summary_prompt|N15|218,Qwen3-1.7B-nothink,summary_prompt,15,partC_Qwen3-1.7B-nothink__summary_prompt__N15.json,218,9
Qwen3-1.7B-nothink|summary_prompt|N15|219,Qwen3-1.7B-nothink,summary_prompt,15,partC_Qwen3-1.7B-nothink__summary_prompt__N15.json,219,7
Qwen3-1.7B-nothink|summary_prompt|N15|220,Qwen3-1.7B-nothink,summary_prompt,15,partC_Qwen3-1.7B-nothink__summary_prompt__N15.json,220,9
Qwen3-1.7B-nothink|summary_prompt|N15|221,Qwen3-1.7B-nothink,summary_prompt,15,partC_Qwen3-1.7B-nothink__summary_prompt__N15.json,221,9
Qwen3-1.7B-nothink|summary_prompt|N15|222,Qwen3-1.7B-nothink,summary_prompt,15,partC_Qwen3-1.7B-nothink__summary_prompt__N15.json,222,9
Qwen3-1.7B-nothink|summary_prompt|N15|223,Qwen3-1.7B-nothink,summary_prompt,15,partC_Qwen3-1.7B-nothink__summary_prompt__N15.json,223,9
Qwen3-1.7B-nothink|summary_prompt|N15|224,Qwen3-1.7B-nothink,summary_prompt,15,partC_Qwen3-1.7B-nothink__summary_prompt__N15.json,224,9
Qwen3-1.7B-nothink|summary_prompt|N15|225,Qwen3-1.7B-nothink,summary_prompt,15,partC_Qwen3-1.7B-nothink__summary_prompt__N15.json,225,9
Qwen3-1.7B-nothink|summary_prompt|N15|226,Qwen3-1.7B-nothink,summary_prompt,15,partC_Qwen3-1.7B-nothink__summary_prompt__N15.json,226,9
Qwen3-1.7B-nothink|summary_prompt|N15|227,Qwen3-1.7B-nothink,summary_prompt,15,partC_Qwen3-1.7B-nothink__summary_prompt__N15.json,227,9
Qwen3-1.7B-nothink|summary_prompt|N15|228,Qwen3-1.7B-nothink,summary_prompt,15,partC_Qwen3-1.7B-nothink__summary_prompt__N15.json,228,9
Qwen3-1.7B-nothink|summary_prompt|N15|229,Qwen3-1.7B-nothink,summary_prompt,15,partC_Qwen3-1.7B-nothink__summary_prompt__N15.json,229,9
Qwen3-1.7B-nothink|summary_prompt|N15|230,Qwen3-1.7B-nothink,summary_prompt,15,partC_Qwen3-1.7B-nothink__summary_prompt__N15.json,230,9
Qwen3-1.7B-nothink|summary_prompt|N15|231,Qwen3-1.7B-nothink,summary_prompt,15,partC_Qwen3-1.7B-nothink__summary_prompt__N15.json,231,9
Qwen3-1.7B-nothink|summary_prompt|N15|232,Qwen3-1.7B-nothink,summary_prompt,15,partC_Qwen3-1.7B-nothink__summary_prompt__N15.json,232,9
Qwen3-1.7B-nothink|summary_prompt|N15|233,Qwen3-1.7B-nothink,summary_prompt,15,partC_Qwen3-1.7B-nothink__summary_prompt__N15.json,233,9
Qwen3-1.7B-nothink|summary_prompt|N15|234,Qwen3-1.7B-nothink,summary_prompt,15,partC_Qwen3-1.7B-nothink__summary_prompt__N15.json,234,7
Qwen3-1.7B-nothink|summary_prompt|N15|235,Qwen3-1.7B-nothink,summary_prompt,15,partC_Qwen3-1.7B-nothink__summary_prompt__N15.json,235,9
Qwen3-1.7B-nothink|summary_prompt|N15|236,Qwen3-1.7B-nothink,summary_prompt,15,partC_Qwen3-1.7B-nothink__summary_prompt__N15.json,236,9
Qwen3-1.7B-nothink|summary_prompt|N15|237,Qwen3-1.7B-nothink,summary_prompt,15,partC_Qwen3-1.7B-nothink__summary_prompt__N15.json,237,9
Qwen3-1.7B-nothink|summary_prompt|N15|238,Qwen3-1.7B-nothink,summary_prompt,15,partC_Qwen3-1.7B-nothink__summary_prompt__N15.json,238,9
Qwen3-1.7B-nothink|summary_prompt|N15|239,Qwen3-1.7B-nothink,summary_prompt,15,partC_Qwen3-1.7B-nothink__summary_prompt__N15.json,239,9
Qwen3-1.7B-nothink|summary_prompt|N15|240,Qwen3-1.7B-nothink,summary_prompt,15,partC_Qwen3-1.7B-nothink__summary_prompt__N15.json,240,9
Qwen3-1.7B-nothink|summary_prompt|N15|241,Qwen3-1.7B-nothink,summary_prompt,15,partC_Qwen3-1.7B-nothink__summary_prompt__N15.json,241,7
Qwen3-1.7B-nothink|summary_prompt|N15|242,Qwen3-1.7B-nothink,summary_prompt,15,partC_Qwen3-1.7B-nothink__summary_prompt__N15.json,242,9
Qwen3-1.7B-nothink|summary_prompt|N15|243,Qwen3-1.7B-nothink,summary_prompt,15,partC_Qwen3-1.7B-nothink__summary_prompt__N15.json,243,9
Qwen3-1.7B-nothink|summary_prompt|N15|244,Qwen3-1.7B-nothink,summary_prompt,15,partC_Qwen3-1.7B-nothink__summary_prompt__N15.json,244,9
Qwen3-1.7B-nothink|summary_prompt|N15|245,Qwen3-1.7B-nothink,summary_prompt,15,partC_Qwen3-1.7B-nothink__summary_prompt__N15.json,245,9
Qwen3-1.7B-nothink|summary_prompt|N15|246,Qwen3-1.7B-nothink,summary_prompt,15,partC_Qwen3-1.7B-nothink__summary_prompt__N15.json,246,9
Qwen3-1.7B-nothink|summary_prompt|N15|247,Qwen3-1.7B-nothink,summary_prompt,15,partC_Qwen3-1.7B-nothink__summary_prompt__N15.json,247,9
Qwen3-1.7B-nothink|summary_prompt|N15|248,Qwen3-1.7B-nothink,summary_prompt,15,partC_Qwen3-1.7B-nothink__summary_prompt__N15.json,248,9
Qwen3-1.7B-nothink|summary_prompt|N15|249,Qwen3-1.7B-nothink,summary_prompt,15,partC_Qwen3-1.7B-nothink__summary_prompt__N15.json,249,9
Qwen3-1.7B-nothink|summary_prompt|N15|250,Qwen3-1.7B-nothink,summary_prompt,15,partC_Qwen3-1.7B-nothink__summary_prompt__N15.json,250,9
Qwen3-1.7B-nothink|summary_prompt|N15|251,Qwen3-1.7B-nothink,summary_prompt,15,partC_Qwen3-1.7B-nothink__summary_prompt__N15.json,251,9
Qwen3-1.7B-nothink|summary_prompt|N15|252,Qwen3-1.7B-nothink,summary_prompt,15,partC_Qwen3-1.7B-nothink__summary_prompt__N15.json,252,9
Qwen3-1.7B-nothink|summary_prompt|N15|253,Qwen3-1.7B-nothink,summary_prompt,15,partC_Qwen3-1.7B-nothink__summary_prompt__N15.json,253,9
Qwen3-1.7B-nothink|summary_prompt|N15|254,Qwen3-1.7B-nothink,summary_prompt,15,partC_Qwen3-1.7B-nothink__summary_prompt__N15.json,254,9
Qwen3-1.7B-nothink|summary_prompt|N15|255,Qwen3-1.7B-nothink,summary_prompt,15,partC_Qwen3-1.7B-nothink__summary_prompt__N15.json,255,9
Qwen3-1.7B-nothink|summary_prompt|N15|256,Qwen3-1.7B-nothink,summary_prompt,15,partC_Qwen3-1.7B-nothink__summary_prompt__N15.json,256,9
Qwen3-1.7B-nothink|summary_prompt|N15|257,Qwen3-1.7B-nothink,summary_prompt,15,partC_Qwen3-1.7B-nothink__summary_prompt__N15.json,257,9
Qwen3-1.7B-nothink|summary_prompt|N15|258,Qwen3-1.7B-nothink,summary_prompt,15,partC_Qwen3-1.7B-nothink__summary_prompt__N15.json,258,9
Qwen3-1.7B-nothink|summary_prompt|N15|259,Qwen3-1.7B-nothink,summary_prompt,15,partC_Qwen3-1.7B-nothink__summary_prompt__N15.json,259,7
Qwen3-1.7B-nothink|summary_prompt|N15|260,Qwen3-1.7B-nothink,summary_prompt,15,partC_Qwen3-1.7B-nothink__summary_prompt__N15.json,260,9
Qwen3-1.7B-nothink|summary_prompt|N15|261,Qwen3-1.7B-nothink,summary_prompt,15,partC_Qwen3-1.7B-nothink__summary_prompt__N15.json,261,7
Qwen3-1.7B-nothink|summary_prompt|N15|262,Qwen3-1.7B-nothink,summary_prompt,15,partC_Qwen3-1.7B-nothink__summary_prompt__N15.json,262,7
Qwen3-1.7B-nothink|summary_prompt|N15|263,Qwen3-1.7B-nothink,summary_prompt,15,partC_Qwen3-1.7B-nothink__summary_prompt__N15.json,263,4
Qwen3-1.7B-nothink|summary_prompt|N15|264,Qwen3-1.7B-nothink,summary_prompt,15,partC_Qwen3-1.7B-nothink__summary_prompt__N15.json,264,6
Qwen3-1.7B-nothink|summary_prompt|N15|265,Qwen3-1.7B-nothink,summary_prompt,15,partC_Qwen3-1.7B-nothink__summary_prompt__N15.json,265,6
Qwen3-1.7B-nothink|summary_prompt|N15|266,Qwen3-1.7B-nothink,summary_prompt,15,partC_Qwen3-1.7B-nothink__summary_prompt__N15.json,266,7
Qwen3-1.7B-nothink|summary_prompt|N15|267,Qwen3-1.7B-nothink,summary_prompt,15,partC_Qwen3-1.7B-nothink__summary_prompt__N15.json,267,9
Qwen3-1.7B-nothink|summary_prompt|N15|268,Qwen3-1.7B-nothink,summary_prompt,15,partC_Qwen3-1.7B-nothink__summary_prompt__N15.json,268,8
Qwen3-1.7B-nothink|summary_prompt|N15|269,Qwen3-1.7B-nothink,summary_prompt,15,partC_Qwen3-1.7B-nothink__summary_prompt__N15.json,269,6
Qwen3-1.7B-nothink|summary_prompt|N15|270,Qwen3-1.7B-nothink,summary_prompt,15,partC_Qwen3-1.7B-nothink__summary_prompt__N15.json,270,7
Qwen3-1.7B-nothink|summary_prompt|N15|271,Qwen3-1.7B-nothink,summary_prompt,15,partC_Qwen3-1.7B-nothink__summary_prompt__N15.json,271,7
Qwen3-1.7B-nothink|summary_prompt|N15|272,Qwen3-1.7B-nothink,summary_prompt,15,partC_Qwen3-1.7B-nothink__summary_prompt__N15.json,272,6
Qwen3-1.7B-nothink|summary_prompt|N15|273,Qwen3-1.7B-nothink,summary_prompt,15,partC_Qwen3-1.7B-nothink__summary_prompt__N15.json,273,6
Qwen3-1.7B-nothink|summary_prompt|N15|274,Qwen3-1.7B-nothink,summary_prompt,15,partC_Qwen3-1.7B-nothink__summary_prompt__N15.json,274,9
Qwen3-1.7B-nothink|summary_prompt|N15|275,Qwen3-1.7B-nothink,summary_prompt,15,partC_Qwen3-1.7B-nothink__summary_prompt__N15.json,275,9
Qwen3-1.7B-nothink|summary_prompt|N15|276,Qwen3-1.7B-nothink,summary_prompt,15,partC_Qwen3-1.7B-nothink__summary_prompt__N15.json,276,9
Qwen3-1.7B-nothink|summary_prompt|N15|277,Qwen3-1.7B-nothink,summary_prompt,15,partC_Qwen3-1.7B-nothink__summary_prompt__N15.json,277,6
Qwen3-1.7B-nothink|summary_prompt|N15|278,Qwen3-1.7B-nothink,summary_prompt,15,partC_Qwen3-1.7B-nothink__summary_prompt__N15.json,278,8
Qwen3-1.7B-nothink|summary_prompt|N15|279,Qwen3-1.7B-nothink,summary_prompt,15,partC_Qwen3-1.7B-nothink__summary_prompt__N15.json,279,7
Qwen3-1.7B-nothink|summary_prompt|N15|280,Qwen3-1.7B-nothink,summary_prompt,15,partC_Qwen3-1.7B-nothink__summary_prompt__N15.json,280,7
Qwen3-1.7B-nothink|summary_prompt|N15|281,Qwen3-1.7B-nothink,summary_prompt,15,partC_Qwen3-1.7B-nothink__summary_prompt__N15.json,281,8
Qwen3-1.7B-nothink|summary_prompt|N15|282,Qwen3-1.7B-nothink,summary_prompt,15,partC_Qwen3-1.7B-nothink__summary_prompt__N15.json,282,9
Qwen3-1.7B-nothink|summary_prompt|N15|283,Qwen3-1.7B-nothink,summary_prompt,15,partC_Qwen3-1.7B-nothink__summary_prompt__N15.json,283,7
Qwen3-1.7B-nothink|summary_prompt|N15|284,Qwen3-1.7B-nothink,summary_prompt,15,partC_Qwen3-1.7B-nothink__summary_prompt__N15.json,284,7
Qwen3-1.7B-nothink|summary_prompt|N15|285,Qwen3-1.7B-nothink,summary_prompt,15,partC_Qwen3-1.7B-nothink__summary_prompt__N15.json,285,7
Qwen3-1.7B-nothink|summary_prompt|N15|286,Qwen3-1.7B-nothink,summary_prompt,15,partC_Qwen3-1.7B-nothink__summary_prompt__N15.json,286,8
Qwen3-1.7B-nothink|summary_prompt|N15|287,Qwen3-1.7B-nothink,summary_prompt,15,partC_Qwen3-1.7B-nothink__summary_prompt__N15.json,287,8
Qwen3-1.7B-nothink|summary_prompt|N15|288,Qwen3-1.7B-nothink,summary_prompt,15,partC_Qwen3-1.7B-nothink__summary_prompt__N15.json,288,7
Qwen3-1.7B-nothink|summary_prompt|N15|289,Qwen3-1.7B-nothink,summary_prompt,15,partC_Qwen3-1.7B-nothink__summary_prompt__N15.json,289,8
Qwen3-1.7B-nothink|summary_prompt|N15|290,Qwen3-1.7B-nothink,summary_prompt,15,partC_Qwen3-1.7B-nothink__summary_prompt__N15.json,290,9
Qwen3-1.7B-nothink|summary_prompt|N15|291,Qwen3-1.7B-nothink,summary_prompt,15,partC_Qwen3-1.7B-nothink__summary_prompt__N15.json,291,7
Qwen3-1.7B-nothink|summary_prompt|N15|292,Qwen3-1.7B-nothink,summary_prompt,15,partC_Qwen3-1.7B-nothink__summary_prompt__N15.json,292,8
Qwen3-1.7B-nothink|summary_prompt|N15|293,Qwen3-1.7B-nothink,summary_prompt,15,partC_Qwen3-1.7B-nothink__summary_prompt__N15.json,293,8
Qwen3-1.7B-nothink|summary_prompt|N15|294,Qwen3-1.7B-nothink,summary_prompt,15,partC_Qwen3-1.7B-nothink__summary_prompt__N15.json,294,9
Qwen3-1.7B-nothink|summary_prompt|N15|295,Qwen3-1.7B-nothink,summary_prompt,15,partC_Qwen3-1.7B-nothink__summary_prompt__N15.json,295,7
Qwen3-1.7B-nothink|summary_prompt|N15|296,Qwen3-1.7B-nothink,summary_prompt,15,partC_Qwen3-1.7B-nothink__summary_prompt__N15.json,296,9
Qwen3-1.7B-nothink|summary_prompt|N15|297,Qwen3-1.7B-nothink,summary_prompt,15,partC_Qwen3-1.7B-nothink__summary_prompt__N15.json,297,8
Qwen3-1.7B-nothink|summary_prompt|N15|298,Qwen3-1.7B-nothink,summary_prompt,15,partC_Qwen3-1.7B-nothink__summary_prompt__N15.json,298,6
Qwen3-1.7B-nothink|summary_prompt|N15|299,Qwen3-1.7B-nothink,summary_prompt,15,partC_Qwen3-1.7B-nothink__summary_prompt__N15.json,299,9
Qwen3-1.7B-nothink|summary_prompt|N15|300,Qwen3-1.7B-nothink,summary_prompt,15,partC_Qwen3-1.7B-nothink__summary_prompt__N15.json,300,9
Qwen3-1.7B-nothink|summary_prompt|N15|301,Qwen3-1.7B-nothink,summary_prompt,15,partC_Qwen3-1.7B-nothink__summary_prompt__N15.json,301,9
Qwen3-1.7B-nothink|summary_prompt|N15|302,Qwen3-1.7B-nothink,summary_prompt,15,partC_Qwen3-1.7B-nothink__summary_prompt__N15.json,302,9
Qwen3-1.7B-nothink|summary_prompt|N15|303,Qwen3-1.7B-nothink,summary_prompt,15,partC_Qwen3-1.7B-nothink__summary_prompt__N15.json,303,9
Qwen3-1.7B-nothink|summary_prompt|N15|304,Qwen3-1.7B-nothink,summary_prompt,15,partC_Qwen3-1.7B-nothink__summary_prompt__N15.json,304,9
Qwen3-1.7B-nothink|summary_prompt|N15|305,Qwen3-1.7B-nothink,summary_prompt,15,partC_Qwen3-1.7B-nothink__summary_prompt__N15.json,305,7
Qwen3-1.7B-nothink|summary_prompt|N15|306,Qwen3-1.7B-nothink,summary_prompt,15,partC_Qwen3-1.7B-nothink__summary_prompt__N15.json,306,9
Qwen3-1.7B-nothink|summary_prompt|N15|307,Qwen3-1.7B-nothink,summary_prompt,15,partC_Qwen3-1.7B-nothink__summary_prompt__N15.json,307,9
Qwen3-1.7B-nothink|summary_prompt|N15|308,Qwen3-1.7B-nothink,summary_prompt,15,partC_Qwen3-1.7B-nothink__summary_prompt__N15.json,308,9
Qwen3-1.7B-nothink|summary_prompt|N15|309,Qwen3-1.7B-nothink,summary_prompt,15,partC_Qwen3-1.7B-nothink__summary_prompt__N15.json,309,6
Qwen3-1.7B-nothink|summary_prompt|N15|310,Qwen3-1.7B-nothink,summary_prompt,15,partC_Qwen3-1.7B-nothink__summary_prompt__N15.json,310,9
Qwen3-1.7B-nothink|summary_prompt|N15|311,Qwen3-1.7B-nothink,summary_prompt,15,partC_Qwen3-1.7B-nothink__summary_prompt__N15.json,311,7
Qwen3-1.7B-nothink|summary_prompt|N15|312,Qwen3-1.7B-nothink,summary_prompt,15,partC_Qwen3-1.7B-nothink__summary_prompt__N15.json,312,9
Qwen3-1.7B-nothink|summary_prompt|N15|313,Qwen3-1.7B-nothink,summary_prompt,15,partC_Qwen3-1.7B-nothink__summary_prompt__N15.json,313,9
Qwen3-1.7B-nothink|summary_prompt|N15|314,Qwen3-1.7B-nothink,summary_prompt,15,partC_Qwen3-1.7B-nothink__summary_prompt__N15.json,314,9
Qwen3-1.7B-nothink|summary_prompt|N15|315,Qwen3-1.7B-nothink,summary_prompt,15,partC_Qwen3-1.7B-nothink__summary_prompt__N15.json,315,9
Qwen3-1.7B-nothink|summary_prompt|N15|316,Qwen3-1.7B-nothink,summary_prompt,15,partC_Qwen3-1.7B-nothink__summary_prompt__N15.json,316,9
Qwen3-1.7B-nothink|summary_prompt|N15|317,Qwen3-1.7B-nothink,summary_prompt,15,partC_Qwen3-1.7B-nothink__summary_prompt__N15.json,317,9
Qwen3-1.7B-nothink|summary_prompt|N15|318,Qwen3-1.7B-nothink,summary_prompt,15,partC_Qwen3-1.7B-nothink__summary_prompt__N15.json,318,7
Qwen3-1.7B-nothink|summary_prompt|N15|319,Qwen3-1.7B-nothink,summary_prompt,15,partC_Qwen3-1.7B-nothink__summary_prompt__N15.json,319,9
Qwen3-1.7B-nothink|summary_prompt|N15|320,Qwen3-1.7B-nothink,summary_prompt,15,partC_Qwen3-1.7B-nothink__summary_prompt__N15.json,320,7
Qwen3-1.7B-nothink|summary_prompt|N15|321,Qwen3-1.7B-nothink,summary_prompt,15,partC_Qwen3-1.7B-nothink__summary_prompt__N15.json,321,9
Qwen3-1.7B-nothink|summary_prompt|N15|322,Qwen3-1.7B-nothink,summary_prompt,15,partC_Qwen3-1.7B-nothink__summary_prompt__N15.json,322,9
Qwen3-1.7B-nothink|summary_prompt|N15|323,Qwen3-1.7B-nothink,summary_prompt,15,partC_Qwen3-1.7B-nothink__summary_prompt__N15.json,323,9
Qwen3-1.7B-nothink|summary_prompt|N15|324,Qwen3-1.7B-nothink,summary_prompt,15,partC_Qwen3-1.7B-nothink__summary_prompt__N15.json,324,9
Qwen3-1.7B-nothink|summary_prompt|N15|325,Qwen3-1.7B-nothink,summary_prompt,15,partC_Qwen3-1.7B-nothink__summary_prompt__N15.json,325,9
Qwen3-1.7B-nothink|summary_prompt|N15|326,Qwen3-1.7B-nothink,summary_prompt,15,partC_Qwen3-1.7B-nothink__summary_prompt__N15.json,326,6
Qwen3-1.7B-nothink|summary_prompt|N15|327,Qwen3-1.7B-nothink,summary_prompt,15,partC_Qwen3-1.7B-nothink__summary_prompt__N15.json,327,9
Qwen3-1.7B-nothink|summary_prompt|N15|328,Qwen3-1.7B-nothink,summary_prompt,15,partC_Qwen3-1.7B-nothink__summary_prompt__N15.json,328,9
Qwen3-1.7B-nothink|summary_prompt|N15|329,Qwen3-1.7B-nothink,summary_prompt,15,partC_Qwen3-1.7B-nothink__summary_prompt__N15.json,329,9
Qwen3-1.7B-nothink|summary_prompt|N15|330,Qwen3-1.7B-nothink,summary_prompt,15,partC_Qwen3-1.7B-nothink__summary_prompt__N15.json,330,9
Qwen3-1.7B-nothink|summary_prompt|N15|331,Qwen3-1.7B-nothink,summary_prompt,15,partC_Qwen3-1.7B-nothink__summary_prompt__N15.json,331,9
Qwen3-1.7B-nothink|summary_prompt|N15|332,Qwen3-1.7B-nothink,summary_prompt,15,partC_Qwen3-1.7B-nothink__summary_prompt__N15.json,332,9
Qwen3-1.7B-nothink|summary_prompt|N15|333,Qwen3-1.7B-nothink,summary_prompt,15,partC_Qwen3-1.7B-nothink__summary_prompt__N15.json,333,7
Qwen3-1.7B-nothink|summary_prompt|N15|334,Qwen3-1.7B-nothink,summary_prompt,15,partC_Qwen3-1.7B-nothink__summary_prompt__N15.json,334,9
Qwen3-1.7B-nothink|summary_prompt|N15|335,Qwen3-1.7B-nothink,summary_prompt,15,partC_Qwen3-1.7B-nothink__summary_prompt__N15.json,335,9
Qwen3-1.7B-nothink|summary_prompt|N15|336,Qwen3-1.7B-nothink,summary_prompt,15,partC_Qwen3-1.7B-nothink__summary_prompt__N15.json,336,9
Qwen3-1.7B-nothink|summary_prompt|N15|337,Qwen3-1.7B-nothink,summary_prompt,15,partC_Qwen3-1.7B-nothink__summary_prompt__N15.json,337,9
Qwen3-1.7B-nothink|summary_prompt|N15|338,Qwen3-1.7B-nothink,summary_prompt,15,partC_Qwen3-1.7B-nothink__summary_prompt__N15.json,338,9
Qwen3-1.7B-nothink|summary_prompt|N15|339,Qwen3-1.7B-nothink,summary_prompt,15,partC_Qwen3-1.7B-nothink__summary_prompt__N15.json,339,9
Qwen3-1.7B-nothink|summary_prompt|N15|340,Qwen3-1.7B-nothink,summary_prompt,15,partC_Qwen3-1.7B-nothink__summary_prompt__N15.json,340,9
Qwen3-1.7B-nothink|summary_prompt|N15|341,Qwen3-1.7B-nothink,summary_prompt,15,partC_Qwen3-1.7B-nothink__summary_prompt__N15.json,341,7
Qwen3-1.7B-nothink|summary_prompt|N15|342,Qwen3-1.7B-nothink,summary_prompt,15,partC_Qwen3-1.7B-nothink__summary_prompt__N15.json,342,9
Qwen3-1.7B-nothink|summary_prompt|N15|343,Qwen3-1.7B-nothink,summary_prompt,15,partC_Qwen3-1.7B-nothink__summary_prompt__N15.json,343,9
Qwen3-1.7B-nothink|summary_prompt|N15|344,Qwen3-1.7B-nothink,summary_prompt,15,partC_Qwen3-1.7B-nothink__summary_prompt__N15.json,344,7
Qwen3-1.7B-nothink|summary_prompt|N15|345,Qwen3-1.7B-nothink,summary_prompt,15,partC_Qwen3-1.7B-nothink__summary_prompt__N15.json,345,9
Qwen3-1.7B-nothink|summary_prompt|N15|346,Qwen3-1.7B-nothink,summary_prompt,15,partC_Qwen3-1.7B-nothink__summary_prompt__N15.json,346,9
Qwen3-1.7B-nothink|summary_prompt|N15|347,Qwen3-1.7B-nothink,summary_prompt,15,partC_Qwen3-1.7B-nothink__summary_prompt__N15.json,347,9
Qwen3-1.7B-nothink|summary_prompt|N15|348,Qwen3-1.7B-nothink,summary_prompt,15,partC_Qwen3-1.7B-nothink__summary_prompt__N15.json,348,9
Qwen3-1.7B-nothink|summary_prompt|N15|349,Qwen3-1.7B-nothink,summary_prompt,15,partC_Qwen3-1.7B-nothink__summary_prompt__N15.json,349,10
Qwen3-1.7B-nothink|summary_prompt|N15|350,Qwen3-1.7B-nothink,summary_prompt,15,partC_Qwen3-1.7B-nothink__summary_prompt__N15.json,350,10
Qwen3-1.7B-nothink|summary_prompt|N15|351,Qwen3-1.7B-nothink,summary_prompt,15,partC_Qwen3-1.7B-nothink__summary_prompt__N15.json,351,9
Qwen3-1.7B-nothink|summary_prompt|N15|352,Qwen3-1.7B-nothink,summary_prompt,15,partC_Qwen3-1.7B-nothink__summary_prompt__N15.json,352,9
Qwen3-1.7B-nothink|summary_prompt|N15|353,Qwen3-1.7B-nothink,summary_prompt,15,partC_Qwen3-1.7B-nothink__summary_prompt__N15.json,353,9
Qwen3-1.7B-nothink|summary_prompt|N15|354,Qwen3-1.7B-nothink,summary_prompt,15,partC_Qwen3-1.7B-nothink__summary_prompt__N15.json,354,9
Qwen3-1.7B-nothink|summary_prompt|N15|355,Qwen3-1.7B-nothink,summary_prompt,15,partC_Qwen3-1.7B-nothink__summary_prompt__N15.json,355,9
Qwen3-1.7B-nothink|summary_prompt|N15|356,Qwen3-1.7B-nothink,summary_prompt,15,partC_Qwen3-1.7B-nothink__summary_prompt__N15.json,356,9
Qwen3-1.7B-nothink|summary_prompt|N15|357,Qwen3-1.7B-nothink,summary_prompt,15,partC_Qwen3-1.7B-nothink__summary_prompt__N15.json,357,8
Qwen3-1.7B-nothink|summary_prompt|N15|358,Qwen3-1.7B-nothink,summary_prompt,15,partC_Qwen3-1.7B-nothink__summary_prompt__N15.json,358,6
Qwen3-1.7B-nothink|summary_prompt|N15|359,Qwen3-1.7B-nothink,summary_prompt,15,partC_Qwen3-1.7B-nothink__summary_prompt__N15.json,359,9
Qwen3-1.7B-nothink|summary_prompt|N15|360,Qwen3-1.7B-nothink,summary_prompt,15,partC_Qwen3-1.7B-nothink__summary_prompt__N15.json,360,8
Qwen3-1.7B-nothink|summary_prompt|N15|361,Qwen3-1.7B-nothink,summary_prompt,15,partC_Qwen3-1.7B-nothink__summary_prompt__N15.json,361,9
Qwen3-1.7B-nothink|summary_prompt|N15|362,Qwen3-1.7B-nothink,summary_prompt,15,partC_Qwen3-1.7B-nothink__summary_prompt__N15.json,362,7
Qwen3-1.7B-nothink|summary_prompt|N15|363,Qwen3-1.7B-nothink,summary_prompt,15,partC_Qwen3-1.7B-nothink__summary_prompt__N15.json,363,6
Qwen3-1.7B-nothink|summary_prompt|N15|364,Qwen3-1.7B-nothink,summary_prompt,15,partC_Qwen3-1.7B-nothink__summary_prompt__N15.json,364,7
Qwen3-1.7B-nothink|summary_prompt|N15|365,Qwen3-1.7B-nothink,summary_prompt,15,partC_Qwen3-1.7B-nothink__summary_prompt__N15.json,365,6
Qwen3-1.7B-nothink|summary_prompt|N15|366,Qwen3-1.7B-nothink,summary_prompt,15,partC_Qwen3-1.7B-nothink__summary_prompt__N15.json,366,9
Qwen3-1.7B-nothink|summary_prompt|N15|367,Qwen3-1.7B-nothink,summary_prompt,15,partC_Qwen3-1.7B-nothink__summary_prompt__N15.json,367,9
Qwen3-1.7B-nothink|summary_prompt|N15|368,Qwen3-1.7B-nothink,summary_prompt,15,partC_Qwen3-1.7B-nothink__summary_prompt__N15.json,368,6
Qwen3-1.7B-nothink|summary_prompt|N15|369,Qwen3-1.7B-nothink,summary_prompt,15,partC_Qwen3-1.7B-nothink__summary_prompt__N15.json,369,4
Qwen3-1.7B-nothink|summary_prompt|N15|370,Qwen3-1.7B-nothink,summary_prompt,15,partC_Qwen3-1.7B-nothink__summary_prompt__N15.json,370,9
Qwen3-1.7B-nothink|summary_prompt|N15|371,Qwen3-1.7B-nothink,summary_prompt,15,partC_Qwen3-1.7B-nothink__summary_prompt__N15.json,371,9
Qwen3-1.7B-nothink|summary_prompt|N15|372,Qwen3-1.7B-nothink,summary_prompt,15,partC_Qwen3-1.7B-nothink__summary_prompt__N15.json,372,7
Qwen3-1.7B-nothink|summary_prompt|N15|373,Qwen3-1.7B-nothink,summary_prompt,15,partC_Qwen3-1.7B-nothink__summary_prompt__N15.json,373,4
Qwen3-1.7B-nothink|summary_prompt|N15|374,Qwen3-1.7B-nothink,summary_prompt,15,partC_Qwen3-1.7B-nothink__summary_prompt__N15.json,374,6
Qwen3-1.7B-nothink|summary_prompt|N15|375,Qwen3-1.7B-nothink,summary_prompt,15,partC_Qwen3-1.7B-nothink__summary_prompt__N15.json,375,4
Qwen3-1.7B-nothink|summary_prompt|N15|376,Qwen3-1.7B-nothink,summary_prompt,15,partC_Qwen3-1.7B-nothink__summary_prompt__N15.json,376,9
Qwen3-1.7B-nothink|summary_prompt|N15|377,Qwen3-1.7B-nothink,summary_prompt,15,partC_Qwen3-1.7B-nothink__summary_prompt__N15.json,377,6
Qwen3-1.7B-nothink|summary_prompt|N15|378,Qwen3-1.7B-nothink,summary_prompt,15,partC_Qwen3-1.7B-nothink__summary_prompt__N15.json,378,9
Qwen3-1.7B-nothink|summary_prompt|N15|379,Qwen3-1.7B-nothink,summary_prompt,15,partC_Qwen3-1.7B-nothink__summary_prompt__N15.json,379,7
Qwen3-1.7B-nothink|summary_prompt|N15|380,Qwen3-1.7B-nothink,summary_prompt,15,partC_Qwen3-1.7B-nothink__summary_prompt__N15.json,380,4
Qwen3-1.7B-nothink|summary_prompt|N15|381,Qwen3-1.7B-nothink,summary_prompt,15,partC_Qwen3-1.7B-nothink__summary_prompt__N15.json,381,4
Qwen3-1.7B-nothink|summary_prompt|N15|382,Qwen3-1.7B-nothink,summary_prompt,15,partC_Qwen3-1.7B-nothink__summary_prompt__N15.json,382,3
Qwen3-1.7B-nothink|summary_prompt|N15|383,Qwen3-1.7B-nothink,summary_prompt,15,partC_Qwen3-1.7B-nothink__summary_prompt__N15.json,383,7
Qwen3-1.7B-nothink|summary_prompt|N15|384,Qwen3-1.7B-nothink,summary_prompt,15,partC_Qwen3-1.7B-nothink__summary_prompt__N15.json,384,7
Qwen3-1.7B-nothink|summary_prompt|N15|385,Qwen3-1.7B-nothink,summary_prompt,15,partC_Qwen3-1.7B-nothink__summary_prompt__N15.json,385,7
Qwen3-1.7B-nothink|summary_prompt|N15|386,Qwen3-1.7B-nothink,summary_prompt,15,partC_Qwen3-1.7B-nothink__summary_prompt__N15.json,386,6
Qwen3-1.7B-nothink|summary_prompt|N15|387,Qwen3-1.7B-nothink,summary_prompt,15,partC_Qwen3-1.7B-nothink__summary_prompt__N15.json,387,4
Qwen3-1.7B-nothink|summary_prompt|N15|388,Qwen3-1.7B-nothink,summary_prompt,15,partC_Qwen3-1.7B-nothink__summary_prompt__N15.json,388,6
Qwen3-1.7B-nothink|summary_prompt|N15|389,Qwen3-1.7B-nothink,summary_prompt,15,partC_Qwen3-1.7B-nothink__summary_prompt__N15.json,389,6
Qwen3-1.7B-nothink|summary_prompt|N15|390,Qwen3-1.7B-nothink,summary_prompt,15,partC_Qwen3-1.7B-nothink__summary_prompt__N15.json,390,4
Qwen3-1.7B-nothink|summary_prompt|N15|391,Qwen3-1.7B-nothink,summary_prompt,15,partC_Qwen3-1.7B-nothink__summary_prompt__N15.json,391,4
Qwen3-1.7B-nothink|summary_prompt|N15|392,Qwen3-1.7B-nothink,summary_prompt,15,partC_Qwen3-1.7B-nothink__summary_prompt__N15.json,392,3
Qwen3-1.7B-nothink|summary_prompt|N15|393,Qwen3-1.7B-nothink,summary_prompt,15,partC_Qwen3-1.7B-nothink__summary_prompt__N15.json,393,9
Qwen3-1.7B-nothink|summary_prompt|N15|394,Qwen3-1.7B-nothink,summary_prompt,15,partC_Qwen3-1.7B-nothink__summary_prompt__N15.json,394,4
Qwen3-1.7B-nothink|summary_prompt|N15|395,Qwen3-1.7B-nothink,summary_prompt,15,partC_Qwen3-1.7B-nothink__summary_prompt__N15.json,395,6
Qwen3-1.7B-nothink|summary_prompt|N15|396,Qwen3-1.7B-nothink,summary_prompt,15,partC_Qwen3-1.7B-nothink__summary_prompt__N15.json,396,8
Qwen3-1.7B-nothink|summary_prompt|N15|397,Qwen3-1.7B-nothink,summary_prompt,15,partC_Qwen3-1.7B-nothink__summary_prompt__N15.json,397,6
Qwen3-1.7B-nothink|summary_prompt|N15|398,Qwen3-1.7B-nothink,summary_prompt,15,partC_Qwen3-1.7B-nothink__summary_prompt__N15.json,398,8
Qwen3-1.7B-nothink|summary_prompt|N15|399,Qwen3-1.7B-nothink,summary_prompt,15,partC_Qwen3-1.7B-nothink__summary_prompt__N15.json,399,7
Qwen3-1.7B-nothink|summary_prompt|N15|400,Qwen3-1.7B-nothink,summary_prompt,15,partC_Qwen3-1.7B-nothink__summary_prompt__N15.json,400,9
Qwen3-1.7B-nothink|summary_prompt|N15|401,Qwen3-1.7B-nothink,summary_prompt,15,partC_Qwen3-1.7B-nothink__summary_prompt__N15.json,401,9
Qwen3-1.7B-nothink|summary_prompt|N15|402,Qwen3-1.7B-nothink,summary_prompt,15,partC_Qwen3-1.7B-nothink__summary_prompt__N15.json,402,9
Qwen3-1.7B-nothink|summary_prompt|N15|403,Qwen3-1.7B-nothink,summary_prompt,15,partC_Qwen3-1.7B-nothink__summary_prompt__N15.json,403,9
Qwen3-1.7B-nothink|summary_prompt|N15|404,Qwen3-1.7B-nothink,summary_prompt,15,partC_Qwen3-1.7B-nothink__summary_prompt__N15.json,404,9
Qwen3-1.7B-nothink|summary_prompt|N15|405,Qwen3-1.7B-nothink,summary_prompt,15,partC_Qwen3-1.7B-nothink__summary_prompt__N15.json,405,9
Qwen3-1.7B-nothink|summary_prompt|N15|406,Qwen3-1.7B-nothink,summary_prompt,15,partC_Qwen3-1.7B-nothink__summary_prompt__N15.json,406,9
Qwen3-1.7B-nothink|summary_prompt|N15|407,Qwen3-1.7B-nothink,summary_prompt,15,partC_Qwen3-1.7B-nothink__summary_prompt__N15.json,407,9
Qwen3-1.7B-nothink|summary_prompt|N15|408,Qwen3-1.7B-nothink,summary_prompt,15,partC_Qwen3-1.7B-nothink__summary_prompt__N15.json,408,9
Qwen3-1.7B-nothink|summary_prompt|N15|409,Qwen3-1.7B-nothink,summary_prompt,15,partC_Qwen3-1.7B-nothink__summary_prompt__N15.json,409,9
Qwen3-1.7B-nothink|summary_prompt|N15|410,Qwen3-1.7B-nothink,summary_prompt,15,partC_Qwen3-1.7B-nothink__summary_prompt__N15.json,410,9
Qwen3-1.7B-nothink|summary_prompt|N15|411,Qwen3-1.7B-nothink,summary_prompt,15,partC_Qwen3-1.7B-nothink__summary_prompt__N15.json,411,9
Qwen3-1.7B-nothink|summary_prompt|N15|412,Qwen3-1.7B-nothink,summary_prompt,15,partC_Qwen3-1.7B-nothink__summary_prompt__N15.json,412,9
Qwen3-1.7B-nothink|summary_prompt|N15|413,Qwen3-1.7B-nothink,summary_prompt,15,partC_Qwen3-1.7B-nothink__summary_prompt__N15.json,413,9
Qwen3-1.7B-nothink|summary_prompt|N15|414,Qwen3-1.7B-nothink,summary_prompt,15,partC_Qwen3-1.7B-nothink__summary_prompt__N15.json,414,9
Qwen3-1.7B-nothink|summary_prompt|N15|415,Qwen3-1.7B-nothink,summary_prompt,15,partC_Qwen3-1.7B-nothink__summary_prompt__N15.json,415,4
Qwen3-1.7B-nothink|summary_prompt|N15|416,Qwen3-1.7B-nothink,summary_prompt,15,partC_Qwen3-1.7B-nothink__summary_prompt__N15.json,416,9
Qwen3-1.7B-nothink|summary_prompt|N15|417,Qwen3-1.7B-nothink,summary_prompt,15,partC_Qwen3-1.7B-nothink__summary_prompt__N15.json,417,9
Qwen3-1.7B-nothink|summary_prompt|N15|418,Qwen3-1.7B-nothink,summary_prompt,15,partC_Qwen3-1.7B-nothink__summary_prompt__N15.json,418,9
Qwen3-1.7B-nothink|summary_prompt|N15|419,Qwen3-1.7B-nothink,summary_prompt,15,partC_Qwen3-1.7B-nothink__summary_prompt__N15.json,419,9
Qwen3-1.7B-nothink|summary_prompt|N15|420,Qwen3-1.7B-nothink,summary_prompt,15,partC_Qwen3-1.7B-nothink__summary_prompt__N15.json,420,9
Qwen3-1.7B-nothink|summary_prompt|N15|421,Qwen3-1.7B-nothink,summary_prompt,15,partC_Qwen3-1.7B-nothink__summary_prompt__N15.json,421,9
Qwen3-1.7B-nothink|summary_prompt|N15|422,Qwen3-1.7B-nothink,summary_prompt,15,partC_Qwen3-1.7B-nothink__summary_prompt__N15.json,422,9
Qwen3-1.7B-nothink|summary_prompt|N15|423,Qwen3-1.7B-nothink,summary_prompt,15,partC_Qwen3-1.7B-nothink__summary_prompt__N15.json,423,9
Qwen3-1.7B-nothink|summary_prompt|N15|424,Qwen3-1.7B-nothink,summary_prompt,15,partC_Qwen3-1.7B-nothink__summary_prompt__N15.json,424,9
Qwen3-1.7B-nothink|summary_prompt|N15|425,Qwen3-1.7B-nothink,summary_prompt,15,partC_Qwen3-1.7B-nothink__summary_prompt__N15.json,425,9
Qwen3-1.7B-nothink|summary_prompt|N15|426,Qwen3-1.7B-nothink,summary_prompt,15,partC_Qwen3-1.7B-nothink__summary_prompt__N15.json,426,9
Qwen3-1.7B-nothink|summary_prompt|N15|427,Qwen3-1.7B-nothink,summary_prompt,15,partC_Qwen3-1.7B-nothink__summary_prompt__N15.json,427,9
Qwen3-1.7B-nothink|summary_prompt|N15|428,Qwen3-1.7B-nothink,summary_prompt,15,partC_Qwen3-1.7B-nothink__summary_prompt__N15.json,428,10
Qwen3-1.7B-nothink|summary_prompt|N15|429,Qwen3-1.7B-nothink,summary_prompt,15,partC_Qwen3-1.7B-nothink__summary_prompt__N15.json,429,9
Qwen3-1.7B-nothink|summary_prompt|N15|430,Qwen3-1.7B-nothink,summary_prompt,15,partC_Qwen3-1.7B-nothink__summary_prompt__N15.json,430,9
Qwen3-1.7B-nothink|summary_prompt|N15|431,Qwen3-1.7B-nothink,summary_prompt,15,partC_Qwen3-1.7B-nothink__summary_prompt__N15.json,431,9
Qwen3-1.7B-nothink|summary_prompt|N15|432,Qwen3-1.7B-nothink,summary_prompt,15,partC_Qwen3-1.7B-nothink__summary_prompt__N15.json,432,9
Qwen3-1.7B-nothink|summary_prompt|N15|433,Qwen3-1.7B-nothink,summary_prompt,15,partC_Qwen3-1.7B-nothink__summary_prompt__N15.json,433,9
Qwen3-1.7B-nothink|summary_prompt|N15|434,Qwen3-1.7B-nothink,summary_prompt,15,partC_Qwen3-1.7B-nothink__summary_prompt__N15.json,434,9
Qwen3-1.7B-nothink|summary_prompt|N15|435,Qwen3-1.7B-nothink,summary_prompt,15,partC_Qwen3-1.7B-nothink__summary_prompt__N15.json,435,9
Qwen3-1.7B-nothink|summary_prompt|N15|436,Qwen3-1.7B-nothink,summary_prompt,15,partC_Qwen3-1.7B-nothink__summary_prompt__N15.json,436,9
Qwen3-1.7B-nothink|summary_prompt|N15|437,Qwen3-1.7B-nothink,summary_prompt,15,partC_Qwen3-1.7B-nothink__summary_prompt__N15.json,437,9
Qwen3-1.7B-nothink|summary_prompt|N15|438,Qwen3-1.7B-nothink,summary_prompt,15,partC_Qwen3-1.7B-nothink__summary_prompt__N15.json,438,9
Qwen3-1.7B-nothink|summary_prompt|N15|439,Qwen3-1.7B-nothink,summary_prompt,15,partC_Qwen3-1.7B-nothink__summary_prompt__N15.json,439,9
Qwen3-1.7B-nothink|summary_prompt|N15|440,Qwen3-1.7B-nothink,summary_prompt,15,partC_Qwen3-1.7B-nothink__summary_prompt__N15.json,440,8
Qwen3-1.7B-nothink|summary_prompt|N15|441,Qwen3-1.7B-nothink,summary_prompt,15,partC_Qwen3-1.7B-nothink__summary_prompt__N15.json,441,7
Qwen3-1.7B-nothink|summary_prompt|N15|442,Qwen3-1.7B-nothink,summary_prompt,15,partC_Qwen3-1.7B-nothink__summary_prompt__N15.json,442,4
Qwen3-1.7B-nothink|summary_prompt|N15|443,Qwen3-1.7B-nothink,summary_prompt,15,partC_Qwen3-1.7B-nothink__summary_prompt__N15.json,443,7
Qwen3-1.7B-nothink|summary_prompt|N15|444,Qwen3-1.7B-nothink,summary_prompt,15,partC_Qwen3-1.7B-nothink__summary_prompt__N15.json,444,9
Qwen3-1.7B-nothink|summary_prompt|N15|445,Qwen3-1.7B-nothink,summary_prompt,15,partC_Qwen3-1.7B-nothink__summary_prompt__N15.json,445,9
Qwen3-1.7B-nothink|summary_prompt|N15|446,Qwen3-1.7B-nothink,summary_prompt,15,partC_Qwen3-1.7B-nothink__summary_prompt__N15.json,446,8
Qwen3-1.7B-nothink|summary_prompt|N15|447,Qwen3-1.7B-nothink,summary_prompt,15,partC_Qwen3-1.7B-nothink__summary_prompt__N15.json,447,9
Qwen3-1.7B-nothink|summary_prompt|N15|448,Qwen3-1.7B-nothink,summary_prompt,15,partC_Qwen3-1.7B-nothink__summary_prompt__N15.json,448,9
Qwen3-1.7B-nothink|summary_prompt|N15|449,Qwen3-1.7B-nothink,summary_prompt,15,partC_Qwen3-1.7B-nothink__summary_prompt__N15.json,449,7
Qwen3-1.7B-nothink|summary_prompt|N15|450,Qwen3-1.7B-nothink,summary_prompt,15,partC_Qwen3-1.7B-nothink__summary_prompt__N15.json,450,9
Qwen3-1.7B-nothink|summary_prompt|N15|451,Qwen3-1.7B-nothink,summary_prompt,15,partC_Qwen3-1.7B-nothink__summary_prompt__N15.json,451,7
Qwen3-1.7B-nothink|summary_prompt|N15|452,Qwen3-1.7B-nothink,summary_prompt,15,partC_Qwen3-1.7B-nothink__summary_prompt__N15.json,452,7
Qwen3-1.7B-nothink|summary_prompt|N15|453,Qwen3-1.7B-nothink,summary_prompt,15,partC_Qwen3-1.7B-nothink__summary_prompt__N15.json,453,7
Qwen3-1.7B-nothink|summary_prompt|N15|454,Qwen3-1.7B-nothink,summary_prompt,15,partC_Qwen3-1.7B-nothink__summary_prompt__N15.json,454,6
Qwen3-1.7B-nothink|summary_prompt|N15|455,Qwen3-1.7B-nothink,summary_prompt,15,partC_Qwen3-1.7B-nothink__summary_prompt__N15.json,455,9
Qwen3-1.7B-nothink|summary_prompt|N15|456,Qwen3-1.7B-nothink,summary_prompt,15,partC_Qwen3-1.7B-nothink__summary_prompt__N15.json,456,9
Qwen3-1.7B-nothink|summary_prompt|N15|457,Qwen3-1.7B-nothink,summary_prompt,15,partC_Qwen3-1.7B-nothink__summary_prompt__N15.json,457,3
Qwen3-1.7B-nothink|summary_prompt|N15|458,Qwen3-1.7B-nothink,summary_prompt,15,partC_Qwen3-1.7B-nothink__summary_prompt__N15.json,458,7
Qwen3-1.7B-nothink|summary_prompt|N15|459,Qwen3-1.7B-nothink,summary_prompt,15,partC_Qwen3-1.7B-nothink__summary_prompt__N15.json,459,9
Qwen3-1.7B-nothink|summary_prompt|N15|460,Qwen3-1.7B-nothink,summary_prompt,15,partC_Qwen3-1.7B-nothink__summary_prompt__N15.json,460,9
Qwen3-1.7B-nothink|summary_prompt|N15|461,Qwen3-1.7B-nothink,summary_prompt,15,partC_Qwen3-1.7B-nothink__summary_prompt__N15.json,461,9
Qwen3-1.7B-nothink|summary_prompt|N15|462,Qwen3-1.7B-nothink,summary_prompt,15,partC_Qwen3-1.7B-nothink__summary_prompt__N15.json,462,8
Qwen3-1.7B-nothink|summary_prompt|N15|463,Qwen3-1.7B-nothink,summary_prompt,15,partC_Qwen3-1.7B-nothink__summary_prompt__N15.json,463,9
Qwen3-1.7B-nothink|summary_prompt|N15|464,Qwen3-1.7B-nothink,summary_prompt,15,partC_Qwen3-1.7B-nothink__summary_prompt__N15.json,464,9
Qwen3-1.7B-nothink|summary_prompt|N15|465,Qwen3-1.7B-nothink,summary_prompt,15,partC_Qwen3-1.7B-nothink__summary_prompt__N15.json,465,3
Qwen3-1.7B-nothink|summary_prompt|N15|466,Qwen3-1.7B-nothink,summary_prompt,15,partC_Qwen3-1.7B-nothink__summary_prompt__N15.json,466,9
Qwen3-1.7B-nothink|summary_prompt|N15|467,Qwen3-1.7B-nothink,summary_prompt,15,partC_Qwen3-1.7B-nothink__summary_prompt__N15.json,467,9
Qwen3-1.7B-nothink|summary_prompt|N15|468,Qwen3-1.7B-nothink,summary_prompt,15,partC_Qwen3-1.7B-nothink__summary_prompt__N15.json,468,9
Qwen3-1.7B-nothink|summary_prompt|N15|469,Qwen3-1.7B-nothink,summary_prompt,15,partC_Qwen3-1.7B-nothink__summary_prompt__N15.json,469,9
Qwen3-1.7B-nothink|summary_prompt|N15|470,Qwen3-1.7B-nothink,summary_prompt,15,partC_Qwen3-1.7B-nothink__summary_prompt__N15.json,470,9
Qwen3-1.7B-nothink|summary_prompt|N15|471,Qwen3-1.7B-nothink,summary_prompt,15,partC_Qwen3-1.7B-nothink__summary_prompt__N15.json,471,9
Qwen3-1.7B-nothink|summary_prompt|N15|472,Qwen3-1.7B-nothink,summary_prompt,15,partC_Qwen3-1.7B-nothink__summary_prompt__N15.json,472,10
Qwen3-1.7B-nothink|summary_prompt|N15|473,Qwen3-1.7B-nothink,summary_prompt,15,partC_Qwen3-1.7B-nothink__summary_prompt__N15.json,473,10
Qwen3-1.7B-nothink|summary_prompt|N15|474,Qwen3-1.7B-nothink,summary_prompt,15,partC_Qwen3-1.7B-nothink__summary_prompt__N15.json,474,9
Qwen3-1.7B-nothink|summary_prompt|N15|475,Qwen3-1.7B-nothink,summary_prompt,15,partC_Qwen3-1.7B-nothink__summary_prompt__N15.json,475,9
Qwen3-1.7B-nothink|summary_prompt|N15|476,Qwen3-1.7B-nothink,summary_prompt,15,partC_Qwen3-1.7B-nothink__summary_prompt__N15.json,476,9
Qwen3-1.7B-nothink|summary_prompt|N15|477,Qwen3-1.7B-nothink,summary_prompt,15,partC_Qwen3-1.7B-nothink__summary_prompt__N15.json,477,9
Qwen3-1.7B-nothink|summary_prompt|N15|478,Qwen3-1.7B-nothink,summary_prompt,15,partC_Qwen3-1.7B-nothink__summary_prompt__N15.json,478,9
Qwen3-1.7B-nothink|summary_prompt|N15|479,Qwen3-1.7B-nothink,summary_prompt,15,partC_Qwen3-1.7B-nothink__summary_prompt__N15.json,479,9
Qwen3-1.7B-nothink|summary_prompt|N20|0,Qwen3-1.7B-nothink,summary_prompt,20,partC_Qwen3-1.7B-nothink__summary_prompt__N20.json,0,6
Qwen3-1.7B-nothink|summary_prompt|N20|1,Qwen3-1.7B-nothink,summary_prompt,20,partC_Qwen3-1.7B-nothink__summary_prompt__N20.json,1,7
Qwen3-1.7B-nothink|summary_prompt|N20|2,Qwen3-1.7B-nothink,summary_prompt,20,partC_Qwen3-1.7B-nothink__summary_prompt__N20.json,2,9
Qwen3-1.7B-nothink|summary_prompt|N20|3,Qwen3-1.7B-nothink,summary_prompt,20,partC_Qwen3-1.7B-nothink__summary_prompt__N20.json,3,7
Qwen3-1.7B-nothink|summary_prompt|N20|4,Qwen3-1.7B-nothink,summary_prompt,20,partC_Qwen3-1.7B-nothink__summary_prompt__N20.json,4,6
Qwen3-1.7B-nothink|summary_prompt|N20|5,Qwen3-1.7B-nothink,summary_prompt,20,partC_Qwen3-1.7B-nothink__summary_prompt__N20.json,5,8
Qwen3-1.7B-nothink|summary_prompt|N20|6,Qwen3-1.7B-nothink,summary_prompt,20,partC_Qwen3-1.7B-nothink__summary_prompt__N20.json,6,6
Qwen3-1.7B-nothink|summary_prompt|N20|7,Qwen3-1.7B-nothink,summary_prompt,20,partC_Qwen3-1.7B-nothink__summary_prompt__N20.json,7,7
Qwen3-1.7B-nothink|summary_prompt|N20|8,Qwen3-1.7B-nothink,summary_prompt,20,partC_Qwen3-1.7B-nothink__summary_prompt__N20.json,8,9
Qwen3-1.7B-nothink|summary_prompt|N20|9,Qwen3-1.7B-nothink,summary_prompt,20,partC_Qwen3-1.7B-nothink__summary_prompt__N20.json,9,8
Qwen3-1.7B-nothink|summary_prompt|N20|10,Qwen3-1.7B-nothink,summary_prompt,20,partC_Qwen3-1.7B-nothink__summary_prompt__N20.json,10,6
Qwen3-1.7B-nothink|summary_prompt|N20|11,Qwen3-1.7B-nothink,summary_prompt,20,partC_Qwen3-1.7B-nothink__summary_prompt__N20.json,11,6
Qwen3-1.7B-nothink|summary_prompt|N20|12,Qwen3-1.7B-nothink,summary_prompt,20,partC_Qwen3-1.7B-nothink__summary_prompt__N20.json,12,8
Qwen3-1.7B-nothink|summary_prompt|N20|13,Qwen3-1.7B-nothink,summary_prompt,20,partC_Qwen3-1.7B-nothink__summary_prompt__N20.json,13,7
Qwen3-1.7B-nothink|summary_prompt|N20|14,Qwen3-1.7B-nothink,summary_prompt,20,partC_Qwen3-1.7B-nothink__summary_prompt__N20.json,14,7
Qwen3-1.7B-nothink|summary_prompt|N20|15,Qwen3-1.7B-nothink,summary_prompt,20,partC_Qwen3-1.7B-nothink__summary_prompt__N20.json,15,7
Qwen3-1.7B-nothink|summary_prompt|N20|16,Qwen3-1.7B-nothink,summary_prompt,20,partC_Qwen3-1.7B-nothink__summary_prompt__N20.json,16,6
Qwen3-1.7B-nothink|summary_prompt|N20|17,Qwen3-1.7B-nothink,summary_prompt,20,partC_Qwen3-1.7B-nothink__summary_prompt__N20.json,17,9
Qwen3-1.7B-nothink|summary_prompt|N20|18,Qwen3-1.7B-nothink,summary_prompt,20,partC_Qwen3-1.7B-nothink__summary_prompt__N20.json,18,7
Qwen3-1.7B-nothink|summary_prompt|N20|19,Qwen3-1.7B-nothink,summary_prompt,20,partC_Qwen3-1.7B-nothink__summary_prompt__N20.json,19,7
Qwen3-1.7B-nothink|summary_prompt|N20|20,Qwen3-1.7B-nothink,summary_prompt,20,partC_Qwen3-1.7B-nothink__summary_prompt__N20.json,20,8
Qwen3-1.7B-nothink|summary_prompt|N20|21,Qwen3-1.7B-nothink,summary_prompt,20,partC_Qwen3-1.7B-nothink__summary_prompt__N20.json,21,9
Qwen3-1.7B-nothink|summary_prompt|N20|22,Qwen3-1.7B-nothink,summary_prompt,20,partC_Qwen3-1.7B-nothink__summary_prompt__N20.json,22,9
Qwen3-1.7B-nothink|summary_prompt|N20|23,Qwen3-1.7B-nothink,summary_prompt,20,partC_Qwen3-1.7B-nothink__summary_prompt__N20.json,23,9
Qwen3-1.7B-nothink|summary_prompt|N20|24,Qwen3-1.7B-nothink,summary_prompt,20,partC_Qwen3-1.7B-nothink__summary_prompt__N20.json,24,9
Qwen3-1.7B-nothink|summary_prompt|N20|25,Qwen3-1.7B-nothink,summary_prompt,20,partC_Qwen3-1.7B-nothink__summary_prompt__N20.json,25,7
Qwen3-1.7B-nothink|summary_prompt|N20|26,Qwen3-1.7B-nothink,summary_prompt,20,partC_Qwen3-1.7B-nothink__summary_prompt__N20.json,26,9
Qwen3-1.7B-nothink|summary_prompt|N20|27,Qwen3-1.7B-nothink,summary_prompt,20,partC_Qwen3-1.7B-nothink__summary_prompt__N20.json,27,6
Qwen3-1.7B-nothink|summary_prompt|N20|28,Qwen3-1.7B-nothink,summary_prompt,20,partC_Qwen3-1.7B-nothink__summary_prompt__N20.json,28,3
Qwen3-1.7B-nothink|summary_prompt|N20|29,Qwen3-1.7B-nothink,summary_prompt,20,partC_Qwen3-1.7B-nothink__summary_prompt__N20.json,29,7
Qwen3-1.7B-nothink|summary_prompt|N20|30,Qwen3-1.7B-nothink,summary_prompt,20,partC_Qwen3-1.7B-nothink__summary_prompt__N20.json,30,6
Qwen3-1.7B-nothink|summary_prompt|N20|31,Qwen3-1.7B-nothink,summary_prompt,20,partC_Qwen3-1.7B-nothink__summary_prompt__N20.json,31,9
Qwen3-1.7B-nothink|summary_prompt|N20|32,Qwen3-1.7B-nothink,summary_prompt,20,partC_Qwen3-1.7B-nothink__summary_prompt__N20.json,32,7
Qwen3-1.7B-nothink|summary_prompt|N20|33,Qwen3-1.7B-nothink,summary_prompt,20,partC_Qwen3-1.7B-nothink__summary_prompt__N20.json,33,7
Qwen3-1.7B-nothink|summary_prompt|N20|34,Qwen3-1.7B-nothink,summary_prompt,20,partC_Qwen3-1.7B-nothink__summary_prompt__N20.json,34,3
Qwen3-1.7B-nothink|summary_prompt|N20|35,Qwen3-1.7B-nothink,summary_prompt,20,partC_Qwen3-1.7B-nothink__summary_prompt__N20.json,35,9
Qwen3-1.7B-nothink|summary_prompt|N20|36,Qwen3-1.7B-nothink,summary_prompt,20,partC_Qwen3-1.7B-nothink__summary_prompt__N20.json,36,9
Qwen3-1.7B-nothink|summary_prompt|N20|37,Qwen3-1.7B-nothink,summary_prompt,20,partC_Qwen3-1.7B-nothink__summary_prompt__N20.json,37,9
Qwen3-1.7B-nothink|summary_prompt|N20|38,Qwen3-1.7B-nothink,summary_prompt,20,partC_Qwen3-1.7B-nothink__summary_prompt__N20.json,38,6
Qwen3-1.7B-nothink|summary_prompt|N20|39,Qwen3-1.7B-nothink,summary_prompt,20,partC_Qwen3-1.7B-nothink__summary_prompt__N20.json,39,3
Qwen3-1.7B-nothink|summary_prompt|N20|40,Qwen3-1.7B-nothink,summary_prompt,20,partC_Qwen3-1.7B-nothink__summary_prompt__N20.json,40,9
Qwen3-1.7B-nothink|summary_prompt|N20|41,Qwen3-1.7B-nothink,summary_prompt,20,partC_Qwen3-1.7B-nothink__summary_prompt__N20.json,41,7
Qwen3-1.7B-nothink|summary_prompt|N20|42,Qwen3-1.7B-nothink,summary_prompt,20,partC_Qwen3-1.7B-nothink__summary_prompt__N20.json,42,7
Qwen3-1.7B-nothink|summary_prompt|N20|43,Qwen3-1.7B-nothink,summary_prompt,20,partC_Qwen3-1.7B-nothink__summary_prompt__N20.json,43,7
Qwen3-1.7B-nothink|summary_prompt|N20|44,Qwen3-1.7B-nothink,summary_prompt,20,partC_Qwen3-1.7B-nothink__summary_prompt__N20.json,44,9
Qwen3-1.7B-nothink|summary_prompt|N20|45,Qwen3-1.7B-nothink,summary_prompt,20,partC_Qwen3-1.7B-nothink__summary_prompt__N20.json,45,7
Qwen3-1.7B-nothink|summary_prompt|N20|46,Qwen3-1.7B-nothink,summary_prompt,20,partC_Qwen3-1.7B-nothink__summary_prompt__N20.json,46,6
Qwen3-1.7B-nothink|summary_prompt|N20|47,Qwen3-1.7B-nothink,summary_prompt,20,partC_Qwen3-1.7B-nothink__summary_prompt__N20.json,47,7
Qwen3-1.7B-nothink|summary_prompt|N20|48,Qwen3-1.7B-nothink,summary_prompt,20,partC_Qwen3-1.7B-nothink__summary_prompt__N20.json,48,4
Qwen3-1.7B-nothink|summary_prompt|N20|49,Qwen3-1.7B-nothink,summary_prompt,20,partC_Qwen3-1.7B-nothink__summary_prompt__N20.json,49,7
Qwen3-1.7B-nothink|summary_prompt|N20|50,Qwen3-1.7B-nothink,summary_prompt,20,partC_Qwen3-1.7B-nothink__summary_prompt__N20.json,50,6
Qwen3-1.7B-nothink|summary_prompt|N20|51,Qwen3-1.7B-nothink,summary_prompt,20,partC_Qwen3-1.7B-nothink__summary_prompt__N20.json,51,7
Qwen3-1.7B-nothink|summary_prompt|N20|52,Qwen3-1.7B-nothink,summary_prompt,20,partC_Qwen3-1.7B-nothink__summary_prompt__N20.json,52,8
Qwen3-1.7B-nothink|summary_prompt|N20|53,Qwen3-1.7B-nothink,summary_prompt,20,partC_Qwen3-1.7B-nothink__summary_prompt__N20.json,53,6
Qwen3-1.7B-nothink|summary_prompt|N20|54,Qwen3-1.7B-nothink,summary_prompt,20,partC_Qwen3-1.7B-nothink__summary_prompt__N20.json,54,7
Qwen3-1.7B-nothink|summary_prompt|N20|55,Qwen3-1.7B-nothink,summary_prompt,20,partC_Qwen3-1.7B-nothink__summary_prompt__N20.json,55,7
Qwen3-1.7B-nothink|summary_prompt|N20|56,Qwen3-1.7B-nothink,summary_prompt,20,partC_Qwen3-1.7B-nothink__summary_prompt__N20.json,56,8
Qwen3-1.7B-nothink|summary_prompt|N20|57,Qwen3-1.7B-nothink,summary_prompt,20,partC_Qwen3-1.7B-nothink__summary_prompt__N20.json,57,6
Qwen3-1.7B-nothink|summary_prompt|N20|58,Qwen3-1.7B-nothink,summary_prompt,20,partC_Qwen3-1.7B-nothink__summary_prompt__N20.json,58,7
Qwen3-1.7B-nothink|summary_prompt|N20|59,Qwen3-1.7B-nothink,summary_prompt,20,partC_Qwen3-1.7B-nothink__summary_prompt__N20.json,59,6
Qwen3-1.7B-nothink|summary_prompt|N20|60,Qwen3-1.7B-nothink,summary_prompt,20,partC_Qwen3-1.7B-nothink__summary_prompt__N20.json,60,4
Qwen3-1.7B-nothink|summary_prompt|N20|61,Qwen3-1.7B-nothink,summary_prompt,20,partC_Qwen3-1.7B-nothink__summary_prompt__N20.json,61,7
Qwen3-1.7B-nothink|summary_prompt|N20|62,Qwen3-1.7B-nothink,summary_prompt,20,partC_Qwen3-1.7B-nothink__summary_prompt__N20.json,62,7
Qwen3-1.7B-nothink|summary_prompt|N20|63,Qwen3-1.7B-nothink,summary_prompt,20,partC_Qwen3-1.7B-nothink__summary_prompt__N20.json,63,6
Qwen3-1.7B-nothink|summary_prompt|N20|64,Qwen3-1.7B-nothink,summary_prompt,20,partC_Qwen3-1.7B-nothink__summary_prompt__N20.json,64,4
Qwen3-1.7B-nothink|summary_prompt|N20|65,Qwen3-1.7B-nothink,summary_prompt,20,partC_Qwen3-1.7B-nothink__summary_prompt__N20.json,65,9
Qwen3-1.7B-nothink|summary_prompt|N20|66,Qwen3-1.7B-nothink,summary_prompt,20,partC_Qwen3-1.7B-nothink__summary_prompt__N20.json,66,7
Qwen3-1.7B-nothink|summary_prompt|N20|67,Qwen3-1.7B-nothink,summary_prompt,20,partC_Qwen3-1.7B-nothink__summary_prompt__N20.json,67,7
Qwen3-1.7B-nothink|summary_prompt|N20|68,Qwen3-1.7B-nothink,summary_prompt,20,partC_Qwen3-1.7B-nothink__summary_prompt__N20.json,68,6
Qwen3-1.7B-nothink|summary_prompt|N20|69,Qwen3-1.7B-nothink,summary_prompt,20,partC_Qwen3-1.7B-nothink__summary_prompt__N20.json,69,4
Qwen3-1.7B-nothink|summary_prompt|N20|70,Qwen3-1.7B-nothink,summary_prompt,20,partC_Qwen3-1.7B-nothink__summary_prompt__N20.json,70,6
Qwen3-1.7B-nothink|summary_prompt|N20|71,Qwen3-1.7B-nothink,summary_prompt,20,partC_Qwen3-1.7B-nothink__summary_prompt__N20.json,71,4
Qwen3-1.7B-nothink|summary_prompt|N20|72,Qwen3-1.7B-nothink,summary_prompt,20,partC_Qwen3-1.7B-nothink__summary_prompt__N20.json,72,6
Qwen3-1.7B-nothink|summary_prompt|N20|73,Qwen3-1.7B-nothink,summary_prompt,20,partC_Qwen3-1.7B-nothink__summary_prompt__N20.json,73,7
Qwen3-1.7B-nothink|summary_prompt|N20|74,Qwen3-1.7B-nothink,summary_prompt,20,partC_Qwen3-1.7B-nothink__summary_prompt__N20.json,74,4
Qwen3-1.7B-nothink|summary_prompt|N20|75,Qwen3-1.7B-nothink,summary_prompt,20,partC_Qwen3-1.7B-nothink__summary_prompt__N20.json,75,6
Qwen3-1.7B-nothink|summary_prompt|N20|76,Qwen3-1.7B-nothink,summary_prompt,20,partC_Qwen3-1.7B-nothink__summary_prompt__N20.json,76,7
Qwen3-1.7B-nothink|summary_prompt|N20|77,Qwen3-1.7B-nothink,summary_prompt,20,partC_Qwen3-1.7B-nothink__summary_prompt__N20.json,77,6
Qwen3-1.7B-nothink|summary_prompt|N20|78,Qwen3-1.7B-nothink,summary_prompt,20,partC_Qwen3-1.7B-nothink__summary_prompt__N20.json,78,7
Qwen3-1.7B-nothink|summary_prompt|N20|79,Qwen3-1.7B-nothink,summary_prompt,20,partC_Qwen3-1.7B-nothink__summary_prompt__N20.json,79,4
Qwen3-1.7B-nothink|summary_prompt|N20|80,Qwen3-1.7B-nothink,summary_prompt,20,partC_Qwen3-1.7B-nothink__summary_prompt__N20.json,80,9
Qwen3-1.7B-nothink|summary_prompt|N20|81,Qwen3-1.7B-nothink,summary_prompt,20,partC_Qwen3-1.7B-nothink__summary_prompt__N20.json,81,9
Qwen3-1.7B-nothink|summary_prompt|N20|82,Qwen3-1.7B-nothink,summary_prompt,20,partC_Qwen3-1.7B-nothink__summary_prompt__N20.json,82,9
Qwen3-1.7B-nothink|summary_prompt|N20|83,Qwen3-1.7B-nothink,summary_prompt,20,partC_Qwen3-1.7B-nothink__summary_prompt__N20.json,83,8
Qwen3-1.7B-nothink|summary_prompt|N20|84,Qwen3-1.7B-nothink,summary_prompt,20,partC_Qwen3-1.7B-nothink__summary_prompt__N20.json,84,9
Qwen3-1.7B-nothink|summary_prompt|N20|85,Qwen3-1.7B-nothink,summary_prompt,20,partC_Qwen3-1.7B-nothink__summary_prompt__N20.json,85,9
Qwen3-1.7B-nothink|summary_prompt|N20|86,Qwen3-1.7B-nothink,summary_prompt,20,partC_Qwen3-1.7B-nothink__summary_prompt__N20.json,86,9
Qwen3-1.7B-nothink|summary_prompt|N20|87,Qwen3-1.7B-nothink,summary_prompt,20,partC_Qwen3-1.7B-nothink__summary_prompt__N20.json,87,9
Qwen3-1.7B-nothink|summary_prompt|N20|88,Qwen3-1.7B-nothink,summary_prompt,20,partC_Qwen3-1.7B-nothink__summary_prompt__N20.json,88,8
Qwen3-1.7B-nothink|summary_prompt|N20|89,Qwen3-1.7B-nothink,summary_prompt,20,partC_Qwen3-1.7B-nothink__summary_prompt__N20.json,89,8
Qwen3-1.7B-nothink|summary_prompt|N20|90,Qwen3-1.7B-nothink,summary_prompt,20,partC_Qwen3-1.7B-nothink__summary_prompt__N20.json,90,8
Qwen3-1.7B-nothink|summary_prompt|N20|91,Qwen3-1.7B-nothink,summary_prompt,20,partC_Qwen3-1.7B-nothink__summary_prompt__N20.json,91,8
Qwen3-1.7B-nothink|summary_prompt|N20|92,Qwen3-1.7B-nothink,summary_prompt,20,partC_Qwen3-1.7B-nothink__summary_prompt__N20.json,92,9
Qwen3-1.7B-nothink|summary_prompt|N20|93,Qwen3-1.7B-nothink,summary_prompt,20,partC_Qwen3-1.7B-nothink__summary_prompt__N20.json,93,6
Qwen3-1.7B-nothink|summary_prompt|N20|94,Qwen3-1.7B-nothink,summary_prompt,20,partC_Qwen3-1.7B-nothink__summary_prompt__N20.json,94,9
Qwen3-1.7B-nothink|summary_prompt|N20|95,Qwen3-1.7B-nothink,summary_prompt,20,partC_Qwen3-1.7B-nothink__summary_prompt__N20.json,95,9
Qwen3-1.7B-nothink|summary_prompt|N20|96,Qwen3-1.7B-nothink,summary_prompt,20,partC_Qwen3-1.7B-nothink__summary_prompt__N20.json,96,9
Qwen3-1.7B-nothink|summary_prompt|N20|97,Qwen3-1.7B-nothink,summary_prompt,20,partC_Qwen3-1.7B-nothink__summary_prompt__N20.json,97,9
Qwen3-1.7B-nothink|summary_prompt|N20|98,Qwen3-1.7B-nothink,summary_prompt,20,partC_Qwen3-1.7B-nothink__summary_prompt__N20.json,98,8
Qwen3-1.7B-nothink|summary_prompt|N20|99,Qwen3-1.7B-nothink,summary_prompt,20,partC_Qwen3-1.7B-nothink__summary_prompt__N20.json,99,6
Qwen3-1.7B-nothink|summary_prompt|N20|100,Qwen3-1.7B-nothink,summary_prompt,20,partC_Qwen3-1.7B-nothink__summary_prompt__N20.json,100,9
Qwen3-1.7B-nothink|summary_prompt|N20|101,Qwen3-1.7B-nothink,summary_prompt,20,partC_Qwen3-1.7B-nothink__summary_prompt__N20.json,101,9
Qwen3-1.7B-nothink|summary_prompt|N20|102,Qwen3-1.7B-nothink,summary_prompt,20,partC_Qwen3-1.7B-nothink__summary_prompt__N20.json,102,9
Qwen3-1.7B-nothink|summary_prompt|N20|103,Qwen3-1.7B-nothink,summary_prompt,20,partC_Qwen3-1.7B-nothink__summary_prompt__N20.json,103,9
Qwen3-1.7B-nothink|summary_prompt|N20|104,Qwen3-1.7B-nothink,summary_prompt,20,partC_Qwen3-1.7B-nothink__summary_prompt__N20.json,104,9
Qwen3-1.7B-nothink|summary_prompt|N20|105,Qwen3-1.7B-nothink,summary_prompt,20,partC_Qwen3-1.7B-nothink__summary_prompt__N20.json,105,9
Qwen3-1.7B-nothink|summary_prompt|N20|106,Qwen3-1.7B-nothink,summary_prompt,20,partC_Qwen3-1.7B-nothink__summary_prompt__N20.json,106,9
Qwen3-1.7B-nothink|summary_prompt|N20|107,Qwen3-1.7B-nothink,summary_prompt,20,partC_Qwen3-1.7B-nothink__summary_prompt__N20.json,107,9
Qwen3-1.7B-nothink|summary_prompt|N20|108,Qwen3-1.7B-nothink,summary_prompt,20,partC_Qwen3-1.7B-nothink__summary_prompt__N20.json,108,9
Qwen3-1.7B-nothink|summary_prompt|N20|109,Qwen3-1.7B-nothink,summary_prompt,20,partC_Qwen3-1.7B-nothink__summary_prompt__N20.json,109,9
Qwen3-1.7B-nothink|summary_prompt|N20|110,Qwen3-1.7B-nothink,summary_prompt,20,partC_Qwen3-1.7B-nothink__summary_prompt__N20.json,110,9
Qwen3-1.7B-nothink|summary_prompt|N20|111,Qwen3-1.7B-nothink,summary_prompt,20,partC_Qwen3-1.7B-nothink__summary_prompt__N20.json,111,9
Qwen3-1.7B-nothink|summary_prompt|N20|112,Qwen3-1.7B-nothink,summary_prompt,20,partC_Qwen3-1.7B-nothink__summary_prompt__N20.json,112,9
Qwen3-1.7B-nothink|summary_prompt|N20|113,Qwen3-1.7B-nothink,summary_prompt,20,partC_Qwen3-1.7B-nothink__summary_prompt__N20.json,113,9
Qwen3-1.7B-nothink|summary_prompt|N20|114,Qwen3-1.7B-nothink,summary_prompt,20,partC_Qwen3-1.7B-nothink__summary_prompt__N20.json,114,9
Qwen3-1.7B-nothink|summary_prompt|N20|115,Qwen3-1.7B-nothink,summary_prompt,20,partC_Qwen3-1.7B-nothink__summary_prompt__N20.json,115,9
Qwen3-1.7B-nothink|summary_prompt|N20|116,Qwen3-1.7B-nothink,summary_prompt,20,partC_Qwen3-1.7B-nothink__summary_prompt__N20.json,116,9
Qwen3-1.7B-nothink|summary_prompt|N20|117,Qwen3-1.7B-nothink,summary_prompt,20,partC_Qwen3-1.7B-nothink__summary_prompt__N20.json,117,9
Qwen3-1.7B-nothink|summary_prompt|N20|118,Qwen3-1.7B-nothink,summary_prompt,20,partC_Qwen3-1.7B-nothink__summary_prompt__N20.json,118,9
Qwen3-1.7B-nothink|summary_prompt|N20|119,Qwen3-1.7B-nothink,summary_prompt,20,partC_Qwen3-1.7B-nothink__summary_prompt__N20.json,119,9
Qwen3-1.7B-nothink|summary_prompt|N20|120,Qwen3-1.7B-nothink,summary_prompt,20,partC_Qwen3-1.7B-nothink__summary_prompt__N20.json,120,9
Qwen3-1.7B-nothink|summary_prompt|N20|121,Qwen3-1.7B-nothink,summary_prompt,20,partC_Qwen3-1.7B-nothink__summary_prompt__N20.json,121,9
Qwen3-1.7B-nothink|summary_prompt|N20|122,Qwen3-1.7B-nothink,summary_prompt,20,partC_Qwen3-1.7B-nothink__summary_prompt__N20.json,122,9
Qwen3-1.7B-nothink|summary_prompt|N20|123,Qwen3-1.7B-nothink,summary_prompt,20,partC_Qwen3-1.7B-nothink__summary_prompt__N20.json,123,9
Qwen3-1.7B-nothink|summary_prompt|N20|124,Qwen3-1.7B-nothink,summary_prompt,20,partC_Qwen3-1.7B-nothink__summary_prompt__N20.json,124,9
Qwen3-1.7B-nothink|summary_prompt|N20|125,Qwen3-1.7B-nothink,summary_prompt,20,partC_Qwen3-1.7B-nothink__summary_prompt__N20.json,125,9
Qwen3-1.7B-nothink|summary_prompt|N20|126,Qwen3-1.7B-nothink,summary_prompt,20,partC_Qwen3-1.7B-nothink__summary_prompt__N20.json,126,9
Qwen3-1.7B-nothink|summary_prompt|N20|127,Qwen3-1.7B-nothink,summary_prompt,20,partC_Qwen3-1.7B-nothink__summary_prompt__N20.json,127,9
Qwen3-1.7B-nothink|summary_prompt|N20|128,Qwen3-1.7B-nothink,summary_prompt,20,partC_Qwen3-1.7B-nothink__summary_prompt__N20.json,128,9
Qwen3-1.7B-nothink|summary_prompt|N20|129,Qwen3-1.7B-nothink,summary_prompt,20,partC_Qwen3-1.7B-nothink__summary_prompt__N20.json,129,9
Qwen3-1.7B-nothink|summary_prompt|N20|130,Qwen3-1.7B-nothink,summary_prompt,20,partC_Qwen3-1.7B-nothink__summary_prompt__N20.json,130,9
Qwen3-1.7B-nothink|summary_prompt|N20|131,Qwen3-1.7B-nothink,summary_prompt,20,partC_Qwen3-1.7B-nothink__summary_prompt__N20.json,131,9
Qwen3-1.7B-nothink|summary_prompt|N20|132,Qwen3-1.7B-nothink,summary_prompt,20,partC_Qwen3-1.7B-nothink__summary_prompt__N20.json,132,9
Qwen3-1.7B-nothink|summary_prompt|N20|133,Qwen3-1.7B-nothink,summary_prompt,20,partC_Qwen3-1.7B-nothink__summary_prompt__N20.json,133,9
Qwen3-1.7B-nothink|summary_prompt|N20|134,Qwen3-1.7B-nothink,summary_prompt,20,partC_Qwen3-1.7B-nothink__summary_prompt__N20.json,134,9
Qwen3-1.7B-nothink|summary_prompt|N20|135,Qwen3-1.7B-nothink,summary_prompt,20,partC_Qwen3-1.7B-nothink__summary_prompt__N20.json,135,9
Qwen3-1.7B-nothink|summary_prompt|N20|136,Qwen3-1.7B-nothink,summary_prompt,20,partC_Qwen3-1.7B-nothink__summary_prompt__N20.json,136,9
Qwen3-1.7B-nothink|summary_prompt|N20|137,Qwen3-1.7B-nothink,summary_prompt,20,partC_Qwen3-1.7B-nothink__summary_prompt__N20.json,137,9
Qwen3-1.7B-nothink|summary_prompt|N20|138,Qwen3-1.7B-nothink,summary_prompt,20,partC_Qwen3-1.7B-nothink__summary_prompt__N20.json,138,9
Qwen3-1.7B-nothink|summary_prompt|N20|139,Qwen3-1.7B-nothink,summary_prompt,20,partC_Qwen3-1.7B-nothink__summary_prompt__N20.json,139,9
Qwen3-1.7B-nothink|summary_prompt|N20|140,Qwen3-1.7B-nothink,summary_prompt,20,partC_Qwen3-1.7B-nothink__summary_prompt__N20.json,140,8
Qwen3-1.7B-nothink|summary_prompt|N20|141,Qwen3-1.7B-nothink,summary_prompt,20,partC_Qwen3-1.7B-nothink__summary_prompt__N20.json,141,8
Qwen3-1.7B-nothink|summary_prompt|N20|142,Qwen3-1.7B-nothink,summary_prompt,20,partC_Qwen3-1.7B-nothink__summary_prompt__N20.json,142,9
Qwen3-1.7B-nothink|summary_prompt|N20|143,Qwen3-1.7B-nothink,summary_prompt,20,partC_Qwen3-1.7B-nothink__summary_prompt__N20.json,143,9
Qwen3-1.7B-nothink|summary_prompt|N20|144,Qwen3-1.7B-nothink,summary_prompt,20,partC_Qwen3-1.7B-nothink__summary_prompt__N20.json,144,7
Qwen3-1.7B-nothink|summary_prompt|N20|145,Qwen3-1.7B-nothink,summary_prompt,20,partC_Qwen3-1.7B-nothink__summary_prompt__N20.json,145,9
Qwen3-1.7B-nothink|summary_prompt|N20|146,Qwen3-1.7B-nothink,summary_prompt,20,partC_Qwen3-1.7B-nothink__summary_prompt__N20.json,146,8
Qwen3-1.7B-nothink|summary_prompt|N20|147,Qwen3-1.7B-nothink,summary_prompt,20,partC_Qwen3-1.7B-nothink__summary_prompt__N20.json,147,9
Qwen3-1.7B-nothink|summary_prompt|N20|148,Qwen3-1.7B-nothink,summary_prompt,20,partC_Qwen3-1.7B-nothink__summary_prompt__N20.json,148,9
Qwen3-1.7B-nothink|summary_prompt|N20|149,Qwen3-1.7B-nothink,summary_prompt,20,partC_Qwen3-1.7B-nothink__summary_prompt__N20.json,149,7
Qwen3-1.7B-nothink|summary_prompt|N20|150,Qwen3-1.7B-nothink,summary_prompt,20,partC_Qwen3-1.7B-nothink__summary_prompt__N20.json,150,7
Qwen3-1.7B-nothink|summary_prompt|N20|151,Qwen3-1.7B-nothink,summary_prompt,20,partC_Qwen3-1.7B-nothink__summary_prompt__N20.json,151,6
Qwen3-1.7B-nothink|summary_prompt|N20|152,Qwen3-1.7B-nothink,summary_prompt,20,partC_Qwen3-1.7B-nothink__summary_prompt__N20.json,152,7
Qwen3-1.7B-nothink|summary_prompt|N20|153,Qwen3-1.7B-nothink,summary_prompt,20,partC_Qwen3-1.7B-nothink__summary_prompt__N20.json,153,6
Qwen3-1.7B-nothink|summary_prompt|N20|154,Qwen3-1.7B-nothink,summary_prompt,20,partC_Qwen3-1.7B-nothink__summary_prompt__N20.json,154,9
Qwen3-1.7B-nothink|summary_prompt|N20|155,Qwen3-1.7B-nothink,summary_prompt,20,partC_Qwen3-1.7B-nothink__summary_prompt__N20.json,155,9
Qwen3-1.7B-nothink|summary_prompt|N20|156,Qwen3-1.7B-nothink,summary_prompt,20,partC_Qwen3-1.7B-nothink__summary_prompt__N20.json,156,8
Qwen3-1.7B-nothink|summary_prompt|N20|157,Qwen3-1.7B-nothink,summary_prompt,20,partC_Qwen3-1.7B-nothink__summary_prompt__N20.json,157,7
Qwen3-1.7B-nothink|summary_prompt|N20|158,Qwen3-1.7B-nothink,summary_prompt,20,partC_Qwen3-1.7B-nothink__summary_prompt__N20.json,158,6
Qwen3-1.7B-nothink|summary_prompt|N20|159,Qwen3-1.7B-nothink,summary_prompt,20,partC_Qwen3-1.7B-nothink__summary_prompt__N20.json,159,7
Qwen3-1.7B-nothink|summary_prompt|N20|160,Qwen3-1.7B-nothink,summary_prompt,20,partC_Qwen3-1.7B-nothink__summary_prompt__N20.json,160,9
Qwen3-1.7B-nothink|summary_prompt|N20|161,Qwen3-1.7B-nothink,summary_prompt,20,partC_Qwen3-1.7B-nothink__summary_prompt__N20.json,161,9
Qwen3-1.7B-nothink|summary_prompt|N20|162,Qwen3-1.7B-nothink,summary_prompt,20,partC_Qwen3-1.7B-nothink__summary_prompt__N20.json,162,9
Qwen3-1.7B-nothink|summary_prompt|N20|163,Qwen3-1.7B-nothink,summary_prompt,20,partC_Qwen3-1.7B-nothink__summary_prompt__N20.json,163,7
Qwen3-1.7B-nothink|summary_prompt|N20|164,Qwen3-1.7B-nothink,summary_prompt,20,partC_Qwen3-1.7B-nothink__summary_prompt__N20.json,164,7
Qwen3-1.7B-nothink|summary_prompt|N20|165,Qwen3-1.7B-nothink,summary_prompt,20,partC_Qwen3-1.7B-nothink__summary_prompt__N20.json,165,7
Qwen3-1.7B-nothink|summary_prompt|N20|166,Qwen3-1.7B-nothink,summary_prompt,20,partC_Qwen3-1.7B-nothink__summary_prompt__N20.json,166,9
Qwen3-1.7B-nothink|summary_prompt|N20|167,Qwen3-1.7B-nothink,summary_prompt,20,partC_Qwen3-1.7B-nothink__summary_prompt__N20.json,167,8
Qwen3-1.7B-nothink|summary_prompt|N20|168,Qwen3-1.7B-nothink,summary_prompt,20,partC_Qwen3-1.7B-nothink__summary_prompt__N20.json,168,9
Qwen3-1.7B-nothink|summary_prompt|N20|169,Qwen3-1.7B-nothink,summary_prompt,20,partC_Qwen3-1.7B-nothink__summary_prompt__N20.json,169,9
Qwen3-1.7B-nothink|summary_prompt|N20|170,Qwen3-1.7B-nothink,summary_prompt,20,partC_Qwen3-1.7B-nothink__summary_prompt__N20.json,170,6
Qwen3-1.7B-nothink|summary_prompt|N20|171,Qwen3-1.7B-nothink,summary_prompt,20,partC_Qwen3-1.7B-nothink__summary_prompt__N20.json,171,8
Qwen3-1.7B-nothink|summary_prompt|N20|172,Qwen3-1.7B-nothink,summary_prompt,20,partC_Qwen3-1.7B-nothink__summary_prompt__N20.json,172,9
Qwen3-1.7B-nothink|summary_prompt|N20|173,Qwen3-1.7B-nothink,summary_prompt,20,partC_Qwen3-1.7B-nothink__summary_prompt__N20.json,173,9
Qwen3-1.7B-nothink|summary_prompt|N20|174,Qwen3-1.7B-nothink,summary_prompt,20,partC_Qwen3-1.7B-nothink__summary_prompt__N20.json,174,9
Qwen3-1.7B-nothink|summary_prompt|N20|175,Qwen3-1.7B-nothink,summary_prompt,20,partC_Qwen3-1.7B-nothink__summary_prompt__N20.json,175,8
Qwen3-1.7B-nothink|summary_prompt|N20|176,Qwen3-1.7B-nothink,summary_prompt,20,partC_Qwen3-1.7B-nothink__summary_prompt__N20.json,176,9
Qwen3-1.7B-nothink|summary_prompt|N20|177,Qwen3-1.7B-nothink,summary_prompt,20,partC_Qwen3-1.7B-nothink__summary_prompt__N20.json,177,9
Qwen3-1.7B-nothink|summary_prompt|N20|178,Qwen3-1.7B-nothink,summary_prompt,20,partC_Qwen3-1.7B-nothink__summary_prompt__N20.json,178,9
Qwen3-1.7B-nothink|summary_prompt|N20|179,Qwen3-1.7B-nothink,summary_prompt,20,partC_Qwen3-1.7B-nothink__summary_prompt__N20.json,179,6
Qwen3-1.7B-nothink|summary_prompt|N20|180,Qwen3-1.7B-nothink,summary_prompt,20,partC_Qwen3-1.7B-nothink__summary_prompt__N20.json,180,6
Qwen3-1.7B-nothink|summary_prompt|N20|181,Qwen3-1.7B-nothink,summary_prompt,20,partC_Qwen3-1.7B-nothink__summary_prompt__N20.json,181,6
Qwen3-1.7B-nothink|summary_prompt|N20|182,Qwen3-1.7B-nothink,summary_prompt,20,partC_Qwen3-1.7B-nothink__summary_prompt__N20.json,182,9
Qwen3-1.7B-nothink|summary_prompt|N20|183,Qwen3-1.7B-nothink,summary_prompt,20,partC_Qwen3-1.7B-nothink__summary_prompt__N20.json,183,7
Qwen3-1.7B-nothink|summary_prompt|N20|184,Qwen3-1.7B-nothink,summary_prompt,20,partC_Qwen3-1.7B-nothink__summary_prompt__N20.json,184,9
Qwen3-1.7B-nothink|summary_prompt|N20|185,Qwen3-1.7B-nothink,summary_prompt,20,partC_Qwen3-1.7B-nothink__summary_prompt__N20.json,185,9
Qwen3-1.7B-nothink|summary_prompt|N20|186,Qwen3-1.7B-nothink,summary_prompt,20,partC_Qwen3-1.7B-nothink__summary_prompt__N20.json,186,4
Qwen3-1.7B-nothink|summary_prompt|N20|187,Qwen3-1.7B-nothink,summary_prompt,20,partC_Qwen3-1.7B-nothink__summary_prompt__N20.json,187,7
Qwen3-1.7B-nothink|summary_prompt|N20|188,Qwen3-1.7B-nothink,summary_prompt,20,partC_Qwen3-1.7B-nothink__summary_prompt__N20.json,188,7
Qwen3-1.7B-nothink|summary_prompt|N20|189,Qwen3-1.7B-nothink,summary_prompt,20,partC_Qwen3-1.7B-nothink__summary_prompt__N20.json,189,6
Qwen3-1.7B-nothink|summary_prompt|N20|190,Qwen3-1.7B-nothink,summary_prompt,20,partC_Qwen3-1.7B-nothink__summary_prompt__N20.json,190,7
Qwen3-1.7B-nothink|summary_prompt|N20|191,Qwen3-1.7B-nothink,summary_prompt,20,partC_Qwen3-1.7B-nothink__summary_prompt__N20.json,191,9
Qwen3-1.7B-nothink|summary_prompt|N20|192,Qwen3-1.7B-nothink,summary_prompt,20,partC_Qwen3-1.7B-nothink__summary_prompt__N20.json,192,7
Qwen3-1.7B-nothink|summary_prompt|N20|193,Qwen3-1.7B-nothink,summary_prompt,20,partC_Qwen3-1.7B-nothink__summary_prompt__N20.json,193,6
Qwen3-1.7B-nothink|summary_prompt|N20|194,Qwen3-1.7B-nothink,summary_prompt,20,partC_Qwen3-1.7B-nothink__summary_prompt__N20.json,194,6
Qwen3-1.7B-nothink|summary_prompt|N20|195,Qwen3-1.7B-nothink,summary_prompt,20,partC_Qwen3-1.7B-nothink__summary_prompt__N20.json,195,6
Qwen3-1.7B-nothink|summary_prompt|N20|196,Qwen3-1.7B-nothink,summary_prompt,20,partC_Qwen3-1.7B-nothink__summary_prompt__N20.json,196,3
Qwen3-1.7B-nothink|summary_prompt|N20|197,Qwen3-1.7B-nothink,summary_prompt,20,partC_Qwen3-1.7B-nothink__summary_prompt__N20.json,197,7
Qwen3-1.7B-nothink|summary_prompt|N20|198,Qwen3-1.7B-nothink,summary_prompt,20,partC_Qwen3-1.7B-nothink__summary_prompt__N20.json,198,6
Qwen3-1.7B-nothink|summary_prompt|N20|199,Qwen3-1.7B-nothink,summary_prompt,20,partC_Qwen3-1.7B-nothink__summary_prompt__N20.json,199,7
Qwen3-1.7B-nothink|summary_prompt|N20|200,Qwen3-1.7B-nothink,summary_prompt,20,partC_Qwen3-1.7B-nothink__summary_prompt__N20.json,200,9
Qwen3-1.7B-nothink|summary_prompt|N20|201,Qwen3-1.7B-nothink,summary_prompt,20,partC_Qwen3-1.7B-nothink__summary_prompt__N20.json,201,7
Qwen3-1.7B-nothink|summary_prompt|N20|202,Qwen3-1.7B-nothink,summary_prompt,20,partC_Qwen3-1.7B-nothink__summary_prompt__N20.json,202,6
Qwen3-1.7B-nothink|summary_prompt|N20|203,Qwen3-1.7B-nothink,summary_prompt,20,partC_Qwen3-1.7B-nothink__summary_prompt__N20.json,203,9
Qwen3-1.7B-nothink|summary_prompt|N20|204,Qwen3-1.7B-nothink,summary_prompt,20,partC_Qwen3-1.7B-nothink__summary_prompt__N20.json,204,9
Qwen3-1.7B-nothink|summary_prompt|N20|205,Qwen3-1.7B-nothink,summary_prompt,20,partC_Qwen3-1.7B-nothink__summary_prompt__N20.json,205,9
Qwen3-1.7B-nothink|summary_prompt|N20|206,Qwen3-1.7B-nothink,summary_prompt,20,partC_Qwen3-1.7B-nothink__summary_prompt__N20.json,206,9
Qwen3-1.7B-nothink|summary_prompt|N20|207,Qwen3-1.7B-nothink,summary_prompt,20,partC_Qwen3-1.7B-nothink__summary_prompt__N20.json,207,9
Qwen3-1.7B-nothink|summary_prompt|N20|208,Qwen3-1.7B-nothink,summary_prompt,20,partC_Qwen3-1.7B-nothink__summary_prompt__N20.json,208,9
Qwen3-1.7B-nothink|summary_prompt|N20|209,Qwen3-1.7B-nothink,summary_prompt,20,partC_Qwen3-1.7B-nothink__summary_prompt__N20.json,209,9
Qwen3-1.7B-nothink|summary_prompt|N20|210,Qwen3-1.7B-nothink,summary_prompt,20,partC_Qwen3-1.7B-nothink__summary_prompt__N20.json,210,9
Qwen3-1.7B-nothink|summary_prompt|N20|211,Qwen3-1.7B-nothink,summary_prompt,20,partC_Qwen3-1.7B-nothink__summary_prompt__N20.json,211,9
Qwen3-1.7B-nothink|summary_prompt|N20|212,Qwen3-1.7B-nothink,summary_prompt,20,partC_Qwen3-1.7B-nothink__summary_prompt__N20.json,212,6
Qwen3-1.7B-nothink|summary_prompt|N20|213,Qwen3-1.7B-nothink,summary_prompt,20,partC_Qwen3-1.7B-nothink__summary_prompt__N20.json,213,9
Qwen3-1.7B-nothink|summary_prompt|N20|214,Qwen3-1.7B-nothink,summary_prompt,20,partC_Qwen3-1.7B-nothink__summary_prompt__N20.json,214,7
Qwen3-1.7B-nothink|summary_prompt|N20|215,Qwen3-1.7B-nothink,summary_prompt,20,partC_Qwen3-1.7B-nothink__summary_prompt__N20.json,215,6
Qwen3-1.7B-nothink|summary_prompt|N20|216,Qwen3-1.7B-nothink,summary_prompt,20,partC_Qwen3-1.7B-nothink__summary_prompt__N20.json,216,9
Qwen3-1.7B-nothink|summary_prompt|N20|217,Qwen3-1.7B-nothink,summary_prompt,20,partC_Qwen3-1.7B-nothink__summary_prompt__N20.json,217,9
Qwen3-1.7B-nothink|summary_prompt|N20|218,Qwen3-1.7B-nothink,summary_prompt,20,partC_Qwen3-1.7B-nothink__summary_prompt__N20.json,218,9
Qwen3-1.7B-nothink|summary_prompt|N20|219,Qwen3-1.7B-nothink,summary_prompt,20,partC_Qwen3-1.7B-nothink__summary_prompt__N20.json,219,9
Qwen3-1.7B-nothink|summary_prompt|N20|220,Qwen3-1.7B-nothink,summary_prompt,20,partC_Qwen3-1.7B-nothink__summary_prompt__N20.json,220,9
Qwen3-1.7B-nothink|summary_prompt|N20|221,Qwen3-1.7B-nothink,summary_prompt,20,partC_Qwen3-1.7B-nothink__summary_prompt__N20.json,221,9
Qwen3-1.7B-nothink|summary_prompt|N20|222,Qwen3-1.7B-nothink,summary_prompt,20,partC_Qwen3-1.7B-nothink__summary_prompt__N20.json,222,9
Qwen3-1.7B-nothink|summary_prompt|N20|223,Qwen3-1.7B-nothink,summary_prompt,20,partC_Qwen3-1.7B-nothink__summary_prompt__N20.json,223,9
Qwen3-1.7B-nothink|summary_prompt|N20|224,Qwen3-1.7B-nothink,summary_prompt,20,partC_Qwen3-1.7B-nothink__summary_prompt__N20.json,224,9
Qwen3-1.7B-nothink|summary_prompt|N20|225,Qwen3-1.7B-nothink,summary_prompt,20,partC_Qwen3-1.7B-nothink__summary_prompt__N20.json,225,9
Qwen3-1.7B-nothink|summary_prompt|N20|226,Qwen3-1.7B-nothink,summary_prompt,20,partC_Qwen3-1.7B-nothink__summary_prompt__N20.json,226,9
Qwen3-1.7B-nothink|summary_prompt|N20|227,Qwen3-1.7B-nothink,summary_prompt,20,partC_Qwen3-1.7B-nothink__summary_prompt__N20.json,227,9
Qwen3-1.7B-nothink|summary_prompt|N20|228,Qwen3-1.7B-nothink,summary_prompt,20,partC_Qwen3-1.7B-nothink__summary_prompt__N20.json,228,7
Qwen3-1.7B-nothink|summary_prompt|N20|229,Qwen3-1.7B-nothink,summary_prompt,20,partC_Qwen3-1.7B-nothink__summary_prompt__N20.json,229,9
Qwen3-1.7B-nothink|summary_prompt|N20|230,Qwen3-1.7B-nothink,summary_prompt,20,partC_Qwen3-1.7B-nothink__summary_prompt__N20.json,230,9
Qwen3-1.7B-nothink|summary_prompt|N20|231,Qwen3-1.7B-nothink,summary_prompt,20,partC_Qwen3-1.7B-nothink__summary_prompt__N20.json,231,9
Qwen3-1.7B-nothink|summary_prompt|N20|232,Qwen3-1.7B-nothink,summary_prompt,20,partC_Qwen3-1.7B-nothink__summary_prompt__N20.json,232,9
Qwen3-1.7B-nothink|summary_prompt|N20|233,Qwen3-1.7B-nothink,summary_prompt,20,partC_Qwen3-1.7B-nothink__summary_prompt__N20.json,233,9
Qwen3-1.7B-nothink|summary_prompt|N20|234,Qwen3-1.7B-nothink,summary_prompt,20,partC_Qwen3-1.7B-nothink__summary_prompt__N20.json,234,7
Qwen3-1.7B-nothink|summary_prompt|N20|235,Qwen3-1.7B-nothink,summary_prompt,20,partC_Qwen3-1.7B-nothink__summary_prompt__N20.json,235,9
Qwen3-1.7B-nothink|summary_prompt|N20|236,Qwen3-1.7B-nothink,summary_prompt,20,partC_Qwen3-1.7B-nothink__summary_prompt__N20.json,236,9
Qwen3-1.7B-nothink|summary_prompt|N20|237,Qwen3-1.7B-nothink,summary_prompt,20,partC_Qwen3-1.7B-nothink__summary_prompt__N20.json,237,9
Qwen3-1.7B-nothink|summary_prompt|N20|238,Qwen3-1.7B-nothink,summary_prompt,20,partC_Qwen3-1.7B-nothink__summary_prompt__N20.json,238,9
Qwen3-1.7B-nothink|summary_prompt|N20|239,Qwen3-1.7B-nothink,summary_prompt,20,partC_Qwen3-1.7B-nothink__summary_prompt__N20.json,239,9
Qwen3-1.7B-nothink|summary_prompt|N20|240,Qwen3-1.7B-nothink,summary_prompt,20,partC_Qwen3-1.7B-nothink__summary_prompt__N20.json,240,9
Qwen3-1.7B-nothink|summary_prompt|N20|241,Qwen3-1.7B-nothink,summary_prompt,20,partC_Qwen3-1.7B-nothink__summary_prompt__N20.json,241,7
Qwen3-1.7B-nothink|summary_prompt|N20|242,Qwen3-1.7B-nothink,summary_prompt,20,partC_Qwen3-1.7B-nothink__summary_prompt__N20.json,242,9
Qwen3-1.7B-nothink|summary_prompt|N20|243,Qwen3-1.7B-nothink,summary_prompt,20,partC_Qwen3-1.7B-nothink__summary_prompt__N20.json,243,6
Qwen3-1.7B-nothink|summary_prompt|N20|244,Qwen3-1.7B-nothink,summary_prompt,20,partC_Qwen3-1.7B-nothink__summary_prompt__N20.json,244,9
Qwen3-1.7B-nothink|summary_prompt|N20|245,Qwen3-1.7B-nothink,summary_prompt,20,partC_Qwen3-1.7B-nothink__summary_prompt__N20.json,245,9
Qwen3-1.7B-nothink|summary_prompt|N20|246,Qwen3-1.7B-nothink,summary_prompt,20,partC_Qwen3-1.7B-nothink__summary_prompt__N20.json,246,9
Qwen3-1.7B-nothink|summary_prompt|N20|247,Qwen3-1.7B-nothink,summary_prompt,20,partC_Qwen3-1.7B-nothink__summary_prompt__N20.json,247,9
Qwen3-1.7B-nothink|summary_prompt|N20|248,Qwen3-1.7B-nothink,summary_prompt,20,partC_Qwen3-1.7B-nothink__summary_prompt__N20.json,248,9
Qwen3-1.7B-nothink|summary_prompt|N20|249,Qwen3-1.7B-nothink,summary_prompt,20,partC_Qwen3-1.7B-nothink__summary_prompt__N20.json,249,9
Qwen3-1.7B-nothink|summary_prompt|N20|250,Qwen3-1.7B-nothink,summary_prompt,20,partC_Qwen3-1.7B-nothink__summary_prompt__N20.json,250,9
Qwen3-1.7B-nothink|summary_prompt|N20|251,Qwen3-1.7B-nothink,summary_prompt,20,partC_Qwen3-1.7B-nothink__summary_prompt__N20.json,251,9
Qwen3-1.7B-nothink|summary_prompt|N20|252,Qwen3-1.7B-nothink,summary_prompt,20,partC_Qwen3-1.7B-nothink__summary_prompt__N20.json,252,6
Qwen3-1.7B-nothink|summary_prompt|N20|253,Qwen3-1.7B-nothink,summary_prompt,20,partC_Qwen3-1.7B-nothink__summary_prompt__N20.json,253,9
Qwen3-1.7B-nothink|summary_prompt|N20|254,Qwen3-1.7B-nothink,summary_prompt,20,partC_Qwen3-1.7B-nothink__summary_prompt__N20.json,254,7
Qwen3-1.7B-nothink|summary_prompt|N20|255,Qwen3-1.7B-nothink,summary_prompt,20,partC_Qwen3-1.7B-nothink__summary_prompt__N20.json,255,9
Qwen3-1.7B-nothink|summary_prompt|N20|256,Qwen3-1.7B-nothink,summary_prompt,20,partC_Qwen3-1.7B-nothink__summary_prompt__N20.json,256,9
Qwen3-1.7B-nothink|summary_prompt|N20|257,Qwen3-1.7B-nothink,summary_prompt,20,partC_Qwen3-1.7B-nothink__summary_prompt__N20.json,257,9
Qwen3-1.7B-nothink|summary_prompt|N20|258,Qwen3-1.7B-nothink,summary_prompt,20,partC_Qwen3-1.7B-nothink__summary_prompt__N20.json,258,9
Qwen3-1.7B-nothink|summary_prompt|N20|259,Qwen3-1.7B-nothink,summary_prompt,20,partC_Qwen3-1.7B-nothink__summary_prompt__N20.json,259,9
Qwen3-1.7B-nothink|summary_prompt|N20|260,Qwen3-1.7B-nothink,summary_prompt,20,partC_Qwen3-1.7B-nothink__summary_prompt__N20.json,260,9
Qwen3-1.7B-nothink|summary_prompt|N20|261,Qwen3-1.7B-nothink,summary_prompt,20,partC_Qwen3-1.7B-nothink__summary_prompt__N20.json,261,7
Qwen3-1.7B-nothink|summary_prompt|N20|262,Qwen3-1.7B-nothink,summary_prompt,20,partC_Qwen3-1.7B-nothink__summary_prompt__N20.json,262,7
Qwen3-1.7B-nothink|summary_prompt|N20|263,Qwen3-1.7B-nothink,summary_prompt,20,partC_Qwen3-1.7B-nothink__summary_prompt__N20.json,263,6
Qwen3-1.7B-nothink|summary_prompt|N20|264,Qwen3-1.7B-nothink,summary_prompt,20,partC_Qwen3-1.7B-nothink__summary_prompt__N20.json,264,6
Qwen3-1.7B-nothink|summary_prompt|N20|265,Qwen3-1.7B-nothink,summary_prompt,20,partC_Qwen3-1.7B-nothink__summary_prompt__N20.json,265,6
Qwen3-1.7B-nothink|summary_prompt|N20|266,Qwen3-1.7B-nothink,summary_prompt,20,partC_Qwen3-1.7B-nothink__summary_prompt__N20.json,266,7
Qwen3-1.7B-nothink|summary_prompt|N20|267,Qwen3-1.7B-nothink,summary_prompt,20,partC_Qwen3-1.7B-nothink__summary_prompt__N20.json,267,7
Qwen3-1.7B-nothink|summary_prompt|N20|268,Qwen3-1.7B-nothink,summary_prompt,20,partC_Qwen3-1.7B-nothink__summary_prompt__N20.json,268,8
Qwen3-1.7B-nothink|summary_prompt|N20|269,Qwen3-1.7B-nothink,summary_prompt,20,partC_Qwen3-1.7B-nothink__summary_prompt__N20.json,269,8
Qwen3-1.7B-nothink|summary_prompt|N20|270,Qwen3-1.7B-nothink,summary_prompt,20,partC_Qwen3-1.7B-nothink__summary_prompt__N20.json,270,8
Qwen3-1.7B-nothink|summary_prompt|N20|271,Qwen3-1.7B-nothink,summary_prompt,20,partC_Qwen3-1.7B-nothink__summary_prompt__N20.json,271,7
Qwen3-1.7B-nothink|summary_prompt|N20|272,Qwen3-1.7B-nothink,summary_prompt,20,partC_Qwen3-1.7B-nothink__summary_prompt__N20.json,272,6
Qwen3-1.7B-nothink|summary_prompt|N20|273,Qwen3-1.7B-nothink,summary_prompt,20,partC_Qwen3-1.7B-nothink__summary_prompt__N20.json,273,7
Qwen3-1.7B-nothink|summary_prompt|N20|274,Qwen3-1.7B-nothink,summary_prompt,20,partC_Qwen3-1.7B-nothink__summary_prompt__N20.json,274,7
Qwen3-1.7B-nothink|summary_prompt|N20|275,Qwen3-1.7B-nothink,summary_prompt,20,partC_Qwen3-1.7B-nothink__summary_prompt__N20.json,275,9
Qwen3-1.7B-nothink|summary_prompt|N20|276,Qwen3-1.7B-nothink,summary_prompt,20,partC_Qwen3-1.7B-nothink__summary_prompt__N20.json,276,7
Qwen3-1.7B-nothink|summary_prompt|N20|277,Qwen3-1.7B-nothink,summary_prompt,20,partC_Qwen3-1.7B-nothink__summary_prompt__N20.json,277,4
Qwen3-1.7B-nothink|summary_prompt|N20|278,Qwen3-1.7B-nothink,summary_prompt,20,partC_Qwen3-1.7B-nothink__summary_prompt__N20.json,278,9
Qwen3-1.7B-nothink|summary_prompt|N20|279,Qwen3-1.7B-nothink,summary_prompt,20,partC_Qwen3-1.7B-nothink__summary_prompt__N20.json,279,8
Qwen3-1.7B-nothink|summary_prompt|N20|280,Qwen3-1.7B-nothink,summary_prompt,20,partC_Qwen3-1.7B-nothink__summary_prompt__N20.json,280,9
Qwen3-1.7B-nothink|summary_prompt|N20|281,Qwen3-1.7B-nothink,summary_prompt,20,partC_Qwen3-1.7B-nothink__summary_prompt__N20.json,281,7
Qwen3-1.7B-nothink|summary_prompt|N20|282,Qwen3-1.7B-nothink,summary_prompt,20,partC_Qwen3-1.7B-nothink__summary_prompt__N20.json,282,9
Qwen3-1.7B-nothink|summary_prompt|N20|283,Qwen3-1.7B-nothink,summary_prompt,20,partC_Qwen3-1.7B-nothink__summary_prompt__N20.json,283,6
Qwen3-1.7B-nothink|summary_prompt|N20|284,Qwen3-1.7B-nothink,summary_prompt,20,partC_Qwen3-1.7B-nothink__summary_prompt__N20.json,284,4
Qwen3-1.7B-nothink|summary_prompt|N20|285,Qwen3-1.7B-nothink,summary_prompt,20,partC_Qwen3-1.7B-nothink__summary_prompt__N20.json,285,6
Qwen3-1.7B-nothink|summary_prompt|N20|286,Qwen3-1.7B-nothink,summary_prompt,20,partC_Qwen3-1.7B-nothink__summary_prompt__N20.json,286,9
Qwen3-1.7B-nothink|summary_prompt|N20|287,Qwen3-1.7B-nothink,summary_prompt,20,partC_Qwen3-1.7B-nothink__summary_prompt__N20.json,287,8
Qwen3-1.7B-nothink|summary_prompt|N20|288,Qwen3-1.7B-nothink,summary_prompt,20,partC_Qwen3-1.7B-nothink__summary_prompt__N20.json,288,7
Qwen3-1.7B-nothink|summary_prompt|N20|289,Qwen3-1.7B-nothink,summary_prompt,20,partC_Qwen3-1.7B-nothink__summary_prompt__N20.json,289,7
Qwen3-1.7B-nothink|summary_prompt|N20|290,Qwen3-1.7B-nothink,summary_prompt,20,partC_Qwen3-1.7B-nothink__summary_prompt__N20.json,290,9
Qwen3-1.7B-nothink|summary_prompt|N20|291,Qwen3-1.7B-nothink,summary_prompt,20,partC_Qwen3-1.7B-nothink__summary_prompt__N20.json,291,6
Qwen3-1.7B-nothink|summary_prompt|N20|292,Qwen3-1.7B-nothink,summary_prompt,20,partC_Qwen3-1.7B-nothink__summary_prompt__N20.json,292,7
Qwen3-1.7B-nothink|summary_prompt|N20|293,Qwen3-1.7B-nothink,summary_prompt,20,partC_Qwen3-1.7B-nothink__summary_prompt__N20.json,293,7
Qwen3-1.7B-nothink|summary_prompt|N20|294,Qwen3-1.7B-nothink,summary_prompt,20,partC_Qwen3-1.7B-nothink__summary_prompt__N20.json,294,9
Qwen3-1.7B-nothink|summary_prompt|N20|295,Qwen3-1.7B-nothink,summary_prompt,20,partC_Qwen3-1.7B-nothink__summary_prompt__N20.json,295,7
Qwen3-1.7B-nothink|summary_prompt|N20|296,Qwen3-1.7B-nothink,summary_prompt,20,partC_Qwen3-1.7B-nothink__summary_prompt__N20.json,296,9
Qwen3-1.7B-nothink|summary_prompt|N20|297,Qwen3-1.7B-nothink,summary_prompt,20,partC_Qwen3-1.7B-nothink__summary_prompt__N20.json,297,7
Qwen3-1.7B-nothink|summary_prompt|N20|298,Qwen3-1.7B-nothink,summary_prompt,20,partC_Qwen3-1.7B-nothink__summary_prompt__N20.json,298,7
Qwen3-1.7B-nothink|summary_prompt|N20|299,Qwen3-1.7B-nothink,summary_prompt,20,partC_Qwen3-1.7B-nothink__summary_prompt__N20.json,299,7
Qwen3-1.7B-nothink|summary_prompt|N20|300,Qwen3-1.7B-nothink,summary_prompt,20,partC_Qwen3-1.7B-nothink__summary_prompt__N20.json,300,9
Qwen3-1.7B-nothink|summary_prompt|N20|301,Qwen3-1.7B-nothink,summary_prompt,20,partC_Qwen3-1.7B-nothink__summary_prompt__N20.json,301,9
Qwen3-1.7B-nothink|summary_prompt|N20|302,Qwen3-1.7B-nothink,summary_prompt,20,partC_Qwen3-1.7B-nothink__summary_prompt__N20.json,302,9
Qwen3-1.7B-nothink|summary_prompt|N20|303,Qwen3-1.7B-nothink,summary_prompt,20,partC_Qwen3-1.7B-nothink__summary_prompt__N20.json,303,9
Qwen3-1.7B-nothink|summary_prompt|N20|304,Qwen3-1.7B-nothink,summary_prompt,20,partC_Qwen3-1.7B-nothink__summary_prompt__N20.json,304,9
Qwen3-1.7B-nothink|summary_prompt|N20|305,Qwen3-1.7B-nothink,summary_prompt,20,partC_Qwen3-1.7B-nothink__summary_prompt__N20.json,305,9
Qwen3-1.7B-nothink|summary_prompt|N20|306,Qwen3-1.7B-nothink,summary_prompt,20,partC_Qwen3-1.7B-nothink__summary_prompt__N20.json,306,9
Qwen3-1.7B-nothink|summary_prompt|N20|307,Qwen3-1.7B-nothink,summary_prompt,20,partC_Qwen3-1.7B-nothink__summary_prompt__N20.json,307,9
Qwen3-1.7B-nothink|summary_prompt|N20|308,Qwen3-1.7B-nothink,summary_prompt,20,partC_Qwen3-1.7B-nothink__summary_prompt__N20.json,308,9
Qwen3-1.7B-nothink|summary_prompt|N20|309,Qwen3-1.7B-nothink,summary_prompt,20,partC_Qwen3-1.7B-nothink__summary_prompt__N20.json,309,9
Qwen3-1.7B-nothink|summary_prompt|N20|310,Qwen3-1.7B-nothink,summary_prompt,20,partC_Qwen3-1.7B-nothink__summary_prompt__N20.json,310,3
Qwen3-1.7B-nothink|summary_prompt|N20|311,Qwen3-1.7B-nothink,summary_prompt,20,partC_Qwen3-1.7B-nothink__summary_prompt__N20.json,311,7
Qwen3-1.7B-nothink|summary_prompt|N20|312,Qwen3-1.7B-nothink,summary_prompt,20,partC_Qwen3-1.7B-nothink__summary_prompt__N20.json,312,9
Qwen3-1.7B-nothink|summary_prompt|N20|313,Qwen3-1.7B-nothink,summary_prompt,20,partC_Qwen3-1.7B-nothink__summary_prompt__N20.json,313,9
Qwen3-1.7B-nothink|summary_prompt|N20|314,Qwen3-1.7B-nothink,summary_prompt,20,partC_Qwen3-1.7B-nothink__summary_prompt__N20.json,314,9
Qwen3-1.7B-nothink|summary_prompt|N20|315,Qwen3-1.7B-nothink,summary_prompt,20,partC_Qwen3-1.7B-nothink__summary_prompt__N20.json,315,9
Qwen3-1.7B-nothink|summary_prompt|N20|316,Qwen3-1.7B-nothink,summary_prompt,20,partC_Qwen3-1.7B-nothink__summary_prompt__N20.json,316,4
Qwen3-1.7B-nothink|summary_prompt|N20|317,Qwen3-1.7B-nothink,summary_prompt,20,partC_Qwen3-1.7B-nothink__summary_prompt__N20.json,317,9
Qwen3-1.7B-nothink|summary_prompt|N20|318,Qwen3-1.7B-nothink,summary_prompt,20,partC_Qwen3-1.7B-nothink__summary_prompt__N20.json,318,6
Qwen3-1.7B-nothink|summary_prompt|N20|319,Qwen3-1.7B-nothink,summary_prompt,20,partC_Qwen3-1.7B-nothink__summary_prompt__N20.json,319,9
Qwen3-1.7B-nothink|summary_prompt|N20|320,Qwen3-1.7B-nothink,summary_prompt,20,partC_Qwen3-1.7B-nothink__summary_prompt__N20.json,320,8
Qwen3-1.7B-nothink|summary_prompt|N20|321,Qwen3-1.7B-nothink,summary_prompt,20,partC_Qwen3-1.7B-nothink__summary_prompt__N20.json,321,9
Qwen3-1.7B-nothink|summary_prompt|N20|322,Qwen3-1.7B-nothink,summary_prompt,20,partC_Qwen3-1.7B-nothink__summary_prompt__N20.json,322,9
Qwen3-1.7B-nothink|summary_prompt|N20|323,Qwen3-1.7B-nothink,summary_prompt,20,partC_Qwen3-1.7B-nothink__summary_prompt__N20.json,323,9
Qwen3-1.7B-nothink|summary_prompt|N20|324,Qwen3-1.7B-nothink,summary_prompt,20,partC_Qwen3-1.7B-nothink__summary_prompt__N20.json,324,9
Qwen3-1.7B-nothink|summary_prompt|N20|325,Qwen3-1.7B-nothink,summary_prompt,20,partC_Qwen3-1.7B-nothink__summary_prompt__N20.json,325,9
Qwen3-1.7B-nothink|summary_prompt|N20|326,Qwen3-1.7B-nothink,summary_prompt,20,partC_Qwen3-1.7B-nothink__summary_prompt__N20.json,326,7
Qwen3-1.7B-nothink|summary_prompt|N20|327,Qwen3-1.7B-nothink,summary_prompt,20,partC_Qwen3-1.7B-nothink__summary_prompt__N20.json,327,9
Qwen3-1.7B-nothink|summary_prompt|N20|328,Qwen3-1.7B-nothink,summary_prompt,20,partC_Qwen3-1.7B-nothink__summary_prompt__N20.json,328,9
Qwen3-1.7B-nothink|summary_prompt|N20|329,Qwen3-1.7B-nothink,summary_prompt,20,partC_Qwen3-1.7B-nothink__summary_prompt__N20.json,329,7
Qwen3-1.7B-nothink|summary_prompt|N20|330,Qwen3-1.7B-nothink,summary_prompt,20,partC_Qwen3-1.7B-nothink__summary_prompt__N20.json,330,9
Qwen3-1.7B-nothink|summary_prompt|N20|331,Qwen3-1.7B-nothink,summary_prompt,20,partC_Qwen3-1.7B-nothink__summary_prompt__N20.json,331,9
Qwen3-1.7B-nothink|summary_prompt|N20|332,Qwen3-1.7B-nothink,summary_prompt,20,partC_Qwen3-1.7B-nothink__summary_prompt__N20.json,332,9
Qwen3-1.7B-nothink|summary_prompt|N20|333,Qwen3-1.7B-nothink,summary_prompt,20,partC_Qwen3-1.7B-nothink__summary_prompt__N20.json,333,7
Qwen3-1.7B-nothink|summary_prompt|N20|334,Qwen3-1.7B-nothink,summary_prompt,20,partC_Qwen3-1.7B-nothink__summary_prompt__N20.json,334,9
Qwen3-1.7B-nothink|summary_prompt|N20|335,Qwen3-1.7B-nothink,summary_prompt,20,partC_Qwen3-1.7B-nothink__summary_prompt__N20.json,335,9
Qwen3-1.7B-nothink|summary_prompt|N20|336,Qwen3-1.7B-nothink,summary_prompt,20,partC_Qwen3-1.7B-nothink__summary_prompt__N20.json,336,9
Qwen3-1.7B-nothink|summary_prompt|N20|337,Qwen3-1.7B-nothink,summary_prompt,20,partC_Qwen3-1.7B-nothink__summary_prompt__N20.json,337,9
Qwen3-1.7B-nothink|summary_prompt|N20|338,Qwen3-1.7B-nothink,summary_prompt,20,partC_Qwen3-1.7B-nothink__summary_prompt__N20.json,338,9
Qwen3-1.7B-nothink|summary_prompt|N20|339,Qwen3-1.7B-nothink,summary_prompt,20,partC_Qwen3-1.7B-nothink__summary_prompt__N20.json,339,9
Qwen3-1.7B-nothink|summary_prompt|N20|340,Qwen3-1.7B-nothink,summary_prompt,20,partC_Qwen3-1.7B-nothink__summary_prompt__N20.json,340,9
Qwen3-1.7B-nothink|summary_prompt|N20|341,Qwen3-1.7B-nothink,summary_prompt,20,partC_Qwen3-1.7B-nothink__summary_prompt__N20.json,341,8
Qwen3-1.7B-nothink|summary_prompt|N20|342,Qwen3-1.7B-nothink,summary_prompt,20,partC_Qwen3-1.7B-nothink__summary_prompt__N20.json,342,9
Qwen3-1.7B-nothink|summary_prompt|N20|343,Qwen3-1.7B-nothink,summary_prompt,20,partC_Qwen3-1.7B-nothink__summary_prompt__N20.json,343,6
Qwen3-1.7B-nothink|summary_prompt|N20|344,Qwen3-1.7B-nothink,summary_prompt,20,partC_Qwen3-1.7B-nothink__summary_prompt__N20.json,344,9
Qwen3-1.7B-nothink|summary_prompt|N20|345,Qwen3-1.7B-nothink,summary_prompt,20,partC_Qwen3-1.7B-nothink__summary_prompt__N20.json,345,6
Qwen3-1.7B-nothink|summary_prompt|N20|346,Qwen3-1.7B-nothink,summary_prompt,20,partC_Qwen3-1.7B-nothink__summary_prompt__N20.json,346,9
Qwen3-1.7B-nothink|summary_prompt|N20|347,Qwen3-1.7B-nothink,summary_prompt,20,partC_Qwen3-1.7B-nothink__summary_prompt__N20.json,347,9
Qwen3-1.7B-nothink|summary_prompt|N20|348,Qwen3-1.7B-nothink,summary_prompt,20,partC_Qwen3-1.7B-nothink__summary_prompt__N20.json,348,7
Qwen3-1.7B-nothink|summary_prompt|N20|349,Qwen3-1.7B-nothink,summary_prompt,20,partC_Qwen3-1.7B-nothink__summary_prompt__N20.json,349,9
Qwen3-1.7B-nothink|summary_prompt|N20|350,Qwen3-1.7B-nothink,summary_prompt,20,partC_Qwen3-1.7B-nothink__summary_prompt__N20.json,350,9
Qwen3-1.7B-nothink|summary_prompt|N20|351,Qwen3-1.7B-nothink,summary_prompt,20,partC_Qwen3-1.7B-nothink__summary_prompt__N20.json,351,9
Qwen3-1.7B-nothink|summary_prompt|N20|352,Qwen3-1.7B-nothink,summary_prompt,20,partC_Qwen3-1.7B-nothink__summary_prompt__N20.json,352,9
Qwen3-1.7B-nothink|summary_prompt|N20|353,Qwen3-1.7B-nothink,summary_prompt,20,partC_Qwen3-1.7B-nothink__summary_prompt__N20.json,353,9
Qwen3-1.7B-nothink|summary_prompt|N20|354,Qwen3-1.7B-nothink,summary_prompt,20,partC_Qwen3-1.7B-nothink__summary_prompt__N20.json,354,8
Qwen3-1.7B-nothink|summary_prompt|N20|355,Qwen3-1.7B-nothink,summary_prompt,20,partC_Qwen3-1.7B-nothink__summary_prompt__N20.json,355,6
Qwen3-1.7B-nothink|summary_prompt|N20|356,Qwen3-1.7B-nothink,summary_prompt,20,partC_Qwen3-1.7B-nothink__summary_prompt__N20.json,356,9
Qwen3-1.7B-nothink|summary_prompt|N20|357,Qwen3-1.7B-nothink,summary_prompt,20,partC_Qwen3-1.7B-nothink__summary_prompt__N20.json,357,9
Qwen3-1.7B-nothink|summary_prompt|N20|358,Qwen3-1.7B-nothink,summary_prompt,20,partC_Qwen3-1.7B-nothink__summary_prompt__N20.json,358,7
Qwen3-1.7B-nothink|summary_prompt|N20|359,Qwen3-1.7B-nothink,summary_prompt,20,partC_Qwen3-1.7B-nothink__summary_prompt__N20.json,359,9
Qwen3-1.7B-nothink|summary_prompt|N20|360,Qwen3-1.7B-nothink,summary_prompt,20,partC_Qwen3-1.7B-nothink__summary_prompt__N20.json,360,7
Qwen3-1.7B-nothink|summary_prompt|N20|361,Qwen3-1.7B-nothink,summary_prompt,20,partC_Qwen3-1.7B-nothink__summary_prompt__N20.json,361,6
Qwen3-1.7B-nothink|summary_prompt|N20|362,Qwen3-1.7B-nothink,summary_prompt,20,partC_Qwen3-1.7B-nothink__summary_prompt__N20.json,362,6
Qwen3-1.7B-nothink|summary_prompt|N20|363,Qwen3-1.7B-nothink,summary_prompt,20,partC_Qwen3-1.7B-nothink__summary_prompt__N20.json,363,6
Qwen3-1.7B-nothink|summary_prompt|N20|364,Qwen3-1.7B-nothink,summary_prompt,20,partC_Qwen3-1.7B-nothink__summary_prompt__N20.json,364,4
Qwen3-1.7B-nothink|summary_prompt|N20|365,Qwen3-1.7B-nothink,summary_prompt,20,partC_Qwen3-1.7B-nothink__summary_prompt__N20.json,365,6
Qwen3-1.7B-nothink|summary_prompt|N20|366,Qwen3-1.7B-nothink,summary_prompt,20,partC_Qwen3-1.7B-nothink__summary_prompt__N20.json,366,9
Qwen3-1.7B-nothink|summary_prompt|N20|367,Qwen3-1.7B-nothink,summary_prompt,20,partC_Qwen3-1.7B-nothink__summary_prompt__N20.json,367,9
Qwen3-1.7B-nothink|summary_prompt|N20|368,Qwen3-1.7B-nothink,summary_prompt,20,partC_Qwen3-1.7B-nothink__summary_prompt__N20.json,368,7
Qwen3-1.7B-nothink|summary_prompt|N20|369,Qwen3-1.7B-nothink,summary_prompt,20,partC_Qwen3-1.7B-nothink__summary_prompt__N20.json,369,6
Qwen3-1.7B-nothink|summary_prompt|N20|370,Qwen3-1.7B-nothink,summary_prompt,20,partC_Qwen3-1.7B-nothink__summary_prompt__N20.json,370,9
Qwen3-1.7B-nothink|summary_prompt|N20|371,Qwen3-1.7B-nothink,summary_prompt,20,partC_Qwen3-1.7B-nothink__summary_prompt__N20.json,371,9
Qwen3-1.7B-nothink|summary_prompt|N20|372,Qwen3-1.7B-nothink,summary_prompt,20,partC_Qwen3-1.7B-nothink__summary_prompt__N20.json,372,6
Qwen3-1.7B-nothink|summary_prompt|N20|373,Qwen3-1.7B-nothink,summary_prompt,20,partC_Qwen3-1.7B-nothink__summary_prompt__N20.json,373,4
Qwen3-1.7B-nothink|summary_prompt|N20|374,Qwen3-1.7B-nothink,summary_prompt,20,partC_Qwen3-1.7B-nothink__summary_prompt__N20.json,374,6
Qwen3-1.7B-nothink|summary_prompt|N20|375,Qwen3-1.7B-nothink,summary_prompt,20,partC_Qwen3-1.7B-nothink__summary_prompt__N20.json,375,4
Qwen3-1.7B-nothink|summary_prompt|N20|376,Qwen3-1.7B-nothink,summary_prompt,20,partC_Qwen3-1.7B-nothink__summary_prompt__N20.json,376,6
Qwen3-1.7B-nothink|summary_prompt|N20|377,Qwen3-1.7B-nothink,summary_prompt,20,partC_Qwen3-1.7B-nothink__summary_prompt__N20.json,377,9
Qwen3-1.7B-nothink|summary_prompt|N20|378,Qwen3-1.7B-nothink,summary_prompt,20,partC_Qwen3-1.7B-nothink__summary_prompt__N20.json,378,4
Qwen3-1.7B-nothink|summary_prompt|N20|379,Qwen3-1.7B-nothink,summary_prompt,20,partC_Qwen3-1.7B-nothink__summary_prompt__N20.json,379,4
Qwen3-1.7B-nothink|summary_prompt|N20|380,Qwen3-1.7B-nothink,summary_prompt,20,partC_Qwen3-1.7B-nothink__summary_prompt__N20.json,380,6
Qwen3-1.7B-nothink|summary_prompt|N20|381,Qwen3-1.7B-nothink,summary_prompt,20,partC_Qwen3-1.7B-nothink__summary_prompt__N20.json,381,6
Qwen3-1.7B-nothink|summary_prompt|N20|382,Qwen3-1.7B-nothink,summary_prompt,20,partC_Qwen3-1.7B-nothink__summary_prompt__N20.json,382,8
Qwen3-1.7B-nothink|summary_prompt|N20|383,Qwen3-1.7B-nothink,summary_prompt,20,partC_Qwen3-1.7B-nothink__summary_prompt__N20.json,383,7
Qwen3-1.7B-nothink|summary_prompt|N20|384,Qwen3-1.7B-nothink,summary_prompt,20,partC_Qwen3-1.7B-nothink__summary_prompt__N20.json,384,6
Qwen3-1.7B-nothink|summary_prompt|N20|385,Qwen3-1.7B-nothink,summary_prompt,20,partC_Qwen3-1.7B-nothink__summary_prompt__N20.json,385,7
Qwen3-1.7B-nothink|summary_prompt|N20|386,Qwen3-1.7B-nothink,summary_prompt,20,partC_Qwen3-1.7B-nothink__summary_prompt__N20.json,386,9
Qwen3-1.7B-nothink|summary_prompt|N20|387,Qwen3-1.7B-nothink,summary_prompt,20,partC_Qwen3-1.7B-nothink__summary_prompt__N20.json,387,6
Qwen3-1.7B-nothink|summary_prompt|N20|388,Qwen3-1.7B-nothink,summary_prompt,20,partC_Qwen3-1.7B-nothink__summary_prompt__N20.json,388,4
Qwen3-1.7B-nothink|summary_prompt|N20|389,Qwen3-1.7B-nothink,summary_prompt,20,partC_Qwen3-1.7B-nothink__summary_prompt__N20.json,389,7
Qwen3-1.7B-nothink|summary_prompt|N20|390,Qwen3-1.7B-nothink,summary_prompt,20,partC_Qwen3-1.7B-nothink__summary_prompt__N20.json,390,4
Qwen3-1.7B-nothink|summary_prompt|N20|391,Qwen3-1.7B-nothink,summary_prompt,20,partC_Qwen3-1.7B-nothink__summary_prompt__N20.json,391,4
Qwen3-1.7B-nothink|summary_prompt|N20|392,Qwen3-1.7B-nothink,summary_prompt,20,partC_Qwen3-1.7B-nothink__summary_prompt__N20.json,392,6
Qwen3-1.7B-nothink|summary_prompt|N20|393,Qwen3-1.7B-nothink,summary_prompt,20,partC_Qwen3-1.7B-nothink__summary_prompt__N20.json,393,9
Qwen3-1.7B-nothink|summary_prompt|N20|394,Qwen3-1.7B-nothink,summary_prompt,20,partC_Qwen3-1.7B-nothink__summary_prompt__N20.json,394,7
Qwen3-1.7B-nothink|summary_prompt|N20|395,Qwen3-1.7B-nothink,summary_prompt,20,partC_Qwen3-1.7B-nothink__summary_prompt__N20.json,395,6
Qwen3-1.7B-nothink|summary_prompt|N20|396,Qwen3-1.7B-nothink,summary_prompt,20,partC_Qwen3-1.7B-nothink__summary_prompt__N20.json,396,6
Qwen3-1.7B-nothink|summary_prompt|N20|397,Qwen3-1.7B-nothink,summary_prompt,20,partC_Qwen3-1.7B-nothink__summary_prompt__N20.json,397,4
Qwen3-1.7B-nothink|summary_prompt|N20|398,Qwen3-1.7B-nothink,summary_prompt,20,partC_Qwen3-1.7B-nothink__summary_prompt__N20.json,398,4
Qwen3-1.7B-nothink|summary_prompt|N20|399,Qwen3-1.7B-nothink,summary_prompt,20,partC_Qwen3-1.7B-nothink__summary_prompt__N20.json,399,9
Qwen3-1.7B-nothink|summary_prompt|N20|400,Qwen3-1.7B-nothink,summary_prompt,20,partC_Qwen3-1.7B-nothink__summary_prompt__N20.json,400,9
Qwen3-1.7B-nothink|summary_prompt|N20|401,Qwen3-1.7B-nothink,summary_prompt,20,partC_Qwen3-1.7B-nothink__summary_prompt__N20.json,401,7
Qwen3-1.7B-nothink|summary_prompt|N20|402,Qwen3-1.7B-nothink,summary_prompt,20,partC_Qwen3-1.7B-nothink__summary_prompt__N20.json,402,9
Qwen3-1.7B-nothink|summary_prompt|N20|403,Qwen3-1.7B-nothink,summary_prompt,20,partC_Qwen3-1.7B-nothink__summary_prompt__N20.json,403,9
Qwen3-1.7B-nothink|summary_prompt|N20|404,Qwen3-1.7B-nothink,summary_prompt,20,partC_Qwen3-1.7B-nothink__summary_prompt__N20.json,404,9
Qwen3-1.7B-nothink|summary_prompt|N20|405,Qwen3-1.7B-nothink,summary_prompt,20,partC_Qwen3-1.7B-nothink__summary_prompt__N20.json,405,9
Qwen3-1.7B-nothink|summary_prompt|N20|406,Qwen3-1.7B-nothink,summary_prompt,20,partC_Qwen3-1.7B-nothink__summary_prompt__N20.json,406,9
Qwen3-1.7B-nothink|summary_prompt|N20|407,Qwen3-1.7B-nothink,summary_prompt,20,partC_Qwen3-1.7B-nothink__summary_prompt__N20.json,407,9
Qwen3-1.7B-nothink|summary_prompt|N20|408,Qwen3-1.7B-nothink,summary_prompt,20,partC_Qwen3-1.7B-nothink__summary_prompt__N20.json,408,9
Qwen3-1.7B-nothink|summary_prompt|N20|409,Qwen3-1.7B-nothink,summary_prompt,20,partC_Qwen3-1.7B-nothink__summary_prompt__N20.json,409,9
Qwen3-1.7B-nothink|summary_prompt|N20|410,Qwen3-1.7B-nothink,summary_prompt,20,partC_Qwen3-1.7B-nothink__summary_prompt__N20.json,410,9
Qwen3-1.7B-nothink|summary_prompt|N20|411,Qwen3-1.7B-nothink,summary_prompt,20,partC_Qwen3-1.7B-nothink__summary_prompt__N20.json,411,9
Qwen3-1.7B-nothink|summary_prompt|N20|412,Qwen3-1.7B-nothink,summary_prompt,20,partC_Qwen3-1.7B-nothink__summary_prompt__N20.json,412,9
Qwen3-1.7B-nothink|summary_prompt|N20|413,Qwen3-1.7B-nothink,summary_prompt,20,partC_Qwen3-1.7B-nothink__summary_prompt__N20.json,413,9
Qwen3-1.7B-nothink|summary_prompt|N20|414,Qwen3-1.7B-nothink,summary_prompt,20,partC_Qwen3-1.7B-nothink__summary_prompt__N20.json,414,9
Qwen3-1.7B-nothink|summary_prompt|N20|415,Qwen3-1.7B-nothink,summary_prompt,20,partC_Qwen3-1.7B-nothink__summary_prompt__N20.json,415,9
Qwen3-1.7B-nothink|summary_prompt|N20|416,Qwen3-1.7B-nothink,summary_prompt,20,partC_Qwen3-1.7B-nothink__summary_prompt__N20.json,416,9
Qwen3-1.7B-nothink|summary_prompt|N20|417,Qwen3-1.7B-nothink,summary_prompt,20,partC_Qwen3-1.7B-nothink__summary_prompt__N20.json,417,9
Qwen3-1.7B-nothink|summary_prompt|N20|418,Qwen3-1.7B-nothink,summary_prompt,20,partC_Qwen3-1.7B-nothink__summary_prompt__N20.json,418,9
Qwen3-1.7B-nothink|summary_prompt|N20|419,Qwen3-1.7B-nothink,summary_prompt,20,partC_Qwen3-1.7B-nothink__summary_prompt__N20.json,419,9
Qwen3-1.7B-nothink|summary_prompt|N20|420,Qwen3-1.7B-nothink,summary_prompt,20,partC_Qwen3-1.7B-nothink__summary_prompt__N20.json,420,9
Qwen3-1.7B-nothink|summary_prompt|N20|421,Qwen3-1.7B-nothink,summary_prompt,20,partC_Qwen3-1.7B-nothink__summary_prompt__N20.json,421,9
Qwen3-1.7B-nothink|summary_prompt|N20|422,Qwen3-1.7B-nothink,summary_prompt,20,partC_Qwen3-1.7B-nothink__summary_prompt__N20.json,422,9
Qwen3-1.7B-nothink|summary_prompt|N20|423,Qwen3-1.7B-nothink,summary_prompt,20,partC_Qwen3-1.7B-nothink__summary_prompt__N20.json,423,9
Qwen3-1.7B-nothink|summary_prompt|N20|424,Qwen3-1.7B-nothink,summary_prompt,20,partC_Qwen3-1.7B-nothink__summary_prompt__N20.json,424,9
Qwen3-1.7B-nothink|summary_prompt|N20|425,Qwen3-1.7B-nothink,summary_prompt,20,partC_Qwen3-1.7B-nothink__summary_prompt__N20.json,425,9
Qwen3-1.7B-nothink|summary_prompt|N20|426,Qwen3-1.7B-nothink,summary_prompt,20,partC_Qwen3-1.7B-nothink__summary_prompt__N20.json,426,9
Qwen3-1.7B-nothink|summary_prompt|N20|427,Qwen3-1.7B-nothink,summary_prompt,20,partC_Qwen3-1.7B-nothink__summary_prompt__N20.json,427,9
Qwen3-1.7B-nothink|summary_prompt|N20|428,Qwen3-1.7B-nothink,summary_prompt,20,partC_Qwen3-1.7B-nothink__summary_prompt__N20.json,428,9
Qwen3-1.7B-nothink|summary_prompt|N20|429,Qwen3-1.7B-nothink,summary_prompt,20,partC_Qwen3-1.7B-nothink__summary_prompt__N20.json,429,9
Qwen3-1.7B-nothink|summary_prompt|N20|430,Qwen3-1.7B-nothink,summary_prompt,20,partC_Qwen3-1.7B-nothink__summary_prompt__N20.json,430,9
Qwen3-1.7B-nothink|summary_prompt|N20|431,Qwen3-1.7B-nothink,summary_prompt,20,partC_Qwen3-1.7B-nothink__summary_prompt__N20.json,431,9
Qwen3-1.7B-nothink|summary_prompt|N20|432,Qwen3-1.7B-nothink,summary_prompt,20,partC_Qwen3-1.7B-nothink__summary_prompt__N20.json,432,9
Qwen3-1.7B-nothink|summary_prompt|N20|433,Qwen3-1.7B-nothink,summary_prompt,20,partC_Qwen3-1.7B-nothink__summary_prompt__N20.json,433,9
Qwen3-1.7B-nothink|summary_prompt|N20|434,Qwen3-1.7B-nothink,summary_prompt,20,partC_Qwen3-1.7B-nothink__summary_prompt__N20.json,434,9
Qwen3-1.7B-nothink|summary_prompt|N20|435,Qwen3-1.7B-nothink,summary_prompt,20,partC_Qwen3-1.7B-nothink__summary_prompt__N20.json,435,9
Qwen3-1.7B-nothink|summary_prompt|N20|436,Qwen3-1.7B-nothink,summary_prompt,20,partC_Qwen3-1.7B-nothink__summary_prompt__N20.json,436,9
Qwen3-1.7B-nothink|summary_prompt|N20|437,Qwen3-1.7B-nothink,summary_prompt,20,partC_Qwen3-1.7B-nothink__summary_prompt__N20.json,437,9
Qwen3-1.7B-nothink|summary_prompt|N20|438,Qwen3-1.7B-nothink,summary_prompt,20,partC_Qwen3-1.7B-nothink__summary_prompt__N20.json,438,7
Qwen3-1.7B-nothink|summary_prompt|N20|439,Qwen3-1.7B-nothink,summary_prompt,20,partC_Qwen3-1.7B-nothink__summary_prompt__N20.json,439,9
Qwen3-1.7B-nothink|summary_prompt|N20|440,Qwen3-1.7B-nothink,summary_prompt,20,partC_Qwen3-1.7B-nothink__summary_prompt__N20.json,440,7
Qwen3-1.7B-nothink|summary_prompt|N20|441,Qwen3-1.7B-nothink,summary_prompt,20,partC_Qwen3-1.7B-nothink__summary_prompt__N20.json,441,6
Qwen3-1.7B-nothink|summary_prompt|N20|442,Qwen3-1.7B-nothink,summary_prompt,20,partC_Qwen3-1.7B-nothink__summary_prompt__N20.json,442,6
Qwen3-1.7B-nothink|summary_prompt|N20|443,Qwen3-1.7B-nothink,summary_prompt,20,partC_Qwen3-1.7B-nothink__summary_prompt__N20.json,443,8
Qwen3-1.7B-nothink|summary_prompt|N20|444,Qwen3-1.7B-nothink,summary_prompt,20,partC_Qwen3-1.7B-nothink__summary_prompt__N20.json,444,9
Qwen3-1.7B-nothink|summary_prompt|N20|445,Qwen3-1.7B-nothink,summary_prompt,20,partC_Qwen3-1.7B-nothink__summary_prompt__N20.json,445,6
Qwen3-1.7B-nothink|summary_prompt|N20|446,Qwen3-1.7B-nothink,summary_prompt,20,partC_Qwen3-1.7B-nothink__summary_prompt__N20.json,446,6
Qwen3-1.7B-nothink|summary_prompt|N20|447,Qwen3-1.7B-nothink,summary_prompt,20,partC_Qwen3-1.7B-nothink__summary_prompt__N20.json,447,8
Qwen3-1.7B-nothink|summary_prompt|N20|448,Qwen3-1.7B-nothink,summary_prompt,20,partC_Qwen3-1.7B-nothink__summary_prompt__N20.json,448,6
Qwen3-1.7B-nothink|summary_prompt|N20|449,Qwen3-1.7B-nothink,summary_prompt,20,partC_Qwen3-1.7B-nothink__summary_prompt__N20.json,449,6
Qwen3-1.7B-nothink|summary_prompt|N20|450,Qwen3-1.7B-nothink,summary_prompt,20,partC_Qwen3-1.7B-nothink__summary_prompt__N20.json,450,6
Qwen3-1.7B-nothink|summary_prompt|N20|451,Qwen3-1.7B-nothink,summary_prompt,20,partC_Qwen3-1.7B-nothink__summary_prompt__N20.json,451,9
Qwen3-1.7B-nothink|summary_prompt|N20|452,Qwen3-1.7B-nothink,summary_prompt,20,partC_Qwen3-1.7B-nothink__summary_prompt__N20.json,452,7
Qwen3-1.7B-nothink|summary_prompt|N20|453,Qwen3-1.7B-nothink,summary_prompt,20,partC_Qwen3-1.7B-nothink__summary_prompt__N20.json,453,4
Qwen3-1.7B-nothink|summary_prompt|N20|454,Qwen3-1.7B-nothink,summary_prompt,20,partC_Qwen3-1.7B-nothink__summary_prompt__N20.json,454,9
Qwen3-1.7B-nothink|summary_prompt|N20|455,Qwen3-1.7B-nothink,summary_prompt,20,partC_Qwen3-1.7B-nothink__summary_prompt__N20.json,455,7
Qwen3-1.7B-nothink|summary_prompt|N20|456,Qwen3-1.7B-nothink,summary_prompt,20,partC_Qwen3-1.7B-nothink__summary_prompt__N20.json,456,8
Qwen3-1.7B-nothink|summary_prompt|N20|457,Qwen3-1.7B-nothink,summary_prompt,20,partC_Qwen3-1.7B-nothink__summary_prompt__N20.json,457,6
Qwen3-1.7B-nothink|summary_prompt|N20|458,Qwen3-1.7B-nothink,summary_prompt,20,partC_Qwen3-1.7B-nothink__summary_prompt__N20.json,458,9
Qwen3-1.7B-nothink|summary_prompt|N20|459,Qwen3-1.7B-nothink,summary_prompt,20,partC_Qwen3-1.7B-nothink__summary_prompt__N20.json,459,9
Qwen3-1.7B-nothink|summary_prompt|N20|460,Qwen3-1.7B-nothink,summary_prompt,20,partC_Qwen3-1.7B-nothink__summary_prompt__N20.json,460,9
Qwen3-1.7B-nothink|summary_prompt|N20|461,Qwen3-1.7B-nothink,summary_prompt,20,partC_Qwen3-1.7B-nothink__summary_prompt__N20.json,461,9
Qwen3-1.7B-nothink|summary_prompt|N20|462,Qwen3-1.7B-nothink,summary_prompt,20,partC_Qwen3-1.7B-nothink__summary_prompt__N20.json,462,9
Qwen3-1.7B-nothink|summary_prompt|N20|463,Qwen3-1.7B-nothink,summary_prompt,20,partC_Qwen3-1.7B-nothink__summary_prompt__N20.json,463,9
Qwen3-1.7B-nothink|summary_prompt|N20|464,Qwen3-1.7B-nothink,summary_prompt,20,partC_Qwen3-1.7B-nothink__summary_prompt__N20.json,464,9
Qwen3-1.7B-nothink|summary_prompt|N20|465,Qwen3-1.7B-nothink,summary_prompt,20,partC_Qwen3-1.7B-nothink__summary_prompt__N20.json,465,9
Qwen3-1.7B-nothink|summary_prompt|N20|466,Qwen3-1.7B-nothink,summary_prompt,20,partC_Qwen3-1.7B-nothink__summary_prompt__N20.json,466,9
Qwen3-1.7B-nothink|summary_prompt|N20|467,Qwen3-1.7B-nothink,summary_prompt,20,partC_Qwen3-1.7B-nothink__summary_prompt__N20.json,467,9
Qwen3-1.7B-nothink|summary_prompt|N20|468,Qwen3-1.7B-nothink,summary_prompt,20,partC_Qwen3-1.7B-nothink__summary_prompt__N20.json,468,9
Qwen3-1.7B-nothink|summary_prompt|N20|469,Qwen3-1.7B-nothink,summary_prompt,20,partC_Qwen3-1.7B-nothink__summary_prompt__N20.json,469,9
Qwen3-1.7B-nothink|summary_prompt|N20|470,Qwen3-1.7B-nothink,summary_prompt,20,partC_Qwen3-1.7B-nothink__summary_prompt__N20.json,470,9
Qwen3-1.7B-nothink|summary_prompt|N20|471,Qwen3-1.7B-nothink,summary_prompt,20,partC_Qwen3-1.7B-nothink__summary_prompt__N20.json,471,9
Qwen3-1.7B-nothink|summary_prompt|N20|472,Qwen3-1.7B-nothink,summary_prompt,20,partC_Qwen3-1.7B-nothink__summary_prompt__N20.json,472,10
Qwen3-1.7B-nothink|summary_prompt|N20|473,Qwen3-1.7B-nothink,summary_prompt,20,partC_Qwen3-1.7B-nothink__summary_prompt__N20.json,473,10
Qwen3-1.7B-nothink|summary_prompt|N20|474,Qwen3-1.7B-nothink,summary_prompt,20,partC_Qwen3-1.7B-nothink__summary_prompt__N20.json,474,9
Qwen3-1.7B-nothink|summary_prompt|N20|475,Qwen3-1.7B-nothink,summary_prompt,20,partC_Qwen3-1.7B-nothink__summary_prompt__N20.json,475,9
Qwen3-1.7B-nothink|summary_prompt|N20|476,Qwen3-1.7B-nothink,summary_prompt,20,partC_Qwen3-1.7B-nothink__summary_prompt__N20.json,476,9
Qwen3-1.7B-nothink|summary_prompt|N20|477,Qwen3-1.7B-nothink,summary_prompt,20,partC_Qwen3-1.7B-nothink__summary_prompt__N20.json,477,9
Qwen3-1.7B-nothink|summary_prompt|N20|478,Qwen3-1.7B-nothink,summary_prompt,20,partC_Qwen3-1.7B-nothink__summary_prompt__N20.json,478,9
Qwen3-1.7B-nothink|summary_prompt|N20|479,Qwen3-1.7B-nothink,summary_prompt,20,partC_Qwen3-1.7B-nothink__summary_prompt__N20.json,479,9
Qwen3-1.7B-nothink|summary_prompt|N5|0,Qwen3-1.7B-nothink,summary_prompt,5,partC_Qwen3-1.7B-nothink__summary_prompt__N5.json,0,9
Qwen3-1.7B-nothink|summary_prompt|N5|1,Qwen3-1.7B-nothink,summary_prompt,5,partC_Qwen3-1.7B-nothink__summary_prompt__N5.json,1,9
Qwen3-1.7B-nothink|summary_prompt|N5|2,Qwen3-1.7B-nothink,summary_prompt,5,partC_Qwen3-1.7B-nothink__summary_prompt__N5.json,2,9
Qwen3-1.7B-nothink|summary_prompt|N5|3,Qwen3-1.7B-nothink,summary_prompt,5,partC_Qwen3-1.7B-nothink__summary_prompt__N5.json,3,8
Qwen3-1.7B-nothink|summary_prompt|N5|4,Qwen3-1.7B-nothink,summary_prompt,5,partC_Qwen3-1.7B-nothink__summary_prompt__N5.json,4,9
Qwen3-1.7B-nothink|summary_prompt|N5|5,Qwen3-1.7B-nothink,summary_prompt,5,partC_Qwen3-1.7B-nothink__summary_prompt__N5.json,5,9
Qwen3-1.7B-nothink|summary_prompt|N5|6,Qwen3-1.7B-nothink,summary_prompt,5,partC_Qwen3-1.7B-nothink__summary_prompt__N5.json,6,9
Qwen3-1.7B-nothink|summary_prompt|N5|7,Qwen3-1.7B-nothink,summary_prompt,5,partC_Qwen3-1.7B-nothink__summary_prompt__N5.json,7,8
Qwen3-1.7B-nothink|summary_prompt|N5|8,Qwen3-1.7B-nothink,summary_prompt,5,partC_Qwen3-1.7B-nothink__summary_prompt__N5.json,8,9
Qwen3-1.7B-nothink|summary_prompt|N5|9,Qwen3-1.7B-nothink,summary_prompt,5,partC_Qwen3-1.7B-nothink__summary_prompt__N5.json,9,9
Qwen3-1.7B-nothink|summary_prompt|N5|10,Qwen3-1.7B-nothink,summary_prompt,5,partC_Qwen3-1.7B-nothink__summary_prompt__N5.json,10,9
Qwen3-1.7B-nothink|summary_prompt|N5|11,Qwen3-1.7B-nothink,summary_prompt,5,partC_Qwen3-1.7B-nothink__summary_prompt__N5.json,11,6
Qwen3-1.7B-nothink|summary_prompt|N5|12,Qwen3-1.7B-nothink,summary_prompt,5,partC_Qwen3-1.7B-nothink__summary_prompt__N5.json,12,8
Qwen3-1.7B-nothink|summary_prompt|N5|13,Qwen3-1.7B-nothink,summary_prompt,5,partC_Qwen3-1.7B-nothink__summary_prompt__N5.json,13,6
Qwen3-1.7B-nothink|summary_prompt|N5|14,Qwen3-1.7B-nothink,summary_prompt,5,partC_Qwen3-1.7B-nothink__summary_prompt__N5.json,14,9
Qwen3-1.7B-nothink|summary_prompt|N5|15,Qwen3-1.7B-nothink,summary_prompt,5,partC_Qwen3-1.7B-nothink__summary_prompt__N5.json,15,9
Qwen3-1.7B-nothink|summary_prompt|N5|16,Qwen3-1.7B-nothink,summary_prompt,5,partC_Qwen3-1.7B-nothink__summary_prompt__N5.json,16,7
Qwen3-1.7B-nothink|summary_prompt|N5|17,Qwen3-1.7B-nothink,summary_prompt,5,partC_Qwen3-1.7B-nothink__summary_prompt__N5.json,17,9
Qwen3-1.7B-nothink|summary_prompt|N5|18,Qwen3-1.7B-nothink,summary_prompt,5,partC_Qwen3-1.7B-nothink__summary_prompt__N5.json,18,9
Qwen3-1.7B-nothink|summary_prompt|N5|19,Qwen3-1.7B-nothink,summary_prompt,5,partC_Qwen3-1.7B-nothink__summary_prompt__N5.json,19,8
Qwen3-1.7B-nothink|summary_prompt|N5|20,Qwen3-1.7B-nothink,summary_prompt,5,partC_Qwen3-1.7B-nothink__summary_prompt__N5.json,20,9
Qwen3-1.7B-nothink|summary_prompt|N5|21,Qwen3-1.7B-nothink,summary_prompt,5,partC_Qwen3-1.7B-nothink__summary_prompt__N5.json,21,6
Qwen3-1.7B-nothink|summary_prompt|N5|22,Qwen3-1.7B-nothink,summary_prompt,5,partC_Qwen3-1.7B-nothink__summary_prompt__N5.json,22,9
Qwen3-1.7B-nothink|summary_prompt|N5|23,Qwen3-1.7B-nothink,summary_prompt,5,partC_Qwen3-1.7B-nothink__summary_prompt__N5.json,23,9
Qwen3-1.7B-nothink|summary_prompt|N5|24,Qwen3-1.7B-nothink,summary_prompt,5,partC_Qwen3-1.7B-nothink__summary_prompt__N5.json,24,9
Qwen3-1.7B-nothink|summary_prompt|N5|25,Qwen3-1.7B-nothink,summary_prompt,5,partC_Qwen3-1.7B-nothink__summary_prompt__N5.json,25,7
Qwen3-1.7B-nothink|summary_prompt|N5|26,Qwen3-1.7B-nothink,summary_prompt,5,partC_Qwen3-1.7B-nothink__summary_prompt__N5.json,26,9
Qwen3-1.7B-nothink|summary_prompt|N5|27,Qwen3-1.7B-nothink,summary_prompt,5,partC_Qwen3-1.7B-nothink__summary_prompt__N5.json,27,9
Qwen3-1.7B-nothink|summary_prompt|N5|28,Qwen3-1.7B-nothink,summary_prompt,5,partC_Qwen3-1.7B-nothink__summary_prompt__N5.json,28,4
Qwen3-1.7B-nothink|summary_prompt|N5|29,Qwen3-1.7B-nothink,summary_prompt,5,partC_Qwen3-1.7B-nothink__summary_prompt__N5.json,29,9
Qwen3-1.7B-nothink|summary_prompt|N5|30,Qwen3-1.7B-nothink,summary_prompt,5,partC_Qwen3-1.7B-nothink__summary_prompt__N5.json,30,9
Qwen3-1.7B-nothink|summary_prompt|N5|31,Qwen3-1.7B-nothink,summary_prompt,5,partC_Qwen3-1.7B-nothink__summary_prompt__N5.json,31,9
Qwen3-1.7B-nothink|summary_prompt|N5|32,Qwen3-1.7B-nothink,summary_prompt,5,partC_Qwen3-1.7B-nothink__summary_prompt__N5.json,32,6
Qwen3-1.7B-nothink|summary_prompt|N5|33,Qwen3-1.7B-nothink,summary_prompt,5,partC_Qwen3-1.7B-nothink__summary_prompt__N5.json,33,9
Qwen3-1.7B-nothink|summary_prompt|N5|34,Qwen3-1.7B-nothink,summary_prompt,5,partC_Qwen3-1.7B-nothink__summary_prompt__N5.json,34,3
Qwen3-1.7B-nothink|summary_prompt|N5|35,Qwen3-1.7B-nothink,summary_prompt,5,partC_Qwen3-1.7B-nothink__summary_prompt__N5.json,35,9
Qwen3-1.7B-nothink|summary_prompt|N5|36,Qwen3-1.7B-nothink,summary_prompt,5,partC_Qwen3-1.7B-nothink__summary_prompt__N5.json,36,9
Qwen3-1.7B-nothink|summary_prompt|N5|37,Qwen3-1.7B-nothink,summary_prompt,5,partC_Qwen3-1.7B-nothink__summary_prompt__N5.json,37,9
Qwen3-1.7B-nothink|summary_prompt|N5|38,Qwen3-1.7B-nothink,summary_prompt,5,partC_Qwen3-1.7B-nothink__summary_prompt__N5.json,38,7
Qwen3-1.7B-nothink|summary_prompt|N5|39,Qwen3-1.7B-nothink,summary_prompt,5,partC_Qwen3-1.7B-nothink__summary_prompt__N5.json,39,6
Qwen3-1.7B-nothink|summary_prompt|N5|40,Qwen3-1.7B-nothink,summary_prompt,5,partC_Qwen3-1.7B-nothink__summary_prompt__N5.json,40,8
Qwen3-1.7B-nothink|summary_prompt|N5|41,Qwen3-1.7B-nothink,summary_prompt,5,partC_Qwen3-1.7B-nothink__summary_prompt__N5.json,41,6
Qwen3-1.7B-nothink|summary_prompt|N5|42,Qwen3-1.7B-nothink,summary_prompt,5,partC_Qwen3-1.7B-nothink__summary_prompt__N5.json,42,7
Qwen3-1.7B-nothink|summary_prompt|N5|43,Qwen3-1.7B-nothink,summary_prompt,5,partC_Qwen3-1.7B-nothink__summary_prompt__N5.json,43,8
Qwen3-1.7B-nothink|summary_prompt|N5|44,Qwen3-1.7B-nothink,summary_prompt,5,partC_Qwen3-1.7B-nothink__summary_prompt__N5.json,44,4
Qwen3-1.7B-nothink|summary_prompt|N5|45,Qwen3-1.7B-nothink,summary_prompt,5,partC_Qwen3-1.7B-nothink__summary_prompt__N5.json,45,9
Qwen3-1.7B-nothink|summary_prompt|N5|46,Qwen3-1.7B-nothink,summary_prompt,5,partC_Qwen3-1.7B-nothink__summary_prompt__N5.json,46,6
Qwen3-1.7B-nothink|summary_prompt|N5|47,Qwen3-1.7B-nothink,summary_prompt,5,partC_Qwen3-1.7B-nothink__summary_prompt__N5.json,47,9
Qwen3-1.7B-nothink|summary_prompt|N5|48,Qwen3-1.7B-nothink,summary_prompt,5,partC_Qwen3-1.7B-nothink__summary_prompt__N5.json,48,6
Qwen3-1.7B-nothink|summary_prompt|N5|49,Qwen3-1.7B-nothink,summary_prompt,5,partC_Qwen3-1.7B-nothink__summary_prompt__N5.json,49,8
Qwen3-1.7B-nothink|summary_prompt|N5|50,Qwen3-1.7B-nothink,summary_prompt,5,partC_Qwen3-1.7B-nothink__summary_prompt__N5.json,50,6
Qwen3-1.7B-nothink|summary_prompt|N5|51,Qwen3-1.7B-nothink,summary_prompt,5,partC_Qwen3-1.7B-nothink__summary_prompt__N5.json,51,7
Qwen3-1.7B-nothink|summary_prompt|N5|52,Qwen3-1.7B-nothink,summary_prompt,5,partC_Qwen3-1.7B-nothink__summary_prompt__N5.json,52,7
Qwen3-1.7B-nothink|summary_prompt|N5|53,Qwen3-1.7B-nothink,summary_prompt,5,partC_Qwen3-1.7B-nothink__summary_prompt__N5.json,53,7
Qwen3-1.7B-nothink|summary_prompt|N5|54,Qwen3-1.7B-nothink,summary_prompt,5,partC_Qwen3-1.7B-nothink__summary_prompt__N5.json,54,6
Qwen3-1.7B-nothink|summary_prompt|N5|55,Qwen3-1.7B-nothink,summary_prompt,5,partC_Qwen3-1.7B-nothink__summary_prompt__N5.json,55,7
Qwen3-1.7B-nothink|summary_prompt|N5|56,Qwen3-1.7B-nothink,summary_prompt,5,partC_Qwen3-1.7B-nothink__summary_prompt__N5.json,56,7
Qwen3-1.7B-nothink|summary_prompt|N5|57,Qwen3-1.7B-nothink,summary_prompt,5,partC_Qwen3-1.7B-nothink__summary_prompt__N5.json,57,7
Qwen3-1.7B-nothink|summary_prompt|N5|58,Qwen3-1.7B-nothink,summary_prompt,5,partC_Qwen3-1.7B-nothink__summary_prompt__N5.json,58,7
Qwen3-1.7B-nothink|summary_prompt|N5|59,Qwen3-1.7B-nothink,summary_prompt,5,partC_Qwen3-1.7B-nothink__summary_prompt__N5.json,59,8
Qwen3-1.7B-nothink|summary_prompt|N5|60,Qwen3-1.7B-nothink,summary_prompt,5,partC_Qwen3-1.7B-nothink__summary_prompt__N5.json,60,7
Qwen3-1.7B-nothink|summary_prompt|N5|61,Qwen3-1.7B-nothink,summary_prompt,5,partC_Qwen3-1.7B-nothink__summary_prompt__N5.json,61,6
Qwen3-1.7B-nothink|summary_prompt|N5|62,Qwen3-1.7B-nothink,summary_prompt,5,partC_Qwen3-1.7B-nothink__summary_prompt__N5.json,62,7
Qwen3-1.7B-nothink|summary_prompt|N5|63,Qwen3-1.7B-nothink,summary_prompt,5,partC_Qwen3-1.7B-nothink__summary_prompt__N5.json,63,9
Qwen3-1.7B-nothink|summary_prompt|N5|64,Qwen3-1.7B-nothink,summary_prompt,5,partC_Qwen3-1.7B-nothink__summary_prompt__N5.json,64,6
Qwen3-1.7B-nothink|summary_prompt|N5|65,Qwen3-1.7B-nothink,summary_prompt,5,partC_Qwen3-1.7B-nothink__summary_prompt__N5.json,65,7
Qwen3-1.7B-nothink|summary_prompt|N5|66,Qwen3-1.7B-nothink,summary_prompt,5,partC_Qwen3-1.7B-nothink__summary_prompt__N5.json,66,9
Qwen3-1.7B-nothink|summary_prompt|N5|67,Qwen3-1.7B-nothink,summary_prompt,5,partC_Qwen3-1.7B-nothink__summary_prompt__N5.json,67,4
Qwen3-1.7B-nothink|summary_prompt|N5|68,Qwen3-1.7B-nothink,summary_prompt,5,partC_Qwen3-1.7B-nothink__summary_prompt__N5.json,68,7
Qwen3-1.7B-nothink|summary_prompt|N5|69,Qwen3-1.7B-nothink,summary_prompt,5,partC_Qwen3-1.7B-nothink__summary_prompt__N5.json,69,6
Qwen3-1.7B-nothink|summary_prompt|N5|70,Qwen3-1.7B-nothink,summary_prompt,5,partC_Qwen3-1.7B-nothink__summary_prompt__N5.json,70,9
Qwen3-1.7B-nothink|summary_prompt|N5|71,Qwen3-1.7B-nothink,summary_prompt,5,partC_Qwen3-1.7B-nothink__summary_prompt__N5.json,71,7
Qwen3-1.7B-nothink|summary_prompt|N5|72,Qwen3-1.7B-nothink,summary_prompt,5,partC_Qwen3-1.7B-nothink__summary_prompt__N5.json,72,6
Qwen3-1.7B-nothink|summary_prompt|N5|73,Qwen3-1.7B-nothink,summary_prompt,5,partC_Qwen3-1.7B-nothink__summary_prompt__N5.json,73,7
Qwen3-1.7B-nothink|summary_prompt|N5|74,Qwen3-1.7B-nothink,summary_prompt,5,partC_Qwen3-1.7B-nothink__summary_prompt__N5.json,74,6
Qwen3-1.7B-nothink|summary_prompt|N5|75,Qwen3-1.7B-nothink,summary_prompt,5,partC_Qwen3-1.7B-nothink__summary_prompt__N5.json,75,6
Qwen3-1.7B-nothink|summary_prompt|N5|76,Qwen3-1.7B-nothink,summary_prompt,5,partC_Qwen3-1.7B-nothink__summary_prompt__N5.json,76,7
Qwen3-1.7B-nothink|summary_prompt|N5|77,Qwen3-1.7B-nothink,summary_prompt,5,partC_Qwen3-1.7B-nothink__summary_prompt__N5.json,77,6
Qwen3-1.7B-nothink|summary_prompt|N5|78,Qwen3-1.7B-nothink,summary_prompt,5,partC_Qwen3-1.7B-nothink__summary_prompt__N5.json,78,7
Qwen3-1.7B-nothink|summary_prompt|N5|79,Qwen3-1.7B-nothink,summary_prompt,5,partC_Qwen3-1.7B-nothink__summary_prompt__N5.json,79,7
Qwen3-1.7B-nothink|summary_prompt|N5|80,Qwen3-1.7B-nothink,summary_prompt,5,partC_Qwen3-1.7B-nothink__summary_prompt__N5.json,80,9
Qwen3-1.7B-nothink|summary_prompt|N5|81,Qwen3-1.7B-nothink,summary_prompt,5,partC_Qwen3-1.7B-nothink__summary_prompt__N5.json,81,9
Qwen3-1.7B-nothink|summary_prompt|N5|82,Qwen3-1.7B-nothink,summary_prompt,5,partC_Qwen3-1.7B-nothink__summary_prompt__N5.json,82,9
Qwen3-1.7B-nothink|summary_prompt|N5|83,Qwen3-1.7B-nothink,summary_prompt,5,partC_Qwen3-1.7B-nothink__summary_prompt__N5.json,83,9
Qwen3-1.7B-nothink|summary_prompt|N5|84,Qwen3-1.7B-nothink,summary_prompt,5,partC_Qwen3-1.7B-nothink__summary_prompt__N5.json,84,9
Qwen3-1.7B-nothink|summary_prompt|N5|85,Qwen3-1.7B-nothink,summary_prompt,5,partC_Qwen3-1.7B-nothink__summary_prompt__N5.json,85,9
Qwen3-1.7B-nothink|summary_prompt|N5|86,Qwen3-1.7B-nothink,summary_prompt,5,partC_Qwen3-1.7B-nothink__summary_prompt__N5.json,86,9
Qwen3-1.7B-nothink|summary_prompt|N5|87,Qwen3-1.7B-nothink,summary_prompt,5,partC_Qwen3-1.7B-nothink__summary_prompt__N5.json,87,9
Qwen3-1.7B-nothink|summary_prompt|N5|88,Qwen3-1.7B-nothink,summary_prompt,5,partC_Qwen3-1.7B-nothink__summary_prompt__N5.json,88,9
Qwen3-1.7B-nothink|summary_prompt|N5|89,Qwen3-1.7B-nothink,summary_prompt,5,partC_Qwen3-1.7B-nothink__summary_prompt__N5.json,89,9
Qwen3-1.7B-nothink|summary_prompt|N5|90,Qwen3-1.7B-nothink,summary_prompt,5,partC_Qwen3-1.7B-nothink__summary_prompt__N5.json,90,9
Qwen3-1.7B-nothink|summary_prompt|N5|91,Qwen3-1.7B-nothink,summary_prompt,5,partC_Qwen3-1.7B-nothink__summary_prompt__N5.json,91,9
Qwen3-1.7B-nothink|summary_prompt|N5|92,Qwen3-1.7B-nothink,summary_prompt,5,partC_Qwen3-1.7B-nothink__summary_prompt__N5.json,92,9
Qwen3-1.7B-nothink|summary_prompt|N5|93,Qwen3-1.7B-nothink,summary_prompt,5,partC_Qwen3-1.7B-nothink__summary_prompt__N5.json,93,9
Qwen3-1.7B-nothink|summary_prompt|N5|94,Qwen3-1.7B-nothink,summary_prompt,5,partC_Qwen3-1.7B-nothink__summary_prompt__N5.json,94,10
Qwen3-1.7B-nothink|summary_prompt|N5|95,Qwen3-1.7B-nothink,summary_prompt,5,partC_Qwen3-1.7B-nothink__summary_prompt__N5.json,95,9
Qwen3-1.7B-nothink|summary_prompt|N5|96,Qwen3-1.7B-nothink,summary_prompt,5,partC_Qwen3-1.7B-nothink__summary_prompt__N5.json,96,9
Qwen3-1.7B-nothink|summary_prompt|N5|97,Qwen3-1.7B-nothink,summary_prompt,5,partC_Qwen3-1.7B-nothink__summary_prompt__N5.json,97,9
Qwen3-1.7B-nothink|summary_prompt|N5|98,Qwen3-1.7B-nothink,summary_prompt,5,partC_Qwen3-1.7B-nothink__summary_prompt__N5.json,98,9
Qwen3-1.7B-nothink|summary_prompt|N5|99,Qwen3-1.7B-nothink,summary_prompt,5,partC_Qwen3-1.7B-nothink__summary_prompt__N5.json,99,9
Qwen3-1.7B-nothink|summary_prompt|N5|100,Qwen3-1.7B-nothink,summary_prompt,5,partC_Qwen3-1.7B-nothink__summary_prompt__N5.json,100,10
Qwen3-1.7B-nothink|summary_prompt|N5|101,Qwen3-1.7B-nothink,summary_prompt,5,partC_Qwen3-1.7B-nothink__summary_prompt__N5.json,101,10
Qwen3-1.7B-nothink|summary_prompt|N5|102,Qwen3-1.7B-nothink,summary_prompt,5,partC_Qwen3-1.7B-nothink__summary_prompt__N5.json,102,9
Qwen3-1.7B-nothink|summary_prompt|N5|103,Qwen3-1.7B-nothink,summary_prompt,5,partC_Qwen3-1.7B-nothink__summary_prompt__N5.json,103,9
Qwen3-1.7B-nothink|summary_prompt|N5|104,Qwen3-1.7B-nothink,summary_prompt,5,partC_Qwen3-1.7B-nothink__summary_prompt__N5.json,104,9
Qwen3-1.7B-nothink|summary_prompt|N5|105,Qwen3-1.7B-nothink,summary_prompt,5,partC_Qwen3-1.7B-nothink__summary_prompt__N5.json,105,10
Qwen3-1.7B-nothink|summary_prompt|N5|106,Qwen3-1.7B-nothink,summary_prompt,5,partC_Qwen3-1.7B-nothink__summary_prompt__N5.json,106,10
Qwen3-1.7B-nothink|summary_prompt|N5|107,Qwen3-1.7B-nothink,summary_prompt,5,partC_Qwen3-1.7B-nothink__summary_prompt__N5.json,107,9
Qwen3-1.7B-nothink|summary_prompt|N5|108,Qwen3-1.7B-nothink,summary_prompt,5,partC_Qwen3-1.7B-nothink__summary_prompt__N5.json,108,9
Qwen3-1.7B-nothink|summary_prompt|N5|109,Qwen3-1.7B-nothink,summary_prompt,5,partC_Qwen3-1.7B-nothink__summary_prompt__N5.json,109,9
Qwen3-1.7B-nothink|summary_prompt|N5|110,Qwen3-1.7B-nothink,summary_prompt,5,partC_Qwen3-1.7B-nothink__summary_prompt__N5.json,110,9
Qwen3-1.7B-nothink|summary_prompt|N5|111,Qwen3-1.7B-nothink,summary_prompt,5,partC_Qwen3-1.7B-nothink__summary_prompt__N5.json,111,10
Qwen3-1.7B-nothink|summary_prompt|N5|112,Qwen3-1.7B-nothink,summary_prompt,5,partC_Qwen3-1.7B-nothink__summary_prompt__N5.json,112,10
Qwen3-1.7B-nothink|summary_prompt|N5|113,Qwen3-1.7B-nothink,summary_prompt,5,partC_Qwen3-1.7B-nothink__summary_prompt__N5.json,113,10
Qwen3-1.7B-nothink|summary_prompt|N5|114,Qwen3-1.7B-nothink,summary_prompt,5,partC_Qwen3-1.7B-nothink__summary_prompt__N5.json,114,9
Qwen3-1.7B-nothink|summary_prompt|N5|115,Qwen3-1.7B-nothink,summary_prompt,5,partC_Qwen3-1.7B-nothink__summary_prompt__N5.json,115,9
Qwen3-1.7B-nothink|summary_prompt|N5|116,Qwen3-1.7B-nothink,summary_prompt,5,partC_Qwen3-1.7B-nothink__summary_prompt__N5.json,116,10
Qwen3-1.7B-nothink|summary_prompt|N5|117,Qwen3-1.7B-nothink,summary_prompt,5,partC_Qwen3-1.7B-nothink__summary_prompt__N5.json,117,9
Qwen3-1.7B-nothink|summary_prompt|N5|118,Qwen3-1.7B-nothink,summary_prompt,5,partC_Qwen3-1.7B-nothink__summary_prompt__N5.json,118,9
Qwen3-1.7B-nothink|summary_prompt|N5|119,Qwen3-1.7B-nothink,summary_prompt,5,partC_Qwen3-1.7B-nothink__summary_prompt__N5.json,119,9
Qwen3-1.7B-nothink|summary_prompt|N5|120,Qwen3-1.7B-nothink,summary_prompt,5,partC_Qwen3-1.7B-nothink__summary_prompt__N5.json,120,9
Qwen3-1.7B-nothink|summary_prompt|N5|121,Qwen3-1.7B-nothink,summary_prompt,5,partC_Qwen3-1.7B-nothink__summary_prompt__N5.json,121,10
Qwen3-1.7B-nothink|summary_prompt|N5|122,Qwen3-1.7B-nothink,summary_prompt,5,partC_Qwen3-1.7B-nothink__summary_prompt__N5.json,122,9
Qwen3-1.7B-nothink|summary_prompt|N5|123,Qwen3-1.7B-nothink,summary_prompt,5,partC_Qwen3-1.7B-nothink__summary_prompt__N5.json,123,9
Qwen3-1.7B-nothink|summary_prompt|N5|124,Qwen3-1.7B-nothink,summary_prompt,5,partC_Qwen3-1.7B-nothink__summary_prompt__N5.json,124,9
Qwen3-1.7B-nothink|summary_prompt|N5|125,Qwen3-1.7B-nothink,summary_prompt,5,partC_Qwen3-1.7B-nothink__summary_prompt__N5.json,125,10
Qwen3-1.7B-nothink|summary_prompt|N5|126,Qwen3-1.7B-nothink,summary_prompt,5,partC_Qwen3-1.7B-nothink__summary_prompt__N5.json,126,9
Qwen3-1.7B-nothink|summary_prompt|N5|127,Qwen3-1.7B-nothink,summary_prompt,5,partC_Qwen3-1.7B-nothink__summary_prompt__N5.json,127,10
Qwen3-1.7B-nothink|summary_prompt|N5|128,Qwen3-1.7B-nothink,summary_prompt,5,partC_Qwen3-1.7B-nothink__summary_prompt__N5.json,128,9
Qwen3-1.7B-nothink|summary_prompt|N5|129,Qwen3-1.7B-nothink,summary_prompt,5,partC_Qwen3-1.7B-nothink__summary_prompt__N5.json,129,10
Qwen3-1.7B-nothink|summary_prompt|N5|130,Qwen3-1.7B-nothink,summary_prompt,5,partC_Qwen3-1.7B-nothink__summary_prompt__N5.json,130,9
Qwen3-1.7B-nothink|summary_prompt|N5|131,Qwen3-1.7B-nothink,summary_prompt,5,partC_Qwen3-1.7B-nothink__summary_prompt__N5.json,131,9
Qwen3-1.7B-nothink|summary_prompt|N5|132,Qwen3-1.7B-nothink,summary_prompt,5,partC_Qwen3-1.7B-nothink__summary_prompt__N5.json,132,10
Qwen3-1.7B-nothink|summary_prompt|N5|133,Qwen3-1.7B-nothink,summary_prompt,5,partC_Qwen3-1.7B-nothink__summary_prompt__N5.json,133,9
Qwen3-1.7B-nothink|summary_prompt|N5|134,Qwen3-1.7B-nothink,summary_prompt,5,partC_Qwen3-1.7B-nothink__summary_prompt__N5.json,134,10
Qwen3-1.7B-nothink|summary_prompt|N5|135,Qwen3-1.7B-nothink,summary_prompt,5,partC_Qwen3-1.7B-nothink__summary_prompt__N5.json,135,9
Qwen3-1.7B-nothink|summary_prompt|N5|136,Qwen3-1.7B-nothink,summary_prompt,5,partC_Qwen3-1.7B-nothink__summary_prompt__N5.json,136,9
Qwen3-1.7B-nothink|summary_prompt|N5|137,Qwen3-1.7B-nothink,summary_prompt,5,partC_Qwen3-1.7B-nothink__summary_prompt__N5.json,137,9
Qwen3-1.7B-nothink|summary_prompt|N5|138,Qwen3-1.7B-nothink,summary_prompt,5,partC_Qwen3-1.7B-nothink__summary_prompt__N5.json,138,9
Qwen3-1.7B-nothink|summary_prompt|N5|139,Qwen3-1.7B-nothink,summary_prompt,5,partC_Qwen3-1.7B-nothink__summary_prompt__N5.json,139,9
Qwen3-1.7B-nothink|summary_prompt|N5|140,Qwen3-1.7B-nothink,summary_prompt,5,partC_Qwen3-1.7B-nothink__summary_prompt__N5.json,140,7
Qwen3-1.7B-nothink|summary_prompt|N5|141,Qwen3-1.7B-nothink,summary_prompt,5,partC_Qwen3-1.7B-nothink__summary_prompt__N5.json,141,8
Qwen3-1.7B-nothink|summary_prompt|N5|142,Qwen3-1.7B-nothink,summary_prompt,5,partC_Qwen3-1.7B-nothink__summary_prompt__N5.json,142,9
Qwen3-1.7B-nothink|summary_prompt|N5|143,Qwen3-1.7B-nothink,summary_prompt,5,partC_Qwen3-1.7B-nothink__summary_prompt__N5.json,143,6
Qwen3-1.7B-nothink|summary_prompt|N5|144,Qwen3-1.7B-nothink,summary_prompt,5,partC_Qwen3-1.7B-nothink__summary_prompt__N5.json,144,8
Qwen3-1.7B-nothink|summary_prompt|N5|145,Qwen3-1.7B-nothink,summary_prompt,5,partC_Qwen3-1.7B-nothink__summary_prompt__N5.json,145,7
Qwen3-1.7B-nothink|summary_prompt|N5|146,Qwen3-1.7B-nothink,summary_prompt,5,partC_Qwen3-1.7B-nothink__summary_prompt__N5.json,146,9
Qwen3-1.7B-nothink|summary_prompt|N5|147,Qwen3-1.7B-nothink,summary_prompt,5,partC_Qwen3-1.7B-nothink__summary_prompt__N5.json,147,6
Qwen3-1.7B-nothink|summary_prompt|N5|148,Qwen3-1.7B-nothink,summary_prompt,5,partC_Qwen3-1.7B-nothink__summary_prompt__N5.json,148,9
Qwen3-1.7B-nothink|summary_prompt|N5|149,Qwen3-1.7B-nothink,summary_prompt,5,partC_Qwen3-1.7B-nothink__summary_prompt__N5.json,149,6
Qwen3-1.7B-nothink|summary_prompt|N5|150,Qwen3-1.7B-nothink,summary_prompt,5,partC_Qwen3-1.7B-nothink__summary_prompt__N5.json,150,9
Qwen3-1.7B-nothink|summary_prompt|N5|151,Qwen3-1.7B-nothink,summary_prompt,5,partC_Qwen3-1.7B-nothink__summary_prompt__N5.json,151,6
Qwen3-1.7B-nothink|summary_prompt|N5|152,Qwen3-1.7B-nothink,summary_prompt,5,partC_Qwen3-1.7B-nothink__summary_prompt__N5.json,152,9
Qwen3-1.7B-nothink|summary_prompt|N5|153,Qwen3-1.7B-nothink,summary_prompt,5,partC_Qwen3-1.7B-nothink__summary_prompt__N5.json,153,6
Qwen3-1.7B-nothink|summary_prompt|N5|154,Qwen3-1.7B-nothink,summary_prompt,5,partC_Qwen3-1.7B-nothink__summary_prompt__N5.json,154,6
Qwen3-1.7B-nothink|summary_prompt|N5|155,Qwen3-1.7B-nothink,summary_prompt,5,partC_Qwen3-1.7B-nothink__summary_prompt__N5.json,155,7
Qwen3-1.7B-nothink|summary_prompt|N5|156,Qwen3-1.7B-nothink,summary_prompt,5,partC_Qwen3-1.7B-nothink__summary_prompt__N5.json,156,7
Qwen3-1.7B-nothink|summary_prompt|N5|157,Qwen3-1.7B-nothink,summary_prompt,5,partC_Qwen3-1.7B-nothink__summary_prompt__N5.json,157,9
Qwen3-1.7B-nothink|summary_prompt|N5|158,Qwen3-1.7B-nothink,summary_prompt,5,partC_Qwen3-1.7B-nothink__summary_prompt__N5.json,158,6
Qwen3-1.7B-nothink|summary_prompt|N5|159,Qwen3-1.7B-nothink,summary_prompt,5,partC_Qwen3-1.7B-nothink__summary_prompt__N5.json,159,4
Qwen3-1.7B-nothink|summary_prompt|N5|160,Qwen3-1.7B-nothink,summary_prompt,5,partC_Qwen3-1.7B-nothink__summary_prompt__N5.json,160,9
Qwen3-1.7B-nothink|summary_prompt|N5|161,Qwen3-1.7B-nothink,summary_prompt,5,partC_Qwen3-1.7B-nothink__summary_prompt__N5.json,161,9
Qwen3-1.7B-nothink|summary_prompt|N5|162,Qwen3-1.7B-nothink,summary_prompt,5,partC_Qwen3-1.7B-nothink__summary_prompt__N5.json,162,9
Qwen3-1.7B-nothink|summary_prompt|N5|163,Qwen3-1.7B-nothink,summary_prompt,5,partC_Qwen3-1.7B-nothink__summary_prompt__N5.json,163,8
Qwen3-1.7B-nothink|summary_prompt|N5|164,Qwen3-1.7B-nothink,summary_prompt,5,partC_Qwen3-1.7B-nothink__summary_prompt__N5.json,164,8
Qwen3-1.7B-nothink|summary_prompt|N5|165,Qwen3-1.7B-nothink,summary_prompt,5,partC_Qwen3-1.7B-nothink__summary_prompt__N5.json,165,9
Qwen3-1.7B-nothink|summary_prompt|N5|166,Qwen3-1.7B-nothink,summary_prompt,5,partC_Qwen3-1.7B-nothink__summary_prompt__N5.json,166,9
Qwen3-1.7B-nothink|summary_prompt|N5|167,Qwen3-1.7B-nothink,summary_prompt,5,partC_Qwen3-1.7B-nothink__summary_prompt__N5.json,167,8
Qwen3-1.7B-nothink|summary_prompt|N5|168,Qwen3-1.7B-nothink,summary_prompt,5,partC_Qwen3-1.7B-nothink__summary_prompt__N5.json,168,9
Qwen3-1.7B-nothink|summary_prompt|N5|169,Qwen3-1.7B-nothink,summary_prompt,5,partC_Qwen3-1.7B-nothink__summary_prompt__N5.json,169,9
Qwen3-1.7B-nothink|summary_prompt|N5|170,Qwen3-1.7B-nothink,summary_prompt,5,partC_Qwen3-1.7B-nothink__summary_prompt__N5.json,170,9
Qwen3-1.7B-nothink|summary_prompt|N5|171,Qwen3-1.7B-nothink,summary_prompt,5,partC_Qwen3-1.7B-nothink__summary_prompt__N5.json,171,9
Qwen3-1.7B-nothink|summary_prompt|N5|172,Qwen3-1.7B-nothink,summary_prompt,5,partC_Qwen3-1.7B-nothink__summary_prompt__N5.json,172,9
Qwen3-1.7B-nothink|summary_prompt|N5|173,Qwen3-1.7B-nothink,summary_prompt,5,partC_Qwen3-1.7B-nothink__summary_prompt__N5.json,173,9
Qwen3-1.7B-nothink|summary_prompt|N5|174,Qwen3-1.7B-nothink,summary_prompt,5,partC_Qwen3-1.7B-nothink__summary_prompt__N5.json,174,8
Qwen3-1.7B-nothink|summary_prompt|N5|175,Qwen3-1.7B-nothink,summary_prompt,5,partC_Qwen3-1.7B-nothink__summary_prompt__N5.json,175,8
Qwen3-1.7B-nothink|summary_prompt|N5|176,Qwen3-1.7B-nothink,summary_prompt,5,partC_Qwen3-1.7B-nothink__summary_prompt__N5.json,176,9
Qwen3-1.7B-nothink|summary_prompt|N5|177,Qwen3-1.7B-nothink,summary_prompt,5,partC_Qwen3-1.7B-nothink__summary_prompt__N5.json,177,9
Qwen3-1.7B-nothink|summary_prompt|N5|178,Qwen3-1.7B-nothink,summary_prompt,5,partC_Qwen3-1.7B-nothink__summary_prompt__N5.json,178,9
Qwen3-1.7B-nothink|summary_prompt|N5|179,Qwen3-1.7B-nothink,summary_prompt,5,partC_Qwen3-1.7B-nothink__summary_prompt__N5.json,179,9
Qwen3-1.7B-nothink|summary_prompt|N5|180,Qwen3-1.7B-nothink,summary_prompt,5,partC_Qwen3-1.7B-nothink__summary_prompt__N5.json,180,8
Qwen3-1.7B-nothink|summary_prompt|N5|181,Qwen3-1.7B-nothink,summary_prompt,5,partC_Qwen3-1.7B-nothink__summary_prompt__N5.json,181,8
Qwen3-1.7B-nothink|summary_prompt|N5|182,Qwen3-1.7B-nothink,summary_prompt,5,partC_Qwen3-1.7B-nothink__summary_prompt__N5.json,182,9
Qwen3-1.7B-nothink|summary_prompt|N5|183,Qwen3-1.7B-nothink,summary_prompt,5,partC_Qwen3-1.7B-nothink__summary_prompt__N5.json,183,9
Qwen3-1.7B-nothink|summary_prompt|N5|184,Qwen3-1.7B-nothink,summary_prompt,5,partC_Qwen3-1.7B-nothink__summary_prompt__N5.json,184,7
Qwen3-1.7B-nothink|summary_prompt|N5|185,Qwen3-1.7B-nothink,summary_prompt,5,partC_Qwen3-1.7B-nothink__summary_prompt__N5.json,185,9
Qwen3-1.7B-nothink|summary_prompt|N5|186,Qwen3-1.7B-nothink,summary_prompt,5,partC_Qwen3-1.7B-nothink__summary_prompt__N5.json,186,9
Qwen3-1.7B-nothink|summary_prompt|N5|187,Qwen3-1.7B-nothink,summary_prompt,5,partC_Qwen3-1.7B-nothink__summary_prompt__N5.json,187,9
Qwen3-1.7B-nothink|summary_prompt|N5|188,Qwen3-1.7B-nothink,summary_prompt,5,partC_Qwen3-1.7B-nothink__summary_prompt__N5.json,188,7
Qwen3-1.7B-nothink|summary_prompt|N5|189,Qwen3-1.7B-nothink,summary_prompt,5,partC_Qwen3-1.7B-nothink__summary_prompt__N5.json,189,6
Qwen3-1.7B-nothink|summary_prompt|N5|190,Qwen3-1.7B-nothink,summary_prompt,5,partC_Qwen3-1.7B-nothink__summary_prompt__N5.json,190,7
Qwen3-1.7B-nothink|summary_prompt|N5|191,Qwen3-1.7B-nothink,summary_prompt,5,partC_Qwen3-1.7B-nothink__summary_prompt__N5.json,191,6
Qwen3-1.7B-nothink|summary_prompt|N5|192,Qwen3-1.7B-nothink,summary_prompt,5,partC_Qwen3-1.7B-nothink__summary_prompt__N5.json,192,9
Qwen3-1.7B-nothink|summary_prompt|N5|193,Qwen3-1.7B-nothink,summary_prompt,5,partC_Qwen3-1.7B-nothink__summary_prompt__N5.json,193,9
Qwen3-1.7B-nothink|summary_prompt|N5|194,Qwen3-1.7B-nothink,summary_prompt,5,partC_Qwen3-1.7B-nothink__summary_prompt__N5.json,194,6
Qwen3-1.7B-nothink|summary_prompt|N5|195,Qwen3-1.7B-nothink,summary_prompt,5,partC_Qwen3-1.7B-nothink__summary_prompt__N5.json,195,6
Qwen3-1.7B-nothink|summary_prompt|N5|196,Qwen3-1.7B-nothink,summary_prompt,5,partC_Qwen3-1.7B-nothink__summary_prompt__N5.json,196,9
Qwen3-1.7B-nothink|summary_prompt|N5|197,Qwen3-1.7B-nothink,summary_prompt,5,partC_Qwen3-1.7B-nothink__summary_prompt__N5.json,197,9
Qwen3-1.7B-nothink|summary_prompt|N5|198,Qwen3-1.7B-nothink,summary_prompt,5,partC_Qwen3-1.7B-nothink__summary_prompt__N5.json,198,9
Qwen3-1.7B-nothink|summary_prompt|N5|199,Qwen3-1.7B-nothink,summary_prompt,5,partC_Qwen3-1.7B-nothink__summary_prompt__N5.json,199,9
Qwen3-1.7B-nothink|summary_prompt|N5|200,Qwen3-1.7B-nothink,summary_prompt,5,partC_Qwen3-1.7B-nothink__summary_prompt__N5.json,200,10
Qwen3-1.7B-nothink|summary_prompt|N5|201,Qwen3-1.7B-nothink,summary_prompt,5,partC_Qwen3-1.7B-nothink__summary_prompt__N5.json,201,9
Qwen3-1.7B-nothink|summary_prompt|N5|202,Qwen3-1.7B-nothink,summary_prompt,5,partC_Qwen3-1.7B-nothink__summary_prompt__N5.json,202,9
Qwen3-1.7B-nothink|summary_prompt|N5|203,Qwen3-1.7B-nothink,summary_prompt,5,partC_Qwen3-1.7B-nothink__summary_prompt__N5.json,203,9
Qwen3-1.7B-nothink|summary_prompt|N5|204,Qwen3-1.7B-nothink,summary_prompt,5,partC_Qwen3-1.7B-nothink__summary_prompt__N5.json,204,9
Qwen3-1.7B-nothink|summary_prompt|N5|205,Qwen3-1.7B-nothink,summary_prompt,5,partC_Qwen3-1.7B-nothink__summary_prompt__N5.json,205,9
Qwen3-1.7B-nothink|summary_prompt|N5|206,Qwen3-1.7B-nothink,summary_prompt,5,partC_Qwen3-1.7B-nothink__summary_prompt__N5.json,206,9
Qwen3-1.7B-nothink|summary_prompt|N5|207,Qwen3-1.7B-nothink,summary_prompt,5,partC_Qwen3-1.7B-nothink__summary_prompt__N5.json,207,9
Qwen3-1.7B-nothink|summary_prompt|N5|208,Qwen3-1.7B-nothink,summary_prompt,5,partC_Qwen3-1.7B-nothink__summary_prompt__N5.json,208,10
Qwen3-1.7B-nothink|summary_prompt|N5|209,Qwen3-1.7B-nothink,summary_prompt,5,partC_Qwen3-1.7B-nothink__summary_prompt__N5.json,209,9
Qwen3-1.7B-nothink|summary_prompt|N5|210,Qwen3-1.7B-nothink,summary_prompt,5,partC_Qwen3-1.7B-nothink__summary_prompt__N5.json,210,10
Qwen3-1.7B-nothink|summary_prompt|N5|211,Qwen3-1.7B-nothink,summary_prompt,5,partC_Qwen3-1.7B-nothink__summary_prompt__N5.json,211,10
Qwen3-1.7B-nothink|summary_prompt|N5|212,Qwen3-1.7B-nothink,summary_prompt,5,partC_Qwen3-1.7B-nothink__summary_prompt__N5.json,212,6
Qwen3-1.7B-nothink|summary_prompt|N5|213,Qwen3-1.7B-nothink,summary_prompt,5,partC_Qwen3-1.7B-nothink__summary_prompt__N5.json,213,8
Qwen3-1.7B-nothink|summary_prompt|N5|214,Qwen3-1.7B-nothink,summary_prompt,5,partC_Qwen3-1.7B-nothink__summary_prompt__N5.json,214,9
Qwen3-1.7B-nothink|summary_prompt|N5|215,Qwen3-1.7B-nothink,summary_prompt,5,partC_Qwen3-1.7B-nothink__summary_prompt__N5.json,215,9
Qwen3-1.7B-nothink|summary_prompt|N5|216,Qwen3-1.7B-nothink,summary_prompt,5,partC_Qwen3-1.7B-nothink__summary_prompt__N5.json,216,9
Qwen3-1.7B-nothink|summary_prompt|N5|217,Qwen3-1.7B-nothink,summary_prompt,5,partC_Qwen3-1.7B-nothink__summary_prompt__N5.json,217,9
Qwen3-1.7B-nothink|summary_prompt|N5|218,Qwen3-1.7B-nothink,summary_prompt,5,partC_Qwen3-1.7B-nothink__summary_prompt__N5.json,218,9
Qwen3-1.7B-nothink|summary_prompt|N5|219,Qwen3-1.7B-nothink,summary_prompt,5,partC_Qwen3-1.7B-nothink__summary_prompt__N5.json,219,9
Qwen3-1.7B-nothink|summary_prompt|N5|220,Qwen3-1.7B-nothink,summary_prompt,5,partC_Qwen3-1.7B-nothink__summary_prompt__N5.json,220,9
Qwen3-1.7B-nothink|summary_prompt|N5|221,Qwen3-1.7B-nothink,summary_prompt,5,partC_Qwen3-1.7B-nothink__summary_prompt__N5.json,221,9
Qwen3-1.7B-nothink|summary_prompt|N5|222,Qwen3-1.7B-nothink,summary_prompt,5,partC_Qwen3-1.7B-nothink__summary_prompt__N5.json,222,9
Qwen3-1.7B-nothink|summary_prompt|N5|223,Qwen3-1.7B-nothink,summary_prompt,5,partC_Qwen3-1.7B-nothink__summary_prompt__N5.json,223,9
Qwen3-1.7B-nothink|summary_prompt|N5|224,Qwen3-1.7B-nothink,summary_prompt,5,partC_Qwen3-1.7B-nothink__summary_prompt__N5.json,224,9
Qwen3-1.7B-nothink|summary_prompt|N5|225,Qwen3-1.7B-nothink,summary_prompt,5,partC_Qwen3-1.7B-nothink__summary_prompt__N5.json,225,9
Qwen3-1.7B-nothink|summary_prompt|N5|226,Qwen3-1.7B-nothink,summary_prompt,5,partC_Qwen3-1.7B-nothink__summary_prompt__N5.json,226,9
Qwen3-1.7B-nothink|summary_prompt|N5|227,Qwen3-1.7B-nothink,summary_prompt,5,partC_Qwen3-1.7B-nothink__summary_prompt__N5.json,227,9
Qwen3-1.7B-nothink|summary_prompt|N5|228,Qwen3-1.7B-nothink,summary_prompt,5,partC_Qwen3-1.7B-nothink__summary_prompt__N5.json,228,9
Qwen3-1.7B-nothink|summary_prompt|N5|229,Qwen3-1.7B-nothink,summary_prompt,5,partC_Qwen3-1.7B-nothink__summary_prompt__N5.json,229,9
Qwen3-1.7B-nothink|summary_prompt|N5|230,Qwen3-1.7B-nothink,summary_prompt,5,partC_Qwen3-1.7B-nothink__summary_prompt__N5.json,230,10
Qwen3-1.7B-nothink|summary_prompt|N5|231,Qwen3-1.7B-nothink,summary_prompt,5,partC_Qwen3-1.7B-nothink__summary_prompt__N5.json,231,9
Qwen3-1.7B-nothink|summary_prompt|N5|232,Qwen3-1.7B-nothink,summary_prompt,5,partC_Qwen3-1.7B-nothink__summary_prompt__N5.json,232,9
Qwen3-1.7B-nothink|summary_prompt|N5|233,Qwen3-1.7B-nothink,summary_prompt,5,partC_Qwen3-1.7B-nothink__summary_prompt__N5.json,233,9
Qwen3-1.7B-nothink|summary_prompt|N5|234,Qwen3-1.7B-nothink,summary_prompt,5,partC_Qwen3-1.7B-nothink__summary_prompt__N5.json,234,9
Qwen3-1.7B-nothink|summary_prompt|N5|235,Qwen3-1.7B-nothink,summary_prompt,5,partC_Qwen3-1.7B-nothink__summary_prompt__N5.json,235,10
Qwen3-1.7B-nothink|summary_prompt|N5|236,Qwen3-1.7B-nothink,summary_prompt,5,partC_Qwen3-1.7B-nothink__summary_prompt__N5.json,236,9
Qwen3-1.7B-nothink|summary_prompt|N5|237,Qwen3-1.7B-nothink,summary_prompt,5,partC_Qwen3-1.7B-nothink__summary_prompt__N5.json,237,9
Qwen3-1.7B-nothink|summary_prompt|N5|238,Qwen3-1.7B-nothink,summary_prompt,5,partC_Qwen3-1.7B-nothink__summary_prompt__N5.json,238,9
Qwen3-1.7B-nothink|summary_prompt|N5|239,Qwen3-1.7B-nothink,summary_prompt,5,partC_Qwen3-1.7B-nothink__summary_prompt__N5.json,239,9
Qwen3-1.7B-nothink|summary_prompt|N5|240,Qwen3-1.7B-nothink,summary_prompt,5,partC_Qwen3-1.7B-nothink__summary_prompt__N5.json,240,9
Qwen3-1.7B-nothink|summary_prompt|N5|241,Qwen3-1.7B-nothink,summary_prompt,5,partC_Qwen3-1.7B-nothink__summary_prompt__N5.json,241,9
Qwen3-1.7B-nothink|summary_prompt|N5|242,Qwen3-1.7B-nothink,summary_prompt,5,partC_Qwen3-1.7B-nothink__summary_prompt__N5.json,242,9
Qwen3-1.7B-nothink|summary_prompt|N5|243,Qwen3-1.7B-nothink,summary_prompt,5,partC_Qwen3-1.7B-nothink__summary_prompt__N5.json,243,9
Qwen3-1.7B-nothink|summary_prompt|N5|244,Qwen3-1.7B-nothink,summary_prompt,5,partC_Qwen3-1.7B-nothink__summary_prompt__N5.json,244,9
Qwen3-1.7B-nothink|summary_prompt|N5|245,Qwen3-1.7B-nothink,summary_prompt,5,partC_Qwen3-1.7B-nothink__summary_prompt__N5.json,245,10
Qwen3-1.7B-nothink|summary_prompt|N5|246,Qwen3-1.7B-nothink,summary_prompt,5,partC_Qwen3-1.7B-nothink__summary_prompt__N5.json,246,9
Qwen3-1.7B-nothink|summary_prompt|N5|247,Qwen3-1.7B-nothink,summary_prompt,5,partC_Qwen3-1.7B-nothink__summary_prompt__N5.json,247,9
Qwen3-1.7B-nothink|summary_prompt|N5|248,Qwen3-1.7B-nothink,summary_prompt,5,partC_Qwen3-1.7B-nothink__summary_prompt__N5.json,248,9
Qwen3-1.7B-nothink|summary_prompt|N5|249,Qwen3-1.7B-nothink,summary_prompt,5,partC_Qwen3-1.7B-nothink__summary_prompt__N5.json,249,9
Qwen3-1.7B-nothink|summary_prompt|N5|250,Qwen3-1.7B-nothink,summary_prompt,5,partC_Qwen3-1.7B-nothink__summary_prompt__N5.json,250,9
Qwen3-1.7B-nothink|summary_prompt|N5|251,Qwen3-1.7B-nothink,summary_prompt,5,partC_Qwen3-1.7B-nothink__summary_prompt__N5.json,251,9
Qwen3-1.7B-nothink|summary_prompt|N5|252,Qwen3-1.7B-nothink,summary_prompt,5,partC_Qwen3-1.7B-nothink__summary_prompt__N5.json,252,9
Qwen3-1.7B-nothink|summary_prompt|N5|253,Qwen3-1.7B-nothink,summary_prompt,5,partC_Qwen3-1.7B-nothink__summary_prompt__N5.json,253,9
Qwen3-1.7B-nothink|summary_prompt|N5|254,Qwen3-1.7B-nothink,summary_prompt,5,partC_Qwen3-1.7B-nothink__summary_prompt__N5.json,254,9
Qwen3-1.7B-nothink|summary_prompt|N5|255,Qwen3-1.7B-nothink,summary_prompt,5,partC_Qwen3-1.7B-nothink__summary_prompt__N5.json,255,9
Qwen3-1.7B-nothink|summary_prompt|N5|256,Qwen3-1.7B-nothink,summary_prompt,5,partC_Qwen3-1.7B-nothink__summary_prompt__N5.json,256,9
Qwen3-1.7B-nothink|summary_prompt|N5|257,Qwen3-1.7B-nothink,summary_prompt,5,partC_Qwen3-1.7B-nothink__summary_prompt__N5.json,257,10
Qwen3-1.7B-nothink|summary_prompt|N5|258,Qwen3-1.7B-nothink,summary_prompt,5,partC_Qwen3-1.7B-nothink__summary_prompt__N5.json,258,10
Qwen3-1.7B-nothink|summary_prompt|N5|259,Qwen3-1.7B-nothink,summary_prompt,5,partC_Qwen3-1.7B-nothink__summary_prompt__N5.json,259,9
Qwen3-1.7B-nothink|summary_prompt|N5|260,Qwen3-1.7B-nothink,summary_prompt,5,partC_Qwen3-1.7B-nothink__summary_prompt__N5.json,260,9
Qwen3-1.7B-nothink|summary_prompt|N5|261,Qwen3-1.7B-nothink,summary_prompt,5,partC_Qwen3-1.7B-nothink__summary_prompt__N5.json,261,8
Qwen3-1.7B-nothink|summary_prompt|N5|262,Qwen3-1.7B-nothink,summary_prompt,5,partC_Qwen3-1.7B-nothink__summary_prompt__N5.json,262,6
Qwen3-1.7B-nothink|summary_prompt|N5|263,Qwen3-1.7B-nothink,summary_prompt,5,partC_Qwen3-1.7B-nothink__summary_prompt__N5.json,263,6
Qwen3-1.7B-nothink|summary_prompt|N5|264,Qwen3-1.7B-nothink,summary_prompt,5,partC_Qwen3-1.7B-nothink__summary_prompt__N5.json,264,8
Qwen3-1.7B-nothink|summary_prompt|N5|265,Qwen3-1.7B-nothink,summary_prompt,5,partC_Qwen3-1.7B-nothink__summary_prompt__N5.json,265,4
Qwen3-1.7B-nothink|summary_prompt|N5|266,Qwen3-1.7B-nothink,summary_prompt,5,partC_Qwen3-1.7B-nothink__summary_prompt__N5.json,266,7
Qwen3-1.7B-nothink|summary_prompt|N5|267,Qwen3-1.7B-nothink,summary_prompt,5,partC_Qwen3-1.7B-nothink__summary_prompt__N5.json,267,9
Qwen3-1.7B-nothink|summary_prompt|N5|268,Qwen3-1.7B-nothink,summary_prompt,5,partC_Qwen3-1.7B-nothink__summary_prompt__N5.json,268,7
Qwen3-1.7B-nothink|summary_prompt|N5|269,Qwen3-1.7B-nothink,summary_prompt,5,partC_Qwen3-1.7B-nothink__summary_prompt__N5.json,269,9
Qwen3-1.7B-nothink|summary_prompt|N5|270,Qwen3-1.7B-nothink,summary_prompt,5,partC_Qwen3-1.7B-nothink__summary_prompt__N5.json,270,7
Qwen3-1.7B-nothink|summary_prompt|N5|271,Qwen3-1.7B-nothink,summary_prompt,5,partC_Qwen3-1.7B-nothink__summary_prompt__N5.json,271,7
Qwen3-1.7B-nothink|summary_prompt|N5|272,Qwen3-1.7B-nothink,summary_prompt,5,partC_Qwen3-1.7B-nothink__summary_prompt__N5.json,272,7
Qwen3-1.7B-nothink|summary_prompt|N5|273,Qwen3-1.7B-nothink,summary_prompt,5,partC_Qwen3-1.7B-nothink__summary_prompt__N5.json,273,6
Qwen3-1.7B-nothink|summary_prompt|N5|274,Qwen3-1.7B-nothink,summary_prompt,5,partC_Qwen3-1.7B-nothink__summary_prompt__N5.json,274,9
Qwen3-1.7B-nothink|summary_prompt|N5|275,Qwen3-1.7B-nothink,summary_prompt,5,partC_Qwen3-1.7B-nothink__summary_prompt__N5.json,275,7
Qwen3-1.7B-nothink|summary_prompt|N5|276,Qwen3-1.7B-nothink,summary_prompt,5,partC_Qwen3-1.7B-nothink__summary_prompt__N5.json,276,8
Qwen3-1.7B-nothink|summary_prompt|N5|277,Qwen3-1.7B-nothink,summary_prompt,5,partC_Qwen3-1.7B-nothink__summary_prompt__N5.json,277,6
Qwen3-1.7B-nothink|summary_prompt|N5|278,Qwen3-1.7B-nothink,summary_prompt,5,partC_Qwen3-1.7B-nothink__summary_prompt__N5.json,278,9
Qwen3-1.7B-nothink|summary_prompt|N5|279,Qwen3-1.7B-nothink,summary_prompt,5,partC_Qwen3-1.7B-nothink__summary_prompt__N5.json,279,7
Qwen3-1.7B-nothink|summary_prompt|N5|280,Qwen3-1.7B-nothink,summary_prompt,5,partC_Qwen3-1.7B-nothink__summary_prompt__N5.json,280,9
Qwen3-1.7B-nothink|summary_prompt|N5|281,Qwen3-1.7B-nothink,summary_prompt,5,partC_Qwen3-1.7B-nothink__summary_prompt__N5.json,281,9
Qwen3-1.7B-nothink|summary_prompt|N5|282,Qwen3-1.7B-nothink,summary_prompt,5,partC_Qwen3-1.7B-nothink__summary_prompt__N5.json,282,9
Qwen3-1.7B-nothink|summary_prompt|N5|283,Qwen3-1.7B-nothink,summary_prompt,5,partC_Qwen3-1.7B-nothink__summary_prompt__N5.json,283,9
Qwen3-1.7B-nothink|summary_prompt|N5|284,Qwen3-1.7B-nothink,summary_prompt,5,partC_Qwen3-1.7B-nothink__summary_prompt__N5.json,284,6
Qwen3-1.7B-nothink|summary_prompt|N5|285,Qwen3-1.7B-nothink,summary_prompt,5,partC_Qwen3-1.7B-nothink__summary_prompt__N5.json,285,9
Qwen3-1.7B-nothink|summary_prompt|N5|286,Qwen3-1.7B-nothink,summary_prompt,5,partC_Qwen3-1.7B-nothink__summary_prompt__N5.json,286,9
Qwen3-1.7B-nothink|summary_prompt|N5|287,Qwen3-1.7B-nothink,summary_prompt,5,partC_Qwen3-1.7B-nothink__summary_prompt__N5.json,287,9
Qwen3-1.7B-nothink|summary_prompt|N5|288,Qwen3-1.7B-nothink,summary_prompt,5,partC_Qwen3-1.7B-nothink__summary_prompt__N5.json,288,7
Qwen3-1.7B-nothink|summary_prompt|N5|289,Qwen3-1.7B-nothink,summary_prompt,5,partC_Qwen3-1.7B-nothink__summary_prompt__N5.json,289,9
Qwen3-1.7B-nothink|summary_prompt|N5|290,Qwen3-1.7B-nothink,summary_prompt,5,partC_Qwen3-1.7B-nothink__summary_prompt__N5.json,290,9
Qwen3-1.7B-nothink|summary_prompt|N5|291,Qwen3-1.7B-nothink,summary_prompt,5,partC_Qwen3-1.7B-nothink__summary_prompt__N5.json,291,9
Qwen3-1.7B-nothink|summary_prompt|N5|292,Qwen3-1.7B-nothink,summary_prompt,5,partC_Qwen3-1.7B-nothink__summary_prompt__N5.json,292,9
Qwen3-1.7B-nothink|summary_prompt|N5|293,Qwen3-1.7B-nothink,summary_prompt,5,partC_Qwen3-1.7B-nothink__summary_prompt__N5.json,293,9
Qwen3-1.7B-nothink|summary_prompt|N5|294,Qwen3-1.7B-nothink,summary_prompt,5,partC_Qwen3-1.7B-nothink__summary_prompt__N5.json,294,9
Qwen3-1.7B-nothink|summary_prompt|N5|295,Qwen3-1.7B-nothink,summary_prompt,5,partC_Qwen3-1.7B-nothink__summary_prompt__N5.json,295,9
Qwen3-1.7B-nothink|summary_prompt|N5|296,Qwen3-1.7B-nothink,summary_prompt,5,partC_Qwen3-1.7B-nothink__summary_prompt__N5.json,296,9
Qwen3-1.7B-nothink|summary_prompt|N5|297,Qwen3-1.7B-nothink,summary_prompt,5,partC_Qwen3-1.7B-nothink__summary_prompt__N5.json,297,9
Qwen3-1.7B-nothink|summary_prompt|N5|298,Qwen3-1.7B-nothink,summary_prompt,5,partC_Qwen3-1.7B-nothink__summary_prompt__N5.json,298,8
Qwen3-1.7B-nothink|summary_prompt|N5|299,Qwen3-1.7B-nothink,summary_prompt,5,partC_Qwen3-1.7B-nothink__summary_prompt__N5.json,299,9
Qwen3-1.7B-nothink|summary_prompt|N5|300,Qwen3-1.7B-nothink,summary_prompt,5,partC_Qwen3-1.7B-nothink__summary_prompt__N5.json,300,9
Qwen3-1.7B-nothink|summary_prompt|N5|301,Qwen3-1.7B-nothink,summary_prompt,5,partC_Qwen3-1.7B-nothink__summary_prompt__N5.json,301,9
Qwen3-1.7B-nothink|summary_prompt|N5|302,Qwen3-1.7B-nothink,summary_prompt,5,partC_Qwen3-1.7B-nothink__summary_prompt__N5.json,302,9
Qwen3-1.7B-nothink|summary_prompt|N5|303,Qwen3-1.7B-nothink,summary_prompt,5,partC_Qwen3-1.7B-nothink__summary_prompt__N5.json,303,9
Qwen3-1.7B-nothink|summary_prompt|N5|304,Qwen3-1.7B-nothink,summary_prompt,5,partC_Qwen3-1.7B-nothink__summary_prompt__N5.json,304,9
Qwen3-1.7B-nothink|summary_prompt|N5|305,Qwen3-1.7B-nothink,summary_prompt,5,partC_Qwen3-1.7B-nothink__summary_prompt__N5.json,305,8
Qwen3-1.7B-nothink|summary_prompt|N5|306,Qwen3-1.7B-nothink,summary_prompt,5,partC_Qwen3-1.7B-nothink__summary_prompt__N5.json,306,9
Qwen3-1.7B-nothink|summary_prompt|N5|307,Qwen3-1.7B-nothink,summary_prompt,5,partC_Qwen3-1.7B-nothink__summary_prompt__N5.json,307,9
Qwen3-1.7B-nothink|summary_prompt|N5|308,Qwen3-1.7B-nothink,summary_prompt,5,partC_Qwen3-1.7B-nothink__summary_prompt__N5.json,308,8
Qwen3-1.7B-nothink|summary_prompt|N5|309,Qwen3-1.7B-nothink,summary_prompt,5,partC_Qwen3-1.7B-nothink__summary_prompt__N5.json,309,9
Qwen3-1.7B-nothink|summary_prompt|N5|310,Qwen3-1.7B-nothink,summary_prompt,5,partC_Qwen3-1.7B-nothink__summary_prompt__N5.json,310,9
Qwen3-1.7B-nothink|summary_prompt|N5|311,Qwen3-1.7B-nothink,summary_prompt,5,partC_Qwen3-1.7B-nothink__summary_prompt__N5.json,311,6
Qwen3-1.7B-nothink|summary_prompt|N5|312,Qwen3-1.7B-nothink,summary_prompt,5,partC_Qwen3-1.7B-nothink__summary_prompt__N5.json,312,9
Qwen3-1.7B-nothink|summary_prompt|N5|313,Qwen3-1.7B-nothink,summary_prompt,5,partC_Qwen3-1.7B-nothink__summary_prompt__N5.json,313,7
Qwen3-1.7B-nothink|summary_prompt|N5|314,Qwen3-1.7B-nothink,summary_prompt,5,partC_Qwen3-1.7B-nothink__summary_prompt__N5.json,314,7
Qwen3-1.7B-nothink|summary_prompt|N5|315,Qwen3-1.7B-nothink,summary_prompt,5,partC_Qwen3-1.7B-nothink__summary_prompt__N5.json,315,9
Qwen3-1.7B-nothink|summary_prompt|N5|316,Qwen3-1.7B-nothink,summary_prompt,5,partC_Qwen3-1.7B-nothink__summary_prompt__N5.json,316,6
Qwen3-1.7B-nothink|summary_prompt|N5|317,Qwen3-1.7B-nothink,summary_prompt,5,partC_Qwen3-1.7B-nothink__summary_prompt__N5.json,317,9
Qwen3-1.7B-nothink|summary_prompt|N5|318,Qwen3-1.7B-nothink,summary_prompt,5,partC_Qwen3-1.7B-nothink__summary_prompt__N5.json,318,9
Qwen3-1.7B-nothink|summary_prompt|N5|319,Qwen3-1.7B-nothink,summary_prompt,5,partC_Qwen3-1.7B-nothink__summary_prompt__N5.json,319,9
Qwen3-1.7B-nothink|summary_prompt|N5|320,Qwen3-1.7B-nothink,summary_prompt,5,partC_Qwen3-1.7B-nothink__summary_prompt__N5.json,320,8
Qwen3-1.7B-nothink|summary_prompt|N5|321,Qwen3-1.7B-nothink,summary_prompt,5,partC_Qwen3-1.7B-nothink__summary_prompt__N5.json,321,9
Qwen3-1.7B-nothink|summary_prompt|N5|322,Qwen3-1.7B-nothink,summary_prompt,5,partC_Qwen3-1.7B-nothink__summary_prompt__N5.json,322,7
Qwen3-1.7B-nothink|summary_prompt|N5|323,Qwen3-1.7B-nothink,summary_prompt,5,partC_Qwen3-1.7B-nothink__summary_prompt__N5.json,323,9
Qwen3-1.7B-nothink|summary_prompt|N5|324,Qwen3-1.7B-nothink,summary_prompt,5,partC_Qwen3-1.7B-nothink__summary_prompt__N5.json,324,9
Qwen3-1.7B-nothink|summary_prompt|N5|325,Qwen3-1.7B-nothink,summary_prompt,5,partC_Qwen3-1.7B-nothink__summary_prompt__N5.json,325,9
Qwen3-1.7B-nothink|summary_prompt|N5|326,Qwen3-1.7B-nothink,summary_prompt,5,partC_Qwen3-1.7B-nothink__summary_prompt__N5.json,326,9
Qwen3-1.7B-nothink|summary_prompt|N5|327,Qwen3-1.7B-nothink,summary_prompt,5,partC_Qwen3-1.7B-nothink__summary_prompt__N5.json,327,9
Qwen3-1.7B-nothink|summary_prompt|N5|328,Qwen3-1.7B-nothink,summary_prompt,5,partC_Qwen3-1.7B-nothink__summary_prompt__N5.json,328,9
Qwen3-1.7B-nothink|summary_prompt|N5|329,Qwen3-1.7B-nothink,summary_prompt,5,partC_Qwen3-1.7B-nothink__summary_prompt__N5.json,329,7
Qwen3-1.7B-nothink|summary_prompt|N5|330,Qwen3-1.7B-nothink,summary_prompt,5,partC_Qwen3-1.7B-nothink__summary_prompt__N5.json,330,9
Qwen3-1.7B-nothink|summary_prompt|N5|331,Qwen3-1.7B-nothink,summary_prompt,5,partC_Qwen3-1.7B-nothink__summary_prompt__N5.json,331,9
Qwen3-1.7B-nothink|summary_prompt|N5|332,Qwen3-1.7B-nothink,summary_prompt,5,partC_Qwen3-1.7B-nothink__summary_prompt__N5.json,332,9
Qwen3-1.7B-nothink|summary_prompt|N5|333,Qwen3-1.7B-nothink,summary_prompt,5,partC_Qwen3-1.7B-nothink__summary_prompt__N5.json,333,9
Qwen3-1.7B-nothink|summary_prompt|N5|334,Qwen3-1.7B-nothink,summary_prompt,5,partC_Qwen3-1.7B-nothink__summary_prompt__N5.json,334,9
Qwen3-1.7B-nothink|summary_prompt|N5|335,Qwen3-1.7B-nothink,summary_prompt,5,partC_Qwen3-1.7B-nothink__summary_prompt__N5.json,335,9
Qwen3-1.7B-nothink|summary_prompt|N5|336,Qwen3-1.7B-nothink,summary_prompt,5,partC_Qwen3-1.7B-nothink__summary_prompt__N5.json,336,9
Qwen3-1.7B-nothink|summary_prompt|N5|337,Qwen3-1.7B-nothink,summary_prompt,5,partC_Qwen3-1.7B-nothink__summary_prompt__N5.json,337,9
Qwen3-1.7B-nothink|summary_prompt|N5|338,Qwen3-1.7B-nothink,summary_prompt,5,partC_Qwen3-1.7B-nothink__summary_prompt__N5.json,338,8
Qwen3-1.7B-nothink|summary_prompt|N5|339,Qwen3-1.7B-nothink,summary_prompt,5,partC_Qwen3-1.7B-nothink__summary_prompt__N5.json,339,9
Qwen3-1.7B-nothink|summary_prompt|N5|340,Qwen3-1.7B-nothink,summary_prompt,5,partC_Qwen3-1.7B-nothink__summary_prompt__N5.json,340,7
Qwen3-1.7B-nothink|summary_prompt|N5|341,Qwen3-1.7B-nothink,summary_prompt,5,partC_Qwen3-1.7B-nothink__summary_prompt__N5.json,341,9
Qwen3-1.7B-nothink|summary_prompt|N5|342,Qwen3-1.7B-nothink,summary_prompt,5,partC_Qwen3-1.7B-nothink__summary_prompt__N5.json,342,9
Qwen3-1.7B-nothink|summary_prompt|N5|343,Qwen3-1.7B-nothink,summary_prompt,5,partC_Qwen3-1.7B-nothink__summary_prompt__N5.json,343,9
Qwen3-1.7B-nothink|summary_prompt|N5|344,Qwen3-1.7B-nothink,summary_prompt,5,partC_Qwen3-1.7B-nothink__summary_prompt__N5.json,344,9
Qwen3-1.7B-nothink|summary_prompt|N5|345,Qwen3-1.7B-nothink,summary_prompt,5,partC_Qwen3-1.7B-nothink__summary_prompt__N5.json,345,9
Qwen3-1.7B-nothink|summary_prompt|N5|346,Qwen3-1.7B-nothink,summary_prompt,5,partC_Qwen3-1.7B-nothink__summary_prompt__N5.json,346,9
Qwen3-1.7B-nothink|summary_prompt|N5|347,Qwen3-1.7B-nothink,summary_prompt,5,partC_Qwen3-1.7B-nothink__summary_prompt__N5.json,347,9
Qwen3-1.7B-nothink|summary_prompt|N5|348,Qwen3-1.7B-nothink,summary_prompt,5,partC_Qwen3-1.7B-nothink__summary_prompt__N5.json,348,9
Qwen3-1.7B-nothink|summary_prompt|N5|349,Qwen3-1.7B-nothink,summary_prompt,5,partC_Qwen3-1.7B-nothink__summary_prompt__N5.json,349,9
Qwen3-1.7B-nothink|summary_prompt|N5|350,Qwen3-1.7B-nothink,summary_prompt,5,partC_Qwen3-1.7B-nothink__summary_prompt__N5.json,350,9
Qwen3-1.7B-nothink|summary_prompt|N5|351,Qwen3-1.7B-nothink,summary_prompt,5,partC_Qwen3-1.7B-nothink__summary_prompt__N5.json,351,9
Qwen3-1.7B-nothink|summary_prompt|N5|352,Qwen3-1.7B-nothink,summary_prompt,5,partC_Qwen3-1.7B-nothink__summary_prompt__N5.json,352,9
Qwen3-1.7B-nothink|summary_prompt|N5|353,Qwen3-1.7B-nothink,summary_prompt,5,partC_Qwen3-1.7B-nothink__summary_prompt__N5.json,353,9
Qwen3-1.7B-nothink|summary_prompt|N5|354,Qwen3-1.7B-nothink,summary_prompt,5,partC_Qwen3-1.7B-nothink__summary_prompt__N5.json,354,9
Qwen3-1.7B-nothink|summary_prompt|N5|355,Qwen3-1.7B-nothink,summary_prompt,5,partC_Qwen3-1.7B-nothink__summary_prompt__N5.json,355,9
Qwen3-1.7B-nothink|summary_prompt|N5|356,Qwen3-1.7B-nothink,summary_prompt,5,partC_Qwen3-1.7B-nothink__summary_prompt__N5.json,356,6
Qwen3-1.7B-nothink|summary_prompt|N5|357,Qwen3-1.7B-nothink,summary_prompt,5,partC_Qwen3-1.7B-nothink__summary_prompt__N5.json,357,9
Qwen3-1.7B-nothink|summary_prompt|N5|358,Qwen3-1.7B-nothink,summary_prompt,5,partC_Qwen3-1.7B-nothink__summary_prompt__N5.json,358,9
Qwen3-1.7B-nothink|summary_prompt|N5|359,Qwen3-1.7B-nothink,summary_prompt,5,partC_Qwen3-1.7B-nothink__summary_prompt__N5.json,359,9
Qwen3-1.7B-nothink|summary_prompt|N5|360,Qwen3-1.7B-nothink,summary_prompt,5,partC_Qwen3-1.7B-nothink__summary_prompt__N5.json,360,9
Qwen3-1.7B-nothink|summary_prompt|N5|361,Qwen3-1.7B-nothink,summary_prompt,5,partC_Qwen3-1.7B-nothink__summary_prompt__N5.json,361,6
Qwen3-1.7B-nothink|summary_prompt|N5|362,Qwen3-1.7B-nothink,summary_prompt,5,partC_Qwen3-1.7B-nothink__summary_prompt__N5.json,362,9
Qwen3-1.7B-nothink|summary_prompt|N5|363,Qwen3-1.7B-nothink,summary_prompt,5,partC_Qwen3-1.7B-nothink__summary_prompt__N5.json,363,9
Qwen3-1.7B-nothink|summary_prompt|N5|364,Qwen3-1.7B-nothink,summary_prompt,5,partC_Qwen3-1.7B-nothink__summary_prompt__N5.json,364,7
Qwen3-1.7B-nothink|summary_prompt|N5|365,Qwen3-1.7B-nothink,summary_prompt,5,partC_Qwen3-1.7B-nothink__summary_prompt__N5.json,365,7
Qwen3-1.7B-nothink|summary_prompt|N5|366,Qwen3-1.7B-nothink,summary_prompt,5,partC_Qwen3-1.7B-nothink__summary_prompt__N5.json,366,7
Qwen3-1.7B-nothink|summary_prompt|N5|367,Qwen3-1.7B-nothink,summary_prompt,5,partC_Qwen3-1.7B-nothink__summary_prompt__N5.json,367,9
Qwen3-1.7B-nothink|summary_prompt|N5|368,Qwen3-1.7B-nothink,summary_prompt,5,partC_Qwen3-1.7B-nothink__summary_prompt__N5.json,368,7
Qwen3-1.7B-nothink|summary_prompt|N5|369,Qwen3-1.7B-nothink,summary_prompt,5,partC_Qwen3-1.7B-nothink__summary_prompt__N5.json,369,9
Qwen3-1.7B-nothink|summary_prompt|N5|370,Qwen3-1.7B-nothink,summary_prompt,5,partC_Qwen3-1.7B-nothink__summary_prompt__N5.json,370,9
Qwen3-1.7B-nothink|summary_prompt|N5|371,Qwen3-1.7B-nothink,summary_prompt,5,partC_Qwen3-1.7B-nothink__summary_prompt__N5.json,371,9
Qwen3-1.7B-nothink|summary_prompt|N5|372,Qwen3-1.7B-nothink,summary_prompt,5,partC_Qwen3-1.7B-nothink__summary_prompt__N5.json,372,8
Qwen3-1.7B-nothink|summary_prompt|N5|373,Qwen3-1.7B-nothink,summary_prompt,5,partC_Qwen3-1.7B-nothink__summary_prompt__N5.json,373,4
Qwen3-1.7B-nothink|summary_prompt|N5|374,Qwen3-1.7B-nothink,summary_prompt,5,partC_Qwen3-1.7B-nothink__summary_prompt__N5.json,374,6
Qwen3-1.7B-nothink|summary_prompt|N5|375,Qwen3-1.7B-nothink,summary_prompt,5,partC_Qwen3-1.7B-nothink__summary_prompt__N5.json,375,6
Qwen3-1.7B-nothink|summary_prompt|N5|376,Qwen3-1.7B-nothink,summary_prompt,5,partC_Qwen3-1.7B-nothink__summary_prompt__N5.json,376,9
Qwen3-1.7B-nothink|summary_prompt|N5|377,Qwen3-1.7B-nothink,summary_prompt,5,partC_Qwen3-1.7B-nothink__summary_prompt__N5.json,377,7
Qwen3-1.7B-nothink|summary_prompt|N5|378,Qwen3-1.7B-nothink,summary_prompt,5,partC_Qwen3-1.7B-nothink__summary_prompt__N5.json,378,6
Qwen3-1.7B-nothink|summary_prompt|N5|379,Qwen3-1.7B-nothink,summary_prompt,5,partC_Qwen3-1.7B-nothink__summary_prompt__N5.json,379,7
Qwen3-1.7B-nothink|summary_prompt|N5|380,Qwen3-1.7B-nothink,summary_prompt,5,partC_Qwen3-1.7B-nothink__summary_prompt__N5.json,380,9
Qwen3-1.7B-nothink|summary_prompt|N5|381,Qwen3-1.7B-nothink,summary_prompt,5,partC_Qwen3-1.7B-nothink__summary_prompt__N5.json,381,9
Qwen3-1.7B-nothink|summary_prompt|N5|382,Qwen3-1.7B-nothink,summary_prompt,5,partC_Qwen3-1.7B-nothink__summary_prompt__N5.json,382,8
Qwen3-1.7B-nothink|summary_prompt|N5|383,Qwen3-1.7B-nothink,summary_prompt,5,partC_Qwen3-1.7B-nothink__summary_prompt__N5.json,383,9
Qwen3-1.7B-nothink|summary_prompt|N5|384,Qwen3-1.7B-nothink,summary_prompt,5,partC_Qwen3-1.7B-nothink__summary_prompt__N5.json,384,9
Qwen3-1.7B-nothink|summary_prompt|N5|385,Qwen3-1.7B-nothink,summary_prompt,5,partC_Qwen3-1.7B-nothink__summary_prompt__N5.json,385,9
Qwen3-1.7B-nothink|summary_prompt|N5|386,Qwen3-1.7B-nothink,summary_prompt,5,partC_Qwen3-1.7B-nothink__summary_prompt__N5.json,386,7
Qwen3-1.7B-nothink|summary_prompt|N5|387,Qwen3-1.7B-nothink,summary_prompt,5,partC_Qwen3-1.7B-nothink__summary_prompt__N5.json,387,6
Qwen3-1.7B-nothink|summary_prompt|N5|388,Qwen3-1.7B-nothink,summary_prompt,5,partC_Qwen3-1.7B-nothink__summary_prompt__N5.json,388,8
Qwen3-1.7B-nothink|summary_prompt|N5|389,Qwen3-1.7B-nothink,summary_prompt,5,partC_Qwen3-1.7B-nothink__summary_prompt__N5.json,389,9
Qwen3-1.7B-nothink|summary_prompt|N5|390,Qwen3-1.7B-nothink,summary_prompt,5,partC_Qwen3-1.7B-nothink__summary_prompt__N5.json,390,7
Qwen3-1.7B-nothink|summary_prompt|N5|391,Qwen3-1.7B-nothink,summary_prompt,5,partC_Qwen3-1.7B-nothink__summary_prompt__N5.json,391,7
Qwen3-1.7B-nothink|summary_prompt|N5|392,Qwen3-1.7B-nothink,summary_prompt,5,partC_Qwen3-1.7B-nothink__summary_prompt__N5.json,392,9
Qwen3-1.7B-nothink|summary_prompt|N5|393,Qwen3-1.7B-nothink,summary_prompt,5,partC_Qwen3-1.7B-nothink__summary_prompt__N5.json,393,9
Qwen3-1.7B-nothink|summary_prompt|N5|394,Qwen3-1.7B-nothink,summary_prompt,5,partC_Qwen3-1.7B-nothink__summary_prompt__N5.json,394,7
Qwen3-1.7B-nothink|summary_prompt|N5|395,Qwen3-1.7B-nothink,summary_prompt,5,partC_Qwen3-1.7B-nothink__summary_prompt__N5.json,395,9
Qwen3-1.7B-nothink|summary_prompt|N5|396,Qwen3-1.7B-nothink,summary_prompt,5,partC_Qwen3-1.7B-nothink__summary_prompt__N5.json,396,9
Qwen3-1.7B-nothink|summary_prompt|N5|397,Qwen3-1.7B-nothink,summary_prompt,5,partC_Qwen3-1.7B-nothink__summary_prompt__N5.json,397,9
Qwen3-1.7B-nothink|summary_prompt|N5|398,Qwen3-1.7B-nothink,summary_prompt,5,partC_Qwen3-1.7B-nothink__summary_prompt__N5.json,398,9
Qwen3-1.7B-nothink|summary_prompt|N5|399,Qwen3-1.7B-nothink,summary_prompt,5,partC_Qwen3-1.7B-nothink__summary_prompt__N5.json,399,7
Qwen3-1.7B-nothink|summary_prompt|N5|400,Qwen3-1.7B-nothink,summary_prompt,5,partC_Qwen3-1.7B-nothink__summary_prompt__N5.json,400,9
Qwen3-1.7B-nothink|summary_prompt|N5|401,Qwen3-1.7B-nothink,summary_prompt,5,partC_Qwen3-1.7B-nothink__summary_prompt__N5.json,401,9
Qwen3-1.7B-nothink|summary_prompt|N5|402,Qwen3-1.7B-nothink,summary_prompt,5,partC_Qwen3-1.7B-nothink__summary_prompt__N5.json,402,9
Qwen3-1.7B-nothink|summary_prompt|N5|403,Qwen3-1.7B-nothink,summary_prompt,5,partC_Qwen3-1.7B-nothink__summary_prompt__N5.json,403,9
Qwen3-1.7B-nothink|summary_prompt|N5|404,Qwen3-1.7B-nothink,summary_prompt,5,partC_Qwen3-1.7B-nothink__summary_prompt__N5.json,404,9
Qwen3-1.7B-nothink|summary_prompt|N5|405,Qwen3-1.7B-nothink,summary_prompt,5,partC_Qwen3-1.7B-nothink__summary_prompt__N5.json,405,9
Qwen3-1.7B-nothink|summary_prompt|N5|406,Qwen3-1.7B-nothink,summary_prompt,5,partC_Qwen3-1.7B-nothink__summary_prompt__N5.json,406,9
Qwen3-1.7B-nothink|summary_prompt|N5|407,Qwen3-1.7B-nothink,summary_prompt,5,partC_Qwen3-1.7B-nothink__summary_prompt__N5.json,407,9
Qwen3-1.7B-nothink|summary_prompt|N5|408,Qwen3-1.7B-nothink,summary_prompt,5,partC_Qwen3-1.7B-nothink__summary_prompt__N5.json,408,9
Qwen3-1.7B-nothink|summary_prompt|N5|409,Qwen3-1.7B-nothink,summary_prompt,5,partC_Qwen3-1.7B-nothink__summary_prompt__N5.json,409,9
Qwen3-1.7B-nothink|summary_prompt|N5|410,Qwen3-1.7B-nothink,summary_prompt,5,partC_Qwen3-1.7B-nothink__summary_prompt__N5.json,410,9
Qwen3-1.7B-nothink|summary_prompt|N5|411,Qwen3-1.7B-nothink,summary_prompt,5,partC_Qwen3-1.7B-nothink__summary_prompt__N5.json,411,9
Qwen3-1.7B-nothink|summary_prompt|N5|412,Qwen3-1.7B-nothink,summary_prompt,5,partC_Qwen3-1.7B-nothink__summary_prompt__N5.json,412,9
Qwen3-1.7B-nothink|summary_prompt|N5|413,Qwen3-1.7B-nothink,summary_prompt,5,partC_Qwen3-1.7B-nothink__summary_prompt__N5.json,413,9
Qwen3-1.7B-nothink|summary_prompt|N5|414,Qwen3-1.7B-nothink,summary_prompt,5,partC_Qwen3-1.7B-nothink__summary_prompt__N5.json,414,9
Qwen3-1.7B-nothink|summary_prompt|N5|415,Qwen3-1.7B-nothink,summary_prompt,5,partC_Qwen3-1.7B-nothink__summary_prompt__N5.json,415,9
Qwen3-1.7B-nothink|summary_prompt|N5|416,Qwen3-1.7B-nothink,summary_prompt,5,partC_Qwen3-1.7B-nothink__summary_prompt__N5.json,416,9
Qwen3-1.7B-nothink|summary_prompt|N5|417,Qwen3-1.7B-nothink,summary_prompt,5,partC_Qwen3-1.7B-nothink__summary_prompt__N5.json,417,9
Qwen3-1.7B-nothink|summary_prompt|N5|418,Qwen3-1.7B-nothink,summary_prompt,5,partC_Qwen3-1.7B-nothink__summary_prompt__N5.json,418,9
Qwen3-1.7B-nothink|summary_prompt|N5|419,Qwen3-1.7B-nothink,summary_prompt,5,partC_Qwen3-1.7B-nothink__summary_prompt__N5.json,419,9
Qwen3-1.7B-nothink|summary_prompt|N5|420,Qwen3-1.7B-nothink,summary_prompt,5,partC_Qwen3-1.7B-nothink__summary_prompt__N5.json,420,10
Qwen3-1.7B-nothink|summary_prompt|N5|421,Qwen3-1.7B-nothink,summary_prompt,5,partC_Qwen3-1.7B-nothink__summary_prompt__N5.json,421,9
Qwen3-1.7B-nothink|summary_prompt|N5|422,Qwen3-1.7B-nothink,summary_prompt,5,partC_Qwen3-1.7B-nothink__summary_prompt__N5.json,422,9
Qwen3-1.7B-nothink|summary_prompt|N5|423,Qwen3-1.7B-nothink,summary_prompt,5,partC_Qwen3-1.7B-nothink__summary_prompt__N5.json,423,10
Qwen3-1.7B-nothink|summary_prompt|N5|424,Qwen3-1.7B-nothink,summary_prompt,5,partC_Qwen3-1.7B-nothink__summary_prompt__N5.json,424,7
Qwen3-1.7B-nothink|summary_prompt|N5|425,Qwen3-1.7B-nothink,summary_prompt,5,partC_Qwen3-1.7B-nothink__summary_prompt__N5.json,425,10
Qwen3-1.7B-nothink|summary_prompt|N5|426,Qwen3-1.7B-nothink,summary_prompt,5,partC_Qwen3-1.7B-nothink__summary_prompt__N5.json,426,10
Qwen3-1.7B-nothink|summary_prompt|N5|427,Qwen3-1.7B-nothink,summary_prompt,5,partC_Qwen3-1.7B-nothink__summary_prompt__N5.json,427,9
Qwen3-1.7B-nothink|summary_prompt|N5|428,Qwen3-1.7B-nothink,summary_prompt,5,partC_Qwen3-1.7B-nothink__summary_prompt__N5.json,428,9
Qwen3-1.7B-nothink|summary_prompt|N5|429,Qwen3-1.7B-nothink,summary_prompt,5,partC_Qwen3-1.7B-nothink__summary_prompt__N5.json,429,9
Qwen3-1.7B-nothink|summary_prompt|N5|430,Qwen3-1.7B-nothink,summary_prompt,5,partC_Qwen3-1.7B-nothink__summary_prompt__N5.json,430,10
Qwen3-1.7B-nothink|summary_prompt|N5|431,Qwen3-1.7B-nothink,summary_prompt,5,partC_Qwen3-1.7B-nothink__summary_prompt__N5.json,431,9
Qwen3-1.7B-nothink|summary_prompt|N5|432,Qwen3-1.7B-nothink,summary_prompt,5,partC_Qwen3-1.7B-nothink__summary_prompt__N5.json,432,9
Qwen3-1.7B-nothink|summary_prompt|N5|433,Qwen3-1.7B-nothink,summary_prompt,5,partC_Qwen3-1.7B-nothink__summary_prompt__N5.json,433,9
Qwen3-1.7B-nothink|summary_prompt|N5|434,Qwen3-1.7B-nothink,summary_prompt,5,partC_Qwen3-1.7B-nothink__summary_prompt__N5.json,434,9
Qwen3-1.7B-nothink|summary_prompt|N5|435,Qwen3-1.7B-nothink,summary_prompt,5,partC_Qwen3-1.7B-nothink__summary_prompt__N5.json,435,9
Qwen3-1.7B-nothink|summary_prompt|N5|436,Qwen3-1.7B-nothink,summary_prompt,5,partC_Qwen3-1.7B-nothink__summary_prompt__N5.json,436,10
Qwen3-1.7B-nothink|summary_prompt|N5|437,Qwen3-1.7B-nothink,summary_prompt,5,partC_Qwen3-1.7B-nothink__summary_prompt__N5.json,437,9
Qwen3-1.7B-nothink|summary_prompt|N5|438,Qwen3-1.7B-nothink,summary_prompt,5,partC_Qwen3-1.7B-nothink__summary_prompt__N5.json,438,9
Qwen3-1.7B-nothink|summary_prompt|N5|439,Qwen3-1.7B-nothink,summary_prompt,5,partC_Qwen3-1.7B-nothink__summary_prompt__N5.json,439,9
Qwen3-1.7B-nothink|summary_prompt|N5|440,Qwen3-1.7B-nothink,summary_prompt,5,partC_Qwen3-1.7B-nothink__summary_prompt__N5.json,440,9
Qwen3-1.7B-nothink|summary_prompt|N5|441,Qwen3-1.7B-nothink,summary_prompt,5,partC_Qwen3-1.7B-nothink__summary_prompt__N5.json,441,8
Qwen3-1.7B-nothink|summary_prompt|N5|442,Qwen3-1.7B-nothink,summary_prompt,5,partC_Qwen3-1.7B-nothink__summary_prompt__N5.json,442,8
Qwen3-1.7B-nothink|summary_prompt|N5|443,Qwen3-1.7B-nothink,summary_prompt,5,partC_Qwen3-1.7B-nothink__summary_prompt__N5.json,443,9
Qwen3-1.7B-nothink|summary_prompt|N5|444,Qwen3-1.7B-nothink,summary_prompt,5,partC_Qwen3-1.7B-nothink__summary_prompt__N5.json,444,9
Qwen3-1.7B-nothink|summary_prompt|N5|445,Qwen3-1.7B-nothink,summary_prompt,5,partC_Qwen3-1.7B-nothink__summary_prompt__N5.json,445,8
Qwen3-1.7B-nothink|summary_prompt|N5|446,Qwen3-1.7B-nothink,summary_prompt,5,partC_Qwen3-1.7B-nothink__summary_prompt__N5.json,446,9
Qwen3-1.7B-nothink|summary_prompt|N5|447,Qwen3-1.7B-nothink,summary_prompt,5,partC_Qwen3-1.7B-nothink__summary_prompt__N5.json,447,9
Qwen3-1.7B-nothink|summary_prompt|N5|448,Qwen3-1.7B-nothink,summary_prompt,5,partC_Qwen3-1.7B-nothink__summary_prompt__N5.json,448,9
Qwen3-1.7B-nothink|summary_prompt|N5|449,Qwen3-1.7B-nothink,summary_prompt,5,partC_Qwen3-1.7B-nothink__summary_prompt__N5.json,449,9
Qwen3-1.7B-nothink|summary_prompt|N5|450,Qwen3-1.7B-nothink,summary_prompt,5,partC_Qwen3-1.7B-nothink__summary_prompt__N5.json,450,9
Qwen3-1.7B-nothink|summary_prompt|N5|451,Qwen3-1.7B-nothink,summary_prompt,5,partC_Qwen3-1.7B-nothink__summary_prompt__N5.json,451,9
Qwen3-1.7B-nothink|summary_prompt|N5|452,Qwen3-1.7B-nothink,summary_prompt,5,partC_Qwen3-1.7B-nothink__summary_prompt__N5.json,452,9
Qwen3-1.7B-nothink|summary_prompt|N5|453,Qwen3-1.7B-nothink,summary_prompt,5,partC_Qwen3-1.7B-nothink__summary_prompt__N5.json,453,8
Qwen3-1.7B-nothink|summary_prompt|N5|454,Qwen3-1.7B-nothink,summary_prompt,5,partC_Qwen3-1.7B-nothink__summary_prompt__N5.json,454,9
Qwen3-1.7B-nothink|summary_prompt|N5|455,Qwen3-1.7B-nothink,summary_prompt,5,partC_Qwen3-1.7B-nothink__summary_prompt__N5.json,455,7
Qwen3-1.7B-nothink|summary_prompt|N5|456,Qwen3-1.7B-nothink,summary_prompt,5,partC_Qwen3-1.7B-nothink__summary_prompt__N5.json,456,9
Qwen3-1.7B-nothink|summary_prompt|N5|457,Qwen3-1.7B-nothink,summary_prompt,5,partC_Qwen3-1.7B-nothink__summary_prompt__N5.json,457,7
Qwen3-1.7B-nothink|summary_prompt|N5|458,Qwen3-1.7B-nothink,summary_prompt,5,partC_Qwen3-1.7B-nothink__summary_prompt__N5.json,458,9
Qwen3-1.7B-nothink|summary_prompt|N5|459,Qwen3-1.7B-nothink,summary_prompt,5,partC_Qwen3-1.7B-nothink__summary_prompt__N5.json,459,9
Qwen3-1.7B-nothink|summary_prompt|N5|460,Qwen3-1.7B-nothink,summary_prompt,5,partC_Qwen3-1.7B-nothink__summary_prompt__N5.json,460,10
Qwen3-1.7B-nothink|summary_prompt|N5|461,Qwen3-1.7B-nothink,summary_prompt,5,partC_Qwen3-1.7B-nothink__summary_prompt__N5.json,461,9
Qwen3-1.7B-nothink|summary_prompt|N5|462,Qwen3-1.7B-nothink,summary_prompt,5,partC_Qwen3-1.7B-nothink__summary_prompt__N5.json,462,10
Qwen3-1.7B-nothink|summary_prompt|N5|463,Qwen3-1.7B-nothink,summary_prompt,5,partC_Qwen3-1.7B-nothink__summary_prompt__N5.json,463,10
Qwen3-1.7B-nothink|summary_prompt|N5|464,Qwen3-1.7B-nothink,summary_prompt,5,partC_Qwen3-1.7B-nothink__summary_prompt__N5.json,464,10
Qwen3-1.7B-nothink|summary_prompt|N5|465,Qwen3-1.7B-nothink,summary_prompt,5,partC_Qwen3-1.7B-nothink__summary_prompt__N5.json,465,10
Qwen3-1.7B-nothink|summary_prompt|N5|466,Qwen3-1.7B-nothink,summary_prompt,5,partC_Qwen3-1.7B-nothink__summary_prompt__N5.json,466,10
Qwen3-1.7B-nothink|summary_prompt|N5|467,Qwen3-1.7B-nothink,summary_prompt,5,partC_Qwen3-1.7B-nothink__summary_prompt__N5.json,467,9
Qwen3-1.7B-nothink|summary_prompt|N5|468,Qwen3-1.7B-nothink,summary_prompt,5,partC_Qwen3-1.7B-nothink__summary_prompt__N5.json,468,10
Qwen3-1.7B-nothink|summary_prompt|N5|469,Qwen3-1.7B-nothink,summary_prompt,5,partC_Qwen3-1.7B-nothink__summary_prompt__N5.json,469,9
Qwen3-1.7B-nothink|summary_prompt|N5|470,Qwen3-1.7B-nothink,summary_prompt,5,partC_Qwen3-1.7B-nothink__summary_prompt__N5.json,470,9
Qwen3-1.7B-nothink|summary_prompt|N5|471,Qwen3-1.7B-nothink,summary_prompt,5,partC_Qwen3-1.7B-nothink__summary_prompt__N5.json,471,9
Qwen3-1.7B-nothink|summary_prompt|N5|472,Qwen3-1.7B-nothink,summary_prompt,5,partC_Qwen3-1.7B-nothink__summary_prompt__N5.json,472,10
Qwen3-1.7B-nothink|summary_prompt|N5|473,Qwen3-1.7B-nothink,summary_prompt,5,partC_Qwen3-1.7B-nothink__summary_prompt__N5.json,473,10
Qwen3-1.7B-nothink|summary_prompt|N5|474,Qwen3-1.7B-nothink,summary_prompt,5,partC_Qwen3-1.7B-nothink__summary_prompt__N5.json,474,10
Qwen3-1.7B-nothink|summary_prompt|N5|475,Qwen3-1.7B-nothink,summary_prompt,5,partC_Qwen3-1.7B-nothink__summary_prompt__N5.json,475,9
Qwen3-1.7B-nothink|summary_prompt|N5|476,Qwen3-1.7B-nothink,summary_prompt,5,partC_Qwen3-1.7B-nothink__summary_prompt__N5.json,476,10
Qwen3-1.7B-nothink|summary_prompt|N5|477,Qwen3-1.7B-nothink,summary_prompt,5,partC_Qwen3-1.7B-nothink__summary_prompt__N5.json,477,6
Qwen3-1.7B-nothink|summary_prompt|N5|478,Qwen3-1.7B-nothink,summary_prompt,5,partC_Qwen3-1.7B-nothink__summary_prompt__N5.json,478,9
Qwen3-1.7B-nothink|summary_prompt|N5|479,Qwen3-1.7B-nothink,summary_prompt,5,partC_Qwen3-1.7B-nothink__summary_prompt__N5.json,479,9
Qwen3-1.7B-think|summary_prompt|N1|0,Qwen3-1.7B-think,summary_prompt,1,partC_Qwen3-1.7B-think__summary_prompt__N1.json,0,9
Qwen3-1.7B-think|summary_prompt|N1|1,Qwen3-1.7B-think,summary_prompt,1,partC_Qwen3-1.7B-think__summary_prompt__N1.json,1,9
Qwen3-1.7B-think|summary_prompt|N1|2,Qwen3-1.7B-think,summary_prompt,1,partC_Qwen3-1.7B-think__summary_prompt__N1.json,2,3
Qwen3-1.7B-think|summary_prompt|N1|3,Qwen3-1.7B-think,summary_prompt,1,partC_Qwen3-1.7B-think__summary_prompt__N1.json,3,9
Qwen3-1.7B-think|summary_prompt|N1|4,Qwen3-1.7B-think,summary_prompt,1,partC_Qwen3-1.7B-think__summary_prompt__N1.json,4,9
Qwen3-1.7B-think|summary_prompt|N1|5,Qwen3-1.7B-think,summary_prompt,1,partC_Qwen3-1.7B-think__summary_prompt__N1.json,5,9
Qwen3-1.7B-think|summary_prompt|N1|6,Qwen3-1.7B-think,summary_prompt,1,partC_Qwen3-1.7B-think__summary_prompt__N1.json,6,9
Qwen3-1.7B-think|summary_prompt|N1|7,Qwen3-1.7B-think,summary_prompt,1,partC_Qwen3-1.7B-think__summary_prompt__N1.json,7,9
Qwen3-1.7B-think|summary_prompt|N1|8,Qwen3-1.7B-think,summary_prompt,1,partC_Qwen3-1.7B-think__summary_prompt__N1.json,8,9
Qwen3-1.7B-think|summary_prompt|N1|9,Qwen3-1.7B-think,summary_prompt,1,partC_Qwen3-1.7B-think__summary_prompt__N1.json,9,9
Qwen3-1.7B-think|summary_prompt|N1|10,Qwen3-1.7B-think,summary_prompt,1,partC_Qwen3-1.7B-think__summary_prompt__N1.json,10,9
Qwen3-1.7B-think|summary_prompt|N1|11,Qwen3-1.7B-think,summary_prompt,1,partC_Qwen3-1.7B-think__summary_prompt__N1.json,11,9
Qwen3-1.7B-think|summary_prompt|N1|12,Qwen3-1.7B-think,summary_prompt,1,partC_Qwen3-1.7B-think__summary_prompt__N1.json,12,9
Qwen3-1.7B-think|summary_prompt|N1|13,Qwen3-1.7B-think,summary_prompt,1,partC_Qwen3-1.7B-think__summary_prompt__N1.json,13,9
Qwen3-1.7B-think|summary_prompt|N1|14,Qwen3-1.7B-think,summary_prompt,1,partC_Qwen3-1.7B-think__summary_prompt__N1.json,14,9
Qwen3-1.7B-think|summary_prompt|N1|15,Qwen3-1.7B-think,summary_prompt,1,partC_Qwen3-1.7B-think__summary_prompt__N1.json,15,10
Qwen3-1.7B-think|summary_prompt|N1|16,Qwen3-1.7B-think,summary_prompt,1,partC_Qwen3-1.7B-think__summary_prompt__N1.json,16,10
Qwen3-1.7B-think|summary_prompt|N1|17,Qwen3-1.7B-think,summary_prompt,1,partC_Qwen3-1.7B-think__summary_prompt__N1.json,17,9
Qwen3-1.7B-think|summary_prompt|N1|18,Qwen3-1.7B-think,summary_prompt,1,partC_Qwen3-1.7B-think__summary_prompt__N1.json,18,10
Qwen3-1.7B-think|summary_prompt|N1|19,Qwen3-1.7B-think,summary_prompt,1,partC_Qwen3-1.7B-think__summary_prompt__N1.json,19,9
Qwen3-1.7B-think|summary_prompt|N1|20,Qwen3-1.7B-think,summary_prompt,1,partC_Qwen3-1.7B-think__summary_prompt__N1.json,20,9
Qwen3-1.7B-think|summary_prompt|N1|21,Qwen3-1.7B-think,summary_prompt,1,partC_Qwen3-1.7B-think__summary_prompt__N1.json,21,9
Qwen3-1.7B-think|summary_prompt|N1|22,Qwen3-1.7B-think,summary_prompt,1,partC_Qwen3-1.7B-think__summary_prompt__N1.json,22,9
Qwen3-1.7B-think|summary_prompt|N1|23,Qwen3-1.7B-think,summary_prompt,1,partC_Qwen3-1.7B-think__summary_prompt__N1.json,23,9
Qwen3-1.7B-think|summary_prompt|N1|24,Qwen3-1.7B-think,summary_prompt,1,partC_Qwen3-1.7B-think__summary_prompt__N1.json,24,9
Qwen3-1.7B-think|summary_prompt|N1|25,Qwen3-1.7B-think,summary_prompt,1,partC_Qwen3-1.7B-think__summary_prompt__N1.json,25,9
Qwen3-1.7B-think|summary_prompt|N1|26,Qwen3-1.7B-think,summary_prompt,1,partC_Qwen3-1.7B-think__summary_prompt__N1.json,26,9
Qwen3-1.7B-think|summary_prompt|N1|27,Qwen3-1.7B-think,summary_prompt,1,partC_Qwen3-1.7B-think__summary_prompt__N1.json,27,8
Qwen3-1.7B-think|summary_prompt|N1|28,Qwen3-1.7B-think,summary_prompt,1,partC_Qwen3-1.7B-think__summary_prompt__N1.json,28,4
Qwen3-1.7B-think|summary_prompt|N1|29,Qwen3-1.7B-think,summary_prompt,1,partC_Qwen3-1.7B-think__summary_prompt__N1.json,29,9
Qwen3-1.7B-think|summary_prompt|N1|30,Qwen3-1.7B-think,summary_prompt,1,partC_Qwen3-1.7B-think__summary_prompt__N1.json,30,10
Qwen3-1.7B-think|summary_prompt|N1|31,Qwen3-1.7B-think,summary_prompt,1,partC_Qwen3-1.7B-think__summary_prompt__N1.json,31,1
Qwen3-1.7B-think|summary_prompt|N1|32,Qwen3-1.7B-think,summary_prompt,1,partC_Qwen3-1.7B-think__summary_prompt__N1.json,32,9
Qwen3-1.7B-think|summary_prompt|N1|33,Qwen3-1.7B-think,summary_prompt,1,partC_Qwen3-1.7B-think__summary_prompt__N1.json,33,9
Qwen3-1.7B-think|summary_prompt|N1|34,Qwen3-1.7B-think,summary_prompt,1,partC_Qwen3-1.7B-think__summary_prompt__N1.json,34,9
Qwen3-1.7B-think|summary_prompt|N1|35,Qwen3-1.7B-think,summary_prompt,1,partC_Qwen3-1.7B-think__summary_prompt__N1.json,35,9
Qwen3-1.7B-think|summary_prompt|N1|36,Qwen3-1.7B-think,summary_prompt,1,partC_Qwen3-1.7B-think__summary_prompt__N1.json,36,9
Qwen3-1.7B-think|summary_prompt|N1|37,Qwen3-1.7B-think,summary_prompt,1,partC_Qwen3-1.7B-think__summary_prompt__N1.json,37,9
Qwen3-1.7B-think|summary_prompt|N1|38,Qwen3-1.7B-think,summary_prompt,1,partC_Qwen3-1.7B-think__summary_prompt__N1.json,38,9
Qwen3-1.7B-think|summary_prompt|N1|39,Qwen3-1.7B-think,summary_prompt,1,partC_Qwen3-1.7B-think__summary_prompt__N1.json,39,1
Qwen3-1.7B-think|summary_prompt|N1|40,Qwen3-1.7B-think,summary_prompt,1,partC_Qwen3-1.7B-think__summary_prompt__N1.json,40,9
Qwen3-1.7B-think|summary_prompt|N1|41,Qwen3-1.7B-think,summary_prompt,1,partC_Qwen3-1.7B-think__summary_prompt__N1.json,41,9
Qwen3-1.7B-think|summary_prompt|N1|42,Qwen3-1.7B-think,summary_prompt,1,partC_Qwen3-1.7B-think__summary_prompt__N1.json,42,6
Qwen3-1.7B-think|summary_prompt|N1|43,Qwen3-1.7B-think,summary_prompt,1,partC_Qwen3-1.7B-think__summary_prompt__N1.json,43,9
Qwen3-1.7B-think|summary_prompt|N1|44,Qwen3-1.7B-think,summary_prompt,1,partC_Qwen3-1.7B-think__summary_prompt__N1.json,44,9
Qwen3-1.7B-think|summary_prompt|N1|45,Qwen3-1.7B-think,summary_prompt,1,partC_Qwen3-1.7B-think__summary_prompt__N1.json,45,9
Qwen3-1.7B-think|summary_prompt|N1|46,Qwen3-1.7B-think,summary_prompt,1,partC_Qwen3-1.7B-think__summary_prompt__N1.json,46,6
Qwen3-1.7B-think|summary_prompt|N1|47,Qwen3-1.7B-think,summary_prompt,1,partC_Qwen3-1.7B-think__summary_prompt__N1.json,47,9
Qwen3-1.7B-think|summary_prompt|N1|48,Qwen3-1.7B-think,summary_prompt,1,partC_Qwen3-1.7B-think__summary_prompt__N1.json,48,9
Qwen3-1.7B-think|summary_prompt|N1|49,Qwen3-1.7B-think,summary_prompt,1,partC_Qwen3-1.7B-think__summary_prompt__N1.json,49,9
Qwen3-1.7B-think|summary_prompt|N1|50,Qwen3-1.7B-think,summary_prompt,1,partC_Qwen3-1.7B-think__summary_prompt__N1.json,50,7
Qwen3-1.7B-think|summary_prompt|N1|51,Qwen3-1.7B-think,summary_prompt,1,partC_Qwen3-1.7B-think__summary_prompt__N1.json,51,9
Qwen3-1.7B-think|summary_prompt|N1|52,Qwen3-1.7B-think,summary_prompt,1,partC_Qwen3-1.7B-think__summary_prompt__N1.json,52,6
Qwen3-1.7B-think|summary_prompt|N1|53,Qwen3-1.7B-think,summary_prompt,1,partC_Qwen3-1.7B-think__summary_prompt__N1.json,53,7
Qwen3-1.7B-think|summary_prompt|N1|54,Qwen3-1.7B-think,summary_prompt,1,partC_Qwen3-1.7B-think__summary_prompt__N1.json,54,7
Qwen3-1.7B-think|summary_prompt|N1|55,Qwen3-1.7B-think,summary_prompt,1,partC_Qwen3-1.7B-think__summary_prompt__N1.json,55,9
Qwen3-1.7B-think|summary_prompt|N1|56,Qwen3-1.7B-think,summary_prompt,1,partC_Qwen3-1.7B-think__summary_prompt__N1.json,56,9
Qwen3-1.7B-think|summary_prompt|N1|57,Qwen3-1.7B-think,summary_prompt,1,partC_Qwen3-1.7B-think__summary_prompt__N1.json,57,10
Qwen3-1.7B-think|summary_prompt|N1|58,Qwen3-1.7B-think,summary_prompt,1,partC_Qwen3-1.7B-think__summary_prompt__N1.json,58,4
Qwen3-1.7B-think|summary_prompt|N1|59,Qwen3-1.7B-think,summary_prompt,1,partC_Qwen3-1.7B-think__summary_prompt__N1.json,59,9
Qwen3-1.7B-think|summary_prompt|N1|60,Qwen3-1.7B-think,summary_prompt,1,partC_Qwen3-1.7B-think__summary_prompt__N1.json,60,9
Qwen3-1.7B-think|summary_prompt|N1|61,Qwen3-1.7B-think,summary_prompt,1,partC_Qwen3-1.7B-think__summary_prompt__N1.json,61,9
Qwen3-1.7B-think|summary_prompt|N1|62,Qwen3-1.7B-think,summary_prompt,1,partC_Qwen3-1.7B-think__summary_prompt__N1.json,62,9
Qwen3-1.7B-think|summary_prompt|N1|63,Qwen3-1.7B-think,summary_prompt,1,partC_Qwen3-1.7B-think__summary_prompt__N1.json,63,9
Qwen3-1.7B-think|summary_prompt|N1|64,Qwen3-1.7B-think,summary_prompt,1,partC_Qwen3-1.7B-think__summary_prompt__N1.json,64,9
Qwen3-1.7B-think|summary_prompt|N1|65,Qwen3-1.7B-think,summary_prompt,1,partC_Qwen3-1.7B-think__summary_prompt__N1.json,65,9
Qwen3-1.7B-think|summary_prompt|N1|66,Qwen3-1.7B-think,summary_prompt,1,partC_Qwen3-1.7B-think__summary_prompt__N1.json,66,9
Qwen3-1.7B-think|summary_prompt|N1|67,Qwen3-1.7B-think,summary_prompt,1,partC_Qwen3-1.7B-think__summary_prompt__N1.json,67,9
Qwen3-1.7B-think|summary_prompt|N1|68,Qwen3-1.7B-think,summary_prompt,1,partC_Qwen3-1.7B-think__summary_prompt__N1.json,68,9
Qwen3-1.7B-think|summary_prompt|N1|69,Qwen3-1.7B-think,summary_prompt,1,partC_Qwen3-1.7B-think__summary_prompt__N1.json,69,9
Qwen3-1.7B-think|summary_prompt|N1|70,Qwen3-1.7B-think,summary_prompt,1,partC_Qwen3-1.7B-think__summary_prompt__N1.json,70,9
Qwen3-1.7B-think|summary_prompt|N1|71,Qwen3-1.7B-think,summary_prompt,1,partC_Qwen3-1.7B-think__summary_prompt__N1.json,71,8
Qwen3-1.7B-think|summary_prompt|N1|72,Qwen3-1.7B-think,summary_prompt,1,partC_Qwen3-1.7B-think__summary_prompt__N1.json,72,9
Qwen3-1.7B-think|summary_prompt|N1|73,Qwen3-1.7B-think,summary_prompt,1,partC_Qwen3-1.7B-think__summary_prompt__N1.json,73,9
Qwen3-1.7B-think|summary_prompt|N1|74,Qwen3-1.7B-think,summary_prompt,1,partC_Qwen3-1.7B-think__summary_prompt__N1.json,74,9
Qwen3-1.7B-think|summary_prompt|N1|75,Qwen3-1.7B-think,summary_prompt,1,partC_Qwen3-1.7B-think__summary_prompt__N1.json,75,7
Qwen3-1.7B-think|summary_prompt|N1|76,Qwen3-1.7B-think,summary_prompt,1,partC_Qwen3-1.7B-think__summary_prompt__N1.json,76,9
Qwen3-1.7B-think|summary_prompt|N1|77,Qwen3-1.7B-think,summary_prompt,1,partC_Qwen3-1.7B-think__summary_prompt__N1.json,77,6
Qwen3-1.7B-think|summary_prompt|N1|78,Qwen3-1.7B-think,summary_prompt,1,partC_Qwen3-1.7B-think__summary_prompt__N1.json,78,9
Qwen3-1.7B-think|summary_prompt|N1|79,Qwen3-1.7B-think,summary_prompt,1,partC_Qwen3-1.7B-think__summary_prompt__N1.json,79,9
Qwen3-1.7B-think|summary_prompt|N1|80,Qwen3-1.7B-think,summary_prompt,1,partC_Qwen3-1.7B-think__summary_prompt__N1.json,80,9
Qwen3-1.7B-think|summary_prompt|N1|81,Qwen3-1.7B-think,summary_prompt,1,partC_Qwen3-1.7B-think__summary_prompt__N1.json,81,9
Qwen3-1.7B-think|summary_prompt|N1|82,Qwen3-1.7B-think,summary_prompt,1,partC_Qwen3-1.7B-think__summary_prompt__N1.json,82,9
Qwen3-1.7B-think|summary_prompt|N1|83,Qwen3-1.7B-think,summary_prompt,1,partC_Qwen3-1.7B-think__summary_prompt__N1.json,83,9
Qwen3-1.7B-think|summary_prompt|N1|84,Qwen3-1.7B-think,summary_prompt,1,partC_Qwen3-1.7B-think__summary_prompt__N1.json,84,9
Qwen3-1.7B-think|summary_prompt|N1|85,Qwen3-1.7B-think,summary_prompt,1,partC_Qwen3-1.7B-think__summary_prompt__N1.json,85,9
Qwen3-1.7B-think|summary_prompt|N1|86,Qwen3-1.7B-think,summary_prompt,1,partC_Qwen3-1.7B-think__summary_prompt__N1.json,86,9
Qwen3-1.7B-think|summary_prompt|N1|87,Qwen3-1.7B-think,summary_prompt,1,partC_Qwen3-1.7B-think__summary_prompt__N1.json,87,9
Qwen3-1.7B-think|summary_prompt|N1|88,Qwen3-1.7B-think,summary_prompt,1,partC_Qwen3-1.7B-think__summary_prompt__N1.json,88,9
Qwen3-1.7B-think|summary_prompt|N1|89,Qwen3-1.7B-think,summary_prompt,1,partC_Qwen3-1.7B-think__summary_prompt__N1.json,89,9
Qwen3-1.7B-think|summary_prompt|N1|90,Qwen3-1.7B-think,summary_prompt,1,partC_Qwen3-1.7B-think__summary_prompt__N1.json,90,9
Qwen3-1.7B-think|summary_prompt|N1|91,Qwen3-1.7B-think,summary_prompt,1,partC_Qwen3-1.7B-think__summary_prompt__N1.json,91,10
Qwen3-1.7B-think|summary_prompt|N1|92,Qwen3-1.7B-think,summary_prompt,1,partC_Qwen3-1.7B-think__summary_prompt__N1.json,92,7
Qwen3-1.7B-think|summary_prompt|N1|93,Qwen3-1.7B-think,summary_prompt,1,partC_Qwen3-1.7B-think__summary_prompt__N1.json,93,9
Qwen3-1.7B-think|summary_prompt|N1|94,Qwen3-1.7B-think,summary_prompt,1,partC_Qwen3-1.7B-think__summary_prompt__N1.json,94,9
Qwen3-1.7B-think|summary_prompt|N1|95,Qwen3-1.7B-think,summary_prompt,1,partC_Qwen3-1.7B-think__summary_prompt__N1.json,95,9
Qwen3-1.7B-think|summary_prompt|N1|96,Qwen3-1.7B-think,summary_prompt,1,partC_Qwen3-1.7B-think__summary_prompt__N1.json,96,9
Qwen3-1.7B-think|summary_prompt|N1|97,Qwen3-1.7B-think,summary_prompt,1,partC_Qwen3-1.7B-think__summary_prompt__N1.json,97,9
Qwen3-1.7B-think|summary_prompt|N1|98,Qwen3-1.7B-think,summary_prompt,1,partC_Qwen3-1.7B-think__summary_prompt__N1.json,98,9
Qwen3-1.7B-think|summary_prompt|N1|99,Qwen3-1.7B-think,summary_prompt,1,partC_Qwen3-1.7B-think__summary_prompt__N1.json,99,9
Qwen3-1.7B-think|summary_prompt|N1|100,Qwen3-1.7B-think,summary_prompt,1,partC_Qwen3-1.7B-think__summary_prompt__N1.json,100,10
Qwen3-1.7B-think|summary_prompt|N1|101,Qwen3-1.7B-think,summary_prompt,1,partC_Qwen3-1.7B-think__summary_prompt__N1.json,101,9
Qwen3-1.7B-think|summary_prompt|N1|102,Qwen3-1.7B-think,summary_prompt,1,partC_Qwen3-1.7B-think__summary_prompt__N1.json,102,9
Qwen3-1.7B-think|summary_prompt|N1|103,Qwen3-1.7B-think,summary_prompt,1,partC_Qwen3-1.7B-think__summary_prompt__N1.json,103,10
Qwen3-1.7B-think|summary_prompt|N1|104,Qwen3-1.7B-think,summary_prompt,1,partC_Qwen3-1.7B-think__summary_prompt__N1.json,104,9
Qwen3-1.7B-think|summary_prompt|N1|105,Qwen3-1.7B-think,summary_prompt,1,partC_Qwen3-1.7B-think__summary_prompt__N1.json,105,9
Qwen3-1.7B-think|summary_prompt|N1|106,Qwen3-1.7B-think,summary_prompt,1,partC_Qwen3-1.7B-think__summary_prompt__N1.json,106,10
Qwen3-1.7B-think|summary_prompt|N1|107,Qwen3-1.7B-think,summary_prompt,1,partC_Qwen3-1.7B-think__summary_prompt__N1.json,107,9
Qwen3-1.7B-think|summary_prompt|N1|108,Qwen3-1.7B-think,summary_prompt,1,partC_Qwen3-1.7B-think__summary_prompt__N1.json,108,9
Qwen3-1.7B-think|summary_prompt|N1|109,Qwen3-1.7B-think,summary_prompt,1,partC_Qwen3-1.7B-think__summary_prompt__N1.json,109,9
Qwen3-1.7B-think|summary_prompt|N1|110,Qwen3-1.7B-think,summary_prompt,1,partC_Qwen3-1.7B-think__summary_prompt__N1.json,110,9
Qwen3-1.7B-think|summary_prompt|N1|111,Qwen3-1.7B-think,summary_prompt,1,partC_Qwen3-1.7B-think__summary_prompt__N1.json,111,9
Qwen3-1.7B-think|summary_prompt|N1|112,Qwen3-1.7B-think,summary_prompt,1,partC_Qwen3-1.7B-think__summary_prompt__N1.json,112,10
Qwen3-1.7B-think|summary_prompt|N1|113,Qwen3-1.7B-think,summary_prompt,1,partC_Qwen3-1.7B-think__summary_prompt__N1.json,113,9
Qwen3-1.7B-think|summary_prompt|N1|114,Qwen3-1.7B-think,summary_prompt,1,partC_Qwen3-1.7B-think__summary_prompt__N1.json,114,10
Qwen3-1.7B-think|summary_prompt|N1|115,Qwen3-1.7B-think,summary_prompt,1,partC_Qwen3-1.7B-think__summary_prompt__N1.json,115,10
Qwen3-1.7B-think|summary_prompt|N1|116,Qwen3-1.7B-think,summary_prompt,1,partC_Qwen3-1.7B-think__summary_prompt__N1.json,116,9
Qwen3-1.7B-think|summary_prompt|N1|117,Qwen3-1.7B-think,summary_prompt,1,partC_Qwen3-1.7B-think__summary_prompt__N1.json,117,9
Qwen3-1.7B-think|summary_prompt|N1|118,Qwen3-1.7B-think,summary_prompt,1,partC_Qwen3-1.7B-think__summary_prompt__N1.json,118,9
Qwen3-1.7B-think|summary_prompt|N1|119,Qwen3-1.7B-think,summary_prompt,1,partC_Qwen3-1.7B-think__summary_prompt__N1.json,119,9
Qwen3-1.7B-think|summary_prompt|N1|120,Qwen3-1.7B-think,summary_prompt,1,partC_Qwen3-1.7B-think__summary_prompt__N1.json,120,10
Qwen3-1.7B-think|summary_prompt|N1|121,Qwen3-1.7B-think,summary_prompt,1,partC_Qwen3-1.7B-think__summary_prompt__N1.json,121,9
Qwen3-1.7B-think|summary_prompt|N1|122,Qwen3-1.7B-think,summary_prompt,1,partC_Qwen3-1.7B-think__summary_prompt__N1.json,122,10
Qwen3-1.7B-think|summary_prompt|N1|123,Qwen3-1.7B-think,summary_prompt,1,partC_Qwen3-1.7B-think__summary_prompt__N1.json,123,9
Qwen3-1.7B-think|summary_prompt|N1|124,Qwen3-1.7B-think,summary_prompt,1,partC_Qwen3-1.7B-think__summary_prompt__N1.json,124,10
Qwen3-1.7B-think|summary_prompt|N1|125,Qwen3-1.7B-think,summary_prompt,1,partC_Qwen3-1.7B-think__summary_prompt__N1.json,125,10
Qwen3-1.7B-think|summary_prompt|N1|126,Qwen3-1.7B-think,summary_prompt,1,partC_Qwen3-1.7B-think__summary_prompt__N1.json,126,10
Qwen3-1.7B-think|summary_prompt|N1|127,Qwen3-1.7B-think,summary_prompt,1,partC_Qwen3-1.7B-think__summary_prompt__N1.json,127,9
Qwen3-1.7B-think|summary_prompt|N1|128,Qwen3-1.7B-think,summary_prompt,1,partC_Qwen3-1.7B-think__summary_prompt__N1.json,128,9
Qwen3-1.7B-think|summary_prompt|N1|129,Qwen3-1.7B-think,summary_prompt,1,partC_Qwen3-1.7B-think__summary_prompt__N1.json,129,10
Qwen3-1.7B-think|summary_prompt|N1|130,Qwen3-1.7B-think,summary_prompt,1,partC_Qwen3-1.7B-think__summary_prompt__N1.json,130,9
Qwen3-1.7B-think|summary_prompt|N1|131,Qwen3-1.7B-think,summary_prompt,1,partC_Qwen3-1.7B-think__summary_prompt__N1.json,131,9
Qwen3-1.7B-think|summary_prompt|N1|132,Qwen3-1.7B-think,summary_prompt,1,partC_Qwen3-1.7B-think__summary_prompt__N1.json,132,9
Qwen3-1.7B-think|summary_prompt|N1|133,Qwen3-1.7B-think,summary_prompt,1,partC_Qwen3-1.7B-think__summary_prompt__N1.json,133,10
Qwen3-1.7B-think|summary_prompt|N1|134,Qwen3-1.7B-think,summary_prompt,1,partC_Qwen3-1.7B-think__summary_prompt__N1.json,134,10
Qwen3-1.7B-think|summary_prompt|N1|135,Qwen3-1.7B-think,summary_prompt,1,partC_Qwen3-1.7B-think__summary_prompt__N1.json,135,9
Qwen3-1.7B-think|summary_prompt|N1|136,Qwen3-1.7B-think,summary_prompt,1,partC_Qwen3-1.7B-think__summary_prompt__N1.json,136,10
Qwen3-1.7B-think|summary_prompt|N1|137,Qwen3-1.7B-think,summary_prompt,1,partC_Qwen3-1.7B-think__summary_prompt__N1.json,137,9
Qwen3-1.7B-think|summary_prompt|N1|138,Qwen3-1.7B-think,summary_prompt,1,partC_Qwen3-1.7B-think__summary_prompt__N1.json,138,10
Qwen3-1.7B-think|summary_prompt|N1|139,Qwen3-1.7B-think,summary_prompt,1,partC_Qwen3-1.7B-think__summary_prompt__N1.json,139,9
Qwen3-1.7B-think|summary_prompt|N1|140,Qwen3-1.7B-think,summary_prompt,1,partC_Qwen3-1.7B-think__summary_prompt__N1.json,140,9
Qwen3-1.7B-think|summary_prompt|N1|141,Qwen3-1.7B-think,summary_prompt,1,partC_Qwen3-1.7B-think__summary_prompt__N1.json,141,10
Qwen3-1.7B-think|summary_prompt|N1|142,Qwen3-1.7B-think,summary_prompt,1,partC_Qwen3-1.7B-think__summary_prompt__N1.json,142,9
Qwen3-1.7B-think|summary_prompt|N1|143,Qwen3-1.7B-think,summary_prompt,1,partC_Qwen3-1.7B-think__summary_prompt__N1.json,143,7
Qwen3-1.7B-think|summary_prompt|N1|144,Qwen3-1.7B-think,summary_prompt,1,partC_Qwen3-1.7B-think__summary_prompt__N1.json,144,9
Qwen3-1.7B-think|summary_prompt|N1|145,Qwen3-1.7B-think,summary_prompt,1,partC_Qwen3-1.7B-think__summary_prompt__N1.json,145,9
Qwen3-1.7B-think|summary_prompt|N1|146,Qwen3-1.7B-think,summary_prompt,1,partC_Qwen3-1.7B-think__summary_prompt__N1.json,146,8
Qwen3-1.7B-think|summary_prompt|N1|147,Qwen3-1.7B-think,summary_prompt,1,partC_Qwen3-1.7B-think__summary_prompt__N1.json,147,9
Qwen3-1.7B-think|summary_prompt|N1|148,Qwen3-1.7B-think,summary_prompt,1,partC_Qwen3-1.7B-think__summary_prompt__N1.json,148,9
Qwen3-1.7B-think|summary_prompt|N1|149,Qwen3-1.7B-think,summary_prompt,1,partC_Qwen3-1.7B-think__summary_prompt__N1.json,149,9
Qwen3-1.7B-think|summary_prompt|N1|150,Qwen3-1.7B-think,summary_prompt,1,partC_Qwen3-1.7B-think__summary_prompt__N1.json,150,9
Qwen3-1.7B-think|summary_prompt|N1|151,Qwen3-1.7B-think,summary_prompt,1,partC_Qwen3-1.7B-think__summary_prompt__N1.json,151,9
Qwen3-1.7B-think|summary_prompt|N1|152,Qwen3-1.7B-think,summary_prompt,1,partC_Qwen3-1.7B-think__summary_prompt__N1.json,152,9
Qwen3-1.7B-think|summary_prompt|N1|153,Qwen3-1.7B-think,summary_prompt,1,partC_Qwen3-1.7B-think__summary_prompt__N1.json,153,9
Qwen3-1.7B-think|summary_prompt|N1|154,Qwen3-1.7B-think,summary_prompt,1,partC_Qwen3-1.7B-think__summary_prompt__N1.json,154,9
Qwen3-1.7B-think|summary_prompt|N1|155,Qwen3-1.7B-think,summary_prompt,1,partC_Qwen3-1.7B-think__summary_prompt__N1.json,155,9
Qwen3-1.7B-think|summary_prompt|N1|156,Qwen3-1.7B-think,summary_prompt,1,partC_Qwen3-1.7B-think__summary_prompt__N1.json,156,9
Qwen3-1.7B-think|summary_prompt|N1|157,Qwen3-1.7B-think,summary_prompt,1,partC_Qwen3-1.7B-think__summary_prompt__N1.json,157,7
Qwen3-1.7B-think|summary_prompt|N1|158,Qwen3-1.7B-think,summary_prompt,1,partC_Qwen3-1.7B-think__summary_prompt__N1.json,158,9
Qwen3-1.7B-think|summary_prompt|N1|159,Qwen3-1.7B-think,summary_prompt,1,partC_Qwen3-1.7B-think__summary_prompt__N1.json,159,9
Qwen3-1.7B-think|summary_prompt|N1|160,Qwen3-1.7B-think,summary_prompt,1,partC_Qwen3-1.7B-think__summary_prompt__N1.json,160,9
Qwen3-1.7B-think|summary_prompt|N1|161,Qwen3-1.7B-think,summary_prompt,1,partC_Qwen3-1.7B-think__summary_prompt__N1.json,161,10
Qwen3-1.7B-think|summary_prompt|N1|162,Qwen3-1.7B-think,summary_prompt,1,partC_Qwen3-1.7B-think__summary_prompt__N1.json,162,9
Qwen3-1.7B-think|summary_prompt|N1|163,Qwen3-1.7B-think,summary_prompt,1,partC_Qwen3-1.7B-think__summary_prompt__N1.json,163,9
Qwen3-1.7B-think|summary_prompt|N1|164,Qwen3-1.7B-think,summary_prompt,1,partC_Qwen3-1.7B-think__summary_prompt__N1.json,164,9
Qwen3-1.7B-think|summary_prompt|N1|165,Qwen3-1.7B-think,summary_prompt,1,partC_Qwen3-1.7B-think__summary_prompt__N1.json,165,9
Qwen3-1.7B-think|summary_prompt|N1|166,Qwen3-1.7B-think,summary_prompt,1,partC_Qwen3-1.7B-think__summary_prompt__N1.json,166,9
Qwen3-1.7B-think|summary_prompt|N1|167,Qwen3-1.7B-think,summary_prompt,1,partC_Qwen3-1.7B-think__summary_prompt__N1.json,167,9
Qwen3-1.7B-think|summary_prompt|N1|168,Qwen3-1.7B-think,summary_prompt,1,partC_Qwen3-1.7B-think__summary_prompt__N1.json,168,10
Qwen3-1.7B-think|summary_prompt|N1|169,Qwen3-1.7B-think,summary_prompt,1,partC_Qwen3-1.7B-think__summary_prompt__N1.json,169,10
Qwen3-1.7B-think|summary_prompt|N1|170,Qwen3-1.7B-think,summary_prompt,1,partC_Qwen3-1.7B-think__summary_prompt__N1.json,170,9
Qwen3-1.7B-think|summary_prompt|N1|171,Qwen3-1.7B-think,summary_prompt,1,partC_Qwen3-1.7B-think__summary_prompt__N1.json,171,9
Qwen3-1.7B-think|summary_prompt|N1|172,Qwen3-1.7B-think,summary_prompt,1,partC_Qwen3-1.7B-think__summary_prompt__N1.json,172,9
Qwen3-1.7B-think|summary_prompt|N1|173,Qwen3-1.7B-think,summary_prompt,1,partC_Qwen3-1.7B-think__summary_prompt__N1.json,173,9
Qwen3-1.7B-think|summary_prompt|N1|174,Qwen3-1.7B-think,summary_prompt,1,partC_Qwen3-1.7B-think__summary_prompt__N1.json,174,9
Qwen3-1.7B-think|summary_prompt|N1|175,Qwen3-1.7B-think,summary_prompt,1,partC_Qwen3-1.7B-think__summary_prompt__N1.json,175,9
Qwen3-1.7B-think|summary_prompt|N1|176,Qwen3-1.7B-think,summary_prompt,1,partC_Qwen3-1.7B-think__summary_prompt__N1.json,176,10
Qwen3-1.7B-think|summary_prompt|N1|177,Qwen3-1.7B-think,summary_prompt,1,partC_Qwen3-1.7B-think__summary_prompt__N1.json,177,10
Qwen3-1.7B-think|summary_prompt|N1|178,Qwen3-1.7B-think,summary_prompt,1,partC_Qwen3-1.7B-think__summary_prompt__N1.json,178,10
Qwen3-1.7B-think|summary_prompt|N1|179,Qwen3-1.7B-think,summary_prompt,1,partC_Qwen3-1.7B-think__summary_prompt__N1.json,179,9
Qwen3-1.7B-think|summary_prompt|N1|180,Qwen3-1.7B-think,summary_prompt,1,partC_Qwen3-1.7B-think__summary_prompt__N1.json,180,9
Qwen3-1.7B-think|summary_prompt|N1|181,Qwen3-1.7B-think,summary_prompt,1,partC_Qwen3-1.7B-think__summary_prompt__N1.json,181,10
Qwen3-1.7B-think|summary_prompt|N1|182,Qwen3-1.7B-think,summary_prompt,1,partC_Qwen3-1.7B-think__summary_prompt__N1.json,182,9
Qwen3-1.7B-think|summary_prompt|N1|183,Qwen3-1.7B-think,summary_prompt,1,partC_Qwen3-1.7B-think__summary_prompt__N1.json,183,10
Qwen3-1.7B-think|summary_prompt|N1|184,Qwen3-1.7B-think,summary_prompt,1,partC_Qwen3-1.7B-think__summary_prompt__N1.json,184,9
Qwen3-1.7B-think|summary_prompt|N1|185,Qwen3-1.7B-think,summary_prompt,1,partC_Qwen3-1.7B-think__summary_prompt__N1.json,185,9
Qwen3-1.7B-think|summary_prompt|N1|186,Qwen3-1.7B-think,summary_prompt,1,partC_Qwen3-1.7B-think__summary_prompt__N1.json,186,10
Qwen3-1.7B-think|summary_prompt|N1|187,Qwen3-1.7B-think,summary_prompt,1,partC_Qwen3-1.7B-think__summary_prompt__N1.json,187,9
Qwen3-1.7B-think|summary_prompt|N1|188,Qwen3-1.7B-think,summary_prompt,1,partC_Qwen3-1.7B-think__summary_prompt__N1.json,188,9
Qwen3-1.7B-think|summary_prompt|N1|189,Qwen3-1.7B-think,summary_prompt,1,partC_Qwen3-1.7B-think__summary_prompt__N1.json,189,9
Qwen3-1.7B-think|summary_prompt|N1|190,Qwen3-1.7B-think,summary_prompt,1,partC_Qwen3-1.7B-think__summary_prompt__N1.json,190,9
Qwen3-1.7B-think|summary_prompt|N1|191,Qwen3-1.7B-think,summary_prompt,1,partC_Qwen3-1.7B-think__summary_prompt__N1.json,191,10
Qwen3-1.7B-think|summary_prompt|N1|192,Qwen3-1.7B-think,summary_prompt,1,partC_Qwen3-1.7B-think__summary_prompt__N1.json,192,9
Qwen3-1.7B-think|summary_prompt|N1|193,Qwen3-1.7B-think,summary_prompt,1,partC_Qwen3-1.7B-think__summary_prompt__N1.json,193,10
Qwen3-1.7B-think|summary_prompt|N1|194,Qwen3-1.7B-think,summary_prompt,1,partC_Qwen3-1.7B-think__summary_prompt__N1.json,194,10
Qwen3-1.7B-think|summary_prompt|N1|195,Qwen3-1.7B-think,summary_prompt,1,partC_Qwen3-1.7B-think__summary_prompt__N1.json,195,9
Qwen3-1.7B-think|summary_prompt|N1|196,Qwen3-1.7B-think,summary_prompt,1,partC_Qwen3-1.7B-think__summary_prompt__N1.json,196,10
Qwen3-1.7B-think|summary_prompt|N1|197,Qwen3-1.7B-think,summary_prompt,1,partC_Qwen3-1.7B-think__summary_prompt__N1.json,197,10
Qwen3-1.7B-think|summary_prompt|N1|198,Qwen3-1.7B-think,summary_prompt,1,partC_Qwen3-1.7B-think__summary_prompt__N1.json,198,9
Qwen3-1.7B-think|summary_prompt|N1|199,Qwen3-1.7B-think,summary_prompt,1,partC_Qwen3-1.7B-think__summary_prompt__N1.json,199,9
Qwen3-1.7B-think|summary_prompt|N1|200,Qwen3-1.7B-think,summary_prompt,1,partC_Qwen3-1.7B-think__summary_prompt__N1.json,200,9
Qwen3-1.7B-think|summary_prompt|N1|201,Qwen3-1.7B-think,summary_prompt,1,partC_Qwen3-1.7B-think__summary_prompt__N1.json,201,9
Qwen3-1.7B-think|summary_prompt|N1|202,Qwen3-1.7B-think,summary_prompt,1,partC_Qwen3-1.7B-think__summary_prompt__N1.json,202,9
Qwen3-1.7B-think|summary_prompt|N1|203,Qwen3-1.7B-think,summary_prompt,1,partC_Qwen3-1.7B-think__summary_prompt__N1.json,203,9
Qwen3-1.7B-think|summary_prompt|N1|204,Qwen3-1.7B-think,summary_prompt,1,partC_Qwen3-1.7B-think__summary_prompt__N1.json,204,9
Qwen3-1.7B-think|summary_prompt|N1|205,Qwen3-1.7B-think,summary_prompt,1,partC_Qwen3-1.7B-think__summary_prompt__N1.json,205,9
Qwen3-1.7B-think|summary_prompt|N1|206,Qwen3-1.7B-think,summary_prompt,1,partC_Qwen3-1.7B-think__summary_prompt__N1.json,206,9
Qwen3-1.7B-think|summary_prompt|N1|207,Qwen3-1.7B-think,summary_prompt,1,partC_Qwen3-1.7B-think__summary_prompt__N1.json,207,9
Qwen3-1.7B-think|summary_prompt|N1|208,Qwen3-1.7B-think,summary_prompt,1,partC_Qwen3-1.7B-think__summary_prompt__N1.json,208,9
Qwen3-1.7B-think|summary_prompt|N1|209,Qwen3-1.7B-think,summary_prompt,1,partC_Qwen3-1.7B-think__summary_prompt__N1.json,209,9
Qwen3-1.7B-think|summary_prompt|N1|210,Qwen3-1.7B-think,summary_prompt,1,partC_Qwen3-1.7B-think__summary_prompt__N1.json,210,10
Qwen3-1.7B-think|summary_prompt|N1|211,Qwen3-1.7B-think,summary_prompt,1,partC_Qwen3-1.7B-think__summary_prompt__N1.json,211,9
Qwen3-1.7B-think|summary_prompt|N1|212,Qwen3-1.7B-think,summary_prompt,1,partC_Qwen3-1.7B-think__summary_prompt__N1.json,212,9
Qwen3-1.7B-think|summary_prompt|N1|213,Qwen3-1.7B-think,summary_prompt,1,partC_Qwen3-1.7B-think__summary_prompt__N1.json,213,9
Qwen3-1.7B-think|summary_prompt|N1|214,Qwen3-1.7B-think,summary_prompt,1,partC_Qwen3-1.7B-think__summary_prompt__N1.json,214,9
Qwen3-1.7B-think|summary_prompt|N1|215,Qwen3-1.7B-think,summary_prompt,1,partC_Qwen3-1.7B-think__summary_prompt__N1.json,215,9
Qwen3-1.7B-think|summary_prompt|N1|216,Qwen3-1.7B-think,summary_prompt,1,partC_Qwen3-1.7B-think__summary_prompt__N1.json,216,9
Qwen3-1.7B-think|summary_prompt|N1|217,Qwen3-1.7B-think,summary_prompt,1,partC_Qwen3-1.7B-think__summary_prompt__N1.json,217,9
Qwen3-1.7B-think|summary_prompt|N1|218,Qwen3-1.7B-think,summary_prompt,1,partC_Qwen3-1.7B-think__summary_prompt__N1.json,218,9
Qwen3-1.7B-think|summary_prompt|N1|219,Qwen3-1.7B-think,summary_prompt,1,partC_Qwen3-1.7B-think__summary_prompt__N1.json,219,9
Qwen3-1.7B-think|summary_prompt|N1|220,Qwen3-1.7B-think,summary_prompt,1,partC_Qwen3-1.7B-think__summary_prompt__N1.json,220,10
Qwen3-1.7B-think|summary_prompt|N1|221,Qwen3-1.7B-think,summary_prompt,1,partC_Qwen3-1.7B-think__summary_prompt__N1.json,221,10
Qwen3-1.7B-think|summary_prompt|N1|222,Qwen3-1.7B-think,summary_prompt,1,partC_Qwen3-1.7B-think__summary_prompt__N1.json,222,10
Qwen3-1.7B-think|summary_prompt|N1|223,Qwen3-1.7B-think,summary_prompt,1,partC_Qwen3-1.7B-think__summary_prompt__N1.json,223,10
Qwen3-1.7B-think|summary_prompt|N1|224,Qwen3-1.7B-think,summary_prompt,1,partC_Qwen3-1.7B-think__summary_prompt__N1.json,224,9
Qwen3-1.7B-think|summary_prompt|N1|225,Qwen3-1.7B-think,summary_prompt,1,partC_Qwen3-1.7B-think__summary_prompt__N1.json,225,9
Qwen3-1.7B-think|summary_prompt|N1|226,Qwen3-1.7B-think,summary_prompt,1,partC_Qwen3-1.7B-think__summary_prompt__N1.json,226,9
Qwen3-1.7B-think|summary_prompt|N1|227,Qwen3-1.7B-think,summary_prompt,1,partC_Qwen3-1.7B-think__summary_prompt__N1.json,227,10
Qwen3-1.7B-think|summary_prompt|N1|228,Qwen3-1.7B-think,summary_prompt,1,partC_Qwen3-1.7B-think__summary_prompt__N1.json,228,9
Qwen3-1.7B-think|summary_prompt|N1|229,Qwen3-1.7B-think,summary_prompt,1,partC_Qwen3-1.7B-think__summary_prompt__N1.json,229,10
Qwen3-1.7B-think|summary_prompt|N1|230,Qwen3-1.7B-think,summary_prompt,1,partC_Qwen3-1.7B-think__summary_prompt__N1.json,230,10
Qwen3-1.7B-think|summary_prompt|N1|231,Qwen3-1.7B-think,summary_prompt,1,partC_Qwen3-1.7B-think__summary_prompt__N1.json,231,10
Qwen3-1.7B-think|summary_prompt|N1|232,Qwen3-1.7B-think,summary_prompt,1,partC_Qwen3-1.7B-think__summary_prompt__N1.json,232,10
Qwen3-1.7B-think|summary_prompt|N1|233,Qwen3-1.7B-think,summary_prompt,1,partC_Qwen3-1.7B-think__summary_prompt__N1.json,233,10
Qwen3-1.7B-think|summary_prompt|N1|234,Qwen3-1.7B-think,summary_prompt,1,partC_Qwen3-1.7B-think__summary_prompt__N1.json,234,10
Qwen3-1.7B-think|summary_prompt|N1|235,Qwen3-1.7B-think,summary_prompt,1,partC_Qwen3-1.7B-think__summary_prompt__N1.json,235,10
Qwen3-1.7B-think|summary_prompt|N1|236,Qwen3-1.7B-think,summary_prompt,1,partC_Qwen3-1.7B-think__summary_prompt__N1.json,236,10
Qwen3-1.7B-think|summary_prompt|N1|237,Qwen3-1.7B-think,summary_prompt,1,partC_Qwen3-1.7B-think__summary_prompt__N1.json,237,10
Qwen3-1.7B-think|summary_prompt|N1|238,Qwen3-1.7B-think,summary_prompt,1,partC_Qwen3-1.7B-think__summary_prompt__N1.json,238,10
Qwen3-1.7B-think|summary_prompt|N1|239,Qwen3-1.7B-think,summary_prompt,1,partC_Qwen3-1.7B-think__summary_prompt__N1.json,239,10
Qwen3-1.7B-think|summary_prompt|N1|240,Qwen3-1.7B-think,summary_prompt,1,partC_Qwen3-1.7B-think__summary_prompt__N1.json,240,10
Qwen3-1.7B-think|summary_prompt|N1|241,Qwen3-1.7B-think,summary_prompt,1,partC_Qwen3-1.7B-think__summary_prompt__N1.json,241,9
Qwen3-1.7B-think|summary_prompt|N1|242,Qwen3-1.7B-think,summary_prompt,1,partC_Qwen3-1.7B-think__summary_prompt__N1.json,242,9
Qwen3-1.7B-think|summary_prompt|N1|243,Qwen3-1.7B-think,summary_prompt,1,partC_Qwen3-1.7B-think__summary_prompt__N1.json,243,10
Qwen3-1.7B-think|summary_prompt|N1|244,Qwen3-1.7B-think,summary_prompt,1,partC_Qwen3-1.7B-think__summary_prompt__N1.json,244,10
Qwen3-1.7B-think|summary_prompt|N1|245,Qwen3-1.7B-think,summary_prompt,1,partC_Qwen3-1.7B-think__summary_prompt__N1.json,245,9
Qwen3-1.7B-think|summary_prompt|N1|246,Qwen3-1.7B-think,summary_prompt,1,partC_Qwen3-1.7B-think__summary_prompt__N1.json,246,9
Qwen3-1.7B-think|summary_prompt|N1|247,Qwen3-1.7B-think,summary_prompt,1,partC_Qwen3-1.7B-think__summary_prompt__N1.json,247,9
Qwen3-1.7B-think|summary_prompt|N1|248,Qwen3-1.7B-think,summary_prompt,1,partC_Qwen3-1.7B-think__summary_prompt__N1.json,248,9
Qwen3-1.7B-think|summary_prompt|N1|249,Qwen3-1.7B-think,summary_prompt,1,partC_Qwen3-1.7B-think__summary_prompt__N1.json,249,9
Qwen3-1.7B-think|summary_prompt|N1|250,Qwen3-1.7B-think,summary_prompt,1,partC_Qwen3-1.7B-think__summary_prompt__N1.json,250,10
Qwen3-1.7B-think|summary_prompt|N1|251,Qwen3-1.7B-think,summary_prompt,1,partC_Qwen3-1.7B-think__summary_prompt__N1.json,251,9
Qwen3-1.7B-think|summary_prompt|N1|252,Qwen3-1.7B-think,summary_prompt,1,partC_Qwen3-1.7B-think__summary_prompt__N1.json,252,10
Qwen3-1.7B-think|summary_prompt|N1|253,Qwen3-1.7B-think,summary_prompt,1,partC_Qwen3-1.7B-think__summary_prompt__N1.json,253,9
Qwen3-1.7B-think|summary_prompt|N1|254,Qwen3-1.7B-think,summary_prompt,1,partC_Qwen3-1.7B-think__summary_prompt__N1.json,254,9
Qwen3-1.7B-think|summary_prompt|N1|255,Qwen3-1.7B-think,summary_prompt,1,partC_Qwen3-1.7B-think__summary_prompt__N1.json,255,9
Qwen3-1.7B-think|summary_prompt|N1|256,Qwen3-1.7B-think,summary_prompt,1,partC_Qwen3-1.7B-think__summary_prompt__N1.json,256,10
Qwen3-1.7B-think|summary_prompt|N1|257,Qwen3-1.7B-think,summary_prompt,1,partC_Qwen3-1.7B-think__summary_prompt__N1.json,257,9
Qwen3-1.7B-think|summary_prompt|N1|258,Qwen3-1.7B-think,summary_prompt,1,partC_Qwen3-1.7B-think__summary_prompt__N1.json,258,10
Qwen3-1.7B-think|summary_prompt|N1|259,Qwen3-1.7B-think,summary_prompt,1,partC_Qwen3-1.7B-think__summary_prompt__N1.json,259,10
Qwen3-1.7B-think|summary_prompt|N1|260,Qwen3-1.7B-think,summary_prompt,1,partC_Qwen3-1.7B-think__summary_prompt__N1.json,260,10
Qwen3-1.7B-think|summary_prompt|N1|261,Qwen3-1.7B-think,summary_prompt,1,partC_Qwen3-1.7B-think__summary_prompt__N1.json,261,10
Qwen3-1.7B-think|summary_prompt|N1|262,Qwen3-1.7B-think,summary_prompt,1,partC_Qwen3-1.7B-think__summary_prompt__N1.json,262,10
Qwen3-1.7B-think|summary_prompt|N1|263,Qwen3-1.7B-think,summary_prompt,1,partC_Qwen3-1.7B-think__summary_prompt__N1.json,263,9
Qwen3-1.7B-think|summary_prompt|N1|264,Qwen3-1.7B-think,summary_prompt,1,partC_Qwen3-1.7B-think__summary_prompt__N1.json,264,9
Qwen3-1.7B-think|summary_prompt|N1|265,Qwen3-1.7B-think,summary_prompt,1,partC_Qwen3-1.7B-think__summary_prompt__N1.json,265,9
Qwen3-1.7B-think|summary_prompt|N1|266,Qwen3-1.7B-think,summary_prompt,1,partC_Qwen3-1.7B-think__summary_prompt__N1.json,266,9
Qwen3-1.7B-think|summary_prompt|N1|267,Qwen3-1.7B-think,summary_prompt,1,partC_Qwen3-1.7B-think__summary_prompt__N1.json,267,9
Qwen3-1.7B-think|summary_prompt|N1|268,Qwen3-1.7B-think,summary_prompt,1,partC_Qwen3-1.7B-think__summary_prompt__N1.json,268,10
Qwen3-1.7B-think|summary_prompt|N1|269,Qwen3-1.7B-think,summary_prompt,1,partC_Qwen3-1.7B-think__summary_prompt__N1.json,269,9
Qwen3-1.7B-think|summary_prompt|N1|270,Qwen3-1.7B-think,summary_prompt,1,partC_Qwen3-1.7B-think__summary_prompt__N1.json,270,9
Qwen3-1.7B-think|summary_prompt|N1|271,Qwen3-1.7B-think,summary_prompt,1,partC_Qwen3-1.7B-think__summary_prompt__N1.json,271,10
Qwen3-1.7B-think|summary_prompt|N1|272,Qwen3-1.7B-think,summary_prompt,1,partC_Qwen3-1.7B-think__summary_prompt__N1.json,272,9
Qwen3-1.7B-think|summary_prompt|N1|273,Qwen3-1.7B-think,summary_prompt,1,partC_Qwen3-1.7B-think__summary_prompt__N1.json,273,9
Qwen3-1.7B-think|summary_prompt|N1|274,Qwen3-1.7B-think,summary_prompt,1,partC_Qwen3-1.7B-think__summary_prompt__N1.json,274,9
Qwen3-1.7B-think|summary_prompt|N1|275,Qwen3-1.7B-think,summary_prompt,1,partC_Qwen3-1.7B-think__summary_prompt__N1.json,275,9
Qwen3-1.7B-think|summary_prompt|N1|276,Qwen3-1.7B-think,summary_prompt,1,partC_Qwen3-1.7B-think__summary_prompt__N1.json,276,9
Qwen3-1.7B-think|summary_prompt|N1|277,Qwen3-1.7B-think,summary_prompt,1,partC_Qwen3-1.7B-think__summary_prompt__N1.json,277,9
Qwen3-1.7B-think|summary_prompt|N1|278,Qwen3-1.7B-think,summary_prompt,1,partC_Qwen3-1.7B-think__summary_prompt__N1.json,278,10
Qwen3-1.7B-think|summary_prompt|N1|279,Qwen3-1.7B-think,summary_prompt,1,partC_Qwen3-1.7B-think__summary_prompt__N1.json,279,10
Qwen3-1.7B-think|summary_prompt|N1|280,Qwen3-1.7B-think,summary_prompt,1,partC_Qwen3-1.7B-think__summary_prompt__N1.json,280,9
Qwen3-1.7B-think|summary_prompt|N1|281,Qwen3-1.7B-think,summary_prompt,1,partC_Qwen3-1.7B-think__summary_prompt__N1.json,281,9
Qwen3-1.7B-think|summary_prompt|N1|282,Qwen3-1.7B-think,summary_prompt,1,partC_Qwen3-1.7B-think__summary_prompt__N1.json,282,10
Qwen3-1.7B-think|summary_prompt|N1|283,Qwen3-1.7B-think,summary_prompt,1,partC_Qwen3-1.7B-think__summary_prompt__N1.json,283,9
Qwen3-1.7B-think|summary_prompt|N1|284,Qwen3-1.7B-think,summary_prompt,1,partC_Qwen3-1.7B-think__summary_prompt__N1.json,284,9
Qwen3-1.7B-think|summary_prompt|N1|285,Qwen3-1.7B-think,summary_prompt,1,partC_Qwen3-1.7B-think__summary_prompt__N1.json,285,7
Qwen3-1.7B-think|summary_prompt|N1|286,Qwen3-1.7B-think,summary_prompt,1,partC_Qwen3-1.7B-think__summary_prompt__N1.json,286,9
Qwen3-1.7B-think|summary_prompt|N1|287,Qwen3-1.7B-think,summary_prompt,1,partC_Qwen3-1.7B-think__summary_prompt__N1.json,287,9
Qwen3-1.7B-think|summary_prompt|N1|288,Qwen3-1.7B-think,summary_prompt,1,partC_Qwen3-1.7B-think__summary_prompt__N1.json,288,9
Qwen3-1.7B-think|summary_prompt|N1|289,Qwen3-1.7B-think,summary_prompt,1,partC_Qwen3-1.7B-think__summary_prompt__N1.json,289,9
Qwen3-1.7B-think|summary_prompt|N1|290,Qwen3-1.7B-think,summary_prompt,1,partC_Qwen3-1.7B-think__summary_prompt__N1.json,290,9
Qwen3-1.7B-think|summary_prompt|N1|291,Qwen3-1.7B-think,summary_prompt,1,partC_Qwen3-1.7B-think__summary_prompt__N1.json,291,8
Qwen3-1.7B-think|summary_prompt|N1|292,Qwen3-1.7B-think,summary_prompt,1,partC_Qwen3-1.7B-think__summary_prompt__N1.json,292,9
Qwen3-1.7B-think|summary_prompt|N1|293,Qwen3-1.7B-think,summary_prompt,1,partC_Qwen3-1.7B-think__summary_prompt__N1.json,293,7
Qwen3-1.7B-think|summary_prompt|N1|294,Qwen3-1.7B-think,summary_prompt,1,partC_Qwen3-1.7B-think__summary_prompt__N1.json,294,9
Qwen3-1.7B-think|summary_prompt|N1|295,Qwen3-1.7B-think,summary_prompt,1,partC_Qwen3-1.7B-think__summary_prompt__N1.json,295,9
Qwen3-1.7B-think|summary_prompt|N1|296,Qwen3-1.7B-think,summary_prompt,1,partC_Qwen3-1.7B-think__summary_prompt__N1.json,296,9
Qwen3-1.7B-think|summary_prompt|N1|297,Qwen3-1.7B-think,summary_prompt,1,partC_Qwen3-1.7B-think__summary_prompt__N1.json,297,9
Qwen3-1.7B-think|summary_prompt|N1|298,Qwen3-1.7B-think,summary_prompt,1,partC_Qwen3-1.7B-think__summary_prompt__N1.json,298,9
Qwen3-1.7B-think|summary_prompt|N1|299,Qwen3-1.7B-think,summary_prompt,1,partC_Qwen3-1.7B-think__summary_prompt__N1.json,299,9
Qwen3-1.7B-think|summary_prompt|N1|300,Qwen3-1.7B-think,summary_prompt,1,partC_Qwen3-1.7B-think__summary_prompt__N1.json,300,9
Qwen3-1.7B-think|summary_prompt|N1|301,Qwen3-1.7B-think,summary_prompt,1,partC_Qwen3-1.7B-think__summary_prompt__N1.json,301,9
Qwen3-1.7B-think|summary_prompt|N1|302,Qwen3-1.7B-think,summary_prompt,1,partC_Qwen3-1.7B-think__summary_prompt__N1.json,302,9
Qwen3-1.7B-think|summary_prompt|N1|303,Qwen3-1.7B-think,summary_prompt,1,partC_Qwen3-1.7B-think__summary_prompt__N1.json,303,9
Qwen3-1.7B-think|summary_prompt|N1|304,Qwen3-1.7B-think,summary_prompt,1,partC_Qwen3-1.7B-think__summary_prompt__N1.json,304,10
Qwen3-1.7B-think|summary_prompt|N1|305,Qwen3-1.7B-think,summary_prompt,1,partC_Qwen3-1.7B-think__summary_prompt__N1.json,305,9
Qwen3-1.7B-think|summary_prompt|N1|306,Qwen3-1.7B-think,summary_prompt,1,partC_Qwen3-1.7B-think__summary_prompt__N1.json,306,9
Qwen3-1.7B-think|summary_prompt|N1|307,Qwen3-1.7B-think,summary_prompt,1,partC_Qwen3-1.7B-think__summary_prompt__N1.json,307,9
Qwen3-1.7B-think|summary_prompt|N1|308,Qwen3-1.7B-think,summary_prompt,1,partC_Qwen3-1.7B-think__summary_prompt__N1.json,308,9
Qwen3-1.7B-think|summary_prompt|N1|309,Qwen3-1.7B-think,summary_prompt,1,partC_Qwen3-1.7B-think__summary_prompt__N1.json,309,9
Qwen3-1.7B-think|summary_prompt|N1|310,Qwen3-1.7B-think,summary_prompt,1,partC_Qwen3-1.7B-think__summary_prompt__N1.json,310,9
Qwen3-1.7B-think|summary_prompt|N1|311,Qwen3-1.7B-think,summary_prompt,1,partC_Qwen3-1.7B-think__summary_prompt__N1.json,311,9
Qwen3-1.7B-think|summary_prompt|N1|312,Qwen3-1.7B-think,summary_prompt,1,partC_Qwen3-1.7B-think__summary_prompt__N1.json,312,10
Qwen3-1.7B-think|summary_prompt|N1|313,Qwen3-1.7B-think,summary_prompt,1,partC_Qwen3-1.7B-think__summary_prompt__N1.json,313,9
Qwen3-1.7B-think|summary_prompt|N1|314,Qwen3-1.7B-think,summary_prompt,1,partC_Qwen3-1.7B-think__summary_prompt__N1.json,314,9
Qwen3-1.7B-think|summary_prompt|N1|315,Qwen3-1.7B-think,summary_prompt,1,partC_Qwen3-1.7B-think__summary_prompt__N1.json,315,9
Qwen3-1.7B-think|summary_prompt|N1|316,Qwen3-1.7B-think,summary_prompt,1,partC_Qwen3-1.7B-think__summary_prompt__N1.json,316,9
Qwen3-1.7B-think|summary_prompt|N1|317,Qwen3-1.7B-think,summary_prompt,1,partC_Qwen3-1.7B-think__summary_prompt__N1.json,317,9
Qwen3-1.7B-think|summary_prompt|N1|318,Qwen3-1.7B-think,summary_prompt,1,partC_Qwen3-1.7B-think__summary_prompt__N1.json,318,10
Qwen3-1.7B-think|summary_prompt|N1|319,Qwen3-1.7B-think,summary_prompt,1,partC_Qwen3-1.7B-think__summary_prompt__N1.json,319,9
Qwen3-1.7B-think|summary_prompt|N1|320,Qwen3-1.7B-think,summary_prompt,1,partC_Qwen3-1.7B-think__summary_prompt__N1.json,320,9
Qwen3-1.7B-think|summary_prompt|N1|321,Qwen3-1.7B-think,summary_prompt,1,partC_Qwen3-1.7B-think__summary_prompt__N1.json,321,9
Qwen3-1.7B-think|summary_prompt|N1|322,Qwen3-1.7B-think,summary_prompt,1,partC_Qwen3-1.7B-think__summary_prompt__N1.json,322,7
Qwen3-1.7B-think|summary_prompt|N1|323,Qwen3-1.7B-think,summary_prompt,1,partC_Qwen3-1.7B-think__summary_prompt__N1.json,323,9
Qwen3-1.7B-think|summary_prompt|N1|324,Qwen3-1.7B-think,summary_prompt,1,partC_Qwen3-1.7B-think__summary_prompt__N1.json,324,9
Qwen3-1.7B-think|summary_prompt|N1|325,Qwen3-1.7B-think,summary_prompt,1,partC_Qwen3-1.7B-think__summary_prompt__N1.json,325,6
Qwen3-1.7B-think|summary_prompt|N1|326,Qwen3-1.7B-think,summary_prompt,1,partC_Qwen3-1.7B-think__summary_prompt__N1.json,326,9
Qwen3-1.7B-think|summary_prompt|N1|327,Qwen3-1.7B-think,summary_prompt,1,partC_Qwen3-1.7B-think__summary_prompt__N1.json,327,9
Qwen3-1.7B-think|summary_prompt|N1|328,Qwen3-1.7B-think,summary_prompt,1,partC_Qwen3-1.7B-think__summary_prompt__N1.json,328,9
Qwen3-1.7B-think|summary_prompt|N1|329,Qwen3-1.7B-think,summary_prompt,1,partC_Qwen3-1.7B-think__summary_prompt__N1.json,329,1
Qwen3-1.7B-think|summary_prompt|N1|330,Qwen3-1.7B-think,summary_prompt,1,partC_Qwen3-1.7B-think__summary_prompt__N1.json,330,9
Qwen3-1.7B-think|summary_prompt|N1|331,Qwen3-1.7B-think,summary_prompt,1,partC_Qwen3-1.7B-think__summary_prompt__N1.json,331,9
Qwen3-1.7B-think|summary_prompt|N1|332,Qwen3-1.7B-think,summary_prompt,1,partC_Qwen3-1.7B-think__summary_prompt__N1.json,332,7
Qwen3-1.7B-think|summary_prompt|N1|333,Qwen3-1.7B-think,summary_prompt,1,partC_Qwen3-1.7B-think__summary_prompt__N1.json,333,9
Qwen3-1.7B-think|summary_prompt|N1|334,Qwen3-1.7B-think,summary_prompt,1,partC_Qwen3-1.7B-think__summary_prompt__N1.json,334,9
Qwen3-1.7B-think|summary_prompt|N1|335,Qwen3-1.7B-think,summary_prompt,1,partC_Qwen3-1.7B-think__summary_prompt__N1.json,335,9
Qwen3-1.7B-think|summary_prompt|N1|336,Qwen3-1.7B-think,summary_prompt,1,partC_Qwen3-1.7B-think__summary_prompt__N1.json,336,9
Qwen3-1.7B-think|summary_prompt|N1|337,Qwen3-1.7B-think,summary_prompt,1,partC_Qwen3-1.7B-think__summary_prompt__N1.json,337,9
Qwen3-1.7B-think|summary_prompt|N1|338,Qwen3-1.7B-think,summary_prompt,1,partC_Qwen3-1.7B-think__summary_prompt__N1.json,338,9
Qwen3-1.7B-think|summary_prompt|N1|339,Qwen3-1.7B-think,summary_prompt,1,partC_Qwen3-1.7B-think__summary_prompt__N1.json,339,9
Qwen3-1.7B-think|summary_prompt|N1|340,Qwen3-1.7B-think,summary_prompt,1,partC_Qwen3-1.7B-think__summary_prompt__N1.json,340,9
Qwen3-1.7B-think|summary_prompt|N1|341,Qwen3-1.7B-think,summary_prompt,1,partC_Qwen3-1.7B-think__summary_prompt__N1.json,341,9
Qwen3-1.7B-think|summary_prompt|N1|342,Qwen3-1.7B-think,summary_prompt,1,partC_Qwen3-1.7B-think__summary_prompt__N1.json,342,9
Qwen3-1.7B-think|summary_prompt|N1|343,Qwen3-1.7B-think,summary_prompt,1,partC_Qwen3-1.7B-think__summary_prompt__N1.json,343,7
Qwen3-1.7B-think|summary_prompt|N1|344,Qwen3-1.7B-think,summary_prompt,1,partC_Qwen3-1.7B-think__summary_prompt__N1.json,344,9
Qwen3-1.7B-think|summary_prompt|N1|345,Qwen3-1.7B-think,summary_prompt,1,partC_Qwen3-1.7B-think__summary_prompt__N1.json,345,9
Qwen3-1.7B-think|summary_prompt|N1|346,Qwen3-1.7B-think,summary_prompt,1,partC_Qwen3-1.7B-think__summary_prompt__N1.json,346,9
Qwen3-1.7B-think|summary_prompt|N1|347,Qwen3-1.7B-think,summary_prompt,1,partC_Qwen3-1.7B-think__summary_prompt__N1.json,347,9
Qwen3-1.7B-think|summary_prompt|N1|348,Qwen3-1.7B-think,summary_prompt,1,partC_Qwen3-1.7B-think__summary_prompt__N1.json,348,9
Qwen3-1.7B-think|summary_prompt|N1|349,Qwen3-1.7B-think,summary_prompt,1,partC_Qwen3-1.7B-think__summary_prompt__N1.json,349,9
Qwen3-1.7B-think|summary_prompt|N1|350,Qwen3-1.7B-think,summary_prompt,1,partC_Qwen3-1.7B-think__summary_prompt__N1.json,350,9
Qwen3-1.7B-think|summary_prompt|N1|351,Qwen3-1.7B-think,summary_prompt,1,partC_Qwen3-1.7B-think__summary_prompt__N1.json,351,9
Qwen3-1.7B-think|summary_prompt|N1|352,Qwen3-1.7B-think,summary_prompt,1,partC_Qwen3-1.7B-think__summary_prompt__N1.json,352,9
Qwen3-1.7B-think|summary_prompt|N1|353,Qwen3-1.7B-think,summary_prompt,1,partC_Qwen3-1.7B-think__summary_prompt__N1.json,353,9
Qwen3-1.7B-think|summary_prompt|N1|354,Qwen3-1.7B-think,summary_prompt,1,partC_Qwen3-1.7B-think__summary_prompt__N1.json,354,9
Qwen3-1.7B-think|summary_prompt|N1|355,Qwen3-1.7B-think,summary_prompt,1,partC_Qwen3-1.7B-think__summary_prompt__N1.json,355,9
Qwen3-1.7B-think|summary_prompt|N1|356,Qwen3-1.7B-think,summary_prompt,1,partC_Qwen3-1.7B-think__summary_prompt__N1.json,356,9
Qwen3-1.7B-think|summary_prompt|N1|357,Qwen3-1.7B-think,summary_prompt,1,partC_Qwen3-1.7B-think__summary_prompt__N1.json,357,9
Qwen3-1.7B-think|summary_prompt|N1|358,Qwen3-1.7B-think,summary_prompt,1,partC_Qwen3-1.7B-think__summary_prompt__N1.json,358,9
Qwen3-1.7B-think|summary_prompt|N1|359,Qwen3-1.7B-think,summary_prompt,1,partC_Qwen3-1.7B-think__summary_prompt__N1.json,359,9
Qwen3-1.7B-think|summary_prompt|N1|360,Qwen3-1.7B-think,summary_prompt,1,partC_Qwen3-1.7B-think__summary_prompt__N1.json,360,9
Qwen3-1.7B-think|summary_prompt|N1|361,Qwen3-1.7B-think,summary_prompt,1,partC_Qwen3-1.7B-think__summary_prompt__N1.json,361,9
Qwen3-1.7B-think|summary_prompt|N1|362,Qwen3-1.7B-think,summary_prompt,1,partC_Qwen3-1.7B-think__summary_prompt__N1.json,362,9
Qwen3-1.7B-think|summary_prompt|N1|363,Qwen3-1.7B-think,summary_prompt,1,partC_Qwen3-1.7B-think__summary_prompt__N1.json,363,10
Qwen3-1.7B-think|summary_prompt|N1|364,Qwen3-1.7B-think,summary_prompt,1,partC_Qwen3-1.7B-think__summary_prompt__N1.json,364,9
Qwen3-1.7B-think|summary_prompt|N1|365,Qwen3-1.7B-think,summary_prompt,1,partC_Qwen3-1.7B-think__summary_prompt__N1.json,365,9
Qwen3-1.7B-think|summary_prompt|N1|366,Qwen3-1.7B-think,summary_prompt,1,partC_Qwen3-1.7B-think__summary_prompt__N1.json,366,9
Qwen3-1.7B-think|summary_prompt|N1|367,Qwen3-1.7B-think,summary_prompt,1,partC_Qwen3-1.7B-think__summary_prompt__N1.json,367,10
Qwen3-1.7B-think|summary_prompt|N1|368,Qwen3-1.7B-think,summary_prompt,1,partC_Qwen3-1.7B-think__summary_prompt__N1.json,368,9
Qwen3-1.7B-think|summary_prompt|N1|369,Qwen3-1.7B-think,summary_prompt,1,partC_Qwen3-1.7B-think__summary_prompt__N1.json,369,9
Qwen3-1.7B-think|summary_prompt|N1|370,Qwen3-1.7B-think,summary_prompt,1,partC_Qwen3-1.7B-think__summary_prompt__N1.json,370,9
Qwen3-1.7B-think|summary_prompt|N1|371,Qwen3-1.7B-think,summary_prompt,1,partC_Qwen3-1.7B-think__summary_prompt__N1.json,371,9
Qwen3-1.7B-think|summary_prompt|N1|372,Qwen3-1.7B-think,summary_prompt,1,partC_Qwen3-1.7B-think__summary_prompt__N1.json,372,10
Qwen3-1.7B-think|summary_prompt|N1|373,Qwen3-1.7B-think,summary_prompt,1,partC_Qwen3-1.7B-think__summary_prompt__N1.json,373,9
Qwen3-1.7B-think|summary_prompt|N1|374,Qwen3-1.7B-think,summary_prompt,1,partC_Qwen3-1.7B-think__summary_prompt__N1.json,374,9
Qwen3-1.7B-think|summary_prompt|N1|375,Qwen3-1.7B-think,summary_prompt,1,partC_Qwen3-1.7B-think__summary_prompt__N1.json,375,9
Qwen3-1.7B-think|summary_prompt|N1|376,Qwen3-1.7B-think,summary_prompt,1,partC_Qwen3-1.7B-think__summary_prompt__N1.json,376,9
Qwen3-1.7B-think|summary_prompt|N1|377,Qwen3-1.7B-think,summary_prompt,1,partC_Qwen3-1.7B-think__summary_prompt__N1.json,377,9
Qwen3-1.7B-think|summary_prompt|N1|378,Qwen3-1.7B-think,summary_prompt,1,partC_Qwen3-1.7B-think__summary_prompt__N1.json,378,9
Qwen3-1.7B-think|summary_prompt|N1|379,Qwen3-1.7B-think,summary_prompt,1,partC_Qwen3-1.7B-think__summary_prompt__N1.json,379,9
Qwen3-1.7B-think|summary_prompt|N1|380,Qwen3-1.7B-think,summary_prompt,1,partC_Qwen3-1.7B-think__summary_prompt__N1.json,380,10
Qwen3-1.7B-think|summary_prompt|N1|381,Qwen3-1.7B-think,summary_prompt,1,partC_Qwen3-1.7B-think__summary_prompt__N1.json,381,10
Qwen3-1.7B-think|summary_prompt|N1|382,Qwen3-1.7B-think,summary_prompt,1,partC_Qwen3-1.7B-think__summary_prompt__N1.json,382,9
Qwen3-1.7B-think|summary_prompt|N1|383,Qwen3-1.7B-think,summary_prompt,1,partC_Qwen3-1.7B-think__summary_prompt__N1.json,383,10
Qwen3-1.7B-think|summary_prompt|N1|384,Qwen3-1.7B-think,summary_prompt,1,partC_Qwen3-1.7B-think__summary_prompt__N1.json,384,9
Qwen3-1.7B-think|summary_prompt|N1|385,Qwen3-1.7B-think,summary_prompt,1,partC_Qwen3-1.7B-think__summary_prompt__N1.json,385,9
Qwen3-1.7B-think|summary_prompt|N1|386,Qwen3-1.7B-think,summary_prompt,1,partC_Qwen3-1.7B-think__summary_prompt__N1.json,386,9
Qwen3-1.7B-think|summary_prompt|N1|387,Qwen3-1.7B-think,summary_prompt,1,partC_Qwen3-1.7B-think__summary_prompt__N1.json,387,9
Qwen3-1.7B-think|summary_prompt|N1|388,Qwen3-1.7B-think,summary_prompt,1,partC_Qwen3-1.7B-think__summary_prompt__N1.json,388,9
Qwen3-1.7B-think|summary_prompt|N1|389,Qwen3-1.7B-think,summary_prompt,1,partC_Qwen3-1.7B-think__summary_prompt__N1.json,389,9
Qwen3-1.7B-think|summary_prompt|N1|390,Qwen3-1.7B-think,summary_prompt,1,partC_Qwen3-1.7B-think__summary_prompt__N1.json,390,9
Qwen3-1.7B-think|summary_prompt|N1|391,Qwen3-1.7B-think,summary_prompt,1,partC_Qwen3-1.7B-think__summary_prompt__N1.json,391,9
Qwen3-1.7B-think|summary_prompt|N1|392,Qwen3-1.7B-think,summary_prompt,1,partC_Qwen3-1.7B-think__summary_prompt__N1.json,392,9
Qwen3-1.7B-think|summary_prompt|N1|393,Qwen3-1.7B-think,summary_prompt,1,partC_Qwen3-1.7B-think__summary_prompt__N1.json,393,9
Qwen3-1.7B-think|summary_prompt|N1|394,Qwen3-1.7B-think,summary_prompt,1,partC_Qwen3-1.7B-think__summary_prompt__N1.json,394,10
Qwen3-1.7B-think|summary_prompt|N1|395,Qwen3-1.7B-think,summary_prompt,1,partC_Qwen3-1.7B-think__summary_prompt__N1.json,395,9
Qwen3-1.7B-think|summary_prompt|N1|396,Qwen3-1.7B-think,summary_prompt,1,partC_Qwen3-1.7B-think__summary_prompt__N1.json,396,9
Qwen3-1.7B-think|summary_prompt|N1|397,Qwen3-1.7B-think,summary_prompt,1,partC_Qwen3-1.7B-think__summary_prompt__N1.json,397,9
Qwen3-1.7B-think|summary_prompt|N1|398,Qwen3-1.7B-think,summary_prompt,1,partC_Qwen3-1.7B-think__summary_prompt__N1.json,398,9
Qwen3-1.7B-think|summary_prompt|N1|399,Qwen3-1.7B-think,summary_prompt,1,partC_Qwen3-1.7B-think__summary_prompt__N1.json,399,10
Qwen3-1.7B-think|summary_prompt|N1|400,Qwen3-1.7B-think,summary_prompt,1,partC_Qwen3-1.7B-think__summary_prompt__N1.json,400,10
Qwen3-1.7B-think|summary_prompt|N1|401,Qwen3-1.7B-think,summary_prompt,1,partC_Qwen3-1.7B-think__summary_prompt__N1.json,401,9
Qwen3-1.7B-think|summary_prompt|N1|402,Qwen3-1.7B-think,summary_prompt,1,partC_Qwen3-1.7B-think__summary_prompt__N1.json,402,10
Qwen3-1.7B-think|summary_prompt|N1|403,Qwen3-1.7B-think,summary_prompt,1,partC_Qwen3-1.7B-think__summary_prompt__N1.json,403,10
Qwen3-1.7B-think|summary_prompt|N1|404,Qwen3-1.7B-think,summary_prompt,1,partC_Qwen3-1.7B-think__summary_prompt__N1.json,404,10
Qwen3-1.7B-think|summary_prompt|N1|405,Qwen3-1.7B-think,summary_prompt,1,partC_Qwen3-1.7B-think__summary_prompt__N1.json,405,10
Qwen3-1.7B-think|summary_prompt|N1|406,Qwen3-1.7B-think,summary_prompt,1,partC_Qwen3-1.7B-think__summary_prompt__N1.json,406,10
Qwen3-1.7B-think|summary_prompt|N1|407,Qwen3-1.7B-think,summary_prompt,1,partC_Qwen3-1.7B-think__summary_prompt__N1.json,407,9
Qwen3-1.7B-think|summary_prompt|N1|408,Qwen3-1.7B-think,summary_prompt,1,partC_Qwen3-1.7B-think__summary_prompt__N1.json,408,10
Qwen3-1.7B-think|summary_prompt|N1|409,Qwen3-1.7B-think,summary_prompt,1,partC_Qwen3-1.7B-think__summary_prompt__N1.json,409,10
Qwen3-1.7B-think|summary_prompt|N1|410,Qwen3-1.7B-think,summary_prompt,1,partC_Qwen3-1.7B-think__summary_prompt__N1.json,410,9
Qwen3-1.7B-think|summary_prompt|N1|411,Qwen3-1.7B-think,summary_prompt,1,partC_Qwen3-1.7B-think__summary_prompt__N1.json,411,10
Qwen3-1.7B-think|summary_prompt|N1|412,Qwen3-1.7B-think,summary_prompt,1,partC_Qwen3-1.7B-think__summary_prompt__N1.json,412,10
Qwen3-1.7B-think|summary_prompt|N1|413,Qwen3-1.7B-think,summary_prompt,1,partC_Qwen3-1.7B-think__summary_prompt__N1.json,413,9
Qwen3-1.7B-think|summary_prompt|N1|414,Qwen3-1.7B-think,summary_prompt,1,partC_Qwen3-1.7B-think__summary_prompt__N1.json,414,10
Qwen3-1.7B-think|summary_prompt|N1|415,Qwen3-1.7B-think,summary_prompt,1,partC_Qwen3-1.7B-think__summary_prompt__N1.json,415,9
Qwen3-1.7B-think|summary_prompt|N1|416,Qwen3-1.7B-think,summary_prompt,1,partC_Qwen3-1.7B-think__summary_prompt__N1.json,416,10
Qwen3-1.7B-think|summary_prompt|N1|417,Qwen3-1.7B-think,summary_prompt,1,partC_Qwen3-1.7B-think__summary_prompt__N1.json,417,10
Qwen3-1.7B-think|summary_prompt|N1|418,Qwen3-1.7B-think,summary_prompt,1,partC_Qwen3-1.7B-think__summary_prompt__N1.json,418,10
Qwen3-1.7B-think|summary_prompt|N1|419,Qwen3-1.7B-think,summary_prompt,1,partC_Qwen3-1.7B-think__summary_prompt__N1.json,419,9
Qwen3-1.7B-think|summary_prompt|N1|420,Qwen3-1.7B-think,summary_prompt,1,partC_Qwen3-1.7B-think__summary_prompt__N1.json,420,9
Qwen3-1.7B-think|summary_prompt|N1|421,Qwen3-1.7B-think,summary_prompt,1,partC_Qwen3-1.7B-think__summary_prompt__N1.json,421,10
Qwen3-1.7B-think|summary_prompt|N1|422,Qwen3-1.7B-think,summary_prompt,1,partC_Qwen3-1.7B-think__summary_prompt__N1.json,422,10
Qwen3-1.7B-think|summary_prompt|N1|423,Qwen3-1.7B-think,summary_prompt,1,partC_Qwen3-1.7B-think__summary_prompt__N1.json,423,10
Qwen3-1.7B-think|summary_prompt|N1|424,Qwen3-1.7B-think,summary_prompt,1,partC_Qwen3-1.7B-think__summary_prompt__N1.json,424,10
Qwen3-1.7B-think|summary_prompt|N1|425,Qwen3-1.7B-think,summary_prompt,1,partC_Qwen3-1.7B-think__summary_prompt__N1.json,425,9
Qwen3-1.7B-think|summary_prompt|N1|426,Qwen3-1.7B-think,summary_prompt,1,partC_Qwen3-1.7B-think__summary_prompt__N1.json,426,10
Qwen3-1.7B-think|summary_prompt|N1|427,Qwen3-1.7B-think,summary_prompt,1,partC_Qwen3-1.7B-think__summary_prompt__N1.json,427,3
Qwen3-1.7B-think|summary_prompt|N1|428,Qwen3-1.7B-think,summary_prompt,1,partC_Qwen3-1.7B-think__summary_prompt__N1.json,428,10
Qwen3-1.7B-think|summary_prompt|N1|429,Qwen3-1.7B-think,summary_prompt,1,partC_Qwen3-1.7B-think__summary_prompt__N1.json,429,10
Qwen3-1.7B-think|summary_prompt|N1|430,Qwen3-1.7B-think,summary_prompt,1,partC_Qwen3-1.7B-think__summary_prompt__N1.json,430,10
Qwen3-1.7B-think|summary_prompt|N1|431,Qwen3-1.7B-think,summary_prompt,1,partC_Qwen3-1.7B-think__summary_prompt__N1.json,431,10
Qwen3-1.7B-think|summary_prompt|N1|432,Qwen3-1.7B-think,summary_prompt,1,partC_Qwen3-1.7B-think__summary_prompt__N1.json,432,9
Qwen3-1.7B-think|summary_prompt|N1|433,Qwen3-1.7B-think,summary_prompt,1,partC_Qwen3-1.7B-think__summary_prompt__N1.json,433,9
Qwen3-1.7B-think|summary_prompt|N1|434,Qwen3-1.7B-think,summary_prompt,1,partC_Qwen3-1.7B-think__summary_prompt__N1.json,434,10
Qwen3-1.7B-think|summary_prompt|N1|435,Qwen3-1.7B-think,summary_prompt,1,partC_Qwen3-1.7B-think__summary_prompt__N1.json,435,9
Qwen3-1.7B-think|summary_prompt|N1|436,Qwen3-1.7B-think,summary_prompt,1,partC_Qwen3-1.7B-think__summary_prompt__N1.json,436,10
Qwen3-1.7B-think|summary_prompt|N1|437,Qwen3-1.7B-think,summary_prompt,1,partC_Qwen3-1.7B-think__summary_prompt__N1.json,437,9
Qwen3-1.7B-think|summary_prompt|N1|438,Qwen3-1.7B-think,summary_prompt,1,partC_Qwen3-1.7B-think__summary_prompt__N1.json,438,10
Qwen3-1.7B-think|summary_prompt|N1|439,Qwen3-1.7B-think,summary_prompt,1,partC_Qwen3-1.7B-think__summary_prompt__N1.json,439,10
Qwen3-1.7B-think|summary_prompt|N1|440,Qwen3-1.7B-think,summary_prompt,1,partC_Qwen3-1.7B-think__summary_prompt__N1.json,440,9
Qwen3-1.7B-think|summary_prompt|N1|441,Qwen3-1.7B-think,summary_prompt,1,partC_Qwen3-1.7B-think__summary_prompt__N1.json,441,10
Qwen3-1.7B-think|summary_prompt|N1|442,Qwen3-1.7B-think,summary_prompt,1,partC_Qwen3-1.7B-think__summary_prompt__N1.json,442,10
Qwen3-1.7B-think|summary_prompt|N1|443,Qwen3-1.7B-think,summary_prompt,1,partC_Qwen3-1.7B-think__summary_prompt__N1.json,443,9
Qwen3-1.7B-think|summary_prompt|N1|444,Qwen3-1.7B-think,summary_prompt,1,partC_Qwen3-1.7B-think__summary_prompt__N1.json,444,9
Qwen3-1.7B-think|summary_prompt|N1|445,Qwen3-1.7B-think,summary_prompt,1,partC_Qwen3-1.7B-think__summary_prompt__N1.json,445,9
Qwen3-1.7B-think|summary_prompt|N1|446,Qwen3-1.7B-think,summary_prompt,1,partC_Qwen3-1.7B-think__summary_prompt__N1.json,446,9
Qwen3-1.7B-think|summary_prompt|N1|447,Qwen3-1.7B-think,summary_prompt,1,partC_Qwen3-1.7B-think__summary_prompt__N1.json,447,9
Qwen3-1.7B-think|summary_prompt|N1|448,Qwen3-1.7B-think,summary_prompt,1,partC_Qwen3-1.7B-think__summary_prompt__N1.json,448,10
Qwen3-1.7B-think|summary_prompt|N1|449,Qwen3-1.7B-think,summary_prompt,1,partC_Qwen3-1.7B-think__summary_prompt__N1.json,449,9
Qwen3-1.7B-think|summary_prompt|N1|450,Qwen3-1.7B-think,summary_prompt,1,partC_Qwen3-1.7B-think__summary_prompt__N1.json,450,9
Qwen3-1.7B-think|summary_prompt|N1|451,Qwen3-1.7B-think,summary_prompt,1,partC_Qwen3-1.7B-think__summary_prompt__N1.json,451,9
Qwen3-1.7B-think|summary_prompt|N1|452,Qwen3-1.7B-think,summary_prompt,1,partC_Qwen3-1.7B-think__summary_prompt__N1.json,452,8
Qwen3-1.7B-think|summary_prompt|N1|453,Qwen3-1.7B-think,summary_prompt,1,partC_Qwen3-1.7B-think__summary_prompt__N1.json,453,9
Qwen3-1.7B-think|summary_prompt|N1|454,Qwen3-1.7B-think,summary_prompt,1,partC_Qwen3-1.7B-think__summary_prompt__N1.json,454,4
Qwen3-1.7B-think|summary_prompt|N1|455,Qwen3-1.7B-think,summary_prompt,1,partC_Qwen3-1.7B-think__summary_prompt__N1.json,455,9
Qwen3-1.7B-think|summary_prompt|N1|456,Qwen3-1.7B-think,summary_prompt,1,partC_Qwen3-1.7B-think__summary_prompt__N1.json,456,9
Qwen3-1.7B-think|summary_prompt|N1|457,Qwen3-1.7B-think,summary_prompt,1,partC_Qwen3-1.7B-think__summary_prompt__N1.json,457,9
Qwen3-1.7B-think|summary_prompt|N1|458,Qwen3-1.7B-think,summary_prompt,1,partC_Qwen3-1.7B-think__summary_prompt__N1.json,458,9
Qwen3-1.7B-think|summary_prompt|N1|459,Qwen3-1.7B-think,summary_prompt,1,partC_Qwen3-1.7B-think__summary_prompt__N1.json,459,10
Qwen3-1.7B-think|summary_prompt|N1|460,Qwen3-1.7B-think,summary_prompt,1,partC_Qwen3-1.7B-think__summary_prompt__N1.json,460,10
Qwen3-1.7B-think|summary_prompt|N1|461,Qwen3-1.7B-think,summary_prompt,1,partC_Qwen3-1.7B-think__summary_prompt__N1.json,461,10
Qwen3-1.7B-think|summary_prompt|N1|462,Qwen3-1.7B-think,summary_prompt,1,partC_Qwen3-1.7B-think__summary_prompt__N1.json,462,10
Qwen3-1.7B-think|summary_prompt|N1|463,Qwen3-1.7B-think,summary_prompt,1,partC_Qwen3-1.7B-think__summary_prompt__N1.json,463,10
Qwen3-1.7B-think|summary_prompt|N1|464,Qwen3-1.7B-think,summary_prompt,1,partC_Qwen3-1.7B-think__summary_prompt__N1.json,464,10
Qwen3-1.7B-think|summary_prompt|N1|465,Qwen3-1.7B-think,summary_prompt,1,partC_Qwen3-1.7B-think__summary_prompt__N1.json,465,10
Qwen3-1.7B-think|summary_prompt|N1|466,Qwen3-1.7B-think,summary_prompt,1,partC_Qwen3-1.7B-think__summary_prompt__N1.json,466,10
Qwen3-1.7B-think|summary_prompt|N1|467,Qwen3-1.7B-think,summary_prompt,1,partC_Qwen3-1.7B-think__summary_prompt__N1.json,467,9
Qwen3-1.7B-think|summary_prompt|N1|468,Qwen3-1.7B-think,summary_prompt,1,partC_Qwen3-1.7B-think__summary_prompt__N1.json,468,10
Qwen3-1.7B-think|summary_prompt|N1|469,Qwen3-1.7B-think,summary_prompt,1,partC_Qwen3-1.7B-think__summary_prompt__N1.json,469,10
Qwen3-1.7B-think|summary_prompt|N1|470,Qwen3-1.7B-think,summary_prompt,1,partC_Qwen3-1.7B-think__summary_prompt__N1.json,470,10
Qwen3-1.7B-think|summary_prompt|N1|471,Qwen3-1.7B-think,summary_prompt,1,partC_Qwen3-1.7B-think__summary_prompt__N1.json,471,9
Qwen3-1.7B-think|summary_prompt|N1|472,Qwen3-1.7B-think,summary_prompt,1,partC_Qwen3-1.7B-think__summary_prompt__N1.json,472,10
Qwen3-1.7B-think|summary_prompt|N1|473,Qwen3-1.7B-think,summary_prompt,1,partC_Qwen3-1.7B-think__summary_prompt__N1.json,473,10
Qwen3-1.7B-think|summary_prompt|N1|474,Qwen3-1.7B-think,summary_prompt,1,partC_Qwen3-1.7B-think__summary_prompt__N1.json,474,10
Qwen3-1.7B-think|summary_prompt|N1|475,Qwen3-1.7B-think,summary_prompt,1,partC_Qwen3-1.7B-think__summary_prompt__N1.json,475,9
Qwen3-1.7B-think|summary_prompt|N1|476,Qwen3-1.7B-think,summary_prompt,1,partC_Qwen3-1.7B-think__summary_prompt__N1.json,476,10
Qwen3-1.7B-think|summary_prompt|N1|477,Qwen3-1.7B-think,summary_prompt,1,partC_Qwen3-1.7B-think__summary_prompt__N1.json,477,10
Qwen3-1.7B-think|summary_prompt|N1|478,Qwen3-1.7B-think,summary_prompt,1,partC_Qwen3-1.7B-think__summary_prompt__N1.json,478,10
Qwen3-1.7B-think|summary_prompt|N1|479,Qwen3-1.7B-think,summary_prompt,1,partC_Qwen3-1.7B-think__summary_prompt__N1.json,479,10
Qwen3-1.7B-think|summary_prompt|N10|0,Qwen3-1.7B-think,summary_prompt,10,partC_Qwen3-1.7B-think__summary_prompt__N10.json,0,7
Qwen3-1.7B-think|summary_prompt|N10|1,Qwen3-1.7B-think,summary_prompt,10,partC_Qwen3-1.7B-think__summary_prompt__N10.json,1,8
Qwen3-1.7B-think|summary_prompt|N10|2,Qwen3-1.7B-think,summary_prompt,10,partC_Qwen3-1.7B-think__summary_prompt__N10.json,2,6
Qwen3-1.7B-think|summary_prompt|N10|3,Qwen3-1.7B-think,summary_prompt,10,partC_Qwen3-1.7B-think__summary_prompt__N10.json,3,8
Qwen3-1.7B-think|summary_prompt|N10|4,Qwen3-1.7B-think,summary_prompt,10,partC_Qwen3-1.7B-think__summary_prompt__N10.json,4,9
Qwen3-1.7B-think|summary_prompt|N10|5,Qwen3-1.7B-think,summary_prompt,10,partC_Qwen3-1.7B-think__summary_prompt__N10.json,5,6
Qwen3-1.7B-think|summary_prompt|N10|6,Qwen3-1.7B-think,summary_prompt,10,partC_Qwen3-1.7B-think__summary_prompt__N10.json,6,6
Qwen3-1.7B-think|summary_prompt|N10|7,Qwen3-1.7B-think,summary_prompt,10,partC_Qwen3-1.7B-think__summary_prompt__N10.json,7,9
Qwen3-1.7B-think|summary_prompt|N10|8,Qwen3-1.7B-think,summary_prompt,10,partC_Qwen3-1.7B-think__summary_prompt__N10.json,8,8
Qwen3-1.7B-think|summary_prompt|N10|9,Qwen3-1.7B-think,summary_prompt,10,partC_Qwen3-1.7B-think__summary_prompt__N10.json,9,9
Qwen3-1.7B-think|summary_prompt|N10|10,Qwen3-1.7B-think,summary_prompt,10,partC_Qwen3-1.7B-think__summary_prompt__N10.json,10,8
Qwen3-1.7B-think|summary_prompt|N10|11,Qwen3-1.7B-think,summary_prompt,10,partC_Qwen3-1.7B-think__summary_prompt__N10.json,11,9
Qwen3-1.7B-think|summary_prompt|N10|12,Qwen3-1.7B-think,summary_prompt,10,partC_Qwen3-1.7B-think__summary_prompt__N10.json,12,9
Qwen3-1.7B-think|summary_prompt|N10|13,Qwen3-1.7B-think,summary_prompt,10,partC_Qwen3-1.7B-think__summary_prompt__N10.json,13,9
Qwen3-1.7B-think|summary_prompt|N10|14,Qwen3-1.7B-think,summary_prompt,10,partC_Qwen3-1.7B-think__summary_prompt__N10.json,14,6
Qwen3-1.7B-think|summary_prompt|N10|15,Qwen3-1.7B-think,summary_prompt,10,partC_Qwen3-1.7B-think__summary_prompt__N10.json,15,8
Qwen3-1.7B-think|summary_prompt|N10|16,Qwen3-1.7B-think,summary_prompt,10,partC_Qwen3-1.7B-think__summary_prompt__N10.json,16,7
Qwen3-1.7B-think|summary_prompt|N10|17,Qwen3-1.7B-think,summary_prompt,10,partC_Qwen3-1.7B-think__summary_prompt__N10.json,17,8
Qwen3-1.7B-think|summary_prompt|N10|18,Qwen3-1.7B-think,summary_prompt,10,partC_Qwen3-1.7B-think__summary_prompt__N10.json,18,9
Qwen3-1.7B-think|summary_prompt|N10|19,Qwen3-1.7B-think,summary_prompt,10,partC_Qwen3-1.7B-think__summary_prompt__N10.json,19,7
Qwen3-1.7B-think|summary_prompt|N10|20,Qwen3-1.7B-think,summary_prompt,10,partC_Qwen3-1.7B-think__summary_prompt__N10.json,20,9
Qwen3-1.7B-think|summary_prompt|N10|21,Qwen3-1.7B-think,summary_prompt,10,partC_Qwen3-1.7B-think__summary_prompt__N10.json,21,7
Qwen3-1.7B-think|summary_prompt|N10|22,Qwen3-1.7B-think,summary_prompt,10,partC_Qwen3-1.7B-think__summary_prompt__N10.json,22,9
Qwen3-1.7B-think|summary_prompt|N10|23,Qwen3-1.7B-think,summary_prompt,10,partC_Qwen3-1.7B-think__summary_prompt__N10.json,23,9
Qwen3-1.7B-think|summary_prompt|N10|24,Qwen3-1.7B-think,summary_prompt,10,partC_Qwen3-1.7B-think__summary_prompt__N10.json,24,9
Qwen3-1.7B-think|summary_prompt|N10|25,Qwen3-1.7B-think,summary_prompt,10,partC_Qwen3-1.7B-think__summary_prompt__N10.json,25,7
Qwen3-1.7B-think|summary_prompt|N10|26,Qwen3-1.7B-think,summary_prompt,10,partC_Qwen3-1.7B-think__summary_prompt__N10.json,26,9
Qwen3-1.7B-think|summary_prompt|N10|27,Qwen3-1.7B-think,summary_prompt,10,partC_Qwen3-1.7B-think__summary_prompt__N10.json,27,9
Qwen3-1.7B-think|summary_prompt|N10|28,Qwen3-1.7B-think,summary_prompt,10,partC_Qwen3-1.7B-think__summary_prompt__N10.json,28,4
Qwen3-1.7B-think|summary_prompt|N10|29,Qwen3-1.7B-think,summary_prompt,10,partC_Qwen3-1.7B-think__summary_prompt__N10.json,29,9
Qwen3-1.7B-think|summary_prompt|N10|30,Qwen3-1.7B-think,summary_prompt,10,partC_Qwen3-1.7B-think__summary_prompt__N10.json,30,8
Qwen3-1.7B-think|summary_prompt|N10|31,Qwen3-1.7B-think,summary_prompt,10,partC_Qwen3-1.7B-think__summary_prompt__N10.json,31,9
Qwen3-1.7B-think|summary_prompt|N10|32,Qwen3-1.7B-think,summary_prompt,10,partC_Qwen3-1.7B-think__summary_prompt__N10.json,32,4
Qwen3-1.7B-think|summary_prompt|N10|33,Qwen3-1.7B-think,summary_prompt,10,partC_Qwen3-1.7B-think__summary_prompt__N10.json,33,9
Qwen3-1.7B-think|summary_prompt|N10|34,Qwen3-1.7B-think,summary_prompt,10,partC_Qwen3-1.7B-think__summary_prompt__N10.json,34,4
Qwen3-1.7B-think|summary_prompt|N10|35,Qwen3-1.7B-think,summary_prompt,10,partC_Qwen3-1.7B-think__summary_prompt__N10.json,35,9
Qwen3-1.7B-think|summary_prompt|N10|36,Qwen3-1.7B-think,summary_prompt,10,partC_Qwen3-1.7B-think__summary_prompt__N10.json,36,8
Qwen3-1.7B-think|summary_prompt|N10|37,Qwen3-1.7B-think,summary_prompt,10,partC_Qwen3-1.7B-think__summary_prompt__N10.json,37,9
Qwen3-1.7B-think|summary_prompt|N10|38,Qwen3-1.7B-think,summary_prompt,10,partC_Qwen3-1.7B-think__summary_prompt__N10.json,38,9
Qwen3-1.7B-think|summary_prompt|N10|39,Qwen3-1.7B-think,summary_prompt,10,partC_Qwen3-1.7B-think__summary_prompt__N10.json,39,1
Qwen3-1.7B-think|summary_prompt|N10|40,Qwen3-1.7B-think,summary_prompt,10,partC_Qwen3-1.7B-think__summary_prompt__N10.json,40,7
Qwen3-1.7B-think|summary_prompt|N10|41,Qwen3-1.7B-think,summary_prompt,10,partC_Qwen3-1.7B-think__summary_prompt__N10.json,41,8
Qwen3-1.7B-think|summary_prompt|N10|42,Qwen3-1.7B-think,summary_prompt,10,partC_Qwen3-1.7B-think__summary_prompt__N10.json,42,7
Qwen3-1.7B-think|summary_prompt|N10|43,Qwen3-1.7B-think,summary_prompt,10,partC_Qwen3-1.7B-think__summary_prompt__N10.json,43,7
Qwen3-1.7B-think|summary_prompt|N10|44,Qwen3-1.7B-think,summary_prompt,10,partC_Qwen3-1.7B-think__summary_prompt__N10.json,44,9
Qwen3-1.7B-think|summary_prompt|N10|45,Qwen3-1.7B-think,summary_prompt,10,partC_Qwen3-1.7B-think__summary_prompt__N10.json,45,9
Qwen3-1.7B-think|summary_prompt|N10|46,Qwen3-1.7B-think,summary_prompt,10,partC_Qwen3-1.7B-think__summary_prompt__N10.json,46,6
Qwen3-1.7B-think|summary_prompt|N10|47,Qwen3-1.7B-think,summary_prompt,10,partC_Qwen3-1.7B-think__summary_prompt__N10.json,47,7
Qwen3-1.7B-think|summary_prompt|N10|48,Qwen3-1.7B-think,summary_prompt,10,partC_Qwen3-1.7B-think__summary_prompt__N10.json,48,6
Qwen3-1.7B-think|summary_prompt|N10|49,Qwen3-1.7B-think,summary_prompt,10,partC_Qwen3-1.7B-think__summary_prompt__N10.json,49,7
Qwen3-1.7B-think|summary_prompt|N10|50,Qwen3-1.7B-think,summary_prompt,10,partC_Qwen3-1.7B-think__summary_prompt__N10.json,50,6
Qwen3-1.7B-think|summary_prompt|N10|51,Qwen3-1.7B-think,summary_prompt,10,partC_Qwen3-1.7B-think__summary_prompt__N10.json,51,8
Qwen3-1.7B-think|summary_prompt|N10|52,Qwen3-1.7B-think,summary_prompt,10,partC_Qwen3-1.7B-think__summary_prompt__N10.json,52,9
Qwen3-1.7B-think|summary_prompt|N10|53,Qwen3-1.7B-think,summary_prompt,10,partC_Qwen3-1.7B-think__summary_prompt__N10.json,53,9
Qwen3-1.7B-think|summary_prompt|N10|54,Qwen3-1.7B-think,summary_prompt,10,partC_Qwen3-1.7B-think__summary_prompt__N10.json,54,7
Qwen3-1.7B-think|summary_prompt|N10|55,Qwen3-1.7B-think,summary_prompt,10,partC_Qwen3-1.7B-think__summary_prompt__N10.json,55,6
Qwen3-1.7B-think|summary_prompt|N10|56,Qwen3-1.7B-think,summary_prompt,10,partC_Qwen3-1.7B-think__summary_prompt__N10.json,56,6
Qwen3-1.7B-think|summary_prompt|N10|57,Qwen3-1.7B-think,summary_prompt,10,partC_Qwen3-1.7B-think__summary_prompt__N10.json,57,8
Qwen3-1.7B-think|summary_prompt|N10|58,Qwen3-1.7B-think,summary_prompt,10,partC_Qwen3-1.7B-think__summary_prompt__N10.json,58,6
Qwen3-1.7B-think|summary_prompt|N10|59,Qwen3-1.7B-think,summary_prompt,10,partC_Qwen3-1.7B-think__summary_prompt__N10.json,59,8
Qwen3-1.7B-think|summary_prompt|N10|60,Qwen3-1.7B-think,summary_prompt,10,partC_Qwen3-1.7B-think__summary_prompt__N10.json,60,7
Qwen3-1.7B-think|summary_prompt|N10|61,Qwen3-1.7B-think,summary_prompt,10,partC_Qwen3-1.7B-think__summary_prompt__N10.json,61,7
Qwen3-1.7B-think|summary_prompt|N10|62,Qwen3-1.7B-think,summary_prompt,10,partC_Qwen3-1.7B-think__summary_prompt__N10.json,62,8
Qwen3-1.7B-think|summary_prompt|N10|63,Qwen3-1.7B-think,summary_prompt,10,partC_Qwen3-1.7B-think__summary_prompt__N10.json,63,8
Qwen3-1.7B-think|summary_prompt|N10|64,Qwen3-1.7B-think,summary_prompt,10,partC_Qwen3-1.7B-think__summary_prompt__N10.json,64,9
Qwen3-1.7B-think|summary_prompt|N10|65,Qwen3-1.7B-think,summary_prompt,10,partC_Qwen3-1.7B-think__summary_prompt__N10.json,65,9
Qwen3-1.7B-think|summary_prompt|N10|66,Qwen3-1.7B-think,summary_prompt,10,partC_Qwen3-1.7B-think__summary_prompt__N10.json,66,7
Qwen3-1.7B-think|summary_prompt|N10|67,Qwen3-1.7B-think,summary_prompt,10,partC_Qwen3-1.7B-think__summary_prompt__N10.json,67,6
Qwen3-1.7B-think|summary_prompt|N10|68,Qwen3-1.7B-think,summary_prompt,10,partC_Qwen3-1.7B-think__summary_prompt__N10.json,68,4
Qwen3-1.7B-think|summary_prompt|N10|69,Qwen3-1.7B-think,summary_prompt,10,partC_Qwen3-1.7B-think__summary_prompt__N10.json,69,7
Qwen3-1.7B-think|summary_prompt|N10|70,Qwen3-1.7B-think,summary_prompt,10,partC_Qwen3-1.7B-think__summary_prompt__N10.json,70,8
Qwen3-1.7B-think|summary_prompt|N10|71,Qwen3-1.7B-think,summary_prompt,10,partC_Qwen3-1.7B-think__summary_prompt__N10.json,71,6
Qwen3-1.7B-think|summary_prompt|N10|72,Qwen3-1.7B-think,summary_prompt,10,partC_Qwen3-1.7B-think__summary_prompt__N10.json,72,8
Qwen3-1.7B-think|summary_prompt|N10|73,Qwen3-1.7B-think,summary_prompt,10,partC_Qwen3-1.7B-think__summary_prompt__N10.json,73,9
Qwen3-1.7B-think|summary_prompt|N10|74,Qwen3-1.7B-think,summary_prompt,10,partC_Qwen3-1.7B-think__summary_prompt__N10.json,74,7
Qwen3-1.7B-think|summary_prompt|N10|75,Qwen3-1.7B-think,summary_prompt,10,partC_Qwen3-1.7B-think__summary_prompt__N10.json,75,7
Qwen3-1.7B-think|summary_prompt|N10|76,Qwen3-1.7B-think,summary_prompt,10,partC_Qwen3-1.7B-think__summary_prompt__N10.json,76,9
Qwen3-1.7B-think|summary_prompt|N10|77,Qwen3-1.7B-think,summary_prompt,10,partC_Qwen3-1.7B-think__summary_prompt__N10.json,77,6
Qwen3-1.7B-think|summary_prompt|N10|78,Qwen3-1.7B-think,summary_prompt,10,partC_Qwen3-1.7B-think__summary_prompt__N10.json,78,7
Qwen3-1.7B-think|summary_prompt|N10|79,Qwen3-1.7B-think,summary_prompt,10,partC_Qwen3-1.7B-think__summary_prompt__N10.json,79,7
Qwen3-1.7B-think|summary_prompt|N10|80,Qwen3-1.7B-think,summary_prompt,10,partC_Qwen3-1.7B-think__summary_prompt__N10.json,80,9
Qwen3-1.7B-think|summary_prompt|N10|81,Qwen3-1.7B-think,summary_prompt,10,partC_Qwen3-1.7B-think__summary_prompt__N10.json,81,9
Qwen3-1.7B-think|summary_prompt|N10|82,Qwen3-1.7B-think,summary_prompt,10,partC_Qwen3-1.7B-think__summary_prompt__N10.json,82,9
Qwen3-1.7B-think|summary_prompt|N10|83,Qwen3-1.7B-think,summary_prompt,10,partC_Qwen3-1.7B-think__summary_prompt__N10.json,83,9
Qwen3-1.7B-think|summary_prompt|N10|84,Qwen3-1.7B-think,summary_prompt,10,partC_Qwen3-1.7B-think__summary_prompt__N10.json,84,9
Qwen3-1.7B-think|summary_prompt|N10|85,Qwen3-1.7B-think,summary_prompt,10,partC_Qwen3-1.7B-think__summary_prompt__N10.json,85,9
Qwen3-1.7B-think|summary_prompt|N10|86,Qwen3-1.7B-think,summary_prompt,10,partC_Qwen3-1.7B-think__summary_prompt__N10.json,86,9
Qwen3-1.7B-think|summary_prompt|N10|87,Qwen3-1.7B-think,summary_prompt,10,partC_Qwen3-1.7B-think__summary_prompt__N10.json,87,9
Qwen3-1.7B-think|summary_prompt|N10|88,Qwen3-1.7B-think,summary_prompt,10,partC_Qwen3-1.7B-think__summary_prompt__N10.json,88,8
Qwen3-1.7B-think|summary_prompt|N10|89,Qwen3-1.7B-think,summary_prompt,10,partC_Qwen3-1.7B-think__summary_prompt__N10.json,89,9
Qwen3-1.7B-think|summary_prompt|N10|90,Qwen3-1.7B-think,summary_prompt,10,partC_Qwen3-1.7B-think__summary_prompt__N10.json,90,9
Qwen3-1.7B-think|summary_prompt|N10|91,Qwen3-1.7B-think,summary_prompt,10,partC_Qwen3-1.7B-think__summary_prompt__N10.json,91,9
Qwen3-1.7B-think|summary_prompt|N10|92,Qwen3-1.7B-think,summary_prompt,10,partC_Qwen3-1.7B-think__summary_prompt__N10.json,92,9
Qwen3-1.7B-think|summary_prompt|N10|93,Qwen3-1.7B-think,summary_prompt,10,partC_Qwen3-1.7B-think__summary_prompt__N10.json,93,9
Qwen3-1.7B-think|summary_prompt|N10|94,Qwen3-1.7B-think,summary_prompt,10,partC_Qwen3-1.7B-think__summary_prompt__N10.json,94,9
Qwen3-1.7B-think|summary_prompt|N10|95,Qwen3-1.7B-think,summary_prompt,10,partC_Qwen3-1.7B-think__summary_prompt__N10.json,95,9
Qwen3-1.7B-think|summary_prompt|N10|96,Qwen3-1.7B-think,summary_prompt,10,partC_Qwen3-1.7B-think__summary_prompt__N10.json,96,9
Qwen3-1.7B-think|summary_prompt|N10|97,Qwen3-1.7B-think,summary_prompt,10,partC_Qwen3-1.7B-think__summary_prompt__N10.json,97,9
Qwen3-1.7B-think|summary_prompt|N10|98,Qwen3-1.7B-think,summary_prompt,10,partC_Qwen3-1.7B-think__summary_prompt__N10.json,98,9
Qwen3-1.7B-think|summary_prompt|N10|99,Qwen3-1.7B-think,summary_prompt,10,partC_Qwen3-1.7B-think__summary_prompt__N10.json,99,9
Qwen3-1.7B-think|summary_prompt|N10|100,Qwen3-1.7B-think,summary_prompt,10,partC_Qwen3-1.7B-think__summary_prompt__N10.json,100,10
Qwen3-1.7B-think|summary_prompt|N10|101,Qwen3-1.7B-think,summary_prompt,10,partC_Qwen3-1.7B-think__summary_prompt__N10.json,101,9
Qwen3-1.7B-think|summary_prompt|N10|102,Qwen3-1.7B-think,summary_prompt,10,partC_Qwen3-1.7B-think__summary_prompt__N10.json,102,9
Qwen3-1.7B-think|summary_prompt|N10|103,Qwen3-1.7B-think,summary_prompt,10,partC_Qwen3-1.7B-think__summary_prompt__N10.json,103,9
Qwen3-1.7B-think|summary_prompt|N10|104,Qwen3-1.7B-think,summary_prompt,10,partC_Qwen3-1.7B-think__summary_prompt__N10.json,104,9
Qwen3-1.7B-think|summary_prompt|N10|105,Qwen3-1.7B-think,summary_prompt,10,partC_Qwen3-1.7B-think__summary_prompt__N10.json,105,9
Qwen3-1.7B-think|summary_prompt|N10|106,Qwen3-1.7B-think,summary_prompt,10,partC_Qwen3-1.7B-think__summary_prompt__N10.json,106,9
Qwen3-1.7B-think|summary_prompt|N10|107,Qwen3-1.7B-think,summary_prompt,10,partC_Qwen3-1.7B-think__summary_prompt__N10.json,107,9
Qwen3-1.7B-think|summary_prompt|N10|108,Qwen3-1.7B-think,summary_prompt,10,partC_Qwen3-1.7B-think__summary_prompt__N10.json,108,7
Qwen3-1.7B-think|summary_prompt|N10|109,Qwen3-1.7B-think,summary_prompt,10,partC_Qwen3-1.7B-think__summary_prompt__N10.json,109,9
Qwen3-1.7B-think|summary_prompt|N10|110,Qwen3-1.7B-think,summary_prompt,10,partC_Qwen3-1.7B-think__summary_prompt__N10.json,110,9
Qwen3-1.7B-think|summary_prompt|N10|111,Qwen3-1.7B-think,summary_prompt,10,partC_Qwen3-1.7B-think__summary_prompt__N10.json,111,9
Qwen3-1.7B-think|summary_prompt|N10|112,Qwen3-1.7B-think,summary_prompt,10,partC_Qwen3-1.7B-think__summary_prompt__N10.json,112,9
Qwen3-1.7B-think|summary_prompt|N10|113,Qwen3-1.7B-think,summary_prompt,10,partC_Qwen3-1.7B-think__summary_prompt__N10.json,113,9
Qwen3-1.7B-think|summary_prompt|N10|114,Qwen3-1.7B-think,summary_prompt,10,partC_Qwen3-1.7B-think__summary_prompt__N10.json,114,9
Qwen3-1.7B-think|summary_prompt|N10|115,Qwen3-1.7B-think,summary_prompt,10,partC_Qwen3-1.7B-think__summary_prompt__N10.json,115,9
Qwen3-1.7B-think|summary_prompt|N10|116,Qwen3-1.7B-think,summary_prompt,10,partC_Qwen3-1.7B-think__summary_prompt__N10.json,116,9
Qwen3-1.7B-think|summary_prompt|N10|117,Qwen3-1.7B-think,summary_prompt,10,partC_Qwen3-1.7B-think__summary_prompt__N10.json,117,9
Qwen3-1.7B-think|summary_prompt|N10|118,Qwen3-1.7B-think,summary_prompt,10,partC_Qwen3-1.7B-think__summary_prompt__N10.json,118,9
Qwen3-1.7B-think|summary_prompt|N10|119,Qwen3-1.7B-think,summary_prompt,10,partC_Qwen3-1.7B-think__summary_prompt__N10.json,119,9
Qwen3-1.7B-think|summary_prompt|N10|120,Qwen3-1.7B-think,summary_prompt,10,partC_Qwen3-1.7B-think__summary_prompt__N10.json,120,9
Qwen3-1.7B-think|summary_prompt|N10|121,Qwen3-1.7B-think,summary_prompt,10,partC_Qwen3-1.7B-think__summary_prompt__N10.json,121,9
Qwen3-1.7B-think|summary_prompt|N10|122,Qwen3-1.7B-think,summary_prompt,10,partC_Qwen3-1.7B-think__summary_prompt__N10.json,122,9
Qwen3-1.7B-think|summary_prompt|N10|123,Qwen3-1.7B-think,summary_prompt,10,partC_Qwen3-1.7B-think__summary_prompt__N10.json,123,9
Qwen3-1.7B-think|summary_prompt|N10|124,Qwen3-1.7B-think,summary_prompt,10,partC_Qwen3-1.7B-think__summary_prompt__N10.json,124,9
Qwen3-1.7B-think|summary_prompt|N10|125,Qwen3-1.7B-think,summary_prompt,10,partC_Qwen3-1.7B-think__summary_prompt__N10.json,125,10
Qwen3-1.7B-think|summary_prompt|N10|126,Qwen3-1.7B-think,summary_prompt,10,partC_Qwen3-1.7B-think__summary_prompt__N10.json,126,9
Qwen3-1.7B-think|summary_prompt|N10|127,Qwen3-1.7B-think,summary_prompt,10,partC_Qwen3-1.7B-think__summary_prompt__N10.json,127,9
Qwen3-1.7B-think|summary_prompt|N10|128,Qwen3-1.7B-think,summary_prompt,10,partC_Qwen3-1.7B-think__summary_prompt__N10.json,128,9
Qwen3-1.7B-think|summary_prompt|N10|129,Qwen3-1.7B-think,summary_prompt,10,partC_Qwen3-1.7B-think__summary_prompt__N10.json,129,9
Qwen3-1.7B-think|summary_prompt|N10|130,Qwen3-1.7B-think,summary_prompt,10,partC_Qwen3-1.7B-think__summary_prompt__N10.json,130,9
Qwen3-1.7B-think|summary_prompt|N10|131,Qwen3-1.7B-think,summary_prompt,10,partC_Qwen3-1.7B-think__summary_prompt__N10.json,131,9
Qwen3-1.7B-think|summary_prompt|N10|132,Qwen3-1.7B-think,summary_prompt,10,partC_Qwen3-1.7B-think__summary_prompt__N10.json,132,9
Qwen3-1.7B-think|summary_prompt|N10|133,Qwen3-1.7B-think,summary_prompt,10,partC_Qwen3-1.7B-think__summary_prompt__N10.json,133,10
Qwen3-1.7B-think|summary_prompt|N10|134,Qwen3-1.7B-think,summary_prompt,10,partC_Qwen3-1.7B-think__summary_prompt__N10.json,134,9
Qwen3-1.7B-think|summary_prompt|N10|135,Qwen3-1.7B-think,summary_prompt,10,partC_Qwen3-1.7B-think__summary_prompt__N10.json,135,10
Qwen3-1.7B-think|summary_prompt|N10|136,Qwen3-1.7B-think,summary_prompt,10,partC_Qwen3-1.7B-think__summary_prompt__N10.json,136,9
Qwen3-1.7B-think|summary_prompt|N10|137,Qwen3-1.7B-think,summary_prompt,10,partC_Qwen3-1.7B-think__summary_prompt__N10.json,137,9
Qwen3-1.7B-think|summary_prompt|N10|138,Qwen3-1.7B-think,summary_prompt,10,partC_Qwen3-1.7B-think__summary_prompt__N10.json,138,9
Qwen3-1.7B-think|summary_prompt|N10|139,Qwen3-1.7B-think,summary_prompt,10,partC_Qwen3-1.7B-think__summary_prompt__N10.json,139,9
Qwen3-1.7B-think|summary_prompt|N10|140,Qwen3-1.7B-think,summary_prompt,10,partC_Qwen3-1.7B-think__summary_prompt__N10.json,140,9
Qwen3-1.7B-think|summary_prompt|N10|141,Qwen3-1.7B-think,summary_prompt,10,partC_Qwen3-1.7B-think__summary_prompt__N10.json,141,8
Qwen3-1.7B-think|summary_prompt|N10|142,Qwen3-1.7B-think,summary_prompt,10,partC_Qwen3-1.7B-think__summary_prompt__N10.json,142,9
Qwen3-1.7B-think|summary_prompt|N10|143,Qwen3-1.7B-think,summary_prompt,10,partC_Qwen3-1.7B-think__summary_prompt__N10.json,143,9
Qwen3-1.7B-think|summary_prompt|N10|144,Qwen3-1.7B-think,summary_prompt,10,partC_Qwen3-1.7B-think__summary_prompt__N10.json,144,9
Qwen3-1.7B-think|summary_prompt|N10|145,Qwen3-1.7B-think,summary_prompt,10,partC_Qwen3-1.7B-think__summary_prompt__N10.json,145,7
Qwen3-1.7B-think|summary_prompt|N10|146,Qwen3-1.7B-think,summary_prompt,10,partC_Qwen3-1.7B-think__summary_prompt__N10.json,146,8
Qwen3-1.7B-think|summary_prompt|N10|147,Qwen3-1.7B-think,summary_prompt,10,partC_Qwen3-1.7B-think__summary_prompt__N10.json,147,6
Qwen3-1.7B-think|summary_prompt|N10|148,Qwen3-1.7B-think,summary_prompt,10,partC_Qwen3-1.7B-think__summary_prompt__N10.json,148,9
Qwen3-1.7B-think|summary_prompt|N10|149,Qwen3-1.7B-think,summary_prompt,10,partC_Qwen3-1.7B-think__summary_prompt__N10.json,149,6
Qwen3-1.7B-think|summary_prompt|N10|150,Qwen3-1.7B-think,summary_prompt,10,partC_Qwen3-1.7B-think__summary_prompt__N10.json,150,9
Qwen3-1.7B-think|summary_prompt|N10|151,Qwen3-1.7B-think,summary_prompt,10,partC_Qwen3-1.7B-think__summary_prompt__N10.json,151,6
Qwen3-1.7B-think|summary_prompt|N10|152,Qwen3-1.7B-think,summary_prompt,10,partC_Qwen3-1.7B-think__summary_prompt__N10.json,152,7
Qwen3-1.7B-think|summary_prompt|N10|153,Qwen3-1.7B-think,summary_prompt,10,partC_Qwen3-1.7B-think__summary_prompt__N10.json,153,7
Qwen3-1.7B-think|summary_prompt|N10|154,Qwen3-1.7B-think,summary_prompt,10,partC_Qwen3-1.7B-think__summary_prompt__N10.json,154,9
Qwen3-1.7B-think|summary_prompt|N10|155,Qwen3-1.7B-think,summary_prompt,10,partC_Qwen3-1.7B-think__summary_prompt__N10.json,155,8
Qwen3-1.7B-think|summary_prompt|N10|156,Qwen3-1.7B-think,summary_prompt,10,partC_Qwen3-1.7B-think__summary_prompt__N10.json,156,9
Qwen3-1.7B-think|summary_prompt|N10|157,Qwen3-1.7B-think,summary_prompt,10,partC_Qwen3-1.7B-think__summary_prompt__N10.json,157,9
Qwen3-1.7B-think|summary_prompt|N10|158,Qwen3-1.7B-think,summary_prompt,10,partC_Qwen3-1.7B-think__summary_prompt__N10.json,158,6
Qwen3-1.7B-think|summary_prompt|N10|159,Qwen3-1.7B-think,summary_prompt,10,partC_Qwen3-1.7B-think__summary_prompt__N10.json,159,9
Qwen3-1.7B-think|summary_prompt|N10|160,Qwen3-1.7B-think,summary_prompt,10,partC_Qwen3-1.7B-think__summary_prompt__N10.json,160,9
Qwen3-1.7B-think|summary_prompt|N10|161,Qwen3-1.7B-think,summary_prompt,10,partC_Qwen3-1.7B-think__summary_prompt__N10.json,161,9
Qwen3-1.7B-think|summary_prompt|N10|162,Qwen3-1.7B-think,summary_prompt,10,partC_Qwen3-1.7B-think__summary_prompt__N10.json,162,9
Qwen3-1.7B-think|summary_prompt|N10|163,Qwen3-1.7B-think,summary_prompt,10,partC_Qwen3-1.7B-think__summary_prompt__N10.json,163,9
Qwen3-1.7B-think|summary_prompt|N10|164,Qwen3-1.7B-think,summary_prompt,10,partC_Qwen3-1.7B-think__summary_prompt__N10.json,164,7
Qwen3-1.7B-think|summary_prompt|N10|165,Qwen3-1.7B-think,summary_prompt,10,partC_Qwen3-1.7B-think__summary_prompt__N10.json,165,9
Qwen3-1.7B-think|summary_prompt|N10|166,Qwen3-1.7B-think,summary_prompt,10,partC_Qwen3-1.7B-think__summary_prompt__N10.json,166,9
Qwen3-1.7B-think|summary_prompt|N10|167,Qwen3-1.7B-think,summary_prompt,10,partC_Qwen3-1.7B-think__summary_prompt__N10.json,167,8
Qwen3-1.7B-think|summary_prompt|N10|168,Qwen3-1.7B-think,summary_prompt,10,partC_Qwen3-1.7B-think__summary_prompt__N10.json,168,9
Qwen3-1.7B-think|summary_prompt|N10|169,Qwen3-1.7B-think,summary_prompt,10,partC_Qwen3-1.7B-think__summary_prompt__N10.json,169,9
Qwen3-1.7B-think|summary_prompt|N10|170,Qwen3-1.7B-think,summary_prompt,10,partC_Qwen3-1.7B-think__summary_prompt__N10.json,170,9
Qwen3-1.7B-think|summary_prompt|N10|171,Qwen3-1.7B-think,summary_prompt,10,partC_Qwen3-1.7B-think__summary_prompt__N10.json,171,8
Qwen3-1.7B-think|summary_prompt|N10|172,Qwen3-1.7B-think,summary_prompt,10,partC_Qwen3-1.7B-think__summary_prompt__N10.json,172,9
Qwen3-1.7B-think|summary_prompt|N10|173,Qwen3-1.7B-think,summary_prompt,10,partC_Qwen3-1.7B-think__summary_prompt__N10.json,173,9
Qwen3-1.7B-think|summary_prompt|N10|174,Qwen3-1.7B-think,summary_prompt,10,partC_Qwen3-1.7B-think__summary_prompt__N10.json,174,7
Qwen3-1.7B-think|summary_prompt|N10|175,Qwen3-1.7B-think,summary_prompt,10,partC_Qwen3-1.7B-think__summary_prompt__N10.json,175,8
Qwen3-1.7B-think|summary_prompt|N10|176,Qwen3-1.7B-think,summary_prompt,10,partC_Qwen3-1.7B-think__summary_prompt__N10.json,176,9
Qwen3-1.7B-think|summary_prompt|N10|177,Qwen3-1.7B-think,summary_prompt,10,partC_Qwen3-1.7B-think__summary_prompt__N10.json,177,6
Qwen3-1.7B-think|summary_prompt|N10|178,Qwen3-1.7B-think,summary_prompt,10,partC_Qwen3-1.7B-think__summary_prompt__N10.json,178,9
Qwen3-1.7B-think|summary_prompt|N10|179,Qwen3-1.7B-think,summary_prompt,10,partC_Qwen3-1.7B-think__summary_prompt__N10.json,179,9
Qwen3-1.7B-think|summary_prompt|N10|180,Qwen3-1.7B-think,summary_prompt,10,partC_Qwen3-1.7B-think__summary_prompt__N10.json,180,6
Qwen3-1.7B-think|summary_prompt|N10|181,Qwen3-1.7B-think,summary_prompt,10,partC_Qwen3-1.7B-think__summary_prompt__N10.json,181,9
Qwen3-1.7B-think|summary_prompt|N10|182,Qwen3-1.7B-think,summary_prompt,10,partC_Qwen3-1.7B-think__summary_prompt__N10.json,182,9
Qwen3-1.7B-think|summary_prompt|N10|183,Qwen3-1.7B-think,summary_prompt,10,partC_Qwen3-1.7B-think__summary_prompt__N10.json,183,9
Qwen3-1.7B-think|summary_prompt|N10|184,Qwen3-1.7B-think,summary_prompt,10,partC_Qwen3-1.7B-think__summary_prompt__N10.json,184,7
Qwen3-1.7B-think|summary_prompt|N10|185,Qwen3-1.7B-think,summary_prompt,10,partC_Qwen3-1.7B-think__summary_prompt__N10.json,185,9
Qwen3-1.7B-think|summary_prompt|N10|186,Qwen3-1.7B-think,summary_prompt,10,partC_Qwen3-1.7B-think__summary_prompt__N10.json,186,9
Qwen3-1.7B-think|summary_prompt|N10|187,Qwen3-1.7B-think,summary_prompt,10,partC_Qwen3-1.7B-think__summary_prompt__N10.json,187,9
Qwen3-1.7B-think|summary_prompt|N10|188,Qwen3-1.7B-think,summary_prompt,10,partC_Qwen3-1.7B-think__summary_prompt__N10.json,188,7
Qwen3-1.7B-think|summary_prompt|N10|189,Qwen3-1.7B-think,summary_prompt,10,partC_Qwen3-1.7B-think__summary_prompt__N10.json,189,7
Qwen3-1.7B-think|summary_prompt|N10|190,Qwen3-1.7B-think,summary_prompt,10,partC_Qwen3-1.7B-think__summary_prompt__N10.json,190,9
Qwen3-1.7B-think|summary_prompt|N10|191,Qwen3-1.7B-think,summary_prompt,10,partC_Qwen3-1.7B-think__summary_prompt__N10.json,191,9
Qwen3-1.7B-think|summary_prompt|N10|192,Qwen3-1.7B-think,summary_prompt,10,partC_Qwen3-1.7B-think__summary_prompt__N10.json,192,7
Qwen3-1.7B-think|summary_prompt|N10|193,Qwen3-1.7B-think,summary_prompt,10,partC_Qwen3-1.7B-think__summary_prompt__N10.json,193,7
Qwen3-1.7B-think|summary_prompt|N10|194,Qwen3-1.7B-think,summary_prompt,10,partC_Qwen3-1.7B-think__summary_prompt__N10.json,194,7
Qwen3-1.7B-think|summary_prompt|N10|195,Qwen3-1.7B-think,summary_prompt,10,partC_Qwen3-1.7B-think__summary_prompt__N10.json,195,8
Qwen3-1.7B-think|summary_prompt|N10|196,Qwen3-1.7B-think,summary_prompt,10,partC_Qwen3-1.7B-think__summary_prompt__N10.json,196,9
Qwen3-1.7B-think|summary_prompt|N10|197,Qwen3-1.7B-think,summary_prompt,10,partC_Qwen3-1.7B-think__summary_prompt__N10.json,197,6
Qwen3-1.7B-think|summary_prompt|N10|198,Qwen3-1.7B-think,summary_prompt,10,partC_Qwen3-1.7B-think__summary_prompt__N10.json,198,6
Qwen3-1.7B-think|summary_prompt|N10|199,Qwen3-1.7B-think,summary_prompt,10,partC_Qwen3-1.7B-think__summary_prompt__N10.json,199,7
Qwen3-1.7B-think|summary_prompt|N10|200,Qwen3-1.7B-think,summary_prompt,10,partC_Qwen3-1.7B-think__summary_prompt__N10.json,200,4
Qwen3-1.7B-think|summary_prompt|N10|201,Qwen3-1.7B-think,summary_prompt,10,partC_Qwen3-1.7B-think__summary_prompt__N10.json,201,4
Qwen3-1.7B-think|summary_prompt|N10|202,Qwen3-1.7B-think,summary_prompt,10,partC_Qwen3-1.7B-think__summary_prompt__N10.json,202,9
Qwen3-1.7B-think|summary_prompt|N10|203,Qwen3-1.7B-think,summary_prompt,10,partC_Qwen3-1.7B-think__summary_prompt__N10.json,203,9
Qwen3-1.7B-think|summary_prompt|N10|204,Qwen3-1.7B-think,summary_prompt,10,partC_Qwen3-1.7B-think__summary_prompt__N10.json,204,9
Qwen3-1.7B-think|summary_prompt|N10|205,Qwen3-1.7B-think,summary_prompt,10,partC_Qwen3-1.7B-think__summary_prompt__N10.json,205,8
Qwen3-1.7B-think|summary_prompt|N10|206,Qwen3-1.7B-think,summary_prompt,10,partC_Qwen3-1.7B-think__summary_prompt__N10.json,206,9
Qwen3-1.7B-think|summary_prompt|N10|207,Qwen3-1.7B-think,summary_prompt,10,partC_Qwen3-1.7B-think__summary_prompt__N10.json,207,9
Qwen3-1.7B-think|summary_prompt|N10|208,Qwen3-1.7B-think,summary_prompt,10,partC_Qwen3-1.7B-think__summary_prompt__N10.json,208,9
Qwen3-1.7B-think|summary_prompt|N10|209,Qwen3-1.7B-think,summary_prompt,10,partC_Qwen3-1.7B-think__summary_prompt__N10.json,209,8
Qwen3-1.7B-think|summary_prompt|N10|210,Qwen3-1.7B-think,summary_prompt,10,partC_Qwen3-1.7B-think__summary_prompt__N10.json,210,9
Qwen3-1.7B-think|summary_prompt|N10|211,Qwen3-1.7B-think,summary_prompt,10,partC_Qwen3-1.7B-think__summary_prompt__N10.json,211,9
Qwen3-1.7B-think|summary_prompt|N10|212,Qwen3-1.7B-think,summary_prompt,10,partC_Qwen3-1.7B-think__summary_prompt__N10.json,212,7
Qwen3-1.7B-think|summary_prompt|N10|213,Qwen3-1.7B-think,summary_prompt,10,partC_Qwen3-1.7B-think__summary_prompt__N10.json,213,6
Qwen3-1.7B-think|summary_prompt|N10|214,Qwen3-1.7B-think,summary_prompt,10,partC_Qwen3-1.7B-think__summary_prompt__N10.json,214,9
Qwen3-1.7B-think|summary_prompt|N10|215,Qwen3-1.7B-think,summary_prompt,10,partC_Qwen3-1.7B-think__summary_prompt__N10.json,215,9
Qwen3-1.7B-think|summary_prompt|N10|216,Qwen3-1.7B-think,summary_prompt,10,partC_Qwen3-1.7B-think__summary_prompt__N10.json,216,9
Qwen3-1.7B-think|summary_prompt|N10|217,Qwen3-1.7B-think,summary_prompt,10,partC_Qwen3-1.7B-think__summary_prompt__N10.json,217,9
Qwen3-1.7B-think|summary_prompt|N10|218,Qwen3-1.7B-think,summary_prompt,10,partC_Qwen3-1.7B-think__summary_prompt__N10.json,218,9
Qwen3-1.7B-think|summary_prompt|N10|219,Qwen3-1.7B-think,summary_prompt,10,partC_Qwen3-1.7B-think__summary_prompt__N10.json,219,9
Qwen3-1.7B-think|summary_prompt|N10|220,Qwen3-1.7B-think,summary_prompt,10,partC_Qwen3-1.7B-think__summary_prompt__N10.json,220,9
Qwen3-1.7B-think|summary_prompt|N10|221,Qwen3-1.7B-think,summary_prompt,10,partC_Qwen3-1.7B-think__summary_prompt__N10.json,221,9
Qwen3-1.7B-think|summary_prompt|N10|222,Qwen3-1.7B-think,summary_prompt,10,partC_Qwen3-1.7B-think__summary_prompt__N10.json,222,9
Qwen3-1.7B-think|summary_prompt|N10|223,Qwen3-1.7B-think,summary_prompt,10,partC_Qwen3-1.7B-think__summary_prompt__N10.json,223,9
Qwen3-1.7B-think|summary_prompt|N10|224,Qwen3-1.7B-think,summary_prompt,10,partC_Qwen3-1.7B-think__summary_prompt__N10.json,224,9
Qwen3-1.7B-think|summary_prompt|N10|225,Qwen3-1.7B-think,summary_prompt,10,partC_Qwen3-1.7B-think__summary_prompt__N10.json,225,7
Qwen3-1.7B-think|summary_prompt|N10|226,Qwen3-1.7B-think,summary_prompt,10,partC_Qwen3-1.7B-think__summary_prompt__N10.json,226,9
Qwen3-1.7B-think|summary_prompt|N10|227,Qwen3-1.7B-think,summary_prompt,10,partC_Qwen3-1.7B-think__summary_prompt__N10.json,227,9
Qwen3-1.7B-think|summary_prompt|N10|228,Qwen3-1.7B-think,summary_prompt,10,partC_Qwen3-1.7B-think__summary_prompt__N10.json,228,9
Qwen3-1.7B-think|summary_prompt|N10|229,Qwen3-1.7B-think,summary_prompt,10,partC_Qwen3-1.7B-think__summary_prompt__N10.json,229,9
Qwen3-1.7B-think|summary_prompt|N10|230,Qwen3-1.7B-think,summary_prompt,10,partC_Qwen3-1.7B-think__summary_prompt__N10.json,230,9
Qwen3-1.7B-think|summary_prompt|N10|231,Qwen3-1.7B-think,summary_prompt,10,partC_Qwen3-1.7B-think__summary_prompt__N10.json,231,9
Qwen3-1.7B-think|summary_prompt|N10|232,Qwen3-1.7B-think,summary_prompt,10,partC_Qwen3-1.7B-think__summary_prompt__N10.json,232,9
Qwen3-1.7B-think|summary_prompt|N10|233,Qwen3-1.7B-think,summary_prompt,10,partC_Qwen3-1.7B-think__summary_prompt__N10.json,233,9
Qwen3-1.7B-think|summary_prompt|N10|234,Qwen3-1.7B-think,summary_prompt,10,partC_Qwen3-1.7B-think__summary_prompt__N10.json,234,7
Qwen3-1.7B-think|summary_prompt|N10|235,Qwen3-1.7B-think,summary_prompt,10,partC_Qwen3-1.7B-think__summary_prompt__N10.json,235,9
Qwen3-1.7B-think|summary_prompt|N10|236,Qwen3-1.7B-think,summary_prompt,10,partC_Qwen3-1.7B-think__summary_prompt__N10.json,236,9
Qwen3-1.7B-think|summary_prompt|N10|237,Qwen3-1.7B-think,summary_prompt,10,partC_Qwen3-1.7B-think__summary_prompt__N10.json,237,9
Qwen3-1.7B-think|summary_prompt|N10|238,Qwen3-1.7B-think,summary_prompt,10,partC_Qwen3-1.7B-think__summary_prompt__N10.json,238,9
Qwen3-1.7B-think|summary_prompt|N10|239,Qwen3-1.7B-think,summary_prompt,10,partC_Qwen3-1.7B-think__summary_prompt__N10.json,239,9
Qwen3-1.7B-think|summary_prompt|N10|240,Qwen3-1.7B-think,summary_prompt,10,partC_Qwen3-1.7B-think__summary_prompt__N10.json,240,9
Qwen3-1.7B-think|summary_prompt|N10|241,Qwen3-1.7B-think,summary_prompt,10,partC_Qwen3-1.7B-think__summary_prompt__N10.json,241,9
Qwen3-1.7B-think|summary_prompt|N10|242,Qwen3-1.7B-think,summary_prompt,10,partC_Qwen3-1.7B-think__summary_prompt__N10.json,242,9
Qwen3-1.7B-think|summary_prompt|N10|243,Qwen3-1.7B-think,summary_prompt,10,partC_Qwen3-1.7B-think__summary_prompt__N10.json,243,9
Qwen3-1.7B-think|summary_prompt|N10|244,Qwen3-1.7B-think,summary_prompt,10,partC_Qwen3-1.7B-think__summary_prompt__N10.json,244,9
Qwen3-1.7B-think|summary_prompt|N10|245,Qwen3-1.7B-think,summary_prompt,10,partC_Qwen3-1.7B-think__summary_prompt__N10.json,245,9
Qwen3-1.7B-think|summary_prompt|N10|246,Qwen3-1.7B-think,summary_prompt,10,partC_Qwen3-1.7B-think__summary_prompt__N10.json,246,9
Qwen3-1.7B-think|summary_prompt|N10|247,Qwen3-1.7B-think,summary_prompt,10,partC_Qwen3-1.7B-think__summary_prompt__N10.json,247,9
Qwen3-1.7B-think|summary_prompt|N10|248,Qwen3-1.7B-think,summary_prompt,10,partC_Qwen3-1.7B-think__summary_prompt__N10.json,248,9
Qwen3-1.7B-think|summary_prompt|N10|249,Qwen3-1.7B-think,summary_prompt,10,partC_Qwen3-1.7B-think__summary_prompt__N10.json,249,9
Qwen3-1.7B-think|summary_prompt|N10|250,Qwen3-1.7B-think,summary_prompt,10,partC_Qwen3-1.7B-think__summary_prompt__N10.json,250,9
Qwen3-1.7B-think|summary_prompt|N10|251,Qwen3-1.7B-think,summary_prompt,10,partC_Qwen3-1.7B-think__summary_prompt__N10.json,251,9
Qwen3-1.7B-think|summary_prompt|N10|252,Qwen3-1.7B-think,summary_prompt,10,partC_Qwen3-1.7B-think__summary_prompt__N10.json,252,9
Qwen3-1.7B-think|summary_prompt|N10|253,Qwen3-1.7B-think,summary_prompt,10,partC_Qwen3-1.7B-think__summary_prompt__N10.json,253,9
Qwen3-1.7B-think|summary_prompt|N10|254,Qwen3-1.7B-think,summary_prompt,10,partC_Qwen3-1.7B-think__summary_prompt__N10.json,254,9
Qwen3-1.7B-think|summary_prompt|N10|255,Qwen3-1.7B-think,summary_prompt,10,partC_Qwen3-1.7B-think__summary_prompt__N10.json,255,9
Qwen3-1.7B-think|summary_prompt|N10|256,Qwen3-1.7B-think,summary_prompt,10,partC_Qwen3-1.7B-think__summary_prompt__N10.json,256,9
Qwen3-1.7B-think|summary_prompt|N10|257,Qwen3-1.7B-think,summary_prompt,10,partC_Qwen3-1.7B-think__summary_prompt__N10.json,257,9
Qwen3-1.7B-think|summary_prompt|N10|258,Qwen3-1.7B-think,summary_prompt,10,partC_Qwen3-1.7B-think__summary_prompt__N10.json,258,9
Qwen3-1.7B-think|summary_prompt|N10|259,Qwen3-1.7B-think,summary_prompt,10,partC_Qwen3-1.7B-think__summary_prompt__N10.json,259,9
Qwen3-1.7B-think|summary_prompt|N10|260,Qwen3-1.7B-think,summary_prompt,10,partC_Qwen3-1.7B-think__summary_prompt__N10.json,260,9
Qwen3-1.7B-think|summary_prompt|N10|261,Qwen3-1.7B-think,summary_prompt,10,partC_Qwen3-1.7B-think__summary_prompt__N10.json,261,8
Qwen3-1.7B-think|summary_prompt|N10|262,Qwen3-1.7B-think,summary_prompt,10,partC_Qwen3-1.7B-think__summary_prompt__N10.json,262,9
Qwen3-1.7B-think|summary_prompt|N10|263,Qwen3-1.7B-think,summary_prompt,10,partC_Qwen3-1.7B-think__summary_prompt__N10.json,263,7
Qwen3-1.7B-think|summary_prompt|N10|264,Qwen3-1.7B-think,summary_prompt,10,partC_Qwen3-1.7B-think__summary_prompt__N10.json,264,6
Qwen3-1.7B-think|summary_prompt|N10|265,Qwen3-1.7B-think,summary_prompt,10,partC_Qwen3-1.7B-think__summary_prompt__N10.json,265,7
Qwen3-1.7B-think|summary_prompt|N10|266,Qwen3-1.7B-think,summary_prompt,10,partC_Qwen3-1.7B-think__summary_prompt__N10.json,266,7
Qwen3-1.7B-think|summary_prompt|N10|267,Qwen3-1.7B-think,summary_prompt,10,partC_Qwen3-1.7B-think__summary_prompt__N10.json,267,9
Qwen3-1.7B-think|summary_prompt|N10|268,Qwen3-1.7B-think,summary_prompt,10,partC_Qwen3-1.7B-think__summary_prompt__N10.json,268,9
Qwen3-1.7B-think|summary_prompt|N10|269,Qwen3-1.7B-think,summary_prompt,10,partC_Qwen3-1.7B-think__summary_prompt__N10.json,269,9
Qwen3-1.7B-think|summary_prompt|N10|270,Qwen3-1.7B-think,summary_prompt,10,partC_Qwen3-1.7B-think__summary_prompt__N10.json,270,9
Qwen3-1.7B-think|summary_prompt|N10|271,Qwen3-1.7B-think,summary_prompt,10,partC_Qwen3-1.7B-think__summary_prompt__N10.json,271,7
Qwen3-1.7B-think|summary_prompt|N10|272,Qwen3-1.7B-think,summary_prompt,10,partC_Qwen3-1.7B-think__summary_prompt__N10.json,272,7
Qwen3-1.7B-think|summary_prompt|N10|273,Qwen3-1.7B-think,summary_prompt,10,partC_Qwen3-1.7B-think__summary_prompt__N10.json,273,9
Qwen3-1.7B-think|summary_prompt|N10|274,Qwen3-1.7B-think,summary_prompt,10,partC_Qwen3-1.7B-think__summary_prompt__N10.json,274,9
Qwen3-1.7B-think|summary_prompt|N10|275,Qwen3-1.7B-think,summary_prompt,10,partC_Qwen3-1.7B-think__summary_prompt__N10.json,275,9
Qwen3-1.7B-think|summary_prompt|N10|276,Qwen3-1.7B-think,summary_prompt,10,partC_Qwen3-1.7B-think__summary_prompt__N10.json,276,6
Qwen3-1.7B-think|summary_prompt|N10|277,Qwen3-1.7B-think,summary_prompt,10,partC_Qwen3-1.7B-think__summary_prompt__N10.json,277,6
Qwen3-1.7B-think|summary_prompt|N10|278,Qwen3-1.7B-think,summary_prompt,10,partC_Qwen3-1.7B-think__summary_prompt__N10.json,278,9
Qwen3-1.7B-think|summary_prompt|N10|279,Qwen3-1.7B-think,summary_prompt,10,partC_Qwen3-1.7B-think__summary_prompt__N10.json,279,7
Qwen3-1.7B-think|summary_prompt|N10|280,Qwen3-1.7B-think,summary_prompt,10,partC_Qwen3-1.7B-think__summary_prompt__N10.json,280,9
Qwen3-1.7B-think|summary_prompt|N10|281,Qwen3-1.7B-think,summary_prompt,10,partC_Qwen3-1.7B-think__summary_prompt__N10.json,281,8
Qwen3-1.7B-think|summary_prompt|N10|282,Qwen3-1.7B-think,summary_prompt,10,partC_Qwen3-1.7B-think__summary_prompt__N10.json,282,9
Qwen3-1.7B-think|summary_prompt|N10|283,Qwen3-1.7B-think,summary_prompt,10,partC_Qwen3-1.7B-think__summary_prompt__N10.json,283,8
Qwen3-1.7B-think|summary_prompt|N10|284,Qwen3-1.7B-think,summary_prompt,10,partC_Qwen3-1.7B-think__summary_prompt__N10.json,284,7
Qwen3-1.7B-think|summary_prompt|N10|285,Qwen3-1.7B-think,summary_prompt,10,partC_Qwen3-1.7B-think__summary_prompt__N10.json,285,9
Qwen3-1.7B-think|summary_prompt|N10|286,Qwen3-1.7B-think,summary_prompt,10,partC_Qwen3-1.7B-think__summary_prompt__N10.json,286,8
Qwen3-1.7B-think|summary_prompt|N10|287,Qwen3-1.7B-think,summary_prompt,10,partC_Qwen3-1.7B-think__summary_prompt__N10.json,287,9
Qwen3-1.7B-think|summary_prompt|N10|288,Qwen3-1.7B-think,summary_prompt,10,partC_Qwen3-1.7B-think__summary_prompt__N10.json,288,7
Qwen3-1.7B-think|summary_prompt|N10|289,Qwen3-1.7B-think,summary_prompt,10,partC_Qwen3-1.7B-think__summary_prompt__N10.json,289,9
Qwen3-1.7B-think|summary_prompt|N10|290,Qwen3-1.7B-think,summary_prompt,10,partC_Qwen3-1.7B-think__summary_prompt__N10.json,290,9
Qwen3-1.7B-think|summary_prompt|N10|291,Qwen3-1.7B-think,summary_prompt,10,partC_Qwen3-1.7B-think__summary_prompt__N10.json,291,9
Qwen3-1.7B-think|summary_prompt|N10|292,Qwen3-1.7B-think,summary_prompt,10,partC_Qwen3-1.7B-think__summary_prompt__N10.json,292,9
Qwen3-1.7B-think|summary_prompt|N10|293,Qwen3-1.7B-think,summary_prompt,10,partC_Qwen3-1.7B-think__summary_prompt__N10.json,293,9
Qwen3-1.7B-think|summary_prompt|N10|294,Qwen3-1.7B-think,summary_prompt,10,partC_Qwen3-1.7B-think__summary_prompt__N10.json,294,7
Qwen3-1.7B-think|summary_prompt|N10|295,Qwen3-1.7B-think,summary_prompt,10,partC_Qwen3-1.7B-think__summary_prompt__N10.json,295,9
Qwen3-1.7B-think|summary_prompt|N10|296,Qwen3-1.7B-think,summary_prompt,10,partC_Qwen3-1.7B-think__summary_prompt__N10.json,296,9
Qwen3-1.7B-think|summary_prompt|N10|297,Qwen3-1.7B-think,summary_prompt,10,partC_Qwen3-1.7B-think__summary_prompt__N10.json,297,9
Qwen3-1.7B-think|summary_prompt|N10|298,Qwen3-1.7B-think,summary_prompt,10,partC_Qwen3-1.7B-think__summary_prompt__N10.json,298,9
Qwen3-1.7B-think|summary_prompt|N10|299,Qwen3-1.7B-think,summary_prompt,10,partC_Qwen3-1.7B-think__summary_prompt__N10.json,299,9
Qwen3-1.7B-think|summary_prompt|N10|300,Qwen3-1.7B-think,summary_prompt,10,partC_Qwen3-1.7B-think__summary_prompt__N10.json,300,9
Qwen3-1.7B-think|summary_prompt|N10|301,Qwen3-1.7B-think,summary_prompt,10,partC_Qwen3-1.7B-think__summary_prompt__N10.json,301,9
Qwen3-1.7B-think|summary_prompt|N10|302,Qwen3-1.7B-think,summary_prompt,10,partC_Qwen3-1.7B-think__summary_prompt__N10.json,302,9
Qwen3-1.7B-think|summary_prompt|N10|303,Qwen3-1.7B-think,summary_prompt,10,partC_Qwen3-1.7B-think__summary_prompt__N10.json,303,9
Qwen3-1.7B-think|summary_prompt|N10|304,Qwen3-1.7B-think,summary_prompt,10,partC_Qwen3-1.7B-think__summary_prompt__N10.json,304,9
Qwen3-1.7B-think|summary_prompt|N10|305,Qwen3-1.7B-think,summary_prompt,10,partC_Qwen3-1.7B-think__summary_prompt__N10.json,305,9
Qwen3-1.7B-think|summary_prompt|N10|306,Qwen3-1.7B-think,summary_prompt,10,partC_Qwen3-1.7B-think__summary_prompt__N10.json,306,9
Qwen3-1.7B-think|summary_prompt|N10|307,Qwen3-1.7B-think,summary_prompt,10,partC_Qwen3-1.7B-think__summary_prompt__N10.json,307,9
Qwen3-1.7B-think|summary_prompt|N10|308,Qwen3-1.7B-think,summary_prompt,10,partC_Qwen3-1.7B-think__summary_prompt__N10.json,308,9
Qwen3-1.7B-think|summary_prompt|N10|309,Qwen3-1.7B-think,summary_prompt,10,partC_Qwen3-1.7B-think__summary_prompt__N10.json,309,9
Qwen3-1.7B-think|summary_prompt|N10|310,Qwen3-1.7B-think,summary_prompt,10,partC_Qwen3-1.7B-think__summary_prompt__N10.json,310,9
Qwen3-1.7B-think|summary_prompt|N10|311,Qwen3-1.7B-think,summary_prompt,10,partC_Qwen3-1.7B-think__summary_prompt__N10.json,311,9
Qwen3-1.7B-think|summary_prompt|N10|312,Qwen3-1.7B-think,summary_prompt,10,partC_Qwen3-1.7B-think__summary_prompt__N10.json,312,9
Qwen3-1.7B-think|summary_prompt|N10|313,Qwen3-1.7B-think,summary_prompt,10,partC_Qwen3-1.7B-think__summary_prompt__N10.json,313,9
Qwen3-1.7B-think|summary_prompt|N10|314,Qwen3-1.7B-think,summary_prompt,10,partC_Qwen3-1.7B-think__summary_prompt__N10.json,314,7
Qwen3-1.7B-think|summary_prompt|N10|315,Qwen3-1.7B-think,summary_prompt,10,partC_Qwen3-1.7B-think__summary_prompt__N10.json,315,9
Qwen3-1.7B-think|summary_prompt|N10|316,Qwen3-1.7B-think,summary_prompt,10,partC_Qwen3-1.7B-think__summary_prompt__N10.json,316,9
Qwen3-1.7B-think|summary_prompt|N10|317,Qwen3-1.7B-think,summary_prompt,10,partC_Qwen3-1.7B-think__summary_prompt__N10.json,317,9
Qwen3-1.7B-think|summary_prompt|N10|318,Qwen3-1.7B-think,summary_prompt,10,partC_Qwen3-1.7B-think__summary_prompt__N10.json,318,9
Qwen3-1.7B-think|summary_prompt|N10|319,Qwen3-1.7B-think,summary_prompt,10,partC_Qwen3-1.7B-think__summary_prompt__N10.json,319,9
Qwen3-1.7B-think|summary_prompt|N10|320,Qwen3-1.7B-think,summary_prompt,10,partC_Qwen3-1.7B-think__summary_prompt__N10.json,320,8
Qwen3-1.7B-think|summary_prompt|N10|321,Qwen3-1.7B-think,summary_prompt,10,partC_Qwen3-1.7B-think__summary_prompt__N10.json,321,9
Qwen3-1.7B-think|summary_prompt|N10|322,Qwen3-1.7B-think,summary_prompt,10,partC_Qwen3-1.7B-think__summary_prompt__N10.json,322,9
Qwen3-1.7B-think|summary_prompt|N10|323,Qwen3-1.7B-think,summary_prompt,10,partC_Qwen3-1.7B-think__summary_prompt__N10.json,323,9
Qwen3-1.7B-think|summary_prompt|N10|324,Qwen3-1.7B-think,summary_prompt,10,partC_Qwen3-1.7B-think__summary_prompt__N10.json,324,9
Qwen3-1.7B-think|summary_prompt|N10|325,Qwen3-1.7B-think,summary_prompt,10,partC_Qwen3-1.7B-think__summary_prompt__N10.json,325,9
Qwen3-1.7B-think|summary_prompt|N10|326,Qwen3-1.7B-think,summary_prompt,10,partC_Qwen3-1.7B-think__summary_prompt__N10.json,326,9
Qwen3-1.7B-think|summary_prompt|N10|327,Qwen3-1.7B-think,summary_prompt,10,partC_Qwen3-1.7B-think__summary_prompt__N10.json,327,9
Qwen3-1.7B-think|summary_prompt|N10|328,Qwen3-1.7B-think,summary_prompt,10,partC_Qwen3-1.7B-think__summary_prompt__N10.json,328,9
Qwen3-1.7B-think|summary_prompt|N10|329,Qwen3-1.7B-think,summary_prompt,10,partC_Qwen3-1.7B-think__summary_prompt__N10.json,329,9
Qwen3-1.7B-think|summary_prompt|N10|330,Qwen3-1.7B-think,summary_prompt,10,partC_Qwen3-1.7B-think__summary_prompt__N10.json,330,9
Qwen3-1.7B-think|summary_prompt|N10|331,Qwen3-1.7B-think,summary_prompt,10,partC_Qwen3-1.7B-think__summary_prompt__N10.json,331,9
Qwen3-1.7B-think|summary_prompt|N10|332,Qwen3-1.7B-think,summary_prompt,10,partC_Qwen3-1.7B-think__summary_prompt__N10.json,332,9
Qwen3-1.7B-think|summary_prompt|N10|333,Qwen3-1.7B-think,summary_prompt,10,partC_Qwen3-1.7B-think__summary_prompt__N10.json,333,9
Qwen3-1.7B-think|summary_prompt|N10|334,Qwen3-1.7B-think,summary_prompt,10,partC_Qwen3-1.7B-think__summary_prompt__N10.json,334,9
Qwen3-1.7B-think|summary_prompt|N10|335,Qwen3-1.7B-think,summary_prompt,10,partC_Qwen3-1.7B-think__summary_prompt__N10.json,335,9
Qwen3-1.7B-think|summary_prompt|N10|336,Qwen3-1.7B-think,summary_prompt,10,partC_Qwen3-1.7B-think__summary_prompt__N10.json,336,9
Qwen3-1.7B-think|summary_prompt|N10|337,Qwen3-1.7B-think,summary_prompt,10,partC_Qwen3-1.7B-think__summary_prompt__N10.json,337,9
Qwen3-1.7B-think|summary_prompt|N10|338,Qwen3-1.7B-think,summary_prompt,10,partC_Qwen3-1.7B-think__summary_prompt__N10.json,338,9
Qwen3-1.7B-think|summary_prompt|N10|339,Qwen3-1.7B-think,summary_prompt,10,partC_Qwen3-1.7B-think__summary_prompt__N10.json,339,9
Qwen3-1.7B-think|summary_prompt|N10|340,Qwen3-1.7B-think,summary_prompt,10,partC_Qwen3-1.7B-think__summary_prompt__N10.json,340,7
Qwen3-1.7B-think|summary_prompt|N10|341,Qwen3-1.7B-think,summary_prompt,10,partC_Qwen3-1.7B-think__summary_prompt__N10.json,341,9
Qwen3-1.7B-think|summary_prompt|N10|342,Qwen3-1.7B-think,summary_prompt,10,partC_Qwen3-1.7B-think__summary_prompt__N10.json,342,9
Qwen3-1.7B-think|summary_prompt|N10|343,Qwen3-1.7B-think,summary_prompt,10,partC_Qwen3-1.7B-think__summary_prompt__N10.json,343,9
Qwen3-1.7B-think|summary_prompt|N10|344,Qwen3-1.7B-think,summary_prompt,10,partC_Qwen3-1.7B-think__summary_prompt__N10.json,344,9
Qwen3-1.7B-think|summary_prompt|N10|345,Qwen3-1.7B-think,summary_prompt,10,partC_Qwen3-1.7B-think__summary_prompt__N10.json,345,4
Qwen3-1.7B-think|summary_prompt|N10|346,Qwen3-1.7B-think,summary_prompt,10,partC_Qwen3-1.7B-think__summary_prompt__N10.json,346,9
Qwen3-1.7B-think|summary_prompt|N10|347,Qwen3-1.7B-think,summary_prompt,10,partC_Qwen3-1.7B-think__summary_prompt__N10.json,347,9
Qwen3-1.7B-think|summary_prompt|N10|348,Qwen3-1.7B-think,summary_prompt,10,partC_Qwen3-1.7B-think__summary_prompt__N10.json,348,9
Qwen3-1.7B-think|summary_prompt|N10|349,Qwen3-1.7B-think,summary_prompt,10,partC_Qwen3-1.7B-think__summary_prompt__N10.json,349,9
Qwen3-1.7B-think|summary_prompt|N10|350,Qwen3-1.7B-think,summary_prompt,10,partC_Qwen3-1.7B-think__summary_prompt__N10.json,350,9
Qwen3-1.7B-think|summary_prompt|N10|351,Qwen3-1.7B-think,summary_prompt,10,partC_Qwen3-1.7B-think__summary_prompt__N10.json,351,8
Qwen3-1.7B-think|summary_prompt|N10|352,Qwen3-1.7B-think,summary_prompt,10,partC_Qwen3-1.7B-think__summary_prompt__N10.json,352,9
Qwen3-1.7B-think|summary_prompt|N10|353,Qwen3-1.7B-think,summary_prompt,10,partC_Qwen3-1.7B-think__summary_prompt__N10.json,353,9
Qwen3-1.7B-think|summary_prompt|N10|354,Qwen3-1.7B-think,summary_prompt,10,partC_Qwen3-1.7B-think__summary_prompt__N10.json,354,9
Qwen3-1.7B-think|summary_prompt|N10|355,Qwen3-1.7B-think,summary_prompt,10,partC_Qwen3-1.7B-think__summary_prompt__N10.json,355,9
Qwen3-1.7B-think|summary_prompt|N10|356,Qwen3-1.7B-think,summary_prompt,10,partC_Qwen3-1.7B-think__summary_prompt__N10.json,356,9
Qwen3-1.7B-think|summary_prompt|N10|357,Qwen3-1.7B-think,summary_prompt,10,partC_Qwen3-1.7B-think__summary_prompt__N10.json,357,9
Qwen3-1.7B-think|summary_prompt|N10|358,Qwen3-1.7B-think,summary_prompt,10,partC_Qwen3-1.7B-think__summary_prompt__N10.json,358,7
Qwen3-1.7B-think|summary_prompt|N10|359,Qwen3-1.7B-think,summary_prompt,10,partC_Qwen3-1.7B-think__summary_prompt__N10.json,359,9
Qwen3-1.7B-think|summary_prompt|N10|360,Qwen3-1.7B-think,summary_prompt,10,partC_Qwen3-1.7B-think__summary_prompt__N10.json,360,9
Qwen3-1.7B-think|summary_prompt|N10|361,Qwen3-1.7B-think,summary_prompt,10,partC_Qwen3-1.7B-think__summary_prompt__N10.json,361,9
Qwen3-1.7B-think|summary_prompt|N10|362,Qwen3-1.7B-think,summary_prompt,10,partC_Qwen3-1.7B-think__summary_prompt__N10.json,362,9
Qwen3-1.7B-think|summary_prompt|N10|363,Qwen3-1.7B-think,summary_prompt,10,partC_Qwen3-1.7B-think__summary_prompt__N10.json,363,7
Qwen3-1.7B-think|summary_prompt|N10|364,Qwen3-1.7B-think,summary_prompt,10,partC_Qwen3-1.7B-think__summary_prompt__N10.json,364,4
Qwen3-1.7B-think|summary_prompt|N10|365,Qwen3-1.7B-think,summary_prompt,10,partC_Qwen3-1.7B-think__summary_prompt__N10.json,365,7
Qwen3-1.7B-think|summary_prompt|N10|366,Qwen3-1.7B-think,summary_prompt,10,partC_Qwen3-1.7B-think__summary_prompt__N10.json,366,9
Qwen3-1.7B-think|summary_prompt|N10|367,Qwen3-1.7B-think,summary_prompt,10,partC_Qwen3-1.7B-think__summary_prompt__N10.json,367,9
Qwen3-1.7B-think|summary_prompt|N10|368,Qwen3-1.7B-think,summary_prompt,10,partC_Qwen3-1.7B-think__summary_prompt__N10.json,368,7
Qwen3-1.7B-think|summary_prompt|N10|369,Qwen3-1.7B-think,summary_prompt,10,partC_Qwen3-1.7B-think__summary_prompt__N10.json,369,9
Qwen3-1.7B-think|summary_prompt|N10|370,Qwen3-1.7B-think,summary_prompt,10,partC_Qwen3-1.7B-think__summary_prompt__N10.json,370,9
Qwen3-1.7B-think|summary_prompt|N10|371,Qwen3-1.7B-think,summary_prompt,10,partC_Qwen3-1.7B-think__summary_prompt__N10.json,371,9
Qwen3-1.7B-think|summary_prompt|N10|372,Qwen3-1.7B-think,summary_prompt,10,partC_Qwen3-1.7B-think__summary_prompt__N10.json,372,6
Qwen3-1.7B-think|summary_prompt|N10|373,Qwen3-1.7B-think,summary_prompt,10,partC_Qwen3-1.7B-think__summary_prompt__N10.json,373,9
Qwen3-1.7B-think|summary_prompt|N10|374,Qwen3-1.7B-think,summary_prompt,10,partC_Qwen3-1.7B-think__summary_prompt__N10.json,374,6
Qwen3-1.7B-think|summary_prompt|N10|375,Qwen3-1.7B-think,summary_prompt,10,partC_Qwen3-1.7B-think__summary_prompt__N10.json,375,6
Qwen3-1.7B-think|summary_prompt|N10|376,Qwen3-1.7B-think,summary_prompt,10,partC_Qwen3-1.7B-think__summary_prompt__N10.json,376,9
Qwen3-1.7B-think|summary_prompt|N10|377,Qwen3-1.7B-think,summary_prompt,10,partC_Qwen3-1.7B-think__summary_prompt__N10.json,377,7
Qwen3-1.7B-think|summary_prompt|N10|378,Qwen3-1.7B-think,summary_prompt,10,partC_Qwen3-1.7B-think__summary_prompt__N10.json,378,9
Qwen3-1.7B-think|summary_prompt|N10|379,Qwen3-1.7B-think,summary_prompt,10,partC_Qwen3-1.7B-think__summary_prompt__N10.json,379,7
Qwen3-1.7B-think|summary_prompt|N10|380,Qwen3-1.7B-think,summary_prompt,10,partC_Qwen3-1.7B-think__summary_prompt__N10.json,380,7
Qwen3-1.7B-think|summary_prompt|N10|381,Qwen3-1.7B-think,summary_prompt,10,partC_Qwen3-1.7B-think__summary_prompt__N10.json,381,8
Qwen3-1.7B-think|summary_prompt|N10|382,Qwen3-1.7B-think,summary_prompt,10,partC_Qwen3-1.7B-think__summary_prompt__N10.json,382,9
Qwen3-1.7B-think|summary_prompt|N10|383,Qwen3-1.7B-think,summary_prompt,10,partC_Qwen3-1.7B-think__summary_prompt__N10.json,383,8
Qwen3-1.7B-think|summary_prompt|N10|384,Qwen3-1.7B-think,summary_prompt,10,partC_Qwen3-1.7B-think__summary_prompt__N10.json,384,7
Qwen3-1.7B-think|summary_prompt|N10|385,Qwen3-1.7B-think,summary_prompt,10,partC_Qwen3-1.7B-think__summary_prompt__N10.json,385,6
Qwen3-1.7B-think|summary_prompt|N10|386,Qwen3-1.7B-think,summary_prompt,10,partC_Qwen3-1.7B-think__summary_prompt__N10.json,386,7
Qwen3-1.7B-think|summary_prompt|N10|387,Qwen3-1.7B-think,summary_prompt,10,partC_Qwen3-1.7B-think__summary_prompt__N10.json,387,7
Qwen3-1.7B-think|summary_prompt|N10|388,Qwen3-1.7B-think,summary_prompt,10,partC_Qwen3-1.7B-think__summary_prompt__N10.json,388,8
Qwen3-1.7B-think|summary_prompt|N10|389,Qwen3-1.7B-think,summary_prompt,10,partC_Qwen3-1.7B-think__summary_prompt__N10.json,389,7
Qwen3-1.7B-think|summary_prompt|N10|390,Qwen3-1.7B-think,summary_prompt,10,partC_Qwen3-1.7B-think__summary_prompt__N10.json,390,9
Qwen3-1.7B-think|summary_prompt|N10|391,Qwen3-1.7B-think,summary_prompt,10,partC_Qwen3-1.7B-think__summary_prompt__N10.json,391,7
Qwen3-1.7B-think|summary_prompt|N10|392,Qwen3-1.7B-think,summary_prompt,10,partC_Qwen3-1.7B-think__summary_prompt__N10.json,392,9
Qwen3-1.7B-think|summary_prompt|N10|393,Qwen3-1.7B-think,summary_prompt,10,partC_Qwen3-1.7B-think__summary_prompt__N10.json,393,8
Qwen3-1.7B-think|summary_prompt|N10|394,Qwen3-1.7B-think,summary_prompt,10,partC_Qwen3-1.7B-think__summary_prompt__N10.json,394,7
Qwen3-1.7B-think|summary_prompt|N10|395,Qwen3-1.7B-think,summary_prompt,10,partC_Qwen3-1.7B-think__summary_prompt__N10.json,395,7
Qwen3-1.7B-think|summary_prompt|N10|396,Qwen3-1.7B-think,summary_prompt,10,partC_Qwen3-1.7B-think__summary_prompt__N10.json,396,7
Qwen3-1.7B-think|summary_prompt|N10|397,Qwen3-1.7B-think,summary_prompt,10,partC_Qwen3-1.7B-think__summary_prompt__N10.json,397,6
Qwen3-1.7B-think|summary_prompt|N10|398,Qwen3-1.7B-think,summary_prompt,10,partC_Qwen3-1.7B-think__summary_prompt__N10.json,398,9
Qwen3-1.7B-think|summary_prompt|N10|399,Qwen3-1.7B-think,summary_prompt,10,partC_Qwen3-1.7B-think__summary_prompt__N10.json,399,7
Qwen3-1.7B-think|summary_prompt|N10|400,Qwen3-1.7B-think,summary_prompt,10,partC_Qwen3-1.7B-think__summary_prompt__N10.json,400,9
Qwen3-1.7B-think|summary_prompt|N10|401,Qwen3-1.7B-think,summary_prompt,10,partC_Qwen3-1.7B-think__summary_prompt__N10.json,401,9
Qwen3-1.7B-think|summary_prompt|N10|402,Qwen3-1.7B-think,summary_prompt,10,partC_Qwen3-1.7B-think__summary_prompt__N10.json,402,9
Qwen3-1.7B-think|summary_prompt|N10|403,Qwen3-1.7B-think,summary_prompt,10,partC_Qwen3-1.7B-think__summary_prompt__N10.json,403,9
Qwen3-1.7B-think|summary_prompt|N10|404,Qwen3-1.7B-think,summary_prompt,10,partC_Qwen3-1.7B-think__summary_prompt__N10.json,404,9
Qwen3-1.7B-think|summary_prompt|N10|405,Qwen3-1.7B-think,summary_prompt,10,partC_Qwen3-1.7B-think__summary_prompt__N10.json,405,8
Qwen3-1.7B-think|summary_prompt|N10|406,Qwen3-1.7B-think,summary_prompt,10,partC_Qwen3-1.7B-think__summary_prompt__N10.json,406,9
Qwen3-1.7B-think|summary_prompt|N10|407,Qwen3-1.7B-think,summary_prompt,10,partC_Qwen3-1.7B-think__summary_prompt__N10.json,407,9
Qwen3-1.7B-think|summary_prompt|N10|408,Qwen3-1.7B-think,summary_prompt,10,partC_Qwen3-1.7B-think__summary_prompt__N10.json,408,9
Qwen3-1.7B-think|summary_prompt|N10|409,Qwen3-1.7B-think,summary_prompt,10,partC_Qwen3-1.7B-think__summary_prompt__N10.json,409,9
Qwen3-1.7B-think|summary_prompt|N10|410,Qwen3-1.7B-think,summary_prompt,10,partC_Qwen3-1.7B-think__summary_prompt__N10.json,410,9
Qwen3-1.7B-think|summary_prompt|N10|411,Qwen3-1.7B-think,summary_prompt,10,partC_Qwen3-1.7B-think__summary_prompt__N10.json,411,9
Qwen3-1.7B-think|summary_prompt|N10|412,Qwen3-1.7B-think,summary_prompt,10,partC_Qwen3-1.7B-think__summary_prompt__N10.json,412,9
Qwen3-1.7B-think|summary_prompt|N10|413,Qwen3-1.7B-think,summary_prompt,10,partC_Qwen3-1.7B-think__summary_prompt__N10.json,413,9
Qwen3-1.7B-think|summary_prompt|N10|414,Qwen3-1.7B-think,summary_prompt,10,partC_Qwen3-1.7B-think__summary_prompt__N10.json,414,9
Qwen3-1.7B-think|summary_prompt|N10|415,Qwen3-1.7B-think,summary_prompt,10,partC_Qwen3-1.7B-think__summary_prompt__N10.json,415,9
Qwen3-1.7B-think|summary_prompt|N10|416,Qwen3-1.7B-think,summary_prompt,10,partC_Qwen3-1.7B-think__summary_prompt__N10.json,416,7
Qwen3-1.7B-think|summary_prompt|N10|417,Qwen3-1.7B-think,summary_prompt,10,partC_Qwen3-1.7B-think__summary_prompt__N10.json,417,6
Qwen3-1.7B-think|summary_prompt|N10|418,Qwen3-1.7B-think,summary_prompt,10,partC_Qwen3-1.7B-think__summary_prompt__N10.json,418,9
Qwen3-1.7B-think|summary_prompt|N10|419,Qwen3-1.7B-think,summary_prompt,10,partC_Qwen3-1.7B-think__summary_prompt__N10.json,419,9
Qwen3-1.7B-think|summary_prompt|N10|420,Qwen3-1.7B-think,summary_prompt,10,partC_Qwen3-1.7B-think__summary_prompt__N10.json,420,9
Qwen3-1.7B-think|summary_prompt|N10|421,Qwen3-1.7B-think,summary_prompt,10,partC_Qwen3-1.7B-think__summary_prompt__N10.json,421,9
Qwen3-1.7B-think|summary_prompt|N10|422,Qwen3-1.7B-think,summary_prompt,10,partC_Qwen3-1.7B-think__summary_prompt__N10.json,422,9
Qwen3-1.7B-think|summary_prompt|N10|423,Qwen3-1.7B-think,summary_prompt,10,partC_Qwen3-1.7B-think__summary_prompt__N10.json,423,9
Qwen3-1.7B-think|summary_prompt|N10|424,Qwen3-1.7B-think,summary_prompt,10,partC_Qwen3-1.7B-think__summary_prompt__N10.json,424,9
Qwen3-1.7B-think|summary_prompt|N10|425,Qwen3-1.7B-think,summary_prompt,10,partC_Qwen3-1.7B-think__summary_prompt__N10.json,425,10
Qwen3-1.7B-think|summary_prompt|N10|426,Qwen3-1.7B-think,summary_prompt,10,partC_Qwen3-1.7B-think__summary_prompt__N10.json,426,9
Qwen3-1.7B-think|summary_prompt|N10|427,Qwen3-1.7B-think,summary_prompt,10,partC_Qwen3-1.7B-think__summary_prompt__N10.json,427,9
Qwen3-1.7B-think|summary_prompt|N10|428,Qwen3-1.7B-think,summary_prompt,10,partC_Qwen3-1.7B-think__summary_prompt__N10.json,428,9
Qwen3-1.7B-think|summary_prompt|N10|429,Qwen3-1.7B-think,summary_prompt,10,partC_Qwen3-1.7B-think__summary_prompt__N10.json,429,9
Qwen3-1.7B-think|summary_prompt|N10|430,Qwen3-1.7B-think,summary_prompt,10,partC_Qwen3-1.7B-think__summary_prompt__N10.json,430,9
Qwen3-1.7B-think|summary_prompt|N10|431,Qwen3-1.7B-think,summary_prompt,10,partC_Qwen3-1.7B-think__summary_prompt__N10.json,431,9
Qwen3-1.7B-think|summary_prompt|N10|432,Qwen3-1.7B-think,summary_prompt,10,partC_Qwen3-1.7B-think__summary_prompt__N10.json,432,9
Qwen3-1.7B-think|summary_prompt|N10|433,Qwen3-1.7B-think,summary_prompt,10,partC_Qwen3-1.7B-think__summary_prompt__N10.json,433,9
Qwen3-1.7B-think|summary_prompt|N10|434,Qwen3-1.7B-think,summary_prompt,10,partC_Qwen3-1.7B-think__summary_prompt__N10.json,434,9
Qwen3-1.7B-think|summary_prompt|N10|435,Qwen3-1.7B-think,summary_prompt,10,partC_Qwen3-1.7B-think__summary_prompt__N10.json,435,9
Qwen3-1.7B-think|summary_prompt|N10|436,Qwen3-1.7B-think,summary_prompt,10,partC_Qwen3-1.7B-think__summary_prompt__N10.json,436,9
Qwen3-1.7B-think|summary_prompt|N10|437,Qwen3-1.7B-think,summary_prompt,10,partC_Qwen3-1.7B-think__summary_prompt__N10.json,437,9
Qwen3-1.7B-think|summary_prompt|N10|438,Qwen3-1.7B-think,summary_prompt,10,partC_Qwen3-1.7B-think__summary_prompt__N10.json,438,9
Qwen3-1.7B-think|summary_prompt|N10|439,Qwen3-1.7B-think,summary_prompt,10,partC_Qwen3-1.7B-think__summary_prompt__N10.json,439,9
Qwen3-1.7B-think|summary_prompt|N10|440,Qwen3-1.7B-think,summary_prompt,10,partC_Qwen3-1.7B-think__summary_prompt__N10.json,440,9
Qwen3-1.7B-think|summary_prompt|N10|441,Qwen3-1.7B-think,summary_prompt,10,partC_Qwen3-1.7B-think__summary_prompt__N10.json,441,9
Qwen3-1.7B-think|summary_prompt|N10|442,Qwen3-1.7B-think,summary_prompt,10,partC_Qwen3-1.7B-think__summary_prompt__N10.json,442,7
Qwen3-1.7B-think|summary_prompt|N10|443,Qwen3-1.7B-think,summary_prompt,10,partC_Qwen3-1.7B-think__summary_prompt__N10.json,443,7
Qwen3-1.7B-think|summary_prompt|N10|444,Qwen3-1.7B-think,summary_prompt,10,partC_Qwen3-1.7B-think__summary_prompt__N10.json,444,7
Qwen3-1.7B-think|summary_prompt|N10|445,Qwen3-1.7B-think,summary_prompt,10,partC_Qwen3-1.7B-think__summary_prompt__N10.json,445,9
Qwen3-1.7B-think|summary_prompt|N10|446,Qwen3-1.7B-think,summary_prompt,10,partC_Qwen3-1.7B-think__summary_prompt__N10.json,446,9
Qwen3-1.7B-think|summary_prompt|N10|447,Qwen3-1.7B-think,summary_prompt,10,partC_Qwen3-1.7B-think__summary_prompt__N10.json,447,9
Qwen3-1.7B-think|summary_prompt|N10|448,Qwen3-1.7B-think,summary_prompt,10,partC_Qwen3-1.7B-think__summary_prompt__N10.json,448,7
Qwen3-1.7B-think|summary_prompt|N10|449,Qwen3-1.7B-think,summary_prompt,10,partC_Qwen3-1.7B-think__summary_prompt__N10.json,449,9
Qwen3-1.7B-think|summary_prompt|N10|450,Qwen3-1.7B-think,summary_prompt,10,partC_Qwen3-1.7B-think__summary_prompt__N10.json,450,9
Qwen3-1.7B-think|summary_prompt|N10|451,Qwen3-1.7B-think,summary_prompt,10,partC_Qwen3-1.7B-think__summary_prompt__N10.json,451,9
Qwen3-1.7B-think|summary_prompt|N10|452,Qwen3-1.7B-think,summary_prompt,10,partC_Qwen3-1.7B-think__summary_prompt__N10.json,452,9
Qwen3-1.7B-think|summary_prompt|N10|453,Qwen3-1.7B-think,summary_prompt,10,partC_Qwen3-1.7B-think__summary_prompt__N10.json,453,8
Qwen3-1.7B-think|summary_prompt|N10|454,Qwen3-1.7B-think,summary_prompt,10,partC_Qwen3-1.7B-think__summary_prompt__N10.json,454,9
Qwen3-1.7B-think|summary_prompt|N10|455,Qwen3-1.7B-think,summary_prompt,10,partC_Qwen3-1.7B-think__summary_prompt__N10.json,455,9
Qwen3-1.7B-think|summary_prompt|N10|456,Qwen3-1.7B-think,summary_prompt,10,partC_Qwen3-1.7B-think__summary_prompt__N10.json,456,9
Qwen3-1.7B-think|summary_prompt|N10|457,Qwen3-1.7B-think,summary_prompt,10,partC_Qwen3-1.7B-think__summary_prompt__N10.json,457,7
Qwen3-1.7B-think|summary_prompt|N10|458,Qwen3-1.7B-think,summary_prompt,10,partC_Qwen3-1.7B-think__summary_prompt__N10.json,458,9
Qwen3-1.7B-think|summary_prompt|N10|459,Qwen3-1.7B-think,summary_prompt,10,partC_Qwen3-1.7B-think__summary_prompt__N10.json,459,7
Qwen3-1.7B-think|summary_prompt|N10|460,Qwen3-1.7B-think,summary_prompt,10,partC_Qwen3-1.7B-think__summary_prompt__N10.json,460,10
Qwen3-1.7B-think|summary_prompt|N10|461,Qwen3-1.7B-think,summary_prompt,10,partC_Qwen3-1.7B-think__summary_prompt__N10.json,461,10
Qwen3-1.7B-think|summary_prompt|N10|462,Qwen3-1.7B-think,summary_prompt,10,partC_Qwen3-1.7B-think__summary_prompt__N10.json,462,7
Qwen3-1.7B-think|summary_prompt|N10|463,Qwen3-1.7B-think,summary_prompt,10,partC_Qwen3-1.7B-think__summary_prompt__N10.json,463,9
Qwen3-1.7B-think|summary_prompt|N10|464,Qwen3-1.7B-think,summary_prompt,10,partC_Qwen3-1.7B-think__summary_prompt__N10.json,464,10
Qwen3-1.7B-think|summary_prompt|N10|465,Qwen3-1.7B-think,summary_prompt,10,partC_Qwen3-1.7B-think__summary_prompt__N10.json,465,9
Qwen3-1.7B-think|summary_prompt|N10|466,Qwen3-1.7B-think,summary_prompt,10,partC_Qwen3-1.7B-think__summary_prompt__N10.json,466,9
Qwen3-1.7B-think|summary_prompt|N10|467,Qwen3-1.7B-think,summary_prompt,10,partC_Qwen3-1.7B-think__summary_prompt__N10.json,467,9
Qwen3-1.7B-think|summary_prompt|N10|468,Qwen3-1.7B-think,summary_prompt,10,partC_Qwen3-1.7B-think__summary_prompt__N10.json,468,10
Qwen3-1.7B-think|summary_prompt|N10|469,Qwen3-1.7B-think,summary_prompt,10,partC_Qwen3-1.7B-think__summary_prompt__N10.json,469,9
Qwen3-1.7B-think|summary_prompt|N10|470,Qwen3-1.7B-think,summary_prompt,10,partC_Qwen3-1.7B-think__summary_prompt__N10.json,470,9
Qwen3-1.7B-think|summary_prompt|N10|471,Qwen3-1.7B-think,summary_prompt,10,partC_Qwen3-1.7B-think__summary_prompt__N10.json,471,9
Qwen3-1.7B-think|summary_prompt|N10|472,Qwen3-1.7B-think,summary_prompt,10,partC_Qwen3-1.7B-think__summary_prompt__N10.json,472,9
Qwen3-1.7B-think|summary_prompt|N10|473,Qwen3-1.7B-think,summary_prompt,10,partC_Qwen3-1.7B-think__summary_prompt__N10.json,473,10
Qwen3-1.7B-think|summary_prompt|N10|474,Qwen3-1.7B-think,summary_prompt,10,partC_Qwen3-1.7B-think__summary_prompt__N10.json,474,9
Qwen3-1.7B-think|summary_prompt|N10|475,Qwen3-1.7B-think,summary_prompt,10,partC_Qwen3-1.7B-think__summary_prompt__N10.json,475,9
Qwen3-1.7B-think|summary_prompt|N10|476,Qwen3-1.7B-think,summary_prompt,10,partC_Qwen3-1.7B-think__summary_prompt__N10.json,476,9
Qwen3-1.7B-think|summary_prompt|N10|477,Qwen3-1.7B-think,summary_prompt,10,partC_Qwen3-1.7B-think__summary_prompt__N10.json,477,9
Qwen3-1.7B-think|summary_prompt|N10|478,Qwen3-1.7B-think,summary_prompt,10,partC_Qwen3-1.7B-think__summary_prompt__N10.json,478,9
Qwen3-1.7B-think|summary_prompt|N10|479,Qwen3-1.7B-think,summary_prompt,10,partC_Qwen3-1.7B-think__summary_prompt__N10.json,479,9
Qwen3-1.7B-think|summary_prompt|N15|0,Qwen3-1.7B-think,summary_prompt,15,partC_Qwen3-1.7B-think__summary_prompt__N15.json,0,9
Qwen3-1.7B-think|summary_prompt|N15|1,Qwen3-1.7B-think,summary_prompt,15,partC_Qwen3-1.7B-think__summary_prompt__N15.json,1,8
Qwen3-1.7B-think|summary_prompt|N15|2,Qwen3-1.7B-think,summary_prompt,15,partC_Qwen3-1.7B-think__summary_prompt__N15.json,2,8
Qwen3-1.7B-think|summary_prompt|N15|3,Qwen3-1.7B-think,summary_prompt,15,partC_Qwen3-1.7B-think__summary_prompt__N15.json,3,8
Qwen3-1.7B-think|summary_prompt|N15|4,Qwen3-1.7B-think,summary_prompt,15,partC_Qwen3-1.7B-think__summary_prompt__N15.json,4,6
Qwen3-1.7B-think|summary_prompt|N15|5,Qwen3-1.7B-think,summary_prompt,15,partC_Qwen3-1.7B-think__summary_prompt__N15.json,5,8
Qwen3-1.7B-think|summary_prompt|N15|6,Qwen3-1.7B-think,summary_prompt,15,partC_Qwen3-1.7B-think__summary_prompt__N15.json,6,7
Qwen3-1.7B-think|summary_prompt|N15|7,Qwen3-1.7B-think,summary_prompt,15,partC_Qwen3-1.7B-think__summary_prompt__N15.json,7,8
Qwen3-1.7B-think|summary_prompt|N15|8,Qwen3-1.7B-think,summary_prompt,15,partC_Qwen3-1.7B-think__summary_prompt__N15.json,8,8
Qwen3-1.7B-think|summary_prompt|N15|9,Qwen3-1.7B-think,summary_prompt,15,partC_Qwen3-1.7B-think__summary_prompt__N15.json,9,7
Qwen3-1.7B-think|summary_prompt|N15|10,Qwen3-1.7B-think,summary_prompt,15,partC_Qwen3-1.7B-think__summary_prompt__N15.json,10,8
Qwen3-1.7B-think|summary_prompt|N15|11,Qwen3-1.7B-think,summary_prompt,15,partC_Qwen3-1.7B-think__summary_prompt__N15.json,11,8
Qwen3-1.7B-think|summary_prompt|N15|12,Qwen3-1.7B-think,summary_prompt,15,partC_Qwen3-1.7B-think__summary_prompt__N15.json,12,9
Qwen3-1.7B-think|summary_prompt|N15|13,Qwen3-1.7B-think,summary_prompt,15,partC_Qwen3-1.7B-think__summary_prompt__N15.json,13,9
Qwen3-1.7B-think|summary_prompt|N15|14,Qwen3-1.7B-think,summary_prompt,15,partC_Qwen3-1.7B-think__summary_prompt__N15.json,14,7
Qwen3-1.7B-think|summary_prompt|N15|15,Qwen3-1.7B-think,summary_prompt,15,partC_Qwen3-1.7B-think__summary_prompt__N15.json,15,6
Qwen3-1.7B-think|summary_prompt|N15|16,Qwen3-1.7B-think,summary_prompt,15,partC_Qwen3-1.7B-think__summary_prompt__N15.json,16,7
Qwen3-1.7B-think|summary_prompt|N15|17,Qwen3-1.7B-think,summary_prompt,15,partC_Qwen3-1.7B-think__summary_prompt__N15.json,17,6
Qwen3-1.7B-think|summary_prompt|N15|18,Qwen3-1.7B-think,summary_prompt,15,partC_Qwen3-1.7B-think__summary_prompt__N15.json,18,6
Qwen3-1.7B-think|summary_prompt|N15|19,Qwen3-1.7B-think,summary_prompt,15,partC_Qwen3-1.7B-think__summary_prompt__N15.json,19,9
Qwen3-1.7B-think|summary_prompt|N15|20,Qwen3-1.7B-think,summary_prompt,15,partC_Qwen3-1.7B-think__summary_prompt__N15.json,20,9
Qwen3-1.7B-think|summary_prompt|N15|21,Qwen3-1.7B-think,summary_prompt,15,partC_Qwen3-1.7B-think__summary_prompt__N15.json,21,6
Qwen3-1.7B-think|summary_prompt|N15|22,Qwen3-1.7B-think,summary_prompt,15,partC_Qwen3-1.7B-think__summary_prompt__N15.json,22,9
Qwen3-1.7B-think|summary_prompt|N15|23,Qwen3-1.7B-think,summary_prompt,15,partC_Qwen3-1.7B-think__summary_prompt__N15.json,23,9
Qwen3-1.7B-think|summary_prompt|N15|24,Qwen3-1.7B-think,summary_prompt,15,partC_Qwen3-1.7B-think__summary_prompt__N15.json,24,8
Qwen3-1.7B-think|summary_prompt|N15|25,Qwen3-1.7B-think,summary_prompt,15,partC_Qwen3-1.7B-think__summary_prompt__N15.json,25,7
Qwen3-1.7B-think|summary_prompt|N15|26,Qwen3-1.7B-think,summary_prompt,15,partC_Qwen3-1.7B-think__summary_prompt__N15.json,26,9
Qwen3-1.7B-think|summary_prompt|N15|27,Qwen3-1.7B-think,summary_prompt,15,partC_Qwen3-1.7B-think__summary_prompt__N15.json,27,9
Qwen3-1.7B-think|summary_prompt|N15|28,Qwen3-1.7B-think,summary_prompt,15,partC_Qwen3-1.7B-think__summary_prompt__N15.json,28,4
Qwen3-1.7B-think|summary_prompt|N15|29,Qwen3-1.7B-think,summary_prompt,15,partC_Qwen3-1.7B-think__summary_prompt__N15.json,29,7
Qwen3-1.7B-think|summary_prompt|N15|30,Qwen3-1.7B-think,summary_prompt,15,partC_Qwen3-1.7B-think__summary_prompt__N15.json,30,8
Qwen3-1.7B-think|summary_prompt|N15|31,Qwen3-1.7B-think,summary_prompt,15,partC_Qwen3-1.7B-think__summary_prompt__N15.json,31,9
Qwen3-1.7B-think|summary_prompt|N15|32,Qwen3-1.7B-think,summary_prompt,15,partC_Qwen3-1.7B-think__summary_prompt__N15.json,32,6
Qwen3-1.7B-think|summary_prompt|N15|33,Qwen3-1.7B-think,summary_prompt,15,partC_Qwen3-1.7B-think__summary_prompt__N15.json,33,8
Qwen3-1.7B-think|summary_prompt|N15|34,Qwen3-1.7B-think,summary_prompt,15,partC_Qwen3-1.7B-think__summary_prompt__N15.json,34,4
Qwen3-1.7B-think|summary_prompt|N15|35,Qwen3-1.7B-think,summary_prompt,15,partC_Qwen3-1.7B-think__summary_prompt__N15.json,35,9
Qwen3-1.7B-think|summary_prompt|N15|36,Qwen3-1.7B-think,summary_prompt,15,partC_Qwen3-1.7B-think__summary_prompt__N15.json,36,6
Qwen3-1.7B-think|summary_prompt|N15|37,Qwen3-1.7B-think,summary_prompt,15,partC_Qwen3-1.7B-think__summary_prompt__N15.json,37,8
Qwen3-1.7B-think|summary_prompt|N15|38,Qwen3-1.7B-think,summary_prompt,15,partC_Qwen3-1.7B-think__summary_prompt__N15.json,38,6
Qwen3-1.7B-think|summary_prompt|N15|39,Qwen3-1.7B-think,summary_prompt,15,partC_Qwen3-1.7B-think__summary_prompt__N15.json,39,7
Qwen3-1.7B-think|summary_prompt|N15|40,Qwen3-1.7B-think,summary_prompt,15,partC_Qwen3-1.7B-think__summary_prompt__N15.json,40,7
Qwen3-1.7B-think|summary_prompt|N15|41,Qwen3-1.7B-think,summary_prompt,15,partC_Qwen3-1.7B-think__summary_prompt__N15.json,41,6
Qwen3-1.7B-think|summary_prompt|N15|42,Qwen3-1.7B-think,summary_prompt,15,partC_Qwen3-1.7B-think__summary_prompt__N15.json,42,8
Qwen3-1.7B-think|summary_prompt|N15|43,Qwen3-1.7B-think,summary_prompt,15,partC_Qwen3-1.7B-think__summary_prompt__N15.json,43,6
Qwen3-1.7B-think|summary_prompt|N15|44,Qwen3-1.7B-think,summary_prompt,15,partC_Qwen3-1.7B-think__summary_prompt__N15.json,44,9
Qwen3-1.7B-think|summary_prompt|N15|45,Qwen3-1.7B-think,summary_prompt,15,partC_Qwen3-1.7B-think__summary_prompt__N15.json,45,6
Qwen3-1.7B-think|summary_prompt|N15|46,Qwen3-1.7B-think,summary_prompt,15,partC_Qwen3-1.7B-think__summary_prompt__N15.json,46,8
Qwen3-1.7B-think|summary_prompt|N15|47,Qwen3-1.7B-think,summary_prompt,15,partC_Qwen3-1.7B-think__summary_prompt__N15.json,47,7
Qwen3-1.7B-think|summary_prompt|N15|48,Qwen3-1.7B-think,summary_prompt,15,partC_Qwen3-1.7B-think__summary_prompt__N15.json,48,6
Qwen3-1.7B-think|summary_prompt|N15|49,Qwen3-1.7B-think,summary_prompt,15,partC_Qwen3-1.7B-think__summary_prompt__N15.json,49,7
Qwen3-1.7B-think|summary_prompt|N15|50,Qwen3-1.7B-think,summary_prompt,15,partC_Qwen3-1.7B-think__summary_prompt__N15.json,50,7
Qwen3-1.7B-think|summary_prompt|N15|51,Qwen3-1.7B-think,summary_prompt,15,partC_Qwen3-1.7B-think__summary_prompt__N15.json,51,8
Qwen3-1.7B-think|summary_prompt|N15|52,Qwen3-1.7B-think,summary_prompt,15,partC_Qwen3-1.7B-think__summary_prompt__N15.json,52,8
Qwen3-1.7B-think|summary_prompt|N15|53,Qwen3-1.7B-think,summary_prompt,15,partC_Qwen3-1.7B-think__summary_prompt__N15.json,53,7
Qwen3-1.7B-think|summary_prompt|N15|54,Qwen3-1.7B-think,summary_prompt,15,partC_Qwen3-1.7B-think__summary_prompt__N15.json,54,6
Qwen3-1.7B-think|summary_prompt|N15|55,Qwen3-1.7B-think,summary_prompt,15,partC_Qwen3-1.7B-think__summary_prompt__N15.json,55,4
Qwen3-1.7B-think|summary_prompt|N15|56,Qwen3-1.7B-think,summary_prompt,15,partC_Qwen3-1.7B-think__summary_prompt__N15.json,56,7
Qwen3-1.7B-think|summary_prompt|N15|57,Qwen3-1.7B-think,summary_prompt,15,partC_Qwen3-1.7B-think__summary_prompt__N15.json,57,9
Qwen3-1.7B-think|summary_prompt|N15|58,Qwen3-1.7B-think,summary_prompt,15,partC_Qwen3-1.7B-think__summary_prompt__N15.json,58,6
Qwen3-1.7B-think|summary_prompt|N15|59,Qwen3-1.7B-think,summary_prompt,15,partC_Qwen3-1.7B-think__summary_prompt__N15.json,59,6
Qwen3-1.7B-think|summary_prompt|N15|60,Qwen3-1.7B-think,summary_prompt,15,partC_Qwen3-1.7B-think__summary_prompt__N15.json,60,7
Qwen3-1.7B-think|summary_prompt|N15|61,Qwen3-1.7B-think,summary_prompt,15,partC_Qwen3-1.7B-think__summary_prompt__N15.json,61,6
Qwen3-1.7B-think|summary_prompt|N15|62,Qwen3-1.7B-think,summary_prompt,15,partC_Qwen3-1.7B-think__summary_prompt__N15.json,62,7
Qwen3-1.7B-think|summary_prompt|N15|63,Qwen3-1.7B-think,summary_prompt,15,partC_Qwen3-1.7B-think__summary_prompt__N15.json,63,6
Qwen3-1.7B-think|summary_prompt|N15|64,Qwen3-1.7B-think,summary_prompt,15,partC_Qwen3-1.7B-think__summary_prompt__N15.json,64,8
Qwen3-1.7B-think|summary_prompt|N15|65,Qwen3-1.7B-think,summary_prompt,15,partC_Qwen3-1.7B-think__summary_prompt__N15.json,65,9
Qwen3-1.7B-think|summary_prompt|N15|66,Qwen3-1.7B-think,summary_prompt,15,partC_Qwen3-1.7B-think__summary_prompt__N15.json,66,8
Qwen3-1.7B-think|summary_prompt|N15|67,Qwen3-1.7B-think,summary_prompt,15,partC_Qwen3-1.7B-think__summary_prompt__N15.json,67,7
Qwen3-1.7B-think|summary_prompt|N15|68,Qwen3-1.7B-think,summary_prompt,15,partC_Qwen3-1.7B-think__summary_prompt__N15.json,68,9
Qwen3-1.7B-think|summary_prompt|N15|69,Qwen3-1.7B-think,summary_prompt,15,partC_Qwen3-1.7B-think__summary_prompt__N15.json,69,7
Qwen3-1.7B-think|summary_prompt|N15|70,Qwen3-1.7B-think,summary_prompt,15,partC_Qwen3-1.7B-think__summary_prompt__N15.json,70,6
Qwen3-1.7B-think|summary_prompt|N15|71,Qwen3-1.7B-think,summary_prompt,15,partC_Qwen3-1.7B-think__summary_prompt__N15.json,71,6
Qwen3-1.7B-think|summary_prompt|N15|72,Qwen3-1.7B-think,summary_prompt,15,partC_Qwen3-1.7B-think__summary_prompt__N15.json,72,6
Qwen3-1.7B-think|summary_prompt|N15|73,Qwen3-1.7B-think,summary_prompt,15,partC_Qwen3-1.7B-think__summary_prompt__N15.json,73,7
Qwen3-1.7B-think|summary_prompt|N15|74,Qwen3-1.7B-think,summary_prompt,15,partC_Qwen3-1.7B-think__summary_prompt__N15.json,74,7
Qwen3-1.7B-think|summary_prompt|N15|75,Qwen3-1.7B-think,summary_prompt,15,partC_Qwen3-1.7B-think__summary_prompt__N15.json,75,7
Qwen3-1.7B-think|summary_prompt|N15|76,Qwen3-1.7B-think,summary_prompt,15,partC_Qwen3-1.7B-think__summary_prompt__N15.json,76,9
Qwen3-1.7B-think|summary_prompt|N15|77,Qwen3-1.7B-think,summary_prompt,15,partC_Qwen3-1.7B-think__summary_prompt__N15.json,77,7
Qwen3-1.7B-think|summary_prompt|N15|78,Qwen3-1.7B-think,summary_prompt,15,partC_Qwen3-1.7B-think__summary_prompt__N15.json,78,6
Qwen3-1.7B-think|summary_prompt|N15|79,Qwen3-1.7B-think,summary_prompt,15,partC_Qwen3-1.7B-think__summary_prompt__N15.json,79,8
Qwen3-1.7B-think|summary_prompt|N15|80,Qwen3-1.7B-think,summary_prompt,15,partC_Qwen3-1.7B-think__summary_prompt__N15.json,80,9
Qwen3-1.7B-think|summary_prompt|N15|81,Qwen3-1.7B-think,summary_prompt,15,partC_Qwen3-1.7B-think__summary_prompt__N15.json,81,9
Qwen3-1.7B-think|summary_prompt|N15|82,Qwen3-1.7B-think,summary_prompt,15,partC_Qwen3-1.7B-think__summary_prompt__N15.json,82,9
Qwen3-1.7B-think|summary_prompt|N15|83,Qwen3-1.7B-think,summary_prompt,15,partC_Qwen3-1.7B-think__summary_prompt__N15.json,83,6
Qwen3-1.7B-think|summary_prompt|N15|84,Qwen3-1.7B-think,summary_prompt,15,partC_Qwen3-1.7B-think__summary_prompt__N15.json,84,9
Qwen3-1.7B-think|summary_prompt|N15|85,Qwen3-1.7B-think,summary_prompt,15,partC_Qwen3-1.7B-think__summary_prompt__N15.json,85,9
Qwen3-1.7B-think|summary_prompt|N15|86,Qwen3-1.7B-think,summary_prompt,15,partC_Qwen3-1.7B-think__summary_prompt__N15.json,86,9
Qwen3-1.7B-think|summary_prompt|N15|87,Qwen3-1.7B-think,summary_prompt,15,partC_Qwen3-1.7B-think__summary_prompt__N15.json,87,9
Qwen3-1.7B-think|summary_prompt|N15|88,Qwen3-1.7B-think,summary_prompt,15,partC_Qwen3-1.7B-think__summary_prompt__N15.json,88,9
Qwen3-1.7B-think|summary_prompt|N15|89,Qwen3-1.7B-think,summary_prompt,15,partC_Qwen3-1.7B-think__summary_prompt__N15.json,89,9
Qwen3-1.7B-think|summary_prompt|N15|90,Qwen3-1.7B-think,summary_prompt,15,partC_Qwen3-1.7B-think__summary_prompt__N15.json,90,9
Qwen3-1.7B-think|summary_prompt|N15|91,Qwen3-1.7B-think,summary_prompt,15,partC_Qwen3-1.7B-think__summary_prompt__N15.json,91,9
Qwen3-1.7B-think|summary_prompt|N15|92,Qwen3-1.7B-think,summary_prompt,15,partC_Qwen3-1.7B-think__summary_prompt__N15.json,92,9
Qwen3-1.7B-think|summary_prompt|N15|93,Qwen3-1.7B-think,summary_prompt,15,partC_Qwen3-1.7B-think__summary_prompt__N15.json,93,9
Qwen3-1.7B-think|summary_prompt|N15|94,Qwen3-1.7B-think,summary_prompt,15,partC_Qwen3-1.7B-think__summary_prompt__N15.json,94,9
Qwen3-1.7B-think|summary_prompt|N15|95,Qwen3-1.7B-think,summary_prompt,15,partC_Qwen3-1.7B-think__summary_prompt__N15.json,95,9
Qwen3-1.7B-think|summary_prompt|N15|96,Qwen3-1.7B-think,summary_prompt,15,partC_Qwen3-1.7B-think__summary_prompt__N15.json,96,9
Qwen3-1.7B-think|summary_prompt|N15|97,Qwen3-1.7B-think,summary_prompt,15,partC_Qwen3-1.7B-think__summary_prompt__N15.json,97,10
Qwen3-1.7B-think|summary_prompt|N15|98,Qwen3-1.7B-think,summary_prompt,15,partC_Qwen3-1.7B-think__summary_prompt__N15.json,98,9
Qwen3-1.7B-think|summary_prompt|N15|99,Qwen3-1.7B-think,summary_prompt,15,partC_Qwen3-1.7B-think__summary_prompt__N15.json,99,9
Qwen3-1.7B-think|summary_prompt|N15|100,Qwen3-1.7B-think,summary_prompt,15,partC_Qwen3-1.7B-think__summary_prompt__N15.json,100,9
Qwen3-1.7B-think|summary_prompt|N15|101,Qwen3-1.7B-think,summary_prompt,15,partC_Qwen3-1.7B-think__summary_prompt__N15.json,101,9
Qwen3-1.7B-think|summary_prompt|N15|102,Qwen3-1.7B-think,summary_prompt,15,partC_Qwen3-1.7B-think__summary_prompt__N15.json,102,9
Qwen3-1.7B-think|summary_prompt|N15|103,Qwen3-1.7B-think,summary_prompt,15,partC_Qwen3-1.7B-think__summary_prompt__N15.json,103,9
Qwen3-1.7B-think|summary_prompt|N15|104,Qwen3-1.7B-think,summary_prompt,15,partC_Qwen3-1.7B-think__summary_prompt__N15.json,104,9
Qwen3-1.7B-think|summary_prompt|N15|105,Qwen3-1.7B-think,summary_prompt,15,partC_Qwen3-1.7B-think__summary_prompt__N15.json,105,9
Qwen3-1.7B-think|summary_prompt|N15|106,Qwen3-1.7B-think,summary_prompt,15,partC_Qwen3-1.7B-think__summary_prompt__N15.json,106,9
Qwen3-1.7B-think|summary_prompt|N15|107,Qwen3-1.7B-think,summary_prompt,15,partC_Qwen3-1.7B-think__summary_prompt__N15.json,107,9
Qwen3-1.7B-think|summary_prompt|N15|108,Qwen3-1.7B-think,summary_prompt,15,partC_Qwen3-1.7B-think__summary_prompt__N15.json,108,9
Qwen3-1.7B-think|summary_prompt|N15|109,Qwen3-1.7B-think,summary_prompt,15,partC_Qwen3-1.7B-think__summary_prompt__N15.json,109,9
Qwen3-1.7B-think|summary_prompt|N15|110,Qwen3-1.7B-think,summary_prompt,15,partC_Qwen3-1.7B-think__summary_prompt__N15.json,110,9
Qwen3-1.7B-think|summary_prompt|N15|111,Qwen3-1.7B-think,summary_prompt,15,partC_Qwen3-1.7B-think__summary_prompt__N15.json,111,9
Qwen3-1.7B-think|summary_prompt|N15|112,Qwen3-1.7B-think,summary_prompt,15,partC_Qwen3-1.7B-think__summary_prompt__N15.json,112,9
Qwen3-1.7B-think|summary_prompt|N15|113,Qwen3-1.7B-think,summary_prompt,15,partC_Qwen3-1.7B-think__summary_prompt__N15.json,113,9
Qwen3-1.7B-think|summary_prompt|N15|114,Qwen3-1.7B-think,summary_prompt,15,partC_Qwen3-1.7B-think__summary_prompt__N15.json,114,9
Qwen3-1.7B-think|summary_prompt|N15|115,Qwen3-1.7B-think,summary_prompt,15,partC_Qwen3-1.7B-think__summary_prompt__N15.json,115,9
Qwen3-1.7B-think|summary_prompt|N15|116,Qwen3-1.7B-think,summary_prompt,15,partC_Qwen3-1.7B-think__summary_prompt__N15.json,116,9
Qwen3-1.7B-think|summary_prompt|N15|117,Qwen3-1.7B-think,summary_prompt,15,partC_Qwen3-1.7B-think__summary_prompt__N15.json,117,9
Qwen3-1.7B-think|summary_prompt|N15|118,Qwen3-1.7B-think,summary_prompt,15,partC_Qwen3-1.7B-think__summary_prompt__N15.json,118,9
Qwen3-1.7B-think|summary_prompt|N15|119,Qwen3-1.7B-think,summary_prompt,15,partC_Qwen3-1.7B-think__summary_prompt__N15.json,119,9
Qwen3-1.7B-think|summary_prompt|N15|120,Qwen3-1.7B-think,summary_prompt,15,partC_Qwen3-1.7B-think__summary_prompt__N15.json,120,9
Qwen3-1.7B-think|summary_prompt|N15|121,Qwen3-1.7B-think,summary_prompt,15,partC_Qwen3-1.7B-think__summary_prompt__N15.json,121,9
Qwen3-1.7B-think|summary_prompt|N15|122,Qwen3-1.7B-think,summary_prompt,15,partC_Qwen3-1.7B-think__summary_prompt__N15.json,122,9
Qwen3-1.7B-think|summary_prompt|N15|123,Qwen3-1.7B-think,summary_prompt,15,partC_Qwen3-1.7B-think__summary_prompt__N15.json,123,9
Qwen3-1.7B-think|summary_prompt|N15|124,Qwen3-1.7B-think,summary_prompt,15,partC_Qwen3-1.7B-think__summary_prompt__N15.json,124,9
Qwen3-1.7B-think|summary_prompt|N15|125,Qwen3-1.7B-think,summary_prompt,15,partC_Qwen3-1.7B-think__summary_prompt__N15.json,125,9
Qwen3-1.7B-think|summary_prompt|N15|126,Qwen3-1.7B-think,summary_prompt,15,partC_Qwen3-1.7B-think__summary_prompt__N15.json,126,9
Qwen3-1.7B-think|summary_prompt|N15|127,Qwen3-1.7B-think,summary_prompt,15,partC_Qwen3-1.7B-think__summary_prompt__N15.json,127,9
Qwen3-1.7B-think|summary_prompt|N15|128,Qwen3-1.7B-think,summary_prompt,15,partC_Qwen3-1.7B-think__summary_prompt__N15.json,128,9
Qwen3-1.7B-think|summary_prompt|N15|129,Qwen3-1.7B-think,summary_prompt,15,partC_Qwen3-1.7B-think__summary_prompt__N15.json,129,9
Qwen3-1.7B-think|summary_prompt|N15|130,Qwen3-1.7B-think,summary_prompt,15,partC_Qwen3-1.7B-think__summary_prompt__N15.json,130,9
Qwen3-1.7B-think|summary_prompt|N15|131,Qwen3-1.7B-think,summary_prompt,15,partC_Qwen3-1.7B-think__summary_prompt__N15.json,131,9
Qwen3-1.7B-think|summary_prompt|N15|132,Qwen3-1.7B-think,summary_prompt,15,partC_Qwen3-1.7B-think__summary_prompt__N15.json,132,9
Qwen3-1.7B-think|summary_prompt|N15|133,Qwen3-1.7B-think,summary_prompt,15,partC_Qwen3-1.7B-think__summary_prompt__N15.json,133,9
Qwen3-1.7B-think|summary_prompt|N15|134,Qwen3-1.7B-think,summary_prompt,15,partC_Qwen3-1.7B-think__summary_prompt__N15.json,134,9
Qwen3-1.7B-think|summary_prompt|N15|135,Qwen3-1.7B-think,summary_prompt,15,partC_Qwen3-1.7B-think__summary_prompt__N15.json,135,9
Qwen3-1.7B-think|summary_prompt|N15|136,Qwen3-1.7B-think,summary_prompt,15,partC_Qwen3-1.7B-think__summary_prompt__N15.json,136,9
Qwen3-1.7B-think|summary_prompt|N15|137,Qwen3-1.7B-think,summary_prompt,15,partC_Qwen3-1.7B-think__summary_prompt__N15.json,137,9
Qwen3-1.7B-think|summary_prompt|N15|138,Qwen3-1.7B-think,summary_prompt,15,partC_Qwen3-1.7B-think__summary_prompt__N15.json,138,9
Qwen3-1.7B-think|summary_prompt|N15|139,Qwen3-1.7B-think,summary_prompt,15,partC_Qwen3-1.7B-think__summary_prompt__N15.json,139,9
Qwen3-1.7B-think|summary_prompt|N15|140,Qwen3-1.7B-think,summary_prompt,15,partC_Qwen3-1.7B-think__summary_prompt__N15.json,140,7
Qwen3-1.7B-think|summary_prompt|N15|141,Qwen3-1.7B-think,summary_prompt,15,partC_Qwen3-1.7B-think__summary_prompt__N15.json,141,8
Qwen3-1.7B-think|summary_prompt|N15|142,Qwen3-1.7B-think,summary_prompt,15,partC_Qwen3-1.7B-think__summary_prompt__N15.json,142,9
Qwen3-1.7B-think|summary_prompt|N15|143,Qwen3-1.7B-think,summary_prompt,15,partC_Qwen3-1.7B-think__summary_prompt__N15.json,143,9
Qwen3-1.7B-think|summary_prompt|N15|144,Qwen3-1.7B-think,summary_prompt,15,partC_Qwen3-1.7B-think__summary_prompt__N15.json,144,7
Qwen3-1.7B-think|summary_prompt|N15|145,Qwen3-1.7B-think,summary_prompt,15,partC_Qwen3-1.7B-think__summary_prompt__N15.json,145,9
Qwen3-1.7B-think|summary_prompt|N15|146,Qwen3-1.7B-think,summary_prompt,15,partC_Qwen3-1.7B-think__summary_prompt__N15.json,146,9
Qwen3-1.7B-think|summary_prompt|N15|147,Qwen3-1.7B-think,summary_prompt,15,partC_Qwen3-1.7B-think__summary_prompt__N15.json,147,9
Qwen3-1.7B-think|summary_prompt|N15|148,Qwen3-1.7B-think,summary_prompt,15,partC_Qwen3-1.7B-think__summary_prompt__N15.json,148,9
Qwen3-1.7B-think|summary_prompt|N15|149,Qwen3-1.7B-think,summary_prompt,15,partC_Qwen3-1.7B-think__summary_prompt__N15.json,149,8
Qwen3-1.7B-think|summary_prompt|N15|150,Qwen3-1.7B-think,summary_prompt,15,partC_Qwen3-1.7B-think__summary_prompt__N15.json,150,9
Qwen3-1.7B-think|summary_prompt|N15|151,Qwen3-1.7B-think,summary_prompt,15,partC_Qwen3-1.7B-think__summary_prompt__N15.json,151,7
Qwen3-1.7B-think|summary_prompt|N15|152,Qwen3-1.7B-think,summary_prompt,15,partC_Qwen3-1.7B-think__summary_prompt__N15.json,152,7
Qwen3-1.7B-think|summary_prompt|N15|153,Qwen3-1.7B-think,summary_prompt,15,partC_Qwen3-1.7B-think__summary_prompt__N15.json,153,7
Qwen3-1.7B-think|summary_prompt|N15|154,Qwen3-1.7B-think,summary_prompt,15,partC_Qwen3-1.7B-think__summary_prompt__N15.json,154,9
Qwen3-1.7B-think|summary_prompt|N15|155,Qwen3-1.7B-think,summary_prompt,15,partC_Qwen3-1.7B-think__summary_prompt__N15.json,155,9
Qwen3-1.7B-think|summary_prompt|N15|156,Qwen3-1.7B-think,summary_prompt,15,partC_Qwen3-1.7B-think__summary_prompt__N15.json,156,7
Qwen3-1.7B-think|summary_prompt|N15|157,Qwen3-1.7B-think,summary_prompt,15,partC_Qwen3-1.7B-think__summary_prompt__N15.json,157,9
Qwen3-1.7B-think|summary_prompt|N15|158,Qwen3-1.7B-think,summary_prompt,15,partC_Qwen3-1.7B-think__summary_prompt__N15.json,158,8
Qwen3-1.7B-think|summary_prompt|N15|159,Qwen3-1.7B-think,summary_prompt,15,partC_Qwen3-1.7B-think__summary_prompt__N15.json,159,9
Qwen3-1.7B-think|summary_prompt|N15|160,Qwen3-1.7B-think,summary_prompt,15,partC_Qwen3-1.7B-think__summary_prompt__N15.json,160,9
Qwen3-1.7B-think|summary_prompt|N15|161,Qwen3-1.7B-think,summary_prompt,15,partC_Qwen3-1.7B-think__summary_prompt__N15.json,161,8
Qwen3-1.7B-think|summary_prompt|N15|162,Qwen3-1.7B-think,summary_prompt,15,partC_Qwen3-1.7B-think__summary_prompt__N15.json,162,9
Qwen3-1.7B-think|summary_prompt|N15|163,Qwen3-1.7B-think,summary_prompt,15,partC_Qwen3-1.7B-think__summary_prompt__N15.json,163,9
Qwen3-1.7B-think|summary_prompt|N15|164,Qwen3-1.7B-think,summary_prompt,15,partC_Qwen3-1.7B-think__summary_prompt__N15.json,164,9
Qwen3-1.7B-think|summary_prompt|N15|165,Qwen3-1.7B-think,summary_prompt,15,partC_Qwen3-1.7B-think__summary_prompt__N15.json,165,9
Qwen3-1.7B-think|summary_prompt|N15|166,Qwen3-1.7B-think,summary_prompt,15,partC_Qwen3-1.7B-think__summary_prompt__N15.json,166,9
Qwen3-1.7B-think|summary_prompt|N15|167,Qwen3-1.7B-think,summary_prompt,15,partC_Qwen3-1.7B-think__summary_prompt__N15.json,167,8
Qwen3-1.7B-think|summary_prompt|N15|168,Qwen3-1.7B-think,summary_prompt,15,partC_Qwen3-1.7B-think__summary_prompt__N15.json,168,7
Qwen3-1.7B-think|summary_prompt|N15|169,Qwen3-1.7B-think,summary_prompt,15,partC_Qwen3-1.7B-think__summary_prompt__N15.json,169,9
Qwen3-1.7B-think|summary_prompt|N15|170,Qwen3-1.7B-think,summary_prompt,15,partC_Qwen3-1.7B-think__summary_prompt__N15.json,170,8
Qwen3-1.7B-think|summary_prompt|N15|171,Qwen3-1.7B-think,summary_prompt,15,partC_Qwen3-1.7B-think__summary_prompt__N15.json,171,9
Qwen3-1.7B-think|summary_prompt|N15|172,Qwen3-1.7B-think,summary_prompt,15,partC_Qwen3-1.7B-think__summary_prompt__N15.json,172,8
Qwen3-1.7B-think|summary_prompt|N15|173,Qwen3-1.7B-think,summary_prompt,15,partC_Qwen3-1.7B-think__summary_prompt__N15.json,173,8
Qwen3-1.7B-think|summary_prompt|N15|174,Qwen3-1.7B-think,summary_prompt,15,partC_Qwen3-1.7B-think__summary_prompt__N15.json,174,9
Qwen3-1.7B-think|summary_prompt|N15|175,Qwen3-1.7B-think,summary_prompt,15,partC_Qwen3-1.7B-think__summary_prompt__N15.json,175,9
Qwen3-1.7B-think|summary_prompt|N15|176,Qwen3-1.7B-think,summary_prompt,15,partC_Qwen3-1.7B-think__summary_prompt__N15.json,176,9
Qwen3-1.7B-think|summary_prompt|N15|177,Qwen3-1.7B-think,summary_prompt,15,partC_Qwen3-1.7B-think__summary_prompt__N15.json,177,6
Qwen3-1.7B-think|summary_prompt|N15|178,Qwen3-1.7B-think,summary_prompt,15,partC_Qwen3-1.7B-think__summary_prompt__N15.json,178,9
Qwen3-1.7B-think|summary_prompt|N15|179,Qwen3-1.7B-think,summary_prompt,15,partC_Qwen3-1.7B-think__summary_prompt__N15.json,179,9
Qwen3-1.7B-think|summary_prompt|N15|180,Qwen3-1.7B-think,summary_prompt,15,partC_Qwen3-1.7B-think__summary_prompt__N15.json,180,6
Qwen3-1.7B-think|summary_prompt|N15|181,Qwen3-1.7B-think,summary_prompt,15,partC_Qwen3-1.7B-think__summary_prompt__N15.json,181,7
Qwen3-1.7B-think|summary_prompt|N15|182,Qwen3-1.7B-think,summary_prompt,15,partC_Qwen3-1.7B-think__summary_prompt__N15.json,182,9
Qwen3-1.7B-think|summary_prompt|N15|183,Qwen3-1.7B-think,summary_prompt,15,partC_Qwen3-1.7B-think__summary_prompt__N15.json,183,6
Qwen3-1.7B-think|summary_prompt|N15|184,Qwen3-1.7B-think,summary_prompt,15,partC_Qwen3-1.7B-think__summary_prompt__N15.json,184,8
Qwen3-1.7B-think|summary_prompt|N15|185,Qwen3-1.7B-think,summary_prompt,15,partC_Qwen3-1.7B-think__summary_prompt__N15.json,185,7
Qwen3-1.7B-think|summary_prompt|N15|186,Qwen3-1.7B-think,summary_prompt,15,partC_Qwen3-1.7B-think__summary_prompt__N15.json,186,6
Qwen3-1.7B-think|summary_prompt|N15|187,Qwen3-1.7B-think,summary_prompt,15,partC_Qwen3-1.7B-think__summary_prompt__N15.json,187,9
Qwen3-1.7B-think|summary_prompt|N15|188,Qwen3-1.7B-think,summary_prompt,15,partC_Qwen3-1.7B-think__summary_prompt__N15.json,188,6
Qwen3-1.7B-think|summary_prompt|N15|189,Qwen3-1.7B-think,summary_prompt,15,partC_Qwen3-1.7B-think__summary_prompt__N15.json,189,9
Qwen3-1.7B-think|summary_prompt|N15|190,Qwen3-1.7B-think,summary_prompt,15,partC_Qwen3-1.7B-think__summary_prompt__N15.json,190,9
Qwen3-1.7B-think|summary_prompt|N15|191,Qwen3-1.7B-think,summary_prompt,15,partC_Qwen3-1.7B-think__summary_prompt__N15.json,191,4
Qwen3-1.7B-think|summary_prompt|N15|192,Qwen3-1.7B-think,summary_prompt,15,partC_Qwen3-1.7B-think__summary_prompt__N15.json,192,6
Qwen3-1.7B-think|summary_prompt|N15|193,Qwen3-1.7B-think,summary_prompt,15,partC_Qwen3-1.7B-think__summary_prompt__N15.json,193,8
Qwen3-1.7B-think|summary_prompt|N15|194,Qwen3-1.7B-think,summary_prompt,15,partC_Qwen3-1.7B-think__summary_prompt__N15.json,194,6
Qwen3-1.7B-think|summary_prompt|N15|195,Qwen3-1.7B-think,summary_prompt,15,partC_Qwen3-1.7B-think__summary_prompt__N15.json,195,7
Qwen3-1.7B-think|summary_prompt|N15|196,Qwen3-1.7B-think,summary_prompt,15,partC_Qwen3-1.7B-think__summary_prompt__N15.json,196,6
Qwen3-1.7B-think|summary_prompt|N15|197,Qwen3-1.7B-think,summary_prompt,15,partC_Qwen3-1.7B-think__summary_prompt__N15.json,197,9
Qwen3-1.7B-think|summary_prompt|N15|198,Qwen3-1.7B-think,summary_prompt,15,partC_Qwen3-1.7B-think__summary_prompt__N15.json,198,9
Qwen3-1.7B-think|summary_prompt|N15|199,Qwen3-1.7B-think,summary_prompt,15,partC_Qwen3-1.7B-think__summary_prompt__N15.json,199,9
Qwen3-1.7B-think|summary_prompt|N15|200,Qwen3-1.7B-think,summary_prompt,15,partC_Qwen3-1.7B-think__summary_prompt__N15.json,200,9
Qwen3-1.7B-think|summary_prompt|N15|201,Qwen3-1.7B-think,summary_prompt,15,partC_Qwen3-1.7B-think__summary_prompt__N15.json,201,7
Qwen3-1.7B-think|summary_prompt|N15|202,Qwen3-1.7B-think,summary_prompt,15,partC_Qwen3-1.7B-think__summary_prompt__N15.json,202,9
Qwen3-1.7B-think|summary_prompt|N15|203,Qwen3-1.7B-think,summary_prompt,15,partC_Qwen3-1.7B-think__summary_prompt__N15.json,203,9
Qwen3-1.7B-think|summary_prompt|N15|204,Qwen3-1.7B-think,summary_prompt,15,partC_Qwen3-1.7B-think__summary_prompt__N15.json,204,9
Qwen3-1.7B-think|summary_prompt|N15|205,Qwen3-1.7B-think,summary_prompt,15,partC_Qwen3-1.7B-think__summary_prompt__N15.json,205,9
Qwen3-1.7B-think|summary_prompt|N15|206,Qwen3-1.7B-think,summary_prompt,15,partC_Qwen3-1.7B-think__summary_prompt__N15.json,206,9
Qwen3-1.7B-think|summary_prompt|N15|207,Qwen3-1.7B-think,summary_prompt,15,partC_Qwen3-1.7B-think__summary_prompt__N15.json,207,9
Qwen3-1.7B-think|summary_prompt|N15|208,Qwen3-1.7B-think,summary_prompt,15,partC_Qwen3-1.7B-think__summary_prompt__N15.json,208,9
Qwen3-1.7B-think|summary_prompt|N15|209,Qwen3-1.7B-think,summary_prompt,15,partC_Qwen3-1.7B-think__summary_prompt__N15.json,209,9
Qwen3-1.7B-think|summary_prompt|N15|210,Qwen3-1.7B-think,summary_prompt,15,partC_Qwen3-1.7B-think__summary_prompt__N15.json,210,9
Qwen3-1.7B-think|summary_prompt|N15|211,Qwen3-1.7B-think,summary_prompt,15,partC_Qwen3-1.7B-think__summary_prompt__N15.json,211,9
Qwen3-1.7B-think|summary_prompt|N15|212,Qwen3-1.7B-think,summary_prompt,15,partC_Qwen3-1.7B-think__summary_prompt__N15.json,212,7
Qwen3-1.7B-think|summary_prompt|N15|213,Qwen3-1.7B-think,summary_prompt,15,partC_Qwen3-1.7B-think__summary_prompt__N15.json,213,7
Qwen3-1.7B-think|summary_prompt|N15|214,Qwen3-1.7B-think,summary_prompt,15,partC_Qwen3-1.7B-think__summary_prompt__N15.json,214,9
Qwen3-1.7B-think|summary_prompt|N15|215,Qwen3-1.7B-think,summary_prompt,15,partC_Qwen3-1.7B-think__summary_prompt__N15.json,215,9
Qwen3-1.7B-think|summary_prompt|N15|216,Qwen3-1.7B-think,summary_prompt,15,partC_Qwen3-1.7B-think__summary_prompt__N15.json,216,8
Qwen3-1.7B-think|summary_prompt|N15|217,Qwen3-1.7B-think,summary_prompt,15,partC_Qwen3-1.7B-think__summary_prompt__N15.json,217,9
Qwen3-1.7B-think|summary_prompt|N15|218,Qwen3-1.7B-think,summary_prompt,15,partC_Qwen3-1.7B-think__summary_prompt__N15.json,218,9
Qwen3-1.7B-think|summary_prompt|N15|219,Qwen3-1.7B-think,summary_prompt,15,partC_Qwen3-1.7B-think__summary_prompt__N15.json,219,9
Qwen3-1.7B-think|summary_prompt|N15|220,Qwen3-1.7B-think,summary_prompt,15,partC_Qwen3-1.7B-think__summary_prompt__N15.json,220,9
Qwen3-1.7B-think|summary_prompt|N15|221,Qwen3-1.7B-think,summary_prompt,15,partC_Qwen3-1.7B-think__summary_prompt__N15.json,221,7
Qwen3-1.7B-think|summary_prompt|N15|222,Qwen3-1.7B-think,summary_prompt,15,partC_Qwen3-1.7B-think__summary_prompt__N15.json,222,9
Qwen3-1.7B-think|summary_prompt|N15|223,Qwen3-1.7B-think,summary_prompt,15,partC_Qwen3-1.7B-think__summary_prompt__N15.json,223,9
Qwen3-1.7B-think|summary_prompt|N15|224,Qwen3-1.7B-think,summary_prompt,15,partC_Qwen3-1.7B-think__summary_prompt__N15.json,224,9
Qwen3-1.7B-think|summary_prompt|N15|225,Qwen3-1.7B-think,summary_prompt,15,partC_Qwen3-1.7B-think__summary_prompt__N15.json,225,9
Qwen3-1.7B-think|summary_prompt|N15|226,Qwen3-1.7B-think,summary_prompt,15,partC_Qwen3-1.7B-think__summary_prompt__N15.json,226,9
Qwen3-1.7B-think|summary_prompt|N15|227,Qwen3-1.7B-think,summary_prompt,15,partC_Qwen3-1.7B-think__summary_prompt__N15.json,227,9
Qwen3-1.7B-think|summary_prompt|N15|228,Qwen3-1.7B-think,summary_prompt,15,partC_Qwen3-1.7B-think__summary_prompt__N15.json,228,9
Qwen3-1.7B-think|summary_prompt|N15|229,Qwen3-1.7B-think,summary_prompt,15,partC_Qwen3-1.7B-think__summary_prompt__N15.json,229,9
Qwen3-1.7B-think|summary_prompt|N15|230,Qwen3-1.7B-think,summary_prompt,15,partC_Qwen3-1.7B-think__summary_prompt__N15.json,230,9
Qwen3-1.7B-think|summary_prompt|N15|231,Qwen3-1.7B-think,summary_prompt,15,partC_Qwen3-1.7B-think__summary_prompt__N15.json,231,9
Qwen3-1.7B-think|summary_prompt|N15|232,Qwen3-1.7B-think,summary_prompt,15,partC_Qwen3-1.7B-think__summary_prompt__N15.json,232,9
Qwen3-1.7B-think|summary_prompt|N15|233,Qwen3-1.7B-think,summary_prompt,15,partC_Qwen3-1.7B-think__summary_prompt__N15.json,233,9
Qwen3-1.7B-think|summary_prompt|N15|234,Qwen3-1.7B-think,summary_prompt,15,partC_Qwen3-1.7B-think__summary_prompt__N15.json,234,6
Qwen3-1.7B-think|summary_prompt|N15|235,Qwen3-1.7B-think,summary_prompt,15,partC_Qwen3-1.7B-think__summary_prompt__N15.json,235,9
Qwen3-1.7B-think|summary_prompt|N15|236,Qwen3-1.7B-think,summary_prompt,15,partC_Qwen3-1.7B-think__summary_prompt__N15.json,236,9
Qwen3-1.7B-think|summary_prompt|N15|237,Qwen3-1.7B-think,summary_prompt,15,partC_Qwen3-1.7B-think__summary_prompt__N15.json,237,9
Qwen3-1.7B-think|summary_prompt|N15|238,Qwen3-1.7B-think,summary_prompt,15,partC_Qwen3-1.7B-think__summary_prompt__N15.json,238,9
Qwen3-1.7B-think|summary_prompt|N15|239,Qwen3-1.7B-think,summary_prompt,15,partC_Qwen3-1.7B-think__summary_prompt__N15.json,239,9
Qwen3-1.7B-think|summary_prompt|N15|240,Qwen3-1.7B-think,summary_prompt,15,partC_Qwen3-1.7B-think__summary_prompt__N15.json,240,9
Qwen3-1.7B-think|summary_prompt|N15|241,Qwen3-1.7B-think,summary_prompt,15,partC_Qwen3-1.7B-think__summary_prompt__N15.json,241,9
Qwen3-1.7B-think|summary_prompt|N15|242,Qwen3-1.7B-think,summary_prompt,15,partC_Qwen3-1.7B-think__summary_prompt__N15.json,242,9
Qwen3-1.7B-think|summary_prompt|N15|243,Qwen3-1.7B-think,summary_prompt,15,partC_Qwen3-1.7B-think__summary_prompt__N15.json,243,9
Qwen3-1.7B-think|summary_prompt|N15|244,Qwen3-1.7B-think,summary_prompt,15,partC_Qwen3-1.7B-think__summary_prompt__N15.json,244,10
Qwen3-1.7B-think|summary_prompt|N15|245,Qwen3-1.7B-think,summary_prompt,15,partC_Qwen3-1.7B-think__summary_prompt__N15.json,245,9
Qwen3-1.7B-think|summary_prompt|N15|246,Qwen3-1.7B-think,summary_prompt,15,partC_Qwen3-1.7B-think__summary_prompt__N15.json,246,9
Qwen3-1.7B-think|summary_prompt|N15|247,Qwen3-1.7B-think,summary_prompt,15,partC_Qwen3-1.7B-think__summary_prompt__N15.json,247,9
Qwen3-1.7B-think|summary_prompt|N15|248,Qwen3-1.7B-think,summary_prompt,15,partC_Qwen3-1.7B-think__summary_prompt__N15.json,248,9
Qwen3-1.7B-think|summary_prompt|N15|249,Qwen3-1.7B-think,summary_prompt,15,partC_Qwen3-1.7B-think__summary_prompt__N15.json,249,9
Qwen3-1.7B-think|summary_prompt|N15|250,Qwen3-1.7B-think,summary_prompt,15,partC_Qwen3-1.7B-think__summary_prompt__N15.json,250,9
Qwen3-1.7B-think|summary_prompt|N15|251,Qwen3-1.7B-think,summary_prompt,15,partC_Qwen3-1.7B-think__summary_prompt__N15.json,251,7
Qwen3-1.7B-think|summary_prompt|N15|252,Qwen3-1.7B-think,summary_prompt,15,partC_Qwen3-1.7B-think__summary_prompt__N15.json,252,9
Qwen3-1.7B-think|summary_prompt|N15|253,Qwen3-1.7B-think,summary_prompt,15,partC_Qwen3-1.7B-think__summary_prompt__N15.json,253,9
Qwen3-1.7B-think|summary_prompt|N15|254,Qwen3-1.7B-think,summary_prompt,15,partC_Qwen3-1.7B-think__summary_prompt__N15.json,254,9
Qwen3-1.7B-think|summary_prompt|N15|255,Qwen3-1.7B-think,summary_prompt,15,partC_Qwen3-1.7B-think__summary_prompt__N15.json,255,9
Qwen3-1.7B-think|summary_prompt|N15|256,Qwen3-1.7B-think,summary_prompt,15,partC_Qwen3-1.7B-think__summary_prompt__N15.json,256,9
Qwen3-1.7B-think|summary_prompt|N15|257,Qwen3-1.7B-think,summary_prompt,15,partC_Qwen3-1.7B-think__summary_prompt__N15.json,257,9
Qwen3-1.7B-think|summary_prompt|N15|258,Qwen3-1.7B-think,summary_prompt,15,partC_Qwen3-1.7B-think__summary_prompt__N15.json,258,9
Qwen3-1.7B-think|summary_prompt|N15|259,Qwen3-1.7B-think,summary_prompt,15,partC_Qwen3-1.7B-think__summary_prompt__N15.json,259,7
Qwen3-1.7B-think|summary_prompt|N15|260,Qwen3-1.7B-think,summary_prompt,15,partC_Qwen3-1.7B-think__summary_prompt__N15.json,260,9
Qwen3-1.7B-think|summary_prompt|N15|261,Qwen3-1.7B-think,summary_prompt,15,partC_Qwen3-1.7B-think__summary_prompt__N15.json,261,9
Qwen3-1.7B-think|summary_prompt|N15|262,Qwen3-1.7B-think,summary_prompt,15,partC_Qwen3-1.7B-think__summary_prompt__N15.json,262,7
Qwen3-1.7B-think|summary_prompt|N15|263,Qwen3-1.7B-think,summary_prompt,15,partC_Qwen3-1.7B-think__summary_prompt__N15.json,263,7
Qwen3-1.7B-think|summary_prompt|N15|264,Qwen3-1.7B-think,summary_prompt,15,partC_Qwen3-1.7B-think__summary_prompt__N15.json,264,6
Qwen3-1.7B-think|summary_prompt|N15|265,Qwen3-1.7B-think,summary_prompt,15,partC_Qwen3-1.7B-think__summary_prompt__N15.json,265,6
Qwen3-1.7B-think|summary_prompt|N15|266,Qwen3-1.7B-think,summary_prompt,15,partC_Qwen3-1.7B-think__summary_prompt__N15.json,266,7
Qwen3-1.7B-think|summary_prompt|N15|267,Qwen3-1.7B-think,summary_prompt,15,partC_Qwen3-1.7B-think__summary_prompt__N15.json,267,9
Qwen3-1.7B-think|summary_prompt|N15|268,Qwen3-1.7B-think,summary_prompt,15,partC_Qwen3-1.7B-think__summary_prompt__N15.json,268,8
Qwen3-1.7B-think|summary_prompt|N15|269,Qwen3-1.7B-think,summary_prompt,15,partC_Qwen3-1.7B-think__summary_prompt__N15.json,269,9
Qwen3-1.7B-think|summary_prompt|N15|270,Qwen3-1.7B-think,summary_prompt,15,partC_Qwen3-1.7B-think__summary_prompt__N15.json,270,8
Qwen3-1.7B-think|summary_prompt|N15|271,Qwen3-1.7B-think,summary_prompt,15,partC_Qwen3-1.7B-think__summary_prompt__N15.json,271,7
Qwen3-1.7B-think|summary_prompt|N15|272,Qwen3-1.7B-think,summary_prompt,15,partC_Qwen3-1.7B-think__summary_prompt__N15.json,272,9
Qwen3-1.7B-think|summary_prompt|N15|273,Qwen3-1.7B-think,summary_prompt,15,partC_Qwen3-1.7B-think__summary_prompt__N15.json,273,6
Qwen3-1.7B-think|summary_prompt|N15|274,Qwen3-1.7B-think,summary_prompt,15,partC_Qwen3-1.7B-think__summary_prompt__N15.json,274,9
Qwen3-1.7B-think|summary_prompt|N15|275,Qwen3-1.7B-think,summary_prompt,15,partC_Qwen3-1.7B-think__summary_prompt__N15.json,275,7
Qwen3-1.7B-think|summary_prompt|N15|276,Qwen3-1.7B-think,summary_prompt,15,partC_Qwen3-1.7B-think__summary_prompt__N15.json,276,9
Qwen3-1.7B-think|summary_prompt|N15|277,Qwen3-1.7B-think,summary_prompt,15,partC_Qwen3-1.7B-think__summary_prompt__N15.json,277,4
Qwen3-1.7B-think|summary_prompt|N15|278,Qwen3-1.7B-think,summary_prompt,15,partC_Qwen3-1.7B-think__summary_prompt__N15.json,278,8
Qwen3-1.7B-think|summary_prompt|N15|279,Qwen3-1.7B-think,summary_prompt,15,partC_Qwen3-1.7B-think__summary_prompt__N15.json,279,6
Qwen3-1.7B-think|summary_prompt|N15|280,Qwen3-1.7B-think,summary_prompt,15,partC_Qwen3-1.7B-think__summary_prompt__N15.json,280,7
Qwen3-1.7B-think|summary_prompt|N15|281,Qwen3-1.7B-think,summary_prompt,15,partC_Qwen3-1.7B-think__summary_prompt__N15.json,281,9
Qwen3-1.7B-think|summary_prompt|N15|282,Qwen3-1.7B-think,summary_prompt,15,partC_Qwen3-1.7B-think__summary_prompt__N15.json,282,6
Qwen3-1.7B-think|summary_prompt|N15|283,Qwen3-1.7B-think,summary_prompt,15,partC_Qwen3-1.7B-think__summary_prompt__N15.json,283,9
Qwen3-1.7B-think|summary_prompt|N15|284,Qwen3-1.7B-think,summary_prompt,15,partC_Qwen3-1.7B-think__summary_prompt__N15.json,284,8
Qwen3-1.7B-think|summary_prompt|N15|285,Qwen3-1.7B-think,summary_prompt,15,partC_Qwen3-1.7B-think__summary_prompt__N15.json,285,4
Qwen3-1.7B-think|summary_prompt|N15|286,Qwen3-1.7B-think,summary_prompt,15,partC_Qwen3-1.7B-think__summary_prompt__N15.json,286,9
Qwen3-1.7B-think|summary_prompt|N15|287,Qwen3-1.7B-think,summary_prompt,15,partC_Qwen3-1.7B-think__summary_prompt__N15.json,287,6
Qwen3-1.7B-think|summary_prompt|N15|288,Qwen3-1.7B-think,summary_prompt,15,partC_Qwen3-1.7B-think__summary_prompt__N15.json,288,9
Qwen3-1.7B-think|summary_prompt|N15|289,Qwen3-1.7B-think,summary_prompt,15,partC_Qwen3-1.7B-think__summary_prompt__N15.json,289,7
Qwen3-1.7B-think|summary_prompt|N15|290,Qwen3-1.7B-think,summary_prompt,15,partC_Qwen3-1.7B-think__summary_prompt__N15.json,290,9
Qwen3-1.7B-think|summary_prompt|N15|291,Qwen3-1.7B-think,summary_prompt,15,partC_Qwen3-1.7B-think__summary_prompt__N15.json,291,7
Qwen3-1.7B-think|summary_prompt|N15|292,Qwen3-1.7B-think,summary_prompt,15,partC_Qwen3-1.7B-think__summary_prompt__N15.json,292,9
Qwen3-1.7B-think|summary_prompt|N15|293,Qwen3-1.7B-think,summary_prompt,15,partC_Qwen3-1.7B-think__summary_prompt__N15.json,293,9
Qwen3-1.7B-think|summary_prompt|N15|294,Qwen3-1.7B-think,summary_prompt,15,partC_Qwen3-1.7B-think__summary_prompt__N15.json,294,9
Qwen3-1.7B-think|summary_prompt|N15|295,Qwen3-1.7B-think,summary_prompt,15,partC_Qwen3-1.7B-think__summary_prompt__N15.json,295,9
Qwen3-1.7B-think|summary_prompt|N15|296,Qwen3-1.7B-think,summary_prompt,15,partC_Qwen3-1.7B-think__summary_prompt__N15.json,296,9
Qwen3-1.7B-think|summary_prompt|N15|297,Qwen3-1.7B-think,summary_prompt,15,partC_Qwen3-1.7B-think__summary_prompt__N15.json,297,6
Qwen3-1.7B-think|summary_prompt|N15|298,Qwen3-1.7B-think,summary_prompt,15,partC_Qwen3-1.7B-think__summary_prompt__N15.json,298,7
Qwen3-1.7B-think|summary_prompt|N15|299,Qwen3-1.7B-think,summary_prompt,15,partC_Qwen3-1.7B-think__summary_prompt__N15.json,299,9
Qwen3-1.7B-think|summary_prompt|N15|300,Qwen3-1.7B-think,summary_prompt,15,partC_Qwen3-1.7B-think__summary_prompt__N15.json,300,9
Qwen3-1.7B-think|summary_prompt|N15|301,Qwen3-1.7B-think,summary_prompt,15,partC_Qwen3-1.7B-think__summary_prompt__N15.json,301,6
Qwen3-1.7B-think|summary_prompt|N15|302,Qwen3-1.7B-think,summary_prompt,15,partC_Qwen3-1.7B-think__summary_prompt__N15.json,302,9
Qwen3-1.7B-think|summary_prompt|N15|303,Qwen3-1.7B-think,summary_prompt,15,partC_Qwen3-1.7B-think__summary_prompt__N15.json,303,9
Qwen3-1.7B-think|summary_prompt|N15|304,Qwen3-1.7B-think,summary_prompt,15,partC_Qwen3-1.7B-think__summary_prompt__N15.json,304,9
Qwen3-1.7B-think|summary_prompt|N15|305,Qwen3-1.7B-think,summary_prompt,15,partC_Qwen3-1.7B-think__summary_prompt__N15.json,305,9
Qwen3-1.7B-think|summary_prompt|N15|306,Qwen3-1.7B-think,summary_prompt,15,partC_Qwen3-1.7B-think__summary_prompt__N15.json,306,9
Qwen3-1.7B-think|summary_prompt|N15|307,Qwen3-1.7B-think,summary_prompt,15,partC_Qwen3-1.7B-think__summary_prompt__N15.json,307,9
Qwen3-1.7B-think|summary_prompt|N15|308,Qwen3-1.7B-think,summary_prompt,15,partC_Qwen3-1.7B-think__summary_prompt__N15.json,308,9
Qwen3-1.7B-think|summary_prompt|N15|309,Qwen3-1.7B-think,summary_prompt,15,partC_Qwen3-1.7B-think__summary_prompt__N15.json,309,9
Qwen3-1.7B-think|summary_prompt|N15|310,Qwen3-1.7B-think,summary_prompt,15,partC_Qwen3-1.7B-think__summary_prompt__N15.json,310,9
Qwen3-1.7B-think|summary_prompt|N15|311,Qwen3-1.7B-think,summary_prompt,15,partC_Qwen3-1.7B-think__summary_prompt__N15.json,311,9
Qwen3-1.7B-think|summary_prompt|N15|312,Qwen3-1.7B-think,summary_prompt,15,partC_Qwen3-1.7B-think__summary_prompt__N15.json,312,9
Qwen3-1.7B-think|summary_prompt|N15|313,Qwen3-1.7B-think,summary_prompt,15,partC_Qwen3-1.7B-think__summary_prompt__N15.json,313,9
Qwen3-1.7B-think|summary_prompt|N15|314,Qwen3-1.7B-think,summary_prompt,15,partC_Qwen3-1.7B-think__summary_prompt__N15.json,314,9
Qwen3-1.7B-think|summary_prompt|N15|315,Qwen3-1.7B-think,summary_prompt,15,partC_Qwen3-1.7B-think__summary_prompt__N15.json,315,9
Qwen3-1.7B-think|summary_prompt|N15|316,Qwen3-1.7B-think,summary_prompt,15,partC_Qwen3-1.7B-think__summary_prompt__N15.json,316,9
Qwen3-1.7B-think|summary_prompt|N15|317,Qwen3-1.7B-think,summary_prompt,15,partC_Qwen3-1.7B-think__summary_prompt__N15.json,317,9
Qwen3-1.7B-think|summary_prompt|N15|318,Qwen3-1.7B-think,summary_prompt,15,partC_Qwen3-1.7B-think__summary_prompt__N15.json,318,9
Qwen3-1.7B-think|summary_prompt|N15|319,Qwen3-1.7B-think,summary_prompt,15,partC_Qwen3-1.7B-think__summary_prompt__N15.json,319,9
Qwen3-1.7B-think|summary_prompt|N15|320,Qwen3-1.7B-think,summary_prompt,15,partC_Qwen3-1.7B-think__summary_prompt__N15.json,320,9
Qwen3-1.7B-think|summary_prompt|N15|321,Qwen3-1.7B-think,summary_prompt,15,partC_Qwen3-1.7B-think__summary_prompt__N15.json,321,9
Qwen3-1.7B-think|summary_prompt|N15|322,Qwen3-1.7B-think,summary_prompt,15,partC_Qwen3-1.7B-think__summary_prompt__N15.json,322,9
Qwen3-1.7B-think|summary_prompt|N15|323,Qwen3-1.7B-think,summary_prompt,15,partC_Qwen3-1.7B-think__summary_prompt__N15.json,323,9
Qwen3-1.7B-think|summary_prompt|N15|324,Qwen3-1.7B-think,summary_prompt,15,partC_Qwen3-1.7B-think__summary_prompt__N15.json,324,9
Qwen3-1.7B-think|summary_prompt|N15|325,Qwen3-1.7B-think,summary_prompt,15,partC_Qwen3-1.7B-think__summary_prompt__N15.json,325,9
Qwen3-1.7B-think|summary_prompt|N15|326,Qwen3-1.7B-think,summary_prompt,15,partC_Qwen3-1.7B-think__summary_prompt__N15.json,326,9
Qwen3-1.7B-think|summary_prompt|N15|327,Qwen3-1.7B-think,summary_prompt,15,partC_Qwen3-1.7B-think__summary_prompt__N15.json,327,9
Qwen3-1.7B-think|summary_prompt|N15|328,Qwen3-1.7B-think,summary_prompt,15,partC_Qwen3-1.7B-think__summary_prompt__N15.json,328,8
Qwen3-1.7B-think|summary_prompt|N15|329,Qwen3-1.7B-think,summary_prompt,15,partC_Qwen3-1.7B-think__summary_prompt__N15.json,329,9
Qwen3-1.7B-think|summary_prompt|N15|330,Qwen3-1.7B-think,summary_prompt,15,partC_Qwen3-1.7B-think__summary_prompt__N15.json,330,9
Qwen3-1.7B-think|summary_prompt|N15|331,Qwen3-1.7B-think,summary_prompt,15,partC_Qwen3-1.7B-think__summary_prompt__N15.json,331,9
Qwen3-1.7B-think|summary_prompt|N15|332,Qwen3-1.7B-think,summary_prompt,15,partC_Qwen3-1.7B-think__summary_prompt__N15.json,332,9
Qwen3-1.7B-think|summary_prompt|N15|333,Qwen3-1.7B-think,summary_prompt,15,partC_Qwen3-1.7B-think__summary_prompt__N15.json,333,9
Qwen3-1.7B-think|summary_prompt|N15|334,Qwen3-1.7B-think,summary_prompt,15,partC_Qwen3-1.7B-think__summary_prompt__N15.json,334,9
Qwen3-1.7B-think|summary_prompt|N15|335,Qwen3-1.7B-think,summary_prompt,15,partC_Qwen3-1.7B-think__summary_prompt__N15.json,335,9
Qwen3-1.7B-think|summary_prompt|N15|336,Qwen3-1.7B-think,summary_prompt,15,partC_Qwen3-1.7B-think__summary_prompt__N15.json,336,9
Qwen3-1.7B-think|summary_prompt|N15|337,Qwen3-1.7B-think,summary_prompt,15,partC_Qwen3-1.7B-think__summary_prompt__N15.json,337,9
Qwen3-1.7B-think|summary_prompt|N15|338,Qwen3-1.7B-think,summary_prompt,15,partC_Qwen3-1.7B-think__summary_prompt__N15.json,338,9
Qwen3-1.7B-think|summary_prompt|N15|339,Qwen3-1.7B-think,summary_prompt,15,partC_Qwen3-1.7B-think__summary_prompt__N15.json,339,9
Qwen3-1.7B-think|summary_prompt|N15|340,Qwen3-1.7B-think,summary_prompt,15,partC_Qwen3-1.7B-think__summary_prompt__N15.json,340,7
Qwen3-1.7B-think|summary_prompt|N15|341,Qwen3-1.7B-think,summary_prompt,15,partC_Qwen3-1.7B-think__summary_prompt__N15.json,341,7
Qwen3-1.7B-think|summary_prompt|N15|342,Qwen3-1.7B-think,summary_prompt,15,partC_Qwen3-1.7B-think__summary_prompt__N15.json,342,9
Qwen3-1.7B-think|summary_prompt|N15|343,Qwen3-1.7B-think,summary_prompt,15,partC_Qwen3-1.7B-think__summary_prompt__N15.json,343,9
Qwen3-1.7B-think|summary_prompt|N15|344,Qwen3-1.7B-think,summary_prompt,15,partC_Qwen3-1.7B-think__summary_prompt__N15.json,344,9
Qwen3-1.7B-think|summary_prompt|N15|345,Qwen3-1.7B-think,summary_prompt,15,partC_Qwen3-1.7B-think__summary_prompt__N15.json,345,9
Qwen3-1.7B-think|summary_prompt|N15|346,Qwen3-1.7B-think,summary_prompt,15,partC_Qwen3-1.7B-think__summary_prompt__N15.json,346,9
Qwen3-1.7B-think|summary_prompt|N15|347,Qwen3-1.7B-think,summary_prompt,15,partC_Qwen3-1.7B-think__summary_prompt__N15.json,347,9
Qwen3-1.7B-think|summary_prompt|N15|348,Qwen3-1.7B-think,summary_prompt,15,partC_Qwen3-1.7B-think__summary_prompt__N15.json,348,9
Qwen3-1.7B-think|summary_prompt|N15|349,Qwen3-1.7B-think,summary_prompt,15,partC_Qwen3-1.7B-think__summary_prompt__N15.json,349,9
Qwen3-1.7B-think|summary_prompt|N15|350,Qwen3-1.7B-think,summary_prompt,15,partC_Qwen3-1.7B-think__summary_prompt__N15.json,350,9
Qwen3-1.7B-think|summary_prompt|N15|351,Qwen3-1.7B-think,summary_prompt,15,partC_Qwen3-1.7B-think__summary_prompt__N15.json,351,9
Qwen3-1.7B-think|summary_prompt|N15|352,Qwen3-1.7B-think,summary_prompt,15,partC_Qwen3-1.7B-think__summary_prompt__N15.json,352,9
Qwen3-1.7B-think|summary_prompt|N15|353,Qwen3-1.7B-think,summary_prompt,15,partC_Qwen3-1.7B-think__summary_prompt__N15.json,353,9
Qwen3-1.7B-think|summary_prompt|N15|354,Qwen3-1.7B-think,summary_prompt,15,partC_Qwen3-1.7B-think__summary_prompt__N15.json,354,9
Qwen3-1.7B-think|summary_prompt|N15|355,Qwen3-1.7B-think,summary_prompt,15,partC_Qwen3-1.7B-think__summary_prompt__N15.json,355,6
Qwen3-1.7B-think|summary_prompt|N15|356,Qwen3-1.7B-think,summary_prompt,15,partC_Qwen3-1.7B-think__summary_prompt__N15.json,356,9
Qwen3-1.7B-think|summary_prompt|N15|357,Qwen3-1.7B-think,summary_prompt,15,partC_Qwen3-1.7B-think__summary_prompt__N15.json,357,9
Qwen3-1.7B-think|summary_prompt|N15|358,Qwen3-1.7B-think,summary_prompt,15,partC_Qwen3-1.7B-think__summary_prompt__N15.json,358,7
Qwen3-1.7B-think|summary_prompt|N15|359,Qwen3-1.7B-think,summary_prompt,15,partC_Qwen3-1.7B-think__summary_prompt__N15.json,359,9
Qwen3-1.7B-think|summary_prompt|N15|360,Qwen3-1.7B-think,summary_prompt,15,partC_Qwen3-1.7B-think__summary_prompt__N15.json,360,9
Qwen3-1.7B-think|summary_prompt|N15|361,Qwen3-1.7B-think,summary_prompt,15,partC_Qwen3-1.7B-think__summary_prompt__N15.json,361,9
Qwen3-1.7B-think|summary_prompt|N15|362,Qwen3-1.7B-think,summary_prompt,15,partC_Qwen3-1.7B-think__summary_prompt__N15.json,362,9
Qwen3-1.7B-think|summary_prompt|N15|363,Qwen3-1.7B-think,summary_prompt,15,partC_Qwen3-1.7B-think__summary_prompt__N15.json,363,9
Qwen3-1.7B-think|summary_prompt|N15|364,Qwen3-1.7B-think,summary_prompt,15,partC_Qwen3-1.7B-think__summary_prompt__N15.json,364,4
Qwen3-1.7B-think|summary_prompt|N15|365,Qwen3-1.7B-think,summary_prompt,15,partC_Qwen3-1.7B-think__summary_prompt__N15.json,365,7
Qwen3-1.7B-think|summary_prompt|N15|366,Qwen3-1.7B-think,summary_prompt,15,partC_Qwen3-1.7B-think__summary_prompt__N15.json,366,6
Qwen3-1.7B-think|summary_prompt|N15|367,Qwen3-1.7B-think,summary_prompt,15,partC_Qwen3-1.7B-think__summary_prompt__N15.json,367,9
Qwen3-1.7B-think|summary_prompt|N15|368,Qwen3-1.7B-think,summary_prompt,15,partC_Qwen3-1.7B-think__summary_prompt__N15.json,368,7
Qwen3-1.7B-think|summary_prompt|N15|369,Qwen3-1.7B-think,summary_prompt,15,partC_Qwen3-1.7B-think__summary_prompt__N15.json,369,7
Qwen3-1.7B-think|summary_prompt|N15|370,Qwen3-1.7B-think,summary_prompt,15,partC_Qwen3-1.7B-think__summary_prompt__N15.json,370,9
Qwen3-1.7B-think|summary_prompt|N15|371,Qwen3-1.7B-think,summary_prompt,15,partC_Qwen3-1.7B-think__summary_prompt__N15.json,371,9
Qwen3-1.7B-think|summary_prompt|N15|372,Qwen3-1.7B-think,summary_prompt,15,partC_Qwen3-1.7B-think__summary_prompt__N15.json,372,6
Qwen3-1.7B-think|summary_prompt|N15|373,Qwen3-1.7B-think,summary_prompt,15,partC_Qwen3-1.7B-think__summary_prompt__N15.json,373,6
Qwen3-1.7B-think|summary_prompt|N15|374,Qwen3-1.7B-think,summary_prompt,15,partC_Qwen3-1.7B-think__summary_prompt__N15.json,374,6
Qwen3-1.7B-think|summary_prompt|N15|375,Qwen3-1.7B-think,summary_prompt,15,partC_Qwen3-1.7B-think__summary_prompt__N15.json,375,7
Qwen3-1.7B-think|summary_prompt|N15|376,Qwen3-1.7B-think,summary_prompt,15,partC_Qwen3-1.7B-think__summary_prompt__N15.json,376,9
Qwen3-1.7B-think|summary_prompt|N15|377,Qwen3-1.7B-think,summary_prompt,15,partC_Qwen3-1.7B-think__summary_prompt__N15.json,377,6
Qwen3-1.7B-think|summary_prompt|N15|378,Qwen3-1.7B-think,summary_prompt,15,partC_Qwen3-1.7B-think__summary_prompt__N15.json,378,9
Qwen3-1.7B-think|summary_prompt|N15|379,Qwen3-1.7B-think,summary_prompt,15,partC_Qwen3-1.7B-think__summary_prompt__N15.json,379,9
Qwen3-1.7B-think|summary_prompt|N15|380,Qwen3-1.7B-think,summary_prompt,15,partC_Qwen3-1.7B-think__summary_prompt__N15.json,380,9
Qwen3-1.7B-think|summary_prompt|N15|381,Qwen3-1.7B-think,summary_prompt,15,partC_Qwen3-1.7B-think__summary_prompt__N15.json,381,7
Qwen3-1.7B-think|summary_prompt|N15|382,Qwen3-1.7B-think,summary_prompt,15,partC_Qwen3-1.7B-think__summary_prompt__N15.json,382,8
Qwen3-1.7B-think|summary_prompt|N15|383,Qwen3-1.7B-think,summary_prompt,15,partC_Qwen3-1.7B-think__summary_prompt__N15.json,383,7
Qwen3-1.7B-think|summary_prompt|N15|384,Qwen3-1.7B-think,summary_prompt,15,partC_Qwen3-1.7B-think__summary_prompt__N15.json,384,9
Qwen3-1.7B-think|summary_prompt|N15|385,Qwen3-1.7B-think,summary_prompt,15,partC_Qwen3-1.7B-think__summary_prompt__N15.json,385,8
Qwen3-1.7B-think|summary_prompt|N15|386,Qwen3-1.7B-think,summary_prompt,15,partC_Qwen3-1.7B-think__summary_prompt__N15.json,386,7
Qwen3-1.7B-think|summary_prompt|N15|387,Qwen3-1.7B-think,summary_prompt,15,partC_Qwen3-1.7B-think__summary_prompt__N15.json,387,8
Qwen3-1.7B-think|summary_prompt|N15|388,Qwen3-1.7B-think,summary_prompt,15,partC_Qwen3-1.7B-think__summary_prompt__N15.json,388,7
Qwen3-1.7B-think|summary_prompt|N15|389,Qwen3-1.7B-think,summary_prompt,15,partC_Qwen3-1.7B-think__summary_prompt__N15.json,389,7
Qwen3-1.7B-think|summary_prompt|N15|390,Qwen3-1.7B-think,summary_prompt,15,partC_Qwen3-1.7B-think__summary_prompt__N15.json,390,6
Qwen3-1.7B-think|summary_prompt|N15|391,Qwen3-1.7B-think,summary_prompt,15,partC_Qwen3-1.7B-think__summary_prompt__N15.json,391,7
Qwen3-1.7B-think|summary_prompt|N15|392,Qwen3-1.7B-think,summary_prompt,15,partC_Qwen3-1.7B-think__summary_prompt__N15.json,392,9
Qwen3-1.7B-think|summary_prompt|N15|393,Qwen3-1.7B-think,summary_prompt,15,partC_Qwen3-1.7B-think__summary_prompt__N15.json,393,8
Qwen3-1.7B-think|summary_prompt|N15|394,Qwen3-1.7B-think,summary_prompt,15,partC_Qwen3-1.7B-think__summary_prompt__N15.json,394,7
Qwen3-1.7B-think|summary_prompt|N15|395,Qwen3-1.7B-think,summary_prompt,15,partC_Qwen3-1.7B-think__summary_prompt__N15.json,395,9
Qwen3-1.7B-think|summary_prompt|N15|396,Qwen3-1.7B-think,summary_prompt,15,partC_Qwen3-1.7B-think__summary_prompt__N15.json,396,6
Qwen3-1.7B-think|summary_prompt|N15|397,Qwen3-1.7B-think,summary_prompt,15,partC_Qwen3-1.7B-think__summary_prompt__N15.json,397,9
Qwen3-1.7B-think|summary_prompt|N15|398,Qwen3-1.7B-think,summary_prompt,15,partC_Qwen3-1.7B-think__summary_prompt__N15.json,398,9
Qwen3-1.7B-think|summary_prompt|N15|399,Qwen3-1.7B-think,summary_prompt,15,partC_Qwen3-1.7B-think__summary_prompt__N15.json,399,8
Qwen3-1.7B-think|summary_prompt|N15|400,Qwen3-1.7B-think,summary_prompt,15,partC_Qwen3-1.7B-think__summary_prompt__N15.json,400,9
Qwen3-1.7B-think|summary_prompt|N15|401,Qwen3-1.7B-think,summary_prompt,15,partC_Qwen3-1.7B-think__summary_prompt__N15.json,401,9
Qwen3-1.7B-think|summary_prompt|N15|402,Qwen3-1.7B-think,summary_prompt,15,partC_Qwen3-1.7B-think__summary_prompt__N15.json,402,9
Qwen3-1.7B-think|summary_prompt|N15|403,Qwen3-1.7B-think,summary_prompt,15,partC_Qwen3-1.7B-think__summary_prompt__N15.json,403,9
Qwen3-1.7B-think|summary_prompt|N15|404,Qwen3-1.7B-think,summary_prompt,15,partC_Qwen3-1.7B-think__summary_prompt__N15.json,404,9
Qwen3-1.7B-think|summary_prompt|N15|405,Qwen3-1.7B-think,summary_prompt,15,partC_Qwen3-1.7B-think__summary_prompt__N15.json,405,9
Qwen3-1.7B-think|summary_prompt|N15|406,Qwen3-1.7B-think,summary_prompt,15,partC_Qwen3-1.7B-think__summary_prompt__N15.json,406,9
Qwen3-1.7B-think|summary_prompt|N15|407,Qwen3-1.7B-think,summary_prompt,15,partC_Qwen3-1.7B-think__summary_prompt__N15.json,407,9
Qwen3-1.7B-think|summary_prompt|N15|408,Qwen3-1.7B-think,summary_prompt,15,partC_Qwen3-1.7B-think__summary_prompt__N15.json,408,9
Qwen3-1.7B-think|summary_prompt|N15|409,Qwen3-1.7B-think,summary_prompt,15,partC_Qwen3-1.7B-think__summary_prompt__N15.json,409,9
Qwen3-1.7B-think|summary_prompt|N15|410,Qwen3-1.7B-think,summary_prompt,15,partC_Qwen3-1.7B-think__summary_prompt__N15.json,410,9
Qwen3-1.7B-think|summary_prompt|N15|411,Qwen3-1.7B-think,summary_prompt,15,partC_Qwen3-1.7B-think__summary_prompt__N15.json,411,9
Qwen3-1.7B-think|summary_prompt|N15|412,Qwen3-1.7B-think,summary_prompt,15,partC_Qwen3-1.7B-think__summary_prompt__N15.json,412,9
Qwen3-1.7B-think|summary_prompt|N15|413,Qwen3-1.7B-think,summary_prompt,15,partC_Qwen3-1.7B-think__summary_prompt__N15.json,413,9
Qwen3-1.7B-think|summary_prompt|N15|414,Qwen3-1.7B-think,summary_prompt,15,partC_Qwen3-1.7B-think__summary_prompt__N15.json,414,9
Qwen3-1.7B-think|summary_prompt|N15|415,Qwen3-1.7B-think,summary_prompt,15,partC_Qwen3-1.7B-think__summary_prompt__N15.json,415,7
Qwen3-1.7B-think|summary_prompt|N15|416,Qwen3-1.7B-think,summary_prompt,15,partC_Qwen3-1.7B-think__summary_prompt__N15.json,416,9
Qwen3-1.7B-think|summary_prompt|N15|417,Qwen3-1.7B-think,summary_prompt,15,partC_Qwen3-1.7B-think__summary_prompt__N15.json,417,7
Qwen3-1.7B-think|summary_prompt|N15|418,Qwen3-1.7B-think,summary_prompt,15,partC_Qwen3-1.7B-think__summary_prompt__N15.json,418,9
Qwen3-1.7B-think|summary_prompt|N15|419,Qwen3-1.7B-think,summary_prompt,15,partC_Qwen3-1.7B-think__summary_prompt__N15.json,419,7
Qwen3-1.7B-think|summary_prompt|N15|420,Qwen3-1.7B-think,summary_prompt,15,partC_Qwen3-1.7B-think__summary_prompt__N15.json,420,9
Qwen3-1.7B-think|summary_prompt|N15|421,Qwen3-1.7B-think,summary_prompt,15,partC_Qwen3-1.7B-think__summary_prompt__N15.json,421,9
Qwen3-1.7B-think|summary_prompt|N15|422,Qwen3-1.7B-think,summary_prompt,15,partC_Qwen3-1.7B-think__summary_prompt__N15.json,422,8
Qwen3-1.7B-think|summary_prompt|N15|423,Qwen3-1.7B-think,summary_prompt,15,partC_Qwen3-1.7B-think__summary_prompt__N15.json,423,9
Qwen3-1.7B-think|summary_prompt|N15|424,Qwen3-1.7B-think,summary_prompt,15,partC_Qwen3-1.7B-think__summary_prompt__N15.json,424,9
Qwen3-1.7B-think|summary_prompt|N15|425,Qwen3-1.7B-think,summary_prompt,15,partC_Qwen3-1.7B-think__summary_prompt__N15.json,425,9
Qwen3-1.7B-think|summary_prompt|N15|426,Qwen3-1.7B-think,summary_prompt,15,partC_Qwen3-1.7B-think__summary_prompt__N15.json,426,9
Qwen3-1.7B-think|summary_prompt|N15|427,Qwen3-1.7B-think,summary_prompt,15,partC_Qwen3-1.7B-think__summary_prompt__N15.json,427,9
Qwen3-1.7B-think|summary_prompt|N15|428,Qwen3-1.7B-think,summary_prompt,15,partC_Qwen3-1.7B-think__summary_prompt__N15.json,428,10
Qwen3-1.7B-think|summary_prompt|N15|429,Qwen3-1.7B-think,summary_prompt,15,partC_Qwen3-1.7B-think__summary_prompt__N15.json,429,9
Qwen3-1.7B-think|summary_prompt|N15|430,Qwen3-1.7B-think,summary_prompt,15,partC_Qwen3-1.7B-think__summary_prompt__N15.json,430,9
Qwen3-1.7B-think|summary_prompt|N15|431,Qwen3-1.7B-think,summary_prompt,15,partC_Qwen3-1.7B-think__summary_prompt__N15.json,431,9
Qwen3-1.7B-think|summary_prompt|N15|432,Qwen3-1.7B-think,summary_prompt,15,partC_Qwen3-1.7B-think__summary_prompt__N15.json,432,9
Qwen3-1.7B-think|summary_prompt|N15|433,Qwen3-1.7B-think,summary_prompt,15,partC_Qwen3-1.7B-think__summary_prompt__N15.json,433,9
Qwen3-1.7B-think|summary_prompt|N15|434,Qwen3-1.7B-think,summary_prompt,15,partC_Qwen3-1.7B-think__summary_prompt__N15.json,434,9
Qwen3-1.7B-think|summary_prompt|N15|435,Qwen3-1.7B-think,summary_prompt,15,partC_Qwen3-1.7B-think__summary_prompt__N15.json,435,9
Qwen3-1.7B-think|summary_prompt|N15|436,Qwen3-1.7B-think,summary_prompt,15,partC_Qwen3-1.7B-think__summary_prompt__N15.json,436,9
Qwen3-1.7B-think|summary_prompt|N15|437,Qwen3-1.7B-think,summary_prompt,15,partC_Qwen3-1.7B-think__summary_prompt__N15.json,437,9
Qwen3-1.7B-think|summary_prompt|N15|438,Qwen3-1.7B-think,summary_prompt,15,partC_Qwen3-1.7B-think__summary_prompt__N15.json,438,9
Qwen3-1.7B-think|summary_prompt|N15|439,Qwen3-1.7B-think,summary_prompt,15,partC_Qwen3-1.7B-think__summary_prompt__N15.json,439,9
Qwen3-1.7B-think|summary_prompt|N15|440,Qwen3-1.7B-think,summary_prompt,15,partC_Qwen3-1.7B-think__summary_prompt__N15.json,440,9
Qwen3-1.7B-think|summary_prompt|N15|441,Qwen3-1.7B-think,summary_prompt,15,partC_Qwen3-1.7B-think__summary_prompt__N15.json,441,8
Qwen3-1.7B-think|summary_prompt|N15|442,Qwen3-1.7B-think,summary_prompt,15,partC_Qwen3-1.7B-think__summary_prompt__N15.json,442,9
Qwen3-1.7B-think|summary_prompt|N15|443,Qwen3-1.7B-think,summary_prompt,15,partC_Qwen3-1.7B-think__summary_prompt__N15.json,443,9
Qwen3-1.7B-think|summary_prompt|N15|444,Qwen3-1.7B-think,summary_prompt,15,partC_Qwen3-1.7B-think__summary_prompt__N15.json,444,9
Qwen3-1.7B-think|summary_prompt|N15|445,Qwen3-1.7B-think,summary_prompt,15,partC_Qwen3-1.7B-think__summary_prompt__N15.json,445,9
Qwen3-1.7B-think|summary_prompt|N15|446,Qwen3-1.7B-think,summary_prompt,15,partC_Qwen3-1.7B-think__summary_prompt__N15.json,446,9
Qwen3-1.7B-think|summary_prompt|N15|447,Qwen3-1.7B-think,summary_prompt,15,partC_Qwen3-1.7B-think__summary_prompt__N15.json,447,9
Qwen3-1.7B-think|summary_prompt|N15|448,Qwen3-1.7B-think,summary_prompt,15,partC_Qwen3-1.7B-think__summary_prompt__N15.json,448,7
Qwen3-1.7B-think|summary_prompt|N15|449,Qwen3-1.7B-think,summary_prompt,15,partC_Qwen3-1.7B-think__summary_prompt__N15.json,449,9
Qwen3-1.7B-think|summary_prompt|N15|450,Qwen3-1.7B-think,summary_prompt,15,partC_Qwen3-1.7B-think__summary_prompt__N15.json,450,9
Qwen3-1.7B-think|summary_prompt|N15|451,Qwen3-1.7B-think,summary_prompt,15,partC_Qwen3-1.7B-think__summary_prompt__N15.json,451,9
Qwen3-1.7B-think|summary_prompt|N15|452,Qwen3-1.7B-think,summary_prompt,15,partC_Qwen3-1.7B-think__summary_prompt__N15.json,452,8
Qwen3-1.7B-think|summary_prompt|N15|453,Qwen3-1.7B-think,summary_prompt,15,partC_Qwen3-1.7B-think__summary_prompt__N15.json,453,9
Qwen3-1.7B-think|summary_prompt|N15|454,Qwen3-1.7B-think,summary_prompt,15,partC_Qwen3-1.7B-think__summary_prompt__N15.json,454,6
Qwen3-1.7B-think|summary_prompt|N15|455,Qwen3-1.7B-think,summary_prompt,15,partC_Qwen3-1.7B-think__summary_prompt__N15.json,455,7
Qwen3-1.7B-think|summary_prompt|N15|456,Qwen3-1.7B-think,summary_prompt,15,partC_Qwen3-1.7B-think__summary_prompt__N15.json,456,9
Qwen3-1.7B-think|summary_prompt|N15|457,Qwen3-1.7B-think,summary_prompt,15,partC_Qwen3-1.7B-think__summary_prompt__N15.json,457,6
Qwen3-1.7B-think|summary_prompt|N15|458,Qwen3-1.7B-think,summary_prompt,15,partC_Qwen3-1.7B-think__summary_prompt__N15.json,458,9
Qwen3-1.7B-think|summary_prompt|N15|459,Qwen3-1.7B-think,summary_prompt,15,partC_Qwen3-1.7B-think__summary_prompt__N15.json,459,9
Qwen3-1.7B-think|summary_prompt|N15|460,Qwen3-1.7B-think,summary_prompt,15,partC_Qwen3-1.7B-think__summary_prompt__N15.json,460,9
Qwen3-1.7B-think|summary_prompt|N15|461,Qwen3-1.7B-think,summary_prompt,15,partC_Qwen3-1.7B-think__summary_prompt__N15.json,461,9
Qwen3-1.7B-think|summary_prompt|N15|462,Qwen3-1.7B-think,summary_prompt,15,partC_Qwen3-1.7B-think__summary_prompt__N15.json,462,8
Qwen3-1.7B-think|summary_prompt|N15|463,Qwen3-1.7B-think,summary_prompt,15,partC_Qwen3-1.7B-think__summary_prompt__N15.json,463,9
Qwen3-1.7B-think|summary_prompt|N15|464,Qwen3-1.7B-think,summary_prompt,15,partC_Qwen3-1.7B-think__summary_prompt__N15.json,464,9
Qwen3-1.7B-think|summary_prompt|N15|465,Qwen3-1.7B-think,summary_prompt,15,partC_Qwen3-1.7B-think__summary_prompt__N15.json,465,9
Qwen3-1.7B-think|summary_prompt|N15|466,Qwen3-1.7B-think,summary_prompt,15,partC_Qwen3-1.7B-think__summary_prompt__N15.json,466,9
Qwen3-1.7B-think|summary_prompt|N15|467,Qwen3-1.7B-think,summary_prompt,15,partC_Qwen3-1.7B-think__summary_prompt__N15.json,467,9
Qwen3-1.7B-think|summary_prompt|N15|468,Qwen3-1.7B-think,summary_prompt,15,partC_Qwen3-1.7B-think__summary_prompt__N15.json,468,9
Qwen3-1.7B-think|summary_prompt|N15|469,Qwen3-1.7B-think,summary_prompt,15,partC_Qwen3-1.7B-think__summary_prompt__N15.json,469,9
Qwen3-1.7B-think|summary_prompt|N15|470,Qwen3-1.7B-think,summary_prompt,15,partC_Qwen3-1.7B-think__summary_prompt__N15.json,470,9
Qwen3-1.7B-think|summary_prompt|N15|471,Qwen3-1.7B-think,summary_prompt,15,partC_Qwen3-1.7B-think__summary_prompt__N15.json,471,9
Qwen3-1.7B-think|summary_prompt|N15|472,Qwen3-1.7B-think,summary_prompt,15,partC_Qwen3-1.7B-think__summary_prompt__N15.json,472,10
Qwen3-1.7B-think|summary_prompt|N15|473,Qwen3-1.7B-think,summary_prompt,15,partC_Qwen3-1.7B-think__summary_prompt__N15.json,473,10
Qwen3-1.7B-think|summary_prompt|N15|474,Qwen3-1.7B-think,summary_prompt,15,partC_Qwen3-1.7B-think__summary_prompt__N15.json,474,9
Qwen3-1.7B-think|summary_prompt|N15|475,Qwen3-1.7B-think,summary_prompt,15,partC_Qwen3-1.7B-think__summary_prompt__N15.json,475,9
Qwen3-1.7B-think|summary_prompt|N15|476,Qwen3-1.7B-think,summary_prompt,15,partC_Qwen3-1.7B-think__summary_prompt__N15.json,476,9
Qwen3-1.7B-think|summary_prompt|N15|477,Qwen3-1.7B-think,summary_prompt,15,partC_Qwen3-1.7B-think__summary_prompt__N15.json,477,9
Qwen3-1.7B-think|summary_prompt|N15|478,Qwen3-1.7B-think,summary_prompt,15,partC_Qwen3-1.7B-think__summary_prompt__N15.json,478,9
Qwen3-1.7B-think|summary_prompt|N15|479,Qwen3-1.7B-think,summary_prompt,15,partC_Qwen3-1.7B-think__summary_prompt__N15.json,479,9
Qwen3-1.7B-think|summary_prompt|N20|0,Qwen3-1.7B-think,summary_prompt,20,partC_Qwen3-1.7B-think__summary_prompt__N20.json,0,9
Qwen3-1.7B-think|summary_prompt|N20|1,Qwen3-1.7B-think,summary_prompt,20,partC_Qwen3-1.7B-think__summary_prompt__N20.json,1,8
Qwen3-1.7B-think|summary_prompt|N20|2,Qwen3-1.7B-think,summary_prompt,20,partC_Qwen3-1.7B-think__summary_prompt__N20.json,2,9
Qwen3-1.7B-think|summary_prompt|N20|3,Qwen3-1.7B-think,summary_prompt,20,partC_Qwen3-1.7B-think__summary_prompt__N20.json,3,9
Qwen3-1.7B-think|summary_prompt|N20|4,Qwen3-1.7B-think,summary_prompt,20,partC_Qwen3-1.7B-think__summary_prompt__N20.json,4,7
Qwen3-1.7B-think|summary_prompt|N20|5,Qwen3-1.7B-think,summary_prompt,20,partC_Qwen3-1.7B-think__summary_prompt__N20.json,5,6
Qwen3-1.7B-think|summary_prompt|N20|6,Qwen3-1.7B-think,summary_prompt,20,partC_Qwen3-1.7B-think__summary_prompt__N20.json,6,7
Qwen3-1.7B-think|summary_prompt|N20|7,Qwen3-1.7B-think,summary_prompt,20,partC_Qwen3-1.7B-think__summary_prompt__N20.json,7,9
Qwen3-1.7B-think|summary_prompt|N20|8,Qwen3-1.7B-think,summary_prompt,20,partC_Qwen3-1.7B-think__summary_prompt__N20.json,8,9
Qwen3-1.7B-think|summary_prompt|N20|9,Qwen3-1.7B-think,summary_prompt,20,partC_Qwen3-1.7B-think__summary_prompt__N20.json,9,8
Qwen3-1.7B-think|summary_prompt|N20|10,Qwen3-1.7B-think,summary_prompt,20,partC_Qwen3-1.7B-think__summary_prompt__N20.json,10,7
Qwen3-1.7B-think|summary_prompt|N20|11,Qwen3-1.7B-think,summary_prompt,20,partC_Qwen3-1.7B-think__summary_prompt__N20.json,11,6
Qwen3-1.7B-think|summary_prompt|N20|12,Qwen3-1.7B-think,summary_prompt,20,partC_Qwen3-1.7B-think__summary_prompt__N20.json,12,7
Qwen3-1.7B-think|summary_prompt|N20|13,Qwen3-1.7B-think,summary_prompt,20,partC_Qwen3-1.7B-think__summary_prompt__N20.json,13,9
Qwen3-1.7B-think|summary_prompt|N20|14,Qwen3-1.7B-think,summary_prompt,20,partC_Qwen3-1.7B-think__summary_prompt__N20.json,14,6
Qwen3-1.7B-think|summary_prompt|N20|15,Qwen3-1.7B-think,summary_prompt,20,partC_Qwen3-1.7B-think__summary_prompt__N20.json,15,9
Qwen3-1.7B-think|summary_prompt|N20|16,Qwen3-1.7B-think,summary_prompt,20,partC_Qwen3-1.7B-think__summary_prompt__N20.json,16,6
Qwen3-1.7B-think|summary_prompt|N20|17,Qwen3-1.7B-think,summary_prompt,20,partC_Qwen3-1.7B-think__summary_prompt__N20.json,17,7
Qwen3-1.7B-think|summary_prompt|N20|18,Qwen3-1.7B-think,summary_prompt,20,partC_Qwen3-1.7B-think__summary_prompt__N20.json,18,7
Qwen3-1.7B-think|summary_prompt|N20|19,Qwen3-1.7B-think,summary_prompt,20,partC_Qwen3-1.7B-think__summary_prompt__N20.json,19,9
Qwen3-1.7B-think|summary_prompt|N20|20,Qwen3-1.7B-think,summary_prompt,20,partC_Qwen3-1.7B-think__summary_prompt__N20.json,20,9
Qwen3-1.7B-think|summary_prompt|N20|21,Qwen3-1.7B-think,summary_prompt,20,partC_Qwen3-1.7B-think__summary_prompt__N20.json,21,6
Qwen3-1.7B-think|summary_prompt|N20|22,Qwen3-1.7B-think,summary_prompt,20,partC_Qwen3-1.7B-think__summary_prompt__N20.json,22,9
Qwen3-1.7B-think|summary_prompt|N20|23,Qwen3-1.7B-think,summary_prompt,20,partC_Qwen3-1.7B-think__summary_prompt__N20.json,23,9
Qwen3-1.7B-think|summary_prompt|N20|24,Qwen3-1.7B-think,summary_prompt,20,partC_Qwen3-1.7B-think__summary_prompt__N20.json,24,9
Qwen3-1.7B-think|summary_prompt|N20|25,Qwen3-1.7B-think,summary_prompt,20,partC_Qwen3-1.7B-think__summary_prompt__N20.json,25,7
Qwen3-1.7B-think|summary_prompt|N20|26,Qwen3-1.7B-think,summary_prompt,20,partC_Qwen3-1.7B-think__summary_prompt__N20.json,26,9
Qwen3-1.7B-think|summary_prompt|N20|27,Qwen3-1.7B-think,summary_prompt,20,partC_Qwen3-1.7B-think__summary_prompt__N20.json,27,9
Qwen3-1.7B-think|summary_prompt|N20|28,Qwen3-1.7B-think,summary_prompt,20,partC_Qwen3-1.7B-think__summary_prompt__N20.json,28,3
Qwen3-1.7B-think|summary_prompt|N20|29,Qwen3-1.7B-think,summary_prompt,20,partC_Qwen3-1.7B-think__summary_prompt__N20.json,29,9
Qwen3-1.7B-think|summary_prompt|N20|30,Qwen3-1.7B-think,summary_prompt,20,partC_Qwen3-1.7B-think__summary_prompt__N20.json,30,8
Qwen3-1.7B-think|summary_prompt|N20|31,Qwen3-1.7B-think,summary_prompt,20,partC_Qwen3-1.7B-think__summary_prompt__N20.json,31,9
Qwen3-1.7B-think|summary_prompt|N20|32,Qwen3-1.7B-think,summary_prompt,20,partC_Qwen3-1.7B-think__summary_prompt__N20.json,32,9
Qwen3-1.7B-think|summary_prompt|N20|33,Qwen3-1.7B-think,summary_prompt,20,partC_Qwen3-1.7B-think__summary_prompt__N20.json,33,7
Qwen3-1.7B-think|summary_prompt|N20|34,Qwen3-1.7B-think,summary_prompt,20,partC_Qwen3-1.7B-think__summary_prompt__N20.json,34,1
Qwen3-1.7B-think|summary_prompt|N20|35,Qwen3-1.7B-think,summary_prompt,20,partC_Qwen3-1.7B-think__summary_prompt__N20.json,35,9
Qwen3-1.7B-think|summary_prompt|N20|36,Qwen3-1.7B-think,summary_prompt,20,partC_Qwen3-1.7B-think__summary_prompt__N20.json,36,8
Qwen3-1.7B-think|summary_prompt|N20|37,Qwen3-1.7B-think,summary_prompt,20,partC_Qwen3-1.7B-think__summary_prompt__N20.json,37,9
Qwen3-1.7B-think|summary_prompt|N20|38,Qwen3-1.7B-think,summary_prompt,20,partC_Qwen3-1.7B-think__summary_prompt__N20.json,38,6
Qwen3-1.7B-think|summary_prompt|N20|39,Qwen3-1.7B-think,summary_prompt,20,partC_Qwen3-1.7B-think__summary_prompt__N20.json,39,4
Qwen3-1.7B-think|summary_prompt|N20|40,Qwen3-1.7B-think,summary_prompt,20,partC_Qwen3-1.7B-think__summary_prompt__N20.json,40,8
Qwen3-1.7B-think|summary_prompt|N20|41,Qwen3-1.7B-think,summary_prompt,20,partC_Qwen3-1.7B-think__summary_prompt__N20.json,41,9
Qwen3-1.7B-think|summary_prompt|N20|42,Qwen3-1.7B-think,summary_prompt,20,partC_Qwen3-1.7B-think__summary_prompt__N20.json,42,9
Qwen3-1.7B-think|summary_prompt|N20|43,Qwen3-1.7B-think,summary_prompt,20,partC_Qwen3-1.7B-think__summary_prompt__N20.json,43,9
Qwen3-1.7B-think|summary_prompt|N20|44,Qwen3-1.7B-think,summary_prompt,20,partC_Qwen3-1.7B-think__summary_prompt__N20.json,44,9
Qwen3-1.7B-think|summary_prompt|N20|45,Qwen3-1.7B-think,summary_prompt,20,partC_Qwen3-1.7B-think__summary_prompt__N20.json,45,9
Qwen3-1.7B-think|summary_prompt|N20|46,Qwen3-1.7B-think,summary_prompt,20,partC_Qwen3-1.7B-think__summary_prompt__N20.json,46,6
Qwen3-1.7B-think|summary_prompt|N20|47,Qwen3-1.7B-think,summary_prompt,20,partC_Qwen3-1.7B-think__summary_prompt__N20.json,47,6
Qwen3-1.7B-think|summary_prompt|N20|48,Qwen3-1.7B-think,summary_prompt,20,partC_Qwen3-1.7B-think__summary_prompt__N20.json,48,6
Qwen3-1.7B-think|summary_prompt|N20|49,Qwen3-1.7B-think,summary_prompt,20,partC_Qwen3-1.7B-think__summary_prompt__N20.json,49,7
Qwen3-1.7B-think|summary_prompt|N20|50,Qwen3-1.7B-think,summary_prompt,20,partC_Qwen3-1.7B-think__summary_prompt__N20.json,50,7
Qwen3-1.7B-think|summary_prompt|N20|51,Qwen3-1.7B-think,summary_prompt,20,partC_Qwen3-1.7B-think__summary_prompt__N20.json,51,8
Qwen3-1.7B-think|summary_prompt|N20|52,Qwen3-1.7B-think,summary_prompt,20,partC_Qwen3-1.7B-think__summary_prompt__N20.json,52,9
Qwen3-1.7B-think|summary_prompt|N20|53,Qwen3-1.7B-think,summary_prompt,20,partC_Qwen3-1.7B-think__summary_prompt__N20.json,53,7
Qwen3-1.7B-think|summary_prompt|N20|54,Qwen3-1.7B-think,summary_prompt,20,partC_Qwen3-1.7B-think__summary_prompt__N20.json,54,6
Qwen3-1.7B-think|summary_prompt|N20|55,Qwen3-1.7B-think,summary_prompt,20,partC_Qwen3-1.7B-think__summary_prompt__N20.json,55,7
Qwen3-1.7B-think|summary_prompt|N20|56,Qwen3-1.7B-think,summary_prompt,20,partC_Qwen3-1.7B-think__summary_prompt__N20.json,56,9
Qwen3-1.7B-think|summary_prompt|N20|57,Qwen3-1.7B-think,summary_prompt,20,partC_Qwen3-1.7B-think__summary_prompt__N20.json,57,6
Qwen3-1.7B-think|summary_prompt|N20|58,Qwen3-1.7B-think,summary_prompt,20,partC_Qwen3-1.7B-think__summary_prompt__N20.json,58,9
Qwen3-1.7B-think|summary_prompt|N20|59,Qwen3-1.7B-think,summary_prompt,20,partC_Qwen3-1.7B-think__summary_prompt__N20.json,59,8
Qwen3-1.7B-think|summary_prompt|N20|60,Qwen3-1.7B-think,summary_prompt,20,partC_Qwen3-1.7B-think__summary_prompt__N20.json,60,7
Qwen3-1.7B-think|summary_prompt|N20|61,Qwen3-1.7B-think,summary_prompt,20,partC_Qwen3-1.7B-think__summary_prompt__N20.json,61,9
Qwen3-1.7B-think|summary_prompt|N20|62,Qwen3-1.7B-think,summary_prompt,20,partC_Qwen3-1.7B-think__summary_prompt__N20.json,62,6
Qwen3-1.7B-think|summary_prompt|N20|63,Qwen3-1.7B-think,summary_prompt,20,partC_Qwen3-1.7B-think__summary_prompt__N20.json,63,6
Qwen3-1.7B-think|summary_prompt|N20|64,Qwen3-1.7B-think,summary_prompt,20,partC_Qwen3-1.7B-think__summary_prompt__N20.json,64,6
Qwen3-1.7B-think|summary_prompt|N20|65,Qwen3-1.7B-think,summary_prompt,20,partC_Qwen3-1.7B-think__summary_prompt__N20.json,65,9
Qwen3-1.7B-think|summary_prompt|N20|66,Qwen3-1.7B-think,summary_prompt,20,partC_Qwen3-1.7B-think__summary_prompt__N20.json,66,7
Qwen3-1.7B-think|summary_prompt|N20|67,Qwen3-1.7B-think,summary_prompt,20,partC_Qwen3-1.7B-think__summary_prompt__N20.json,67,9
Qwen3-1.7B-think|summary_prompt|N20|68,Qwen3-1.7B-think,summary_prompt,20,partC_Qwen3-1.7B-think__summary_prompt__N20.json,68,6
Qwen3-1.7B-think|summary_prompt|N20|69,Qwen3-1.7B-think,summary_prompt,20,partC_Qwen3-1.7B-think__summary_prompt__N20.json,69,7
Qwen3-1.7B-think|summary_prompt|N20|70,Qwen3-1.7B-think,summary_prompt,20,partC_Qwen3-1.7B-think__summary_prompt__N20.json,70,7
Qwen3-1.7B-think|summary_prompt|N20|71,Qwen3-1.7B-think,summary_prompt,20,partC_Qwen3-1.7B-think__summary_prompt__N20.json,71,7
Qwen3-1.7B-think|summary_prompt|N20|72,Qwen3-1.7B-think,summary_prompt,20,partC_Qwen3-1.7B-think__summary_prompt__N20.json,72,6
Qwen3-1.7B-think|summary_prompt|N20|73,Qwen3-1.7B-think,summary_prompt,20,partC_Qwen3-1.7B-think__summary_prompt__N20.json,73,7
Qwen3-1.7B-think|summary_prompt|N20|74,Qwen3-1.7B-think,summary_prompt,20,partC_Qwen3-1.7B-think__summary_prompt__N20.json,74,7
Qwen3-1.7B-think|summary_prompt|N20|75,Qwen3-1.7B-think,summary_prompt,20,partC_Qwen3-1.7B-think__summary_prompt__N20.json,75,6
Qwen3-1.7B-think|summary_prompt|N20|76,Qwen3-1.7B-think,summary_prompt,20,partC_Qwen3-1.7B-think__summary_prompt__N20.json,76,6
Qwen3-1.7B-think|summary_prompt|N20|77,Qwen3-1.7B-think,summary_prompt,20,partC_Qwen3-1.7B-think__summary_prompt__N20.json,77,8
Qwen3-1.7B-think|summary_prompt|N20|78,Qwen3-1.7B-think,summary_prompt,20,partC_Qwen3-1.7B-think__summary_prompt__N20.json,78,7
Qwen3-1.7B-think|summary_prompt|N20|79,Qwen3-1.7B-think,summary_prompt,20,partC_Qwen3-1.7B-think__summary_prompt__N20.json,79,8
Qwen3-1.7B-think|summary_prompt|N20|80,Qwen3-1.7B-think,summary_prompt,20,partC_Qwen3-1.7B-think__summary_prompt__N20.json,80,7
Qwen3-1.7B-think|summary_prompt|N20|81,Qwen3-1.7B-think,summary_prompt,20,partC_Qwen3-1.7B-think__summary_prompt__N20.json,81,9
Qwen3-1.7B-think|summary_prompt|N20|82,Qwen3-1.7B-think,summary_prompt,20,partC_Qwen3-1.7B-think__summary_prompt__N20.json,82,9
Qwen3-1.7B-think|summary_prompt|N20|83,Qwen3-1.7B-think,summary_prompt,20,partC_Qwen3-1.7B-think__summary_prompt__N20.json,83,9
Qwen3-1.7B-think|summary_prompt|N20|84,Qwen3-1.7B-think,summary_prompt,20,partC_Qwen3-1.7B-think__summary_prompt__N20.json,84,10
Qwen3-1.7B-think|summary_prompt|N20|85,Qwen3-1.7B-think,summary_prompt,20,partC_Qwen3-1.7B-think__summary_prompt__N20.json,85,9
Qwen3-1.7B-think|summary_prompt|N20|86,Qwen3-1.7B-think,summary_prompt,20,partC_Qwen3-1.7B-think__summary_prompt__N20.json,86,9
Qwen3-1.7B-think|summary_prompt|N20|87,Qwen3-1.7B-think,summary_prompt,20,partC_Qwen3-1.7B-think__summary_prompt__N20.json,87,9
Qwen3-1.7B-think|summary_prompt|N20|88,Qwen3-1.7B-think,summary_prompt,20,partC_Qwen3-1.7B-think__summary_prompt__N20.json,88,9
Qwen3-1.7B-think|summary_prompt|N20|89,Qwen3-1.7B-think,summary_prompt,20,partC_Qwen3-1.7B-think__summary_prompt__N20.json,89,7
Qwen3-1.7B-think|summary_prompt|N20|90,Qwen3-1.7B-think,summary_prompt,20,partC_Qwen3-1.7B-think__summary_prompt__N20.json,90,9
Qwen3-1.7B-think|summary_prompt|N20|91,Qwen3-1.7B-think,summary_prompt,20,partC_Qwen3-1.7B-think__summary_prompt__N20.json,91,9
Qwen3-1.7B-think|summary_prompt|N20|92,Qwen3-1.7B-think,summary_prompt,20,partC_Qwen3-1.7B-think__summary_prompt__N20.json,92,9
Qwen3-1.7B-think|summary_prompt|N20|93,Qwen3-1.7B-think,summary_prompt,20,partC_Qwen3-1.7B-think__summary_prompt__N20.json,93,9
Qwen3-1.7B-think|summary_prompt|N20|94,Qwen3-1.7B-think,summary_prompt,20,partC_Qwen3-1.7B-think__summary_prompt__N20.json,94,9
Qwen3-1.7B-think|summary_prompt|N20|95,Qwen3-1.7B-think,summary_prompt,20,partC_Qwen3-1.7B-think__summary_prompt__N20.json,95,9
Qwen3-1.7B-think|summary_prompt|N20|96,Qwen3-1.7B-think,summary_prompt,20,partC_Qwen3-1.7B-think__summary_prompt__N20.json,96,9
Qwen3-1.7B-think|summary_prompt|N20|97,Qwen3-1.7B-think,summary_prompt,20,partC_Qwen3-1.7B-think__summary_prompt__N20.json,97,9
Qwen3-1.7B-think|summary_prompt|N20|98,Qwen3-1.7B-think,summary_prompt,20,partC_Qwen3-1.7B-think__summary_prompt__N20.json,98,9
Qwen3-1.7B-think|summary_prompt|N20|99,Qwen3-1.7B-think,summary_prompt,20,partC_Qwen3-1.7B-think__summary_prompt__N20.json,99,9
Qwen3-1.7B-think|summary_prompt|N20|100,Qwen3-1.7B-think,summary_prompt,20,partC_Qwen3-1.7B-think__summary_prompt__N20.json,100,6
Qwen3-1.7B-think|summary_prompt|N20|101,Qwen3-1.7B-think,summary_prompt,20,partC_Qwen3-1.7B-think__summary_prompt__N20.json,101,9
Qwen3-1.7B-think|summary_prompt|N20|102,Qwen3-1.7B-think,summary_prompt,20,partC_Qwen3-1.7B-think__summary_prompt__N20.json,102,7
Qwen3-1.7B-think|summary_prompt|N20|103,Qwen3-1.7B-think,summary_prompt,20,partC_Qwen3-1.7B-think__summary_prompt__N20.json,103,9
Qwen3-1.7B-think|summary_prompt|N20|104,Qwen3-1.7B-think,summary_prompt,20,partC_Qwen3-1.7B-think__summary_prompt__N20.json,104,9
Qwen3-1.7B-think|summary_prompt|N20|105,Qwen3-1.7B-think,summary_prompt,20,partC_Qwen3-1.7B-think__summary_prompt__N20.json,105,9
Qwen3-1.7B-think|summary_prompt|N20|106,Qwen3-1.7B-think,summary_prompt,20,partC_Qwen3-1.7B-think__summary_prompt__N20.json,106,9
Qwen3-1.7B-think|summary_prompt|N20|107,Qwen3-1.7B-think,summary_prompt,20,partC_Qwen3-1.7B-think__summary_prompt__N20.json,107,7
Qwen3-1.7B-think|summary_prompt|N20|108,Qwen3-1.7B-think,summary_prompt,20,partC_Qwen3-1.7B-think__summary_prompt__N20.json,108,8
Qwen3-1.7B-think|summary_prompt|N20|109,Qwen3-1.7B-think,summary_prompt,20,partC_Qwen3-1.7B-think__summary_prompt__N20.json,109,9
Qwen3-1.7B-think|summary_prompt|N20|110,Qwen3-1.7B-think,summary_prompt,20,partC_Qwen3-1.7B-think__summary_prompt__N20.json,110,9
Qwen3-1.7B-think|summary_prompt|N20|111,Qwen3-1.7B-think,summary_prompt,20,partC_Qwen3-1.7B-think__summary_prompt__N20.json,111,9
Qwen3-1.7B-think|summary_prompt|N20|112,Qwen3-1.7B-think,summary_prompt,20,partC_Qwen3-1.7B-think__summary_prompt__N20.json,112,9
Qwen3-1.7B-think|summary_prompt|N20|113,Qwen3-1.7B-think,summary_prompt,20,partC_Qwen3-1.7B-think__summary_prompt__N20.json,113,9
Qwen3-1.7B-think|summary_prompt|N20|114,Qwen3-1.7B-think,summary_prompt,20,partC_Qwen3-1.7B-think__summary_prompt__N20.json,114,9
Qwen3-1.7B-think|summary_prompt|N20|115,Qwen3-1.7B-think,summary_prompt,20,partC_Qwen3-1.7B-think__summary_prompt__N20.json,115,9
Qwen3-1.7B-think|summary_prompt|N20|116,Qwen3-1.7B-think,summary_prompt,20,partC_Qwen3-1.7B-think__summary_prompt__N20.json,116,7
Qwen3-1.7B-think|summary_prompt|N20|117,Qwen3-1.7B-think,summary_prompt,20,partC_Qwen3-1.7B-think__summary_prompt__N20.json,117,9
Qwen3-1.7B-think|summary_prompt|N20|118,Qwen3-1.7B-think,summary_prompt,20,partC_Qwen3-1.7B-think__summary_prompt__N20.json,118,9
Qwen3-1.7B-think|summary_prompt|N20|119,Qwen3-1.7B-think,summary_prompt,20,partC_Qwen3-1.7B-think__summary_prompt__N20.json,119,9
Qwen3-1.7B-think|summary_prompt|N20|120,Qwen3-1.7B-think,summary_prompt,20,partC_Qwen3-1.7B-think__summary_prompt__N20.json,120,9
Qwen3-1.7B-think|summary_prompt|N20|121,Qwen3-1.7B-think,summary_prompt,20,partC_Qwen3-1.7B-think__summary_prompt__N20.json,121,9
Qwen3-1.7B-think|summary_prompt|N20|122,Qwen3-1.7B-think,summary_prompt,20,partC_Qwen3-1.7B-think__summary_prompt__N20.json,122,9
Qwen3-1.7B-think|summary_prompt|N20|123,Qwen3-1.7B-think,summary_prompt,20,partC_Qwen3-1.7B-think__summary_prompt__N20.json,123,9
Qwen3-1.7B-think|summary_prompt|N20|124,Qwen3-1.7B-think,summary_prompt,20,partC_Qwen3-1.7B-think__summary_prompt__N20.json,124,9
Qwen3-1.7B-think|summary_prompt|N20|125,Qwen3-1.7B-think,summary_prompt,20,partC_Qwen3-1.7B-think__summary_prompt__N20.json,125,9
Qwen3-1.7B-think|summary_prompt|N20|126,Qwen3-1.7B-think,summary_prompt,20,partC_Qwen3-1.7B-think__summary_prompt__N20.json,126,9
Qwen3-1.7B-think|summary_prompt|N20|127,Qwen3-1.7B-think,summary_prompt,20,partC_Qwen3-1.7B-think__summary_prompt__N20.json,127,9
Qwen3-1.7B-think|summary_prompt|N20|128,Qwen3-1.7B-think,summary_prompt,20,partC_Qwen3-1.7B-think__summary_prompt__N20.json,128,9
Qwen3-1.7B-think|summary_prompt|N20|129,Qwen3-1.7B-think,summary_prompt,20,partC_Qwen3-1.7B-think__summary_prompt__N20.json,129,9
Qwen3-1.7B-think|summary_prompt|N20|130,Qwen3-1.7B-think,summary_prompt,20,partC_Qwen3-1.7B-think__summary_prompt__N20.json,130,9
Qwen3-1.7B-think|summary_prompt|N20|131,Qwen3-1.7B-think,summary_prompt,20,partC_Qwen3-1.7B-think__summary_prompt__N20.json,131,9
Qwen3-1.7B-think|summary_prompt|N20|132,Qwen3-1.7B-think,summary_prompt,20,partC_Qwen3-1.7B-think__summary_prompt__N20.json,132,9
Qwen3-1.7B-think|summary_prompt|N20|133,Qwen3-1.7B-think,summary_prompt,20,partC_Qwen3-1.7B-think__summary_prompt__N20.json,133,9
Qwen3-1.7B-think|summary_prompt|N20|134,Qwen3-1.7B-think,summary_prompt,20,partC_Qwen3-1.7B-think__summary_prompt__N20.json,134,9
Qwen3-1.7B-think|summary_prompt|N20|135,Qwen3-1.7B-think,summary_prompt,20,partC_Qwen3-1.7B-think__summary_prompt__N20.json,135,9
Qwen3-1.7B-think|summary_prompt|N20|136,Qwen3-1.7B-think,summary_prompt,20,partC_Qwen3-1.7B-think__summary_prompt__N20.json,136,9
Qwen3-1.7B-think|summary_prompt|N20|137,Qwen3-1.7B-think,summary_prompt,20,partC_Qwen3-1.7B-think__summary_prompt__N20.json,137,9
Qwen3-1.7B-think|summary_prompt|N20|138,Qwen3-1.7B-think,summary_prompt,20,partC_Qwen3-1.7B-think__summary_prompt__N20.json,138,9
Qwen3-1.7B-think|summary_prompt|N20|139,Qwen3-1.7B-think,summary_prompt,20,partC_Qwen3-1.7B-think__summary_prompt__N20.json,139,9
Qwen3-1.7B-think|summary_prompt|N20|140,Qwen3-1.7B-think,summary_prompt,20,partC_Qwen3-1.7B-think__summary_prompt__N20.json,140,8
Qwen3-1.7B-think|summary_prompt|N20|141,Qwen3-1.7B-think,summary_prompt,20,partC_Qwen3-1.7B-think__summary_prompt__N20.json,141,8
Qwen3-1.7B-think|summary_prompt|N20|142,Qwen3-1.7B-think,summary_prompt,20,partC_Qwen3-1.7B-think__summary_prompt__N20.json,142,9
Qwen3-1.7B-think|summary_prompt|N20|143,Qwen3-1.7B-think,summary_prompt,20,partC_Qwen3-1.7B-think__summary_prompt__N20.json,143,9
Qwen3-1.7B-think|summary_prompt|N20|144,Qwen3-1.7B-think,summary_prompt,20,partC_Qwen3-1.7B-think__summary_prompt__N20.json,144,9
Qwen3-1.7B-think|summary_prompt|N20|145,Qwen3-1.7B-think,summary_prompt,20,partC_Qwen3-1.7B-think__summary_prompt__N20.json,145,9
Qwen3-1.7B-think|summary_prompt|N20|146,Qwen3-1.7B-think,summary_prompt,20,partC_Qwen3-1.7B-think__summary_prompt__N20.json,146,7
Qwen3-1.7B-think|summary_prompt|N20|147,Qwen3-1.7B-think,summary_prompt,20,partC_Qwen3-1.7B-think__summary_prompt__N20.json,147,9
Qwen3-1.7B-think|summary_prompt|N20|148,Qwen3-1.7B-think,summary_prompt,20,partC_Qwen3-1.7B-think__summary_prompt__N20.json,148,9
Qwen3-1.7B-think|summary_prompt|N20|149,Qwen3-1.7B-think,summary_prompt,20,partC_Qwen3-1.7B-think__summary_prompt__N20.json,149,7
Qwen3-1.7B-think|summary_prompt|N20|150,Qwen3-1.7B-think,summary_prompt,20,partC_Qwen3-1.7B-think__summary_prompt__N20.json,150,8
Qwen3-1.7B-think|summary_prompt|N20|151,Qwen3-1.7B-think,summary_prompt,20,partC_Qwen3-1.7B-think__summary_prompt__N20.json,151,8
Qwen3-1.7B-think|summary_prompt|N20|152,Qwen3-1.7B-think,summary_prompt,20,partC_Qwen3-1.7B-think__summary_prompt__N20.json,152,8
Qwen3-1.7B-think|summary_prompt|N20|153,Qwen3-1.7B-think,summary_prompt,20,partC_Qwen3-1.7B-think__summary_prompt__N20.json,153,7
Qwen3-1.7B-think|summary_prompt|N20|154,Qwen3-1.7B-think,summary_prompt,20,partC_Qwen3-1.7B-think__summary_prompt__N20.json,154,9
Qwen3-1.7B-think|summary_prompt|N20|155,Qwen3-1.7B-think,summary_prompt,20,partC_Qwen3-1.7B-think__summary_prompt__N20.json,155,6
Qwen3-1.7B-think|summary_prompt|N20|156,Qwen3-1.7B-think,summary_prompt,20,partC_Qwen3-1.7B-think__summary_prompt__N20.json,156,7
Qwen3-1.7B-think|summary_prompt|N20|157,Qwen3-1.7B-think,summary_prompt,20,partC_Qwen3-1.7B-think__summary_prompt__N20.json,157,9
Qwen3-1.7B-think|summary_prompt|N20|158,Qwen3-1.7B-think,summary_prompt,20,partC_Qwen3-1.7B-think__summary_prompt__N20.json,158,6
Qwen3-1.7B-think|summary_prompt|N20|159,Qwen3-1.7B-think,summary_prompt,20,partC_Qwen3-1.7B-think__summary_prompt__N20.json,159,7
Qwen3-1.7B-think|summary_prompt|N20|160,Qwen3-1.7B-think,summary_prompt,20,partC_Qwen3-1.7B-think__summary_prompt__N20.json,160,6
Qwen3-1.7B-think|summary_prompt|N20|161,Qwen3-1.7B-think,summary_prompt,20,partC_Qwen3-1.7B-think__summary_prompt__N20.json,161,9
Qwen3-1.7B-think|summary_prompt|N20|162,Qwen3-1.7B-think,summary_prompt,20,partC_Qwen3-1.7B-think__summary_prompt__N20.json,162,8
Qwen3-1.7B-think|summary_prompt|N20|163,Qwen3-1.7B-think,summary_prompt,20,partC_Qwen3-1.7B-think__summary_prompt__N20.json,163,8
Qwen3-1.7B-think|summary_prompt|N20|164,Qwen3-1.7B-think,summary_prompt,20,partC_Qwen3-1.7B-think__summary_prompt__N20.json,164,9
Qwen3-1.7B-think|summary_prompt|N20|165,Qwen3-1.7B-think,summary_prompt,20,partC_Qwen3-1.7B-think__summary_prompt__N20.json,165,9
Qwen3-1.7B-think|summary_prompt|N20|166,Qwen3-1.7B-think,summary_prompt,20,partC_Qwen3-1.7B-think__summary_prompt__N20.json,166,9
Qwen3-1.7B-think|summary_prompt|N20|167,Qwen3-1.7B-think,summary_prompt,20,partC_Qwen3-1.7B-think__summary_prompt__N20.json,167,8
Qwen3-1.7B-think|summary_prompt|N20|168,Qwen3-1.7B-think,summary_prompt,20,partC_Qwen3-1.7B-think__summary_prompt__N20.json,168,8
Qwen3-1.7B-think|summary_prompt|N20|169,Qwen3-1.7B-think,summary_prompt,20,partC_Qwen3-1.7B-think__summary_prompt__N20.json,169,9
Qwen3-1.7B-think|summary_prompt|N20|170,Qwen3-1.7B-think,summary_prompt,20,partC_Qwen3-1.7B-think__summary_prompt__N20.json,170,8
Qwen3-1.7B-think|summary_prompt|N20|171,Qwen3-1.7B-think,summary_prompt,20,partC_Qwen3-1.7B-think__summary_prompt__N20.json,171,9
Qwen3-1.7B-think|summary_prompt|N20|172,Qwen3-1.7B-think,summary_prompt,20,partC_Qwen3-1.7B-think__summary_prompt__N20.json,172,9
Qwen3-1.7B-think|summary_prompt|N20|173,Qwen3-1.7B-think,summary_prompt,20,partC_Qwen3-1.7B-think__summary_prompt__N20.json,173,9
Qwen3-1.7B-think|summary_prompt|N20|174,Qwen3-1.7B-think,summary_prompt,20,partC_Qwen3-1.7B-think__summary_prompt__N20.json,174,9
Qwen3-1.7B-think|summary_prompt|N20|175,Qwen3-1.7B-think,summary_prompt,20,partC_Qwen3-1.7B-think__summary_prompt__N20.json,175,7
Qwen3-1.7B-think|summary_prompt|N20|176,Qwen3-1.7B-think,summary_prompt,20,partC_Qwen3-1.7B-think__summary_prompt__N20.json,176,9
Qwen3-1.7B-think|summary_prompt|N20|177,Qwen3-1.7B-think,summary_prompt,20,partC_Qwen3-1.7B-think__summary_prompt__N20.json,177,9
Qwen3-1.7B-think|summary_prompt|N20|178,Qwen3-1.7B-think,summary_prompt,20,partC_Qwen3-1.7B-think__summary_prompt__N20.json,178,9
Qwen3-1.7B-think|summary_prompt|N20|179,Qwen3-1.7B-think,summary_prompt,20,partC_Qwen3-1.7B-think__summary_prompt__N20.json,179,7
Qwen3-1.7B-think|summary_prompt|N20|180,Qwen3-1.7B-think,summary_prompt,20,partC_Qwen3-1.7B-think__summary_prompt__N20.json,180,6
Qwen3-1.7B-think|summary_prompt|N20|181,Qwen3-1.7B-think,summary_prompt,20,partC_Qwen3-1.7B-think__summary_prompt__N20.json,181,9
Qwen3-1.7B-think|summary_prompt|N20|182,Qwen3-1.7B-think,summary_prompt,20,partC_Qwen3-1.7B-think__summary_prompt__N20.json,182,7
Qwen3-1.7B-think|summary_prompt|N20|183,Qwen3-1.7B-think,summary_prompt,20,partC_Qwen3-1.7B-think__summary_prompt__N20.json,183,7
Qwen3-1.7B-think|summary_prompt|N20|184,Qwen3-1.7B-think,summary_prompt,20,partC_Qwen3-1.7B-think__summary_prompt__N20.json,184,7
Qwen3-1.7B-think|summary_prompt|N20|185,Qwen3-1.7B-think,summary_prompt,20,partC_Qwen3-1.7B-think__summary_prompt__N20.json,185,7
Qwen3-1.7B-think|summary_prompt|N20|186,Qwen3-1.7B-think,summary_prompt,20,partC_Qwen3-1.7B-think__summary_prompt__N20.json,186,6
Qwen3-1.7B-think|summary_prompt|N20|187,Qwen3-1.7B-think,summary_prompt,20,partC_Qwen3-1.7B-think__summary_prompt__N20.json,187,7
Qwen3-1.7B-think|summary_prompt|N20|188,Qwen3-1.7B-think,summary_prompt,20,partC_Qwen3-1.7B-think__summary_prompt__N20.json,188,6
Qwen3-1.7B-think|summary_prompt|N20|189,Qwen3-1.7B-think,summary_prompt,20,partC_Qwen3-1.7B-think__summary_prompt__N20.json,189,6
Qwen3-1.7B-think|summary_prompt|N20|190,Qwen3-1.7B-think,summary_prompt,20,partC_Qwen3-1.7B-think__summary_prompt__N20.json,190,7
Qwen3-1.7B-think|summary_prompt|N20|191,Qwen3-1.7B-think,summary_prompt,20,partC_Qwen3-1.7B-think__summary_prompt__N20.json,191,9
Qwen3-1.7B-think|summary_prompt|N20|192,Qwen3-1.7B-think,summary_prompt,20,partC_Qwen3-1.7B-think__summary_prompt__N20.json,192,6
Qwen3-1.7B-think|summary_prompt|N20|193,Qwen3-1.7B-think,summary_prompt,20,partC_Qwen3-1.7B-think__summary_prompt__N20.json,193,7
Qwen3-1.7B-think|summary_prompt|N20|194,Qwen3-1.7B-think,summary_prompt,20,partC_Qwen3-1.7B-think__summary_prompt__N20.json,194,7
Qwen3-1.7B-think|summary_prompt|N20|195,Qwen3-1.7B-think,summary_prompt,20,partC_Qwen3-1.7B-think__summary_prompt__N20.json,195,6
Qwen3-1.7B-think|summary_prompt|N20|196,Qwen3-1.7B-think,summary_prompt,20,partC_Qwen3-1.7B-think__summary_prompt__N20.json,196,6
Qwen3-1.7B-think|summary_prompt|N20|197,Qwen3-1.7B-think,summary_prompt,20,partC_Qwen3-1.7B-think__summary_prompt__N20.json,197,7
Qwen3-1.7B-think|summary_prompt|N20|198,Qwen3-1.7B-think,summary_prompt,20,partC_Qwen3-1.7B-think__summary_prompt__N20.json,198,7
Qwen3-1.7B-think|summary_prompt|N20|199,Qwen3-1.7B-think,summary_prompt,20,partC_Qwen3-1.7B-think__summary_prompt__N20.json,199,7
Qwen3-1.7B-think|summary_prompt|N20|200,Qwen3-1.7B-think,summary_prompt,20,partC_Qwen3-1.7B-think__summary_prompt__N20.json,200,9
Qwen3-1.7B-think|summary_prompt|N20|201,Qwen3-1.7B-think,summary_prompt,20,partC_Qwen3-1.7B-think__summary_prompt__N20.json,201,7
Qwen3-1.7B-think|summary_prompt|N20|202,Qwen3-1.7B-think,summary_prompt,20,partC_Qwen3-1.7B-think__summary_prompt__N20.json,202,7
Qwen3-1.7B-think|summary_prompt|N20|203,Qwen3-1.7B-think,summary_prompt,20,partC_Qwen3-1.7B-think__summary_prompt__N20.json,203,9
Qwen3-1.7B-think|summary_prompt|N20|204,Qwen3-1.7B-think,summary_prompt,20,partC_Qwen3-1.7B-think__summary_prompt__N20.json,204,9
Qwen3-1.7B-think|summary_prompt|N20|205,Qwen3-1.7B-think,summary_prompt,20,partC_Qwen3-1.7B-think__summary_prompt__N20.json,205,9
Qwen3-1.7B-think|summary_prompt|N20|206,Qwen3-1.7B-think,summary_prompt,20,partC_Qwen3-1.7B-think__summary_prompt__N20.json,206,8
Qwen3-1.7B-think|summary_prompt|N20|207,Qwen3-1.7B-think,summary_prompt,20,partC_Qwen3-1.7B-think__summary_prompt__N20.json,207,8
Qwen3-1.7B-think|summary_prompt|N20|208,Qwen3-1.7B-think,summary_prompt,20,partC_Qwen3-1.7B-think__summary_prompt__N20.json,208,9
Qwen3-1.7B-think|summary_prompt|N20|209,Qwen3-1.7B-think,summary_prompt,20,partC_Qwen3-1.7B-think__summary_prompt__N20.json,209,9
Qwen3-1.7B-think|summary_prompt|N20|210,Qwen3-1.7B-think,summary_prompt,20,partC_Qwen3-1.7B-think__summary_prompt__N20.json,210,9
Qwen3-1.7B-think|summary_prompt|N20|211,Qwen3-1.7B-think,summary_prompt,20,partC_Qwen3-1.7B-think__summary_prompt__N20.json,211,9
Qwen3-1.7B-think|summary_prompt|N20|212,Qwen3-1.7B-think,summary_prompt,20,partC_Qwen3-1.7B-think__summary_prompt__N20.json,212,9
Qwen3-1.7B-think|summary_prompt|N20|213,Qwen3-1.7B-think,summary_prompt,20,partC_Qwen3-1.7B-think__summary_prompt__N20.json,213,7
Qwen3-1.7B-think|summary_prompt|N20|214,Qwen3-1.7B-think,summary_prompt,20,partC_Qwen3-1.7B-think__summary_prompt__N20.json,214,9
Qwen3-1.7B-think|summary_prompt|N20|215,Qwen3-1.7B-think,summary_prompt,20,partC_Qwen3-1.7B-think__summary_prompt__N20.json,215,6
Qwen3-1.7B-think|summary_prompt|N20|216,Qwen3-1.7B-think,summary_prompt,20,partC_Qwen3-1.7B-think__summary_prompt__N20.json,216,9
Qwen3-1.7B-think|summary_prompt|N20|217,Qwen3-1.7B-think,summary_prompt,20,partC_Qwen3-1.7B-think__summary_prompt__N20.json,217,9
Qwen3-1.7B-think|summary_prompt|N20|218,Qwen3-1.7B-think,summary_prompt,20,partC_Qwen3-1.7B-think__summary_prompt__N20.json,218,9
Qwen3-1.7B-think|summary_prompt|N20|219,Qwen3-1.7B-think,summary_prompt,20,partC_Qwen3-1.7B-think__summary_prompt__N20.json,219,9
Qwen3-1.7B-think|summary_prompt|N20|220,Qwen3-1.7B-think,summary_prompt,20,partC_Qwen3-1.7B-think__summary_prompt__N20.json,220,9
Qwen3-1.7B-think|summary_prompt|N20|221,Qwen3-1.7B-think,summary_prompt,20,partC_Qwen3-1.7B-think__summary_prompt__N20.json,221,9
Qwen3-1.7B-think|summary_prompt|N20|222,Qwen3-1.7B-think,summary_prompt,20,partC_Qwen3-1.7B-think__summary_prompt__N20.json,222,9
Qwen3-1.7B-think|summary_prompt|N20|223,Qwen3-1.7B-think,summary_prompt,20,partC_Qwen3-1.7B-think__summary_prompt__N20.json,223,9
Qwen3-1.7B-think|summary_prompt|N20|224,Qwen3-1.7B-think,summary_prompt,20,partC_Qwen3-1.7B-think__summary_prompt__N20.json,224,9
Qwen3-1.7B-think|summary_prompt|N20|225,Qwen3-1.7B-think,summary_prompt,20,partC_Qwen3-1.7B-think__summary_prompt__N20.json,225,9
Qwen3-1.7B-think|summary_prompt|N20|226,Qwen3-1.7B-think,summary_prompt,20,partC_Qwen3-1.7B-think__summary_prompt__N20.json,226,9
Qwen3-1.7B-think|summary_prompt|N20|227,Qwen3-1.7B-think,summary_prompt,20,partC_Qwen3-1.7B-think__summary_prompt__N20.json,227,9
Qwen3-1.7B-think|summary_prompt|N20|228,Qwen3-1.7B-think,summary_prompt,20,partC_Qwen3-1.7B-think__summary_prompt__N20.json,228,9
Qwen3-1.7B-think|summary_prompt|N20|229,Qwen3-1.7B-think,summary_prompt,20,partC_Qwen3-1.7B-think__summary_prompt__N20.json,229,9
Qwen3-1.7B-think|summary_prompt|N20|230,Qwen3-1.7B-think,summary_prompt,20,partC_Qwen3-1.7B-think__summary_prompt__N20.json,230,9
Qwen3-1.7B-think|summary_prompt|N20|231,Qwen3-1.7B-think,summary_prompt,20,partC_Qwen3-1.7B-think__summary_prompt__N20.json,231,6
Qwen3-1.7B-think|summary_prompt|N20|232,Qwen3-1.7B-think,summary_prompt,20,partC_Qwen3-1.7B-think__summary_prompt__N20.json,232,9
Qwen3-1.7B-think|summary_prompt|N20|233,Qwen3-1.7B-think,summary_prompt,20,partC_Qwen3-1.7B-think__summary_prompt__N20.json,233,9
Qwen3-1.7B-think|summary_prompt|N20|234,Qwen3-1.7B-think,summary_prompt,20,partC_Qwen3-1.7B-think__summary_prompt__N20.json,234,7
Qwen3-1.7B-think|summary_prompt|N20|235,Qwen3-1.7B-think,summary_prompt,20,partC_Qwen3-1.7B-think__summary_prompt__N20.json,235,9
Qwen3-1.7B-think|summary_prompt|N20|236,Qwen3-1.7B-think,summary_prompt,20,partC_Qwen3-1.7B-think__summary_prompt__N20.json,236,9
Qwen3-1.7B-think|summary_prompt|N20|237,Qwen3-1.7B-think,summary_prompt,20,partC_Qwen3-1.7B-think__summary_prompt__N20.json,237,9
Qwen3-1.7B-think|summary_prompt|N20|238,Qwen3-1.7B-think,summary_prompt,20,partC_Qwen3-1.7B-think__summary_prompt__N20.json,238,9
Qwen3-1.7B-think|summary_prompt|N20|239,Qwen3-1.7B-think,summary_prompt,20,partC_Qwen3-1.7B-think__summary_prompt__N20.json,239,9
Qwen3-1.7B-think|summary_prompt|N20|240,Qwen3-1.7B-think,summary_prompt,20,partC_Qwen3-1.7B-think__summary_prompt__N20.json,240,9
Qwen3-1.7B-think|summary_prompt|N20|241,Qwen3-1.7B-think,summary_prompt,20,partC_Qwen3-1.7B-think__summary_prompt__N20.json,241,9
Qwen3-1.7B-think|summary_prompt|N20|242,Qwen3-1.7B-think,summary_prompt,20,partC_Qwen3-1.7B-think__summary_prompt__N20.json,242,9
Qwen3-1.7B-think|summary_prompt|N20|243,Qwen3-1.7B-think,summary_prompt,20,partC_Qwen3-1.7B-think__summary_prompt__N20.json,243,9
Qwen3-1.7B-think|summary_prompt|N20|244,Qwen3-1.7B-think,summary_prompt,20,partC_Qwen3-1.7B-think__summary_prompt__N20.json,244,9
Qwen3-1.7B-think|summary_prompt|N20|245,Qwen3-1.7B-think,summary_prompt,20,partC_Qwen3-1.7B-think__summary_prompt__N20.json,245,9
Qwen3-1.7B-think|summary_prompt|N20|246,Qwen3-1.7B-think,summary_prompt,20,partC_Qwen3-1.7B-think__summary_prompt__N20.json,246,9
Qwen3-1.7B-think|summary_prompt|N20|247,Qwen3-1.7B-think,summary_prompt,20,partC_Qwen3-1.7B-think__summary_prompt__N20.json,247,9
Qwen3-1.7B-think|summary_prompt|N20|248,Qwen3-1.7B-think,summary_prompt,20,partC_Qwen3-1.7B-think__summary_prompt__N20.json,248,9
Qwen3-1.7B-think|summary_prompt|N20|249,Qwen3-1.7B-think,summary_prompt,20,partC_Qwen3-1.7B-think__summary_prompt__N20.json,249,9
Qwen3-1.7B-think|summary_prompt|N20|250,Qwen3-1.7B-think,summary_prompt,20,partC_Qwen3-1.7B-think__summary_prompt__N20.json,250,9
Qwen3-1.7B-think|summary_prompt|N20|251,Qwen3-1.7B-think,summary_prompt,20,partC_Qwen3-1.7B-think__summary_prompt__N20.json,251,7
Qwen3-1.7B-think|summary_prompt|N20|252,Qwen3-1.7B-think,summary_prompt,20,partC_Qwen3-1.7B-think__summary_prompt__N20.json,252,9
Qwen3-1.7B-think|summary_prompt|N20|253,Qwen3-1.7B-think,summary_prompt,20,partC_Qwen3-1.7B-think__summary_prompt__N20.json,253,7
Qwen3-1.7B-think|summary_prompt|N20|254,Qwen3-1.7B-think,summary_prompt,20,partC_Qwen3-1.7B-think__summary_prompt__N20.json,254,9
Qwen3-1.7B-think|summary_prompt|N20|255,Qwen3-1.7B-think,summary_prompt,20,partC_Qwen3-1.7B-think__summary_prompt__N20.json,255,3
Qwen3-1.7B-think|summary_prompt|N20|256,Qwen3-1.7B-think,summary_prompt,20,partC_Qwen3-1.7B-think__summary_prompt__N20.json,256,9
Qwen3-1.7B-think|summary_prompt|N20|257,Qwen3-1.7B-think,summary_prompt,20,partC_Qwen3-1.7B-think__summary_prompt__N20.json,257,9
Qwen3-1.7B-think|summary_prompt|N20|258,Qwen3-1.7B-think,summary_prompt,20,partC_Qwen3-1.7B-think__summary_prompt__N20.json,258,9
Qwen3-1.7B-think|summary_prompt|N20|259,Qwen3-1.7B-think,summary_prompt,20,partC_Qwen3-1.7B-think__summary_prompt__N20.json,259,7
Qwen3-1.7B-think|summary_prompt|N20|260,Qwen3-1.7B-think,summary_prompt,20,partC_Qwen3-1.7B-think__summary_prompt__N20.json,260,9
Qwen3-1.7B-think|summary_prompt|N20|261,Qwen3-1.7B-think,summary_prompt,20,partC_Qwen3-1.7B-think__summary_prompt__N20.json,261,9
Qwen3-1.7B-think|summary_prompt|N20|262,Qwen3-1.7B-think,summary_prompt,20,partC_Qwen3-1.7B-think__summary_prompt__N20.json,262,7
Qwen3-1.7B-think|summary_prompt|N20|263,Qwen3-1.7B-think,summary_prompt,20,partC_Qwen3-1.7B-think__summary_prompt__N20.json,263,6
Qwen3-1.7B-think|summary_prompt|N20|264,Qwen3-1.7B-think,summary_prompt,20,partC_Qwen3-1.7B-think__summary_prompt__N20.json,264,8
Qwen3-1.7B-think|summary_prompt|N20|265,Qwen3-1.7B-think,summary_prompt,20,partC_Qwen3-1.7B-think__summary_prompt__N20.json,265,9
Qwen3-1.7B-think|summary_prompt|N20|266,Qwen3-1.7B-think,summary_prompt,20,partC_Qwen3-1.7B-think__summary_prompt__N20.json,266,7
Qwen3-1.7B-think|summary_prompt|N20|267,Qwen3-1.7B-think,summary_prompt,20,partC_Qwen3-1.7B-think__summary_prompt__N20.json,267,9
Qwen3-1.7B-think|summary_prompt|N20|268,Qwen3-1.7B-think,summary_prompt,20,partC_Qwen3-1.7B-think__summary_prompt__N20.json,268,9
Qwen3-1.7B-think|summary_prompt|N20|269,Qwen3-1.7B-think,summary_prompt,20,partC_Qwen3-1.7B-think__summary_prompt__N20.json,269,9
Qwen3-1.7B-think|summary_prompt|N20|270,Qwen3-1.7B-think,summary_prompt,20,partC_Qwen3-1.7B-think__summary_prompt__N20.json,270,9
Qwen3-1.7B-think|summary_prompt|N20|271,Qwen3-1.7B-think,summary_prompt,20,partC_Qwen3-1.7B-think__summary_prompt__N20.json,271,7
Qwen3-1.7B-think|summary_prompt|N20|272,Qwen3-1.7B-think,summary_prompt,20,partC_Qwen3-1.7B-think__summary_prompt__N20.json,272,4
Qwen3-1.7B-think|summary_prompt|N20|273,Qwen3-1.7B-think,summary_prompt,20,partC_Qwen3-1.7B-think__summary_prompt__N20.json,273,6
Qwen3-1.7B-think|summary_prompt|N20|274,Qwen3-1.7B-think,summary_prompt,20,partC_Qwen3-1.7B-think__summary_prompt__N20.json,274,6
Qwen3-1.7B-think|summary_prompt|N20|275,Qwen3-1.7B-think,summary_prompt,20,partC_Qwen3-1.7B-think__summary_prompt__N20.json,275,9
Qwen3-1.7B-think|summary_prompt|N20|276,Qwen3-1.7B-think,summary_prompt,20,partC_Qwen3-1.7B-think__summary_prompt__N20.json,276,7
Qwen3-1.7B-think|summary_prompt|N20|277,Qwen3-1.7B-think,summary_prompt,20,partC_Qwen3-1.7B-think__summary_prompt__N20.json,277,6
Qwen3-1.7B-think|summary_prompt|N20|278,Qwen3-1.7B-think,summary_prompt,20,partC_Qwen3-1.7B-think__summary_prompt__N20.json,278,9
Qwen3-1.7B-think|summary_prompt|N20|279,Qwen3-1.7B-think,summary_prompt,20,partC_Qwen3-1.7B-think__summary_prompt__N20.json,279,9
Qwen3-1.7B-think|summary_prompt|N20|280,Qwen3-1.7B-think,summary_prompt,20,partC_Qwen3-1.7B-think__summary_prompt__N20.json,280,9
Qwen3-1.7B-think|summary_prompt|N20|281,Qwen3-1.7B-think,summary_prompt,20,partC_Qwen3-1.7B-think__summary_prompt__N20.json,281,8
Qwen3-1.7B-think|summary_prompt|N20|282,Qwen3-1.7B-think,summary_prompt,20,partC_Qwen3-1.7B-think__summary_prompt__N20.json,282,6
Qwen3-1.7B-think|summary_prompt|N20|283,Qwen3-1.7B-think,summary_prompt,20,partC_Qwen3-1.7B-think__summary_prompt__N20.json,283,7
Qwen3-1.7B-think|summary_prompt|N20|284,Qwen3-1.7B-think,summary_prompt,20,partC_Qwen3-1.7B-think__summary_prompt__N20.json,284,6
Qwen3-1.7B-think|summary_prompt|N20|285,Qwen3-1.7B-think,summary_prompt,20,partC_Qwen3-1.7B-think__summary_prompt__N20.json,285,8
Qwen3-1.7B-think|summary_prompt|N20|286,Qwen3-1.7B-think,summary_prompt,20,partC_Qwen3-1.7B-think__summary_prompt__N20.json,286,7
Qwen3-1.7B-think|summary_prompt|N20|287,Qwen3-1.7B-think,summary_prompt,20,partC_Qwen3-1.7B-think__summary_prompt__N20.json,287,6
Qwen3-1.7B-think|summary_prompt|N20|288,Qwen3-1.7B-think,summary_prompt,20,partC_Qwen3-1.7B-think__summary_prompt__N20.json,288,8
Qwen3-1.7B-think|summary_prompt|N20|289,Qwen3-1.7B-think,summary_prompt,20,partC_Qwen3-1.7B-think__summary_prompt__N20.json,289,7
Qwen3-1.7B-think|summary_prompt|N20|290,Qwen3-1.7B-think,summary_prompt,20,partC_Qwen3-1.7B-think__summary_prompt__N20.json,290,9
Qwen3-1.7B-think|summary_prompt|N20|291,Qwen3-1.7B-think,summary_prompt,20,partC_Qwen3-1.7B-think__summary_prompt__N20.json,291,8
Qwen3-1.7B-think|summary_prompt|N20|292,Qwen3-1.7B-think,summary_prompt,20,partC_Qwen3-1.7B-think__summary_prompt__N20.json,292,9
Qwen3-1.7B-think|summary_prompt|N20|293,Qwen3-1.7B-think,summary_prompt,20,partC_Qwen3-1.7B-think__summary_prompt__N20.json,293,7
Qwen3-1.7B-think|summary_prompt|N20|294,Qwen3-1.7B-think,summary_prompt,20,partC_Qwen3-1.7B-think__summary_prompt__N20.json,294,8
Qwen3-1.7B-think|summary_prompt|N20|295,Qwen3-1.7B-think,summary_prompt,20,partC_Qwen3-1.7B-think__summary_prompt__N20.json,295,8
Qwen3-1.7B-think|summary_prompt|N20|296,Qwen3-1.7B-think,summary_prompt,20,partC_Qwen3-1.7B-think__summary_prompt__N20.json,296,6
Qwen3-1.7B-think|summary_prompt|N20|297,Qwen3-1.7B-think,summary_prompt,20,partC_Qwen3-1.7B-think__summary_prompt__N20.json,297,8
Qwen3-1.7B-think|summary_prompt|N20|298,Qwen3-1.7B-think,summary_prompt,20,partC_Qwen3-1.7B-think__summary_prompt__N20.json,298,7
Qwen3-1.7B-think|summary_prompt|N20|299,Qwen3-1.7B-think,summary_prompt,20,partC_Qwen3-1.7B-think__summary_prompt__N20.json,299,8
Qwen3-1.7B-think|summary_prompt|N20|300,Qwen3-1.7B-think,summary_prompt,20,partC_Qwen3-1.7B-think__summary_prompt__N20.json,300,9
Qwen3-1.7B-think|summary_prompt|N20|301,Qwen3-1.7B-think,summary_prompt,20,partC_Qwen3-1.7B-think__summary_prompt__N20.json,301,7
Qwen3-1.7B-think|summary_prompt|N20|302,Qwen3-1.7B-think,summary_prompt,20,partC_Qwen3-1.7B-think__summary_prompt__N20.json,302,9
Qwen3-1.7B-think|summary_prompt|N20|303,Qwen3-1.7B-think,summary_prompt,20,partC_Qwen3-1.7B-think__summary_prompt__N20.json,303,9
Qwen3-1.7B-think|summary_prompt|N20|304,Qwen3-1.7B-think,summary_prompt,20,partC_Qwen3-1.7B-think__summary_prompt__N20.json,304,9
Qwen3-1.7B-think|summary_prompt|N20|305,Qwen3-1.7B-think,summary_prompt,20,partC_Qwen3-1.7B-think__summary_prompt__N20.json,305,9
Qwen3-1.7B-think|summary_prompt|N20|306,Qwen3-1.7B-think,summary_prompt,20,partC_Qwen3-1.7B-think__summary_prompt__N20.json,306,9
Qwen3-1.7B-think|summary_prompt|N20|307,Qwen3-1.7B-think,summary_prompt,20,partC_Qwen3-1.7B-think__summary_prompt__N20.json,307,9
Qwen3-1.7B-think|summary_prompt|N20|308,Qwen3-1.7B-think,summary_prompt,20,partC_Qwen3-1.7B-think__summary_prompt__N20.json,308,9
Qwen3-1.7B-think|summary_prompt|N20|309,Qwen3-1.7B-think,summary_prompt,20,partC_Qwen3-1.7B-think__summary_prompt__N20.json,309,9
Qwen3-1.7B-think|summary_prompt|N20|310,Qwen3-1.7B-think,summary_prompt,20,partC_Qwen3-1.7B-think__summary_prompt__N20.json,310,9
Qwen3-1.7B-think|summary_prompt|N20|311,Qwen3-1.7B-think,summary_prompt,20,partC_Qwen3-1.7B-think__summary_prompt__N20.json,311,7
Qwen3-1.7B-think|summary_prompt|N20|312,Qwen3-1.7B-think,summary_prompt,20,partC_Qwen3-1.7B-think__summary_prompt__N20.json,312,9
Qwen3-1.7B-think|summary_prompt|N20|313,Qwen3-1.7B-think,summary_prompt,20,partC_Qwen3-1.7B-think__summary_prompt__N20.json,313,9
Qwen3-1.7B-think|summary_prompt|N20|314,Qwen3-1.7B-think,summary_prompt,20,partC_Qwen3-1.7B-think__summary_prompt__N20.json,314,9
Qwen3-1.7B-think|summary_prompt|N20|315,Qwen3-1.7B-think,summary_prompt,20,partC_Qwen3-1.7B-think__summary_prompt__N20.json,315,9
Qwen3-1.7B-think|summary_prompt|N20|316,Qwen3-1.7B-think,summary_prompt,20,partC_Qwen3-1.7B-think__summary_prompt__N20.json,316,9
Qwen3-1.7B-think|summary_prompt|N20|317,Qwen3-1.7B-think,summary_prompt,20,partC_Qwen3-1.7B-think__summary_prompt__N20.json,317,9
Qwen3-1.7B-think|summary_prompt|N20|318,Qwen3-1.7B-think,summary_prompt,20,partC_Qwen3-1.7B-think__summary_prompt__N20.json,318,9
Qwen3-1.7B-think|summary_prompt|N20|319,Qwen3-1.7B-think,summary_prompt,20,partC_Qwen3-1.7B-think__summary_prompt__N20.json,319,9
Qwen3-1.7B-think|summary_prompt|N20|320,Qwen3-1.7B-think,summary_prompt,20,partC_Qwen3-1.7B-think__summary_prompt__N20.json,320,7
Qwen3-1.7B-think|summary_prompt|N20|321,Qwen3-1.7B-think,summary_prompt,20,partC_Qwen3-1.7B-think__summary_prompt__N20.json,321,9
Qwen3-1.7B-think|summary_prompt|N20|322,Qwen3-1.7B-think,summary_prompt,20,partC_Qwen3-1.7B-think__summary_prompt__N20.json,322,9
Qwen3-1.7B-think|summary_prompt|N20|323,Qwen3-1.7B-think,summary_prompt,20,partC_Qwen3-1.7B-think__summary_prompt__N20.json,323,9
Qwen3-1.7B-think|summary_prompt|N20|324,Qwen3-1.7B-think,summary_prompt,20,partC_Qwen3-1.7B-think__summary_prompt__N20.json,324,9
Qwen3-1.7B-think|summary_prompt|N20|325,Qwen3-1.7B-think,summary_prompt,20,partC_Qwen3-1.7B-think__summary_prompt__N20.json,325,9
Qwen3-1.7B-think|summary_prompt|N20|326,Qwen3-1.7B-think,summary_prompt,20,partC_Qwen3-1.7B-think__summary_prompt__N20.json,326,7
Qwen3-1.7B-think|summary_prompt|N20|327,Qwen3-1.7B-think,summary_prompt,20,partC_Qwen3-1.7B-think__summary_prompt__N20.json,327,9
Qwen3-1.7B-think|summary_prompt|N20|328,Qwen3-1.7B-think,summary_prompt,20,partC_Qwen3-1.7B-think__summary_prompt__N20.json,328,7
Qwen3-1.7B-think|summary_prompt|N20|329,Qwen3-1.7B-think,summary_prompt,20,partC_Qwen3-1.7B-think__summary_prompt__N20.json,329,9
Qwen3-1.7B-think|summary_prompt|N20|330,Qwen3-1.7B-think,summary_prompt,20,partC_Qwen3-1.7B-think__summary_prompt__N20.json,330,9
Qwen3-1.7B-think|summary_prompt|N20|331,Qwen3-1.7B-think,summary_prompt,20,partC_Qwen3-1.7B-think__summary_prompt__N20.json,331,9
Qwen3-1.7B-think|summary_prompt|N20|332,Qwen3-1.7B-think,summary_prompt,20,partC_Qwen3-1.7B-think__summary_prompt__N20.json,332,9
Qwen3-1.7B-think|summary_prompt|N20|333,Qwen3-1.7B-think,summary_prompt,20,partC_Qwen3-1.7B-think__summary_prompt__N20.json,333,9
Qwen3-1.7B-think|summary_prompt|N20|334,Qwen3-1.7B-think,summary_prompt,20,partC_Qwen3-1.7B-think__summary_prompt__N20.json,334,9
Qwen3-1.7B-think|summary_prompt|N20|335,Qwen3-1.7B-think,summary_prompt,20,partC_Qwen3-1.7B-think__summary_prompt__N20.json,335,8
Qwen3-1.7B-think|summary_prompt|N20|336,Qwen3-1.7B-think,summary_prompt,20,partC_Qwen3-1.7B-think__summary_prompt__N20.json,336,9
Qwen3-1.7B-think|summary_prompt|N20|337,Qwen3-1.7B-think,summary_prompt,20,partC_Qwen3-1.7B-think__summary_prompt__N20.json,337,9
Qwen3-1.7B-think|summary_prompt|N20|338,Qwen3-1.7B-think,summary_prompt,20,partC_Qwen3-1.7B-think__summary_prompt__N20.json,338,9
Qwen3-1.7B-think|summary_prompt|N20|339,Qwen3-1.7B-think,summary_prompt,20,partC_Qwen3-1.7B-think__summary_prompt__N20.json,339,9
Qwen3-1.7B-think|summary_prompt|N20|340,Qwen3-1.7B-think,summary_prompt,20,partC_Qwen3-1.7B-think__summary_prompt__N20.json,340,9
Qwen3-1.7B-think|summary_prompt|N20|341,Qwen3-1.7B-think,summary_prompt,20,partC_Qwen3-1.7B-think__summary_prompt__N20.json,341,7
Qwen3-1.7B-think|summary_prompt|N20|342,Qwen3-1.7B-think,summary_prompt,20,partC_Qwen3-1.7B-think__summary_prompt__N20.json,342,9
Qwen3-1.7B-think|summary_prompt|N20|343,Qwen3-1.7B-think,summary_prompt,20,partC_Qwen3-1.7B-think__summary_prompt__N20.json,343,7
Qwen3-1.7B-think|summary_prompt|N20|344,Qwen3-1.7B-think,summary_prompt,20,partC_Qwen3-1.7B-think__summary_prompt__N20.json,344,9
Qwen3-1.7B-think|summary_prompt|N20|345,Qwen3-1.7B-think,summary_prompt,20,partC_Qwen3-1.7B-think__summary_prompt__N20.json,345,7
Qwen3-1.7B-think|summary_prompt|N20|346,Qwen3-1.7B-think,summary_prompt,20,partC_Qwen3-1.7B-think__summary_prompt__N20.json,346,9
Qwen3-1.7B-think|summary_prompt|N20|347,Qwen3-1.7B-think,summary_prompt,20,partC_Qwen3-1.7B-think__summary_prompt__N20.json,347,9
Qwen3-1.7B-think|summary_prompt|N20|348,Qwen3-1.7B-think,summary_prompt,20,partC_Qwen3-1.7B-think__summary_prompt__N20.json,348,9
Qwen3-1.7B-think|summary_prompt|N20|349,Qwen3-1.7B-think,summary_prompt,20,partC_Qwen3-1.7B-think__summary_prompt__N20.json,349,9
Qwen3-1.7B-think|summary_prompt|N20|350,Qwen3-1.7B-think,summary_prompt,20,partC_Qwen3-1.7B-think__summary_prompt__N20.json,350,9
Qwen3-1.7B-think|summary_prompt|N20|351,Qwen3-1.7B-think,summary_prompt,20,partC_Qwen3-1.7B-think__summary_prompt__N20.json,351,9
Qwen3-1.7B-think|summary_prompt|N20|352,Qwen3-1.7B-think,summary_prompt,20,partC_Qwen3-1.7B-think__summary_prompt__N20.json,352,9
Qwen3-1.7B-think|summary_prompt|N20|353,Qwen3-1.7B-think,summary_prompt,20,partC_Qwen3-1.7B-think__summary_prompt__N20.json,353,9
Qwen3-1.7B-think|summary_prompt|N20|354,Qwen3-1.7B-think,summary_prompt,20,partC_Qwen3-1.7B-think__summary_prompt__N20.json,354,9
Qwen3-1.7B-think|summary_prompt|N20|355,Qwen3-1.7B-think,summary_prompt,20,partC_Qwen3-1.7B-think__summary_prompt__N20.json,355,9
Qwen3-1.7B-think|summary_prompt|N20|356,Qwen3-1.7B-think,summary_prompt,20,partC_Qwen3-1.7B-think__summary_prompt__N20.json,356,9
Qwen3-1.7B-think|summary_prompt|N20|357,Qwen3-1.7B-think,summary_prompt,20,partC_Qwen3-1.7B-think__summary_prompt__N20.json,357,9
Qwen3-1.7B-think|summary_prompt|N20|358,Qwen3-1.7B-think,summary_prompt,20,partC_Qwen3-1.7B-think__summary_prompt__N20.json,358,6
Qwen3-1.7B-think|summary_prompt|N20|359,Qwen3-1.7B-think,summary_prompt,20,partC_Qwen3-1.7B-think__summary_prompt__N20.json,359,9
Qwen3-1.7B-think|summary_prompt|N20|360,Qwen3-1.7B-think,summary_prompt,20,partC_Qwen3-1.7B-think__summary_prompt__N20.json,360,9
Qwen3-1.7B-think|summary_prompt|N20|361,Qwen3-1.7B-think,summary_prompt,20,partC_Qwen3-1.7B-think__summary_prompt__N20.json,361,7
Qwen3-1.7B-think|summary_prompt|N20|362,Qwen3-1.7B-think,summary_prompt,20,partC_Qwen3-1.7B-think__summary_prompt__N20.json,362,9
Qwen3-1.7B-think|summary_prompt|N20|363,Qwen3-1.7B-think,summary_prompt,20,partC_Qwen3-1.7B-think__summary_prompt__N20.json,363,7
Qwen3-1.7B-think|summary_prompt|N20|364,Qwen3-1.7B-think,summary_prompt,20,partC_Qwen3-1.7B-think__summary_prompt__N20.json,364,4
Qwen3-1.7B-think|summary_prompt|N20|365,Qwen3-1.7B-think,summary_prompt,20,partC_Qwen3-1.7B-think__summary_prompt__N20.json,365,9
Qwen3-1.7B-think|summary_prompt|N20|366,Qwen3-1.7B-think,summary_prompt,20,partC_Qwen3-1.7B-think__summary_prompt__N20.json,366,9
Qwen3-1.7B-think|summary_prompt|N20|367,Qwen3-1.7B-think,summary_prompt,20,partC_Qwen3-1.7B-think__summary_prompt__N20.json,367,9
Qwen3-1.7B-think|summary_prompt|N20|368,Qwen3-1.7B-think,summary_prompt,20,partC_Qwen3-1.7B-think__summary_prompt__N20.json,368,6
Qwen3-1.7B-think|summary_prompt|N20|369,Qwen3-1.7B-think,summary_prompt,20,partC_Qwen3-1.7B-think__summary_prompt__N20.json,369,6
Qwen3-1.7B-think|summary_prompt|N20|370,Qwen3-1.7B-think,summary_prompt,20,partC_Qwen3-1.7B-think__summary_prompt__N20.json,370,6
Qwen3-1.7B-think|summary_prompt|N20|371,Qwen3-1.7B-think,summary_prompt,20,partC_Qwen3-1.7B-think__summary_prompt__N20.json,371,9
Qwen3-1.7B-think|summary_prompt|N20|372,Qwen3-1.7B-think,summary_prompt,20,partC_Qwen3-1.7B-think__summary_prompt__N20.json,372,7
Qwen3-1.7B-think|summary_prompt|N20|373,Qwen3-1.7B-think,summary_prompt,20,partC_Qwen3-1.7B-think__summary_prompt__N20.json,373,6
Qwen3-1.7B-think|summary_prompt|N20|374,Qwen3-1.7B-think,summary_prompt,20,partC_Qwen3-1.7B-think__summary_prompt__N20.json,374,6
Qwen3-1.7B-think|summary_prompt|N20|375,Qwen3-1.7B-think,summary_prompt,20,partC_Qwen3-1.7B-think__summary_prompt__N20.json,375,6
Qwen3-1.7B-think|summary_prompt|N20|376,Qwen3-1.7B-think,summary_prompt,20,partC_Qwen3-1.7B-think__summary_prompt__N20.json,376,9
Qwen3-1.7B-think|summary_prompt|N20|377,Qwen3-1.7B-think,summary_prompt,20,partC_Qwen3-1.7B-think__summary_prompt__N20.json,377,7
Qwen3-1.7B-think|summary_prompt|N20|378,Qwen3-1.7B-think,summary_prompt,20,partC_Qwen3-1.7B-think__summary_prompt__N20.json,378,9
Qwen3-1.7B-think|summary_prompt|N20|379,Qwen3-1.7B-think,summary_prompt,20,partC_Qwen3-1.7B-think__summary_prompt__N20.json,379,4
Qwen3-1.7B-think|summary_prompt|N20|380,Qwen3-1.7B-think,summary_prompt,20,partC_Qwen3-1.7B-think__summary_prompt__N20.json,380,7
Qwen3-1.7B-think|summary_prompt|N20|381,Qwen3-1.7B-think,summary_prompt,20,partC_Qwen3-1.7B-think__summary_prompt__N20.json,381,6
Qwen3-1.7B-think|summary_prompt|N20|382,Qwen3-1.7B-think,summary_prompt,20,partC_Qwen3-1.7B-think__summary_prompt__N20.json,382,8
Qwen3-1.7B-think|summary_prompt|N20|383,Qwen3-1.7B-think,summary_prompt,20,partC_Qwen3-1.7B-think__summary_prompt__N20.json,383,7
Qwen3-1.7B-think|summary_prompt|N20|384,Qwen3-1.7B-think,summary_prompt,20,partC_Qwen3-1.7B-think__summary_prompt__N20.json,384,6
Qwen3-1.7B-think|summary_prompt|N20|385,Qwen3-1.7B-think,summary_prompt,20,partC_Qwen3-1.7B-think__summary_prompt__N20.json,385,6
Qwen3-1.7B-think|summary_prompt|N20|386,Qwen3-1.7B-think,summary_prompt,20,partC_Qwen3-1.7B-think__summary_prompt__N20.json,386,9
Qwen3-1.7B-think|summary_prompt|N20|387,Qwen3-1.7B-think,summary_prompt,20,partC_Qwen3-1.7B-think__summary_prompt__N20.json,387,8
Qwen3-1.7B-think|summary_prompt|N20|388,Qwen3-1.7B-think,summary_prompt,20,partC_Qwen3-1.7B-think__summary_prompt__N20.json,388,8
Qwen3-1.7B-think|summary_prompt|N20|389,Qwen3-1.7B-think,summary_prompt,20,partC_Qwen3-1.7B-think__summary_prompt__N20.json,389,9
Qwen3-1.7B-think|summary_prompt|N20|390,Qwen3-1.7B-think,summary_prompt,20,partC_Qwen3-1.7B-think__summary_prompt__N20.json,390,9
Qwen3-1.7B-think|summary_prompt|N20|391,Qwen3-1.7B-think,summary_prompt,20,partC_Qwen3-1.7B-think__summary_prompt__N20.json,391,7
Qwen3-1.7B-think|summary_prompt|N20|392,Qwen3-1.7B-think,summary_prompt,20,partC_Qwen3-1.7B-think__summary_prompt__N20.json,392,9
Qwen3-1.7B-think|summary_prompt|N20|393,Qwen3-1.7B-think,summary_prompt,20,partC_Qwen3-1.7B-think__summary_prompt__N20.json,393,6
Qwen3-1.7B-think|summary_prompt|N20|394,Qwen3-1.7B-think,summary_prompt,20,partC_Qwen3-1.7B-think__summary_prompt__N20.json,394,8
Qwen3-1.7B-think|summary_prompt|N20|395,Qwen3-1.7B-think,summary_prompt,20,partC_Qwen3-1.7B-think__summary_prompt__N20.json,395,6
Qwen3-1.7B-think|summary_prompt|N20|396,Qwen3-1.7B-think,summary_prompt,20,partC_Qwen3-1.7B-think__summary_prompt__N20.json,396,6
Qwen3-1.7B-think|summary_prompt|N20|397,Qwen3-1.7B-think,summary_prompt,20,partC_Qwen3-1.7B-think__summary_prompt__N20.json,397,7
Qwen3-1.7B-think|summary_prompt|N20|398,Qwen3-1.7B-think,summary_prompt,20,partC_Qwen3-1.7B-think__summary_prompt__N20.json,398,9
Qwen3-1.7B-think|summary_prompt|N20|399,Qwen3-1.7B-think,summary_prompt,20,partC_Qwen3-1.7B-think__summary_prompt__N20.json,399,8
Qwen3-1.7B-think|summary_prompt|N20|400,Qwen3-1.7B-think,summary_prompt,20,partC_Qwen3-1.7B-think__summary_prompt__N20.json,400,9
Qwen3-1.7B-think|summary_prompt|N20|401,Qwen3-1.7B-think,summary_prompt,20,partC_Qwen3-1.7B-think__summary_prompt__N20.json,401,9
Qwen3-1.7B-think|summary_prompt|N20|402,Qwen3-1.7B-think,summary_prompt,20,partC_Qwen3-1.7B-think__summary_prompt__N20.json,402,9
Qwen3-1.7B-think|summary_prompt|N20|403,Qwen3-1.7B-think,summary_prompt,20,partC_Qwen3-1.7B-think__summary_prompt__N20.json,403,7
Qwen3-1.7B-think|summary_prompt|N20|404,Qwen3-1.7B-think,summary_prompt,20,partC_Qwen3-1.7B-think__summary_prompt__N20.json,404,9
Qwen3-1.7B-think|summary_prompt|N20|405,Qwen3-1.7B-think,summary_prompt,20,partC_Qwen3-1.7B-think__summary_prompt__N20.json,405,9
Qwen3-1.7B-think|summary_prompt|N20|406,Qwen3-1.7B-think,summary_prompt,20,partC_Qwen3-1.7B-think__summary_prompt__N20.json,406,9
Qwen3-1.7B-think|summary_prompt|N20|407,Qwen3-1.7B-think,summary_prompt,20,partC_Qwen3-1.7B-think__summary_prompt__N20.json,407,9
Qwen3-1.7B-think|summary_prompt|N20|408,Qwen3-1.7B-think,summary_prompt,20,partC_Qwen3-1.7B-think__summary_prompt__N20.json,408,9
Qwen3-1.7B-think|summary_prompt|N20|409,Qwen3-1.7B-think,summary_prompt,20,partC_Qwen3-1.7B-think__summary_prompt__N20.json,409,9
Qwen3-1.7B-think|summary_prompt|N20|410,Qwen3-1.7B-think,summary_prompt,20,partC_Qwen3-1.7B-think__summary_prompt__N20.json,410,9
Qwen3-1.7B-think|summary_prompt|N20|411,Qwen3-1.7B-think,summary_prompt,20,partC_Qwen3-1.7B-think__summary_prompt__N20.json,411,9
Qwen3-1.7B-think|summary_prompt|N20|412,Qwen3-1.7B-think,summary_prompt,20,partC_Qwen3-1.7B-think__summary_prompt__N20.json,412,9
Qwen3-1.7B-think|summary_prompt|N20|413,Qwen3-1.7B-think,summary_prompt,20,partC_Qwen3-1.7B-think__summary_prompt__N20.json,413,7
Qwen3-1.7B-think|summary_prompt|N20|414,Qwen3-1.7B-think,summary_prompt,20,partC_Qwen3-1.7B-think__summary_prompt__N20.json,414,9
Qwen3-1.7B-think|summary_prompt|N20|415,Qwen3-1.7B-think,summary_prompt,20,partC_Qwen3-1.7B-think__summary_prompt__N20.json,415,8
Qwen3-1.7B-think|summary_prompt|N20|416,Qwen3-1.7B-think,summary_prompt,20,partC_Qwen3-1.7B-think__summary_prompt__N20.json,416,9
Qwen3-1.7B-think|summary_prompt|N20|417,Qwen3-1.7B-think,summary_prompt,20,partC_Qwen3-1.7B-think__summary_prompt__N20.json,417,9
Qwen3-1.7B-think|summary_prompt|N20|418,Qwen3-1.7B-think,summary_prompt,20,partC_Qwen3-1.7B-think__summary_prompt__N20.json,418,9
Qwen3-1.7B-think|summary_prompt|N20|419,Qwen3-1.7B-think,summary_prompt,20,partC_Qwen3-1.7B-think__summary_prompt__N20.json,419,9
Qwen3-1.7B-think|summary_prompt|N20|420,Qwen3-1.7B-think,summary_prompt,20,partC_Qwen3-1.7B-think__summary_prompt__N20.json,420,9
Qwen3-1.7B-think|summary_prompt|N20|421,Qwen3-1.7B-think,summary_prompt,20,partC_Qwen3-1.7B-think__summary_prompt__N20.json,421,9
Qwen3-1.7B-think|summary_prompt|N20|422,Qwen3-1.7B-think,summary_prompt,20,partC_Qwen3-1.7B-think__summary_prompt__N20.json,422,9
Qwen3-1.7B-think|summary_prompt|N20|423,Qwen3-1.7B-think,summary_prompt,20,partC_Qwen3-1.7B-think__summary_prompt__N20.json,423,9
Qwen3-1.7B-think|summary_prompt|N20|424,Qwen3-1.7B-think,summary_prompt,20,partC_Qwen3-1.7B-think__summary_prompt__N20.json,424,9
Qwen3-1.7B-think|summary_prompt|N20|425,Qwen3-1.7B-think,summary_prompt,20,partC_Qwen3-1.7B-think__summary_prompt__N20.json,425,9
Qwen3-1.7B-think|summary_prompt|N20|426,Qwen3-1.7B-think,summary_prompt,20,partC_Qwen3-1.7B-think__summary_prompt__N20.json,426,8
Qwen3-1.7B-think|summary_prompt|N20|427,Qwen3-1.7B-think,summary_prompt,20,partC_Qwen3-1.7B-think__summary_prompt__N20.json,427,9
Qwen3-1.7B-think|summary_prompt|N20|428,Qwen3-1.7B-think,summary_prompt,20,partC_Qwen3-1.7B-think__summary_prompt__N20.json,428,9
Qwen3-1.7B-think|summary_prompt|N20|429,Qwen3-1.7B-think,summary_prompt,20,partC_Qwen3-1.7B-think__summary_prompt__N20.json,429,9
Qwen3-1.7B-think|summary_prompt|N20|430,Qwen3-1.7B-think,summary_prompt,20,partC_Qwen3-1.7B-think__summary_prompt__N20.json,430,9
Qwen3-1.7B-think|summary_prompt|N20|431,Qwen3-1.7B-think,summary_prompt,20,partC_Qwen3-1.7B-think__summary_prompt__N20.json,431,9
Qwen3-1.7B-think|summary_prompt|N20|432,Qwen3-1.7B-think,summary_prompt,20,partC_Qwen3-1.7B-think__summary_prompt__N20.json,432,9
Qwen3-1.7B-think|summary_prompt|N20|433,Qwen3-1.7B-think,summary_prompt,20,partC_Qwen3-1.7B-think__summary_prompt__N20.json,433,9
Qwen3-1.7B-think|summary_prompt|N20|434,Qwen3-1.7B-think,summary_prompt,20,partC_Qwen3-1.7B-think__summary_prompt__N20.json,434,9
Qwen3-1.7B-think|summary_prompt|N20|435,Qwen3-1.7B-think,summary_prompt,20,partC_Qwen3-1.7B-think__summary_prompt__N20.json,435,9
Qwen3-1.7B-think|summary_prompt|N20|436,Qwen3-1.7B-think,summary_prompt,20,partC_Qwen3-1.7B-think__summary_prompt__N20.json,436,9
Qwen3-1.7B-think|summary_prompt|N20|437,Qwen3-1.7B-think,summary_prompt,20,partC_Qwen3-1.7B-think__summary_prompt__N20.json,437,9
Qwen3-1.7B-think|summary_prompt|N20|438,Qwen3-1.7B-think,summary_prompt,20,partC_Qwen3-1.7B-think__summary_prompt__N20.json,438,7
Qwen3-1.7B-think|summary_prompt|N20|439,Qwen3-1.7B-think,summary_prompt,20,partC_Qwen3-1.7B-think__summary_prompt__N20.json,439,9
Qwen3-1.7B-think|summary_prompt|N20|440,Qwen3-1.7B-think,summary_prompt,20,partC_Qwen3-1.7B-think__summary_prompt__N20.json,440,8
Qwen3-1.7B-think|summary_prompt|N20|441,Qwen3-1.7B-think,summary_prompt,20,partC_Qwen3-1.7B-think__summary_prompt__N20.json,441,8
Qwen3-1.7B-think|summary_prompt|N20|442,Qwen3-1.7B-think,summary_prompt,20,partC_Qwen3-1.7B-think__summary_prompt__N20.json,442,6
Qwen3-1.7B-think|summary_prompt|N20|443,Qwen3-1.7B-think,summary_prompt,20,partC_Qwen3-1.7B-think__summary_prompt__N20.json,443,9
Qwen3-1.7B-think|summary_prompt|N20|444,Qwen3-1.7B-think,summary_prompt,20,partC_Qwen3-1.7B-think__summary_prompt__N20.json,444,8
Qwen3-1.7B-think|summary_prompt|N20|445,Qwen3-1.7B-think,summary_prompt,20,partC_Qwen3-1.7B-think__summary_prompt__N20.json,445,7
Qwen3-1.7B-think|summary_prompt|N20|446,Qwen3-1.7B-think,summary_prompt,20,partC_Qwen3-1.7B-think__summary_prompt__N20.json,446,9
Qwen3-1.7B-think|summary_prompt|N20|447,Qwen3-1.7B-think,summary_prompt,20,partC_Qwen3-1.7B-think__summary_prompt__N20.json,447,7
Qwen3-1.7B-think|summary_prompt|N20|448,Qwen3-1.7B-think,summary_prompt,20,partC_Qwen3-1.7B-think__summary_prompt__N20.json,448,7
Qwen3-1.7B-think|summary_prompt|N20|449,Qwen3-1.7B-think,summary_prompt,20,partC_Qwen3-1.7B-think__summary_prompt__N20.json,449,9
Qwen3-1.7B-think|summary_prompt|N20|450,Qwen3-1.7B-think,summary_prompt,20,partC_Qwen3-1.7B-think__summary_prompt__N20.json,450,9
Qwen3-1.7B-think|summary_prompt|N20|451,Qwen3-1.7B-think,summary_prompt,20,partC_Qwen3-1.7B-think__summary_prompt__N20.json,451,7
Qwen3-1.7B-think|summary_prompt|N20|452,Qwen3-1.7B-think,summary_prompt,20,partC_Qwen3-1.7B-think__summary_prompt__N20.json,452,9
Qwen3-1.7B-think|summary_prompt|N20|453,Qwen3-1.7B-think,summary_prompt,20,partC_Qwen3-1.7B-think__summary_prompt__N20.json,453,9
Qwen3-1.7B-think|summary_prompt|N20|454,Qwen3-1.7B-think,summary_prompt,20,partC_Qwen3-1.7B-think__summary_prompt__N20.json,454,9
Qwen3-1.7B-think|summary_prompt|N20|455,Qwen3-1.7B-think,summary_prompt,20,partC_Qwen3-1.7B-think__summary_prompt__N20.json,455,9
Qwen3-1.7B-think|summary_prompt|N20|456,Qwen3-1.7B-think,summary_prompt,20,partC_Qwen3-1.7B-think__summary_prompt__N20.json,456,9
Qwen3-1.7B-think|summary_prompt|N20|457,Qwen3-1.7B-think,summary_prompt,20,partC_Qwen3-1.7B-think__summary_prompt__N20.json,457,7
Qwen3-1.7B-think|summary_prompt|N20|458,Qwen3-1.7B-think,summary_prompt,20,partC_Qwen3-1.7B-think__summary_prompt__N20.json,458,9
Qwen3-1.7B-think|summary_prompt|N20|459,Qwen3-1.7B-think,summary_prompt,20,partC_Qwen3-1.7B-think__summary_prompt__N20.json,459,9
Qwen3-1.7B-think|summary_prompt|N20|460,Qwen3-1.7B-think,summary_prompt,20,partC_Qwen3-1.7B-think__summary_prompt__N20.json,460,9
Qwen3-1.7B-think|summary_prompt|N20|461,Qwen3-1.7B-think,summary_prompt,20,partC_Qwen3-1.7B-think__summary_prompt__N20.json,461,9
Qwen3-1.7B-think|summary_prompt|N20|462,Qwen3-1.7B-think,summary_prompt,20,partC_Qwen3-1.7B-think__summary_prompt__N20.json,462,9
Qwen3-1.7B-think|summary_prompt|N20|463,Qwen3-1.7B-think,summary_prompt,20,partC_Qwen3-1.7B-think__summary_prompt__N20.json,463,9
Qwen3-1.7B-think|summary_prompt|N20|464,Qwen3-1.7B-think,summary_prompt,20,partC_Qwen3-1.7B-think__summary_prompt__N20.json,464,9
Qwen3-1.7B-think|summary_prompt|N20|465,Qwen3-1.7B-think,summary_prompt,20,partC_Qwen3-1.7B-think__summary_prompt__N20.json,465,7
Qwen3-1.7B-think|summary_prompt|N20|466,Qwen3-1.7B-think,summary_prompt,20,partC_Qwen3-1.7B-think__summary_prompt__N20.json,466,9
Qwen3-1.7B-think|summary_prompt|N20|467,Qwen3-1.7B-think,summary_prompt,20,partC_Qwen3-1.7B-think__summary_prompt__N20.json,467,9
Qwen3-1.7B-think|summary_prompt|N20|468,Qwen3-1.7B-think,summary_prompt,20,partC_Qwen3-1.7B-think__summary_prompt__N20.json,468,9
Qwen3-1.7B-think|summary_prompt|N20|469,Qwen3-1.7B-think,summary_prompt,20,partC_Qwen3-1.7B-think__summary_prompt__N20.json,469,9
Qwen3-1.7B-think|summary_prompt|N20|470,Qwen3-1.7B-think,summary_prompt,20,partC_Qwen3-1.7B-think__summary_prompt__N20.json,470,9
Qwen3-1.7B-think|summary_prompt|N20|471,Qwen3-1.7B-think,summary_prompt,20,partC_Qwen3-1.7B-think__summary_prompt__N20.json,471,9
Qwen3-1.7B-think|summary_prompt|N20|472,Qwen3-1.7B-think,summary_prompt,20,partC_Qwen3-1.7B-think__summary_prompt__N20.json,472,10
Qwen3-1.7B-think|summary_prompt|N20|473,Qwen3-1.7B-think,summary_prompt,20,partC_Qwen3-1.7B-think__summary_prompt__N20.json,473,10
Qwen3-1.7B-think|summary_prompt|N20|474,Qwen3-1.7B-think,summary_prompt,20,partC_Qwen3-1.7B-think__summary_prompt__N20.json,474,9
Qwen3-1.7B-think|summary_prompt|N20|475,Qwen3-1.7B-think,summary_prompt,20,partC_Qwen3-1.7B-think__summary_prompt__N20.json,475,9
Qwen3-1.7B-think|summary_prompt|N20|476,Qwen3-1.7B-think,summary_prompt,20,partC_Qwen3-1.7B-think__summary_prompt__N20.json,476,9
Qwen3-1.7B-think|summary_prompt|N20|477,Qwen3-1.7B-think,summary_prompt,20,partC_Qwen3-1.7B-think__summary_prompt__N20.json,477,9
Qwen3-1.7B-think|summary_prompt|N20|478,Qwen3-1.7B-think,summary_prompt,20,partC_Qwen3-1.7B-think__summary_prompt__N20.json,478,9
Qwen3-1.7B-think|summary_prompt|N20|479,Qwen3-1.7B-think,summary_prompt,20,partC_Qwen3-1.7B-think__summary_prompt__N20.json,479,9
Qwen3-1.7B-think|summary_prompt|N5|0,Qwen3-1.7B-think,summary_prompt,5,partC_Qwen3-1.7B-think__summary_prompt__N5.json,0,8
Qwen3-1.7B-think|summary_prompt|N5|1,Qwen3-1.7B-think,summary_prompt,5,partC_Qwen3-1.7B-think__summary_prompt__N5.json,1,9
Qwen3-1.7B-think|summary_prompt|N5|2,Qwen3-1.7B-think,summary_prompt,5,partC_Qwen3-1.7B-think__summary_prompt__N5.json,2,9
Qwen3-1.7B-think|summary_prompt|N5|3,Qwen3-1.7B-think,summary_prompt,5,partC_Qwen3-1.7B-think__summary_prompt__N5.json,3,9
Qwen3-1.7B-think|summary_prompt|N5|4,Qwen3-1.7B-think,summary_prompt,5,partC_Qwen3-1.7B-think__summary_prompt__N5.json,4,9
Qwen3-1.7B-think|summary_prompt|N5|5,Qwen3-1.7B-think,summary_prompt,5,partC_Qwen3-1.7B-think__summary_prompt__N5.json,5,9
Qwen3-1.7B-think|summary_prompt|N5|6,Qwen3-1.7B-think,summary_prompt,5,partC_Qwen3-1.7B-think__summary_prompt__N5.json,6,8
Qwen3-1.7B-think|summary_prompt|N5|7,Qwen3-1.7B-think,summary_prompt,5,partC_Qwen3-1.7B-think__summary_prompt__N5.json,7,8
Qwen3-1.7B-think|summary_prompt|N5|8,Qwen3-1.7B-think,summary_prompt,5,partC_Qwen3-1.7B-think__summary_prompt__N5.json,8,9
Qwen3-1.7B-think|summary_prompt|N5|9,Qwen3-1.7B-think,summary_prompt,5,partC_Qwen3-1.7B-think__summary_prompt__N5.json,9,9
Qwen3-1.7B-think|summary_prompt|N5|10,Qwen3-1.7B-think,summary_prompt,5,partC_Qwen3-1.7B-think__summary_prompt__N5.json,10,9
Qwen3-1.7B-think|summary_prompt|N5|11,Qwen3-1.7B-think,summary_prompt,5,partC_Qwen3-1.7B-think__summary_prompt__N5.json,11,9
Qwen3-1.7B-think|summary_prompt|N5|12,Qwen3-1.7B-think,summary_prompt,5,partC_Qwen3-1.7B-think__summary_prompt__N5.json,12,7
Qwen3-1.7B-think|summary_prompt|N5|13,Qwen3-1.7B-think,summary_prompt,5,partC_Qwen3-1.7B-think__summary_prompt__N5.json,13,9
Qwen3-1.7B-think|summary_prompt|N5|14,Qwen3-1.7B-think,summary_prompt,5,partC_Qwen3-1.7B-think__summary_prompt__N5.json,14,6
Qwen3-1.7B-think|summary_prompt|N5|15,Qwen3-1.7B-think,summary_prompt,5,partC_Qwen3-1.7B-think__summary_prompt__N5.json,15,8
Qwen3-1.7B-think|summary_prompt|N5|16,Qwen3-1.7B-think,summary_prompt,5,partC_Qwen3-1.7B-think__summary_prompt__N5.json,16,9
Qwen3-1.7B-think|summary_prompt|N5|17,Qwen3-1.7B-think,summary_prompt,5,partC_Qwen3-1.7B-think__summary_prompt__N5.json,17,9
Qwen3-1.7B-think|summary_prompt|N5|18,Qwen3-1.7B-think,summary_prompt,5,partC_Qwen3-1.7B-think__summary_prompt__N5.json,18,9
Qwen3-1.7B-think|summary_prompt|N5|19,Qwen3-1.7B-think,summary_prompt,5,partC_Qwen3-1.7B-think__summary_prompt__N5.json,19,6
Qwen3-1.7B-think|summary_prompt|N5|20,Qwen3-1.7B-think,summary_prompt,5,partC_Qwen3-1.7B-think__summary_prompt__N5.json,20,9
Qwen3-1.7B-think|summary_prompt|N5|21,Qwen3-1.7B-think,summary_prompt,5,partC_Qwen3-1.7B-think__summary_prompt__N5.json,21,6
Qwen3-1.7B-think|summary_prompt|N5|22,Qwen3-1.7B-think,summary_prompt,5,partC_Qwen3-1.7B-think__summary_prompt__N5.json,22,9
Qwen3-1.7B-think|summary_prompt|N5|23,Qwen3-1.7B-think,summary_prompt,5,partC_Qwen3-1.7B-think__summary_prompt__N5.json,23,9
Qwen3-1.7B-think|summary_prompt|N5|24,Qwen3-1.7B-think,summary_prompt,5,partC_Qwen3-1.7B-think__summary_prompt__N5.json,24,9
Qwen3-1.7B-think|summary_prompt|N5|25,Qwen3-1.7B-think,summary_prompt,5,partC_Qwen3-1.7B-think__summary_prompt__N5.json,25,6
Qwen3-1.7B-think|summary_prompt|N5|26,Qwen3-1.7B-think,summary_prompt,5,partC_Qwen3-1.7B-think__summary_prompt__N5.json,26,9
Qwen3-1.7B-think|summary_prompt|N5|27,Qwen3-1.7B-think,summary_prompt,5,partC_Qwen3-1.7B-think__summary_prompt__N5.json,27,9
Qwen3-1.7B-think|summary_prompt|N5|28,Qwen3-1.7B-think,summary_prompt,5,partC_Qwen3-1.7B-think__summary_prompt__N5.json,28,6
Qwen3-1.7B-think|summary_prompt|N5|29,Qwen3-1.7B-think,summary_prompt,5,partC_Qwen3-1.7B-think__summary_prompt__N5.json,29,9
Qwen3-1.7B-think|summary_prompt|N5|30,Qwen3-1.7B-think,summary_prompt,5,partC_Qwen3-1.7B-think__summary_prompt__N5.json,30,9
Qwen3-1.7B-think|summary_prompt|N5|31,Qwen3-1.7B-think,summary_prompt,5,partC_Qwen3-1.7B-think__summary_prompt__N5.json,31,9
Qwen3-1.7B-think|summary_prompt|N5|32,Qwen3-1.7B-think,summary_prompt,5,partC_Qwen3-1.7B-think__summary_prompt__N5.json,32,9
Qwen3-1.7B-think|summary_prompt|N5|33,Qwen3-1.7B-think,summary_prompt,5,partC_Qwen3-1.7B-think__summary_prompt__N5.json,33,9
Qwen3-1.7B-think|summary_prompt|N5|34,Qwen3-1.7B-think,summary_prompt,5,partC_Qwen3-1.7B-think__summary_prompt__N5.json,34,6
Qwen3-1.7B-think|summary_prompt|N5|35,Qwen3-1.7B-think,summary_prompt,5,partC_Qwen3-1.7B-think__summary_prompt__N5.json,35,9
Qwen3-1.7B-think|summary_prompt|N5|36,Qwen3-1.7B-think,summary_prompt,5,partC_Qwen3-1.7B-think__summary_prompt__N5.json,36,9
Qwen3-1.7B-think|summary_prompt|N5|37,Qwen3-1.7B-think,summary_prompt,5,partC_Qwen3-1.7B-think__summary_prompt__N5.json,37,9
Qwen3-1.7B-think|summary_prompt|N5|38,Qwen3-1.7B-think,summary_prompt,5,partC_Qwen3-1.7B-think__summary_prompt__N5.json,38,9
Qwen3-1.7B-think|summary_prompt|N5|39,Qwen3-1.7B-think,summary_prompt,5,partC_Qwen3-1.7B-think__summary_prompt__N5.json,39,4
Qwen3-1.7B-think|summary_prompt|N5|40,Qwen3-1.7B-think,summary_prompt,5,partC_Qwen3-1.7B-think__summary_prompt__N5.json,40,7
Qwen3-1.7B-think|summary_prompt|N5|41,Qwen3-1.7B-think,summary_prompt,5,partC_Qwen3-1.7B-think__summary_prompt__N5.json,41,6
Qwen3-1.7B-think|summary_prompt|N5|42,Qwen3-1.7B-think,summary_prompt,5,partC_Qwen3-1.7B-think__summary_prompt__N5.json,42,9
Qwen3-1.7B-think|summary_prompt|N5|43,Qwen3-1.7B-think,summary_prompt,5,partC_Qwen3-1.7B-think__summary_prompt__N5.json,43,9
Qwen3-1.7B-think|summary_prompt|N5|44,Qwen3-1.7B-think,summary_prompt,5,partC_Qwen3-1.7B-think__summary_prompt__N5.json,44,7
Qwen3-1.7B-think|summary_prompt|N5|45,Qwen3-1.7B-think,summary_prompt,5,partC_Qwen3-1.7B-think__summary_prompt__N5.json,45,8
Qwen3-1.7B-think|summary_prompt|N5|46,Qwen3-1.7B-think,summary_prompt,5,partC_Qwen3-1.7B-think__summary_prompt__N5.json,46,7
Qwen3-1.7B-think|summary_prompt|N5|47,Qwen3-1.7B-think,summary_prompt,5,partC_Qwen3-1.7B-think__summary_prompt__N5.json,47,6
Qwen3-1.7B-think|summary_prompt|N5|48,Qwen3-1.7B-think,summary_prompt,5,partC_Qwen3-1.7B-think__summary_prompt__N5.json,48,7
Qwen3-1.7B-think|summary_prompt|N5|49,Qwen3-1.7B-think,summary_prompt,5,partC_Qwen3-1.7B-think__summary_prompt__N5.json,49,7
Qwen3-1.7B-think|summary_prompt|N5|50,Qwen3-1.7B-think,summary_prompt,5,partC_Qwen3-1.7B-think__summary_prompt__N5.json,50,6
Qwen3-1.7B-think|summary_prompt|N5|51,Qwen3-1.7B-think,summary_prompt,5,partC_Qwen3-1.7B-think__summary_prompt__N5.json,51,7
Qwen3-1.7B-think|summary_prompt|N5|52,Qwen3-1.7B-think,summary_prompt,5,partC_Qwen3-1.7B-think__summary_prompt__N5.json,52,8
Qwen3-1.7B-think|summary_prompt|N5|53,Qwen3-1.7B-think,summary_prompt,5,partC_Qwen3-1.7B-think__summary_prompt__N5.json,53,9
Qwen3-1.7B-think|summary_prompt|N5|54,Qwen3-1.7B-think,summary_prompt,5,partC_Qwen3-1.7B-think__summary_prompt__N5.json,54,6
Qwen3-1.7B-think|summary_prompt|N5|55,Qwen3-1.7B-think,summary_prompt,5,partC_Qwen3-1.7B-think__summary_prompt__N5.json,55,9
Qwen3-1.7B-think|summary_prompt|N5|56,Qwen3-1.7B-think,summary_prompt,5,partC_Qwen3-1.7B-think__summary_prompt__N5.json,56,9
Qwen3-1.7B-think|summary_prompt|N5|57,Qwen3-1.7B-think,summary_prompt,5,partC_Qwen3-1.7B-think__summary_prompt__N5.json,57,9
Qwen3-1.7B-think|summary_prompt|N5|58,Qwen3-1.7B-think,summary_prompt,5,partC_Qwen3-1.7B-think__summary_prompt__N5.json,58,4
Qwen3-1.7B-think|summary_prompt|N5|59,Qwen3-1.7B-think,summary_prompt,5,partC_Qwen3-1.7B-think__summary_prompt__N5.json,59,7
Qwen3-1.7B-think|summary_prompt|N5|60,Qwen3-1.7B-think,summary_prompt,5,partC_Qwen3-1.7B-think__summary_prompt__N5.json,60,7
Qwen3-1.7B-think|summary_prompt|N5|61,Qwen3-1.7B-think,summary_prompt,5,partC_Qwen3-1.7B-think__summary_prompt__N5.json,61,8
Qwen3-1.7B-think|summary_prompt|N5|62,Qwen3-1.7B-think,summary_prompt,5,partC_Qwen3-1.7B-think__summary_prompt__N5.json,62,7
Qwen3-1.7B-think|summary_prompt|N5|63,Qwen3-1.7B-think,summary_prompt,5,partC_Qwen3-1.7B-think__summary_prompt__N5.json,63,9
Qwen3-1.7B-think|summary_prompt|N5|64,Qwen3-1.7B-think,summary_prompt,5,partC_Qwen3-1.7B-think__summary_prompt__N5.json,64,8
Qwen3-1.7B-think|summary_prompt|N5|65,Qwen3-1.7B-think,summary_prompt,5,partC_Qwen3-1.7B-think__summary_prompt__N5.json,65,8
Qwen3-1.7B-think|summary_prompt|N5|66,Qwen3-1.7B-think,summary_prompt,5,partC_Qwen3-1.7B-think__summary_prompt__N5.json,66,9
Qwen3-1.7B-think|summary_prompt|N5|67,Qwen3-1.7B-think,summary_prompt,5,partC_Qwen3-1.7B-think__summary_prompt__N5.json,67,7
Qwen3-1.7B-think|summary_prompt|N5|68,Qwen3-1.7B-think,summary_prompt,5,partC_Qwen3-1.7B-think__summary_prompt__N5.json,68,9
Qwen3-1.7B-think|summary_prompt|N5|69,Qwen3-1.7B-think,summary_prompt,5,partC_Qwen3-1.7B-think__summary_prompt__N5.json,69,8
Qwen3-1.7B-think|summary_prompt|N5|70,Qwen3-1.7B-think,summary_prompt,5,partC_Qwen3-1.7B-think__summary_prompt__N5.json,70,9
Qwen3-1.7B-think|summary_prompt|N5|71,Qwen3-1.7B-think,summary_prompt,5,partC_Qwen3-1.7B-think__summary_prompt__N5.json,71,7
Qwen3-1.7B-think|summary_prompt|N5|72,Qwen3-1.7B-think,summary_prompt,5,partC_Qwen3-1.7B-think__summary_prompt__N5.json,72,7
Qwen3-1.7B-think|summary_prompt|N5|73,Qwen3-1.7B-think,summary_prompt,5,partC_Qwen3-1.7B-think__summary_prompt__N5.json,73,9
Qwen3-1.7B-think|summary_prompt|N5|74,Qwen3-1.7B-think,summary_prompt,5,partC_Qwen3-1.7B-think__summary_prompt__N5.json,74,9
Qwen3-1.7B-think|summary_prompt|N5|75,Qwen3-1.7B-think,summary_prompt,5,partC_Qwen3-1.7B-think__summary_prompt__N5.json,75,7
Qwen3-1.7B-think|summary_prompt|N5|76,Qwen3-1.7B-think,summary_prompt,5,partC_Qwen3-1.7B-think__summary_prompt__N5.json,76,9
Qwen3-1.7B-think|summary_prompt|N5|77,Qwen3-1.7B-think,summary_prompt,5,partC_Qwen3-1.7B-think__summary_prompt__N5.json,77,8
Qwen3-1.7B-think|summary_prompt|N5|78,Qwen3-1.7B-think,summary_prompt,5,partC_Qwen3-1.7B-think__summary_prompt__N5.json,78,6
Qwen3-1.7B-think|summary_prompt|N5|79,Qwen3-1.7B-think,summary_prompt,5,partC_Qwen3-1.7B-think__summary_prompt__N5.json,79,8
Qwen3-1.7B-think|summary_prompt|N5|80,Qwen3-1.7B-think,summary_prompt,5,partC_Qwen3-1.7B-think__summary_prompt__N5.json,80,9
Qwen3-1.7B-think|summary_prompt|N5|81,Qwen3-1.7B-think,summary_prompt,5,partC_Qwen3-1.7B-think__summary_prompt__N5.json,81,9
Qwen3-1.7B-think|summary_prompt|N5|82,Qwen3-1.7B-think,summary_prompt,5,partC_Qwen3-1.7B-think__summary_prompt__N5.json,82,9
Qwen3-1.7B-think|summary_prompt|N5|83,Qwen3-1.7B-think,summary_prompt,5,partC_Qwen3-1.7B-think__summary_prompt__N5.json,83,9
Qwen3-1.7B-think|summary_prompt|N5|84,Qwen3-1.7B-think,summary_prompt,5,partC_Qwen3-1.7B-think__summary_prompt__N5.json,84,9
Qwen3-1.7B-think|summary_prompt|N5|85,Qwen3-1.7B-think,summary_prompt,5,partC_Qwen3-1.7B-think__summary_prompt__N5.json,85,9
Qwen3-1.7B-think|summary_prompt|N5|86,Qwen3-1.7B-think,summary_prompt,5,partC_Qwen3-1.7B-think__summary_prompt__N5.json,86,9
Qwen3-1.7B-think|summary_prompt|N5|87,Qwen3-1.7B-think,summary_prompt,5,partC_Qwen3-1.7B-think__summary_prompt__N5.json,87,9
Qwen3-1.7B-think|summary_prompt|N5|88,Qwen3-1.7B-think,summary_prompt,5,partC_Qwen3-1.7B-think__summary_prompt__N5.json,88,9
Qwen3-1.7B-think|summary_prompt|N5|89,Qwen3-1.7B-think,summary_prompt,5,partC_Qwen3-1.7B-think__summary_prompt__N5.json,89,9
Qwen3-1.7B-think|summary_prompt|N5|90,Qwen3-1.7B-think,summary_prompt,5,partC_Qwen3-1.7B-think__summary_prompt__N5.json,90,9
Qwen3-1.7B-think|summary_prompt|N5|91,Qwen3-1.7B-think,summary_prompt,5,partC_Qwen3-1.7B-think__summary_prompt__N5.json,91,9
Qwen3-1.7B-think|summary_prompt|N5|92,Qwen3-1.7B-think,summary_prompt,5,partC_Qwen3-1.7B-think__summary_prompt__N5.json,92,9
Qwen3-1.7B-think|summary_prompt|N5|93,Qwen3-1.7B-think,summary_prompt,5,partC_Qwen3-1.7B-think__summary_prompt__N5.json,93,9
Qwen3-1.7B-think|summary_prompt|N5|94,Qwen3-1.7B-think,summary_prompt,5,partC_Qwen3-1.7B-think__summary_prompt__N5.json,94,9
Qwen3-1.7B-think|summary_prompt|N5|95,Qwen3-1.7B-think,summary_prompt,5,partC_Qwen3-1.7B-think__summary_prompt__N5.json,95,9
Qwen3-1.7B-think|summary_prompt|N5|96,Qwen3-1.7B-think,summary_prompt,5,partC_Qwen3-1.7B-think__summary_prompt__N5.json,96,9
Qwen3-1.7B-think|summary_prompt|N5|97,Qwen3-1.7B-think,summary_prompt,5,partC_Qwen3-1.7B-think__summary_prompt__N5.json,97,9
Qwen3-1.7B-think|summary_prompt|N5|98,Qwen3-1.7B-think,summary_prompt,5,partC_Qwen3-1.7B-think__summary_prompt__N5.json,98,9
Qwen3-1.7B-think|summary_prompt|N5|99,Qwen3-1.7B-think,summary_prompt,5,partC_Qwen3-1.7B-think__summary_prompt__N5.json,99,9
Qwen3-1.7B-think|summary_prompt|N5|100,Qwen3-1.7B-think,summary_prompt,5,partC_Qwen3-1.7B-think__summary_prompt__N5.json,100,9
Qwen3-1.7B-think|summary_prompt|N5|101,Qwen3-1.7B-think,summary_prompt,5,partC_Qwen3-1.7B-think__summary_prompt__N5.json,101,10
Qwen3-1.7B-think|summary_prompt|N5|102,Qwen3-1.7B-think,summary_prompt,5,partC_Qwen3-1.7B-think__summary_prompt__N5.json,102,9
Qwen3-1.7B-think|summary_prompt|N5|103,Qwen3-1.7B-think,summary_prompt,5,partC_Qwen3-1.7B-think__summary_prompt__N5.json,103,9
Qwen3-1.7B-think|summary_prompt|N5|104,Qwen3-1.7B-think,summary_prompt,5,partC_Qwen3-1.7B-think__summary_prompt__N5.json,104,9
Qwen3-1.7B-think|summary_prompt|N5|105,Qwen3-1.7B-think,summary_prompt,5,partC_Qwen3-1.7B-think__summary_prompt__N5.json,105,9
Qwen3-1.7B-think|summary_prompt|N5|106,Qwen3-1.7B-think,summary_prompt,5,partC_Qwen3-1.7B-think__summary_prompt__N5.json,106,10
Qwen3-1.7B-think|summary_prompt|N5|107,Qwen3-1.7B-think,summary_prompt,5,partC_Qwen3-1.7B-think__summary_prompt__N5.json,107,9
Qwen3-1.7B-think|summary_prompt|N5|108,Qwen3-1.7B-think,summary_prompt,5,partC_Qwen3-1.7B-think__summary_prompt__N5.json,108,9
Qwen3-1.7B-think|summary_prompt|N5|109,Qwen3-1.7B-think,summary_prompt,5,partC_Qwen3-1.7B-think__summary_prompt__N5.json,109,9
Qwen3-1.7B-think|summary_prompt|N5|110,Qwen3-1.7B-think,summary_prompt,5,partC_Qwen3-1.7B-think__summary_prompt__N5.json,110,9
Qwen3-1.7B-think|summary_prompt|N5|111,Qwen3-1.7B-think,summary_prompt,5,partC_Qwen3-1.7B-think__summary_prompt__N5.json,111,10
Qwen3-1.7B-think|summary_prompt|N5|112,Qwen3-1.7B-think,summary_prompt,5,partC_Qwen3-1.7B-think__summary_prompt__N5.json,112,10
Qwen3-1.7B-think|summary_prompt|N5|113,Qwen3-1.7B-think,summary_prompt,5,partC_Qwen3-1.7B-think__summary_prompt__N5.json,113,10
Qwen3-1.7B-think|summary_prompt|N5|114,Qwen3-1.7B-think,summary_prompt,5,partC_Qwen3-1.7B-think__summary_prompt__N5.json,114,9
Qwen3-1.7B-think|summary_prompt|N5|115,Qwen3-1.7B-think,summary_prompt,5,partC_Qwen3-1.7B-think__summary_prompt__N5.json,115,9
Qwen3-1.7B-think|summary_prompt|N5|116,Qwen3-1.7B-think,summary_prompt,5,partC_Qwen3-1.7B-think__summary_prompt__N5.json,116,9
Qwen3-1.7B-think|summary_prompt|N5|117,Qwen3-1.7B-think,summary_prompt,5,partC_Qwen3-1.7B-think__summary_prompt__N5.json,117,9
Qwen3-1.7B-think|summary_prompt|N5|118,Qwen3-1.7B-think,summary_prompt,5,partC_Qwen3-1.7B-think__summary_prompt__N5.json,118,9
Qwen3-1.7B-think|summary_prompt|N5|119,Qwen3-1.7B-think,summary_prompt,5,partC_Qwen3-1.7B-think__summary_prompt__N5.json,119,9
Qwen3-1.7B-think|summary_prompt|N5|120,Qwen3-1.7B-think,summary_prompt,5,partC_Qwen3-1.7B-think__summary_prompt__N5.json,120,9
Qwen3-1.7B-think|summary_prompt|N5|121,Qwen3-1.7B-think,summary_prompt,5,partC_Qwen3-1.7B-think__summary_prompt__N5.json,121,10
Qwen3-1.7B-think|summary_prompt|N5|122,Qwen3-1.7B-think,summary_prompt,5,partC_Qwen3-1.7B-think__summary_prompt__N5.json,122,9
Qwen3-1.7B-think|summary_prompt|N5|123,Qwen3-1.7B-think,summary_prompt,5,partC_Qwen3-1.7B-think__summary_prompt__N5.json,123,9
Qwen3-1.7B-think|summary_prompt|N5|124,Qwen3-1.7B-think,summary_prompt,5,partC_Qwen3-1.7B-think__summary_prompt__N5.json,124,9
Qwen3-1.7B-think|summary_prompt|N5|125,Qwen3-1.7B-think,summary_prompt,5,partC_Qwen3-1.7B-think__summary_prompt__N5.json,125,9
Qwen3-1.7B-think|summary_prompt|N5|126,Qwen3-1.7B-think,summary_prompt,5,partC_Qwen3-1.7B-think__summary_prompt__N5.json,126,9
Qwen3-1.7B-think|summary_prompt|N5|127,Qwen3-1.7B-think,summary_prompt,5,partC_Qwen3-1.7B-think__summary_prompt__N5.json,127,9
Qwen3-1.7B-think|summary_prompt|N5|128,Qwen3-1.7B-think,summary_prompt,5,partC_Qwen3-1.7B-think__summary_prompt__N5.json,128,9
Qwen3-1.7B-think|summary_prompt|N5|129,Qwen3-1.7B-think,summary_prompt,5,partC_Qwen3-1.7B-think__summary_prompt__N5.json,129,9
Qwen3-1.7B-think|summary_prompt|N5|130,Qwen3-1.7B-think,summary_prompt,5,partC_Qwen3-1.7B-think__summary_prompt__N5.json,130,9
Qwen3-1.7B-think|summary_prompt|N5|131,Qwen3-1.7B-think,summary_prompt,5,partC_Qwen3-1.7B-think__summary_prompt__N5.json,131,9
Qwen3-1.7B-think|summary_prompt|N5|132,Qwen3-1.7B-think,summary_prompt,5,partC_Qwen3-1.7B-think__summary_prompt__N5.json,132,10
Qwen3-1.7B-think|summary_prompt|N5|133,Qwen3-1.7B-think,summary_prompt,5,partC_Qwen3-1.7B-think__summary_prompt__N5.json,133,9
Qwen3-1.7B-think|summary_prompt|N5|134,Qwen3-1.7B-think,summary_prompt,5,partC_Qwen3-1.7B-think__summary_prompt__N5.json,134,9
Qwen3-1.7B-think|summary_prompt|N5|135,Qwen3-1.7B-think,summary_prompt,5,partC_Qwen3-1.7B-think__summary_prompt__N5.json,135,9
Qwen3-1.7B-think|summary_prompt|N5|136,Qwen3-1.7B-think,summary_prompt,5,partC_Qwen3-1.7B-think__summary_prompt__N5.json,136,9
Qwen3-1.7B-think|summary_prompt|N5|137,Qwen3-1.7B-think,summary_prompt,5,partC_Qwen3-1.7B-think__summary_prompt__N5.json,137,9
Qwen3-1.7B-think|summary_prompt|N5|138,Qwen3-1.7B-think,summary_prompt,5,partC_Qwen3-1.7B-think__summary_prompt__N5.json,138,9
Qwen3-1.7B-think|summary_prompt|N5|139,Qwen3-1.7B-think,summary_prompt,5,partC_Qwen3-1.7B-think__summary_prompt__N5.json,139,9
Qwen3-1.7B-think|summary_prompt|N5|140,Qwen3-1.7B-think,summary_prompt,5,partC_Qwen3-1.7B-think__summary_prompt__N5.json,140,9
Qwen3-1.7B-think|summary_prompt|N5|141,Qwen3-1.7B-think,summary_prompt,5,partC_Qwen3-1.7B-think__summary_prompt__N5.json,141,9
Qwen3-1.7B-think|summary_prompt|N5|142,Qwen3-1.7B-think,summary_prompt,5,partC_Qwen3-1.7B-think__summary_prompt__N5.json,142,9
Qwen3-1.7B-think|summary_prompt|N5|143,Qwen3-1.7B-think,summary_prompt,5,partC_Qwen3-1.7B-think__summary_prompt__N5.json,143,9
Qwen3-1.7B-think|summary_prompt|N5|144,Qwen3-1.7B-think,summary_prompt,5,partC_Qwen3-1.7B-think__summary_prompt__N5.json,144,9
Qwen3-1.7B-think|summary_prompt|N5|145,Qwen3-1.7B-think,summary_prompt,5,partC_Qwen3-1.7B-think__summary_prompt__N5.json,145,8
Qwen3-1.7B-think|summary_prompt|N5|146,Qwen3-1.7B-think,summary_prompt,5,partC_Qwen3-1.7B-think__summary_prompt__N5.json,146,8
Qwen3-1.7B-think|summary_prompt|N5|147,Qwen3-1.7B-think,summary_prompt,5,partC_Qwen3-1.7B-think__summary_prompt__N5.json,147,9
Qwen3-1.7B-think|summary_prompt|N5|148,Qwen3-1.7B-think,summary_prompt,5,partC_Qwen3-1.7B-think__summary_prompt__N5.json,148,9
Qwen3-1.7B-think|summary_prompt|N5|149,Qwen3-1.7B-think,summary_prompt,5,partC_Qwen3-1.7B-think__summary_prompt__N5.json,149,6
Qwen3-1.7B-think|summary_prompt|N5|150,Qwen3-1.7B-think,summary_prompt,5,partC_Qwen3-1.7B-think__summary_prompt__N5.json,150,9
Qwen3-1.7B-think|summary_prompt|N5|151,Qwen3-1.7B-think,summary_prompt,5,partC_Qwen3-1.7B-think__summary_prompt__N5.json,151,8
Qwen3-1.7B-think|summary_prompt|N5|152,Qwen3-1.7B-think,summary_prompt,5,partC_Qwen3-1.7B-think__summary_prompt__N5.json,152,6
Qwen3-1.7B-think|summary_prompt|N5|153,Qwen3-1.7B-think,summary_prompt,5,partC_Qwen3-1.7B-think__summary_prompt__N5.json,153,9
Qwen3-1.7B-think|summary_prompt|N5|154,Qwen3-1.7B-think,summary_prompt,5,partC_Qwen3-1.7B-think__summary_prompt__N5.json,154,8
Qwen3-1.7B-think|summary_prompt|N5|155,Qwen3-1.7B-think,summary_prompt,5,partC_Qwen3-1.7B-think__summary_prompt__N5.json,155,9
Qwen3-1.7B-think|summary_prompt|N5|156,Qwen3-1.7B-think,summary_prompt,5,partC_Qwen3-1.7B-think__summary_prompt__N5.json,156,9
Qwen3-1.7B-think|summary_prompt|N5|157,Qwen3-1.7B-think,summary_prompt,5,partC_Qwen3-1.7B-think__summary_prompt__N5.json,157,9
Qwen3-1.7B-think|summary_prompt|N5|158,Qwen3-1.7B-think,summary_prompt,5,partC_Qwen3-1.7B-think__summary_prompt__N5.json,158,8
Qwen3-1.7B-think|summary_prompt|N5|159,Qwen3-1.7B-think,summary_prompt,5,partC_Qwen3-1.7B-think__summary_prompt__N5.json,159,9
Qwen3-1.7B-think|summary_prompt|N5|160,Qwen3-1.7B-think,summary_prompt,5,partC_Qwen3-1.7B-think__summary_prompt__N5.json,160,9
Qwen3-1.7B-think|summary_prompt|N5|161,Qwen3-1.7B-think,summary_prompt,5,partC_Qwen3-1.7B-think__summary_prompt__N5.json,161,9
Qwen3-1.7B-think|summary_prompt|N5|162,Qwen3-1.7B-think,summary_prompt,5,partC_Qwen3-1.7B-think__summary_prompt__N5.json,162,9
Qwen3-1.7B-think|summary_prompt|N5|163,Qwen3-1.7B-think,summary_prompt,5,partC_Qwen3-1.7B-think__summary_prompt__N5.json,163,9
Qwen3-1.7B-think|summary_prompt|N5|164,Qwen3-1.7B-think,summary_prompt,5,partC_Qwen3-1.7B-think__summary_prompt__N5.json,164,9
Qwen3-1.7B-think|summary_prompt|N5|165,Qwen3-1.7B-think,summary_prompt,5,partC_Qwen3-1.7B-think__summary_prompt__N5.json,165,9
Qwen3-1.7B-think|summary_prompt|N5|166,Qwen3-1.7B-think,summary_prompt,5,partC_Qwen3-1.7B-think__summary_prompt__N5.json,166,9
Qwen3-1.7B-think|summary_prompt|N5|167,Qwen3-1.7B-think,summary_prompt,5,partC_Qwen3-1.7B-think__summary_prompt__N5.json,167,8
Qwen3-1.7B-think|summary_prompt|N5|168,Qwen3-1.7B-think,summary_prompt,5,partC_Qwen3-1.7B-think__summary_prompt__N5.json,168,9
Qwen3-1.7B-think|summary_prompt|N5|169,Qwen3-1.7B-think,summary_prompt,5,partC_Qwen3-1.7B-think__summary_prompt__N5.json,169,9
Qwen3-1.7B-think|summary_prompt|N5|170,Qwen3-1.7B-think,summary_prompt,5,partC_Qwen3-1.7B-think__summary_prompt__N5.json,170,9
Qwen3-1.7B-think|summary_prompt|N5|171,Qwen3-1.7B-think,summary_prompt,5,partC_Qwen3-1.7B-think__summary_prompt__N5.json,171,9
Qwen3-1.7B-think|summary_prompt|N5|172,Qwen3-1.7B-think,summary_prompt,5,partC_Qwen3-1.7B-think__summary_prompt__N5.json,172,9
Qwen3-1.7B-think|summary_prompt|N5|173,Qwen3-1.7B-think,summary_prompt,5,partC_Qwen3-1.7B-think__summary_prompt__N5.json,173,9
Qwen3-1.7B-think|summary_prompt|N5|174,Qwen3-1.7B-think,summary_prompt,5,partC_Qwen3-1.7B-think__summary_prompt__N5.json,174,9
Qwen3-1.7B-think|summary_prompt|N5|175,Qwen3-1.7B-think,summary_prompt,5,partC_Qwen3-1.7B-think__summary_prompt__N5.json,175,9
Qwen3-1.7B-think|summary_prompt|N5|176,Qwen3-1.7B-think,summary_prompt,5,partC_Qwen3-1.7B-think__summary_prompt__N5.json,176,9
Qwen3-1.7B-think|summary_prompt|N5|177,Qwen3-1.7B-think,summary_prompt,5,partC_Qwen3-1.7B-think__summary_prompt__N5.json,177,9
Qwen3-1.7B-think|summary_prompt|N5|178,Qwen3-1.7B-think,summary_prompt,5,partC_Qwen3-1.7B-think__summary_prompt__N5.json,178,9
Qwen3-1.7B-think|summary_prompt|N5|179,Qwen3-1.7B-think,summary_prompt,5,partC_Qwen3-1.7B-think__summary_prompt__N5.json,179,8
Qwen3-1.7B-think|summary_prompt|N5|180,Qwen3-1.7B-think,summary_prompt,5,partC_Qwen3-1.7B-think__summary_prompt__N5.json,180,8
Qwen3-1.7B-think|summary_prompt|N5|181,Qwen3-1.7B-think,summary_prompt,5,partC_Qwen3-1.7B-think__summary_prompt__N5.json,181,9
Qwen3-1.7B-think|summary_prompt|N5|182,Qwen3-1.7B-think,summary_prompt,5,partC_Qwen3-1.7B-think__summary_prompt__N5.json,182,9
Qwen3-1.7B-think|summary_prompt|N5|183,Qwen3-1.7B-think,summary_prompt,5,partC_Qwen3-1.7B-think__summary_prompt__N5.json,183,9
Qwen3-1.7B-think|summary_prompt|N5|184,Qwen3-1.7B-think,summary_prompt,5,partC_Qwen3-1.7B-think__summary_prompt__N5.json,184,9
Qwen3-1.7B-think|summary_prompt|N5|185,Qwen3-1.7B-think,summary_prompt,5,partC_Qwen3-1.7B-think__summary_prompt__N5.json,185,9
Qwen3-1.7B-think|summary_prompt|N5|186,Qwen3-1.7B-think,summary_prompt,5,partC_Qwen3-1.7B-think__summary_prompt__N5.json,186,9
Qwen3-1.7B-think|summary_prompt|N5|187,Qwen3-1.7B-think,summary_prompt,5,partC_Qwen3-1.7B-think__summary_prompt__N5.json,187,9
Qwen3-1.7B-think|summary_prompt|N5|188,Qwen3-1.7B-think,summary_prompt,5,partC_Qwen3-1.7B-think__summary_prompt__N5.json,188,9
Qwen3-1.7B-think|summary_prompt|N5|189,Qwen3-1.7B-think,summary_prompt,5,partC_Qwen3-1.7B-think__summary_prompt__N5.json,189,9
Qwen3-1.7B-think|summary_prompt|N5|190,Qwen3-1.7B-think,summary_prompt,5,partC_Qwen3-1.7B-think__summary_prompt__N5.json,190,9
Qwen3-1.7B-think|summary_prompt|N5|191,Qwen3-1.7B-think,summary_prompt,5,partC_Qwen3-1.7B-think__summary_prompt__N5.json,191,7
Qwen3-1.7B-think|summary_prompt|N5|192,Qwen3-1.7B-think,summary_prompt,5,partC_Qwen3-1.7B-think__summary_prompt__N5.json,192,7
Qwen3-1.7B-think|summary_prompt|N5|193,Qwen3-1.7B-think,summary_prompt,5,partC_Qwen3-1.7B-think__summary_prompt__N5.json,193,9
Qwen3-1.7B-think|summary_prompt|N5|194,Qwen3-1.7B-think,summary_prompt,5,partC_Qwen3-1.7B-think__summary_prompt__N5.json,194,6
Qwen3-1.7B-think|summary_prompt|N5|195,Qwen3-1.7B-think,summary_prompt,5,partC_Qwen3-1.7B-think__summary_prompt__N5.json,195,9
Qwen3-1.7B-think|summary_prompt|N5|196,Qwen3-1.7B-think,summary_prompt,5,partC_Qwen3-1.7B-think__summary_prompt__N5.json,196,9
Qwen3-1.7B-think|summary_prompt|N5|197,Qwen3-1.7B-think,summary_prompt,5,partC_Qwen3-1.7B-think__summary_prompt__N5.json,197,9
Qwen3-1.7B-think|summary_prompt|N5|198,Qwen3-1.7B-think,summary_prompt,5,partC_Qwen3-1.7B-think__summary_prompt__N5.json,198,9
Qwen3-1.7B-think|summary_prompt|N5|199,Qwen3-1.7B-think,summary_prompt,5,partC_Qwen3-1.7B-think__summary_prompt__N5.json,199,9
Qwen3-1.7B-think|summary_prompt|N5|200,Qwen3-1.7B-think,summary_prompt,5,partC_Qwen3-1.7B-think__summary_prompt__N5.json,200,9
Qwen3-1.7B-think|summary_prompt|N5|201,Qwen3-1.7B-think,summary_prompt,5,partC_Qwen3-1.7B-think__summary_prompt__N5.json,201,9
Qwen3-1.7B-think|summary_prompt|N5|202,Qwen3-1.7B-think,summary_prompt,5,partC_Qwen3-1.7B-think__summary_prompt__N5.json,202,9
Qwen3-1.7B-think|summary_prompt|N5|203,Qwen3-1.7B-think,summary_prompt,5,partC_Qwen3-1.7B-think__summary_prompt__N5.json,203,9
Qwen3-1.7B-think|summary_prompt|N5|204,Qwen3-1.7B-think,summary_prompt,5,partC_Qwen3-1.7B-think__summary_prompt__N5.json,204,9
Qwen3-1.7B-think|summary_prompt|N5|205,Qwen3-1.7B-think,summary_prompt,5,partC_Qwen3-1.7B-think__summary_prompt__N5.json,205,9
Qwen3-1.7B-think|summary_prompt|N5|206,Qwen3-1.7B-think,summary_prompt,5,partC_Qwen3-1.7B-think__summary_prompt__N5.json,206,9
Qwen3-1.7B-think|summary_prompt|N5|207,Qwen3-1.7B-think,summary_prompt,5,partC_Qwen3-1.7B-think__summary_prompt__N5.json,207,9
Qwen3-1.7B-think|summary_prompt|N5|208,Qwen3-1.7B-think,summary_prompt,5,partC_Qwen3-1.7B-think__summary_prompt__N5.json,208,9
Qwen3-1.7B-think|summary_prompt|N5|209,Qwen3-1.7B-think,summary_prompt,5,partC_Qwen3-1.7B-think__summary_prompt__N5.json,209,7
Qwen3-1.7B-think|summary_prompt|N5|210,Qwen3-1.7B-think,summary_prompt,5,partC_Qwen3-1.7B-think__summary_prompt__N5.json,210,9
Qwen3-1.7B-think|summary_prompt|N5|211,Qwen3-1.7B-think,summary_prompt,5,partC_Qwen3-1.7B-think__summary_prompt__N5.json,211,9
Qwen3-1.7B-think|summary_prompt|N5|212,Qwen3-1.7B-think,summary_prompt,5,partC_Qwen3-1.7B-think__summary_prompt__N5.json,212,6
Qwen3-1.7B-think|summary_prompt|N5|213,Qwen3-1.7B-think,summary_prompt,5,partC_Qwen3-1.7B-think__summary_prompt__N5.json,213,9
Qwen3-1.7B-think|summary_prompt|N5|214,Qwen3-1.7B-think,summary_prompt,5,partC_Qwen3-1.7B-think__summary_prompt__N5.json,214,9
Qwen3-1.7B-think|summary_prompt|N5|215,Qwen3-1.7B-think,summary_prompt,5,partC_Qwen3-1.7B-think__summary_prompt__N5.json,215,9
Qwen3-1.7B-think|summary_prompt|N5|216,Qwen3-1.7B-think,summary_prompt,5,partC_Qwen3-1.7B-think__summary_prompt__N5.json,216,9
Qwen3-1.7B-think|summary_prompt|N5|217,Qwen3-1.7B-think,summary_prompt,5,partC_Qwen3-1.7B-think__summary_prompt__N5.json,217,9
Qwen3-1.7B-think|summary_prompt|N5|218,Qwen3-1.7B-think,summary_prompt,5,partC_Qwen3-1.7B-think__summary_prompt__N5.json,218,9
Qwen3-1.7B-think|summary_prompt|N5|219,Qwen3-1.7B-think,summary_prompt,5,partC_Qwen3-1.7B-think__summary_prompt__N5.json,219,9
Qwen3-1.7B-think|summary_prompt|N5|220,Qwen3-1.7B-think,summary_prompt,5,partC_Qwen3-1.7B-think__summary_prompt__N5.json,220,9
Qwen3-1.7B-think|summary_prompt|N5|221,Qwen3-1.7B-think,summary_prompt,5,partC_Qwen3-1.7B-think__summary_prompt__N5.json,221,9
Qwen3-1.7B-think|summary_prompt|N5|222,Qwen3-1.7B-think,summary_prompt,5,partC_Qwen3-1.7B-think__summary_prompt__N5.json,222,9
Qwen3-1.7B-think|summary_prompt|N5|223,Qwen3-1.7B-think,summary_prompt,5,partC_Qwen3-1.7B-think__summary_prompt__N5.json,223,9
Qwen3-1.7B-think|summary_prompt|N5|224,Qwen3-1.7B-think,summary_prompt,5,partC_Qwen3-1.7B-think__summary_prompt__N5.json,224,9
Qwen3-1.7B-think|summary_prompt|N5|225,Qwen3-1.7B-think,summary_prompt,5,partC_Qwen3-1.7B-think__summary_prompt__N5.json,225,9
Qwen3-1.7B-think|summary_prompt|N5|226,Qwen3-1.7B-think,summary_prompt,5,partC_Qwen3-1.7B-think__summary_prompt__N5.json,226,9
Qwen3-1.7B-think|summary_prompt|N5|227,Qwen3-1.7B-think,summary_prompt,5,partC_Qwen3-1.7B-think__summary_prompt__N5.json,227,9
Qwen3-1.7B-think|summary_prompt|N5|228,Qwen3-1.7B-think,summary_prompt,5,partC_Qwen3-1.7B-think__summary_prompt__N5.json,228,9
Qwen3-1.7B-think|summary_prompt|N5|229,Qwen3-1.7B-think,summary_prompt,5,partC_Qwen3-1.7B-think__summary_prompt__N5.json,229,9
Qwen3-1.7B-think|summary_prompt|N5|230,Qwen3-1.7B-think,summary_prompt,5,partC_Qwen3-1.7B-think__summary_prompt__N5.json,230,9
Qwen3-1.7B-think|summary_prompt|N5|231,Qwen3-1.7B-think,summary_prompt,5,partC_Qwen3-1.7B-think__summary_prompt__N5.json,231,9
Qwen3-1.7B-think|summary_prompt|N5|232,Qwen3-1.7B-think,summary_prompt,5,partC_Qwen3-1.7B-think__summary_prompt__N5.json,232,9
Qwen3-1.7B-think|summary_prompt|N5|233,Qwen3-1.7B-think,summary_prompt,5,partC_Qwen3-1.7B-think__summary_prompt__N5.json,233,9
Qwen3-1.7B-think|summary_prompt|N5|234,Qwen3-1.7B-think,summary_prompt,5,partC_Qwen3-1.7B-think__summary_prompt__N5.json,234,9
Qwen3-1.7B-think|summary_prompt|N5|235,Qwen3-1.7B-think,summary_prompt,5,partC_Qwen3-1.7B-think__summary_prompt__N5.json,235,9
Qwen3-1.7B-think|summary_prompt|N5|236,Qwen3-1.7B-think,summary_prompt,5,partC_Qwen3-1.7B-think__summary_prompt__N5.json,236,9
Qwen3-1.7B-think|summary_prompt|N5|237,Qwen3-1.7B-think,summary_prompt,5,partC_Qwen3-1.7B-think__summary_prompt__N5.json,237,9
Qwen3-1.7B-think|summary_prompt|N5|238,Qwen3-1.7B-think,summary_prompt,5,partC_Qwen3-1.7B-think__summary_prompt__N5.json,238,9
Qwen3-1.7B-think|summary_prompt|N5|239,Qwen3-1.7B-think,summary_prompt,5,partC_Qwen3-1.7B-think__summary_prompt__N5.json,239,9
Qwen3-1.7B-think|summary_prompt|N5|240,Qwen3-1.7B-think,summary_prompt,5,partC_Qwen3-1.7B-think__summary_prompt__N5.json,240,9
Qwen3-1.7B-think|summary_prompt|N5|241,Qwen3-1.7B-think,summary_prompt,5,partC_Qwen3-1.7B-think__summary_prompt__N5.json,241,9
Qwen3-1.7B-think|summary_prompt|N5|242,Qwen3-1.7B-think,summary_prompt,5,partC_Qwen3-1.7B-think__summary_prompt__N5.json,242,9
Qwen3-1.7B-think|summary_prompt|N5|243,Qwen3-1.7B-think,summary_prompt,5,partC_Qwen3-1.7B-think__summary_prompt__N5.json,243,9
Qwen3-1.7B-think|summary_prompt|N5|244,Qwen3-1.7B-think,summary_prompt,5,partC_Qwen3-1.7B-think__summary_prompt__N5.json,244,9
Qwen3-1.7B-think|summary_prompt|N5|245,Qwen3-1.7B-think,summary_prompt,5,partC_Qwen3-1.7B-think__summary_prompt__N5.json,245,10
Qwen3-1.7B-think|summary_prompt|N5|246,Qwen3-1.7B-think,summary_prompt,5,partC_Qwen3-1.7B-think__summary_prompt__N5.json,246,9
Qwen3-1.7B-think|summary_prompt|N5|247,Qwen3-1.7B-think,summary_prompt,5,partC_Qwen3-1.7B-think__summary_prompt__N5.json,247,9
Qwen3-1.7B-think|summary_prompt|N5|248,Qwen3-1.7B-think,summary_prompt,5,partC_Qwen3-1.7B-think__summary_prompt__N5.json,248,9
Qwen3-1.7B-think|summary_prompt|N5|249,Qwen3-1.7B-think,summary_prompt,5,partC_Qwen3-1.7B-think__summary_prompt__N5.json,249,9
Qwen3-1.7B-think|summary_prompt|N5|250,Qwen3-1.7B-think,summary_prompt,5,partC_Qwen3-1.7B-think__summary_prompt__N5.json,250,9
Qwen3-1.7B-think|summary_prompt|N5|251,Qwen3-1.7B-think,summary_prompt,5,partC_Qwen3-1.7B-think__summary_prompt__N5.json,251,9
Qwen3-1.7B-think|summary_prompt|N5|252,Qwen3-1.7B-think,summary_prompt,5,partC_Qwen3-1.7B-think__summary_prompt__N5.json,252,9
Qwen3-1.7B-think|summary_prompt|N5|253,Qwen3-1.7B-think,summary_prompt,5,partC_Qwen3-1.7B-think__summary_prompt__N5.json,253,9
Qwen3-1.7B-think|summary_prompt|N5|254,Qwen3-1.7B-think,summary_prompt,5,partC_Qwen3-1.7B-think__summary_prompt__N5.json,254,9
Qwen3-1.7B-think|summary_prompt|N5|255,Qwen3-1.7B-think,summary_prompt,5,partC_Qwen3-1.7B-think__summary_prompt__N5.json,255,9
Qwen3-1.7B-think|summary_prompt|N5|256,Qwen3-1.7B-think,summary_prompt,5,partC_Qwen3-1.7B-think__summary_prompt__N5.json,256,9
Qwen3-1.7B-think|summary_prompt|N5|257,Qwen3-1.7B-think,summary_prompt,5,partC_Qwen3-1.7B-think__summary_prompt__N5.json,257,10
Qwen3-1.7B-think|summary_prompt|N5|258,Qwen3-1.7B-think,summary_prompt,5,partC_Qwen3-1.7B-think__summary_prompt__N5.json,258,10
Qwen3-1.7B-think|summary_prompt|N5|259,Qwen3-1.7B-think,summary_prompt,5,partC_Qwen3-1.7B-think__summary_prompt__N5.json,259,9
Qwen3-1.7B-think|summary_prompt|N5|260,Qwen3-1.7B-think,summary_prompt,5,partC_Qwen3-1.7B-think__summary_prompt__N5.json,260,9
Qwen3-1.7B-think|summary_prompt|N5|261,Qwen3-1.7B-think,summary_prompt,5,partC_Qwen3-1.7B-think__summary_prompt__N5.json,261,9
Qwen3-1.7B-think|summary_prompt|N5|262,Qwen3-1.7B-think,summary_prompt,5,partC_Qwen3-1.7B-think__summary_prompt__N5.json,262,8
Qwen3-1.7B-think|summary_prompt|N5|263,Qwen3-1.7B-think,summary_prompt,5,partC_Qwen3-1.7B-think__summary_prompt__N5.json,263,6
Qwen3-1.7B-think|summary_prompt|N5|264,Qwen3-1.7B-think,summary_prompt,5,partC_Qwen3-1.7B-think__summary_prompt__N5.json,264,7
Qwen3-1.7B-think|summary_prompt|N5|265,Qwen3-1.7B-think,summary_prompt,5,partC_Qwen3-1.7B-think__summary_prompt__N5.json,265,9
Qwen3-1.7B-think|summary_prompt|N5|266,Qwen3-1.7B-think,summary_prompt,5,partC_Qwen3-1.7B-think__summary_prompt__N5.json,266,7
Qwen3-1.7B-think|summary_prompt|N5|267,Qwen3-1.7B-think,summary_prompt,5,partC_Qwen3-1.7B-think__summary_prompt__N5.json,267,7
Qwen3-1.7B-think|summary_prompt|N5|268,Qwen3-1.7B-think,summary_prompt,5,partC_Qwen3-1.7B-think__summary_prompt__N5.json,268,9
Qwen3-1.7B-think|summary_prompt|N5|269,Qwen3-1.7B-think,summary_prompt,5,partC_Qwen3-1.7B-think__summary_prompt__N5.json,269,9
Qwen3-1.7B-think|summary_prompt|N5|270,Qwen3-1.7B-think,summary_prompt,5,partC_Qwen3-1.7B-think__summary_prompt__N5.json,270,8
Qwen3-1.7B-think|summary_prompt|N5|271,Qwen3-1.7B-think,summary_prompt,5,partC_Qwen3-1.7B-think__summary_prompt__N5.json,271,8
Qwen3-1.7B-think|summary_prompt|N5|272,Qwen3-1.7B-think,summary_prompt,5,partC_Qwen3-1.7B-think__summary_prompt__N5.json,272,7
Qwen3-1.7B-think|summary_prompt|N5|273,Qwen3-1.7B-think,summary_prompt,5,partC_Qwen3-1.7B-think__summary_prompt__N5.json,273,7
Qwen3-1.7B-think|summary_prompt|N5|274,Qwen3-1.7B-think,summary_prompt,5,partC_Qwen3-1.7B-think__summary_prompt__N5.json,274,8
Qwen3-1.7B-think|summary_prompt|N5|275,Qwen3-1.7B-think,summary_prompt,5,partC_Qwen3-1.7B-think__summary_prompt__N5.json,275,7
Qwen3-1.7B-think|summary_prompt|N5|276,Qwen3-1.7B-think,summary_prompt,5,partC_Qwen3-1.7B-think__summary_prompt__N5.json,276,7
Qwen3-1.7B-think|summary_prompt|N5|277,Qwen3-1.7B-think,summary_prompt,5,partC_Qwen3-1.7B-think__summary_prompt__N5.json,277,8
Qwen3-1.7B-think|summary_prompt|N5|278,Qwen3-1.7B-think,summary_prompt,5,partC_Qwen3-1.7B-think__summary_prompt__N5.json,278,9
Qwen3-1.7B-think|summary_prompt|N5|279,Qwen3-1.7B-think,summary_prompt,5,partC_Qwen3-1.7B-think__summary_prompt__N5.json,279,8
Qwen3-1.7B-think|summary_prompt|N5|280,Qwen3-1.7B-think,summary_prompt,5,partC_Qwen3-1.7B-think__summary_prompt__N5.json,280,9
Qwen3-1.7B-think|summary_prompt|N5|281,Qwen3-1.7B-think,summary_prompt,5,partC_Qwen3-1.7B-think__summary_prompt__N5.json,281,9
Qwen3-1.7B-think|summary_prompt|N5|282,Qwen3-1.7B-think,summary_prompt,5,partC_Qwen3-1.7B-think__summary_prompt__N5.json,282,8
Qwen3-1.7B-think|summary_prompt|N5|283,Qwen3-1.7B-think,summary_prompt,5,partC_Qwen3-1.7B-think__summary_prompt__N5.json,283,8
Qwen3-1.7B-think|summary_prompt|N5|284,Qwen3-1.7B-think,summary_prompt,5,partC_Qwen3-1.7B-think__summary_prompt__N5.json,284,8
Qwen3-1.7B-think|summary_prompt|N5|285,Qwen3-1.7B-think,summary_prompt,5,partC_Qwen3-1.7B-think__summary_prompt__N5.json,285,9
Qwen3-1.7B-think|summary_prompt|N5|286,Qwen3-1.7B-think,summary_prompt,5,partC_Qwen3-1.7B-think__summary_prompt__N5.json,286,9
Qwen3-1.7B-think|summary_prompt|N5|287,Qwen3-1.7B-think,summary_prompt,5,partC_Qwen3-1.7B-think__summary_prompt__N5.json,287,9
Qwen3-1.7B-think|summary_prompt|N5|288,Qwen3-1.7B-think,summary_prompt,5,partC_Qwen3-1.7B-think__summary_prompt__N5.json,288,9
Qwen3-1.7B-think|summary_prompt|N5|289,Qwen3-1.7B-think,summary_prompt,5,partC_Qwen3-1.7B-think__summary_prompt__N5.json,289,8
Qwen3-1.7B-think|summary_prompt|N5|290,Qwen3-1.7B-think,summary_prompt,5,partC_Qwen3-1.7B-think__summary_prompt__N5.json,290,9
Qwen3-1.7B-think|summary_prompt|N5|291,Qwen3-1.7B-think,summary_prompt,5,partC_Qwen3-1.7B-think__summary_prompt__N5.json,291,9
Qwen3-1.7B-think|summary_prompt|N5|292,Qwen3-1.7B-think,summary_prompt,5,partC_Qwen3-1.7B-think__summary_prompt__N5.json,292,9
Qwen3-1.7B-think|summary_prompt|N5|293,Qwen3-1.7B-think,summary_prompt,5,partC_Qwen3-1.7B-think__summary_prompt__N5.json,293,9
Qwen3-1.7B-think|summary_prompt|N5|294,Qwen3-1.7B-think,summary_prompt,5,partC_Qwen3-1.7B-think__summary_prompt__N5.json,294,8
Qwen3-1.7B-think|summary_prompt|N5|295,Qwen3-1.7B-think,summary_prompt,5,partC_Qwen3-1.7B-think__summary_prompt__N5.json,295,9
Qwen3-1.7B-think|summary_prompt|N5|296,Qwen3-1.7B-think,summary_prompt,5,partC_Qwen3-1.7B-think__summary_prompt__N5.json,296,9
Qwen3-1.7B-think|summary_prompt|N5|297,Qwen3-1.7B-think,summary_prompt,5,partC_Qwen3-1.7B-think__summary_prompt__N5.json,297,9
Qwen3-1.7B-think|summary_prompt|N5|298,Qwen3-1.7B-think,summary_prompt,5,partC_Qwen3-1.7B-think__summary_prompt__N5.json,298,8
Qwen3-1.7B-think|summary_prompt|N5|299,Qwen3-1.7B-think,summary_prompt,5,partC_Qwen3-1.7B-think__summary_prompt__N5.json,299,9
Qwen3-1.7B-think|summary_prompt|N5|300,Qwen3-1.7B-think,summary_prompt,5,partC_Qwen3-1.7B-think__summary_prompt__N5.json,300,9
Qwen3-1.7B-think|summary_prompt|N5|301,Qwen3-1.7B-think,summary_prompt,5,partC_Qwen3-1.7B-think__summary_prompt__N5.json,301,7
Qwen3-1.7B-think|summary_prompt|N5|302,Qwen3-1.7B-think,summary_prompt,5,partC_Qwen3-1.7B-think__summary_prompt__N5.json,302,9
Qwen3-1.7B-think|summary_prompt|N5|303,Qwen3-1.7B-think,summary_prompt,5,partC_Qwen3-1.7B-think__summary_prompt__N5.json,303,9
Qwen3-1.7B-think|summary_prompt|N5|304,Qwen3-1.7B-think,summary_prompt,5,partC_Qwen3-1.7B-think__summary_prompt__N5.json,304,9
Qwen3-1.7B-think|summary_prompt|N5|305,Qwen3-1.7B-think,summary_prompt,5,partC_Qwen3-1.7B-think__summary_prompt__N5.json,305,9
Qwen3-1.7B-think|summary_prompt|N5|306,Qwen3-1.7B-think,summary_prompt,5,partC_Qwen3-1.7B-think__summary_prompt__N5.json,306,9
Qwen3-1.7B-think|summary_prompt|N5|307,Qwen3-1.7B-think,summary_prompt,5,partC_Qwen3-1.7B-think__summary_prompt__N5.json,307,9
Qwen3-1.7B-think|summary_prompt|N5|308,Qwen3-1.7B-think,summary_prompt,5,partC_Qwen3-1.7B-think__summary_prompt__N5.json,308,9
Qwen3-1.7B-think|summary_prompt|N5|309,Qwen3-1.7B-think,summary_prompt,5,partC_Qwen3-1.7B-think__summary_prompt__N5.json,309,9
Qwen3-1.7B-think|summary_prompt|N5|310,Qwen3-1.7B-think,summary_prompt,5,partC_Qwen3-1.7B-think__summary_prompt__N5.json,310,9
Qwen3-1.7B-think|summary_prompt|N5|311,Qwen3-1.7B-think,summary_prompt,5,partC_Qwen3-1.7B-think__summary_prompt__N5.json,311,9
Qwen3-1.7B-think|summary_prompt|N5|312,Qwen3-1.7B-think,summary_prompt,5,partC_Qwen3-1.7B-think__summary_prompt__N5.json,312,9
Qwen3-1.7B-think|summary_prompt|N5|313,Qwen3-1.7B-think,summary_prompt,5,partC_Qwen3-1.7B-think__summary_prompt__N5.json,313,9
Qwen3-1.7B-think|summary_prompt|N5|314,Qwen3-1.7B-think,summary_prompt,5,partC_Qwen3-1.7B-think__summary_prompt__N5.json,314,9
Qwen3-1.7B-think|summary_prompt|N5|315,Qwen3-1.7B-think,summary_prompt,5,partC_Qwen3-1.7B-think__summary_prompt__N5.json,315,9
Qwen3-1.7B-think|summary_prompt|N5|316,Qwen3-1.7B-think,summary_prompt,5,partC_Qwen3-1.7B-think__summary_prompt__N5.json,316,9
Qwen3-1.7B-think|summary_prompt|N5|317,Qwen3-1.7B-think,summary_prompt,5,partC_Qwen3-1.7B-think__summary_prompt__N5.json,317,9
Qwen3-1.7B-think|summary_prompt|N5|318,Qwen3-1.7B-think,summary_prompt,5,partC_Qwen3-1.7B-think__summary_prompt__N5.json,318,9
Qwen3-1.7B-think|summary_prompt|N5|319,Qwen3-1.7B-think,summary_prompt,5,partC_Qwen3-1.7B-think__summary_prompt__N5.json,319,9
Qwen3-1.7B-think|summary_prompt|N5|320,Qwen3-1.7B-think,summary_prompt,5,partC_Qwen3-1.7B-think__summary_prompt__N5.json,320,4
Qwen3-1.7B-think|summary_prompt|N5|321,Qwen3-1.7B-think,summary_prompt,5,partC_Qwen3-1.7B-think__summary_prompt__N5.json,321,9
Qwen3-1.7B-think|summary_prompt|N5|322,Qwen3-1.7B-think,summary_prompt,5,partC_Qwen3-1.7B-think__summary_prompt__N5.json,322,9
Qwen3-1.7B-think|summary_prompt|N5|323,Qwen3-1.7B-think,summary_prompt,5,partC_Qwen3-1.7B-think__summary_prompt__N5.json,323,9
Qwen3-1.7B-think|summary_prompt|N5|324,Qwen3-1.7B-think,summary_prompt,5,partC_Qwen3-1.7B-think__summary_prompt__N5.json,324,9
Qwen3-1.7B-think|summary_prompt|N5|325,Qwen3-1.7B-think,summary_prompt,5,partC_Qwen3-1.7B-think__summary_prompt__N5.json,325,8
Qwen3-1.7B-think|summary_prompt|N5|326,Qwen3-1.7B-think,summary_prompt,5,partC_Qwen3-1.7B-think__summary_prompt__N5.json,326,9
Qwen3-1.7B-think|summary_prompt|N5|327,Qwen3-1.7B-think,summary_prompt,5,partC_Qwen3-1.7B-think__summary_prompt__N5.json,327,9
Qwen3-1.7B-think|summary_prompt|N5|328,Qwen3-1.7B-think,summary_prompt,5,partC_Qwen3-1.7B-think__summary_prompt__N5.json,328,9
Qwen3-1.7B-think|summary_prompt|N5|329,Qwen3-1.7B-think,summary_prompt,5,partC_Qwen3-1.7B-think__summary_prompt__N5.json,329,8
Qwen3-1.7B-think|summary_prompt|N5|330,Qwen3-1.7B-think,summary_prompt,5,partC_Qwen3-1.7B-think__summary_prompt__N5.json,330,9
Qwen3-1.7B-think|summary_prompt|N5|331,Qwen3-1.7B-think,summary_prompt,5,partC_Qwen3-1.7B-think__summary_prompt__N5.json,331,9
Qwen3-1.7B-think|summary_prompt|N5|332,Qwen3-1.7B-think,summary_prompt,5,partC_Qwen3-1.7B-think__summary_prompt__N5.json,332,9
Qwen3-1.7B-think|summary_prompt|N5|333,Qwen3-1.7B-think,summary_prompt,5,partC_Qwen3-1.7B-think__summary_prompt__N5.json,333,9
Qwen3-1.7B-think|summary_prompt|N5|334,Qwen3-1.7B-think,summary_prompt,5,partC_Qwen3-1.7B-think__summary_prompt__N5.json,334,9
Qwen3-1.7B-think|summary_prompt|N5|335,Qwen3-1.7B-think,summary_prompt,5,partC_Qwen3-1.7B-think__summary_prompt__N5.json,335,9
Qwen3-1.7B-think|summary_prompt|N5|336,Qwen3-1.7B-think,summary_prompt,5,partC_Qwen3-1.7B-think__summary_prompt__N5.json,336,9
Qwen3-1.7B-think|summary_prompt|N5|337,Qwen3-1.7B-think,summary_prompt,5,partC_Qwen3-1.7B-think__summary_prompt__N5.json,337,9
Qwen3-1.7B-think|summary_prompt|N5|338,Qwen3-1.7B-think,summary_prompt,5,partC_Qwen3-1.7B-think__summary_prompt__N5.json,338,9
Qwen3-1.7B-think|summary_prompt|N5|339,Qwen3-1.7B-think,summary_prompt,5,partC_Qwen3-1.7B-think__summary_prompt__N5.json,339,8
Qwen3-1.7B-think|summary_prompt|N5|340,Qwen3-1.7B-think,summary_prompt,5,partC_Qwen3-1.7B-think__summary_prompt__N5.json,340,7
Qwen3-1.7B-think|summary_prompt|N5|341,Qwen3-1.7B-think,summary_prompt,5,partC_Qwen3-1.7B-think__summary_prompt__N5.json,341,9
Qwen3-1.7B-think|summary_prompt|N5|342,Qwen3-1.7B-think,summary_prompt,5,partC_Qwen3-1.7B-think__summary_prompt__N5.json,342,9
Qwen3-1.7B-think|summary_prompt|N5|343,Qwen3-1.7B-think,summary_prompt,5,partC_Qwen3-1.7B-think__summary_prompt__N5.json,343,9
Qwen3-1.7B-think|summary_prompt|N5|344,Qwen3-1.7B-think,summary_prompt,5,partC_Qwen3-1.7B-think__summary_prompt__N5.json,344,8
Qwen3-1.7B-think|summary_prompt|N5|345,Qwen3-1.7B-think,summary_prompt,5,partC_Qwen3-1.7B-think__summary_prompt__N5.json,345,7
Qwen3-1.7B-think|summary_prompt|N5|346,Qwen3-1.7B-think,summary_prompt,5,partC_Qwen3-1.7B-think__summary_prompt__N5.json,346,9
Qwen3-1.7B-think|summary_prompt|N5|347,Qwen3-1.7B-think,summary_prompt,5,partC_Qwen3-1.7B-think__summary_prompt__N5.json,347,9
Qwen3-1.7B-think|summary_prompt|N5|348,Qwen3-1.7B-think,summary_prompt,5,partC_Qwen3-1.7B-think__summary_prompt__N5.json,348,9
Qwen3-1.7B-think|summary_prompt|N5|349,Qwen3-1.7B-think,summary_prompt,5,partC_Qwen3-1.7B-think__summary_prompt__N5.json,349,9
Qwen3-1.7B-think|summary_prompt|N5|350,Qwen3-1.7B-think,summary_prompt,5,partC_Qwen3-1.7B-think__summary_prompt__N5.json,350,9
Qwen3-1.7B-think|summary_prompt|N5|351,Qwen3-1.7B-think,summary_prompt,5,partC_Qwen3-1.7B-think__summary_prompt__N5.json,351,9
Qwen3-1.7B-think|summary_prompt|N5|352,Qwen3-1.7B-think,summary_prompt,5,partC_Qwen3-1.7B-think__summary_prompt__N5.json,352,8
Qwen3-1.7B-think|summary_prompt|N5|353,Qwen3-1.7B-think,summary_prompt,5,partC_Qwen3-1.7B-think__summary_prompt__N5.json,353,9
Qwen3-1.7B-think|summary_prompt|N5|354,Qwen3-1.7B-think,summary_prompt,5,partC_Qwen3-1.7B-think__summary_prompt__N5.json,354,9
Qwen3-1.7B-think|summary_prompt|N5|355,Qwen3-1.7B-think,summary_prompt,5,partC_Qwen3-1.7B-think__summary_prompt__N5.json,355,9
Qwen3-1.7B-think|summary_prompt|N5|356,Qwen3-1.7B-think,summary_prompt,5,partC_Qwen3-1.7B-think__summary_prompt__N5.json,356,8
Qwen3-1.7B-think|summary_prompt|N5|357,Qwen3-1.7B-think,summary_prompt,5,partC_Qwen3-1.7B-think__summary_prompt__N5.json,357,9
Qwen3-1.7B-think|summary_prompt|N5|358,Qwen3-1.7B-think,summary_prompt,5,partC_Qwen3-1.7B-think__summary_prompt__N5.json,358,9
Qwen3-1.7B-think|summary_prompt|N5|359,Qwen3-1.7B-think,summary_prompt,5,partC_Qwen3-1.7B-think__summary_prompt__N5.json,359,9
Qwen3-1.7B-think|summary_prompt|N5|360,Qwen3-1.7B-think,summary_prompt,5,partC_Qwen3-1.7B-think__summary_prompt__N5.json,360,9
Qwen3-1.7B-think|summary_prompt|N5|361,Qwen3-1.7B-think,summary_prompt,5,partC_Qwen3-1.7B-think__summary_prompt__N5.json,361,9
Qwen3-1.7B-think|summary_prompt|N5|362,Qwen3-1.7B-think,summary_prompt,5,partC_Qwen3-1.7B-think__summary_prompt__N5.json,362,7
Qwen3-1.7B-think|summary_prompt|N5|363,Qwen3-1.7B-think,summary_prompt,5,partC_Qwen3-1.7B-think__summary_prompt__N5.json,363,6
Qwen3-1.7B-think|summary_prompt|N5|364,Qwen3-1.7B-think,summary_prompt,5,partC_Qwen3-1.7B-think__summary_prompt__N5.json,364,6
Qwen3-1.7B-think|summary_prompt|N5|365,Qwen3-1.7B-think,summary_prompt,5,partC_Qwen3-1.7B-think__summary_prompt__N5.json,365,7
Qwen3-1.7B-think|summary_prompt|N5|366,Qwen3-1.7B-think,summary_prompt,5,partC_Qwen3-1.7B-think__summary_prompt__N5.json,366,7
Qwen3-1.7B-think|summary_prompt|N5|367,Qwen3-1.7B-think,summary_prompt,5,partC_Qwen3-1.7B-think__summary_prompt__N5.json,367,10
Qwen3-1.7B-think|summary_prompt|N5|368,Qwen3-1.7B-think,summary_prompt,5,partC_Qwen3-1.7B-think__summary_prompt__N5.json,368,8
Qwen3-1.7B-think|summary_prompt|N5|369,Qwen3-1.7B-think,summary_prompt,5,partC_Qwen3-1.7B-think__summary_prompt__N5.json,369,6
Qwen3-1.7B-think|summary_prompt|N5|370,Qwen3-1.7B-think,summary_prompt,5,partC_Qwen3-1.7B-think__summary_prompt__N5.json,370,9
Qwen3-1.7B-think|summary_prompt|N5|371,Qwen3-1.7B-think,summary_prompt,5,partC_Qwen3-1.7B-think__summary_prompt__N5.json,371,9
Qwen3-1.7B-think|summary_prompt|N5|372,Qwen3-1.7B-think,summary_prompt,5,partC_Qwen3-1.7B-think__summary_prompt__N5.json,372,9
Qwen3-1.7B-think|summary_prompt|N5|373,Qwen3-1.7B-think,summary_prompt,5,partC_Qwen3-1.7B-think__summary_prompt__N5.json,373,4
Qwen3-1.7B-think|summary_prompt|N5|374,Qwen3-1.7B-think,summary_prompt,5,partC_Qwen3-1.7B-think__summary_prompt__N5.json,374,6
Qwen3-1.7B-think|summary_prompt|N5|375,Qwen3-1.7B-think,summary_prompt,5,partC_Qwen3-1.7B-think__summary_prompt__N5.json,375,9
Qwen3-1.7B-think|summary_prompt|N5|376,Qwen3-1.7B-think,summary_prompt,5,partC_Qwen3-1.7B-think__summary_prompt__N5.json,376,9
Qwen3-1.7B-think|summary_prompt|N5|377,Qwen3-1.7B-think,summary_prompt,5,partC_Qwen3-1.7B-think__summary_prompt__N5.json,377,9
Qwen3-1.7B-think|summary_prompt|N5|378,Qwen3-1.7B-think,summary_prompt,5,partC_Qwen3-1.7B-think__summary_prompt__N5.json,378,9
Qwen3-1.7B-think|summary_prompt|N5|379,Qwen3-1.7B-think,summary_prompt,5,partC_Qwen3-1.7B-think__summary_prompt__N5.json,379,7
Qwen3-1.7B-think|summary_prompt|N5|380,Qwen3-1.7B-think,summary_prompt,5,partC_Qwen3-1.7B-think__summary_prompt__N5.json,380,7
Qwen3-1.7B-think|summary_prompt|N5|381,Qwen3-1.7B-think,summary_prompt,5,partC_Qwen3-1.7B-think__summary_prompt__N5.json,381,8
Qwen3-1.7B-think|summary_prompt|N5|382,Qwen3-1.7B-think,summary_prompt,5,partC_Qwen3-1.7B-think__summary_prompt__N5.json,382,6
Qwen3-1.7B-think|summary_prompt|N5|383,Qwen3-1.7B-think,summary_prompt,5,partC_Qwen3-1.7B-think__summary_prompt__N5.json,383,9
Qwen3-1.7B-think|summary_prompt|N5|384,Qwen3-1.7B-think,summary_prompt,5,partC_Qwen3-1.7B-think__summary_prompt__N5.json,384,8
Qwen3-1.7B-think|summary_prompt|N5|385,Qwen3-1.7B-think,summary_prompt,5,partC_Qwen3-1.7B-think__summary_prompt__N5.json,385,9
Qwen3-1.7B-think|summary_prompt|N5|386,Qwen3-1.7B-think,summary_prompt,5,partC_Qwen3-1.7B-think__summary_prompt__N5.json,386,7
Qwen3-1.7B-think|summary_prompt|N5|387,Qwen3-1.7B-think,summary_prompt,5,partC_Qwen3-1.7B-think__summary_prompt__N5.json,387,6
Qwen3-1.7B-think|summary_prompt|N5|388,Qwen3-1.7B-think,summary_prompt,5,partC_Qwen3-1.7B-think__summary_prompt__N5.json,388,9
Qwen3-1.7B-think|summary_prompt|N5|389,Qwen3-1.7B-think,summary_prompt,5,partC_Qwen3-1.7B-think__summary_prompt__N5.json,389,8
Qwen3-1.7B-think|summary_prompt|N5|390,Qwen3-1.7B-think,summary_prompt,5,partC_Qwen3-1.7B-think__summary_prompt__N5.json,390,8
Qwen3-1.7B-think|summary_prompt|N5|391,Qwen3-1.7B-think,summary_prompt,5,partC_Qwen3-1.7B-think__summary_prompt__N5.json,391,8
Qwen3-1.7B-think|summary_prompt|N5|392,Qwen3-1.7B-think,summary_prompt,5,partC_Qwen3-1.7B-think__summary_prompt__N5.json,392,9
Qwen3-1.7B-think|summary_prompt|N5|393,Qwen3-1.7B-think,summary_prompt,5,partC_Qwen3-1.7B-think__summary_prompt__N5.json,393,8
Qwen3-1.7B-think|summary_prompt|N5|394,Qwen3-1.7B-think,summary_prompt,5,partC_Qwen3-1.7B-think__summary_prompt__N5.json,394,7
Qwen3-1.7B-think|summary_prompt|N5|395,Qwen3-1.7B-think,summary_prompt,5,partC_Qwen3-1.7B-think__summary_prompt__N5.json,395,7
Qwen3-1.7B-think|summary_prompt|N5|396,Qwen3-1.7B-think,summary_prompt,5,partC_Qwen3-1.7B-think__summary_prompt__N5.json,396,9
Qwen3-1.7B-think|summary_prompt|N5|397,Qwen3-1.7B-think,summary_prompt,5,partC_Qwen3-1.7B-think__summary_prompt__N5.json,397,8
Qwen3-1.7B-think|summary_prompt|N5|398,Qwen3-1.7B-think,summary_prompt,5,partC_Qwen3-1.7B-think__summary_prompt__N5.json,398,9
Qwen3-1.7B-think|summary_prompt|N5|399,Qwen3-1.7B-think,summary_prompt,5,partC_Qwen3-1.7B-think__summary_prompt__N5.json,399,7
Qwen3-1.7B-think|summary_prompt|N5|400,Qwen3-1.7B-think,summary_prompt,5,partC_Qwen3-1.7B-think__summary_prompt__N5.json,400,9
Qwen3-1.7B-think|summary_prompt|N5|401,Qwen3-1.7B-think,summary_prompt,5,partC_Qwen3-1.7B-think__summary_prompt__N5.json,401,9
Qwen3-1.7B-think|summary_prompt|N5|402,Qwen3-1.7B-think,summary_prompt,5,partC_Qwen3-1.7B-think__summary_prompt__N5.json,402,9
Qwen3-1.7B-think|summary_prompt|N5|403,Qwen3-1.7B-think,summary_prompt,5,partC_Qwen3-1.7B-think__summary_prompt__N5.json,403,9
Qwen3-1.7B-think|summary_prompt|N5|404,Qwen3-1.7B-think,summary_prompt,5,partC_Qwen3-1.7B-think__summary_prompt__N5.json,404,9
Qwen3-1.7B-think|summary_prompt|N5|405,Qwen3-1.7B-think,summary_prompt,5,partC_Qwen3-1.7B-think__summary_prompt__N5.json,405,9
Qwen3-1.7B-think|summary_prompt|N5|406,Qwen3-1.7B-think,summary_prompt,5,partC_Qwen3-1.7B-think__summary_prompt__N5.json,406,9
Qwen3-1.7B-think|summary_prompt|N5|407,Qwen3-1.7B-think,summary_prompt,5,partC_Qwen3-1.7B-think__summary_prompt__N5.json,407,9
Qwen3-1.7B-think|summary_prompt|N5|408,Qwen3-1.7B-think,summary_prompt,5,partC_Qwen3-1.7B-think__summary_prompt__N5.json,408,9
Qwen3-1.7B-think|summary_prompt|N5|409,Qwen3-1.7B-think,summary_prompt,5,partC_Qwen3-1.7B-think__summary_prompt__N5.json,409,9
Qwen3-1.7B-think|summary_prompt|N5|410,Qwen3-1.7B-think,summary_prompt,5,partC_Qwen3-1.7B-think__summary_prompt__N5.json,410,9
Qwen3-1.7B-think|summary_prompt|N5|411,Qwen3-1.7B-think,summary_prompt,5,partC_Qwen3-1.7B-think__summary_prompt__N5.json,411,9
Qwen3-1.7B-think|summary_prompt|N5|412,Qwen3-1.7B-think,summary_prompt,5,partC_Qwen3-1.7B-think__summary_prompt__N5.json,412,9
Qwen3-1.7B-think|summary_prompt|N5|413,Qwen3-1.7B-think,summary_prompt,5,partC_Qwen3-1.7B-think__summary_prompt__N5.json,413,6
Qwen3-1.7B-think|summary_prompt|N5|414,Qwen3-1.7B-think,summary_prompt,5,partC_Qwen3-1.7B-think__summary_prompt__N5.json,414,9
Qwen3-1.7B-think|summary_prompt|N5|415,Qwen3-1.7B-think,summary_prompt,5,partC_Qwen3-1.7B-think__summary_prompt__N5.json,415,9
Qwen3-1.7B-think|summary_prompt|N5|416,Qwen3-1.7B-think,summary_prompt,5,partC_Qwen3-1.7B-think__summary_prompt__N5.json,416,9
Qwen3-1.7B-think|summary_prompt|N5|417,Qwen3-1.7B-think,summary_prompt,5,partC_Qwen3-1.7B-think__summary_prompt__N5.json,417,9
Qwen3-1.7B-think|summary_prompt|N5|418,Qwen3-1.7B-think,summary_prompt,5,partC_Qwen3-1.7B-think__summary_prompt__N5.json,418,9
Qwen3-1.7B-think|summary_prompt|N5|419,Qwen3-1.7B-think,summary_prompt,5,partC_Qwen3-1.7B-think__summary_prompt__N5.json,419,9
Qwen3-1.7B-think|summary_prompt|N5|420,Qwen3-1.7B-think,summary_prompt,5,partC_Qwen3-1.7B-think__summary_prompt__N5.json,420,10
Qwen3-1.7B-think|summary_prompt|N5|421,Qwen3-1.7B-think,summary_prompt,5,partC_Qwen3-1.7B-think__summary_prompt__N5.json,421,10
Qwen3-1.7B-think|summary_prompt|N5|422,Qwen3-1.7B-think,summary_prompt,5,partC_Qwen3-1.7B-think__summary_prompt__N5.json,422,10
Qwen3-1.7B-think|summary_prompt|N5|423,Qwen3-1.7B-think,summary_prompt,5,partC_Qwen3-1.7B-think__summary_prompt__N5.json,423,10
Qwen3-1.7B-think|summary_prompt|N5|424,Qwen3-1.7B-think,summary_prompt,5,partC_Qwen3-1.7B-think__summary_prompt__N5.json,424,9
Qwen3-1.7B-think|summary_prompt|N5|425,Qwen3-1.7B-think,summary_prompt,5,partC_Qwen3-1.7B-think__summary_prompt__N5.json,425,10
Qwen3-1.7B-think|summary_prompt|N5|426,Qwen3-1.7B-think,summary_prompt,5,partC_Qwen3-1.7B-think__summary_prompt__N5.json,426,9
Qwen3-1.7B-think|summary_prompt|N5|427,Qwen3-1.7B-think,summary_prompt,5,partC_Qwen3-1.7B-think__summary_prompt__N5.json,427,9
Qwen3-1.7B-think|summary_prompt|N5|428,Qwen3-1.7B-think,summary_prompt,5,partC_Qwen3-1.7B-think__summary_prompt__N5.json,428,10
Qwen3-1.7B-think|summary_prompt|N5|429,Qwen3-1.7B-think,summary_prompt,5,partC_Qwen3-1.7B-think__summary_prompt__N5.json,429,9
Qwen3-1.7B-think|summary_prompt|N5|430,Qwen3-1.7B-think,summary_prompt,5,partC_Qwen3-1.7B-think__summary_prompt__N5.json,430,10
Qwen3-1.7B-think|summary_prompt|N5|431,Qwen3-1.7B-think,summary_prompt,5,partC_Qwen3-1.7B-think__summary_prompt__N5.json,431,10
Qwen3-1.7B-think|summary_prompt|N5|432,Qwen3-1.7B-think,summary_prompt,5,partC_Qwen3-1.7B-think__summary_prompt__N5.json,432,9
Qwen3-1.7B-think|summary_prompt|N5|433,Qwen3-1.7B-think,summary_prompt,5,partC_Qwen3-1.7B-think__summary_prompt__N5.json,433,9
Qwen3-1.7B-think|summary_prompt|N5|434,Qwen3-1.7B-think,summary_prompt,5,partC_Qwen3-1.7B-think__summary_prompt__N5.json,434,9
Qwen3-1.7B-think|summary_prompt|N5|435,Qwen3-1.7B-think,summary_prompt,5,partC_Qwen3-1.7B-think__summary_prompt__N5.json,435,9
Qwen3-1.7B-think|summary_prompt|N5|436,Qwen3-1.7B-think,summary_prompt,5,partC_Qwen3-1.7B-think__summary_prompt__N5.json,436,9
Qwen3-1.7B-think|summary_prompt|N5|437,Qwen3-1.7B-think,summary_prompt,5,partC_Qwen3-1.7B-think__summary_prompt__N5.json,437,9
Qwen3-1.7B-think|summary_prompt|N5|438,Qwen3-1.7B-think,summary_prompt,5,partC_Qwen3-1.7B-think__summary_prompt__N5.json,438,9
Qwen3-1.7B-think|summary_prompt|N5|439,Qwen3-1.7B-think,summary_prompt,5,partC_Qwen3-1.7B-think__summary_prompt__N5.json,439,9
Qwen3-1.7B-think|summary_prompt|N5|440,Qwen3-1.7B-think,summary_prompt,5,partC_Qwen3-1.7B-think__summary_prompt__N5.json,440,9
Qwen3-1.7B-think|summary_prompt|N5|441,Qwen3-1.7B-think,summary_prompt,5,partC_Qwen3-1.7B-think__summary_prompt__N5.json,441,9
Qwen3-1.7B-think|summary_prompt|N5|442,Qwen3-1.7B-think,summary_prompt,5,partC_Qwen3-1.7B-think__summary_prompt__N5.json,442,9
Qwen3-1.7B-think|summary_prompt|N5|443,Qwen3-1.7B-think,summary_prompt,5,partC_Qwen3-1.7B-think__summary_prompt__N5.json,443,9
Qwen3-1.7B-think|summary_prompt|N5|444,Qwen3-1.7B-think,summary_prompt,5,partC_Qwen3-1.7B-think__summary_prompt__N5.json,444,8
Qwen3-1.7B-think|summary_prompt|N5|445,Qwen3-1.7B-think,summary_prompt,5,partC_Qwen3-1.7B-think__summary_prompt__N5.json,445,9
Qwen3-1.7B-think|summary_prompt|N5|446,Qwen3-1.7B-think,summary_prompt,5,partC_Qwen3-1.7B-think__summary_prompt__N5.json,446,9
Qwen3-1.7B-think|summary_prompt|N5|447,Qwen3-1.7B-think,summary_prompt,5,partC_Qwen3-1.7B-think__summary_prompt__N5.json,447,9
Qwen3-1.7B-think|summary_prompt|N5|448,Qwen3-1.7B-think,summary_prompt,5,partC_Qwen3-1.7B-think__summary_prompt__N5.json,448,9
Qwen3-1.7B-think|summary_prompt|N5|449,Qwen3-1.7B-think,summary_prompt,5,partC_Qwen3-1.7B-think__summary_prompt__N5.json,449,9
Qwen3-1.7B-think|summary_prompt|N5|450,Qwen3-1.7B-think,summary_prompt,5,partC_Qwen3-1.7B-think__summary_prompt__N5.json,450,9
Qwen3-1.7B-think|summary_prompt|N5|451,Qwen3-1.7B-think,summary_prompt,5,partC_Qwen3-1.7B-think__summary_prompt__N5.json,451,9
Qwen3-1.7B-think|summary_prompt|N5|452,Qwen3-1.7B-think,summary_prompt,5,partC_Qwen3-1.7B-think__summary_prompt__N5.json,452,9
Qwen3-1.7B-think|summary_prompt|N5|453,Qwen3-1.7B-think,summary_prompt,5,partC_Qwen3-1.7B-think__summary_prompt__N5.json,453,9
Qwen3-1.7B-think|summary_prompt|N5|454,Qwen3-1.7B-think,summary_prompt,5,partC_Qwen3-1.7B-think__summary_prompt__N5.json,454,9
Qwen3-1.7B-think|summary_prompt|N5|455,Qwen3-1.7B-think,summary_prompt,5,partC_Qwen3-1.7B-think__summary_prompt__N5.json,455,9
Qwen3-1.7B-think|summary_prompt|N5|456,Qwen3-1.7B-think,summary_prompt,5,partC_Qwen3-1.7B-think__summary_prompt__N5.json,456,9
Qwen3-1.7B-think|summary_prompt|N5|457,Qwen3-1.7B-think,summary_prompt,5,partC_Qwen3-1.7B-think__summary_prompt__N5.json,457,8
Qwen3-1.7B-think|summary_prompt|N5|458,Qwen3-1.7B-think,summary_prompt,5,partC_Qwen3-1.7B-think__summary_prompt__N5.json,458,9
Qwen3-1.7B-think|summary_prompt|N5|459,Qwen3-1.7B-think,summary_prompt,5,partC_Qwen3-1.7B-think__summary_prompt__N5.json,459,9
Qwen3-1.7B-think|summary_prompt|N5|460,Qwen3-1.7B-think,summary_prompt,5,partC_Qwen3-1.7B-think__summary_prompt__N5.json,460,10
Qwen3-1.7B-think|summary_prompt|N5|461,Qwen3-1.7B-think,summary_prompt,5,partC_Qwen3-1.7B-think__summary_prompt__N5.json,461,10
Qwen3-1.7B-think|summary_prompt|N5|462,Qwen3-1.7B-think,summary_prompt,5,partC_Qwen3-1.7B-think__summary_prompt__N5.json,462,10
Qwen3-1.7B-think|summary_prompt|N5|463,Qwen3-1.7B-think,summary_prompt,5,partC_Qwen3-1.7B-think__summary_prompt__N5.json,463,10
Qwen3-1.7B-think|summary_prompt|N5|464,Qwen3-1.7B-think,summary_prompt,5,partC_Qwen3-1.7B-think__summary_prompt__N5.json,464,10
Qwen3-1.7B-think|summary_prompt|N5|465,Qwen3-1.7B-think,summary_prompt,5,partC_Qwen3-1.7B-think__summary_prompt__N5.json,465,10
Qwen3-1.7B-think|summary_prompt|N5|466,Qwen3-1.7B-think,summary_prompt,5,partC_Qwen3-1.7B-think__summary_prompt__N5.json,466,10
Qwen3-1.7B-think|summary_prompt|N5|467,Qwen3-1.7B-think,summary_prompt,5,partC_Qwen3-1.7B-think__summary_prompt__N5.json,467,7
Qwen3-1.7B-think|summary_prompt|N5|468,Qwen3-1.7B-think,summary_prompt,5,partC_Qwen3-1.7B-think__summary_prompt__N5.json,468,10
Qwen3-1.7B-think|summary_prompt|N5|469,Qwen3-1.7B-think,summary_prompt,5,partC_Qwen3-1.7B-think__summary_prompt__N5.json,469,9
Qwen3-1.7B-think|summary_prompt|N5|470,Qwen3-1.7B-think,summary_prompt,5,partC_Qwen3-1.7B-think__summary_prompt__N5.json,470,9
Qwen3-1.7B-think|summary_prompt|N5|471,Qwen3-1.7B-think,summary_prompt,5,partC_Qwen3-1.7B-think__summary_prompt__N5.json,471,9
Qwen3-1.7B-think|summary_prompt|N5|472,Qwen3-1.7B-think,summary_prompt,5,partC_Qwen3-1.7B-think__summary_prompt__N5.json,472,10
Qwen3-1.7B-think|summary_prompt|N5|473,Qwen3-1.7B-think,summary_prompt,5,partC_Qwen3-1.7B-think__summary_prompt__N5.json,473,10
Qwen3-1.7B-think|summary_prompt|N5|474,Qwen3-1.7B-think,summary_prompt,5,partC_Qwen3-1.7B-think__summary_prompt__N5.json,474,10
Qwen3-1.7B-think|summary_prompt|N5|475,Qwen3-1.7B-think,summary_prompt,5,partC_Qwen3-1.7B-think__summary_prompt__N5.json,475,9
Qwen3-1.7B-think|summary_prompt|N5|476,Qwen3-1.7B-think,summary_prompt,5,partC_Qwen3-1.7B-think__summary_prompt__N5.json,476,10
Qwen3-1.7B-think|summary_prompt|N5|477,Qwen3-1.7B-think,summary_prompt,5,partC_Qwen3-1.7B-think__summary_prompt__N5.json,477,9
Qwen3-1.7B-think|summary_prompt|N5|478,Qwen3-1.7B-think,summary_prompt,5,partC_Qwen3-1.7B-think__summary_prompt__N5.json,478,9
Qwen3-1.7B-think|summary_prompt|N5|479,Qwen3-1.7B-think,summary_prompt,5,partC_Qwen3-1.7B-think__summary_prompt__N5.json,479,9
