# 5.0 sps, start/stop: 50/0 mA (5 s), channels: 4
# V min: 0.808, V max: 5.12687
# I min: 1.5615, I max: 1.81443
Time,Voltage,Current,Capacity,Energy
0.00000000,5.12087000,1.64137000,0.00004559,0.00011671
0.20000000,5.11950000,1.65750000,0.00013723,0.00023456
0.40000000,5.11950000,1.65750000,0.00022931,0.00035248
0.60000000,5.12200000,1.65728000,0.00032139,0.00047042
0.80000000,5.12387000,1.64918000,0.00041324,0.00058772
1.00000000,5.12137000,1.64652000,0.00050478,0.00070486
1.20000000,5.12212000,1.68432000,0.00059731,0.00082468
1.40000000,5.12212000,1.68432000,0.00069088,0.00094450
1.60000000,5.12187000,1.66448000,0.00078390,0.00106288
1.80000000,5.12075000,1.69312000,0.00087717,0.00118333
2.00000000,5.12237000,1.77683000,0.00097356,0.00130974
2.20000000,5.12450000,1.66841000,0.00106926,0.00142849
2.40000000,5.12450000,1.66841000,0.00116195,0.00154718
2.60000000,5.12200000,1.74540000,0.00125677,0.00167136
2.80000000,5.12275000,1.73232000,0.00135338,0.00179462
3.00000000,5.12300000,1.68678000,0.00144835,0.00191464
3.20000000,5.12300000,1.68678000,0.00154206,0.00203466
3.40000000,5.12312000,1.77619000,0.00163826,0.00216103
3.60000000,5.12237000,1.70332000,0.00173491,0.00228222
3.80000000,5.12275000,1.70198000,0.00182950,0.00240330
4.00000000,5.12225000,1.69289000,0.00192380,0.00252374
4.20000000,5.12225000,1.69289000,0.00201785,0.00264419
4.40000000,5.12275000,1.61814000,0.00210983,0.00275928
4.60000000,5.12100000,1.72278000,0.00220263,0.00288187
4.80000000,5.12350000,1.61427000,0.00229532,0.00299674
5.00000000,5.12350000,1.61427000,0.00238501,0.00311158
5.20000000,5.12187000,1.71232000,0.00247741,0.00323346
5.40000000,5.12500000,1.71513000,0.00257262,0.00335549
5.60000000,5.12262000,1.65395000,0.00266620,0.00347316
5.80000000,5.12250000,1.75158000,0.00276080,0.00359778
6.00000000,5.12250000,1.75158000,0.00285811,0.00372240
6.20000000,5.12275000,1.72128000,0.00295458,0.00384486
6.40000000,5.12262000,1.72096000,0.00305020,0.00396732
6.60000000,5.12325000,1.70585000,0.00314539,0.00408870
6.80000000,5.12325000,1.70585000,0.00324016,0.00421009
7.00000000,5.12350000,1.71398000,0.00333515,0.00433202
7.20000000,5.12200000,1.69036000,0.00342972,0.00445228
7.40000000,5.12225000,1.64416000,0.00352234,0.00456924
7.60000000,5.12200000,1.71216000,0.00361557,0.00469104
7.80000000,5.12200000,1.71216000,0.00371069,0.00481286
8.00000000,5.12287000,1.72521000,0.00380618,0.00493563
8.20000000,5.12350000,1.76550000,0.00390314,0.00506123
8.40000000,5.12237000,1.75196000,0.00400085,0.00518588
8.60000000,5.12237000,1.75196000,0.00409818,0.00531050
8.80000000,5.12175000,1.70732000,0.00419427,0.00543198
9.00000000,5.12275000,1.70563000,0.00428907,0.00555333
9.20000000,5.12275000,1.69712000,0.00438360,0.00567406
9.40000000,5.12187000,1.72976000,0.00447879,0.00579711
9.60000000,5.12187000,1.72976000,0.00457488,0.00592011
9.80000000,5.12000000,1.65625000,0.00466894,0.00603798
10.00000000,5.12362000,1.61132000,0.00475971,0.00615261
10.20000000,5.12212000,1.63900000,0.00484999,0.00626922
10.40000000,5.12275000,1.69484000,0.00494260,0.00638981
10.60000000,5.12275000,1.69484000,0.00503676,0.00651038
10.80000000,5.12237000,1.63686000,0.00512930,0.00662679
11.00000000,5.12012000,1.65891000,0.00522085,0.00674484
11.20000000,5.12362000,1.61756000,0.00531187,0.00685994
11.40000000,5.12362000,1.61756000,0.00540173,0.00697505
11.60000000,5.12362000,1.67843000,0.00549329,0.00709447
11.80000000,5.12275000,1.64252000,0.00558553,0.00721132
12.00000000,5.12200000,1.63081000,0.00567646,0.00732733
12.20000000,5.12200000,1.63081000,0.00576706,0.00744337
12.40000000,5.12287000,1.64435000,0.00585804,0.00756037
12.60000000,5.12337000,1.63216000,0.00594905,0.00767648
12.80000000,5.12175000,1.66896000,0.00604075,0.00779521
13.00000000,5.12200000,1.60659000,0.00613174,0.00790950
13.20000000,5.12200000,1.60659000,0.00622099,0.00802379
13.40000000,5.12212000,1.66240000,0.00631180,0.00814207
13.60000000,5.12275000,1.69072000,0.00640494,0.00826237
13.80000000,5.12287000,1.65568000,0.00649790,0.00838017
14.00000000,5.12287000,1.65568000,0.00658988,0.00849795
14.20000000,5.12175000,1.62134000,0.00668091,0.00861333
14.40000000,5.12387000,1.64108000,0.00677153,0.00873005
14.60000000,5.12112000,1.64937000,0.00686293,0.00884737
14.80000000,5.12262000,1.66204000,0.00695491,0.00896562
15.00000000,5.12262000,1.66204000,0.00704725,0.00908386
15.20000000,5.12212000,1.65504000,0.00713939,0.00920160
15.40000000,5.12212000,1.59817000,0.00722976,0.00931528
15.60000000,5.12162000,1.65385000,0.00732009,0.00943293
15.80000000,5.12162000,1.65385000,0.00741197,0.00955059
16.00000000,5.12237000,1.68595000,0.00750474,0.00967052
16.20000000,5.12187000,1.65228000,0.00759747,0.00978806
16.40000000,5.12212000,1.68672000,0.00769022,0.00990806
16.60000000,5.12212000,1.68672000,0.00778393,0.01002809
16.80000000,5.12387000,1.64992000,0.00787661,0.01014545
17.00000000,5.12125000,1.63897000,0.00796797,0.01026207
17.20000000,5.12300000,1.68182000,0.00806022,0.01038170
17.40000000,5.12150000,1.63433000,0.00815233,0.01049795
17.60000000,5.12150000,1.63433000,0.00824313,0.01061422
17.80000000,5.12212000,1.64521000,0.00833423,0.01073124
18.00000000,5.12137000,1.60268000,0.00842444,0.01084525
18.20000000,5.12162000,1.65049000,0.00851481,0.01096265
18.40000000,5.12212000,1.64515000,0.00860636,0.01107969
18.60000000,5.12212000,1.64515000,0.00869775,0.01119672
18.80000000,5.12187000,1.63750000,0.00878894,0.01131320
19.00000000,5.12137000,1.64748000,0.00888019,0.01143037
19.20000000,5.12100000,1.66569000,0.00897222,0.01154885
19.40000000,5.12100000,1.66569000,0.00906476,0.01166735
19.60000000,5.12262000,1.68704000,0.00915789,0.01178739
19.80000000,5.12275000,1.62355000,0.00924985,0.01190290
20.00000000,5.12250000,1.65232000,0.00934085,0.01202049
20.20000000,5.12437000,1.68025000,0.00943342,0.01214008
20.40000000,5.12437000,1.68025000,0.00952677,0.01225962
20.60000000,5.12225000,1.66390000,0.00961966,0.01237798
20.80000000,5.12187000,1.62860000,0.00971112,0.01249386
21.00000000,5.12300000,1.68355000,0.00980312,0.01261365
21.20000000,5.12300000,1.68355000,0.00989665,0.01273341
21.40000000,5.12175000,1.66332000,0.00998962,0.01285179
21.60000000,5.12412000,1.67840000,0.01008245,0.01297121
21.80000000,5.12287000,1.67484000,0.01017559,0.01309032
22.00000000,5.12075000,1.65625000,0.01026812,0.01320812
22.20000000,5.12075000,1.65625000,0.01036014,0.01332590
22.40000000,5.12012000,1.68614000,0.01045298,0.01344592
22.60000000,5.12487000,1.70144000,0.01054708,0.01356697
22.80000000,5.12275000,1.71299000,0.01064192,0.01368885
23.00000000,5.12275000,1.71299000,0.01073709,0.01381072
23.20000000,5.12225000,1.67734000,0.01083127,0.01393003
23.40000000,5.12137000,1.73798000,0.01092614,0.01405365
23.60000000,5.12125000,1.67468000,0.01102093,0.01417279
23.80000000,5.12250000,1.72377000,0.01111533,0.01429543
24.00000000,5.12250000,1.72377000,0.01121110,0.01441806
24.20000000,5.12212000,1.62998000,0.01130426,0.01453403
24.40000000,5.12262000,1.69852000,0.01139672,0.01465483
24.60000000,5.12062000,1.69369000,0.01149094,0.01477528
24.80000000,5.12062000,1.69369000,0.01158504,0.01489582
25.00000000,5.12387000,1.66163000,0.01167824,0.01501404
25.20000000,5.12275000,1.69184000,0.01177139,0.01513438
25.40000000,5.12150000,1.72726000,0.01186637,0.01525727
25.60000000,5.12262000,1.70467000,0.01196170,0.01537856
25.80000000,5.12262000,1.70467000,0.01205640,0.01549981
26.00000000,5.12137000,1.75414000,0.01215248,0.01562461
26.20000000,5.12250000,1.71795000,0.01224893,0.01574683
26.40000000,5.12225000,1.73059000,0.01234472,0.01586995
26.60000000,5.12225000,1.73059000,0.01244087,0.01599306
26.80000000,5.12200000,1.68009000,0.01253561,0.01611261
27.00000000,5.12325000,1.69612000,0.01262939,0.01623326
27.20000000,5.12175000,1.67545000,0.01272305,0.01635245
27.40000000,5.12175000,1.67545000,0.01281613,0.01647162
27.60000000,5.12112000,1.64083000,0.01290824,0.01658837
27.80000000,5.12312000,1.62457000,0.01299895,0.01670396
28.00000000,5.12300000,1.65811000,0.01309014,0.01682193
28.20000000,5.12262000,1.68054000,0.01318288,0.01694150
28.40000000,5.12262000,1.68054000,0.01327624,0.01706105
28.60000000,5.12225000,1.62300000,0.01336800,0.01717653
28.80000000,5.12287000,1.72457000,0.01346099,0.01729922
29.00000000,5.12200000,1.71504000,0.01355654,0.01742122
29.20000000,5.12200000,1.71504000,0.01365182,0.01754325
29.40000000,5.12287000,1.67494000,0.01374598,0.01766242
29.60000000,5.12275000,1.70092000,0.01383976,0.01778342
29.80000000,5.12175000,1.68070000,0.01393369,0.01790297
30.00000000,5.12137000,1.69603000,0.01402749,0.01802361
30.20000000,5.12137000,1.69603000,0.01412171,0.01814429
30.40000000,5.12325000,1.70163000,0.01421609,0.01826536
30.60000000,5.12237000,1.73798000,0.01431164,0.01838898
30.80000000,5.12125000,1.64668000,0.01440566,0.01850610
31.00000000,5.12125000,1.64668000,0.01449714,0.01862326
31.20000000,5.12275000,1.69702000,0.01459002,0.01874400
31.40000000,5.12250000,1.67331000,0.01468364,0.01886301
31.60000000,5.12112000,1.70598000,0.01477751,0.01898439
31.80000000,5.12250000,1.68838000,0.01487180,0.01910451
32.00000000,5.12250000,1.68838000,0.01496559,0.01922466
32.20000000,5.12362000,1.70889000,0.01505996,0.01934626
32.40000000,5.12337000,1.72950000,0.01515547,0.01946928
32.60000000,5.12137000,1.72531000,0.01525144,0.01959200
32.80000000,5.12137000,1.72531000,0.01534729,0.01971478
33.00000000,5.12375000,1.73360000,0.01544337,0.01983818
33.20000000,5.12500000,1.77648000,0.01554087,0.01996457
33.40000000,5.12287000,1.62512000,0.01563536,0.02008019
33.60000000,5.12237000,1.65468000,0.01572647,0.02019791
33.80000000,5.12237000,1.65468000,0.01581840,0.02031563
34.00000000,5.12225000,1.67936000,0.01591101,0.02043510
34.20000000,5.12225000,1.70812000,0.01600510,0.02055662
34.40000000,5.12200000,1.63977000,0.01609810,0.02067327
34.60000000,5.12200000,1.63977000,0.01618920,0.02078995
34.80000000,5.12325000,1.68684000,0.01628161,0.02090994
35.00000000,5.12175000,1.60416000,0.01637302,0.02102405
35.20000000,5.12137000,1.62716000,0.01646278,0.02113982
35.40000000,5.12262000,1.70070000,0.01655522,0.02126082
35.60000000,5.12262000,1.70070000,0.01664971,0.02138182
35.80000000,5.12275000,1.64784000,0.01674272,0.02149904
36.00000000,5.12187000,1.58662000,0.01683257,0.02161190
36.20000000,5.12162000,1.66486000,0.01692288,0.02173033
36.40000000,5.12162000,1.66486000,0.01701538,0.02184879
36.60000000,5.12287000,1.69347000,0.01710866,0.02196927
36.80000000,5.12262000,1.68428000,0.01720249,0.02208909
37.00000000,5.12212000,1.67264000,0.01729574,0.02220809
37.20000000,5.12237000,1.63980000,0.01738775,0.02232475
37.40000000,5.12237000,1.63980000,0.01747885,0.02244137
37.60000000,5.12012000,1.58931000,0.01756855,0.02255444
37.80000000,5.12250000,1.65686000,0.01765872,0.02267229
38.00000000,5.12137000,1.61817000,0.01774969,0.02278739
38.20000000,5.12225000,1.64022000,0.01784020,0.02290408
38.40000000,5.12225000,1.64022000,0.01793133,0.02302074
38.60000000,5.12075000,1.65721000,0.01802292,0.02313865
38.80000000,5.12287000,1.63788000,0.01811445,0.02325518
39.00000000,5.12162000,1.63628000,0.01820540,0.02337158
39.20000000,5.12162000,1.63628000,0.01829631,0.02348796
39.40000000,5.12087000,1.64876000,0.01838756,0.02360527
39.60000000,5.12287000,1.61203000,0.01847813,0.02371996
39.80000000,5.12250000,1.67974000,0.01856957,0.02383946
40.00000000,5.12250000,1.67974000,0.01866289,0.02395897
40.20000000,5.12237000,1.66624000,0.01875583,0.02407751
40.40000000,5.12225000,1.65673000,0.01884814,0.02419537
40.60000000,5.12225000,1.60620000,0.01893878,0.02430964
40.80000000,5.12350000,1.69961000,0.01903060,0.02443058
41.00000000,5.12350000,1.69961000,0.01912503,0.02455150
41.20000000,5.12250000,1.65353000,0.01921817,0.02466914
41.40000000,5.12212000,1.68294000,0.01931085,0.02478884
41.60000000,5.12137000,1.61584000,0.01940248,0.02490378
41.80000000,5.12137000,1.61584000,0.01949225,0.02501872
42.00000000,5.12175000,1.62976000,0.01958241,0.02513467
42.20000000,5.12250000,1.62928000,0.01967294,0.02525057
42.40000000,5.12175000,1.60416000,0.01976275,0.02536469
42.60000000,5.12287000,1.67206000,0.01985376,0.02548365
42.80000000,5.12287000,1.67206000,0.01994665,0.02560261
43.00000000,5.12250000,1.67347000,0.02003958,0.02572167
43.20000000,5.12237000,1.63811000,0.02013157,0.02583820
43.40000000,5.12200000,1.62787000,0.02022229,0.02595401
43.60000000,5.12200000,1.62787000,0.02031273,0.02606983
43.80000000,5.12250000,1.61158000,0.02040272,0.02618450
44.00000000,5.12337000,1.66566000,0.02049375,0.02630298
44.20000000,5.12150000,1.69580000,0.02058712,0.02642361
44.40000000,5.12150000,1.69580000,0.02068133,0.02654424
44.60000000,5.12175000,1.64256000,0.02077407,0.02666109
44.80000000,5.12212000,1.67020000,0.02086609,0.02677992
45.00000000,5.12250000,1.62646000,0.02095766,0.02689561
45.20000000,5.12137000,1.73433000,0.02105102,0.02701898
45.40000000,5.12137000,1.73433000,0.02114737,0.02714240
45.60000000,5.12400000,1.59808000,0.02123994,0.02725609
45.80000000,5.12200000,1.67680000,0.02133090,0.02737536
46.00000000,5.12125000,1.68012000,0.02142415,0.02749486
46.20000000,5.12125000,1.68012000,0.02151749,0.02761436
46.40000000,5.12087000,1.63036000,0.02160945,0.02773033
46.60000000,5.12162000,1.80086000,0.02170476,0.02785847
46.80000000,5.12325000,1.68435000,0.02180157,0.02797833
47.00000000,5.12350000,1.76953000,0.02189751,0.02810425
47.20000000,5.12350000,1.76953000,0.02199582,0.02823013
47.40000000,5.12200000,1.73100000,0.02209306,0.02835328
47.60000000,5.12212000,1.66723000,0.02218745,0.02847190
47.80000000,5.12300000,1.74985000,0.02228237,0.02859641
48.00000000,5.12137000,1.74518000,0.02237946,0.02872054
48.20000000,5.12137000,1.74518000,0.02247641,0.02884470
48.40000000,5.12237000,1.70499000,0.02257225,0.02896597
48.60000000,5.12100000,1.63513000,0.02266503,0.02908230
48.80000000,5.12212000,1.66220000,0.02275662,0.02920055
49.00000000,5.12212000,1.66220000,0.02284897,0.02931880
49.20000000,5.12237000,1.65040000,0.02294098,0.02943617
49.40000000,5.12037000,1.62880000,0.02303207,0.02955205
49.60000000,5.12225000,1.63590000,0.02312276,0.02966843
49.80000000,5.12225000,1.64908000,0.02321401,0.02978575
50.00000000,5.12225000,1.64908000,0.02330562,0.02990305
50.20000000,5.12150000,1.69056000,0.02339839,0.03002331
50.40000000,5.12187000,1.65878000,0.02349143,0.03014132
50.60000000,5.12237000,1.65894000,0.02358359,0.03025935
50.80000000,5.12237000,1.65894000,0.02367575,0.03037734
51.00000000,5.12100000,1.67001000,0.02376822,0.03049618
51.20000000,5.12337000,1.69788000,0.02386177,0.03061693
51.40000000,5.12075000,1.58211000,0.02395289,0.03072945
51.60000000,5.12075000,1.58211000,0.02404078,0.03084198
51.80000000,5.12112000,1.65494000,0.02413070,0.03095969
52.00000000,5.12112000,1.64313000,0.02422231,0.03107662
52.20000000,5.12350000,1.60368000,0.02431250,0.03119071
52.40000000,5.12237000,1.69878000,0.02440424,0.03131157
52.60000000,5.12237000,1.69878000,0.02449861,0.03143242
52.80000000,5.12200000,1.71100000,0.02459333,0.03155412
53.00000000,5.12137000,1.66390000,0.02468708,0.03167248
53.20000000,5.12162000,1.72492000,0.02478121,0.03179518
53.40000000,5.12162000,1.72492000,0.02487704,0.03191793
53.60000000,5.12362000,1.68016000,0.02497162,0.03203743
53.80000000,5.12112000,1.71977000,0.02506607,0.03215978
54.00000000,5.12212000,1.65424000,0.02515979,0.03227746
54.20000000,5.12262000,1.71033000,0.02525325,0.03239915
54.40000000,5.12262000,1.71033000,0.02534827,0.03252080
54.60000000,5.12125000,1.69020000,0.02544273,0.03264104
54.80000000,5.12212000,1.65468000,0.02553564,0.03275875
55.00000000,5.12187000,1.71606000,0.02562927,0.03288083
55.20000000,5.12187000,1.71606000,0.02572461,0.03300289
55.40000000,5.12125000,1.68025000,0.02581895,0.03312244
55.60000000,5.12312000,1.71756000,0.02591333,0.03324463
55.80000000,5.12200000,1.72608000,0.02600899,0.03336742
56.00000000,5.12200000,1.72608000,0.02610488,0.03349024
56.20000000,5.12325000,1.75120000,0.02620148,0.03361481
56.40000000,5.12137000,1.71436000,0.02629774,0.03373679
56.60000000,5.12325000,1.77452000,0.02639465,0.03386302
56.80000000,5.12150000,1.69430000,0.02649101,0.03398354
57.00000000,5.12150000,1.69430000,0.02658514,0.03410410
57.20000000,5.12325000,1.71248000,0.02667977,0.03422594
57.40000000,5.12275000,1.70444000,0.02677469,0.03434716
57.60000000,5.12075000,1.65539000,0.02686801,0.03446492
57.80000000,5.12200000,1.66278000,0.02696019,0.03458321
58.00000000,5.12200000,1.66278000,0.02705256,0.03470152
58.20000000,5.12275000,1.65177000,0.02714463,0.03481904
58.40000000,5.12287000,1.66163000,0.02723667,0.03493726
58.60000000,5.12237000,1.69292000,0.02732985,0.03505770
58.80000000,5.12237000,1.69292000,0.02742390,0.03517813
59.00000000,5.12187000,1.66108000,0.02751707,0.03529628
59.20000000,5.12112000,1.61728000,0.02760814,0.03541133
59.40000000,5.12200000,1.64819000,0.02769884,0.03552860
59.60000000,5.12312000,1.66227000,0.02779080,0.03564688
59.80000000,5.12312000,1.66227000,0.02788315,0.03576510
60.00000000,5.12062000,1.65974000,0.02797543,0.03588313
60.20000000,5.12000000,1.62406000,0.02806664,0.03599872
60.40000000,5.12450000,1.71705000,0.02815945,0.03612093
60.60000000,5.12450000,1.71705000,0.02825485,0.03624306
60.80000000,5.12137000,1.72534000,0.02835047,0.03636583
61.00000000,5.12350000,1.71292000,0.02844597,0.03648772
61.20000000,5.12325000,1.65772000,0.02853960,0.03660565
61.40000000,5.12212000,1.72707000,0.02863363,0.03672852
61.60000000,5.12212000,1.72707000,0.02872957,0.03685140
61.80000000,5.12300000,1.77324000,0.02882680,0.03697754
62.00000000,5.12175000,1.70201000,0.02892334,0.03709863
62.20000000,5.12225000,1.66422000,0.02901685,0.03721702
62.40000000,5.12225000,1.66422000,0.02910930,0.03733538
62.60000000,5.12062000,1.59872000,0.02919994,0.03744916
62.80000000,5.12400000,1.61190000,0.02928912,0.03756382
63.00000000,5.12187000,1.64870000,0.02937970,0.03768110
63.20000000,5.12137000,1.68192000,0.02947221,0.03780073
63.40000000,5.12137000,1.68192000,0.02956565,0.03792037
63.60000000,5.12150000,1.61465000,0.02965722,0.03803526
63.80000000,5.12300000,1.68480000,0.02974888,0.03815511
64.00000000,5.12200000,1.65948000,0.02984177,0.03827316
64.20000000,5.12237000,1.63292000,0.02993323,0.03838934
64.40000000,5.12237000,1.63292000,0.03002395,0.03850546
64.60000000,5.12037000,1.65270000,0.03011521,0.03862304
64.80000000,5.12225000,1.63177000,0.03020645,0.03873909
65.00000000,5.12037000,1.65318000,0.03029770,0.03885665
65.20000000,5.12037000,1.65318000,0.03038954,0.03897426
65.40000000,5.12200000,1.64025000,0.03048102,0.03909096
65.60000000,5.12250000,1.64899000,0.03057239,0.03920823
65.80000000,5.12062000,1.59212000,0.03066242,0.03932148
66.00000000,5.12150000,1.64323000,0.03075229,0.03943837
66.20000000,5.12150000,1.64323000,0.03084358,0.03955523
66.40000000,5.12025000,1.64003000,0.03093479,0.03967191
66.60000000,5.12250000,1.63740000,0.03102583,0.03978843
66.80000000,5.12362000,1.66902000,0.03111767,0.03990720
67.00000000,5.12362000,1.66902000,0.03121039,0.04002597
67.20000000,5.12362000,1.66726000,0.03130307,0.04014457
67.40000000,5.12162000,1.65200000,0.03139527,0.04026207
67.60000000,5.12137000,1.62259000,0.03148623,0.04037750
67.80000000,5.12212000,1.64038000,0.03157687,0.04049420
68.00000000,5.12212000,1.64038000,0.03166800,0.04061091
68.20000000,5.12262000,1.64134000,0.03175916,0.04072767
68.40000000,5.12187000,1.62838000,0.03184999,0.04084353
68.60000000,5.12287000,1.75337000,0.03194392,0.04096829
68.80000000,5.12287000,1.75337000,0.03204133,0.04109308
69.00000000,5.12450000,1.78051000,0.03213950,0.04121974
69.20000000,5.12200000,1.71532000,0.03223660,0.04134182
69.40000000,5.12400000,1.74515000,0.03233273,0.04146601
69.60000000,5.12300000,1.66371000,0.03242742,0.04158439
69.80000000,5.12300000,1.66371000,0.03251985,0.04170277
70.00000000,5.12287000,1.73417000,0.03261423,0.04182611
70.20000000,5.12112000,1.71852000,0.03271014,0.04194837
70.40000000,5.12237000,1.66947000,0.03280425,0.04206715
70.60000000,5.12237000,1.66947000,0.03289700,0.04218595
70.80000000,5.12350000,1.73974000,0.03299170,0.04230971
71.00000000,5.12187000,1.68473000,0.03308682,0.04242956
71.20000000,5.12237000,1.65529000,0.03317960,0.04254733
71.40000000,5.12237000,1.65529000,0.03327156,0.04266509
71.60000000,5.12225000,1.72409000,0.03336543,0.04278772
71.80000000,5.12137000,1.67468000,0.03345984,0.04290686
72.00000000,5.12212000,1.63763000,0.03355185,0.04302336
72.20000000,5.12212000,1.63763000,0.03364283,0.04313989
72.40000000,5.12312000,1.58150000,0.03373225,0.04325241
72.60000000,5.12275000,1.65289000,0.03382210,0.04337000
72.80000000,5.12237000,1.68406000,0.03391479,0.04348983
73.00000000,5.12312000,1.68179000,0.03400828,0.04360950
73.20000000,5.12312000,1.68179000,0.03410172,0.04372914
73.40000000,5.12212000,1.63804000,0.03419393,0.04384569
73.60000000,5.12262000,1.67846000,0.03428606,0.04396510
73.80000000,5.12250000,1.62166000,0.03437773,0.04408047
74.00000000,5.12250000,1.64364000,0.03446843,0.04419741
74.20000000,5.12250000,1.64364000,0.03455975,0.04431433
74.40000000,5.12162000,1.63945000,0.03465094,0.04443096
74.60000000,5.12200000,1.61344000,0.03474130,0.04454577
74.80000000,5.12325000,1.65382000,0.03483206,0.04466345
75.00000000,5.12325000,1.65382000,0.03492394,0.04478112
75.20000000,5.12287000,1.65548000,0.03501586,0.04489889
75.40000000,5.12225000,1.65846000,0.03510792,0.04501690
75.60000000,5.12325000,1.61993000,0.03519898,0.04513214
75.80000000,5.12212000,1.65129000,0.03528985,0.04524962
76.00000000,5.12212000,1.65129000,0.03538159,0.04536707
76.20000000,5.12125000,1.67964000,0.03547411,0.04548659
76.40000000,5.12337000,1.67484000,0.03556729,0.04560573
76.60000000,5.12175000,1.68147000,0.03566052,0.04572534
76.80000000,5.12175000,1.68147000,0.03575394,0.04584496
77.00000000,5.12187000,1.65462000,0.03584661,0.04596266
77.20000000,5.12187000,1.60860000,0.03593725,0.04607711
77.40000000,5.12262000,1.66777000,0.03602826,0.04619577
77.60000000,5.12275000,1.64822000,0.03612037,0.04631304
77.80000000,5.12275000,1.64822000,0.03621194,0.04643032
78.00000000,5.12300000,1.62060000,0.03630274,0.04654561
78.20000000,5.12225000,1.64492000,0.03639345,0.04666265
78.40000000,5.12275000,1.64630000,0.03648487,0.04677978
78.60000000,5.12275000,1.64630000,0.03657634,0.04689689
78.80000000,5.12187000,1.62118000,0.03666710,0.04701224
79.00000000,5.12287000,1.64361000,0.03675779,0.04712916
79.20000000,5.12175000,1.68342000,0.03685021,0.04724894
79.40000000,5.12300000,1.69222000,0.03694397,0.04736934
79.60000000,5.12300000,1.69222000,0.03703799,0.04748974
79.80000000,5.12275000,1.66246000,0.03713117,0.04760802
80.00000000,5.12250000,1.62876000,0.03722259,0.04772387
80.20000000,5.12112000,1.63360000,0.03731322,0.04784006
80.40000000,5.12112000,1.63360000,0.03740397,0.04795628
80.60000000,5.12200000,1.66188000,0.03749551,0.04807449
80.80000000,5.12137000,1.62329000,0.03758677,0.04818997
81.00000000,5.12212000,1.64313000,0.03767750,0.04830683
81.20000000,5.12062000,1.63705000,0.03776862,0.04842325
81.40000000,5.12062000,1.63705000,0.03785956,0.04853970
81.60000000,5.12150000,1.59110000,0.03794923,0.04865289
81.80000000,5.12200000,1.67760000,0.03804003,0.04877225
82.00000000,5.12275000,1.67548000,0.03813317,0.04889146
82.20000000,5.12275000,1.67548000,0.03822626,0.04901063
82.40000000,5.12137000,1.62617000,0.03831797,0.04912635
82.60000000,5.12362000,1.68457000,0.03840993,0.04924619
82.80000000,5.12175000,1.71852000,0.03850446,0.04936845
83.00000000,5.12225000,1.71689000,0.03859989,0.04949059
83.20000000,5.12225000,1.71689000,0.03869527,0.04961278
83.40000000,5.12437000,1.69980000,0.03879018,0.04973372
83.60000000,5.12250000,1.71900000,0.03888515,0.04985599
83.80000000,5.12112000,1.70777000,0.03898034,0.04997745
84.00000000,5.12112000,1.70777000,0.03907521,0.05009893
84.20000000,5.12162000,1.64073000,0.03916823,0.05021569
84.40000000,5.12375000,1.73132000,0.03926189,0.05033885
84.60000000,5.12175000,1.62883000,0.03935523,0.05045472
84.80000000,5.12287000,1.70217000,0.03944776,0.05057583
85.00000000,5.12287000,1.70217000,0.03954232,0.05069693
85.20000000,5.12250000,1.70976000,0.03963710,0.05081857
85.40000000,5.12237000,1.72300000,0.03973246,0.05094115
85.60000000,5.12212000,1.66476000,0.03982656,0.05105958
85.80000000,5.12212000,1.66476000,0.03991905,0.05117803
86.00000000,5.12287000,1.72176000,0.04001312,0.05130050
86.20000000,5.12150000,1.71606000,0.04010861,0.05142259
86.40000000,5.12262000,1.73907000,0.04020459,0.05154632
86.60000000,5.12450000,1.65353000,0.04029883,0.05166401
86.80000000,5.12450000,1.65353000,0.04039069,0.05178169
87.00000000,5.12412000,1.72092000,0.04048442,0.05190408
87.20000000,5.12050000,1.71404000,0.04057984,0.05202606
87.40000000,5.12387000,1.70668000,0.04067486,0.05214751
87.60000000,5.12387000,1.70668000,0.04076967,0.05226895
87.80000000,5.12287000,1.65424000,0.04086303,0.05238661
88.00000000,5.12137000,1.64675000,0.04095473,0.05250373
88.20000000,5.12062000,1.59766000,0.04104485,0.05261735
88.40000000,5.12062000,1.59766000,0.04113361,0.05273100
88.60000000,5.12137000,1.65728000,0.04122402,0.05284890
88.80000000,5.12237000,1.63990000,0.04131561,0.05296559
89.00000000,5.12312000,1.60227000,0.04140567,0.05307959
89.20000000,5.12275000,1.68038000,0.04149686,0.05319915
89.40000000,5.12275000,1.68038000,0.04159021,0.05331871
89.60000000,5.12312000,1.70377000,0.04168422,0.05343992
89.80000000,5.12212000,1.65728000,0.04177758,0.05355783
90.00000000,5.12275000,1.68032000,0.04187029,0.05367739
90.20000000,5.12337000,1.67699000,0.04196355,0.05379672
90.40000000,5.12337000,1.67699000,0.04205671,0.05391600
90.60000000,5.12112000,1.59904000,0.04214772,0.05402975
90.80000000,5.12212000,1.66044000,0.04223826,0.05414788
91.00000000,5.12237000,1.65209000,0.04233027,0.05426542
91.20000000,5.12237000,1.65209000,0.04242205,0.05438291
91.40000000,5.12050000,1.60275000,0.04251247,0.05449692
91.60000000,5.12162000,1.62940000,0.04260225,0.05461286
91.80000000,5.12287000,1.67609000,0.04269407,0.05473209
92.00000000,5.12187000,1.66579000,0.04278690,0.05485059
92.20000000,5.12187000,1.66579000,0.04287944,0.05496907
92.40000000,5.12112000,1.59267000,0.04296995,0.05508238
92.60000000,5.12237000,1.66518000,0.04306045,0.05520086
92.80000000,5.12287000,1.68601000,0.04315354,0.05532082
93.00000000,5.12287000,1.68601000,0.04324721,0.05544077
93.20000000,5.12237000,1.64422000,0.04333971,0.05555776
93.40000000,5.12312000,1.69340000,0.04343242,0.05567821
93.60000000,5.12112000,1.65225000,0.04352536,0.05579579
93.80000000,5.12375000,1.61033000,0.04361599,0.05591038
94.00000000,5.12375000,1.61033000,0.04370545,0.05602493
94.20000000,5.12150000,1.66096000,0.04379632,0.05614310
94.40000000,5.12237000,1.65779000,0.04388850,0.05626100
94.60000000,5.12087000,1.60140000,0.04397904,0.05637490
94.80000000,5.12087000,1.60140000,0.04406800,0.05648882
95.00000000,5.12200000,1.63724000,0.04415797,0.05660529
95.20000000,5.12175000,1.59590000,0.04424778,0.05671882
95.40000000,5.12225000,1.63395000,0.04433749,0.05683506
95.60000000,5.12187000,1.68499000,0.04442969,0.05695492
95.80000000,5.12187000,1.68499000,0.04452330,0.05707481
96.00000000,5.12275000,1.66134000,0.04461625,0.05719298
96.20000000,5.12150000,1.60483000,0.04470698,0.05730714
96.40000000,5.12162000,1.64390000,0.04479722,0.05742408
96.60000000,5.12162000,1.64390000,0.04488855,0.05754102
96.80000000,5.12187000,1.60627000,0.04497883,0.05765529
97.00000000,5.12187000,1.64678000,0.04506919,0.05777238
97.20000000,5.11975000,1.61705000,0.04515986,0.05788737
97.40000000,5.12162000,1.61840000,0.04524973,0.05800249
97.60000000,5.12162000,1.61840000,0.04533964,0.05811763
97.80000000,5.12250000,1.63392000,0.04542998,0.05823387
98.00000000,5.12200000,1.66259000,0.04552155,0.05835214
98.20000000,5.12187000,1.62313000,0.04561282,0.05846761
98.40000000,5.12125000,1.61577000,0.04570279,0.05858253
98.60000000,5.12125000,1.61577000,0.04579256,0.05869748
98.80000000,5.12200000,1.63152000,0.04588276,0.05881351
99.00000000,5.12075000,1.61900000,0.04597305,0.05892866
99.20000000,5.12137000,1.63875000,0.04606354,0.05904522
99.40000000,5.12137000,1.63875000,0.04615459,0.05916177
99.60000000,5.12075000,1.62387000,0.04624521,0.05927730
99.80000000,5.12225000,1.61571000,0.04633520,0.05939223
100.00000000,5.12162000,1.66131000,0.04642623,0.05951041
100.20000000,5.12162000,1.66131000,0.04651853,0.05962862
100.40000000,5.12337000,1.65628000,0.04661068,0.05974645
100.60000000,5.12200000,1.69577000,0.04670379,0.05986709
100.80000000,5.12250000,1.67062000,0.04679730,0.05998595
101.00000000,5.12250000,1.67062000,0.04689012,0.06010485
101.20000000,5.12400000,1.72560000,0.04698446,0.06022761
101.40000000,5.12250000,1.71977000,0.04708016,0.06034995
101.60000000,5.12187000,1.67091000,0.04717435,0.06046885
101.80000000,5.12337000,1.71142000,0.04726830,0.06059063
102.00000000,5.12337000,1.71142000,0.04736338,0.06071241
102.20000000,5.12325000,1.69763000,0.04745807,0.06083320
102.40000000,5.12275000,1.73244000,0.04755335,0.06095642
102.60000000,5.12100000,1.67232000,0.04764793,0.06107536
102.80000000,5.12100000,1.67232000,0.04774084,0.06119436
103.00000000,5.12325000,1.62464000,0.04783242,0.06130995
103.20000000,5.12275000,1.65776000,0.04792360,0.06142790
103.40000000,5.12275000,1.66067000,0.04801578,0.06154600
103.60000000,5.12050000,1.64966000,0.04810773,0.06166332
103.80000000,5.12050000,1.64966000,0.04819938,0.06178072
104.00000000,5.12400000,1.61424000,0.04829004,0.06189552
104.20000000,5.12050000,1.62192000,0.04837994,0.06201093
104.40000000,5.12300000,1.60172000,0.04846948,0.06212489
104.60000000,5.12300000,1.60172000,0.04855847,0.06223886
104.80000000,5.12275000,1.64153000,0.04864856,0.06235563
105.00000000,5.12212000,1.65744000,0.04874019,0.06247352
105.20000000,5.12087000,1.60838000,0.04883091,0.06258797
105.40000000,5.12350000,1.68512000,0.04892240,0.06270788
105.60000000,5.12350000,1.68512000,0.04901601,0.06282779
105.80000000,5.12337000,1.68496000,0.04910963,0.06294765
106.00000000,5.12175000,1.64128000,0.04920202,0.06306444
106.20000000,5.12312000,1.64214000,0.04929323,0.06318128
106.40000000,5.12287000,1.67206000,0.04938529,0.06330025
106.60000000,5.12287000,1.67206000,0.04947818,0.06341918
106.80000000,5.12125000,1.65996000,0.04957074,0.06353725
107.00000000,5.12125000,1.63846000,0.04966236,0.06365378
107.20000000,5.12062000,1.57443000,0.04975161,0.06376575
107.40000000,5.12062000,1.57443000,0.04983908,0.06387778
107.60000000,5.12300000,1.66332000,0.04992901,0.06399611
107.80000000,5.12225000,1.66051000,0.05002134,0.06411422
108.00000000,5.12125000,1.67299000,0.05011394,0.06423325
108.20000000,5.12287000,1.67062000,0.05020682,0.06435212
108.40000000,5.12287000,1.67062000,0.05029963,0.06447095
108.60000000,5.12112000,1.62793000,0.05039126,0.06458678
108.80000000,5.12300000,1.65497000,0.05048245,0.06470446
109.00000000,5.11975000,1.64633000,0.05057415,0.06482153
109.20000000,5.11975000,1.64633000,0.05066561,0.06493866
109.40000000,5.12275000,1.64796000,0.05075712,0.06505593
109.60000000,5.12337000,1.68806000,0.05084979,0.06517604
109.80000000,5.12300000,1.68454000,0.05094347,0.06529591
110.00000000,5.12350000,1.75804000,0.05103910,0.06542101
110.20000000,5.12350000,1.75804000,0.05113677,0.06554608
110.40000000,5.12237000,1.71603000,0.05123327,0.06566816
110.60000000,5.12187000,1.72051000,0.05132873,0.06579055
110.80000000,5.12175000,1.72400000,0.05142441,0.06591318
111.00000000,5.12175000,1.72400000,0.05152019,0.06603587
111.20000000,5.12400000,1.75155000,0.05161673,0.06616051
111.40000000,5.12337000,1.67040000,0.05171179,0.06627934
111.60000000,5.12187000,1.65836000,0.05180425,0.06639732
111.80000000,5.12212000,1.64368000,0.05189598,0.06651425
112.00000000,5.12212000,1.64368000,0.05198729,0.06663117
112.20000000,5.12162000,1.67977000,0.05207961,0.06675067
112.40000000,5.12212000,1.67689000,0.05217285,0.06687000
112.60000000,5.12375000,1.62854000,0.05226467,0.06698589
112.80000000,5.12375000,1.62854000,0.05235514,0.06710177
113.00000000,5.12325000,1.69161000,0.05244737,0.06722211
113.20000000,5.12200000,1.65852000,0.05254043,0.06734013
113.40000000,5.12337000,1.72147000,0.05263432,0.06746260
113.60000000,5.12225000,1.70627000,0.05272953,0.06758399
113.80000000,5.12225000,1.70627000,0.05282432,0.06770541
114.00000000,5.12362000,1.65670000,0.05291774,0.06782328
114.20000000,5.12262000,1.71654000,0.05301144,0.06794541
114.40000000,5.12275000,1.70124000,0.05310638,0.06806645
114.60000000,5.12275000,1.70124000,0.05320089,0.06818748
114.80000000,5.12225000,1.71638000,0.05329583,0.06830962
115.00000000,5.12350000,1.66419000,0.05338973,0.06842803
115.20000000,5.12300000,1.68598000,0.05348279,0.06854799
115.40000000,5.12300000,1.68598000,0.05357646,0.06866795
115.60000000,5.12262000,1.70588000,0.05367067,0.06878933
115.80000000,5.12337000,1.77584000,0.05376739,0.06891564
116.00000000,5.12112000,1.71788000,0.05386444,0.06903783
116.20000000,5.12337000,1.69267000,0.05395917,0.06915828
116.40000000,5.12337000,1.69267000,0.05405321,0.06927873
116.60000000,5.12362000,1.71718000,0.05414793,0.06940089
116.80000000,5.12212000,1.73958000,0.05424395,0.06952470
117.00000000,5.12450000,1.74003000,0.05434061,0.06964855
117.20000000,5.12125000,1.68531000,0.05443575,0.06976842
117.40000000,5.12125000,1.68531000,0.05452938,0.06988832
117.60000000,5.12262000,1.73280000,0.05462433,0.07001162
117.80000000,5.12287000,1.70563000,0.05471984,0.07013297
118.00000000,5.12262000,1.65635000,0.05481323,0.07025081
118.20000000,5.12262000,1.65635000,0.05490525,0.07036863
118.40000000,5.12162000,1.64780000,0.05499703,0.07048590
118.60000000,5.12375000,1.63734000,0.05508829,0.07060238
118.80000000,5.12225000,1.64489000,0.05517946,0.07071940
119.00000000,5.12225000,1.64489000,0.05527084,0.07083641
119.20000000,5.12175000,1.63126000,0.05536185,0.07095247
119.40000000,5.12250000,1.64745000,0.05545292,0.07106969
119.60000000,5.12312000,1.67414000,0.05554519,0.07118881
119.80000000,5.12287000,1.59414000,0.05563597,0.07130223
120.00000000,5.12287000,1.59414000,0.05572454,0.07141563
120.20000000,5.12137000,1.68537000,0.05581563,0.07153553
120.40000000,5.12250000,1.65724000,0.05590848,0.07165341
120.60000000,5.12137000,1.62614000,0.05599969,0.07176908
120.80000000,5.12137000,1.62614000,0.05609003,0.07188476
121.00000000,5.12212000,1.66668000,0.05618150,0.07200333
121.20000000,5.12212000,1.66227000,0.05627397,0.07212158
121.40000000,5.12162000,1.65865000,0.05636622,0.07223958
121.60000000,5.12250000,1.59040000,0.05645647,0.07235273
121.80000000,5.12250000,1.59040000,0.05654482,0.07246587
122.00000000,5.12212000,1.63862000,0.05663452,0.07258241
122.20000000,5.12050000,1.61174000,0.05672481,0.07269708
122.40000000,5.12275000,1.61065000,0.05681432,0.07281168
122.60000000,5.12175000,1.67107000,0.05690548,0.07293055
122.80000000,5.12175000,1.67107000,0.05699831,0.07304943
123.00000000,5.12212000,1.66560000,0.05709100,0.07316793
123.20000000,5.12250000,1.64592000,0.05718299,0.07328503
123.40000000,5.12250000,1.63072000,0.05727400,0.07340105
123.60000000,5.12250000,1.63072000,0.05736460,0.07351704
123.80000000,5.12125000,1.64262000,0.05745552,0.07363392
124.00000000,5.12287000,1.64598000,0.05754687,0.07375102
124.20000000,5.12250000,1.66947000,0.05763897,0.07386978
124.40000000,5.12175000,1.64377000,0.05773100,0.07398671
124.60000000,5.12175000,1.64377000,0.05782233,0.07410364
124.80000000,5.12162000,1.64745000,0.05791375,0.07422086
125.00000000,5.12312000,1.61168000,0.05800428,0.07433554
125.20000000,5.12287000,1.66448000,0.05809528,0.07445396
125.40000000,5.12287000,1.66448000,0.05818776,0.07457234
125.60000000,5.12037000,1.65094000,0.05827985,0.07468982
125.80000000,5.12350000,1.71523000,0.05837335,0.07481183
126.00000000,5.12175000,1.65766000,0.05846705,0.07492978
126.20000000,5.12312000,1.59449000,0.05855738,0.07504323
126.40000000,5.12312000,1.59449000,0.05864597,0.07515665
126.60000000,5.12137000,1.63484000,0.05873567,0.07527291
126.80000000,5.12025000,1.64051000,0.05882665,0.07538966
127.00000000,5.12375000,1.62537000,0.05891737,0.07550532
127.20000000,5.12375000,1.62537000,0.05900767,0.07562097
127.40000000,5.12287000,1.64579000,0.05909853,0.07573808
127.60000000,5.12325000,1.59497000,0.05918856,0.07585156
127.80000000,5.12287000,1.64227000,0.05927848,0.07596840
128.00000000,5.12262000,1.71705000,0.05937179,0.07609057
128.20000000,5.12262000,1.71705000,0.05946719,0.07621271
128.40000000,5.12162000,1.66208000,0.05956105,0.07633097
128.60000000,5.12287000,1.66204000,0.05965339,0.07644922
128.80000000,5.12287000,1.63116000,0.05974486,0.07656528
129.00000000,5.12287000,1.63116000,0.05983548,0.07668135
129.20000000,5.12312000,1.65712000,0.05992683,0.07679923
129.40000000,5.12175000,1.63792000,0.06001835,0.07691575
129.60000000,5.12200000,1.60969000,0.06010857,0.07703026
129.80000000,5.12187000,1.69465000,0.06020035,0.07715081
130.00000000,5.12187000,1.69465000,0.06029450,0.07727138
130.20000000,5.12250000,1.62067000,0.06038659,0.07738669
130.40000000,5.12312000,1.69846000,0.06047879,0.07750752
130.60000000,5.12212000,1.67139000,0.06057240,0.07762643
130.80000000,5.12212000,1.67139000,0.06066525,0.07774532
131.00000000,5.12175000,1.60710000,0.06075632,0.07785966
131.20000000,5.12262000,1.64361000,0.06084662,0.07797659
131.40000000,5.12200000,1.62732000,0.06093748,0.07809235
131.60000000,5.12175000,1.66140000,0.06102883,0.07821054
131.80000000,5.12175000,1.66140000,0.06112113,0.07832874
132.00000000,5.12237000,1.67984000,0.06121394,0.07844827
132.20000000,5.12312000,1.70310000,0.06130791,0.07856945
132.40000000,5.12287000,1.67075000,0.06140163,0.07868832
132.60000000,5.12287000,1.67075000,0.06149445,0.07880719
132.80000000,5.12237000,1.60339000,0.06158540,0.07892127
133.00000000,5.12275000,1.67420000,0.06167644,0.07904039
133.20000000,5.12300000,1.69862000,0.06177013,0.07916125
133.40000000,5.12300000,1.69862000,0.06186450,0.07928213
133.60000000,5.12350000,1.66236000,0.06195786,0.07940042
133.80000000,5.12337000,1.61174000,0.06204881,0.07951507
134.00000000,5.12175000,1.63011000,0.06213886,0.07963100
134.20000000,5.12062000,1.63292000,0.06222950,0.07974713
134.40000000,5.12062000,1.63292000,0.06232022,0.07986332
134.60000000,5.12275000,1.60163000,0.06241007,0.07997726
134.80000000,5.12212000,1.66297000,0.06250075,0.08009555
135.00000000,5.12175000,1.67676000,0.06259352,0.08021483
135.20000000,5.12175000,1.67676000,0.06268667,0.08033412
135.40000000,5.12250000,1.67388000,0.06277975,0.08045320
135.60000000,5.12187000,1.66160000,0.06287240,0.08057140
135.80000000,5.12200000,1.58960000,0.06296271,0.08068451
136.00000000,5.12312000,1.65737000,0.06305290,0.08080244
136.20000000,5.12312000,1.65737000,0.06314498,0.08092035
136.40000000,5.12225000,1.65552000,0.06323701,0.08103811
136.60000000,5.12150000,1.61504000,0.06332785,0.08115303
136.80000000,5.12350000,1.72256000,0.06342057,0.08127561
137.00000000,5.12350000,1.72256000,0.06351626,0.08139818
137.20000000,5.12300000,1.72585000,0.06361205,0.08152098
137.40000000,5.12300000,1.75916000,0.06370886,0.08164615
137.60000000,5.12337000,1.73472000,0.06380591,0.08176956
137.80000000,5.12187000,1.76540000,0.06390314,0.08189514
138.00000000,5.12187000,1.76540000,0.06400121,0.08202076
138.20000000,5.12312000,1.69504000,0.06409734,0.08214134
138.40000000,5.12200000,1.74835000,0.06419299,0.08226575
138.60000000,5.12350000,1.70515000,0.06428892,0.08238709
138.80000000,5.12350000,1.70515000,0.06438365,0.08250845
139.00000000,5.12450000,1.74588000,0.06447951,0.08263269
139.20000000,5.12337000,1.73580000,0.06457622,0.08275620
139.40000000,5.12325000,1.70102000,0.06467169,0.08287723
139.60000000,5.12287000,1.80755000,0.06476915,0.08300584
139.80000000,5.12287000,1.80755000,0.06486957,0.08313447
140.00000000,5.12387000,1.68825000,0.06496668,0.08325458
140.20000000,5.12237000,1.74726000,0.06506211,0.08337893
140.40000000,5.12412000,1.80156000,0.06516068,0.08350711
140.60000000,5.12262000,1.70009000,0.06525795,0.08362806
140.80000000,5.12262000,1.70009000,0.06535240,0.08374908
141.00000000,5.12500000,1.74614000,0.06544813,0.08387331
141.20000000,5.12250000,1.71907000,0.06554439,0.08399565
141.40000000,5.12425000,1.69548000,0.06563924,0.08411632
141.60000000,5.12425000,1.69548000,0.06573343,0.08423693
141.80000000,5.12175000,1.65430000,0.06582648,0.08435463
142.00000000,5.12275000,1.64694000,0.06591818,0.08447181
142.20000000,5.12250000,1.62707000,0.06600912,0.08458753
142.40000000,5.12087000,1.70992000,0.06610182,0.08470914
142.60000000,5.12087000,1.70992000,0.06619681,0.08483084
142.80000000,5.12437000,1.61942000,0.06628930,0.08494610
143.00000000,5.12450000,1.70995000,0.06638178,0.08506773
143.20000000,5.12137000,1.69587000,0.06647638,0.08518836
143.40000000,5.12137000,1.69587000,0.06657060,0.08530900
143.60000000,5.12200000,1.65228000,0.06666360,0.08542657
143.80000000,5.12312000,1.71110000,0.06675703,0.08554831
144.00000000,5.12262000,1.73459000,0.06685274,0.08567172
144.20000000,5.12387000,1.70262000,0.06694822,0.08579289
144.40000000,5.12387000,1.70262000,0.06704281,0.08591398
144.60000000,5.12075000,1.70188000,0.06713738,0.08603509
144.80000000,5.12362000,1.67772000,0.06723126,0.08615448
145.00000000,5.12250000,1.71350000,0.06732546,0.08627638
145.20000000,5.12250000,1.71350000,0.06742065,0.08639832
145.40000000,5.12375000,1.73398000,0.06751642,0.08652168
145.60000000,5.12212000,1.70457000,0.06761193,0.08664299
145.80000000,5.12425000,1.74684000,0.06770781,0.08676732
146.00000000,5.12350000,1.70544000,0.06780370,0.08688867
146.20000000,5.12350000,1.70544000,0.06789845,0.08701002
146.40000000,5.12312000,1.65606000,0.06799182,0.08712787
146.60000000,5.12337000,1.72361000,0.06808570,0.08725051
146.80000000,5.12387000,1.71702000,0.06818128,0.08737271
147.00000000,5.12387000,1.71702000,0.06827667,0.08749484
147.20000000,5.12162000,1.69932000,0.06837156,0.08761580
147.40000000,5.12487000,1.70291000,0.06846607,0.08773696
147.60000000,5.12287000,1.72444000,0.06856128,0.08785966
147.80000000,5.12287000,1.72444000,0.06865708,0.08798235
148.00000000,5.12287000,1.69238000,0.06875199,0.08810275
148.20000000,5.12225000,1.63244000,0.06884435,0.08821888
148.40000000,5.12200000,1.66640000,0.06893598,0.08833743
148.60000000,5.12200000,1.66640000,0.06902856,0.08845600
148.80000000,5.12312000,1.65273000,0.06912076,0.08857357
149.00000000,5.12162000,1.63449000,0.06921207,0.08868984
149.20000000,5.12187000,1.59433000,0.06930176,0.08880326
149.40000000,5.12200000,1.67619000,0.06939260,0.08892250
149.60000000,5.12200000,1.67619000,0.06948573,0.08904177
149.80000000,5.12300000,1.65696000,0.06957831,0.08915965
150.00000000,5.12237000,1.68252000,0.06967108,0.08927936
150.20000000,5.12262000,1.57446000,0.06976155,0.08939137
150.40000000,5.12250000,1.64614000,0.06985101,0.08950849
150.60000000,5.12250000,1.64614000,0.06994246,0.08962557
150.80000000,5.12087000,1.66220000,0.07003436,0.08974385
151.00000000,5.12337000,1.65763000,0.07012658,0.08986174
151.20000000,5.12100000,1.69545000,0.07021972,0.08998233
151.40000000,5.12100000,1.69545000,0.07031391,0.09010301
151.60000000,5.12475000,1.64016000,0.07040657,0.09021970
151.80000000,5.12262000,1.67315000,0.07049860,0.09033874
152.00000000,5.12262000,1.59043000,0.07058926,0.09045190
152.20000000,5.12250000,1.66147000,0.07067959,0.09057010
152.40000000,5.12250000,1.66147000,0.07077189,0.09068832
152.60000000,5.12300000,1.69705000,0.07086518,0.09080905
152.80000000,5.12225000,1.66636000,0.07095861,0.09092761
153.00000000,5.12237000,1.66569000,0.07105117,0.09104611
153.20000000,5.12237000,1.66569000,0.07114371,0.09116464
153.40000000,5.12350000,1.60940000,0.07123468,0.09127914
153.60000000,5.12237000,1.67465000,0.07132591,0.09139831
153.80000000,5.12350000,1.65753000,0.07141847,0.09151622
154.00000000,5.12187000,1.63033000,0.07150980,0.09163219
154.20000000,5.12187000,1.63033000,0.07160037,0.09174821
154.40000000,5.12375000,1.62400000,0.07169077,0.09186374
154.60000000,5.12175000,1.64432000,0.07178155,0.09198074
154.80000000,5.12300000,1.71708000,0.07187493,0.09210291
155.00000000,5.12300000,1.71708000,0.07197032,0.09222510
155.20000000,5.12350000,1.74966000,0.07206662,0.09234958
155.40000000,5.12262000,1.74256000,0.07216362,0.09247355
155.60000000,5.12225000,1.69564000,0.07225913,0.09259422
155.80000000,5.12400000,1.71865000,0.07235397,0.09271654
156.00000000,5.12400000,1.71865000,0.07244945,0.09283883
156.20000000,5.12312000,1.71072000,0.07254471,0.09296051
156.40000000,5.12162000,1.69686000,0.07263937,0.09308128
156.60000000,5.12412000,1.68732000,0.07273337,0.09320136
156.80000000,5.12337000,1.62940000,0.07282550,0.09331731
157.00000000,5.12337000,1.62940000,0.07291603,0.09343326
157.20000000,5.12387000,1.65900000,0.07300737,0.09355129
157.40000000,5.12237000,1.64246000,0.07309908,0.09366812
157.60000000,5.12137000,1.64556000,0.07319041,0.09378517
157.80000000,5.12137000,1.64556000,0.07328183,0.09390224
158.00000000,5.12262000,1.64668000,0.07337328,0.09401943
158.20000000,5.12375000,1.68822000,0.07346592,0.09413957
158.40000000,5.12387000,1.67097000,0.07355923,0.09425848
158.60000000,5.12150000,1.68336000,0.07365241,0.09437822
158.80000000,5.12150000,1.68336000,0.07374593,0.09449805
159.00000000,5.12500000,1.66169000,0.07383884,0.09461625
159.20000000,5.12162000,1.62172000,0.07393005,0.09473163
159.40000000,5.12275000,1.64905000,0.07402090,0.09484896
159.60000000,5.12275000,1.64905000,0.07411252,0.09496631
159.80000000,5.12362000,1.63657000,0.07420378,0.09508276
160.00000000,5.12300000,1.66707000,0.07429555,0.09520137
160.20000000,5.12262000,1.61596000,0.07438675,0.09531634
160.40000000,5.12262000,1.62960000,0.07447690,0.09543228
160.60000000,5.12262000,1.62960000,0.07456744,0.09554823
160.80000000,5.12300000,1.66588000,0.07465898,0.09566674
161.00000000,5.12225000,1.59337000,0.07474951,0.09578010
161.20000000,5.12225000,1.64028000,0.07483934,0.09589679
161.40000000,5.12225000,1.64028000,0.07493046,0.09601350
161.60000000,5.12287000,1.61824000,0.07502098,0.09612863
161.80000000,5.12250000,1.66076000,0.07511206,0.09624679
162.00000000,5.12250000,1.67017000,0.07520459,0.09636561
162.20000000,5.12250000,1.67017000,0.07529737,0.09648446
162.40000000,5.12350000,1.70681000,0.07539118,0.09660593
162.60000000,5.12387000,1.68227000,0.07548532,0.09672559
162.80000000,5.12150000,1.65526000,0.07557803,0.09684333
163.00000000,5.12300000,1.64675000,0.07566975,0.09696050
163.20000000,5.12300000,1.64675000,0.07576124,0.09707766
163.40000000,5.12237000,1.68009000,0.07585365,0.09719723
163.60000000,5.12425000,1.65267000,0.07594623,0.09731480
163.80000000,5.12200000,1.66035000,0.07603825,0.09743292
164.00000000,5.12200000,1.66035000,0.07613050,0.09755104
164.20000000,5.12237000,1.72176000,0.07622444,0.09767354
164.40000000,5.12262000,1.71152000,0.07631981,0.09779532
164.60000000,5.12300000,1.72691000,0.07641532,0.09791819
164.80000000,5.12300000,1.72691000,0.07651126,0.09804108
165.00000000,5.12337000,1.68416000,0.07660602,0.09816091
165.20000000,5.12300000,1.74851000,0.07670137,0.09828531
165.40000000,5.12262000,1.72195000,0.07679777,0.09840783
165.60000000,5.12287000,1.68992000,0.07689254,0.09852807
165.80000000,5.12287000,1.68992000,0.07698643,0.09864829
166.00000000,5.12187000,1.65443000,0.07707933,0.09876604
166.20000000,5.12450000,1.62620000,0.07717045,0.09888171
166.40000000,5.12137000,1.65699000,0.07726165,0.09899957
166.60000000,5.12112000,1.65308000,0.07735360,0.09911714
166.80000000,5.12112000,1.65308000,0.07744544,0.09923478
167.00000000,5.12350000,1.64649000,0.07753709,0.09935187
167.20000000,5.12062000,1.71097000,0.07763036,0.09947361
167.40000000,5.12287000,1.64150000,0.07772348,0.09959041
167.60000000,5.12287000,1.64150000,0.07781467,0.09970721
167.80000000,5.12350000,1.68425000,0.07790706,0.09982701
168.00000000,5.12100000,1.66467000,0.07800008,0.09994544
168.20000000,5.12250000,1.66886000,0.07809268,0.10006420
168.40000000,5.12387000,1.70883000,0.07818650,0.10018581
168.60000000,5.12387000,1.70883000,0.07828144,0.10030740
168.80000000,5.12300000,1.69369000,0.07837595,0.10042793
169.00000000,5.12362000,1.75734000,0.07847182,0.10055297
169.20000000,5.12300000,1.72080000,0.07856843,0.10067541
169.40000000,5.12300000,1.72080000,0.07866403,0.10079786
169.60000000,5.12362000,1.73856000,0.07876012,0.10092154
169.80000000,5.12187000,1.72972000,0.07885647,0.10104463
170.00000000,5.12362000,1.72035000,0.07895230,0.10116699
170.20000000,5.12125000,1.57788000,0.07904392,0.10127922
170.40000000,5.12125000,1.57788000,0.07913158,0.10139149
170.60000000,5.12287000,1.67363000,0.07922190,0.10151055
170.80000000,5.12175000,1.65145000,0.07931426,0.10162806
171.00000000,5.12350000,1.66358000,0.07940635,0.10174644
171.20000000,5.12350000,1.66358000,0.07949877,0.10186478
171.40000000,5.12175000,1.62336000,0.07959007,0.10198028
171.60000000,5.12275000,1.64889000,0.07968097,0.10209759
171.80000000,5.12212000,1.65110000,0.07977263,0.10221507
172.00000000,5.12337000,1.69427000,0.07986556,0.10233564
172.20000000,5.12337000,1.69427000,0.07995969,0.10245616
172.40000000,5.12187000,1.59648000,0.08005110,0.10256971
172.60000000,5.12075000,1.64761000,0.08014121,0.10268694
172.80000000,5.12312000,1.65209000,0.08023287,0.10280449
173.00000000,5.12312000,1.65209000,0.08032465,0.10292201
173.20000000,5.12150000,1.63635000,0.08041600,0.10303845
173.40000000,5.12325000,1.70390000,0.08050878,0.10315969
173.60000000,5.12325000,1.73539000,0.08060432,0.10328317
173.80000000,5.12237000,1.68537000,0.08069934,0.10340308
174.00000000,5.12237000,1.68537000,0.08079297,0.10352303
174.20000000,5.12425000,1.70361000,0.08088711,0.10364425
174.40000000,5.12325000,1.70448000,0.08098178,0.10376551
174.60000000,5.12250000,1.68508000,0.08107593,0.10388540
174.80000000,5.12250000,1.68508000,0.08116955,0.10400532
175.00000000,5.12375000,1.73644000,0.08126459,0.10412887
175.20000000,5.12312000,1.66265000,0.08135901,0.10424719
175.40000000,5.12375000,1.69257000,0.08145221,0.10436764
175.60000000,5.12175000,1.66326000,0.08154543,0.10448596
175.80000000,5.12175000,1.66326000,0.08163783,0.10460433
176.00000000,5.12412000,1.69478000,0.08173111,0.10472494
176.20000000,5.12387000,1.74915000,0.08182677,0.10484937
176.40000000,5.12200000,1.71836000,0.08192309,0.10497161
176.60000000,5.12200000,1.71836000,0.08201856,0.10509389
176.80000000,5.12337000,1.67734000,0.08211288,0.10521321
177.00000000,5.12175000,1.71305000,0.08220706,0.10533511
177.20000000,5.12387000,1.74748000,0.08230319,0.10545947
177.40000000,5.12300000,1.64809000,0.08239751,0.10557674
177.60000000,5.12300000,1.64809000,0.08248907,0.10569403
177.80000000,5.12387000,1.72153000,0.08258267,0.10581654
178.00000000,5.12387000,1.78332000,0.08268003,0.10594342
178.20000000,5.12262000,1.68700000,0.08277642,0.10606344
178.40000000,5.12262000,1.68700000,0.08287015,0.10618345
178.60000000,5.12200000,1.59910000,0.08296143,0.10629720
178.80000000,5.12125000,1.62672000,0.08305103,0.10641290
179.00000000,5.12125000,1.66348000,0.08314243,0.10653122
179.20000000,5.12125000,1.66348000,0.08323484,0.10664956
179.40000000,5.12212000,1.61123000,0.08332581,0.10676419
179.60000000,5.12225000,1.63283000,0.08341592,0.10688038
179.80000000,5.12337000,1.68201000,0.08350800,0.10700004
180.00000000,5.12237000,1.66425000,0.08360095,0.10711845
180.20000000,5.12237000,1.66425000,0.08369341,0.10723690
180.40000000,5.12462000,1.67027000,0.08378603,0.10735571
180.60000000,5.12162000,1.66582000,0.08387870,0.10747423
180.80000000,5.12250000,1.61273000,0.08396977,0.10758897
181.00000000,5.12250000,1.61273000,0.08405937,0.10770371
181.20000000,5.12275000,1.65616000,0.08415017,0.10782157
181.40000000,5.12400000,1.60332000,0.08424071,0.10793563
181.60000000,5.12187000,1.63491000,0.08433066,0.10805192
181.80000000,5.12150000,1.64585000,0.08442180,0.10816900
182.00000000,5.12150000,1.64585000,0.08451323,0.10828610
182.20000000,5.12287000,1.58224000,0.08460290,0.10839867
182.40000000,5.12237000,1.66636000,0.08469314,0.10851723
182.60000000,5.12287000,1.66521000,0.08478568,0.10863574
182.80000000,5.12425000,1.67545000,0.08487848,0.10875499
183.00000000,5.12425000,1.67545000,0.08497156,0.10887418
183.20000000,5.12237000,1.63408000,0.08506349,0.10899047
183.40000000,5.12362000,1.68899000,0.08515580,0.10911065
183.60000000,5.12325000,1.66784000,0.08524904,0.10922933
183.80000000,5.12325000,1.66784000,0.08534170,0.10934800
184.00000000,5.12312000,1.63532000,0.08543346,0.10946432
184.20000000,5.12137000,1.59936000,0.08552331,0.10957812
184.40000000,5.12312000,1.74835000,0.08561630,0.10970252
184.60000000,5.12275000,1.69254000,0.08571188,0.10982294
184.80000000,5.12275000,1.69254000,0.08580591,0.10994337
185.00000000,5.12312000,1.63712000,0.08589840,0.11005985
185.20000000,5.12275000,1.63654000,0.08598934,0.11017629
185.40000000,5.12262000,1.68889000,0.08608171,0.11029645
185.60000000,5.12262000,1.68889000,0.08617554,0.11041659
185.80000000,5.12200000,1.63456000,0.08626786,0.11053288
186.00000000,5.12237000,1.65328000,0.08635918,0.11065051
186.20000000,5.12275000,1.60777000,0.08644977,0.11076488
186.40000000,5.12187000,1.63721000,0.08653991,0.11088135
186.60000000,5.12187000,1.63721000,0.08663086,0.11099777
186.80000000,5.12000000,1.63750000,0.08672183,0.11111430
187.00000000,5.12375000,1.65030000,0.08681316,0.11123175
187.20000000,5.12412000,1.65500000,0.08690497,0.11134954
187.40000000,5.12412000,1.65500000,0.08699691,0.11146725
187.60000000,5.12100000,1.65040000,0.08708873,0.11158468
187.80000000,5.12300000,1.60976000,0.08717929,0.11169921
188.00000000,5.12250000,1.62310000,0.08726909,0.11181466
188.20000000,5.12162000,1.66947000,0.08736055,0.11193342
188.40000000,5.12162000,1.66947000,0.08745330,0.11205220
188.60000000,5.12275000,1.68492000,0.08754648,0.11217211
188.80000000,5.12387000,1.60560000,0.08763788,0.11228636
189.00000000,5.12325000,1.62828000,0.08772771,0.11240222
189.20000000,5.12187000,1.63267000,0.08781829,0.11251836
189.40000000,5.12187000,1.63267000,0.08790900,0.11263450
189.60000000,5.12150000,1.65132000,0.08800022,0.11275197
189.80000000,5.12200000,1.62380000,0.08809119,0.11286748
190.00000000,5.12187000,1.66243000,0.08818248,0.11298574
190.20000000,5.12187000,1.66243000,0.08827484,0.11310398
190.40000000,5.12100000,1.67676000,0.08836759,0.11322330
190.60000000,5.12362000,1.67721000,0.08846076,0.11334257
190.80000000,5.11975000,1.69360000,0.08855439,0.11346310
191.00000000,5.12425000,1.71916000,0.08864919,0.11358545
191.20000000,5.12425000,1.71916000,0.08874470,0.11370779
191.40000000,5.12350000,1.72172000,0.08884028,0.11383032
191.60000000,5.12400000,1.73664000,0.08893634,0.11395391
191.80000000,5.12312000,1.71116000,0.08903212,0.11407566
192.00000000,5.12312000,1.71116000,0.08912718,0.11419740
192.20000000,5.12225000,1.68931000,0.08922164,0.11431763
192.40000000,5.12412000,1.74579000,0.08931706,0.11444182
192.60000000,5.12187000,1.75420000,0.08941428,0.11456661
192.80000000,5.12187000,1.75420000,0.08951174,0.11469143
193.00000000,5.12350000,1.68723000,0.08960733,0.11481150
193.20000000,5.12375000,1.68764000,0.08970108,0.11493155
193.40000000,5.12150000,1.70198000,0.08979523,0.11505261
193.60000000,5.12425000,1.75350000,0.08989122,0.11517741
193.80000000,5.12425000,1.75350000,0.08998864,0.11530219
194.00000000,5.12362000,1.71091000,0.09008487,0.11542391
194.20000000,5.12250000,1.66006000,0.09017851,0.11554203
194.40000000,5.12287000,1.63472000,0.09027003,0.11565834
194.60000000,5.12287000,1.63472000,0.09036085,0.11577461
194.80000000,5.12100000,1.59363000,0.09045052,0.11588802
195.00000000,5.12362000,1.68208000,0.09054151,0.11600766
195.20000000,5.12137000,1.65027000,0.09063408,0.11612505
195.40000000,5.12200000,1.67859000,0.09072655,0.11624446
195.60000000,5.12200000,1.67859000,0.09081980,0.11636389
195.80000000,5.12275000,1.72499000,0.09091435,0.11648662
196.00000000,5.12275000,1.66624000,0.09100855,0.11660517
196.20000000,5.12275000,1.63660000,0.09110029,0.11672162
196.40000000,5.12275000,1.63660000,0.09119122,0.11683806
196.60000000,5.12287000,1.61865000,0.09128164,0.11695322
196.80000000,5.12225000,1.67446000,0.09137311,0.11707235
197.00000000,5.12250000,1.64352000,0.09146528,0.11718928
197.20000000,5.12250000,1.64352000,0.09155659,0.11730620
197.40000000,5.12200000,1.62412000,0.09164735,0.11742175
197.60000000,5.12287000,1.59446000,0.09173676,0.11753516
197.80000000,5.12112000,1.63388000,0.09182644,0.11765145
198.00000000,5.12437000,1.61900000,0.09191679,0.11776668
198.20000000,5.12437000,1.61900000,0.09200674,0.11788185
198.40000000,5.12200000,1.63811000,0.09209721,0.11799836
198.60000000,5.12100000,1.62889000,0.09218796,0.11811424
198.80000000,5.12225000,1.63334000,0.09227858,0.11823044
199.00000000,5.12212000,1.62588000,0.09236912,0.11834611
199.20000000,5.12212000,1.62588000,0.09245944,0.11846178
199.40000000,5.12225000,1.67216000,0.09255105,0.11858072
199.60000000,5.12150000,1.64659000,0.09264324,0.11869789
199.80000000,5.12325000,1.60073000,0.09273344,0.11881179
200.00000000,5.12325000,1.60073000,0.09282237,0.11892567
200.20000000,5.12225000,1.69852000,0.09291402,0.11904648
200.40000000,5.12112000,1.65913000,0.09300729,0.11916449
200.60000000,5.12137000,1.63766000,0.09309887,0.11928101
200.80000000,5.12275000,1.61862000,0.09318932,0.11939617
201.00000000,5.12275000,1.61862000,0.09327924,0.11951133
201.20000000,5.12225000,1.64707000,0.09336995,0.11962852
201.40000000,5.12312000,1.69769000,0.09346286,0.11974931
201.60000000,5.12250000,1.68272000,0.09355676,0.11986903
201.80000000,5.12250000,1.68272000,0.09365025,0.11998872
202.00000000,5.12162000,1.68508000,0.09374380,0.12010858
202.20000000,5.12125000,1.56803000,0.09383416,0.12022012
202.40000000,5.12175000,1.72096000,0.09392552,0.12034262
202.60000000,5.12475000,1.65996000,0.09401944,0.12046077
202.80000000,5.12475000,1.65996000,0.09411166,0.12057880
203.00000000,5.11950000,1.66134000,0.09420392,0.12069699
203.20000000,5.12250000,1.64150000,0.09429566,0.12081373
203.40000000,5.12025000,1.63792000,0.09438676,0.12093021
203.60000000,5.12025000,1.63792000,0.09447775,0.12104681
203.80000000,5.12537000,1.62985000,0.09456852,0.12116278
204.00000000,5.12325000,1.67843000,0.09466042,0.12128220
204.20000000,5.12275000,1.62784000,0.09475226,0.12139807
204.40000000,5.12500000,1.72169000,0.09484530,0.12152062
204.60000000,5.12500000,1.72169000,0.09494095,0.12164308
204.80000000,5.12100000,1.59171000,0.09503299,0.12175631
205.00000000,5.12212000,1.65222000,0.09512310,0.12187390
205.20000000,5.12437000,1.65923000,0.09521509,0.12199199
205.40000000,5.12437000,1.65923000,0.09530727,0.12211003
205.60000000,5.12212000,1.65593000,0.09539935,0.12222783
205.80000000,5.12175000,1.61564000,0.09549023,0.12234279
206.00000000,5.12337000,1.75280000,0.09558380,0.12246752
206.20000000,5.12337000,1.63481000,0.09567790,0.12258385
206.40000000,5.12337000,1.63481000,0.09576872,0.12270016
206.60000000,5.12262000,1.65177000,0.09586002,0.12281766
206.80000000,5.12175000,1.65459000,0.09595186,0.12293536
207.00000000,5.12200000,1.67433000,0.09604433,0.12305447
207.20000000,5.12200000,1.67433000,0.09613735,0.12317359
207.40000000,5.12262000,1.62489000,0.09622899,0.12328923
207.60000000,5.12375000,1.62796000,0.09631935,0.12340505
207.80000000,5.12250000,1.59148000,0.09640878,0.12351828
208.00000000,5.12337000,1.66531000,0.09649924,0.12363678
208.20000000,5.12337000,1.66531000,0.09659176,0.12375526
208.40000000,5.12262000,1.67353000,0.09668451,0.12387434
208.60000000,5.12325000,1.68096000,0.09677769,0.12399395
208.80000000,5.12350000,1.64262000,0.09687001,0.12411084
209.00000000,5.12350000,1.64262000,0.09696127,0.12422770
209.20000000,5.12212000,1.70931000,0.09705438,0.12434931
209.40000000,5.12250000,1.69072000,0.09714882,0.12446962
209.60000000,5.12362000,1.69232000,0.09724279,0.12459005
209.80000000,5.12362000,1.69232000,0.09733681,0.12471046
210.00000000,5.12312000,1.72806000,0.09743182,0.12483341
210.20000000,5.12237000,1.72931000,0.09752786,0.12495647
210.40000000,5.12387000,1.77059000,0.09762508,0.12508242
210.60000000,5.12175000,1.70483000,0.09772162,0.12520370
210.80000000,5.12175000,1.70483000,0.09781633,0.12532505
211.00000000,5.12500000,1.70128000,0.09791095,0.12544608
211.20000000,5.12200000,1.58300000,0.09800218,0.12555871
211.40000000,5.12300000,1.62262000,0.09809122,0.12567416
211.60000000,5.12300000,1.62262000,0.09818137,0.12578959
211.80000000,5.12187000,1.65443000,0.09827240,0.12590729
212.00000000,5.12225000,1.60412000,0.09836291,0.12602140
212.20000000,5.12162000,1.63289000,0.09845283,0.12613756
212.40000000,5.12200000,1.61827000,0.09854314,0.12625268
212.60000000,5.12200000,1.61827000,0.09863304,0.12636782
212.80000000,5.12275000,1.60569000,0.09872260,0.12648204
213.00000000,5.12175000,1.67443000,0.09881371,0.12660117
213.20000000,5.12225000,1.65718000,0.09890626,0.12671906
213.40000000,5.12225000,1.65718000,0.09899832,0.12683696
213.60000000,5.12250000,1.63718000,0.09908983,0.12695344
213.80000000,5.12262000,1.62489000,0.09918044,0.12706907
214.00000000,5.12350000,1.68611000,0.09927242,0.12718900
214.20000000,5.12112000,1.63139000,0.09936457,0.12730503
214.40000000,5.12112000,1.63139000,0.09945520,0.12742112
214.60000000,5.12337000,1.64492000,0.09954621,0.12753818
214.80000000,5.12362000,1.66483000,0.09963815,0.12765659
215.00000000,5.12137000,1.65241000,0.09973029,0.12777413
215.20000000,5.12137000,1.65241000,0.09982209,0.12789170
215.40000000,5.12287000,1.64192000,0.09991360,0.12800852
215.60000000,5.12250000,1.65862000,0.10000528,0.12812651
215.80000000,5.12212000,1.67148000,0.10009779,0.12824541
216.00000000,5.12137000,1.63932000,0.10018975,0.12836201
216.20000000,5.12137000,1.63932000,0.10028083,0.12847860
216.40000000,5.12087000,1.58057000,0.10037027,0.12859100
216.60000000,5.11987000,1.67526000,0.10046071,0.12871022
216.80000000,5.12400000,1.66092000,0.10055338,0.12882839
217.00000000,5.12262000,1.62896000,0.10064477,0.12894429
217.20000000,5.12262000,1.62896000,0.10073526,0.12906014
217.40000000,5.12062000,1.57952000,0.10082439,0.12917249
217.60000000,5.12137000,1.63014000,0.10091355,0.12928845
217.80000000,5.12175000,1.67145000,0.10100526,0.12940735
218.00000000,5.12175000,1.67145000,0.10109811,0.12952626
218.20000000,5.12225000,1.69158000,0.10119153,0.12964659
218.40000000,5.12187000,1.73433000,0.10128670,0.12976999
218.60000000,5.12275000,1.74348000,0.10138330,0.12989403
218.80000000,5.12237000,1.78201000,0.10148123,0.13002081
219.00000000,5.12237000,1.78201000,0.10158023,0.13014760
219.20000000,5.12300000,1.67430000,0.10167624,0.13026673
219.40000000,5.12300000,1.71750000,0.10177046,0.13038893
219.60000000,5.12250000,1.64364000,0.10186382,0.13050587
219.80000000,5.12250000,1.64364000,0.10195514,0.13062281
220.00000000,5.12300000,1.64211000,0.10204641,0.13073963
220.20000000,5.12175000,1.67987000,0.10213868,0.13085911
220.40000000,5.12112000,1.67510000,0.10223188,0.13097825
220.60000000,5.12437000,1.61705000,0.10232333,0.13109334
220.80000000,5.12437000,1.61705000,0.10241316,0.13120835
221.00000000,5.12075000,1.60963000,0.10250279,0.13132290
221.20000000,5.12387000,1.65756000,0.10259355,0.13144083
221.40000000,5.12275000,1.69251000,0.10268661,0.13156125
221.60000000,5.12275000,1.69251000,0.10278063,0.13168170
221.80000000,5.12362000,1.68915000,0.10287457,0.13180188
222.00000000,5.12300000,1.70854000,0.10296895,0.13192339
222.20000000,5.12062000,1.70438000,0.10306375,0.13204471
222.40000000,5.12475000,1.68656000,0.10315795,0.13216475
222.60000000,5.12475000,1.68656000,0.10325164,0.13228477
222.80000000,5.12350000,1.74403000,0.10334694,0.13240887
223.00000000,5.12325000,1.66032000,0.10344150,0.13252700
223.20000000,5.12275000,1.69670000,0.10353475,0.13264772
223.40000000,5.12275000,1.69670000,0.10362901,0.13276840
223.60000000,5.12125000,1.69433000,0.10372321,0.13288901
223.80000000,5.12537000,1.74748000,0.10381882,0.13301338
224.00000000,5.12412000,1.71936000,0.10391512,0.13313574
224.20000000,5.12412000,1.71936000,0.10401064,0.13325808
224.40000000,5.12325000,1.78268000,0.10410792,0.13338496
224.60000000,5.12425000,1.69372000,0.10420448,0.13350545
224.80000000,5.12212000,1.67280000,0.10429800,0.13362448
225.00000000,5.12312000,1.67878000,0.10439110,0.13374393
225.20000000,5.12312000,1.67878000,0.10448436,0.13386338
225.40000000,5.12300000,1.71763000,0.10457871,0.13398563
225.60000000,5.12462000,1.72729000,0.10467440,0.13410855
225.80000000,5.12387000,1.76892000,0.10477152,0.13423444
226.00000000,5.12387000,1.76892000,0.10486979,0.13436030
226.20000000,5.12287000,1.62681000,0.10496411,0.13447602
226.40000000,5.12175000,1.64259000,0.10505493,0.13459287
226.60000000,5.12187000,1.63721000,0.10514604,0.13470936
226.80000000,5.12262000,1.61795000,0.10523646,0.13482447
227.00000000,5.12262000,1.61795000,0.10532634,0.13493959
227.20000000,5.12287000,1.67673000,0.10541786,0.13505890
227.40000000,5.12337000,1.69056000,0.10551140,0.13517918
227.60000000,5.12250000,1.66723000,0.10560467,0.13529779
227.80000000,5.12250000,1.66723000,0.10569729,0.13541640
228.00000000,5.12200000,1.76550000,0.10579265,0.13554206
228.20000000,5.12462000,1.73638000,0.10588992,0.13566559
228.40000000,5.12225000,1.69078000,0.10598512,0.13578589
228.60000000,5.12275000,1.66707000,0.10607840,0.13590450
228.80000000,5.12275000,1.66707000,0.10617101,0.13602310
229.00000000,5.12237000,1.73331000,0.10626547,0.13614640
229.20000000,5.12175000,1.69449000,0.10636068,0.13626693
229.40000000,5.12162000,1.70259000,0.10645505,0.13638804
229.60000000,5.12162000,1.70259000,0.10654963,0.13650918
229.80000000,5.12275000,1.73116000,0.10664502,0.13663239
230.00000000,5.12412000,1.72473000,0.10674101,0.13675506
230.20000000,5.12100000,1.68620000,0.10683576,0.13687506
230.40000000,5.12412000,1.68441000,0.10692939,0.13699494
230.60000000,5.12412000,1.68441000,0.10702297,0.13711480
230.80000000,5.12350000,1.63475000,0.10711517,0.13723106
231.00000000,5.12037000,1.63395000,0.10720596,0.13734734
231.20000000,5.12375000,1.66697000,0.10729766,0.13746596
231.40000000,5.12375000,1.66697000,0.10739026,0.13758456
231.60000000,5.12250000,1.58707000,0.10748065,0.13769750
231.80000000,5.12387000,1.67308000,0.10757121,0.13781655
232.00000000,5.12300000,1.66294000,0.10766388,0.13793489
232.20000000,5.12362000,1.66073000,0.10775621,0.13805306
232.40000000,5.12362000,1.66073000,0.10784847,0.13817122
232.60000000,5.12275000,1.61884000,0.10793957,0.13828642
232.80000000,5.12325000,1.67513000,0.10803107,0.13840563
233.00000000,5.12425000,1.68761000,0.10812448,0.13852568
233.20000000,5.12162000,1.61660000,0.10821626,0.13864067
233.40000000,5.12162000,1.61660000,0.10830607,0.13875571
233.60000000,5.12337000,1.64534000,0.10839668,0.13887274
233.80000000,5.12137000,1.63824000,0.10848789,0.13898934
234.00000000,5.12425000,1.66201000,0.10857956,0.13910762
234.20000000,5.12425000,1.66201000,0.10867190,0.13922586
234.40000000,5.12212000,1.66358000,0.10876428,0.13934421
234.60000000,5.12250000,1.69344000,0.10885753,0.13946472
234.80000000,5.12350000,1.63603000,0.10895001,0.13958111
235.00000000,5.12237000,1.61020000,0.10904018,0.13969567
235.20000000,5.12237000,1.61020000,0.10912964,0.13981025
235.40000000,5.12337000,1.66598000,0.10922065,0.13992878
235.60000000,5.12262000,1.63171000,0.10931225,0.14004486
235.80000000,5.12237000,1.59043000,0.10940175,0.14015801
236.00000000,5.12237000,1.59043000,0.10949011,0.14027116
236.20000000,5.12212000,1.63724000,0.10957977,0.14038764
236.40000000,5.12250000,1.64192000,0.10967085,0.14050446
236.60000000,5.12262000,1.60016000,0.10976091,0.14061831
236.80000000,5.12300000,1.67091000,0.10985178,0.14073720
237.00000000,5.12300000,1.67091000,0.10994460,0.14085608
237.20000000,5.12262000,1.64460000,0.11003670,0.14097309
237.40000000,5.12287000,1.62441000,0.11012751,0.14108866
237.60000000,5.12237000,1.66803000,0.11021896,0.14120733
237.80000000,5.12237000,1.66803000,0.11031163,0.14132601
238.00000000,5.12300000,1.66470000,0.11040421,0.14144447
238.20000000,5.12337000,1.68864000,0.11049736,0.14156461
238.40000000,5.12262000,1.63808000,0.11058976,0.14168116
238.60000000,5.12287000,1.65174000,0.11068115,0.14179868
238.80000000,5.12287000,1.65174000,0.11077291,0.14191623
239.00000000,5.12400000,1.64857000,0.11086459,0.14203351
239.20000000,5.12200000,1.66492000,0.11095663,0.14215195
239.40000000,5.12275000,1.62540000,0.11104803,0.14226760
239.60000000,5.12275000,1.62540000,0.11113833,0.14238326
239.80000000,5.12337000,1.66329000,0.11122968,0.14250160
240.00000000,5.12275000,1.64534000,0.11132159,0.14261868
240.20000000,5.12375000,1.67286000,0.11141376,0.14273773
240.40000000,5.12375000,1.67286000,0.11150669,0.14285676
240.60000000,5.12300000,1.68508000,0.11159997,0.14297665
240.80000000,5.12287000,1.56697000,0.11169031,0.14308811
241.00000000,5.12100000,1.66924000,0.11178020,0.14320683
241.20000000,5.12100000,1.66924000,0.11187294,0.14332558
241.40000000,5.12225000,1.63587000,0.11196474,0.14344197
241.60000000,5.12250000,1.62140000,0.11205522,0.14355731
241.80000000,5.12162000,1.63612000,0.11214571,0.14367369
242.00000000,5.12175000,1.63804000,0.11223666,0.14379021
242.20000000,5.12175000,1.63804000,0.11232766,0.14390670
242.40000000,5.12012000,1.62336000,0.11241826,0.14402225
242.60000000,5.12475000,1.63052000,0.11250864,0.14413823
242.80000000,5.12162000,1.63680000,0.11259940,0.14425466
243.00000000,5.12212000,1.66486000,0.11269111,0.14437310
243.20000000,5.12212000,1.66486000,0.11278361,0.14449156
243.40000000,5.12287000,1.67027000,0.11287625,0.14461038
243.60000000,5.12187000,1.68480000,0.11296944,0.14473026
243.80000000,5.12312000,1.62816000,0.11306147,0.14484611
244.00000000,5.12312000,1.62816000,0.11315192,0.14496195
244.20000000,5.12262000,1.63593000,0.11324259,0.14507833
244.40000000,5.12237000,1.65075000,0.11333389,0.14519575
244.60000000,5.12150000,1.67497000,0.11342627,0.14531493
244.80000000,5.12275000,1.62995000,0.11351807,0.14543090
245.00000000,5.12275000,1.62995000,0.11360863,0.14554688
245.20000000,5.12325000,1.71884000,0.11370165,0.14566918
245.40000000,5.12312000,1.74089000,0.11379775,0.14579304
245.60000000,5.12262000,1.68441000,0.11389290,0.14591288
245.80000000,5.12262000,1.68441000,0.11398648,0.14603274
246.00000000,5.12325000,1.69747000,0.11408042,0.14615352
246.20000000,5.12287000,1.69481000,0.11417465,0.14627407
246.40000000,5.12162000,1.67465000,0.11426825,0.14639324
246.60000000,5.12350000,1.71334000,0.11436236,0.14651516
246.80000000,5.12350000,1.71334000,0.11445754,0.14663709
247.00000000,5.12362000,1.73184000,0.11455324,0.14676031
247.20000000,5.12275000,1.73299000,0.11464949,0.14688365
247.40000000,5.12462000,1.68761000,0.11474450,0.14700377
247.60000000,5.12462000,1.68761000,0.11483826,0.14712385
247.80000000,5.12337000,1.72880000,0.11493316,0.14724687
248.00000000,5.12325000,1.74409000,0.11502963,0.14737096
248.20000000,5.12275000,1.69769000,0.11512523,0.14749178
248.40000000,5.12412000,1.71334000,0.11521998,0.14761372
248.60000000,5.12412000,1.71334000,0.11531517,0.14773561
248.80000000,5.12225000,1.73894000,0.11541107,0.14785936
249.00000000,5.12375000,1.73926000,0.11550768,0.14798309
249.20000000,5.12225000,1.71638000,0.11560367,0.14810520
249.40000000,5.12225000,1.71638000,0.11569903,0.14822734
249.60000000,5.12375000,1.71120000,0.11579424,0.14834911
249.80000000,5.12362000,1.61516000,0.11588664,0.14846399
250.00000000,5.12075000,1.64819000,0.11597729,0.14858121
250.20000000,5.12075000,1.61494000,0.11606793,0.14869606
250.40000000,5.12075000,1.61494000,0.11615765,0.14881100
250.60000000,5.12437000,1.65916000,0.11624859,0.14892902
250.80000000,5.12150000,1.67270000,0.11634115,0.14904804
251.00000000,5.12287000,1.68534000,0.11643443,0.14916795
251.20000000,5.12287000,1.68534000,0.11652806,0.14928781
251.40000000,5.12050000,1.63312000,0.11662023,0.14940402
251.60000000,5.12362000,1.61984000,0.11671059,0.14951926
251.80000000,5.12225000,1.65315000,0.11680151,0.14963687
252.00000000,5.12225000,1.65315000,0.11689335,0.14975444
252.20000000,5.12062000,1.63657000,0.11698473,0.14987087
252.40000000,5.12225000,1.66768000,0.11707652,0.14998953
252.60000000,5.12287000,1.65545000,0.11716883,0.15010729
252.80000000,5.12150000,1.60787000,0.11725948,0.15022166
253.00000000,5.12150000,1.60787000,0.11734880,0.15033606
253.20000000,5.12287000,1.66960000,0.11743984,0.15045485
253.40000000,5.12300000,1.69424000,0.11753328,0.15057540
253.60000000,5.12300000,1.67715000,0.11762693,0.15069474
253.80000000,5.12062000,1.60646000,0.11771814,0.15080899
254.00000000,5.12062000,1.60646000,0.11780739,0.15092332
254.20000000,5.12412000,1.64995000,0.11789785,0.15104072
254.40000000,5.12337000,1.67945000,0.11799033,0.15116018
254.60000000,5.12112000,1.66998000,0.11808337,0.15127896
254.80000000,5.12112000,1.66998000,0.11817615,0.15139780
255.00000000,5.12362000,1.67299000,0.11826901,0.15151681
255.20000000,5.12212000,1.65427000,0.11836143,0.15163450
255.40000000,5.12212000,1.63353000,0.11845276,0.15175071
255.60000000,5.12212000,1.63353000,0.11854351,0.15186696
255.80000000,5.12375000,1.64544000,0.11863459,0.15198401
256.00000000,5.12200000,1.65510000,0.11872627,0.15210174
256.20000000,5.12150000,1.62761000,0.11881746,0.15221751
256.40000000,5.12137000,1.61363000,0.11890750,0.15233229
256.60000000,5.12137000,1.61363000,0.11899714,0.15244708
256.80000000,5.12200000,1.65600000,0.11908796,0.15256491
257.00000000,5.12275000,1.64985000,0.11917979,0.15268229
257.20000000,5.12250000,1.65094000,0.11927148,0.15279975
257.40000000,5.12250000,1.65094000,0.11936320,0.15291716
257.60000000,5.12075000,1.58051000,0.11945296,0.15302960
257.80000000,5.12225000,1.64342000,0.11954252,0.15314652
258.00000000,5.12212000,1.65865000,0.11963424,0.15326449
258.20000000,5.12100000,1.61372000,0.11972514,0.15337926
258.40000000,5.12100000,1.61372000,0.11981479,0.15349409
258.60000000,5.12325000,1.67516000,0.11990615,0.15361328
258.80000000,5.12287000,1.63980000,0.11999823,0.15372992
259.00000000,5.12137000,1.63628000,0.12008923,0.15384631
259.20000000,5.12137000,1.63628000,0.12018014,0.15396271
259.40000000,5.12187000,1.65872000,0.12027167,0.15408073
259.60000000,5.12287000,1.64707000,0.12036349,0.15419792
259.80000000,5.12312000,1.71024000,0.12045675,0.15431957
260.00000000,5.12137000,1.60860000,0.12054894,0.15443399
260.20000000,5.12137000,1.60860000,0.12063831,0.15454844
260.40000000,5.12237000,1.66284000,0.12072918,0.15466675
260.60000000,5.12287000,1.69334000,0.12082241,0.15478726
260.80000000,5.12412000,1.64598000,0.12091517,0.15490433
261.00000000,5.12075000,1.56726000,0.12100443,0.15501579
261.20000000,5.12075000,1.56726000,0.12109150,0.15512732
261.40000000,5.12375000,1.65766000,0.12118108,0.15524524
261.60000000,5.12162000,1.68643000,0.12127397,0.15536519
261.80000000,5.12125000,1.62086000,0.12136584,0.15548048
262.00000000,5.12125000,1.62086000,0.12145588,0.15559583
262.20000000,5.12375000,1.63100000,0.12154621,0.15571190
262.40000000,5.12400000,1.63776000,0.12163701,0.15582838
262.60000000,5.12062000,1.61312000,0.12172732,0.15594316
262.80000000,5.12312000,1.68499000,0.12181893,0.15606305
263.00000000,5.12312000,1.68499000,0.12191254,0.15618297
263.20000000,5.12400000,1.73929000,0.12200766,0.15630672
263.40000000,5.12300000,1.72000000,0.12210375,0.15642910
263.60000000,5.12300000,1.69920000,0.12219873,0.15655001
263.80000000,5.12300000,1.69920000,0.12229313,0.15667094
264.00000000,5.12412000,1.71676000,0.12238802,0.15679307
264.20000000,5.12237000,1.73593000,0.12248392,0.15691656
264.40000000,5.12175000,1.70867000,0.12257961,0.15703811
264.60000000,5.12350000,1.71596000,0.12267474,0.15716021
264.80000000,5.12350000,1.71596000,0.12277007,0.15728227
265.00000000,5.12137000,1.60928000,0.12286243,0.15739678
265.20000000,5.12300000,1.68761000,0.12295402,0.15751686
265.40000000,5.12337000,1.67875000,0.12304753,0.15763632
265.60000000,5.12337000,1.67875000,0.12314079,0.15775576
265.80000000,5.12262000,1.63558000,0.12323285,0.15787211
266.00000000,5.12187000,1.66038000,0.12332441,0.15799025
266.20000000,5.12312000,1.65993000,0.12341664,0.15810836
266.40000000,5.12062000,1.60172000,0.12350724,0.15822228
266.60000000,5.12062000,1.60172000,0.12359622,0.15833624
266.80000000,5.12300000,1.64185000,0.12368632,0.15845304
267.00000000,5.12175000,1.62521000,0.12377708,0.15856868
267.20000000,5.12325000,1.60768000,0.12386688,0.15868308
267.40000000,5.12225000,1.65558000,0.12395752,0.15880086
267.60000000,5.12225000,1.65558000,0.12404950,0.15891865
267.80000000,5.12250000,1.64416000,0.12414116,0.15903560
268.00000000,5.12162000,1.63481000,0.12423224,0.15915189
268.20000000,5.12362000,1.63936000,0.12432319,0.15926855
268.40000000,5.12362000,1.63936000,0.12441427,0.15938516
268.60000000,5.12137000,1.64032000,0.12450537,0.15950183
268.80000000,5.12137000,1.59526000,0.12459525,0.15961531
269.00000000,5.12275000,1.66944000,0.12468593,0.15973409
269.20000000,5.12275000,1.66944000,0.12477868,0.15985285
269.40000000,5.12200000,1.64985000,0.12487088,0.15997024
269.60000000,5.12312000,1.67724000,0.12496330,0.16008961
269.80000000,5.12425000,1.61443000,0.12505474,0.16020451
270.00000000,5.12425000,1.61443000,0.12514443,0.16031936
270.20000000,5.12225000,1.65017000,0.12523511,0.16043678
270.40000000,5.12325000,1.66288000,0.12532714,0.16055513
270.60000000,5.12412000,1.65667000,0.12541935,0.16067299
270.80000000,5.12250000,1.66812000,0.12551170,0.16079167
271.00000000,5.12250000,1.66812000,0.12560438,0.16091035
271.20000000,5.12250000,1.64144000,0.12569631,0.16102716
271.40000000,5.12337000,1.63558000,0.12578734,0.16114351
271.60000000,5.12187000,1.60720000,0.12587742,0.16125784
271.80000000,5.12187000,1.60720000,0.12596670,0.16137219
272.00000000,5.12300000,1.66880000,0.12605770,0.16149092
272.20000000,5.12225000,1.65593000,0.12615006,0.16160877
272.40000000,5.12412000,1.70409000,0.12624339,0.16173003
272.60000000,5.12337000,1.74076000,0.12633908,0.16185389
272.80000000,5.12337000,1.74076000,0.12643579,0.16197776
273.00000000,5.12337000,1.73238000,0.12653227,0.16210101
273.20000000,5.12250000,1.65244000,0.12662629,0.16221855
273.40000000,5.12137000,1.68592000,0.12671902,0.16233847
273.60000000,5.12137000,1.68592000,0.12681268,0.16245842
273.80000000,5.12262000,1.74140000,0.12690789,0.16258232
274.00000000,5.12287000,1.65296000,0.12700218,0.16269992
274.20000000,5.12225000,1.68140000,0.12709480,0.16281950
274.40000000,5.12062000,1.62240000,0.12718657,0.16293489
274.60000000,5.12062000,1.62240000,0.12727670,0.16305031
274.80000000,5.12262000,1.65155000,0.12736765,0.16316782
275.00000000,5.12287000,1.64860000,0.12745932,0.16328508
275.20000000,5.12087000,1.66214000,0.12755128,0.16340329
275.40000000,5.12087000,1.66214000,0.12764362,0.16352158
275.60000000,5.12375000,1.65360000,0.12773573,0.16363924
275.80000000,5.12312000,1.73062000,0.12782973,0.16376236
276.00000000,5.12237000,1.62656000,0.12792299,0.16387804
276.20000000,5.12062000,1.64150000,0.12801377,0.16399479
276.40000000,5.12062000,1.64150000,0.12810496,0.16411156
276.60000000,5.12200000,1.64147000,0.12819616,0.16422835
276.80000000,5.12262000,1.71993000,0.12828953,0.16435066
277.00000000,5.12037000,1.71539000,0.12838495,0.16447265
277.20000000,5.12037000,1.71539000,0.12848025,0.16459474
277.40000000,5.12437000,1.70774000,0.12857534,0.16471628
277.60000000,5.12400000,1.72560000,0.12867071,0.16483901
277.80000000,5.12100000,1.70236000,0.12876593,0.16496013
278.00000000,5.12287000,1.71401000,0.12886083,0.16508209
278.20000000,5.12287000,1.71401000,0.12895605,0.16520403
278.40000000,5.12262000,1.73232000,0.12905178,0.16532728
278.60000000,5.12225000,1.65785000,0.12914596,0.16544519
278.80000000,5.12087000,1.63670000,0.12923747,0.16556159
279.00000000,5.12112000,1.59388000,0.12932721,0.16567496
279.20000000,5.12112000,1.59388000,0.12941576,0.16578840
279.40000000,5.12412000,1.67104000,0.12950645,0.16590724
279.60000000,5.12050000,1.63913000,0.12959840,0.16602381
279.80000000,5.12162000,1.65692000,0.12968996,0.16614167
280.00000000,5.12162000,1.65692000,0.12978201,0.16625959
280.20000000,5.12400000,1.62467000,0.12987316,0.16637517
280.40000000,5.12237000,1.68912000,0.12996521,0.16649534
280.60000000,5.12225000,1.59977000,0.13005657,0.16660915
280.80000000,5.12225000,1.59977000,0.13014545,0.16672298
281.00000000,5.12312000,1.66515000,0.13023614,0.16684142
281.20000000,5.12112000,1.66899000,0.13032875,0.16696016
281.40000000,5.12237000,1.64924000,0.13042093,0.16707749
281.60000000,5.12275000,1.65932000,0.13051283,0.16719555
281.80000000,5.12275000,1.65932000,0.13060502,0.16731361
282.00000000,5.12250000,1.61168000,0.13069588,0.16742827
282.20000000,5.12250000,1.69142000,0.13078763,0.16754863
282.40000000,5.12325000,1.60803000,0.13087928,0.16766305
282.60000000,5.12325000,1.60803000,0.13096862,0.16777748
282.80000000,5.12375000,1.65705000,0.13105931,0.16789536
283.00000000,5.12212000,1.66672000,0.13115164,0.16801395
283.20000000,5.12300000,1.62188000,0.13124299,0.16812936
283.40000000,5.12300000,1.62188000,0.13133309,0.16824475
283.60000000,5.12275000,1.62886000,0.13142339,0.16836059
283.80000000,5.12037000,1.59507000,0.13151295,0.16847405
284.00000000,5.12150000,1.66051000,0.13160338,0.16859218
284.20000000,5.12225000,1.63017000,0.13169479,0.16870816
284.40000000,5.12225000,1.63017000,0.13178535,0.16882408
284.60000000,5.12000000,1.60089000,0.13187510,0.16893799
284.80000000,5.12312000,1.64243000,0.13196520,0.16905486
285.00000000,5.12325000,1.63568000,0.13205625,0.16917125
285.20000000,5.12325000,1.63568000,0.13214713,0.16928765
285.40000000,5.12362000,1.68256000,0.13223930,0.16940736
285.60000000,5.12262000,1.63548000,0.13233147,0.16952373
285.80000000,5.12300000,1.65366000,0.13242283,0.16964142
286.00000000,5.12437000,1.71916000,0.13251652,0.16976377
286.20000000,5.12437000,1.71916000,0.13261203,0.16988609
286.40000000,5.12287000,1.66700000,0.13270609,0.17000471
286.60000000,5.12337000,1.62777000,0.13279761,0.17012054
286.80000000,5.12325000,1.67920000,0.13288947,0.17024003
287.00000000,5.12325000,1.67920000,0.13298276,0.17035948
287.20000000,5.12175000,1.63174000,0.13307473,0.17047557
287.40000000,5.12275000,1.62998000,0.13316533,0.17059153
287.60000000,5.12225000,1.62870000,0.13325585,0.17070740
287.80000000,5.12225000,1.63302000,0.13334646,0.17082358
288.00000000,5.12225000,1.63302000,0.13343718,0.17093979
288.20000000,5.12375000,1.66937000,0.13352891,0.17105856
288.40000000,5.12237000,1.66569000,0.13362155,0.17117708
288.60000000,5.12312000,1.60182000,0.13371232,0.17129106
288.80000000,5.12312000,1.60182000,0.13380131,0.17140502
289.00000000,5.12237000,1.65008000,0.13389164,0.17152242
289.20000000,5.12300000,1.67654000,0.13398404,0.17164173
289.40000000,5.12350000,1.65827000,0.13407668,0.17175972
289.60000000,5.12300000,1.66243000,0.13416892,0.17187800
289.80000000,5.12300000,1.66243000,0.13426128,0.17199627
290.00000000,5.12225000,1.66067000,0.13435359,0.17211442
290.20000000,5.12250000,1.61977000,0.13444471,0.17222966
290.40000000,5.12262000,1.65062000,0.13453555,0.17234710
290.60000000,5.12250000,1.64137000,0.13462700,0.17246388
290.80000000,5.12250000,1.64137000,0.13471818,0.17258066
291.00000000,5.12275000,1.60339000,0.13480832,0.17269472
291.20000000,5.12187000,1.65897000,0.13489894,0.17281272
291.40000000,5.12112000,1.65948000,0.13499112,0.17293075
291.60000000,5.12112000,1.65948000,0.13508331,0.17304882
291.80000000,5.12275000,1.66019000,0.13517552,0.17316696
292.00000000,5.12337000,1.61267000,0.13526644,0.17328168
292.20000000,5.12200000,1.67872000,0.13535786,0.17340109
292.40000000,5.12150000,1.65760000,0.13545054,0.17351900
292.60000000,5.12150000,1.65760000,0.13554263,0.17363690
292.80000000,5.12137000,1.63235000,0.13563402,0.17375309
293.00000000,5.12475000,1.66252000,0.13572554,0.17387135
293.20000000,5.12175000,1.64726000,0.13581748,0.17398853
293.40000000,5.12175000,1.64726000,0.13590899,0.17410572
293.60000000,5.12200000,1.64998000,0.13600058,0.17422310
293.80000000,5.12237000,1.69452000,0.13609348,0.17434365
294.00000000,5.12212000,1.61913000,0.13618553,0.17445882
294.20000000,5.12150000,1.65200000,0.13627640,0.17457633
294.40000000,5.12150000,1.65200000,0.13636817,0.17469389
294.60000000,5.12362000,1.69616000,0.13646118,0.17481455
294.80000000,5.12187000,1.62873000,0.13655354,0.17493039
295.00000000,5.12087000,1.60032000,0.13664323,0.17504421
295.20000000,5.12087000,1.60032000,0.13673214,0.17515806
295.40000000,5.12212000,1.63856000,0.13682211,0.17527464
295.60000000,5.12287000,1.69321000,0.13691466,0.17539509
295.80000000,5.12150000,1.64547000,0.13700740,0.17551213
296.00000000,5.12312000,1.68492000,0.13709991,0.17563202
296.20000000,5.12312000,1.68492000,0.13719351,0.17575192
296.40000000,5.12350000,1.63907000,0.13728585,0.17586854
296.60000000,5.12287000,1.67004000,0.13737777,0.17598737
296.80000000,5.12237000,1.63225000,0.13746950,0.17610349
297.00000000,5.12237000,1.63225000,0.13756018,0.17621962
297.20000000,5.12250000,1.62512000,0.13765066,0.17633524
297.40000000,5.12275000,1.70998000,0.13774330,0.17645693
297.60000000,5.12362000,1.71558000,0.13783846,0.17657901
297.80000000,5.12362000,1.71558000,0.13793377,0.17670113
298.00000000,5.12500000,1.71552000,0.13802908,0.17682322
298.20000000,5.12425000,1.71366000,0.13812433,0.17694516
298.40000000,5.12312000,1.73088000,0.13822001,0.17706832
298.60000000,5.12275000,1.73968000,0.13831642,0.17719209
298.80000000,5.12275000,1.73968000,0.13841307,0.17731589
299.00000000,5.12337000,1.75712000,0.13851020,0.17744094
299.20000000,5.12425000,1.71184000,0.13860656,0.17756277
299.40000000,5.12437000,1.69475000,0.13870119,0.17768339
299.60000000,5.12437000,1.69475000,0.13879534,0.17780399
299.80000000,5.12362000,1.73484000,0.13889061,0.17792746
300.00000000,5.12412000,1.75744000,0.13898761,0.17805255
300.20000000,5.12462000,1.72867000,0.13908445,0.17817555
300.40000000,5.12312000,1.71750000,0.13918018,0.17829776
300.60000000,5.12312000,1.71750000,0.13927559,0.17841997
300.80000000,5.12325000,1.67824000,0.13936992,0.17853938
301.00000000,5.12312000,1.74604000,0.13946504,0.17866363
301.20000000,5.12337000,1.75744000,0.13956236,0.17878868
301.40000000,5.12337000,1.75744000,0.13965999,0.17891375
301.60000000,5.12375000,1.71715000,0.13975651,0.17903591
301.80000000,5.12250000,1.74124000,0.13985258,0.17915979
302.00000000,5.12237000,1.74108000,0.13994931,0.17928368
302.20000000,5.12337000,1.71673000,0.14004536,0.17940584
302.40000000,5.12337000,1.71673000,0.14014073,0.17952801
302.60000000,5.12350000,1.68992000,0.14023536,0.17964827
302.80000000,5.12400000,1.71968000,0.14033007,0.17977064
303.00000000,5.12337000,1.77475000,0.14042714,0.17989693
303.20000000,5.12337000,1.77475000,0.14052574,0.18002318
303.40000000,5.12212000,1.72278000,0.14062289,0.18014582
303.60000000,5.12525000,1.68134000,0.14071745,0.18026550
303.80000000,5.12500000,1.73292000,0.14081229,0.18038877
304.00000000,5.12162000,1.64880000,0.14090623,0.18050605
304.20000000,5.12162000,1.64880000,0.14099783,0.18062337
304.40000000,5.12300000,1.70649000,0.14109103,0.18074480
304.60000000,5.12337000,1.69456000,0.14118550,0.18086542
304.80000000,5.12512000,1.72102000,0.14128038,0.18098793
305.00000000,5.12387000,1.75216000,0.14137686,0.18111262
305.20000000,5.12387000,1.75216000,0.14147420,0.18123731
305.40000000,5.12375000,1.69820000,0.14157004,0.18135817
305.60000000,5.12425000,1.72665000,0.14166518,0.18148105
305.80000000,5.12387000,1.70179000,0.14176041,0.18160215
306.00000000,5.12387000,1.70179000,0.14185495,0.18172325
306.20000000,5.12337000,1.72995000,0.14195028,0.18184636
306.40000000,5.12362000,1.69440000,0.14204540,0.18196693
306.60000000,5.12375000,1.67507000,0.14213900,0.18208613
306.80000000,5.12325000,1.70624000,0.14223292,0.18220754
307.00000000,5.12325000,1.70624000,0.14232771,0.18232893
307.20000000,5.12237000,1.73334000,0.14242326,0.18245230
307.40000000,5.12475000,1.68099000,0.14251810,0.18257192
307.60000000,5.12350000,1.74262000,0.14261320,0.18269592
307.80000000,5.12350000,1.74262000,0.14271001,0.18281992
308.00000000,5.12337000,1.71088000,0.14280594,0.18294170
308.20000000,5.12500000,1.72403000,0.14290136,0.18306440
308.40000000,5.12412000,1.78611000,0.14299886,0.18319152
308.60000000,5.12412000,1.78611000,0.14309809,0.18331860
308.80000000,5.12275000,1.69232000,0.14319471,0.18343900
309.00000000,5.12262000,1.69417000,0.14328878,0.18355956
309.20000000,5.12362000,1.68800000,0.14338273,0.18367968
309.40000000,5.12250000,1.75772000,0.14347845,0.18380473
309.60000000,5.12250000,1.75772000,0.14357610,0.18392982
309.80000000,5.12387000,1.74496000,0.14367339,0.18405401
310.00000000,5.12412000,1.73318000,0.14377001,0.18417734
310.20000000,5.12337000,1.70976000,0.14386565,0.18429900
310.40000000,5.12337000,1.70976000,0.14396063,0.18442064
310.60000000,5.12237000,1.67104000,0.14405454,0.18453957
310.80000000,5.12437000,1.72659000,0.14414892,0.18466239
311.00000000,5.12175000,1.69571000,0.14424399,0.18478302
311.20000000,5.12400000,1.69075000,0.14433805,0.18490334
311.40000000,5.12400000,1.69075000,0.14443199,0.18502366
311.60000000,5.12362000,1.71171000,0.14452650,0.18514547
311.80000000,5.12362000,1.74713000,0.14462258,0.18526980
312.00000000,5.12362000,1.66953000,0.14471748,0.18538860
312.20000000,5.12362000,1.66953000,0.14481024,0.18550743
312.40000000,5.12462000,1.71833000,0.14490434,0.18562970
312.60000000,5.12325000,1.70268000,0.14499937,0.18575083
312.80000000,5.12200000,1.70675000,0.14509408,0.18587224
313.00000000,5.12200000,1.70675000,0.14518890,0.18599374
313.20000000,5.12525000,1.68790000,0.14528319,0.18611388
313.40000000,5.12500000,1.75763000,0.14537890,0.18623898
313.60000000,5.12462000,1.72963000,0.14547577,0.18636208
313.80000000,5.12412000,1.73123000,0.14557191,0.18648529
314.00000000,5.12412000,1.73123000,0.14566808,0.18660847
314.20000000,5.12325000,1.69513000,0.14576326,0.18672907
314.40000000,5.12237000,1.69148000,0.14585733,0.18684943
314.60000000,5.12337000,1.65232000,0.14595022,0.18696701
314.80000000,5.12287000,1.65299000,0.14604203,0.18708462
315.00000000,5.12287000,1.65299000,0.14613386,0.18720224
315.20000000,5.12337000,1.57740000,0.14622360,0.18731448
315.40000000,5.12275000,1.68809000,0.14631431,0.18743457
315.60000000,5.12212000,1.65513000,0.14640717,0.18755231
315.80000000,5.12212000,1.65513000,0.14649912,0.18767008
316.00000000,5.12300000,1.65321000,0.14659102,0.18778773
316.20000000,5.12400000,1.70169000,0.14668421,0.18790881
316.40000000,5.12262000,1.65113000,0.14677735,0.18802629
316.60000000,5.12325000,1.62025000,0.14686822,0.18814159
316.80000000,5.12325000,1.62025000,0.14695823,0.18825686
317.00000000,5.12262000,1.68614000,0.14705008,0.18837683
317.20000000,5.12287000,1.65849000,0.14714298,0.18849487
317.40000000,5.12437000,1.65328000,0.14723498,0.18861254
317.60000000,5.12437000,1.65328000,0.14732683,0.18873017
317.80000000,5.12287000,1.60358000,0.14741729,0.18884429
318.00000000,5.12412000,1.72336000,0.14750971,0.18896692
318.20000000,5.12337000,1.64726000,0.14760334,0.18908415
318.40000000,5.12375000,1.64188000,0.14769470,0.18920099
318.60000000,5.12375000,1.64188000,0.14778592,0.18931780
318.80000000,5.12250000,1.65897000,0.14787761,0.18943585
319.00000000,5.12312000,1.60633000,0.14796831,0.18955017
319.20000000,5.12412000,1.66899000,0.14805929,0.18966895
319.40000000,5.12412000,1.66899000,0.14815201,0.18978769
319.60000000,5.12262000,1.64486000,0.14824407,0.18990473
319.80000000,5.12300000,1.64339000,0.14833541,0.19002167
320.00000000,5.12375000,1.62006000,0.14842606,0.19013696
320.20000000,5.12350000,1.64124000,0.14851665,0.19025375
320.40000000,5.12350000,1.64124000,0.14860783,0.19037054
320.60000000,5.12362000,1.61161000,0.14869819,0.19048522
320.80000000,5.12325000,1.65398000,0.14878890,0.19060294
321.00000000,5.12450000,1.67308000,0.14888132,0.19072202
321.20000000,5.12450000,1.67308000,0.14897426,0.19084102
321.40000000,5.12112000,1.65945000,0.14906683,0.19095914
321.60000000,5.12500000,1.69664000,0.14916006,0.19107985
321.80000000,5.12275000,1.69078000,0.14925415,0.19120017
322.00000000,5.12350000,1.60723000,0.14934577,0.19131454
322.20000000,5.12350000,1.60723000,0.14943506,0.19142889
322.40000000,5.12262000,1.67216000,0.14952615,0.19154788
322.60000000,5.12337000,1.63513000,0.14961802,0.19166421
322.80000000,5.12275000,1.62240000,0.14970851,0.19177965
323.00000000,5.12275000,1.62240000,0.14979864,0.19189506
323.20000000,5.12175000,1.68307000,0.14989046,0.19201485
323.40000000,5.12450000,1.61865000,0.14998217,0.19213004
323.60000000,5.12400000,1.67036000,0.15007353,0.19224891
323.80000000,5.12212000,1.60361000,0.15016448,0.19236300
324.00000000,5.12212000,1.60361000,0.15025357,0.19247709
324.20000000,5.12262000,1.65728000,0.15034415,0.19259499
324.40000000,5.12212000,1.65875000,0.15043626,0.19271299
324.60000000,5.12250000,1.65500000,0.15052831,0.19283074
324.80000000,5.12250000,1.65500000,0.15062025,0.19294848
325.00000000,5.12225000,1.59824000,0.15071062,0.19306220
325.20000000,5.12312000,1.65027000,0.15080086,0.19317961
325.40000000,5.12237000,1.58537000,0.15089074,0.19329240
325.60000000,5.12300000,1.64793000,0.15098055,0.19340965
325.80000000,5.12300000,1.64793000,0.15107210,0.19352691
326.00000000,5.12325000,1.67984000,0.15116454,0.19364642
326.20000000,5.12200000,1.66393000,0.15125742,0.19376482
326.40000000,5.12350000,1.71964000,0.15135141,0.19388719
326.60000000,5.12350000,1.71964000,0.15144695,0.19400956
326.80000000,5.12337000,1.72022000,0.15154250,0.19413196
327.00000000,5.12325000,1.69916000,0.15163748,0.19425290
327.20000000,5.12475000,1.70742000,0.15173211,0.19437443
327.40000000,5.12237000,1.70438000,0.15182688,0.19449569
327.60000000,5.12237000,1.70438000,0.15192157,0.19461694
327.80000000,5.12237000,1.65760000,0.15201496,0.19473486
328.00000000,5.12187000,1.67731000,0.15210759,0.19485419
328.20000000,5.12237000,1.62499000,0.15219932,0.19496980
328.40000000,5.12237000,1.62499000,0.15228960,0.19508538
328.60000000,5.12125000,1.64284000,0.15238037,0.19520224
328.80000000,5.12137000,1.62326000,0.15247110,0.19531772
329.00000000,5.12237000,1.67680000,0.15256277,0.19543702
329.20000000,5.12350000,1.66534000,0.15265560,0.19555552
329.40000000,5.12350000,1.66534000,0.15274812,0.19567406
329.60000000,5.12475000,1.65228000,0.15284028,0.19579161
329.80000000,5.12250000,1.69811000,0.15293334,0.19591247
330.00000000,5.12437000,1.72982000,0.15302856,0.19603558
330.20000000,5.12437000,1.72982000,0.15312467,0.19615867
330.40000000,5.12337000,1.77312000,0.15322197,0.19628482
330.60000000,5.12250000,1.63945000,0.15331676,0.19640143
330.80000000,5.12100000,1.69136000,0.15340929,0.19652178
331.00000000,5.12312000,1.67411000,0.15350277,0.19664090
331.20000000,5.12312000,1.67411000,0.15359578,0.19676004
331.40000000,5.12412000,1.73824000,0.15369056,0.19688376
331.60000000,5.12462000,1.70697000,0.15378627,0.19700521
331.80000000,5.12262000,1.66537000,0.15387994,0.19712369
332.00000000,5.12262000,1.66537000,0.15397246,0.19724221
332.20000000,5.12400000,1.73110000,0.15406681,0.19736537
332.40000000,5.12225000,1.71177000,0.15416244,0.19748720
332.60000000,5.12475000,1.70291000,0.15425730,0.19760837
332.80000000,5.12300000,1.72460000,0.15435250,0.19773108
333.00000000,5.12300000,1.72460000,0.15444832,0.19785377
333.20000000,5.12225000,1.72188000,0.15454405,0.19797630
333.40000000,5.12350000,1.65734000,0.15463792,0.19809424
333.60000000,5.12362000,1.72380000,0.15473184,0.19821691
333.80000000,5.12362000,1.72380000,0.15482761,0.19833956
334.00000000,5.12287000,1.71369000,0.15492309,0.19846150
334.20000000,5.12325000,1.71065000,0.15501821,0.19858323
334.40000000,5.12375000,1.65260000,0.15511164,0.19870084
334.60000000,5.12375000,1.65587000,0.15520354,0.19881868
334.80000000,5.12375000,1.65587000,0.15529553,0.19893647
335.00000000,5.12175000,1.58140000,0.15538545,0.19904898
335.20000000,5.12287000,1.64416000,0.15547505,0.19916593
335.40000000,5.12137000,1.65564000,0.15556671,0.19928370
335.60000000,5.12225000,1.65865000,0.15565878,0.19940170
335.80000000,5.12225000,1.65865000,0.15575093,0.19951976
336.00000000,5.12487000,1.62867000,0.15584224,0.19963565
336.20000000,5.12325000,1.65836000,0.15593355,0.19975364
336.40000000,5.12275000,1.68310000,0.15602636,0.19987339
336.60000000,5.12275000,1.68310000,0.15611987,0.19999315
336.80000000,5.12287000,1.67798000,0.15621323,0.20011253
337.00000000,5.12275000,1.59728000,0.15630421,0.20022617
337.20000000,5.12250000,1.67990000,0.15639525,0.20034569
337.40000000,5.12237000,1.68342000,0.15648867,0.20046546
337.60000000,5.12237000,1.68342000,0.15658219,0.20058524
337.80000000,5.12325000,1.65814000,0.15667502,0.20070322
338.00000000,5.12275000,1.63564000,0.15676651,0.20081957
338.20000000,5.12175000,1.63043000,0.15685723,0.20093555
338.40000000,5.12175000,1.63043000,0.15694781,0.20105158
338.60000000,5.12362000,1.65619000,0.15703911,0.20116941
338.80000000,5.12275000,1.68614000,0.15713195,0.20128936
339.00000000,5.12200000,1.70745000,0.15722622,0.20141085
339.20000000,5.12300000,1.73091000,0.15732173,0.20153401
339.40000000,5.12300000,1.73091000,0.15741789,0.20165717
339.60000000,5.12300000,1.74307000,0.15751439,0.20178121
339.80000000,5.12375000,1.71177000,0.15761036,0.20190300
340.00000000,5.12250000,1.70700000,0.15770532,0.20202444
340.20000000,5.12250000,1.70700000,0.15780015,0.20214592
340.40000000,5.12387000,1.65216000,0.15789346,0.20226350
340.60000000,5.12400000,1.75155000,0.15798801,0.20238812
340.80000000,5.12250000,1.70806000,0.15808411,0.20250964
341.00000000,5.12362000,1.70768000,0.15817899,0.20263116
341.20000000,5.12362000,1.70768000,0.15827387,0.20275268
341.40000000,5.12362000,1.68044000,0.15836798,0.20287224
341.60000000,5.12287000,1.71046000,0.15846217,0.20299396
341.80000000,5.12337000,1.71721000,0.15855738,0.20311615
342.00000000,5.12337000,1.71721000,0.15865279,0.20323838
342.20000000,5.12475000,1.71216000,0.15874805,0.20336021
342.40000000,5.12325000,1.66150000,0.15884176,0.20347845
342.60000000,5.12400000,1.65120000,0.15893378,0.20359596
342.80000000,5.12400000,1.71699000,0.15902734,0.20371815
343.00000000,5.12400000,1.71699000,0.15912273,0.20384038
343.20000000,5.12537000,1.65651000,0.15921644,0.20395822
343.40000000,5.12200000,1.63529000,0.15930787,0.20407455
343.60000000,5.12250000,1.60422000,0.15939786,0.20418869
343.80000000,5.12250000,1.60422000,0.15948698,0.20430282
344.00000000,5.12237000,1.64259000,0.15957717,0.20441966
344.20000000,5.12150000,1.66099000,0.15966894,0.20453787
344.40000000,5.12412000,1.61520000,0.15975994,0.20465282
344.60000000,5.12412000,1.61520000,0.15984968,0.20476774
344.80000000,5.12275000,1.63875000,0.15994007,0.20488432
345.00000000,5.12200000,1.60153000,0.16003007,0.20499827
345.20000000,5.12312000,1.68272000,0.16012130,0.20511801
345.40000000,5.12312000,1.68272000,0.16021479,0.20523774
345.60000000,5.12325000,1.66646000,0.16030782,0.20535632
345.80000000,5.12312000,1.64444000,0.16039979,0.20547333
346.00000000,5.12325000,1.66406000,0.16049169,0.20559167
346.20000000,5.12025000,1.60921000,0.16058262,0.20570611
346.40000000,5.12025000,1.60921000,0.16067202,0.20582065
346.60000000,5.12475000,1.65529000,0.16076270,0.20593844
346.80000000,5.12337000,1.66678000,0.16085498,0.20605706
347.00000000,5.12412000,1.66963000,0.16094765,0.20617588
347.20000000,5.12175000,1.59795000,0.16103842,0.20628955
347.40000000,5.12175000,1.59795000,0.16112720,0.20640323
347.60000000,5.12187000,1.63961000,0.16121713,0.20651987
347.80000000,5.12212000,1.64192000,0.16130828,0.20663670
348.00000000,5.12337000,1.67033000,0.16140029,0.20675556
348.20000000,5.12337000,1.67033000,0.16149308,0.20687444
348.40000000,5.12425000,1.63808000,0.16158498,0.20699097
348.60000000,5.12187000,1.65030000,0.16167633,0.20710843
348.80000000,5.12487000,1.64313000,0.16176781,0.20722536
349.00000000,5.12362000,1.61878000,0.16185842,0.20734056
349.20000000,5.12362000,1.61878000,0.16194835,0.20745573
349.40000000,5.12287000,1.64646000,0.16203905,0.20757288
349.60000000,5.12287000,1.64099000,0.16213037,0.20768964
349.80000000,5.12312000,1.63196000,0.16222129,0.20780577
350.00000000,5.12312000,1.63196000,0.16231195,0.20792189
350.20000000,5.12337000,1.66316000,0.16240348,0.20804022
350.40000000,5.12262000,1.66464000,0.16249592,0.20815866
350.60000000,5.12275000,1.59084000,0.16258635,0.20827184
350.80000000,5.12237000,1.61907000,0.16267552,0.20838703
351.00000000,5.12237000,1.61907000,0.16276547,0.20850222
351.20000000,5.12275000,1.66780000,0.16285677,0.20862088
351.40000000,5.12262000,1.64320000,0.16294874,0.20873783
351.60000000,5.12412000,1.63817000,0.16303989,0.20885441
351.80000000,5.12412000,1.63817000,0.16313090,0.20897097
352.00000000,5.12312000,1.62643000,0.16322158,0.20908668
352.20000000,5.12225000,1.66198000,0.16331293,0.20920494
352.40000000,5.12325000,1.58364000,0.16340308,0.20931765
352.60000000,5.12437000,1.66083000,0.16349321,0.20943586
352.80000000,5.12437000,1.66083000,0.16358547,0.20955398
353.00000000,5.12087000,1.61737000,0.16367654,0.20966912
353.20000000,5.12537000,1.73126000,0.16376955,0.20979235
353.40000000,5.12512000,1.68521000,0.16386446,0.20991231
353.60000000,5.12325000,1.71168000,0.16395881,0.21003410
353.80000000,5.12325000,1.71168000,0.16405391,0.21015591
354.00000000,5.12350000,1.72262000,0.16414930,0.21027849
354.20000000,5.12375000,1.66889000,0.16424351,0.21039725
354.40000000,5.12325000,1.69558000,0.16433697,0.21051790
354.60000000,5.12325000,1.69558000,0.16443117,0.21063855
354.80000000,5.12325000,1.74310000,0.16452669,0.21076259
355.00000000,5.12362000,1.66950000,0.16462148,0.21088137
355.20000000,5.12275000,1.72112000,0.16471567,0.21100383
355.40000000,5.12287000,1.66822000,0.16480981,0.21112252
355.60000000,5.12287000,1.66822000,0.16490249,0.21124126
355.80000000,5.12437000,1.71353000,0.16499643,0.21136317
356.00000000,5.12250000,1.75196000,0.16509269,0.21148781
356.20000000,5.12462000,1.72035000,0.16518915,0.21161026
356.40000000,5.12462000,1.72035000,0.16528472,0.21173266
356.60000000,5.12262000,1.65158000,0.16537839,0.21185019
356.80000000,5.12387000,1.73718000,0.16547252,0.21197376
357.00000000,5.12137000,1.72899000,0.16556880,0.21209674
357.20000000,5.12137000,1.72899000,0.16566486,0.21221978
357.40000000,5.12362000,1.68742000,0.16575976,0.21233988
357.60000000,5.12462000,1.75382000,0.16585535,0.21246470
357.80000000,5.12425000,1.68883000,0.16595098,0.21258489
358.00000000,5.12425000,1.68883000,0.16604480,0.21270506
358.20000000,5.12300000,1.65545000,0.16613770,0.21282283
358.40000000,5.12212000,1.63702000,0.16622915,0.21293933
358.60000000,5.12387000,1.63958000,0.16632017,0.21305598
358.80000000,5.12275000,1.63600000,0.16641116,0.21317238
359.00000000,5.12275000,1.63600000,0.16650205,0.21328879
359.20000000,5.12325000,1.65408000,0.16659344,0.21340646
359.40000000,5.12200000,1.63062000,0.16668468,0.21352251
359.60000000,5.12400000,1.65014000,0.16677581,0.21363994
359.80000000,5.12400000,1.65014000,0.16686749,0.21375734
360.00000000,5.12225000,1.63740000,0.16695881,0.21387384
360.20000000,5.12287000,1.60764000,0.16704895,0.21398823
360.40000000,5.12287000,1.67612000,0.16714016,0.21410747
360.60000000,5.12225000,1.66739000,0.16723304,0.21422609
360.80000000,5.12225000,1.66739000,0.16732567,0.21434471
361.00000000,5.12212000,1.64121000,0.16741758,0.21446154
361.20000000,5.12537000,1.63481000,0.16750858,0.21457785
361.40000000,5.12250000,1.67475000,0.16760051,0.21469700
361.60000000,5.12250000,1.67475000,0.16769355,0.21481621
361.80000000,5.12500000,1.65334000,0.16778600,0.21493388
362.00000000,5.12425000,1.63731000,0.16787741,0.21505040
362.20000000,5.12375000,1.59145000,0.16796709,0.21516363
362.40000000,5.12312000,1.66624000,0.16805758,0.21528219
362.60000000,5.12312000,1.66624000,0.16815015,0.21540076
362.80000000,5.12325000,1.63712000,0.16824191,0.21551724
363.00000000,5.12262000,1.64745000,0.16833315,0.21563447
363.20000000,5.12375000,1.67798000,0.16842552,0.21575388
363.40000000,5.12375000,1.67798000,0.16851875,0.21587333
363.60000000,5.12537000,1.65548000,0.16861134,0.21599112
363.80000000,5.12287000,1.68598000,0.16870416,0.21611109
364.00000000,5.12325000,1.66678000,0.16879729,0.21622972
364.20000000,5.12450000,1.67225000,0.16889004,0.21634874
364.40000000,5.12450000,1.67225000,0.16898295,0.21646767
364.60000000,5.12075000,1.63446000,0.16907480,0.21658398
364.80000000,5.12337000,1.61984000,0.16916520,0.21669922
365.00000000,5.12225000,1.64352000,0.16925585,0.21681614
365.20000000,5.12225000,1.64352000,0.16934715,0.21693306
365.40000000,5.12200000,1.64073000,0.16943838,0.21704985
365.60000000,5.12500000,1.64982000,0.16952979,0.21716723
365.80000000,5.12262000,1.65891000,0.16962169,0.21728528
366.00000000,5.12362000,1.66361000,0.16971399,0.21740366
366.20000000,5.12362000,1.66361000,0.16980641,0.21752199
366.40000000,5.12100000,1.63296000,0.16989798,0.21763819
366.60000000,5.12350000,1.59465000,0.16998764,0.21775164
366.80000000,5.12237000,1.62537000,0.17007708,0.21786727
367.00000000,5.12300000,1.64368000,0.17016789,0.21798423
367.20000000,5.12300000,1.64368000,0.17025920,0.21810117
367.40000000,5.12262000,1.64745000,0.17035062,0.21821846
367.60000000,5.12587000,1.73523000,0.17044459,0.21834194
367.80000000,5.12362000,1.71478000,0.17054042,0.21846396
368.00000000,5.12362000,1.71478000,0.17063569,0.21858604
368.20000000,5.12575000,1.66051000,0.17072945,0.21870417
368.40000000,5.12237000,1.59804000,0.17081996,0.21881788
368.60000000,5.12287000,1.65737000,0.17091039,0.21893580
368.80000000,5.12275000,1.65699000,0.17100245,0.21905369
369.00000000,5.12275000,1.65699000,0.17109451,0.21917162
369.20000000,5.12400000,1.62841000,0.17118577,0.21928748
369.40000000,5.12275000,1.65174000,0.17127689,0.21940499
369.60000000,5.12250000,1.65385000,0.17136871,0.21952266
369.80000000,5.12250000,1.65385000,0.17146059,0.21964030
370.00000000,5.12175000,1.64880000,0.17155233,0.21975762
370.20000000,5.12312000,1.62291000,0.17164321,0.21987312
370.40000000,5.12387000,1.64912000,0.17173410,0.21999048
370.60000000,5.12387000,1.64912000,0.17182572,0.22010781
370.80000000,5.12262000,1.64144000,0.17191712,0.22022460
371.00000000,5.12287000,1.58406000,0.17200672,0.22033727
371.20000000,5.12125000,1.65251000,0.17209662,0.22045481
371.40000000,5.12125000,1.65251000,0.17218843,0.22057238
371.60000000,5.12275000,1.75004000,0.17228294,0.22069691
371.80000000,5.12325000,1.71209000,0.17237911,0.22081874
372.00000000,5.12337000,1.67324000,0.17247315,0.22093781
372.20000000,5.12350000,1.73062000,0.17256770,0.22106096
372.40000000,5.12350000,1.73062000,0.17266385,0.22118408
372.60000000,5.12237000,1.70457000,0.17275927,0.22130534
372.80000000,5.12212000,1.73305000,0.17285476,0.22142870
373.00000000,5.12475000,1.71062000,0.17295042,0.22155045
373.20000000,5.12475000,1.71062000,0.17304545,0.22167218
373.40000000,5.12350000,1.64825000,0.17313875,0.22178946
373.60000000,5.12300000,1.65424000,0.17323049,0.22190721
373.80000000,5.12500000,1.62096000,0.17332147,0.22202253
374.00000000,5.12225000,1.64896000,0.17341230,0.22213984
374.20000000,5.12225000,1.64896000,0.17350391,0.22225717
374.40000000,5.12325000,1.59267000,0.17359395,0.22237049
374.60000000,5.12275000,1.66704000,0.17368450,0.22248912
374.80000000,5.12387000,1.69321000,0.17377784,0.22260962
375.00000000,5.12387000,1.69321000,0.17387191,0.22273012
375.20000000,5.12387000,1.66572000,0.17396521,0.22284865
375.40000000,5.12337000,1.64102000,0.17405707,0.22296539
375.60000000,5.12200000,1.64326000,0.17414830,0.22308228
375.80000000,5.12162000,1.64963000,0.17423976,0.22319962
376.00000000,5.12162000,1.64963000,0.17433141,0.22331699
376.20000000,5.12262000,1.65414000,0.17442318,0.22343470
376.40000000,5.12337000,1.62195000,0.17451418,0.22355008
376.60000000,5.12212000,1.65776000,0.17460529,0.22366802
376.80000000,5.12212000,1.65776000,0.17469739,0.22378596
377.00000000,5.12250000,1.67270000,0.17478990,0.22390498
377.20000000,5.12325000,1.66876000,0.17488272,0.22402373
377.40000000,5.12350000,1.69331000,0.17497611,0.22414420
377.60000000,5.12250000,1.67747000,0.17506974,0.22426355
377.80000000,5.12250000,1.67747000,0.17516293,0.22438292
378.00000000,5.12387000,1.60496000,0.17525411,0.22449711
378.20000000,5.12250000,1.67132000,0.17534512,0.22461607
378.40000000,5.12462000,1.66985000,0.17543793,0.22473488
378.60000000,5.12275000,1.61696000,0.17552923,0.22484992
378.80000000,5.12275000,1.61696000,0.17561906,0.22496497
379.00000000,5.12275000,1.61644000,0.17570888,0.22507996
379.20000000,5.12225000,1.66720000,0.17580009,0.22519856
379.40000000,5.12150000,1.63814000,0.17589190,0.22531508
379.60000000,5.12150000,1.63814000,0.17598291,0.22543166
379.80000000,5.12387000,1.59462000,0.17607271,0.22554512
380.00000000,5.12325000,1.64752000,0.17616277,0.22566237
380.20000000,5.12387000,1.73385000,0.17625670,0.22578576
380.40000000,5.12312000,1.75561000,0.17635363,0.22591068
380.60000000,5.12312000,1.75561000,0.17645116,0.22603558
380.80000000,5.12237000,1.71299000,0.17654751,0.22615746
381.00000000,5.12275000,1.65088000,0.17664095,0.22627492
381.20000000,5.12337000,1.74547000,0.17673530,0.22639912
381.40000000,5.12337000,1.74547000,0.17683227,0.22652330
381.60000000,5.12250000,1.70160000,0.17692802,0.22664439
381.80000000,5.12337000,1.70560000,0.17702266,0.22676578
382.00000000,5.12437000,1.69904000,0.17711724,0.22688670
382.20000000,5.12437000,1.69904000,0.17721163,0.22700760
382.40000000,5.12325000,1.63708000,0.17730430,0.22712402
382.60000000,5.12025000,1.64057000,0.17739534,0.22724078
382.80000000,5.12412000,1.62761000,0.17748613,0.22735661
383.00000000,5.12412000,1.62761000,0.17757655,0.22747244
383.20000000,5.12375000,1.66688000,0.17766806,0.22759102
383.40000000,5.12200000,1.66854000,0.17776071,0.22770975
383.60000000,5.12337000,1.66073000,0.17785319,0.22782790
383.80000000,5.12275000,1.61142000,0.17794408,0.22794256
384.00000000,5.12275000,1.61142000,0.17803361,0.22805723
384.20000000,5.12362000,1.63686000,0.17812384,0.22817370
384.40000000,5.12337000,1.63708000,0.17821478,0.22829020
384.60000000,5.12375000,1.68886000,0.17830717,0.22841039
384.80000000,5.12375000,1.68886000,0.17840099,0.22853053
385.00000000,5.12212000,1.68249000,0.17849464,0.22865027
385.20000000,5.12387000,1.68108000,0.17858807,0.22876990
385.40000000,5.12362000,1.71353000,0.17868237,0.22889185
385.60000000,5.12425000,1.66995000,0.17877636,0.22901070
385.80000000,5.12425000,1.66995000,0.17886913,0.22912955
386.00000000,5.12437000,1.75030000,0.17896414,0.22925410
386.20000000,5.12350000,1.71113000,0.17906029,0.22937588
386.40000000,5.12425000,1.71859000,0.17915556,0.22949820
386.60000000,5.12425000,1.71859000,0.17925104,0.22962049
386.80000000,5.12362000,1.63312000,0.17934414,0.22973676
387.00000000,5.12575000,1.68268000,0.17943624,0.22985650
387.20000000,5.12387000,1.67881000,0.17952962,0.22997593
387.40000000,5.12200000,1.65936000,0.17962235,0.23009398
387.60000000,5.12200000,1.65936000,0.17971453,0.23021206
387.80000000,5.12350000,1.64332000,0.17980627,0.23032898
388.00000000,5.12287000,1.65104000,0.17989778,0.23044646
388.20000000,5.12300000,1.66003000,0.17998976,0.23056457
388.40000000,5.12300000,1.66003000,0.18008198,0.23068267
388.60000000,5.12225000,1.63932000,0.18017363,0.23079936
388.80000000,5.12487000,1.65654000,0.18026518,0.23091722
389.00000000,5.12300000,1.64921000,0.18035701,0.23103458
389.20000000,5.12350000,1.70307000,0.18045013,0.23115577
389.40000000,5.12350000,1.70307000,0.18054474,0.23127696
389.60000000,5.12325000,1.60915000,0.18063675,0.23139146
389.80000000,5.12325000,1.61820000,0.18072640,0.23150659
390.00000000,5.12287000,1.68214000,0.18081807,0.23162625
390.20000000,5.12150000,1.69452000,0.18091187,0.23174678
390.40000000,5.12150000,1.69452000,0.18100601,0.23186738
390.60000000,5.12412000,1.66736000,0.18109939,0.23198606
390.80000000,5.12500000,1.67603000,0.18119227,0.23210527
391.00000000,5.12087000,1.63974000,0.18128437,0.23222189
391.20000000,5.12087000,1.63974000,0.18137547,0.23233860
391.40000000,5.12450000,1.59737000,0.18146539,0.23245223
391.60000000,5.12200000,1.62870000,0.18155500,0.23256814
391.80000000,5.12412000,1.61625000,0.18164514,0.23268317
392.00000000,5.12350000,1.65718000,0.18173607,0.23280109
392.20000000,5.12350000,1.65718000,0.18182813,0.23291900
392.40000000,5.12262000,1.63769000,0.18191966,0.23303550
392.60000000,5.12200000,1.58700000,0.18200923,0.23314840
392.80000000,5.12212000,1.64726000,0.18209907,0.23326559
393.00000000,5.12212000,1.64726000,0.18219059,0.23338279
393.20000000,5.12287000,1.64643000,0.18228208,0.23349997
393.40000000,5.12412000,1.60710000,0.18237245,0.23361433
393.60000000,5.12350000,1.68732000,0.18246396,0.23373440
393.80000000,5.12350000,1.66009000,0.18255695,0.23385253
394.00000000,5.12350000,1.66009000,0.18264918,0.23397066
394.20000000,5.12362000,1.67564000,0.18274183,0.23408990
394.40000000,5.12337000,1.60169000,0.18283287,0.23420387
394.60000000,5.12400000,1.65334000,0.18292329,0.23432153
394.80000000,5.12400000,1.65334000,0.18301514,0.23443920
395.00000000,5.12400000,1.66057000,0.18310719,0.23455736
395.20000000,5.12362000,1.65417000,0.18319927,0.23467505
395.40000000,5.12225000,1.60563000,0.18328982,0.23478927
395.60000000,5.12225000,1.60563000,0.18337902,0.23490350
395.80000000,5.12212000,1.64684000,0.18346937,0.23502061
396.00000000,5.12025000,1.61964000,0.18356010,0.23513588
396.20000000,5.12425000,1.64940000,0.18365091,0.23525327
396.40000000,5.12425000,1.64940000,0.18374254,0.23537061
396.60000000,5.12200000,1.65769000,0.18383441,0.23548857
396.80000000,5.12362000,1.67299000,0.18392693,0.23560762
397.00000000,5.12337000,1.65865000,0.18401947,0.23572560
397.20000000,5.12150000,1.57859000,0.18410940,0.23583789
397.40000000,5.12150000,1.57859000,0.18419710,0.23595023
397.60000000,5.12400000,1.66521000,0.18428720,0.23606868
397.80000000,5.12137000,1.67283000,0.18437992,0.23618773
398.00000000,5.12387000,1.64172000,0.18447199,0.23630456
398.20000000,5.12387000,1.64172000,0.18456320,0.23642137
398.40000000,5.12275000,1.60873000,0.18465349,0.23653583
398.60000000,5.12275000,1.68384000,0.18474495,0.23665564
398.80000000,5.12312000,1.68083000,0.18483842,0.23677524
399.00000000,5.12337000,1.68144000,0.18493181,0.23689489
399.20000000,5.12337000,1.68144000,0.18502522,0.23701452
399.40000000,5.12262000,1.63913000,0.18511746,0.23713113
399.60000000,5.12212000,1.65596000,0.18520899,0.23724894
399.80000000,5.12250000,1.59865000,0.18529940,0.23736268
400.00000000,5.12225000,1.65516000,0.18538978,0.23748043
400.20000000,5.12225000,1.65516000,0.18548174,0.23759821
400.40000000,5.12350000,1.68896000,0.18557463,0.23771834
400.60000000,5.12112000,1.64809000,0.18566732,0.23783559
400.80000000,5.12237000,1.64924000,0.18575892,0.23795292
401.00000000,5.12237000,1.64924000,0.18585054,0.23807029
401.20000000,5.12400000,1.65008000,0.18594219,0.23818770
401.40000000,5.12300000,1.65638000,0.18603403,0.23830557
401.60000000,5.12362000,1.65552000,0.18612603,0.23842337
401.80000000,5.12312000,1.59094000,0.18621621,0.23853657
402.00000000,5.12312000,1.59094000,0.18630460,0.23864975
402.20000000,5.12187000,1.63068000,0.18639409,0.23876577
402.40000000,5.12275000,1.64547000,0.18648509,0.23888281
402.60000000,5.12125000,1.66726000,0.18657711,0.23900140
402.80000000,5.12125000,1.66726000,0.18666974,0.23912005
403.00000000,5.12387000,1.62883000,0.18676129,0.23923591
403.20000000,5.12137000,1.63436000,0.18685194,0.23935223
403.40000000,5.12437000,1.70025000,0.18694457,0.23947318
403.60000000,5.12212000,1.59430000,0.18703608,0.23958660
403.80000000,5.12212000,1.59430000,0.18712465,0.23970004
404.00000000,5.12300000,1.63667000,0.18721440,0.23981648
404.20000000,5.12237000,1.67033000,0.18730626,0.23993535
404.40000000,5.12375000,1.67456000,0.18739918,0.24005452
404.60000000,5.12375000,1.67456000,0.18749221,0.24017364
404.80000000,5.12212000,1.66460000,0.18758496,0.24029206
405.00000000,5.12175000,1.68147000,0.18767791,0.24041171
405.20000000,5.12362000,1.65238000,0.18777052,0.24052928
405.40000000,5.12275000,1.68176000,0.18786313,0.24064893
405.60000000,5.12275000,1.68176000,0.18795656,0.24076862
405.80000000,5.12387000,1.65209000,0.18804917,0.24088612
406.00000000,5.12112000,1.65270000,0.18814097,0.24100372
406.20000000,5.12325000,1.58540000,0.18823092,0.24111653
406.40000000,5.12325000,1.58540000,0.18831899,0.24122933
406.60000000,5.12262000,1.67331000,0.18840951,0.24134841
406.80000000,5.12387000,1.64518000,0.18850169,0.24146547
407.00000000,5.12287000,1.59452000,0.18859169,0.24157892
407.20000000,5.12300000,1.69350000,0.18868302,0.24169942
407.40000000,5.12300000,1.69350000,0.18877710,0.24181992
407.60000000,5.12312000,1.71110000,0.18887168,0.24194167
407.80000000,5.12300000,1.75603000,0.18896799,0.24206661
408.00000000,5.12400000,1.69792000,0.18906393,0.24218745
408.20000000,5.12400000,1.69792000,0.18915826,0.24230832
408.40000000,5.12550000,1.72400000,0.18925331,0.24243101
408.60000000,5.12412000,1.74790000,0.18934975,0.24255540
408.80000000,5.12362000,1.73401000,0.18944647,0.24267879
409.00000000,5.12337000,1.71216000,0.18954220,0.24280063
409.20000000,5.12337000,1.71216000,0.18963732,0.24292244
409.40000000,5.12237000,1.68803000,0.18973177,0.24304256
409.60000000,5.12375000,1.70384000,0.18982599,0.24316381
409.80000000,5.12250000,1.67270000,0.18991978,0.24328282
410.00000000,5.12250000,1.67270000,0.19001271,0.24340182
410.20000000,5.12225000,1.68992000,0.19010611,0.24352208
410.40000000,5.12387000,1.71750000,0.19020076,0.24364429
410.60000000,5.12300000,1.61856000,0.19029343,0.24375945
410.80000000,5.12300000,1.61856000,0.19038335,0.24387463
411.00000000,5.12350000,1.68182000,0.19047503,0.24399431
411.20000000,5.12362000,1.64198000,0.19056736,0.24411111
411.40000000,5.12187000,1.64220000,0.19065858,0.24422795
411.60000000,5.12262000,1.68473000,0.19075100,0.24434782
411.80000000,5.12262000,1.68473000,0.19084460,0.24446774
412.00000000,5.12512000,1.65129000,0.19093726,0.24458528
412.20000000,5.12500000,1.68771000,0.19103001,0.24470537
412.40000000,5.12325000,1.66681000,0.19112319,0.24482397
412.60000000,5.12325000,1.66681000,0.19121579,0.24494259
412.80000000,5.12375000,1.73628000,0.19131032,0.24506614
413.00000000,5.12350000,1.68323000,0.19140531,0.24518593
413.20000000,5.12387000,1.66224000,0.19149824,0.24530418
413.40000000,5.12225000,1.64790000,0.19159019,0.24542142
413.60000000,5.12225000,1.64790000,0.19168174,0.24553869
413.80000000,5.12362000,1.68796000,0.19177440,0.24565882
414.00000000,5.12425000,1.60144000,0.19186577,0.24577276
414.20000000,5.12287000,1.65088000,0.19195612,0.24589022
414.40000000,5.12287000,1.65088000,0.19204783,0.24600768
414.60000000,5.12250000,1.61219000,0.19213847,0.24612237
414.80000000,5.12200000,1.66156000,0.19222941,0.24624058
415.00000000,5.12262000,1.68198000,0.19232229,0.24636031
415.20000000,5.12500000,1.68972000,0.19241594,0.24648058
415.40000000,5.12500000,1.68972000,0.19250982,0.24660086
415.60000000,5.12525000,1.69475000,0.19260383,0.24672143
415.80000000,5.12225000,1.65033000,0.19269675,0.24683886
416.00000000,5.12300000,1.64454000,0.19278827,0.24695587
416.20000000,5.12575000,1.62012000,0.19287896,0.24707121
416.40000000,5.12575000,1.62012000,0.19296897,0.24718646
416.60000000,5.12200000,1.65222000,0.19305986,0.24730401
416.80000000,5.12250000,1.60502000,0.19315034,0.24741823
417.00000000,5.12375000,1.66550000,0.19324119,0.24753675
417.20000000,5.12375000,1.66550000,0.19333372,0.24765526
417.40000000,5.12325000,1.65542000,0.19342597,0.24777304
417.60000000,5.12275000,1.66364000,0.19351816,0.24789142
417.80000000,5.12325000,1.62048000,0.19360939,0.24800672
418.00000000,5.12262000,1.72470000,0.19370231,0.24812942
418.20000000,5.12262000,1.72470000,0.19379813,0.24825215
418.40000000,5.12337000,1.66099000,0.19389217,0.24837033
418.60000000,5.12300000,1.63283000,0.19398367,0.24848655
418.80000000,5.12437000,1.67113000,0.19407545,0.24860548
419.00000000,5.12437000,1.67113000,0.19416829,0.24872438
419.20000000,5.12275000,1.66624000,0.19426099,0.24884294
419.40000000,5.12300000,1.67433000,0.19435378,0.24896207
419.60000000,5.12300000,1.59740000,0.19444467,0.24907572
419.80000000,5.12225000,1.63702000,0.19453451,0.24919218
420.00000000,5.12225000,1.63702000,0.19462546,0.24930861
420.20000000,5.12087000,1.63078000,0.19471623,0.24942468
420.40000000,5.12450000,1.67168000,0.19480796,0.24954361
420.60000000,5.12262000,1.63545000,0.19489983,0.24965997
420.80000000,5.12262000,1.63545000,0.19499069,0.24977631
421.00000000,5.12187000,1.63923000,0.19508165,0.24989296
421.20000000,5.12375000,1.61724000,0.19517211,0.25000804
421.40000000,5.12300000,1.68492000,0.19526383,0.25012789
421.60000000,5.12175000,1.67728000,0.19535723,0.25024721
421.80000000,5.12175000,1.67728000,0.19545041,0.25036657
422.00000000,5.12375000,1.65168000,0.19554288,0.25048411
422.20000000,5.12400000,1.65158000,0.19563464,0.25060161
422.40000000,5.12237000,1.63552000,0.19572595,0.25071798
422.60000000,5.12275000,1.66243000,0.19581756,0.25083626
422.80000000,5.12275000,1.66243000,0.19590991,0.25095457
423.00000000,5.12412000,1.64886000,0.19600189,0.25107188
423.20000000,5.12237000,1.67257000,0.19609416,0.25119088
423.40000000,5.12262000,1.60396000,0.19618517,0.25130500
423.60000000,5.12262000,1.60396000,0.19627428,0.25141911
423.80000000,5.12262000,1.65072000,0.19636469,0.25153657
424.00000000,5.12300000,1.60176000,0.19645503,0.25165055
424.20000000,5.12350000,1.63331000,0.19654490,0.25176678
424.40000000,5.12387000,1.64889000,0.19663607,0.25188412
424.60000000,5.12387000,1.64889000,0.19672767,0.25200146
424.80000000,5.12350000,1.62473000,0.19681861,0.25211707
425.00000000,5.12325000,1.66790000,0.19691007,0.25223576
425.20000000,5.12387000,1.67356000,0.19700289,0.25235486
425.40000000,5.12387000,1.67356000,0.19709586,0.25247390
425.60000000,5.12100000,1.66880000,0.19718871,0.25259266
425.80000000,5.12387000,1.76902000,0.19728420,0.25271855
426.00000000,5.12400000,1.66745000,0.19737966,0.25283722
426.20000000,5.12400000,1.66745000,0.19747230,0.25295586
426.40000000,5.12275000,1.71792000,0.19756633,0.25307808
426.60000000,5.12275000,1.68611000,0.19766089,0.25319805
426.80000000,5.12275000,1.67660000,0.19775430,0.25331734
427.00000000,5.12275000,1.69740000,0.19784802,0.25343811
427.20000000,5.12275000,1.69740000,0.19794232,0.25355892
427.40000000,5.12462000,1.71644000,0.19803715,0.25368105
427.60000000,5.12312000,1.65932000,0.19813092,0.25379911
427.80000000,5.12287000,1.61120000,0.19822177,0.25391375
428.00000000,5.12287000,1.61120000,0.19831128,0.25402841
428.20000000,5.12375000,1.63616000,0.19840148,0.25414478
428.40000000,5.12087000,1.63580000,0.19849237,0.25426118
428.60000000,5.12337000,1.70675000,0.19858522,0.25438263
428.80000000,5.12337000,1.70675000,0.19868004,0.25450408
429.00000000,5.12325000,1.61248000,0.19877224,0.25461883
429.20000000,5.12387000,1.64393000,0.19886270,0.25473577
429.40000000,5.12200000,1.66096000,0.19895450,0.25485393
429.60000000,5.12200000,1.62716000,0.19904584,0.25496969
429.80000000,5.12200000,1.62716000,0.19913623,0.25508549
430.00000000,5.12400000,1.58403000,0.19922543,0.25519821
430.20000000,5.12350000,1.65920000,0.19931552,0.25531622
430.40000000,5.12112000,1.62476000,0.19940674,0.25543178
430.60000000,5.12400000,1.60886000,0.19949657,0.25554628
430.80000000,5.12400000,1.60886000,0.19958595,0.25566075
431.00000000,5.12262000,1.68419000,0.19967742,0.25578059
431.20000000,5.12325000,1.66758000,0.19977053,0.25589922
431.40000000,5.12212000,1.62825000,0.19986208,0.25601505
431.60000000,5.12212000,1.62825000,0.19995254,0.25613095
431.80000000,5.12500000,1.63468000,0.20004317,0.25624726
432.00000000,5.12275000,1.66822000,0.20013492,0.25636596
432.20000000,5.12287000,1.66707000,0.20022757,0.25648456
432.40000000,5.12225000,1.63337000,0.20031925,0.25660076
432.60000000,5.12225000,1.63337000,0.20040999,0.25671701
432.80000000,5.12462000,1.67865000,0.20050199,0.25683644
433.00000000,5.12262000,1.70182000,0.20059589,0.25695756
433.20000000,5.12412000,1.64326000,0.20068881,0.25707451
433.40000000,5.12412000,1.64326000,0.20078010,0.25719142
433.60000000,5.12237000,1.65856000,0.20087182,0.25730940
433.80000000,5.12200000,1.66019000,0.20096401,0.25742755
434.00000000,5.12375000,1.61856000,0.20105508,0.25754271
434.20000000,5.12275000,1.65212000,0.20114594,0.25766026
434.40000000,5.12275000,1.65212000,0.20123772,0.25777777
434.60000000,5.12112000,1.71856000,0.20133135,0.25790009
434.80000000,5.12487000,1.68272000,0.20142583,0.25801984
435.00000000,5.12400000,1.72304000,0.20152043,0.25814247
435.20000000,5.12400000,1.72304000,0.20161616,0.25826509
435.40000000,5.12400000,1.74067000,0.20171237,0.25838895
435.60000000,5.12325000,1.65884000,0.20180680,0.25850701
435.80000000,5.12412000,1.72038000,0.20190067,0.25862943
436.00000000,5.12337000,1.72284000,0.20199632,0.25875202
436.20000000,5.12337000,1.72284000,0.20209203,0.25887462
436.40000000,5.12350000,1.62326000,0.20218498,0.25899011
436.60000000,5.12275000,1.63820000,0.20227557,0.25910668
436.80000000,5.12337000,1.63148000,0.20236640,0.25922277
437.00000000,5.12337000,1.63148000,0.20245704,0.25933885
437.20000000,5.12250000,1.57011000,0.20254597,0.25945058
437.40000000,5.12375000,1.64419000,0.20263525,0.25956755
437.60000000,5.12200000,1.63750000,0.20272641,0.25968404
437.80000000,5.12237000,1.60572000,0.20281650,0.25979828
438.00000000,5.12237000,1.60572000,0.20290571,0.25991254
438.20000000,5.12325000,1.73424000,0.20299849,0.26003594
438.40000000,5.12337000,1.71369000,0.20309426,0.26015790
438.60000000,5.12387000,1.65881000,0.20318794,0.26027591
438.80000000,5.12212000,1.69497000,0.20328110,0.26039649
439.00000000,5.12212000,1.69497000,0.20337527,0.26051712
439.20000000,5.12425000,1.70796000,0.20346979,0.26063866
439.40000000,5.12362000,1.70307000,0.20356454,0.26075984
439.60000000,5.12287000,1.73299000,0.20365999,0.26088314
439.80000000,5.12287000,1.73299000,0.20375627,0.26100647
440.00000000,5.12387000,1.73334000,0.20385255,0.26112977
440.20000000,5.12200000,1.69456000,0.20394777,0.26125035
440.40000000,5.12300000,1.72048000,0.20404264,0.26137276
440.60000000,5.12300000,1.71817000,0.20413815,0.26149502
440.80000000,5.12300000,1.71817000,0.20423361,0.26161725
441.00000000,5.12200000,1.69580000,0.20432844,0.26173794
441.20000000,5.12437000,1.69836000,0.20442272,0.26185881
441.40000000,5.12437000,1.71446000,0.20451752,0.26198084
441.60000000,5.12437000,1.71446000,0.20461277,0.26210285
441.80000000,5.12412000,1.66806000,0.20470673,0.26222151
442.00000000,5.12200000,1.71171000,0.20480061,0.26234330
442.20000000,5.12250000,1.72620000,0.20489611,0.26246617
442.40000000,5.12525000,1.63568000,0.20498950,0.26258261
442.60000000,5.12525000,1.63568000,0.20508037,0.26269900
442.80000000,5.12350000,1.66556000,0.20517207,0.26281751
443.00000000,5.12275000,1.63849000,0.20526385,0.26293408
443.20000000,5.12262000,1.68105000,0.20535606,0.26305368
443.40000000,5.12262000,1.68105000,0.20544945,0.26317333
443.60000000,5.12462000,1.62352000,0.20554124,0.26328885
443.80000000,5.12287000,1.64729000,0.20563210,0.26340608
444.00000000,5.12412000,1.65747000,0.20572390,0.26352404
444.20000000,5.12187000,1.65110000,0.20581580,0.26364150
444.40000000,5.12187000,1.65110000,0.20590753,0.26375896
444.60000000,5.12250000,1.65456000,0.20599935,0.26387670
444.80000000,5.12337000,1.69936000,0.20609252,0.26399762
445.00000000,5.12337000,1.65401000,0.20618567,0.26411532
445.20000000,5.12337000,1.65401000,0.20627756,0.26423303
445.40000000,5.12387000,1.65648000,0.20636951,0.26435085
445.60000000,5.12137000,1.61641000,0.20646043,0.26446587
445.80000000,5.12350000,1.66348000,0.20655154,0.26458425
446.00000000,5.12337000,1.65388000,0.20664368,0.26470193
446.20000000,5.12337000,1.65388000,0.20673557,0.26481960
446.40000000,5.12237000,1.64336000,0.20682716,0.26493656
446.60000000,5.12462000,1.66947000,0.20691918,0.26505539
446.80000000,5.12262000,1.66195000,0.20701172,0.26517363
447.00000000,5.12262000,1.66195000,0.20710405,0.26529188
447.20000000,5.12275000,1.71456000,0.20719784,0.26541392
447.40000000,5.12500000,1.68016000,0.20729214,0.26553349
447.60000000,5.12387000,1.72793000,0.20738681,0.26565646
447.80000000,5.12387000,1.72793000,0.20748280,0.26577941
448.00000000,5.12312000,1.64393000,0.20757647,0.26589644
448.20000000,5.12550000,1.72224000,0.20766997,0.26601901
448.40000000,5.12412000,1.69552000,0.20776491,0.26613965
448.60000000,5.12325000,1.65244000,0.20785791,0.26625723
448.80000000,5.12325000,1.65244000,0.20794971,0.26637481
449.00000000,5.12300000,1.71056000,0.20804313,0.26649654
449.20000000,5.12362000,1.71212000,0.20813820,0.26661839
449.40000000,5.12425000,1.65382000,0.20823170,0.26673609
449.60000000,5.12425000,1.65382000,0.20832358,0.26685380
449.80000000,5.12437000,1.72793000,0.20841752,0.26697673
450.00000000,5.12250000,1.69904000,0.20851271,0.26709765
450.20000000,5.12400000,1.72630000,0.20860786,0.26722051
450.40000000,5.12462000,1.70540000,0.20870318,0.26734190
450.60000000,5.12462000,1.70540000,0.20879793,0.26746324
450.80000000,5.12287000,1.72160000,0.20889312,0.26758577
451.00000000,5.12437000,1.73772000,0.20898921,0.26770943
451.20000000,5.12362000,1.70672000,0.20908489,0.26783088
451.40000000,5.12362000,1.70672000,0.20917971,0.26795233
451.60000000,5.12375000,1.64672000,0.20927286,0.26806949
451.80000000,5.12237000,1.73971000,0.20936693,0.26819332
452.00000000,5.12500000,1.72092000,0.20946306,0.26831577
452.20000000,5.12287000,1.68662000,0.20955771,0.26843577
452.40000000,5.12287000,1.68662000,0.20965141,0.26855579
452.60000000,5.12337000,1.61984000,0.20974326,0.26867109
452.80000000,5.12487000,1.65113000,0.20983412,0.26878856
453.00000000,5.12262000,1.60800000,0.20992465,0.26890297
453.20000000,5.12262000,1.60800000,0.21001398,0.26901742
453.40000000,5.12500000,1.73072000,0.21010673,0.26914059
453.60000000,5.12375000,1.71814000,0.21020253,0.26926287
453.80000000,5.12425000,1.74985000,0.21029886,0.26938736
454.00000000,5.12237000,1.71446000,0.21039509,0.26950933
454.20000000,5.12237000,1.71446000,0.21049034,0.26963137
454.40000000,5.12500000,1.68048000,0.21058464,0.26975097
454.60000000,5.12425000,1.71398000,0.21067893,0.26987294
454.80000000,5.12350000,1.71385000,0.21077415,0.26999489
455.00000000,5.12350000,1.71385000,0.21086937,0.27011684
455.20000000,5.12300000,1.76281000,0.21096594,0.27024227
455.40000000,5.12325000,1.72777000,0.21106290,0.27036527
455.60000000,5.12562000,1.66220000,0.21115707,0.27048356
455.80000000,5.12375000,1.66480000,0.21124948,0.27060203
456.00000000,5.12375000,1.66480000,0.21134197,0.27072050
456.20000000,5.12362000,1.65840000,0.21143428,0.27083853
456.40000000,5.12412000,1.69574000,0.21152745,0.27095917
456.60000000,5.12250000,1.58601000,0.21161861,0.27107201
456.80000000,5.12325000,1.65849000,0.21170874,0.27119002
457.00000000,5.12325000,1.65849000,0.21180088,0.27130805
457.20000000,5.12387000,1.64627000,0.21189268,0.27142516
457.40000000,5.12212000,1.63712000,0.21198388,0.27154166
457.60000000,5.12337000,1.68083000,0.21207605,0.27166126
457.80000000,5.12337000,1.68083000,0.21216943,0.27178089
458.00000000,5.12437000,1.63584000,0.21226156,0.27189730
458.20000000,5.12387000,1.67532000,0.21235353,0.27201651
458.40000000,5.12300000,1.67347000,0.21244655,0.27213558
458.60000000,5.12300000,1.67347000,0.21253952,0.27225465
458.80000000,5.12300000,1.67881000,0.21263264,0.27237409
459.00000000,5.12250000,1.66083000,0.21272541,0.27249225
459.20000000,5.12250000,1.58240000,0.21281550,0.27260486
459.40000000,5.12387000,1.63824000,0.21290496,0.27272145
459.60000000,5.12387000,1.63824000,0.21299598,0.27283799
459.80000000,5.12187000,1.62457000,0.21308661,0.27295358
460.00000000,5.12287000,1.66198000,0.21317790,0.27307185
460.20000000,5.12387000,1.66688000,0.21327037,0.27319048
460.40000000,5.12225000,1.67804000,0.21336329,0.27330986
460.60000000,5.12225000,1.67804000,0.21345651,0.27342927
460.80000000,5.12362000,1.68185000,0.21354984,0.27354892
461.00000000,5.12237000,1.65289000,0.21364247,0.27366656
461.20000000,5.12412000,1.62035000,0.21373340,0.27378187
461.40000000,5.12412000,1.62035000,0.21382342,0.27389717
461.60000000,5.12337000,1.72537000,0.21391635,0.27401997
461.80000000,5.12437000,1.71148000,0.21401182,0.27414177
462.00000000,5.12375000,1.69417000,0.21410642,0.27426233
462.20000000,5.12487000,1.71945000,0.21420124,0.27438472
462.40000000,5.12487000,1.71945000,0.21429677,0.27450705
462.60000000,5.12262000,1.72515000,0.21439245,0.27462983
462.80000000,5.12437000,1.69488000,0.21448745,0.27475045
463.00000000,5.12412000,1.73091000,0.21458261,0.27487364
463.20000000,5.12412000,1.73091000,0.21467878,0.27499683
463.40000000,5.12412000,1.71971000,0.21477463,0.27511922
463.60000000,5.12437000,1.76732000,0.21487149,0.27524498
463.80000000,5.12325000,1.70230000,0.21496787,0.27536611
464.00000000,5.12325000,1.70230000,0.21506244,0.27548729
464.20000000,5.12562000,1.74352000,0.21515816,0.27561138
464.40000000,5.12450000,1.72028000,0.21525437,0.27573379
464.60000000,5.12300000,1.66416000,0.21534838,0.27585221
464.80000000,5.12375000,1.69110000,0.21544159,0.27597256
465.00000000,5.12375000,1.69110000,0.21553554,0.27609288
465.20000000,5.12262000,1.72012000,0.21563029,0.27621528
465.40000000,5.12362000,1.67248000,0.21572453,0.27633430
465.60000000,5.12350000,1.68384000,0.21581776,0.27645412
465.80000000,5.12350000,1.68384000,0.21591131,0.27657396
466.00000000,5.12425000,1.71555000,0.21600574,0.27669601
466.20000000,5.12250000,1.60236000,0.21609790,0.27681004
466.40000000,5.12400000,1.63353000,0.21618779,0.27692625
466.60000000,5.12212000,1.66921000,0.21627953,0.27704500
466.80000000,5.12212000,1.66921000,0.21637226,0.27716378
467.00000000,5.12350000,1.62451000,0.21646376,0.27727940
467.20000000,5.12412000,1.63308000,0.21655424,0.27739562
467.40000000,5.12412000,1.63980000,0.21664516,0.27751232
467.60000000,5.12412000,1.63980000,0.21673626,0.27762900
467.80000000,5.12287000,1.69795000,0.21682897,0.27774985
468.00000000,5.12487000,1.63526000,0.21692156,0.27786620
468.20000000,5.12287000,1.62467000,0.21701212,0.27798182
468.40000000,5.12387000,1.63692000,0.21710272,0.27809832
468.60000000,5.12387000,1.63692000,0.21719366,0.27821480
468.80000000,5.12350000,1.63859000,0.21728464,0.27833139
469.00000000,5.12300000,1.65155000,0.21737603,0.27844887
469.20000000,5.12162000,1.67059000,0.21746832,0.27856770
469.40000000,5.12162000,1.67059000,0.21756113,0.27868659
469.60000000,5.12387000,1.58368000,0.21765152,0.27879932
469.80000000,5.12512000,1.64102000,0.21774110,0.27891607
470.00000000,5.12237000,1.69081000,0.21783365,0.27903636
470.20000000,5.12225000,1.66022000,0.21792673,0.27915447
470.40000000,5.12225000,1.66022000,0.21801897,0.27927264
470.60000000,5.12475000,1.61705000,0.21811000,0.27938770
470.80000000,5.12325000,1.64944000,0.21820074,0.27950505
471.00000000,5.12225000,1.64985000,0.21829239,0.27962248
471.20000000,5.12462000,1.63027000,0.21838350,0.27973851
471.40000000,5.12462000,1.63027000,0.21847407,0.27985451
471.60000000,5.12300000,1.65443000,0.21856531,0.27997222
471.80000000,5.12275000,1.66060000,0.21865740,0.28009036
472.00000000,5.12225000,1.65484000,0.21874949,0.28020809
472.20000000,5.12225000,1.65484000,0.21884143,0.28032588
472.40000000,5.12475000,1.63408000,0.21893279,0.28044217
472.60000000,5.12400000,1.69600000,0.21902529,0.28056284
472.80000000,5.12300000,1.67638000,0.21911897,0.28068214
473.00000000,5.12375000,1.68560000,0.21921235,0.28080209
473.20000000,5.12375000,1.68560000,0.21930600,0.28092198
473.40000000,5.12100000,1.62896000,0.21939807,0.28103793
473.60000000,5.12500000,1.61395000,0.21948815,0.28115280
473.80000000,5.12450000,1.66992000,0.21957937,0.28127166
474.00000000,5.12450000,1.66992000,0.21967214,0.28139047
474.20000000,5.12287000,1.64480000,0.21976422,0.28150749
474.40000000,5.12225000,1.60256000,0.21985442,0.28162156
474.60000000,5.12525000,1.65116000,0.21994480,0.28173905
474.80000000,5.12325000,1.61366000,0.22003549,0.28185388
475.00000000,5.12325000,1.61366000,0.22012514,0.28196870
475.20000000,5.12312000,1.67241000,0.22021642,0.28208772
475.40000000,5.12437000,1.67760000,0.22030948,0.28220709
475.60000000,5.12287000,1.58547000,0.22040012,0.28231989
475.80000000,5.12287000,1.58547000,0.22048820,0.28243273
476.00000000,5.12425000,1.66771000,0.22057857,0.28255139
476.20000000,5.12262000,1.65104000,0.22067075,0.28266888
476.40000000,5.12387000,1.70000000,0.22076384,0.28278985
476.60000000,5.12350000,1.59753000,0.22085544,0.28290353
476.80000000,5.12350000,1.59753000,0.22094419,0.28301719
477.00000000,5.12250000,1.65776000,0.22103461,0.28313517
477.20000000,5.12412000,1.64377000,0.22112632,0.28325213
477.40000000,5.12300000,1.63734000,0.22121746,0.28336863
477.60000000,5.12212000,1.61513000,0.22130781,0.28348353
477.80000000,5.12212000,1.61513000,0.22139754,0.28359844
478.00000000,5.12237000,1.65126000,0.22148827,0.28371591
478.20000000,5.12212000,1.62268000,0.22157921,0.28383135
478.40000000,5.12450000,1.65104000,0.22167015,0.28394886
478.60000000,5.12450000,1.65104000,0.22176188,0.28406634
478.80000000,5.12325000,1.64355000,0.22185339,0.28418323
479.00000000,5.12075000,1.62265000,0.22194412,0.28429873
479.20000000,5.12462000,1.62912000,0.22203445,0.28441468
479.40000000,5.12462000,1.62912000,0.22212495,0.28453057
479.60000000,5.12187000,1.69673000,0.22221734,0.28465130
479.80000000,5.12325000,1.69868000,0.22231165,0.28477219
480.00000000,5.12387000,1.67344000,0.22240532,0.28489128
480.20000000,5.12350000,1.71027000,0.22249932,0.28501298
480.40000000,5.12350000,1.71027000,0.22259433,0.28513464
480.60000000,5.12162000,1.68204000,0.22268856,0.28525433
480.80000000,5.12325000,1.74700000,0.22278381,0.28537868
481.00000000,5.12500000,1.73206000,0.22288045,0.28550197
481.20000000,5.12500000,1.73206000,0.22297668,0.28562519
481.40000000,5.12212000,1.71049000,0.22307231,0.28574697
481.60000000,5.12612000,1.65088000,0.22316568,0.28586445
481.80000000,5.12362000,1.60006000,0.22325598,0.28597831
482.00000000,5.12362000,1.60006000,0.22334487,0.28609217
482.20000000,5.12350000,1.71446000,0.22343694,0.28621416
482.40000000,5.12312000,1.67670000,0.22353114,0.28633347
482.60000000,5.12312000,1.65257000,0.22362362,0.28645106
482.80000000,5.12325000,1.69030000,0.22371648,0.28657133
483.00000000,5.12325000,1.69030000,0.22381039,0.28669160
483.20000000,5.12300000,1.67344000,0.22390382,0.28681072
483.40000000,5.12500000,1.70384000,0.22399764,0.28693196
483.60000000,5.12337000,1.66732000,0.22409128,0.28705060
483.80000000,5.12337000,1.66732000,0.22418391,0.28716927
484.00000000,5.12437000,1.71833000,0.22427795,0.28729157
484.20000000,5.12462000,1.72105000,0.22437349,0.28741405
484.40000000,5.12400000,1.72147000,0.22446912,0.28753656
484.60000000,5.12387000,1.69465000,0.22456401,0.28765716
484.80000000,5.12387000,1.69465000,0.22465816,0.28777776
485.00000000,5.12400000,1.70873000,0.22475270,0.28789933
485.20000000,5.12225000,1.67427000,0.22484667,0.28801848
485.40000000,5.12400000,1.62665000,0.22493836,0.28813424
485.60000000,5.12400000,1.62665000,0.22502873,0.28825000
485.80000000,5.12362000,1.67395000,0.22512041,0.28836914
486.00000000,5.12475000,1.68080000,0.22521360,0.28848873
486.20000000,5.12275000,1.64272000,0.22530592,0.28860561
486.40000000,5.12300000,1.64099000,0.22539713,0.28872238
486.60000000,5.12300000,1.64099000,0.22548830,0.28883913
486.80000000,5.12287000,1.68896000,0.22558080,0.28895929
487.00000000,5.12237000,1.62425000,0.22567283,0.28907490
487.20000000,5.12462000,1.67088000,0.22576436,0.28919383
487.40000000,5.12462000,1.72915000,0.22585881,0.28931690
487.60000000,5.12462000,1.72915000,0.22595487,0.28943997
487.80000000,5.12462000,1.69587000,0.22605001,0.28956062
488.00000000,5.12225000,1.68483000,0.22614392,0.28968055
488.20000000,5.12537000,1.73040000,0.22623879,0.28980373
488.40000000,5.12537000,1.73040000,0.22633492,0.28992685
488.60000000,5.12275000,1.62496000,0.22642813,0.29004250
488.80000000,5.12412000,1.68924000,0.22652019,0.29016269
489.00000000,5.12300000,1.69798000,0.22661428,0.29028352
489.20000000,5.12362000,1.64988000,0.22670727,0.29040093
489.40000000,5.12362000,1.64988000,0.22679893,0.29051835
489.60000000,5.12425000,1.65673000,0.22689078,0.29063620
489.80000000,5.12175000,1.69990000,0.22698402,0.29075718
490.00000000,5.12387000,1.65788000,0.22707729,0.29087516
490.20000000,5.12387000,1.65788000,0.22716940,0.29099315
490.40000000,5.12425000,1.71552000,0.22726310,0.29111527
490.60000000,5.12537000,1.73302000,0.22735890,0.29123857
490.80000000,5.12262000,1.63654000,0.22745250,0.29135503
491.00000000,5.12375000,1.63126000,0.22754327,0.29147112
491.20000000,5.12375000,1.63126000,0.22763389,0.29158715
491.40000000,5.12137000,1.61180000,0.22772398,0.29170183
491.60000000,5.12287000,1.64956000,0.22781457,0.29181921
491.80000000,5.12325000,1.69280000,0.22790742,0.29193966
492.00000000,5.12325000,1.69280000,0.22800146,0.29206009
492.20000000,5.12212000,1.67782000,0.22809509,0.29217950
492.40000000,5.12437000,1.62108000,0.22818672,0.29229487
492.60000000,5.12387000,1.69136000,0.22827874,0.29241523
492.80000000,5.12250000,1.65296000,0.22837163,0.29253283
493.00000000,5.12250000,1.65296000,0.22846347,0.29265046
493.20000000,5.12375000,1.67235000,0.22855584,0.29276950
493.40000000,5.12512000,1.70230000,0.22864958,0.29289064
493.60000000,5.12337000,1.59667000,0.22874121,0.29300425
493.80000000,5.12337000,1.59667000,0.22882992,0.29311786
494.00000000,5.12287000,1.65289000,0.22892018,0.29323546
494.20000000,5.12300000,1.67238000,0.22901255,0.29335448
494.40000000,5.12387000,1.67164000,0.22910544,0.29347344
494.60000000,5.12237000,1.62896000,0.22919712,0.29358933
494.80000000,5.12237000,1.62896000,0.22928762,0.29370522
495.00000000,5.12237000,1.61219000,0.22937765,0.29381994
495.20000000,5.12325000,1.65644000,0.22946845,0.29393777
495.40000000,5.12150000,1.65513000,0.22956044,0.29405550
495.60000000,5.12150000,1.65513000,0.22965239,0.29417324
495.80000000,5.12175000,1.64480000,0.22974405,0.29429027
496.00000000,5.12312000,1.61062000,0.22983448,0.29440487
496.20000000,5.12312000,1.65475000,0.22992519,0.29452262
496.40000000,5.12312000,1.65475000,0.23001712,0.29464035
496.60000000,5.12262000,1.67193000,0.23010953,0.29475929
496.80000000,5.12200000,1.65296000,0.23020188,0.29487691
497.00000000,5.12350000,1.69699000,0.23029494,0.29499768
497.20000000,5.12400000,1.59667000,0.23038643,0.29511131
497.40000000,5.12400000,1.59667000,0.23047513,0.29522494
497.60000000,5.12412000,1.71212000,0.23056704,0.29534676
497.80000000,5.12275000,1.64080000,0.23066018,0.29546349
498.00000000,5.12237000,1.69331000,0.23075279,0.29558396
498.20000000,5.12237000,1.69331000,0.23084687,0.29570447
498.40000000,5.12412000,1.67148000,0.23094033,0.29582341
498.60000000,5.12325000,1.66800000,0.23103310,0.29594209
498.80000000,5.12300000,1.67232000,0.23112588,0.29606105
499.00000000,5.12150000,1.68208000,0.23121906,0.29618069
499.20000000,5.12150000,1.68208000,0.23131251,0.29630039
499.40000000,5.12325000,1.64083000,0.23140481,0.29641713
499.60000000,5.12275000,1.67216000,0.23149684,0.29653606
499.80000000,5.12100000,1.68784000,0.23159017,0.29665611
500.00000000,5.12100000,1.68784000,0.23168394,0.29677623
500.20000000,5.12425000,1.59945000,0.23177526,0.29689006
500.40000000,5.12375000,1.66233000,0.23186586,0.29700835
500.60000000,5.12362000,1.65334000,0.23195796,0.29712599
500.80000000,5.12325000,1.61625000,0.23204879,0.29724100
501.00000000,5.12325000,1.61625000,0.23213858,0.29735601
501.20000000,5.12350000,1.65558000,0.23222946,0.29747381
501.40000000,5.12312000,1.66604000,0.23232173,0.29759236
501.60000000,5.12300000,1.68979000,0.23241495,0.29771259
501.80000000,5.12300000,1.68979000,0.23250882,0.29783283
502.00000000,5.12337000,1.62787000,0.23260098,0.29794866
502.20000000,5.12300000,1.64252000,0.23269182,0.29806555
502.40000000,5.12375000,1.65552000,0.23278344,0.29818333
502.60000000,5.12237000,1.66256000,0.23287561,0.29830161
502.80000000,5.12237000,1.66256000,0.23296797,0.29841986
503.00000000,5.12087000,1.64876000,0.23305995,0.29853718
503.20000000,5.12350000,1.60720000,0.23315039,0.29865153
503.40000000,5.12287000,1.64588000,0.23324076,0.29876864
503.60000000,5.12287000,1.64588000,0.23333220,0.29888575
503.80000000,5.12312000,1.58019000,0.23342181,0.29899818
504.00000000,5.12287000,1.65043000,0.23351155,0.29911560
504.20000000,5.12212000,1.64816000,0.23360318,0.29923286
504.40000000,5.12275000,1.60214000,0.23369346,0.29934685
504.60000000,5.12275000,1.60214000,0.23378247,0.29946089
504.80000000,5.12500000,1.65552000,0.23387296,0.29957871
505.00000000,5.12387000,1.67929000,0.23396559,0.29969818
505.20000000,5.12212000,1.64649000,0.23405798,0.29981534
505.40000000,5.12362000,1.62486000,0.23414885,0.29993097
505.60000000,5.12362000,1.62486000,0.23423912,0.30004659
505.80000000,5.12325000,1.67110000,0.23433067,0.30016548
506.00000000,5.12237000,1.62848000,0.23442233,0.30028136
506.20000000,5.12337000,1.61155000,0.23451233,0.30039603
506.40000000,5.12337000,1.61155000,0.23460186,0.30051069
506.60000000,5.12250000,1.65276000,0.23469253,0.30062832
506.80000000,5.12462000,1.69849000,0.23478562,0.30074919
507.00000000,5.12387000,1.65699000,0.23487883,0.30086706
507.20000000,5.12162000,1.61878000,0.23496982,0.30098221
507.40000000,5.12162000,1.61878000,0.23505976,0.30109743
507.60000000,5.12487000,1.73379000,0.23515288,0.30122081
507.80000000,5.12337000,1.64217000,0.23524666,0.30133767
508.00000000,5.12362000,1.66627000,0.23533856,0.30145624
508.20000000,5.12362000,1.66627000,0.23543113,0.30157479
508.40000000,5.12262000,1.68761000,0.23552430,0.30169491
508.60000000,5.12462000,1.64336000,0.23561682,0.30181183
508.80000000,5.12262000,1.64822000,0.23570826,0.30192909
509.00000000,5.12262000,1.64822000,0.23579982,0.30204638
509.20000000,5.12350000,1.68281000,0.23589235,0.30216613
509.40000000,5.12362000,1.69027000,0.23598605,0.30228644
509.60000000,5.12475000,1.70729000,0.23608043,0.30240796
509.80000000,5.12300000,1.59420000,0.23617213,0.30252139
510.00000000,5.12300000,1.59420000,0.23626070,0.30263480
510.20000000,5.12175000,1.68422000,0.23635177,0.30275461
510.40000000,5.12187000,1.65692000,0.23644458,0.30287251
510.60000000,5.12350000,1.66988000,0.23653699,0.30299134
510.80000000,5.12350000,1.66988000,0.23662976,0.30311015
511.00000000,5.12250000,1.67385000,0.23672264,0.30322923
511.20000000,5.12225000,1.59907000,0.23681355,0.30334299
511.40000000,5.12212000,1.64275000,0.23690361,0.30345988
511.60000000,5.12350000,1.67123000,0.23699566,0.30357881
511.80000000,5.12350000,1.67123000,0.23708851,0.30369773
512.00000000,5.12325000,1.61788000,0.23717987,0.30381285
512.20000000,5.12312000,1.63392000,0.23727020,0.30392910
512.40000000,5.12300000,1.65760000,0.23736163,0.30404705
512.60000000,5.12300000,1.65760000,0.23745372,0.30416497
512.80000000,5.12212000,1.64163000,0.23754536,0.30428179
513.00000000,5.12337000,1.63427000,0.23763636,0.30439809
513.20000000,5.12375000,1.65462000,0.23772772,0.30451583
513.40000000,5.12275000,1.62041000,0.23781869,0.30463112
513.60000000,5.12275000,1.62041000,0.23790871,0.30474643
513.80000000,5.12337000,1.65484000,0.23799969,0.30486418
514.00000000,5.12337000,1.62960000,0.23809093,0.30498014
514.20000000,5.12312000,1.61488000,0.23818105,0.30509504
514.40000000,5.12312000,1.61488000,0.23827077,0.30520993
514.60000000,5.12212000,1.65568000,0.23836162,0.30532774
514.80000000,5.12325000,1.63062000,0.23845290,0.30544378
515.00000000,5.12362000,1.63667000,0.23854366,0.30556025
515.20000000,5.12375000,1.64691000,0.23863487,0.30567745
515.40000000,5.12375000,1.64691000,0.23872637,0.30579467
515.60000000,5.12487000,1.66275000,0.23881830,0.30591295
515.80000000,5.12175000,1.69462000,0.23891156,0.30603352
516.00000000,5.12250000,1.66883000,0.23900499,0.30615225
516.20000000,5.12250000,1.66883000,0.23909770,0.30627100
516.40000000,5.12350000,1.72176000,0.23919189,0.30639352
516.60000000,5.12362000,1.67484000,0.23928624,0.30651266
516.80000000,5.12175000,1.69404000,0.23937982,0.30663320
517.00000000,5.12287000,1.66233000,0.23947305,0.30675147
517.20000000,5.12287000,1.66233000,0.23956540,0.30686979
517.40000000,5.12462000,1.67600000,0.23965813,0.30698903
517.60000000,5.12250000,1.65436000,0.23975064,0.30710670
517.80000000,5.12137000,1.59625000,0.23984094,0.30722025
518.00000000,5.12137000,1.59625000,0.23992962,0.30733383
518.20000000,5.12350000,1.64009000,0.24001952,0.30745053
518.40000000,5.12275000,1.68204000,0.24011180,0.30757022
518.60000000,5.12350000,1.66240000,0.24020470,0.30768850
518.80000000,5.12275000,1.64470000,0.24029656,0.30780552
519.00000000,5.12275000,1.64470000,0.24038793,0.30792259
519.20000000,5.12500000,1.65977000,0.24047973,0.30804069
519.40000000,5.12300000,1.67830000,0.24057245,0.30816006
519.60000000,5.12125000,1.61043000,0.24066380,0.30827461
519.80000000,5.12125000,1.61043000,0.24075327,0.30838922
520.00000000,5.12437000,1.63760000,0.24084349,0.30850572
520.20000000,5.12212000,1.64176000,0.24093459,0.30862251
520.40000000,5.12175000,1.63286000,0.24102555,0.30873872
520.60000000,5.12412000,1.67740000,0.24111750,0.30885810
520.80000000,5.12412000,1.67740000,0.24121069,0.30897746
521.00000000,5.12337000,1.68259000,0.24130402,0.30909720
521.20000000,5.12400000,1.65001000,0.24139660,0.30921464
521.40000000,5.12437000,1.71507000,0.24149007,0.30933669
521.60000000,5.12400000,1.70080000,0.24158496,0.30945773
521.80000000,5.12400000,1.70080000,0.24167944,0.30957875
522.00000000,5.12300000,1.69059000,0.24177365,0.30969907
522.20000000,5.12437000,1.66934000,0.24186698,0.30981783
522.40000000,5.12200000,1.64396000,0.24195902,0.30993478
522.60000000,5.12200000,1.64396000,0.24205035,0.31005178
522.80000000,5.12425000,1.63945000,0.24214155,0.31016843
523.00000000,5.12287000,1.67344000,0.24223358,0.31028751
523.20000000,5.12362000,1.66188000,0.24232623,0.31040576
523.40000000,5.12325000,1.70486000,0.24241975,0.31052707
523.60000000,5.12325000,1.70486000,0.24251446,0.31064837
523.80000000,5.12262000,1.60185000,0.24260631,0.31076232
524.00000000,5.12200000,1.63273000,0.24269616,0.31087852
524.20000000,5.12400000,1.64995000,0.24278735,0.31099594
524.40000000,5.12400000,1.64995000,0.24287901,0.31111332
524.60000000,5.12212000,1.68547000,0.24297166,0.31123328
524.80000000,5.12450000,1.62041000,0.24306349,0.31134863
525.00000000,5.12512000,1.66547000,0.24315477,0.31146711
525.20000000,5.12212000,1.64585000,0.24324675,0.31158419
525.40000000,5.12212000,1.64585000,0.24333819,0.31170132
525.60000000,5.12362000,1.72102000,0.24343171,0.31182379
525.80000000,5.12387000,1.64140000,0.24352511,0.31194055
526.00000000,5.12175000,1.65056000,0.24361655,0.31205797
526.20000000,5.12437000,1.62854000,0.24370764,0.31217387
526.40000000,5.12437000,1.62854000,0.24379811,0.31228972
526.60000000,5.12187000,1.61590000,0.24388824,0.31240466
526.80000000,5.12137000,1.65401000,0.24397907,0.31252234
527.00000000,5.12262000,1.67088000,0.24407143,0.31264122
527.20000000,5.12262000,1.67088000,0.24416425,0.31276009
527.40000000,5.12212000,1.63385000,0.24425605,0.31287634
527.60000000,5.12300000,1.64604000,0.24434716,0.31299347
527.80000000,5.12350000,1.65712000,0.24443891,0.31311139
528.00000000,5.12175000,1.66467000,0.24453119,0.31322981
528.20000000,5.12175000,1.66467000,0.24462367,0.31334825
528.40000000,5.12300000,1.69356000,0.24471695,0.31346875
528.60000000,5.12287000,1.62096000,0.24480902,0.31358409
528.80000000,5.12287000,1.65900000,0.24490013,0.31370213
529.00000000,5.12287000,1.65900000,0.24499230,0.31382016
529.20000000,5.12262000,1.69203000,0.24508538,0.31394058
529.40000000,5.12412000,1.72630000,0.24518034,0.31406335
529.60000000,5.12062000,1.66441000,0.24527452,0.31418180
529.80000000,5.12400000,1.65392000,0.24536670,0.31429951
530.00000000,5.12400000,1.65392000,0.24545858,0.31441720
530.20000000,5.12375000,1.68316000,0.24555128,0.31453696
530.40000000,5.12287000,1.67920000,0.24564468,0.31465644
530.60000000,5.12300000,1.61180000,0.24573609,0.31477113
530.80000000,5.12300000,1.61180000,0.24582564,0.31488582
531.00000000,5.12337000,1.69014000,0.24591736,0.31500607
531.20000000,5.12275000,1.67232000,0.24601076,0.31512506
531.40000000,5.12275000,1.59472000,0.24610151,0.31523852
531.60000000,5.12275000,1.59472000,0.24619011,0.31535198
531.80000000,5.12262000,1.66566000,0.24628067,0.31547052
532.00000000,5.12387000,1.66201000,0.24637311,0.31558875
532.20000000,5.12212000,1.68012000,0.24646595,0.31570828
532.40000000,5.12212000,1.68012000,0.24655929,0.31582784
532.60000000,5.12387000,1.65888000,0.24665204,0.31594589
532.80000000,5.12362000,1.62384000,0.24674322,0.31606144
533.00000000,5.12325000,1.64428000,0.24683400,0.31617842
533.20000000,5.12262000,1.66588000,0.24692595,0.31629695
533.40000000,5.12262000,1.66588000,0.24701850,0.31641549
533.60000000,5.12362000,1.65507000,0.24711075,0.31653326
533.80000000,5.12300000,1.68534000,0.24720354,0.31665317
534.00000000,5.12275000,1.61881000,0.24729532,0.31676834
534.20000000,5.12275000,1.61881000,0.24738526,0.31688357
534.40000000,5.12512000,1.64736000,0.24747598,0.31700079
534.60000000,5.12287000,1.67484000,0.24756827,0.31711995
534.80000000,5.12287000,1.61449000,0.24765964,0.31723482
535.00000000,5.12287000,1.65568000,0.24775047,0.31735263
535.20000000,5.12287000,1.65568000,0.24784246,0.31747046
535.40000000,5.12425000,1.67587000,0.24793500,0.31758970
535.60000000,5.12275000,1.68528000,0.24802836,0.31770963
535.80000000,5.12362000,1.64422000,0.24812085,0.31782662
536.00000000,5.12312000,1.59721000,0.24821089,0.31794027
536.20000000,5.12312000,1.59721000,0.24829962,0.31805390
536.40000000,5.12237000,1.62979000,0.24838926,0.31816986
536.60000000,5.12275000,1.58726000,0.24847863,0.31828277
536.80000000,5.12187000,1.63280000,0.24856807,0.31839892
537.00000000,5.12187000,1.63280000,0.24865878,0.31851510
537.20000000,5.12300000,1.63443000,0.24874954,0.31863139
537.40000000,5.12250000,1.66057000,0.24884107,0.31874955
537.60000000,5.12350000,1.66976000,0.24893358,0.31886836
537.80000000,5.12312000,1.69356000,0.24902700,0.31898887
538.00000000,5.12312000,1.69356000,0.24912109,0.31910937
538.20000000,5.12312000,1.64425000,0.24921381,0.31922640
538.40000000,5.12475000,1.66521000,0.24930574,0.31934492
538.60000000,5.12437000,1.64480000,0.24939768,0.31946198
538.80000000,5.12437000,1.64480000,0.24948906,0.31957902
539.00000000,5.12337000,1.70905000,0.24958222,0.31970059
539.20000000,5.12162000,1.67203000,0.24967614,0.31981956
539.40000000,5.12287000,1.67542000,0.24976912,0.31993880
539.60000000,5.12437000,1.70067000,0.24986290,0.32005984
539.80000000,5.12437000,1.70067000,0.24995739,0.32018085
540.00000000,5.12287000,1.61142000,0.25004939,0.32029549
540.20000000,5.12250000,1.64195000,0.25013976,0.32041230
540.40000000,5.12212000,1.62035000,0.25023038,0.32052758
540.60000000,5.12212000,1.62035000,0.25032040,0.32064287
540.80000000,5.12300000,1.65545000,0.25041139,0.32076063
541.00000000,5.12187000,1.60230000,0.25050189,0.32087463
541.20000000,5.12237000,1.62944000,0.25059166,0.32099053
541.40000000,5.12137000,1.65347000,0.25068285,0.32110814
541.60000000,5.12137000,1.65347000,0.25077471,0.32122580
541.80000000,5.12337000,1.61942000,0.25086562,0.32134105
542.00000000,5.12425000,1.63779000,0.25095610,0.32145755
542.20000000,5.12137000,1.64428000,0.25104727,0.32157451
542.40000000,5.12137000,1.64428000,0.25113862,0.32169151
542.60000000,5.12337000,1.62672000,0.25122948,0.32180724
542.80000000,5.12225000,1.69913000,0.25132186,0.32192814
543.00000000,5.12325000,1.67785000,0.25141567,0.32204753
543.20000000,5.12312000,1.67065000,0.25150868,0.32216640
543.40000000,5.12312000,1.67065000,0.25160150,0.32228529
543.60000000,5.12350000,1.67916000,0.25169455,0.32240482
543.80000000,5.12550000,1.66995000,0.25178758,0.32252364
544.00000000,5.12300000,1.62390000,0.25187907,0.32263919
544.20000000,5.12212000,1.63635000,0.25196964,0.32275560
544.40000000,5.12212000,1.63635000,0.25206054,0.32287207
544.60000000,5.12475000,1.64204000,0.25215161,0.32298888
544.80000000,5.12200000,1.58566000,0.25224127,0.32310168
545.00000000,5.12325000,1.66742000,0.25233163,0.32322033
545.20000000,5.12325000,1.66742000,0.25242427,0.32333898
545.40000000,5.12312000,1.63318000,0.25251595,0.32345520
545.60000000,5.12387000,1.68057000,0.25260800,0.32357479
545.80000000,5.12350000,1.62313000,0.25269977,0.32369029
546.00000000,5.12350000,1.62313000,0.25278994,0.32380577
546.20000000,5.12250000,1.66275000,0.25288122,0.32392412
546.40000000,5.12462000,1.72265000,0.25297525,0.32404669
546.60000000,5.12325000,1.69795000,0.25307027,0.32416751
546.80000000,5.12275000,1.70204000,0.25316472,0.32428861
547.00000000,5.12275000,1.70204000,0.25325927,0.32440974
547.20000000,5.12387000,1.63561000,0.25335199,0.32452611
547.40000000,5.12287000,1.71209000,0.25344498,0.32464793
547.60000000,5.12275000,1.70208000,0.25353982,0.32476903
547.80000000,5.12275000,1.70208000,0.25363438,0.32489010
548.00000000,5.12162000,1.67836000,0.25372828,0.32500954
548.20000000,5.12362000,1.65011000,0.25382073,0.32512694
548.40000000,5.12262000,1.67910000,0.25391321,0.32524640
548.60000000,5.12262000,1.67910000,0.25400650,0.32536586
548.80000000,5.12237000,1.69776000,0.25410030,0.32548663
549.00000000,5.12175000,1.69798000,0.25419462,0.32560745
549.20000000,5.12312000,1.71468000,0.25428942,0.32572951
549.40000000,5.12525000,1.65497000,0.25438302,0.32584732
549.60000000,5.12525000,1.65497000,0.25447496,0.32596507
549.80000000,5.12300000,1.67603000,0.25456749,0.32608435
550.00000000,5.12387000,1.65974000,0.25466015,0.32620243
550.20000000,5.12262000,1.67148000,0.25475269,0.32632135
550.40000000,5.12262000,1.67148000,0.25484555,0.32644031
550.60000000,5.12387000,1.68969000,0.25493891,0.32656053
550.80000000,5.12275000,1.61091000,0.25503059,0.32667511
551.00000000,5.12150000,1.63699000,0.25512081,0.32679157
551.20000000,5.12212000,1.65369000,0.25521222,0.32690921
551.40000000,5.12212000,1.65369000,0.25530409,0.32702689
551.60000000,5.12337000,1.60323000,0.25539456,0.32714092
551.80000000,5.12137000,1.67888000,0.25548573,0.32726036
552.00000000,5.12212000,1.62003000,0.25557737,0.32737561
552.20000000,5.12375000,1.68585000,0.25566920,0.32749558
552.40000000,5.12375000,1.68585000,0.25576286,0.32761548
552.60000000,5.12050000,1.67440000,0.25585620,0.32773461
552.80000000,5.12262000,1.68409000,0.25594949,0.32785447
553.00000000,5.12450000,1.72988000,0.25604432,0.32797759
553.20000000,5.12450000,1.72988000,0.25614043,0.32810070
553.40000000,5.12400000,1.70409000,0.25623581,0.32822192
553.60000000,5.12175000,1.64889000,0.25632895,0.32833918
553.80000000,5.12012000,1.62649000,0.25641994,0.32845494
554.00000000,5.12450000,1.68694000,0.25651198,0.32857501
554.20000000,5.12450000,1.68694000,0.25660569,0.32869503
554.40000000,5.12250000,1.70073000,0.25669980,0.32881603
554.60000000,5.12275000,1.61980000,0.25679203,0.32893126
554.80000000,5.12187000,1.62032000,0.25688204,0.32904652
555.00000000,5.12187000,1.62032000,0.25697205,0.32916179
555.20000000,5.12212000,1.65820000,0.25706312,0.32927976
555.40000000,5.12200000,1.63654000,0.25715465,0.32939619
555.60000000,5.12237000,1.63142000,0.25724542,0.32951226
555.80000000,5.12287000,1.69398000,0.25733779,0.32963279
556.00000000,5.12287000,1.69398000,0.25743190,0.32975329
556.20000000,5.12162000,1.65564000,0.25752495,0.32987111
556.40000000,5.12375000,1.67443000,0.25761745,0.32999025
556.60000000,5.12300000,1.64102000,0.25770955,0.33010702
556.80000000,5.12300000,1.64102000,0.25780071,0.33022377
557.00000000,5.12262000,1.67510000,0.25789283,0.33034296
557.20000000,5.12325000,1.65696000,0.25798539,0.33046088
557.40000000,5.12375000,1.61830000,0.25807637,0.33057603
557.60000000,5.12312000,1.65497000,0.25816729,0.33069379
557.80000000,5.12312000,1.65497000,0.25825923,0.33081154
558.00000000,5.12287000,1.65360000,0.25835114,0.33092921
558.20000000,5.12350000,1.60768000,0.25844173,0.33104360
558.40000000,5.12287000,1.68953000,0.25853332,0.33116381
558.60000000,5.12287000,1.68953000,0.25862718,0.33128402
558.80000000,5.12275000,1.69980000,0.25872133,0.33140498
559.00000000,5.12375000,1.66358000,0.25881476,0.33152331
559.20000000,5.12125000,1.64316000,0.25890661,0.33164018
559.40000000,5.12525000,1.65504000,0.25899823,0.33175800
559.60000000,5.12525000,1.65504000,0.25909017,0.33187573
559.80000000,5.12200000,1.63548000,0.25918158,0.33199213
560.00000000,5.12400000,1.69075000,0.25927397,0.33211242
560.20000000,5.12250000,1.64112000,0.25936652,0.33222917
560.40000000,5.12250000,1.64112000,0.25945770,0.33234594
560.60000000,5.12287000,1.60409000,0.25954784,0.33246007
560.80000000,5.12262000,1.66806000,0.25963873,0.33257878
561.00000000,5.12412000,1.66355000,0.25973128,0.33269717
561.20000000,5.12412000,1.66355000,0.25982370,0.33281554
561.40000000,5.12287000,1.62534000,0.25991506,0.33293122
561.60000000,5.12450000,1.65267000,0.26000611,0.33304881
561.80000000,5.12287000,1.65382000,0.26009796,0.33316648
562.00000000,5.12325000,1.60201000,0.26018840,0.33328047
562.20000000,5.12325000,1.60201000,0.26027740,0.33339446
562.40000000,5.12300000,1.65088000,0.26036776,0.33351193
562.60000000,5.12325000,1.64185000,0.26045922,0.33362875
562.80000000,5.12287000,1.67696000,0.26055141,0.33374807
563.00000000,5.12287000,1.67696000,0.26064458,0.33386736
563.20000000,5.12200000,1.66012000,0.26073727,0.33398549
563.40000000,5.12325000,1.68611000,0.26083022,0.33410547
563.60000000,5.12325000,1.63830000,0.26092257,0.33422202
563.80000000,5.12237000,1.66374000,0.26101429,0.33434039
564.00000000,5.12237000,1.66374000,0.26110672,0.33445879
564.20000000,5.12400000,1.66099000,0.26119908,0.33457696
564.40000000,5.12225000,1.59241000,0.26128945,0.33469026
564.60000000,5.12275000,1.68009000,0.26138035,0.33480979
564.80000000,5.12275000,1.68009000,0.26147369,0.33492931
565.00000000,5.12175000,1.72668000,0.26156832,0.33505218
565.20000000,5.12350000,1.67497000,0.26166281,0.33517134
565.40000000,5.12250000,1.66464000,0.26175558,0.33528978
565.60000000,5.12275000,1.68252000,0.26184856,0.33540949
565.80000000,5.12275000,1.68252000,0.26194203,0.33552919
566.00000000,5.12237000,1.66768000,0.26203509,0.33564789
566.20000000,5.12450000,1.69683000,0.26212855,0.33576864
566.40000000,5.12387000,1.69584000,0.26222279,0.33588933
566.60000000,5.12387000,1.69584000,0.26231700,0.33600998
566.80000000,5.12237000,1.63004000,0.26240939,0.33612594
567.00000000,5.12237000,1.66812000,0.26250100,0.33624464
567.20000000,5.12300000,1.67833000,0.26259396,0.33636404
567.40000000,5.12237000,1.68252000,0.26268732,0.33648374
567.60000000,5.12237000,1.68252000,0.26278079,0.33660351
567.80000000,5.12525000,1.73353000,0.26287568,0.33672686
568.00000000,5.12337000,1.65449000,0.26296979,0.33684456
568.20000000,5.12187000,1.65676000,0.26306177,0.33696242
568.40000000,5.12225000,1.64547000,0.26315350,0.33707948
568.60000000,5.12225000,1.64547000,0.26324492,0.33719661
568.80000000,5.12512000,1.64643000,0.26333636,0.33731378
569.00000000,5.12425000,1.64048000,0.26342766,0.33743051
569.20000000,5.12325000,1.57552000,0.26351699,0.33754262
569.40000000,5.12325000,1.57552000,0.26360452,0.33765472
569.60000000,5.12262000,1.67580000,0.26369484,0.33777394
569.80000000,5.12237000,1.77721000,0.26379075,0.33790045
570.00000000,5.12550000,1.68400000,0.26388690,0.33802029
570.20000000,5.12350000,1.71427000,0.26398129,0.33814227
570.40000000,5.12350000,1.71427000,0.26407653,0.33826426
570.60000000,5.12362000,1.69734000,0.26417130,0.33838506
570.80000000,5.12412000,1.70361000,0.26426577,0.33850628
571.00000000,5.12325000,1.68876000,0.26436000,0.33862645
571.20000000,5.12325000,1.68876000,0.26445382,0.33874660
571.40000000,5.12262000,1.62499000,0.26454587,0.33886219
571.60000000,5.12175000,1.70828000,0.26463846,0.33898376
571.80000000,5.12375000,1.69404000,0.26473297,0.33910427
572.00000000,5.12187000,1.69350000,0.26482707,0.33922474
572.20000000,5.12187000,1.69350000,0.26492115,0.33934522
572.40000000,5.12237000,1.66265000,0.26501438,0.33946352
572.60000000,5.12287000,1.70224000,0.26510785,0.33958467
572.80000000,5.12400000,1.67324000,0.26520161,0.33970374
573.00000000,5.12400000,1.67324000,0.26529457,0.33982281
573.20000000,5.12350000,1.74774000,0.26538960,0.33994714
573.40000000,5.12175000,1.68643000,0.26548499,0.34006718
573.60000000,5.12487000,1.69852000,0.26557902,0.34018806
573.80000000,5.12412000,1.69283000,0.26567322,0.34030853
574.00000000,5.12412000,1.69283000,0.26576727,0.34042896
574.20000000,5.12225000,1.66364000,0.26586050,0.34054735
574.40000000,5.12350000,1.68633000,0.26595356,0.34066731
574.60000000,5.12187000,1.61676000,0.26604531,0.34078232
574.80000000,5.12187000,1.61676000,0.26613513,0.34089734
575.00000000,5.12237000,1.70707000,0.26622746,0.34101882
575.20000000,5.12337000,1.65337000,0.26632080,0.34113645
575.40000000,5.12250000,1.65670000,0.26641275,0.34125431
575.60000000,5.12225000,1.63852000,0.26650428,0.34137088
575.80000000,5.12225000,1.63852000,0.26659531,0.34148748
576.00000000,5.12375000,1.67897000,0.26668746,0.34160694
576.20000000,5.12275000,1.70057000,0.26678134,0.34172794
576.40000000,5.12300000,1.70016000,0.26687581,0.34184891
576.60000000,5.12300000,1.70016000,0.26697026,0.34196987
576.80000000,5.12225000,1.70393000,0.26706482,0.34209117
577.00000000,5.12562000,1.65321000,0.26715807,0.34220877
577.20000000,5.12175000,1.71232000,0.26725156,0.34233058
577.40000000,5.12350000,1.71232000,0.26734669,0.34245242
577.60000000,5.12350000,1.71232000,0.26744182,0.34257425
577.80000000,5.12250000,1.60707000,0.26753402,0.34268860
578.00000000,5.12325000,1.67161000,0.26762510,0.34280755
578.20000000,5.12300000,1.68489000,0.26771833,0.34292743
578.40000000,5.12300000,1.68489000,0.26781194,0.34304734
578.60000000,5.12400000,1.65497000,0.26790471,0.34316510
578.80000000,5.12325000,1.68601000,0.26799752,0.34328506
579.00000000,5.12262000,1.59833000,0.26808875,0.34339877
579.20000000,5.12262000,1.59833000,0.26817754,0.34351250
579.40000000,5.12325000,1.64361000,0.26826760,0.34362944
579.60000000,5.12237000,1.66691000,0.26835956,0.34374808
579.80000000,5.12450000,1.64873000,0.26845166,0.34386539
580.00000000,5.12287000,1.61180000,0.26854223,0.34398007
580.20000000,5.12287000,1.61180000,0.26863177,0.34409477
580.40000000,5.12375000,1.63856000,0.26872206,0.34421133
580.60000000,5.12200000,1.61462000,0.26881243,0.34432625
580.80000000,5.12437000,1.68227000,0.26890401,0.34444598
581.00000000,5.12437000,1.68227000,0.26899747,0.34456570
581.20000000,5.12412000,1.65654000,0.26909021,0.34468357
581.40000000,5.12287000,1.67068000,0.26918263,0.34480239
581.60000000,5.12087000,1.62892000,0.26927429,0.34491830
581.80000000,5.12337000,1.57788000,0.26936337,0.34503058
582.00000000,5.12337000,1.57788000,0.26945103,0.34514284
582.20000000,5.12262000,1.68304000,0.26954161,0.34526261
582.40000000,5.12375000,1.65801000,0.26963441,0.34538055
582.60000000,5.12162000,1.60966000,0.26972518,0.34549506
582.80000000,5.12162000,1.60966000,0.26981461,0.34560961
583.00000000,5.12400000,1.64406000,0.26990499,0.34572659
583.20000000,5.12287000,1.65699000,0.26999669,0.34584449
583.40000000,5.12325000,1.60304000,0.27008724,0.34595854
583.60000000,5.12262000,1.62096000,0.27017680,0.34607387
583.80000000,5.12262000,1.62096000,0.27026685,0.34618919
584.00000000,5.12212000,1.61548000,0.27035675,0.34630412
584.20000000,5.12237000,1.65984000,0.27044773,0.34642221
584.40000000,5.12275000,1.65052000,0.27053969,0.34653965
584.60000000,5.12275000,1.65052000,0.27063138,0.34665706
584.80000000,5.12175000,1.59590000,0.27072156,0.34677062
585.00000000,5.12350000,1.69955000,0.27081310,0.34689156
585.20000000,5.12362000,1.65763000,0.27090636,0.34700953
585.40000000,5.12387000,1.65964000,0.27099850,0.34712764
585.60000000,5.12387000,1.65964000,0.27109071,0.34724574
585.80000000,5.12375000,1.68102000,0.27118350,0.34736537
586.00000000,5.12375000,1.71558000,0.27127785,0.34748746
586.20000000,5.12387000,1.61942000,0.27137049,0.34760270
586.40000000,5.12387000,1.61942000,0.27146046,0.34771793
586.60000000,5.12275000,1.67420000,0.27155195,0.34783707
586.80000000,5.12375000,1.66249000,0.27164463,0.34795537
587.00000000,5.12350000,1.70902000,0.27173829,0.34807694
587.20000000,5.12162000,1.63059000,0.27183105,0.34819293
587.40000000,5.12162000,1.63059000,0.27192164,0.34830894
587.60000000,5.12250000,1.61475000,0.27201179,0.34842384
587.80000000,5.12337000,1.66700000,0.27210295,0.34854245
588.00000000,5.12300000,1.66985000,0.27219564,0.34866127
588.20000000,5.12287000,1.69100000,0.27228900,0.34878158
588.40000000,5.12287000,1.69100000,0.27238294,0.34890188
588.60000000,5.12212000,1.64249000,0.27247554,0.34901877
588.80000000,5.12412000,1.70460000,0.27256851,0.34914010
589.00000000,5.12450000,1.69075000,0.27266283,0.34926043
589.20000000,5.12450000,1.69075000,0.27275676,0.34938073
589.40000000,5.12275000,1.63878000,0.27284925,0.34949731
589.60000000,5.12212000,1.68502000,0.27294157,0.34961722
589.80000000,5.12362000,1.70275000,0.27303568,0.34973839
590.00000000,5.12362000,1.70275000,0.27313028,0.34985956
590.20000000,5.12350000,1.71654000,0.27322526,0.34998170
590.40000000,5.12337000,1.64816000,0.27331872,0.35009897
590.60000000,5.12300000,1.69212000,0.27341151,0.35021937
590.80000000,5.12125000,1.62147000,0.27350355,0.35033471
591.00000000,5.12125000,1.62147000,0.27359363,0.35045007
591.20000000,5.12262000,1.66108000,0.27368481,0.35056825
591.40000000,5.12262000,1.65312000,0.27377687,0.35068588
591.60000000,5.12312000,1.62051000,0.27386781,0.35080118
591.80000000,5.12312000,1.62051000,0.27395784,0.35091647
592.00000000,5.12237000,1.65795000,0.27404890,0.35103442
592.20000000,5.12187000,1.60300000,0.27413949,0.35114846
592.40000000,5.12250000,1.68185000,0.27423073,0.35126812
592.60000000,5.12250000,1.68185000,0.27432417,0.35138780
592.80000000,5.12350000,1.69110000,0.27441786,0.35150815
593.00000000,5.12387000,1.67686000,0.27451142,0.35162744
593.20000000,5.12237000,1.63593000,0.27460344,0.35174382
593.40000000,5.12200000,1.66412000,0.27469511,0.35186221
593.60000000,5.12200000,1.66412000,0.27478756,0.35198063
593.80000000,5.12350000,1.61958000,0.27487877,0.35209587
594.00000000,5.12325000,1.64246000,0.27496938,0.35221275
594.20000000,5.12387000,1.61478000,0.27505986,0.35232767
594.40000000,5.12387000,1.61478000,0.27514957,0.35244255
594.60000000,5.12237000,1.62918000,0.27523968,0.35255847
594.80000000,5.12300000,1.66099000,0.27533108,0.35267665
595.00000000,5.12275000,1.62115000,0.27542225,0.35279201
595.20000000,5.12325000,1.62585000,0.27551244,0.35290769
595.40000000,5.12325000,1.62585000,0.27560277,0.35302338
595.60000000,5.12287000,1.60041000,0.27569238,0.35313727
595.80000000,5.12375000,1.68048000,0.27578352,0.35325685
596.00000000,5.12375000,1.66204000,0.27587637,0.35337513
596.20000000,5.12237000,1.64166000,0.27596814,0.35349192
596.40000000,5.12237000,1.64166000,0.27605934,0.35360872
596.60000000,5.12262000,1.66700000,0.27615125,0.35372735
596.80000000,5.12375000,1.65532000,0.27624353,0.35384513
597.00000000,5.12262000,1.71001000,0.27633702,0.35396679
597.20000000,5.12262000,1.71001000,0.27643202,0.35408848
597.40000000,5.12375000,1.69164000,0.27652651,0.35420885
597.60000000,5.12312000,1.69203000,0.27662050,0.35432926
597.80000000,5.12400000,1.67638000,0.27671406,0.35444855
598.00000000,5.12350000,1.68393000,0.27680741,0.35456838
598.20000000,5.12350000,1.68393000,0.27690096,0.35468821
598.40000000,5.12362000,1.64124000,0.27699332,0.35480498
598.60000000,5.12250000,1.67046000,0.27708532,0.35492380
598.80000000,5.12125000,1.61363000,0.27717654,0.35503857
599.00000000,5.12125000,1.61363000,0.27726619,0.35515338
599.20000000,5.12287000,1.62662000,0.27735619,0.35526909
599.40000000,5.12162000,1.66796000,0.27744771,0.35538781
599.60000000,5.12462000,1.64614000,0.27753977,0.35550496
599.80000000,5.12400000,1.69408000,0.27763255,0.35562552
600.00000000,5.12400000,1.69408000,0.27772667,0.35574607
600.20000000,5.12337000,1.63929000,0.27781926,0.35586269
600.40000000,5.12212000,1.61267000,0.27790959,0.35597743
600.60000000,5.12287000,1.65996000,0.27800050,0.35609554
600.80000000,5.12287000,1.65996000,0.27809272,0.35621365
601.00000000,5.12300000,1.64304000,0.27818447,0.35633053
601.20000000,5.12200000,1.63110000,0.27827542,0.35644657
601.40000000,5.12225000,1.62646000,0.27836591,0.35656230
601.60000000,5.12287000,1.63353000,0.27845646,0.35667852
601.80000000,5.12287000,1.63353000,0.27854721,0.35679472
602.00000000,5.12137000,1.60604000,0.27863720,0.35690899
602.20000000,5.12300000,1.64291000,0.27872745,0.35702584
602.40000000,5.12087000,1.64128000,0.27881868,0.35714257
602.60000000,5.12087000,1.64128000,0.27890986,0.35725933
602.80000000,5.12187000,1.66512000,0.27900170,0.35737784
603.00000000,5.12437000,1.61993000,0.27909295,0.35749309
603.20000000,5.12250000,1.65180000,0.27918384,0.35761061
603.40000000,5.12237000,1.60150000,0.27927421,0.35772455
603.60000000,5.12237000,1.60150000,0.27936318,0.35783848
603.80000000,5.12225000,1.64080000,0.27945324,0.35795521
604.00000000,5.12225000,1.62579000,0.27954398,0.35807087
604.20000000,5.12125000,1.65353000,0.27963507,0.35818849
604.40000000,5.12125000,1.65353000,0.27972694,0.35830619
604.60000000,5.12525000,1.61516000,0.27981773,0.35842113
604.80000000,5.12350000,1.67164000,0.27990903,0.35854003
605.00000000,5.12137000,1.64592000,0.28000119,0.35865710
605.20000000,5.12137000,1.64592000,0.28009263,0.35877422
605.40000000,5.12312000,1.62790000,0.28018357,0.35889003
605.60000000,5.12237000,1.67321000,0.28027526,0.35900907
605.80000000,5.12237000,1.65033000,0.28036758,0.35912648
606.00000000,5.12237000,1.65033000,0.28045927,0.35924392
606.20000000,5.12325000,1.62755000,0.28055032,0.35935970
606.40000000,5.12225000,1.71804000,0.28064325,0.35948197
606.60000000,5.12412000,1.70870000,0.28073844,0.35960354
606.80000000,5.12250000,1.71827000,0.28083364,0.35972579
607.00000000,5.12250000,1.71827000,0.28092909,0.35984802
607.20000000,5.12162000,1.68534000,0.28102364,0.35996794
607.40000000,5.12350000,1.69945000,0.28111766,0.36008887
607.60000000,5.12325000,1.69459000,0.28121194,0.36020947
607.80000000,5.12425000,1.69404000,0.28130607,0.36033004
608.00000000,5.12425000,1.69404000,0.28140018,0.36045053
608.20000000,5.12125000,1.74412000,0.28149569,0.36057466
608.40000000,5.12400000,1.62672000,0.28158932,0.36069037
608.60000000,5.12150000,1.61619000,0.28167940,0.36080533
608.80000000,5.12150000,1.61619000,0.28176919,0.36092030
609.00000000,5.12175000,1.67152000,0.28186052,0.36103924
609.20000000,5.12325000,1.59718000,0.28195131,0.36115288
609.40000000,5.12300000,1.64793000,0.28204145,0.36127012
609.60000000,5.12212000,1.65408000,0.28213318,0.36138779
609.80000000,5.12212000,1.65408000,0.28222507,0.36150546
610.00000000,5.12187000,1.60128000,0.28231550,0.36161941
610.20000000,5.12362000,1.64150000,0.28240557,0.36173618
610.40000000,5.12187000,1.65241000,0.28249707,0.36185372
610.60000000,5.12187000,1.65241000,0.28258887,0.36197124
610.80000000,5.12050000,1.64928000,0.28268059,0.36208868
611.00000000,5.12687000,1.63296000,0.28277176,0.36220486
611.20000000,5.12275000,1.67756000,0.28286372,0.36232420
611.40000000,5.12187000,1.68313000,0.28295707,0.36244393
611.60000000,5.12187000,1.68313000,0.28305058,0.36256370
611.80000000,5.12325000,1.60659000,0.28314196,0.36267802
612.00000000,5.12350000,1.63744000,0.28323207,0.36279452
612.20000000,5.12262000,1.62153000,0.28332260,0.36290989
612.40000000,5.12262000,1.62153000,0.28341268,0.36302525
612.60000000,5.12237000,1.66412000,0.28350395,0.36314367
612.80000000,5.12362000,1.63587000,0.28359562,0.36326008
613.00000000,5.12337000,1.59894000,0.28368547,0.36337382
613.20000000,5.12162000,1.65046000,0.28377573,0.36349122
613.40000000,5.12162000,1.65046000,0.28386743,0.36360863
613.60000000,5.12187000,1.64732000,0.28395903,0.36372580
613.80000000,5.12137000,1.63398000,0.28405018,0.36384204
614.00000000,5.12187000,1.69097000,0.28414254,0.36396233
614.20000000,5.12450000,1.61075000,0.28423425,0.36407697
614.40000000,5.12450000,1.61075000,0.28432374,0.36419154
614.60000000,5.12125000,1.66028000,0.28441460,0.36430970
614.80000000,5.12387000,1.67862000,0.28450735,0.36442909
615.00000000,5.12100000,1.60566000,0.28459858,0.36454329
615.20000000,5.12100000,1.60566000,0.28468778,0.36465761
615.40000000,5.12600000,1.62416000,0.28477750,0.36477314
615.60000000,5.12162000,1.66704000,0.28486892,0.36489175
615.80000000,5.12275000,1.66841000,0.28496157,0.36501044
616.00000000,5.12237000,1.63657000,0.28505338,0.36512688
616.20000000,5.12237000,1.63657000,0.28514430,0.36524327
616.40000000,5.12062000,1.69632000,0.28523688,0.36536400
616.60000000,5.12437000,1.64412000,0.28532967,0.36548098
616.80000000,5.12300000,1.67216000,0.28542179,0.36559996
617.00000000,5.12300000,1.67216000,0.28551469,0.36571895
617.20000000,5.12325000,1.65750000,0.28560718,0.36583687
617.40000000,5.12237000,1.62969000,0.28569849,0.36595284
617.60000000,5.12350000,1.65040000,0.28578960,0.36607028
617.80000000,5.12100000,1.66243000,0.28588162,0.36618852
618.00000000,5.12100000,1.66243000,0.28597398,0.36630681
618.20000000,5.12312000,1.63142000,0.28606548,0.36642290
618.40000000,5.12350000,1.67100000,0.28615721,0.36654181
618.60000000,5.12375000,1.65257000,0.28624953,0.36665941
618.80000000,5.12375000,1.65257000,0.28634134,0.36677700
619.00000000,5.12312000,1.63692000,0.28643272,0.36689343
619.20000000,5.12137000,1.64755000,0.28652395,0.36701063
619.40000000,5.12187000,1.63209000,0.28661505,0.36712674
619.60000000,5.12187000,1.63209000,0.28670572,0.36724287
619.80000000,5.12312000,1.60636000,0.28679568,0.36735714
620.00000000,5.12212000,1.66643000,0.28688659,0.36747570
620.20000000,5.12237000,1.65516000,0.28697886,0.36759345
620.40000000,5.12237000,1.65516000,0.28707081,0.36771124
620.60000000,5.12362000,1.61654000,0.28716169,0.36782626
620.80000000,5.12300000,1.68448000,0.28725339,0.36794611
621.00000000,5.12275000,1.64323000,0.28734582,0.36806298
621.20000000,5.12100000,1.64950000,0.28743729,0.36818030
621.40000000,5.12100000,1.64950000,0.28752893,0.36829771
621.60000000,5.12462000,1.61984000,0.28761974,0.36841294
621.80000000,5.12200000,1.65350000,0.28771067,0.36853059
622.00000000,5.12300000,1.64880000,0.28780240,0.36864791
622.20000000,5.12300000,1.64880000,0.28789400,0.36876526
622.40000000,5.12437000,1.60515000,0.28798439,0.36887946
622.60000000,5.12262000,1.66800000,0.28807531,0.36899815
622.80000000,5.12325000,1.63632000,0.28816709,0.36911460
623.00000000,5.12400000,1.65430000,0.28825850,0.36923233
623.20000000,5.12400000,1.65430000,0.28835041,0.36935005
623.40000000,5.12350000,1.68505000,0.28844316,0.36946998
623.60000000,5.12462000,1.69731000,0.28853712,0.36959078
623.80000000,5.12400000,1.67792000,0.28863088,0.36971019
624.00000000,5.12400000,1.67792000,0.28872409,0.36982958
624.20000000,5.12312000,1.62566000,0.28881586,0.36994525
624.40000000,5.12300000,1.68499000,0.28890782,0.37006518
624.60000000,5.12450000,1.66800000,0.28900096,0.37018384
624.80000000,5.12237000,1.69465000,0.28909437,0.37030441
625.00000000,5.12237000,1.69465000,0.28918851,0.37042499
625.20000000,5.12312000,1.64998000,0.28928142,0.37054239
625.40000000,5.12312000,1.68096000,0.28937395,0.37066199
625.60000000,5.12262000,1.66105000,0.28946678,0.37078017
625.80000000,5.12375000,1.69718000,0.28956007,0.37090095
626.00000000,5.12375000,1.69718000,0.28965435,0.37102171
626.20000000,5.12312000,1.70406000,0.28974883,0.37114297
626.40000000,5.12350000,1.70550000,0.28984354,0.37126433
626.60000000,5.12325000,1.68444000,0.28993771,0.37138418
626.80000000,5.12325000,1.68444000,0.29003129,0.37150401
627.00000000,5.12187000,1.63171000,0.29012340,0.37162011
627.20000000,5.12287000,1.62774000,0.29021394,0.37173592
627.40000000,5.12275000,1.63641000,0.29030461,0.37185234
627.60000000,5.12212000,1.65139000,0.29039594,0.37196982
627.80000000,5.12212000,1.65139000,0.29048768,0.37208733
628.00000000,5.12362000,1.57424000,0.29057729,0.37219932
628.20000000,5.12187000,1.64291000,0.29066665,0.37231625
628.40000000,5.12437000,1.65168000,0.29075817,0.37243380
628.60000000,5.12437000,1.65168000,0.29084993,0.37255134
628.80000000,5.12362000,1.59862000,0.29094021,0.37266509
629.00000000,5.12312000,1.64780000,0.29103039,0.37278232
629.20000000,5.12237000,1.60537000,0.29112076,0.37289653
629.40000000,5.12237000,1.60537000,0.29120994,0.37301075
629.60000000,5.12275000,1.68380000,0.29130131,0.37313056
629.80000000,5.12325000,1.71564000,0.29139574,0.37325267
630.00000000,5.12437000,1.70377000,0.29149072,0.37337393
630.20000000,5.12287000,1.69190000,0.29158505,0.37349431
630.40000000,5.12287000,1.69190000,0.29167904,0.37361469
630.60000000,5.12275000,1.62048000,0.29177105,0.37373000
630.80000000,5.12337000,1.67712000,0.29186265,0.37384930
631.00000000,5.12162000,1.65651000,0.29195525,0.37396713
631.20000000,5.12162000,1.65651000,0.29204728,0.37408502
631.40000000,5.12412000,1.64848000,0.29213909,0.37420233
631.60000000,5.12362000,1.63036000,0.29223017,0.37431834
631.80000000,5.12337000,1.67907000,0.29232209,0.37443782
632.00000000,5.12037000,1.62192000,0.29241379,0.37455317
632.20000000,5.12037000,1.62192000,0.29250390,0.37466858
632.40000000,5.12325000,1.64659000,0.29259469,0.37478572
632.60000000,5.12250000,1.65536000,0.29268641,0.37490352
632.80000000,5.12350000,1.62448000,0.29277751,0.37501912
633.00000000,5.12350000,1.62448000,0.29286776,0.37513470
633.20000000,5.12300000,1.65689000,0.29295891,0.37525258
633.40000000,5.12237000,1.65782000,0.29305099,0.37537052
633.60000000,5.12225000,1.62022000,0.29314204,0.37548579
633.80000000,5.12225000,1.62022000,0.29323206,0.37560107
634.00000000,5.12275000,1.66960000,0.29332344,0.37571988
634.20000000,5.12387000,1.70144000,0.29341708,0.37584094
634.40000000,5.12300000,1.65139000,0.29351021,0.37595846
634.60000000,5.12350000,1.66630000,0.29360237,0.37607703
634.80000000,5.12350000,1.66630000,0.29369495,0.37619557
635.00000000,5.12187000,1.63312000,0.29378660,0.37631180
635.20000000,5.12425000,1.64697000,0.29387771,0.37642900
635.40000000,5.12375000,1.66931000,0.29396983,0.37654779
635.60000000,5.12112000,1.62732000,0.29406140,0.37666354
635.80000000,5.12112000,1.62732000,0.29415181,0.37677930
636.00000000,5.12187000,1.64336000,0.29424266,0.37689624
636.20000000,5.12337000,1.63948000,0.29433385,0.37701290
636.40000000,5.12312000,1.64076000,0.29442497,0.37712964
636.60000000,5.12312000,1.64076000,0.29451612,0.37724639
636.80000000,5.12325000,1.65004000,0.29460753,0.37736382
637.00000000,5.12375000,1.61872000,0.29469833,0.37747900
637.20000000,5.12325000,1.66169000,0.29478945,0.37759723
637.40000000,5.12287000,1.67488000,0.29488214,0.37771640
637.60000000,5.12287000,1.67488000,0.29497519,0.37783557
637.80000000,5.12300000,1.61792000,0.29506665,0.37795069
638.00000000,5.12300000,1.64118000,0.29515718,0.37806744
638.20000000,5.12175000,1.66137000,0.29524892,0.37818562
638.40000000,5.12175000,1.66137000,0.29534122,0.37830387
638.60000000,5.12462000,1.65667000,0.29543339,0.37842173
638.80000000,5.12237000,1.60659000,0.29552403,0.37853602
639.00000000,5.12187000,1.62368000,0.29561376,0.37865154
639.20000000,5.12262000,1.64364000,0.29570452,0.37876848
639.40000000,5.12262000,1.64364000,0.29579583,0.37888542
639.60000000,5.12275000,1.59804000,0.29588588,0.37899910
639.80000000,5.12200000,1.65200000,0.29597616,0.37911665
640.00000000,5.12325000,1.64454000,0.29606773,0.37923367
640.20000000,5.12325000,1.64454000,0.29615909,0.37935070
640.40000000,5.12337000,1.66899000,0.29625114,0.37946948
640.60000000,5.12450000,1.64326000,0.29634314,0.37958641
640.80000000,5.12325000,1.66547000,0.29643505,0.37970493
641.00000000,5.12362000,1.68281000,0.29652806,0.37982468
641.20000000,5.12362000,1.68281000,0.29662155,0.37994440
641.40000000,5.12225000,1.65689000,0.29671432,0.38006232
641.60000000,5.12412000,1.69324000,0.29680738,0.38018279
641.80000000,5.12287000,1.60451000,0.29689898,0.38029696
642.00000000,5.12287000,1.62105000,0.29698858,0.38041230
642.20000000,5.12287000,1.62105000,0.29707864,0.38052760
642.40000000,5.12125000,1.65849000,0.29716974,0.38064562
642.60000000,5.12387000,1.63113000,0.29726112,0.38076170
642.80000000,5.12387000,1.69564000,0.29735353,0.38088237
643.00000000,5.12387000,1.69564000,0.29744773,0.38100301
643.20000000,5.12250000,1.64499000,0.29754052,0.38112006
643.40000000,5.12312000,1.64704000,0.29763197,0.38123726
643.60000000,5.12325000,1.67689000,0.29772430,0.38135657
643.80000000,5.12287000,1.63977000,0.29781643,0.38147324
644.00000000,5.12287000,1.63977000,0.29790753,0.38158990
644.20000000,5.12237000,1.70886000,0.29800055,0.38171150
644.40000000,5.12362000,1.64588000,0.29809373,0.38182861
644.60000000,5.12287000,1.68902000,0.29818637,0.38194879
644.80000000,5.12287000,1.68902000,0.29828020,0.38206896
645.00000000,5.12287000,1.65024000,0.29837296,0.38218639
645.20000000,5.12350000,1.61840000,0.29846376,0.38230158
645.40000000,5.12437000,1.63568000,0.29855415,0.38241797
645.60000000,5.12325000,1.67177000,0.29864602,0.38253692
645.80000000,5.12325000,1.67177000,0.29873890,0.38265587
646.00000000,5.12275000,1.59468000,0.29882963,0.38276932
646.20000000,5.12250000,1.69337000,0.29892097,0.38288985
646.40000000,5.12462000,1.67923000,0.29901465,0.38300937
646.60000000,5.12462000,1.67923000,0.29910794,0.38312882
646.80000000,5.12150000,1.62345000,0.29919968,0.38324434
647.00000000,5.12350000,1.66550000,0.29929104,0.38336282
647.20000000,5.12200000,1.66928000,0.29938367,0.38348163
647.40000000,5.12450000,1.65404000,0.29947599,0.38359935
647.60000000,5.12450000,1.65404000,0.29956788,0.38371702
647.80000000,5.12212000,1.63958000,0.29965937,0.38383369
648.00000000,5.12312000,1.64880000,0.29975071,0.38395097
648.20000000,5.12150000,1.62560000,0.29984167,0.38406660
648.40000000,5.12150000,1.62560000,0.29993198,0.38418227
648.60000000,5.12312000,1.67619000,0.30002370,0.38430153
648.80000000,5.12275000,1.65286000,0.30011617,0.38441912
649.00000000,5.12250000,1.61939000,0.30020707,0.38453434
649.20000000,5.12250000,1.61939000,0.30029703,0.38464955
649.40000000,5.12262000,1.61187000,0.30038679,0.38476428
649.60000000,5.12462000,1.70249000,0.30047885,0.38488541
649.80000000,5.12287000,1.66364000,0.30057236,0.38500378
650.00000000,5.12287000,1.66604000,0.30066485,0.38512232
650.20000000,5.12287000,1.66604000,0.30075741,0.38524086
650.40000000,5.12300000,1.63507000,0.30084910,0.38535718
650.60000000,5.12200000,1.64704000,0.30094027,0.38547441
650.80000000,5.12475000,1.66598000,0.30103230,0.38559299
651.00000000,5.12475000,1.66598000,0.30112486,0.38571153
651.20000000,5.12287000,1.67542000,0.30121767,0.38583072
651.40000000,5.12225000,1.66428000,0.30131044,0.38594916
651.60000000,5.12375000,1.72502000,0.30140459,0.38607192
651.80000000,5.12375000,1.72502000,0.30150042,0.38619465
652.00000000,5.12262000,1.67497000,0.30159487,0.38631380
652.20000000,5.12187000,1.66883000,0.30168775,0.38643259
652.40000000,5.12525000,1.68912000,0.30178103,0.38655277
652.60000000,5.12262000,1.67782000,0.30187455,0.38667214
652.80000000,5.12262000,1.67782000,0.30196777,0.38679152
653.00000000,5.12287000,1.65939000,0.30206047,0.38690956
653.20000000,5.12175000,1.64902000,0.30215237,0.38702690
653.40000000,5.12337000,1.69833000,0.30224535,0.38714779
653.60000000,5.12487000,1.70787000,0.30233997,0.38726935
653.80000000,5.12487000,1.70787000,0.30243485,0.38739086
654.00000000,5.12237000,1.63401000,0.30252768,0.38750711
654.20000000,5.12237000,1.65689000,0.30261909,0.38762498
654.40000000,5.12225000,1.67456000,0.30271163,0.38774411
654.60000000,5.12225000,1.67456000,0.30280466,0.38786323
654.80000000,5.12162000,1.66323000,0.30289738,0.38798160
655.00000000,5.12387000,1.78454000,0.30299315,0.38810855
655.20000000,5.12237000,1.66864000,0.30308907,0.38822731
655.40000000,5.12412000,1.67200000,0.30318187,0.38834630
655.60000000,5.12412000,1.67200000,0.30327476,0.38846527
655.80000000,5.12300000,1.66825000,0.30336754,0.38858394
656.00000000,5.12175000,1.63756000,0.30345937,0.38870045
656.20000000,5.12250000,1.69984000,0.30355208,0.38882138
656.40000000,5.12250000,1.69984000,0.30364651,0.38894233
656.60000000,5.12300000,1.69689000,0.30374086,0.38906306
656.80000000,5.12250000,1.69600000,0.30383511,0.38918372
657.00000000,5.12250000,1.65212000,0.30392811,0.38930128
657.20000000,5.12325000,1.71772000,0.30402172,0.38942351
657.40000000,5.12325000,1.71772000,0.30411715,0.38954572
657.60000000,5.12287000,1.69929000,0.30421207,0.38966660
657.80000000,5.12175000,1.64982000,0.30430510,0.38978402
658.00000000,5.12425000,1.74537000,0.30439941,0.38990824
658.20000000,5.12262000,1.62076000,0.30449291,0.39002355
658.40000000,5.12262000,1.62076000,0.30458295,0.39013886
658.60000000,5.12237000,1.69526000,0.30467507,0.39025948
658.80000000,5.12287000,1.68678000,0.30476901,0.39037948
659.00000000,5.12225000,1.61542000,0.30486074,0.39049441
659.20000000,5.12225000,1.61542000,0.30495049,0.39060934
659.40000000,5.12250000,1.67545000,0.30504190,0.39072858
659.60000000,5.12412000,1.64172000,0.30513404,0.39084539
659.80000000,5.12300000,1.70358000,0.30522697,0.39096662
660.00000000,5.12350000,1.60342000,0.30531883,0.39108071
660.20000000,5.12350000,1.60342000,0.30540791,0.39119477
660.40000000,5.12175000,1.66675000,0.30549874,0.39131341
660.60000000,5.12462000,1.67788000,0.30559165,0.39143279
660.80000000,5.12275000,1.65910000,0.30568435,0.39155083
661.00000000,5.12275000,1.65910000,0.30577652,0.39166888
661.20000000,5.12300000,1.60656000,0.30586723,0.39178319
661.40000000,5.12300000,1.67488000,0.30595838,0.39190236
661.60000000,5.12275000,1.66598000,0.30605118,0.39202089
661.80000000,5.12262000,1.68428000,0.30614425,0.39214072
662.00000000,5.12262000,1.68428000,0.30623782,0.39226057
662.20000000,5.12350000,1.67241000,0.30633106,0.39237955
662.40000000,5.12237000,1.62188000,0.30642257,0.39249493
662.60000000,5.12187000,1.67593000,0.30651417,0.39261415
662.80000000,5.12187000,1.67593000,0.30660728,0.39273339
663.00000000,5.12262000,1.65401000,0.30669978,0.39285107
663.20000000,5.12275000,1.65523000,0.30679170,0.39296880
663.40000000,5.12112000,1.62067000,0.30688270,0.39308410
663.60000000,5.12237000,1.71942000,0.30697548,0.39320643
663.80000000,5.12237000,1.71942000,0.30707100,0.39332872
664.00000000,5.12075000,1.65692000,0.30716479,0.39344665
664.20000000,5.12462000,1.65267000,0.30725672,0.39356421
664.40000000,5.12187000,1.67628000,0.30734919,0.39368346
664.60000000,5.12187000,1.67628000,0.30744232,0.39380271
664.80000000,5.12212000,1.68076000,0.30753557,0.39392231
665.00000000,5.12350000,1.68406000,0.30762904,0.39404215
665.20000000,5.12337000,1.69532000,0.30772291,0.39416277
665.40000000,5.12262000,1.65449000,0.30781596,0.39428048
665.60000000,5.12262000,1.65449000,0.30790788,0.39439818
665.80000000,5.12225000,1.64214000,0.30799945,0.39451501
666.00000000,5.12225000,1.61472000,0.30808992,0.39462991
666.20000000,5.12362000,1.68668000,0.30818162,0.39474994
666.40000000,5.12362000,1.68668000,0.30827533,0.39486993
666.60000000,5.12200000,1.65958000,0.30836828,0.39498799
666.80000000,5.12200000,1.65043000,0.30846022,0.39510537
667.00000000,5.12062000,1.62243000,0.30855114,0.39522076
667.20000000,5.12262000,1.61699000,0.30864112,0.39533580
667.40000000,5.12262000,1.61699000,0.30873095,0.39545088
667.60000000,5.12400000,1.69097000,0.30882284,0.39557118
667.80000000,5.12262000,1.65238000,0.30891571,0.39568875
668.00000000,5.12287000,1.67904000,0.30900825,0.39580822
668.20000000,5.12287000,1.67904000,0.30910153,0.39592769
668.40000000,5.12337000,1.61481000,0.30919303,0.39604259
668.60000000,5.12275000,1.64704000,0.30928363,0.39615977
668.80000000,5.12262000,1.60252000,0.30937390,0.39627379
669.00000000,5.12237000,1.67715000,0.30946500,0.39639310
669.20000000,5.12237000,1.67715000,0.30955818,0.39651243
669.40000000,5.12250000,1.68460000,0.30965156,0.39663225
669.60000000,5.12112000,1.64851000,0.30974414,0.39674953
669.80000000,5.12225000,1.61190000,0.30983471,0.39686420
670.00000000,5.12225000,1.61190000,0.30992426,0.39697887
670.20000000,5.12212000,1.62918000,0.31001429,0.39709478
670.40000000,5.12225000,1.68297000,0.31010630,0.39721449
670.60000000,5.12150000,1.64480000,0.31019873,0.39733149
670.80000000,5.12150000,1.64480000,0.31029011,0.39744852
671.00000000,5.12300000,1.62134000,0.31038084,0.39756387
671.20000000,5.12250000,1.64569000,0.31047159,0.39768094
671.40000000,5.12187000,1.65216000,0.31056320,0.39779848
671.60000000,5.12250000,1.66646000,0.31065538,0.39791705
671.80000000,5.12250000,1.66646000,0.31074796,0.39803560
672.00000000,5.12212000,1.61616000,0.31083914,0.39815059
672.20000000,5.12287000,1.65072000,0.31092989,0.39826804
672.40000000,5.12275000,1.67683000,0.31102232,0.39838734
672.60000000,5.12275000,1.67683000,0.31111548,0.39850663
672.80000000,5.12187000,1.60409000,0.31120662,0.39862075
673.00000000,5.12262000,1.65020000,0.31129701,0.39873815
673.20000000,5.12200000,1.65289000,0.31138877,0.39885574
673.40000000,5.12237000,1.63628000,0.31148013,0.39897215
673.60000000,5.12237000,1.63628000,0.31157104,0.39908857
673.80000000,5.12275000,1.68252000,0.31166323,0.39920826
674.00000000,5.12162000,1.63059000,0.31175526,0.39932423
674.20000000,5.12112000,1.60544000,0.31184515,0.39943842
674.40000000,5.12112000,1.60544000,0.31193434,0.39955262
674.60000000,5.12137000,1.63145000,0.31202425,0.39966865
674.80000000,5.12087000,1.66758000,0.31211589,0.39978724
675.00000000,5.12012000,1.63689000,0.31220768,0.39990371
675.20000000,5.12325000,1.63782000,0.31229865,0.40002026
675.40000000,5.12325000,1.63782000,0.31238964,0.40013678
675.60000000,5.12262000,1.64896000,0.31248094,0.40025409
675.80000000,5.12200000,1.66953000,0.31257312,0.40037288
676.00000000,5.12287000,1.63846000,0.31266500,0.40048943
676.20000000,5.12187000,1.63136000,0.31275583,0.40060548
676.40000000,5.12187000,1.63136000,0.31284646,0.40072156
676.60000000,5.12300000,1.64528000,0.31293748,0.40083862
676.80000000,5.12262000,1.59523000,0.31302750,0.40095213
677.00000000,5.12325000,1.65296000,0.31311772,0.40106974
677.20000000,5.12325000,1.65296000,0.31320955,0.40118735
677.40000000,5.12275000,1.64099000,0.31330105,0.40130409
677.60000000,5.12187000,1.62150000,0.31339168,0.40141946
677.80000000,5.12300000,1.64531000,0.31348242,0.40153652
678.00000000,5.12262000,1.70662000,0.31357553,0.40165794
678.20000000,5.12262000,1.70662000,0.31367034,0.40177935
678.40000000,5.12200000,1.64019000,0.31376331,0.40189604
678.60000000,5.12250000,1.67648000,0.31385544,0.40201533
678.80000000,5.12300000,1.69350000,0.31394905,0.40213583
679.00000000,5.12300000,1.69350000,0.31404313,0.40225628
679.20000000,5.12125000,1.67040000,0.31413658,0.40237514
679.40000000,5.12325000,1.68035000,0.31422965,0.40249468
679.60000000,5.12200000,1.70150000,0.31432359,0.40261573
679.80000000,5.12225000,1.71913000,0.31441861,0.40273803
680.00000000,5.12225000,1.71913000,0.31451412,0.40286038
680.20000000,5.12412000,1.67644000,0.31460844,0.40297967
680.40000000,5.12337000,1.69833000,0.31470218,0.40310048
680.60000000,5.12175000,1.68780000,0.31479624,0.40322054
680.80000000,5.12262000,1.67993000,0.31488979,0.40334007
681.00000000,5.12262000,1.67993000,0.31498312,0.40345960
681.20000000,5.12325000,1.69763000,0.31507694,0.40358039
681.40000000,5.12262000,1.64185000,0.31516970,0.40369724
681.60000000,5.12437000,1.69968000,0.31526252,0.40381821
681.80000000,5.12437000,1.69968000,0.31535695,0.40393911
682.00000000,5.12150000,1.66179000,0.31545032,0.40405732
682.20000000,5.12175000,1.68406000,0.31554326,0.40417717
682.40000000,5.12412000,1.62220000,0.31563511,0.40429262
682.60000000,5.12412000,1.62220000,0.31572523,0.40440804
682.80000000,5.12262000,1.64380000,0.31581595,0.40452497
683.00000000,5.12187000,1.69158000,0.31590860,0.40464535
683.20000000,5.12375000,1.64505000,0.31600128,0.40476239
683.40000000,5.12237000,1.68726000,0.31609385,0.40488243
683.60000000,5.12237000,1.68726000,0.31618758,0.40500248
683.80000000,5.12300000,1.68387000,0.31628123,0.40512229
684.00000000,5.12287000,1.62969000,0.31637327,0.40523821
684.20000000,5.12162000,1.67673000,0.31646511,0.40535749
684.40000000,5.12162000,1.67673000,0.31655827,0.40547680
684.60000000,5.12337000,1.68524000,0.31665165,0.40559668
684.80000000,5.12187000,1.58086000,0.31674238,0.40570917
685.00000000,5.12337000,1.68006000,0.31683296,0.40582872
685.20000000,5.12337000,1.68006000,0.31692630,0.40594825
685.40000000,5.12237000,1.65648000,0.31701898,0.40606611
685.60000000,5.12300000,1.65366000,0.31711093,0.40618377
685.80000000,5.12262000,1.69596000,0.31720397,0.40630438
686.00000000,5.12062000,1.58524000,0.31729512,0.40641712
686.20000000,5.12062000,1.58524000,0.31738319,0.40652992
686.40000000,5.12325000,1.66598000,0.31747350,0.40664847
686.60000000,5.12325000,1.66931000,0.31756614,0.40676724
686.80000000,5.12300000,1.64672000,0.31765826,0.40688441
687.00000000,5.12300000,1.64672000,0.31774974,0.40700154
687.20000000,5.12125000,1.65702000,0.31784151,0.40711945
687.40000000,5.12312000,1.59507000,0.31793185,0.40723296
687.60000000,5.12375000,1.65267000,0.31802206,0.40735055
687.80000000,5.12287000,1.65305000,0.31811389,0.40746816
688.00000000,5.12287000,1.65305000,0.31820572,0.40758579
688.20000000,5.12337000,1.62880000,0.31829689,0.40770167
688.40000000,5.12250000,1.65398000,0.31838807,0.40781933
688.60000000,5.12175000,1.59203000,0.31847824,0.40793258
688.80000000,5.12175000,1.59203000,0.31856669,0.40804586
689.00000000,5.12300000,1.70870000,0.31865837,0.40816744
689.20000000,5.12325000,1.60899000,0.31875053,0.40828195
689.40000000,5.12412000,1.68582000,0.31884206,0.40840189
689.60000000,5.12262000,1.67059000,0.31893529,0.40852075
689.80000000,5.12262000,1.67059000,0.31902810,0.40863956
690.00000000,5.12075000,1.68393000,0.31912128,0.40875943
690.20000000,5.12512000,1.60358000,0.31921260,0.40887354
690.40000000,5.12350000,1.61766000,0.31930208,0.40898863
690.60000000,5.12262000,1.68416000,0.31939380,0.40910846
690.80000000,5.12262000,1.68416000,0.31948736,0.40922826
691.00000000,5.12175000,1.64742000,0.31957990,0.40934547
691.20000000,5.12262000,1.61219000,0.31967045,0.40946019
691.40000000,5.12350000,1.70291000,0.31976254,0.40958137
691.60000000,5.12350000,1.70291000,0.31985714,0.40970253
691.80000000,5.12262000,1.66640000,0.31995073,0.40982109
692.00000000,5.12250000,1.62502000,0.32004216,0.40993669
692.20000000,5.12212000,1.61574000,0.32013218,0.41005167
692.40000000,5.12362000,1.63878000,0.32022259,0.41016829
692.60000000,5.12362000,1.63878000,0.32031363,0.41028487
692.80000000,5.12225000,1.65468000,0.32040511,0.41040259
693.00000000,5.12200000,1.60128000,0.32049556,0.41051649
693.20000000,5.12150000,1.61321000,0.32058485,0.41063124
693.40000000,5.12150000,1.61321000,0.32067447,0.41074598
693.60000000,5.12112000,1.64844000,0.32076507,0.41086326
693.80000000,5.12225000,1.65187000,0.32085675,0.41098079
694.00000000,5.12287000,1.63267000,0.32094799,0.41109696
694.20000000,5.12325000,1.67036000,0.32103974,0.41121582
694.40000000,5.12325000,1.67036000,0.32113253,0.41133467
694.60000000,5.12287000,1.64883000,0.32122473,0.41145197
694.80000000,5.12212000,1.60854000,0.32131522,0.41156640
695.00000000,5.12200000,1.63222000,0.32140524,0.41168251
695.20000000,5.12200000,1.63222000,0.32149592,0.41179864
695.40000000,5.12262000,1.66556000,0.32158752,0.41191709
695.60000000,5.12037000,1.62630000,0.32167896,0.41203283
695.80000000,5.12425000,1.63334000,0.32176951,0.41214907
696.00000000,5.12412000,1.64400000,0.32186055,0.41226607
696.20000000,5.12412000,1.64400000,0.32195188,0.41238303
696.40000000,5.12225000,1.66505000,0.32204380,0.41250148
696.60000000,5.12175000,1.67062000,0.32213645,0.41262036
696.80000000,5.12375000,1.66083000,0.32222899,0.41273855
697.00000000,5.12387000,1.67971000,0.32232179,0.41285809
697.20000000,5.12387000,1.67971000,0.32241510,0.41297760
697.40000000,5.12275000,1.70873000,0.32250923,0.41309918
697.60000000,5.12312000,1.64908000,0.32260250,0.41321652
697.80000000,5.12325000,1.68038000,0.32269499,0.41333609
698.00000000,5.12325000,1.68038000,0.32278834,0.41345566
698.20000000,5.12337000,1.69689000,0.32288215,0.41357639
698.40000000,5.12262000,1.63376000,0.32297467,0.41369263
698.60000000,5.12250000,1.65097000,0.32306591,0.41381009
698.80000000,5.12250000,1.65097000,0.32315763,0.41392755
699.00000000,5.12275000,1.65913000,0.32324958,0.41404555
699.20000000,5.12075000,1.62780000,0.32334088,0.41416138
699.40000000,5.12337000,1.63500000,0.32343152,0.41427773
699.60000000,5.12337000,1.66588000,0.32352321,0.41439627
699.80000000,5.12337000,1.66588000,0.32361576,0.41451475
700.00000000,5.12075000,1.58809000,0.32370615,0.41462775
700.20000000,5.12325000,1.64521000,0.32379596,0.41474482
700.40000000,5.12312000,1.64643000,0.32388739,0.41486197
700.60000000,5.12312000,1.64643000,0.32397886,0.41497910
700.80000000,5.12225000,1.62483000,0.32406973,0.41509468
701.00000000,5.12187000,1.64320000,0.32416051,0.41521161
701.20000000,5.12350000,1.65420000,0.32425210,0.41532933
701.40000000,5.12350000,1.65420000,0.32434400,0.41544699
701.60000000,5.12137000,1.64009000,0.32443551,0.41556370
701.80000000,5.12337000,1.66915000,0.32452744,0.41568244
702.00000000,5.12212000,1.66643000,0.32462009,0.41580104
702.20000000,5.12412000,1.67942000,0.32471303,0.41592056
702.40000000,5.12412000,1.67942000,0.32480633,0.41604004
702.60000000,5.12262000,1.66118000,0.32489913,0.41615823
702.80000000,5.12262000,1.63590000,0.32499071,0.41627464
703.00000000,5.12325000,1.64809000,0.32508193,0.41639191
703.20000000,5.12325000,1.64809000,0.32517349,0.41650914
703.40000000,5.12150000,1.61817000,0.32526422,0.41662427
703.60000000,5.12275000,1.71920000,0.32535693,0.41674658
703.80000000,5.12212000,1.63398000,0.32545007,0.41686282
704.00000000,5.12225000,1.63366000,0.32554084,0.41697905
704.20000000,5.12225000,1.63366000,0.32563160,0.41709534
704.40000000,5.12525000,1.64198000,0.32572259,0.41721216
704.60000000,5.12275000,1.63564000,0.32581363,0.41732853
704.80000000,5.12250000,1.66377000,0.32590528,0.41744690
705.00000000,5.12250000,1.66377000,0.32599772,0.41756533
705.20000000,5.12512000,1.69785000,0.32609109,0.41768614
705.40000000,5.12312000,1.69408000,0.32618531,0.41780668
705.60000000,5.12300000,1.67235000,0.32627883,0.41792567
705.80000000,5.12300000,1.65808000,0.32637134,0.41804365
706.00000000,5.12300000,1.65808000,0.32646345,0.41816163
706.20000000,5.12337000,1.68067000,0.32655620,0.41828122
706.40000000,5.12287000,1.65728000,0.32664892,0.41839913
706.60000000,5.12262000,1.64272000,0.32674058,0.41851600
706.80000000,5.12262000,1.64272000,0.32683185,0.41863285
707.00000000,5.12125000,1.65436000,0.32692343,0.41875052
707.20000000,5.12150000,1.63638000,0.32701484,0.41886696
707.40000000,5.12287000,1.68828000,0.32710719,0.41898701
707.60000000,5.12012000,1.60851000,0.32719877,0.41910140
707.80000000,5.12012000,1.60851000,0.32728813,0.41921586
708.00000000,5.12350000,1.63212000,0.32737815,0.41933201
708.20000000,5.12375000,1.66614000,0.32746977,0.41945050
708.40000000,5.12050000,1.67084000,0.32756246,0.41956940
708.60000000,5.12387000,1.68540000,0.32765569,0.41968935
708.80000000,5.12387000,1.68540000,0.32774932,0.41980924
709.00000000,5.12200000,1.62630000,0.32784132,0.41992496
709.20000000,5.12287000,1.64073000,0.32793207,0.42004168
709.40000000,5.12212000,1.66944000,0.32802402,0.42016044
709.60000000,5.12212000,1.66944000,0.32811676,0.42027920
709.80000000,5.12187000,1.64665000,0.32820888,0.42039635
710.00000000,5.12225000,1.59392000,0.32829889,0.42050977
710.20000000,5.12350000,1.64972000,0.32838899,0.42062717
710.40000000,5.12137000,1.67280000,0.32848129,0.42074615
710.60000000,5.12137000,1.67280000,0.32857422,0.42086522
710.80000000,5.12475000,1.63286000,0.32866604,0.42098137
711.00000000,5.12187000,1.66028000,0.32875752,0.42109946
711.20000000,5.12075000,1.63641000,0.32884909,0.42121584
711.40000000,5.12075000,1.63641000,0.32894001,0.42133229
711.60000000,5.12375000,1.61974000,0.32903045,0.42144752
711.80000000,5.12225000,1.61763000,0.32912038,0.42156260
712.00000000,5.12212000,1.61081000,0.32921006,0.42167720
712.20000000,5.12275000,1.66403000,0.32930103,0.42179559
712.40000000,5.12275000,1.66403000,0.32939347,0.42191402
712.60000000,5.12425000,1.63670000,0.32948516,0.42203045
712.80000000,5.12200000,1.60966000,0.32957534,0.42214496
713.00000000,5.12312000,1.69027000,0.32966700,0.42226523
713.20000000,5.12312000,1.69027000,0.32976091,0.42238551
713.40000000,5.12325000,1.66028000,0.32985398,0.42250361
713.60000000,5.12187000,1.64992000,0.32994593,0.42262100
713.80000000,5.12250000,1.59952000,0.33003619,0.42273480
714.00000000,5.12087000,1.63299000,0.33012598,0.42285094
714.20000000,5.12087000,1.63299000,0.33021670,0.42296715
714.40000000,5.12375000,1.69078000,0.33030903,0.42308745
714.60000000,5.12300000,1.70332000,0.33040331,0.42320865
714.80000000,5.12350000,1.64355000,0.33049628,0.42332560
715.00000000,5.12350000,1.64355000,0.33058759,0.42344255
715.20000000,5.12300000,1.69081000,0.33068021,0.42356279
715.40000000,5.12025000,1.67440000,0.33077369,0.42368196
715.60000000,5.12425000,1.72185000,0.33086803,0.42380450
715.80000000,5.12425000,1.72185000,0.33096368,0.42392701
716.00000000,5.12287000,1.62416000,0.33105663,0.42404257
716.20000000,5.12275000,1.71734000,0.33114945,0.42416476
716.40000000,5.12300000,1.63702000,0.33124263,0.42428124
716.60000000,5.12300000,1.63702000,0.33133357,0.42439769
716.80000000,5.12175000,1.62528000,0.33142419,0.42451334
717.00000000,5.12337000,1.67180000,0.33151578,0.42463230
717.20000000,5.12312000,1.66640000,0.33160850,0.42475088
717.40000000,5.12337000,1.65443000,0.33170075,0.42486860
717.60000000,5.12337000,1.65443000,0.33179266,0.42498631
717.80000000,5.12275000,1.64188000,0.33188423,0.42510313
718.00000000,5.12250000,1.69628000,0.33197695,0.42522383
718.20000000,5.12350000,1.61756000,0.33206900,0.42533897
718.40000000,5.12500000,1.74659000,0.33216245,0.42546330
718.60000000,5.12500000,1.74659000,0.33225949,0.42558758
718.80000000,5.12350000,1.68556000,0.33235482,0.42570757
719.00000000,5.12512000,1.68956000,0.33244858,0.42582779
719.20000000,5.12337000,1.62451000,0.33254063,0.42594339
719.40000000,5.12337000,1.62451000,0.33263088,0.42605897
719.60000000,5.12275000,1.65382000,0.33272195,0.42617666
719.80000000,5.12387000,1.71817000,0.33281562,0.42629894
720.00000000,5.12387000,1.68649000,0.33291019,0.42641893
720.20000000,5.12275000,1.66422000,0.33300326,0.42653734
720.40000000,5.12275000,1.66422000,0.33309572,0.42665572
720.60000000,5.12162000,1.57635000,0.33318574,0.42676790
720.80000000,5.12375000,1.65708000,0.33327555,0.42688582
721.00000000,5.12350000,1.65616000,0.33336759,0.42700367
721.20000000,5.12350000,1.65616000,0.33345960,0.42712146
721.40000000,5.12087000,1.62220000,0.33355066,0.42723691
721.60000000,5.12400000,1.63670000,0.33364119,0.42735340
721.80000000,5.12487000,1.66137000,0.33373280,0.42747161
722.00000000,5.12275000,1.66713000,0.33382526,0.42759022
722.20000000,5.12275000,1.66713000,0.33391788,0.42770883
722.40000000,5.12250000,1.66393000,0.33401041,0.42782721
722.60000000,5.12212000,1.58950000,0.33410078,0.42794034
722.80000000,5.12475000,1.65107000,0.33419080,0.42805786
723.00000000,5.12475000,1.65107000,0.33428252,0.42817535
723.20000000,5.12337000,1.65171000,0.33437427,0.42829288
723.40000000,5.12337000,1.61939000,0.33446513,0.42840815
723.60000000,5.12500000,1.64073000,0.33455569,0.42852491
723.80000000,5.12400000,1.68364000,0.33464803,0.42864473
724.00000000,5.12400000,1.68364000,0.33474157,0.42876453
724.20000000,5.12287000,1.67276000,0.33483480,0.42888351
724.40000000,5.12137000,1.58806000,0.33492538,0.42899649
724.60000000,5.12237000,1.66774000,0.33501582,0.42911514
724.80000000,5.12237000,1.66774000,0.33510847,0.42923378
725.00000000,5.12200000,1.63801000,0.33520030,0.42935034
725.20000000,5.12325000,1.63558000,0.33529123,0.42946671
725.40000000,5.12275000,1.65811000,0.33538272,0.42958468
725.60000000,5.12287000,1.68608000,0.33547562,0.42970465
725.80000000,5.12287000,1.68608000,0.33556929,0.42982464
726.00000000,5.12425000,1.65801000,0.33566218,0.42994260
726.20000000,5.12237000,1.63318000,0.33575360,0.43005882
726.40000000,5.12350000,1.63820000,0.33584447,0.43017539
726.60000000,5.12350000,1.63820000,0.33593548,0.43029198
726.80000000,5.12400000,1.70166000,0.33602826,0.43041311
727.00000000,5.12537000,1.70147000,0.33612279,0.43053419
727.20000000,5.12375000,1.67107000,0.33621647,0.43065311
727.40000000,5.12375000,1.67107000,0.33630931,0.43077203
727.60000000,5.12362000,1.66246000,0.33640191,0.43089030
727.80000000,5.12212000,1.60332000,0.33649262,0.43100437
728.00000000,5.12250000,1.64752000,0.33658292,0.43112158
728.20000000,5.12250000,1.64752000,0.33667445,0.43123879
728.40000000,5.12225000,1.65049000,0.33676606,0.43135618
728.60000000,5.12087000,1.63740000,0.33685739,0.43147270
728.80000000,5.12387000,1.61142000,0.33694764,0.43158735
729.00000000,5.12262000,1.63478000,0.33703781,0.43170366
729.20000000,5.12262000,1.63478000,0.33712863,0.43181998
729.40000000,5.12287000,1.65756000,0.33722009,0.43193792
729.60000000,5.12300000,1.63750000,0.33731162,0.43205442
729.80000000,5.12275000,1.68876000,0.33740401,0.43217458
730.00000000,5.12287000,1.67641000,0.33749749,0.43229386
730.20000000,5.12287000,1.67641000,0.33759062,0.43241315
730.40000000,5.12337000,1.67161000,0.33768362,0.43253209
730.60000000,5.12325000,1.62444000,0.33777518,0.43264767
730.80000000,5.12250000,1.65472000,0.33786627,0.43276539
731.00000000,5.12250000,1.65472000,0.33795820,0.43288314
731.20000000,5.12325000,1.65872000,0.33805024,0.43300116
731.40000000,5.12300000,1.67689000,0.33814289,0.43312048
731.60000000,5.12312000,1.62486000,0.33823461,0.43323610
731.80000000,5.12362000,1.65817000,0.33832580,0.43335410
732.00000000,5.12362000,1.65817000,0.33841792,0.43347207
732.20000000,5.12212000,1.70684000,0.33851140,0.43359353
732.40000000,5.12362000,1.66598000,0.33860509,0.43371206
732.60000000,5.12262000,1.64489000,0.33869705,0.43382909
732.80000000,5.12262000,1.64489000,0.33878844,0.43394612
733.00000000,5.12287000,1.70057000,0.33888137,0.43406710
733.20000000,5.12225000,1.71001000,0.33897610,0.43418875
733.40000000,5.12187000,1.64230000,0.33906922,0.43430562
733.60000000,5.12362000,1.63776000,0.33916034,0.43442216
733.80000000,5.12362000,1.63776000,0.33925132,0.43453871
734.00000000,5.12350000,1.70598000,0.33934421,0.43466003
734.20000000,5.12062000,1.68688000,0.33943845,0.43478005
734.40000000,5.12237000,1.64454000,0.33953099,0.43489705
734.60000000,5.12262000,1.68844000,0.33962357,0.43501717
734.80000000,5.12262000,1.68844000,0.33971738,0.43513728
735.00000000,5.12162000,1.63878000,0.33980980,0.43525389
735.20000000,5.12325000,1.67580000,0.33990187,0.43537314
735.40000000,5.12362000,1.66009000,0.33999453,0.43549127
735.60000000,5.12362000,1.66009000,0.34008676,0.43560935
735.80000000,5.12125000,1.64681000,0.34017862,0.43572654
736.00000000,5.12325000,1.68086000,0.34027105,0.43584619
736.20000000,5.12525000,1.67059000,0.34036415,0.43596501
736.40000000,5.12125000,1.61030000,0.34045529,0.43607955
736.60000000,5.12125000,1.61030000,0.34054475,0.43619414
736.80000000,5.12337000,1.67289000,0.34063595,0.43631319
737.00000000,5.12412000,1.65472000,0.34072838,0.43643096
737.20000000,5.12412000,1.62380000,0.34081945,0.43654652
737.40000000,5.12412000,1.62380000,0.34090966,0.43666206
737.60000000,5.12312000,1.66931000,0.34100114,0.43678087
737.80000000,5.12437000,1.66537000,0.34109377,0.43689938
738.00000000,5.12375000,1.65808000,0.34118609,0.43701733
738.20000000,5.12200000,1.66140000,0.34127829,0.43713553
738.40000000,5.12200000,1.66140000,0.34137059,0.43725376
738.60000000,5.12412000,1.63689000,0.34146221,0.43737024
738.80000000,5.12350000,1.68192000,0.34155440,0.43748992
739.00000000,5.12325000,1.63689000,0.34164659,0.43760640
739.20000000,5.12325000,1.63689000,0.34173753,0.43772290
739.40000000,5.12462000,1.68745000,0.34182987,0.43784300
739.60000000,5.12400000,1.69008000,0.34192369,0.43796330
739.80000000,5.12525000,1.72435000,0.34201854,0.43808599
740.00000000,5.12300000,1.62499000,0.34211157,0.43820162
740.20000000,5.12300000,1.62499000,0.34220185,0.43831724
740.40000000,5.12325000,1.65993000,0.34229310,0.43843539
740.60000000,5.12462000,1.71024000,0.34238672,0.43855710
740.80000000,5.12387000,1.61184000,0.34247900,0.43867181
741.00000000,5.12387000,1.61184000,0.34256854,0.43878653
741.20000000,5.12487000,1.65177000,0.34265920,0.43890408
741.40000000,5.12387000,1.66259000,0.34275126,0.43902239
741.60000000,5.12337000,1.60185000,0.34284194,0.43913637
741.80000000,5.12287000,1.64768000,0.34293221,0.43925361
742.00000000,5.12287000,1.64768000,0.34302374,0.43937087
742.20000000,5.12425000,1.68163000,0.34311623,0.43949051
742.40000000,5.12250000,1.65827000,0.34320900,0.43960849
742.60000000,5.12175000,1.67347000,0.34330155,0.43972754
742.80000000,5.12175000,1.67347000,0.34339452,0.43984663
743.00000000,5.12375000,1.66083000,0.34348714,0.43996483
743.20000000,5.12450000,1.60236000,0.34357778,0.44007882
743.40000000,5.12187000,1.64678000,0.34366804,0.44019597
743.60000000,5.12187000,1.64678000,0.34375952,0.44031314
743.80000000,5.12300000,1.60748000,0.34384992,0.44042752
744.00000000,5.12300000,1.63699000,0.34394004,0.44054402
744.20000000,5.12400000,1.68249000,0.34403225,0.44066375
744.40000000,5.12400000,1.68249000,0.34412572,0.44078347
744.60000000,5.12325000,1.62156000,0.34421750,0.44089885
744.80000000,5.12275000,1.67238000,0.34430900,0.44101786
745.00000000,5.12400000,1.67360000,0.34440195,0.44113696
745.20000000,5.12350000,1.63200000,0.34449377,0.44125309
745.40000000,5.12350000,1.63200000,0.34458443,0.44136925
745.60000000,5.12462000,1.62768000,0.34467498,0.44148508
745.80000000,5.12387000,1.67635000,0.34476676,0.44160437
746.00000000,5.12350000,1.66806000,0.34485966,0.44172301
746.20000000,5.12100000,1.64467000,0.34495168,0.44183999
746.40000000,5.12100000,1.64467000,0.34504305,0.44195705
746.60000000,5.12475000,1.62883000,0.34513398,0.44207299
746.80000000,5.12487000,1.66848000,0.34522557,0.44219170
747.00000000,5.12262000,1.63433000,0.34531732,0.44230797
747.20000000,5.12262000,1.63433000,0.34540811,0.44242425
747.40000000,5.12262000,1.62841000,0.34549875,0.44254017
747.60000000,5.12525000,1.67772000,0.34559058,0.44265954
747.80000000,5.12275000,1.67120000,0.34568361,0.44277845
748.00000000,5.12312000,1.64972000,0.34577586,0.44289584
748.20000000,5.12312000,1.64972000,0.34586751,0.44301322
748.40000000,5.12287000,1.66364000,0.34595955,0.44313158
748.60000000,5.12250000,1.63472000,0.34605117,0.44324788
748.80000000,5.12250000,1.58694000,0.34614066,0.44336079
749.00000000,5.12250000,1.58694000,0.34622882,0.44347374
749.20000000,5.12462000,1.67497000,0.34631943,0.44359296
749.40000000,5.12475000,1.69740000,0.34641311,0.44371373
749.60000000,5.12300000,1.59558000,0.34650458,0.44382729
749.80000000,5.12450000,1.65606000,0.34659490,0.44394516
750.00000000,5.12450000,1.65606000,0.34668690,0.44406299
750.20000000,5.12300000,1.62892000,0.34677815,0.44417887
750.40000000,5.12187000,1.58684000,0.34686748,0.44429177
750.60000000,5.12250000,1.66614000,0.34695784,0.44441031
750.80000000,5.12250000,1.66614000,0.34705040,0.44452889
751.00000000,5.12450000,1.72700000,0.34714466,0.44465172
751.20000000,5.12075000,1.62345000,0.34723773,0.44476726
751.40000000,5.12425000,1.67350000,0.34732931,0.44488636
751.60000000,5.12425000,1.70281000,0.34742309,0.44500755
751.80000000,5.12425000,1.70281000,0.34751769,0.44512872
752.00000000,5.12350000,1.69232000,0.34761200,0.44524916
752.20000000,5.12400000,1.72016000,0.34770680,0.44537155
752.40000000,5.12287000,1.63740000,0.34780006,0.44548805
752.60000000,5.12287000,1.63740000,0.34789103,0.44560455
752.80000000,5.12250000,1.63136000,0.34798183,0.44572063
753.00000000,5.12312000,1.69488000,0.34807422,0.44584128
753.20000000,5.12537000,1.73296000,0.34816944,0.44596460
753.40000000,5.12387000,1.67923000,0.34826422,0.44608411
753.60000000,5.12387000,1.67923000,0.34835751,0.44620355
753.80000000,5.12125000,1.70556000,0.34845154,0.44632496
754.00000000,5.12562000,1.66732000,0.34854523,0.44644363
754.20000000,5.12425000,1.67196000,0.34863798,0.44656261
754.40000000,5.12362000,1.68752000,0.34873130,0.44668269
754.60000000,5.12362000,1.68752000,0.34882505,0.44680276
754.80000000,5.12275000,1.63401000,0.34891732,0.44691902
755.00000000,5.12300000,1.67952000,0.34900936,0.44703852
755.20000000,5.12262000,1.67184000,0.34910245,0.44715746
755.40000000,5.12262000,1.67184000,0.34919533,0.44727641
755.60000000,5.12275000,1.69408000,0.34928883,0.44739697
755.80000000,5.12362000,1.68928000,0.34938281,0.44751714
756.00000000,5.12187000,1.77523000,0.34947905,0.44764342
756.20000000,5.12512000,1.69235000,0.34957537,0.44776389
756.40000000,5.12512000,1.69235000,0.34966939,0.44788431
756.60000000,5.12312000,1.72204000,0.34976424,0.44800686
756.80000000,5.12425000,1.71955000,0.34985984,0.44812925
757.00000000,5.12162000,1.69296000,0.34995463,0.44824967
757.20000000,5.12162000,1.69296000,0.35004868,0.44837019
757.40000000,5.12562000,1.70019000,0.35014294,0.44849118
757.60000000,5.12350000,1.72723000,0.35023814,0.44861408
757.80000000,5.12325000,1.72908000,0.35033415,0.44873711
758.00000000,5.12325000,1.72908000,0.35043021,0.44886015
758.20000000,5.12312000,1.68915000,0.35052516,0.44898037
758.40000000,5.12437000,1.73126000,0.35062017,0.44910356
758.60000000,5.12350000,1.73840000,0.35071655,0.44922727
758.80000000,5.12350000,1.73840000,0.35081313,0.44935092
759.00000000,5.12137000,1.70416000,0.35090876,0.44947219
759.20000000,5.12362000,1.66678000,0.35100239,0.44959076
759.40000000,5.12200000,1.70720000,0.35109612,0.44971220
759.60000000,5.12150000,1.71254000,0.35119111,0.44983402
759.80000000,5.12150000,1.71254000,0.35128625,0.44995591
760.00000000,5.12462000,1.69347000,0.35138086,0.45007640
760.20000000,5.12312000,1.72870000,0.35147592,0.45019941
760.40000000,5.12300000,1.74515000,0.35157242,0.45032358
760.60000000,5.12300000,1.74515000,0.35166937,0.45044775
760.80000000,5.12312000,1.65737000,0.35176388,0.45056567
761.00000000,5.12250000,1.69353000,0.35185696,0.45068620
761.20000000,5.12437000,1.72358000,0.35195188,0.45080880
761.40000000,5.12150000,1.70153000,0.35204703,0.45092983
761.60000000,5.12150000,1.70153000,0.35214156,0.45105096
761.80000000,5.12537000,1.71574000,0.35223648,0.45117307
762.00000000,5.12412000,1.73814000,0.35233242,0.45129676
762.20000000,5.12400000,1.73507000,0.35242890,0.45142023
762.40000000,5.12362000,1.64307000,0.35252274,0.45153716
762.60000000,5.12362000,1.64307000,0.35261402,0.45165408
762.80000000,5.12387000,1.72240000,0.35270750,0.45177669
763.00000000,5.12500000,1.74748000,0.35280389,0.45190102
763.20000000,5.12300000,1.67350000,0.35289892,0.45202010
763.40000000,5.12300000,1.67350000,0.35299189,0.45213919
763.60000000,5.12375000,1.73932000,0.35308669,0.45226297
763.80000000,5.12375000,1.80342000,0.35318510,0.45239131
764.00000000,5.12400000,1.65571000,0.35328118,0.45250915
764.20000000,5.12425000,1.69644000,0.35337430,0.45262988
764.40000000,5.12425000,1.69644000,0.35346855,0.45275058
764.60000000,5.12250000,1.71708000,0.35356337,0.45287277
764.80000000,5.12387000,1.67065000,0.35365747,0.45299164
765.00000000,5.12275000,1.71446000,0.35375150,0.45311362
765.20000000,5.12275000,1.71446000,0.35384675,0.45323562
765.40000000,5.12325000,1.74390000,0.35394281,0.45335972
765.60000000,5.12375000,1.69078000,0.35403822,0.45348004
765.80000000,5.12375000,1.72499000,0.35413310,0.45360281
766.00000000,5.12450000,1.71372000,0.35422862,0.45372478
766.20000000,5.12450000,1.71372000,0.35432383,0.45384672
766.40000000,5.12300000,1.70604000,0.35441882,0.45396813
766.60000000,5.12387000,1.79798000,0.35451616,0.45409610
766.80000000,5.12462000,1.72454000,0.35461401,0.45421885
767.00000000,5.12462000,1.72454000,0.35470981,0.45434155
767.20000000,5.12300000,1.66835000,0.35480406,0.45446029
767.40000000,5.12450000,1.66371000,0.35489662,0.45457868
767.60000000,5.12350000,1.66323000,0.35498903,0.45469704
767.80000000,5.12262000,1.67865000,0.35508186,0.45481647
768.00000000,5.12262000,1.67865000,0.35517512,0.45493593
768.20000000,5.12400000,1.75072000,0.35527038,0.45506054
768.40000000,5.12450000,1.69033000,0.35536597,0.45518084
768.60000000,5.12412000,1.64464000,0.35545860,0.45529788
768.80000000,5.12412000,1.64464000,0.35554997,0.45541491
769.00000000,5.12337000,1.61993000,0.35564066,0.45553019
769.20000000,5.12350000,1.63020000,0.35573094,0.45564614
769.40000000,5.12125000,1.62995000,0.35582150,0.45576208
769.60000000,5.12425000,1.61107000,0.35591153,0.45587674
769.80000000,5.12425000,1.61107000,0.35600103,0.45599134
770.00000000,5.12187000,1.63257000,0.35609113,0.45610751
770.20000000,5.12337000,1.59686000,0.35618084,0.45622114
770.40000000,5.12312000,1.66400000,0.35627142,0.45633954
770.60000000,5.12312000,1.66400000,0.35636386,0.45645791
770.80000000,5.12162000,1.66880000,0.35645644,0.45657669
771.00000000,5.12462000,1.63529000,0.35654822,0.45669302
771.20000000,5.12212000,1.62835000,0.35663888,0.45680886
771.40000000,5.12212000,1.62835000,0.35672934,0.45692467
771.60000000,5.12037000,1.63942000,0.35682011,0.45704131
771.80000000,5.12287000,1.62515000,0.35691079,0.45715694
772.00000000,5.12275000,1.68198000,0.35700266,0.45727664
772.20000000,5.12375000,1.67808000,0.35709599,0.45739605
772.40000000,5.12375000,1.67808000,0.35718922,0.45751544
772.60000000,5.12250000,1.68374000,0.35728260,0.45763523
772.80000000,5.12237000,1.59846000,0.35737378,0.45774896
773.00000000,5.12300000,1.67753000,0.35746478,0.45786833
773.20000000,5.12300000,1.67753000,0.35755797,0.45798770
773.40000000,5.12375000,1.68006000,0.35765124,0.45810723
773.60000000,5.12225000,1.60726000,0.35774255,0.45822157
773.80000000,5.12212000,1.64508000,0.35783290,0.45833858
774.00000000,5.12125000,1.64297000,0.35792423,0.45845544
774.20000000,5.12125000,1.64297000,0.35801551,0.45857232
774.40000000,5.12200000,1.61811000,0.35810609,0.45868742
774.60000000,5.12162000,1.65948000,0.35819714,0.45880547
774.80000000,5.12175000,1.60003000,0.35828768,0.45891929
775.00000000,5.12175000,1.60003000,0.35837657,0.45903313
775.20000000,5.12250000,1.66265000,0.35846720,0.45915142
775.40000000,5.12287000,1.65881000,0.35855946,0.45926945
775.60000000,5.12287000,1.67244000,0.35865200,0.45938843
775.80000000,5.12200000,1.63574000,0.35874389,0.45950479
776.00000000,5.12200000,1.63574000,0.35883476,0.45962120
776.20000000,5.12400000,1.62742000,0.35892541,0.45973699
776.40000000,5.12275000,1.63689000,0.35901608,0.45985343
776.60000000,5.12175000,1.65340000,0.35910748,0.45997105
776.80000000,5.12175000,1.65340000,0.35919934,0.46008866
777.00000000,5.12175000,1.60313000,0.35928979,0.46020272
777.20000000,5.12237000,1.64179000,0.35937993,0.46031956
777.40000000,5.12425000,1.64627000,0.35947127,0.46043669
777.60000000,5.12250000,1.62067000,0.35956201,0.46055199
777.80000000,5.12250000,1.62067000,0.35965205,0.46066731
778.00000000,5.12300000,1.65897000,0.35974315,0.46078534
778.20000000,5.12250000,1.66105000,0.35983538,0.46090349
778.40000000,5.12162000,1.64553000,0.35992722,0.46102054
778.60000000,5.12287000,1.64668000,0.36001868,0.46113771
778.80000000,5.12287000,1.64668000,0.36011016,0.46125491
779.00000000,5.12462000,1.61494000,0.36020076,0.46136982
779.20000000,5.12312000,1.64316000,0.36029126,0.46148673
779.40000000,5.12262000,1.60992000,0.36038162,0.46160127
779.60000000,5.12262000,1.60992000,0.36047106,0.46171586
779.80000000,5.12487000,1.69308000,0.36056281,0.46183634
780.00000000,5.12362000,1.67312000,0.36065632,0.46195538
780.20000000,5.12237000,1.60652000,0.36074742,0.46206970
780.40000000,5.12375000,1.66176000,0.36083821,0.46218796
780.60000000,5.12375000,1.66176000,0.36093053,0.46230621
780.80000000,5.12375000,1.67737000,0.36102328,0.46242552
781.00000000,5.12137000,1.64624000,0.36111560,0.46254270
781.20000000,5.12487000,1.62710000,0.36120653,0.46265852
781.40000000,5.12487000,1.62710000,0.36129692,0.46277429
781.60000000,5.12287000,1.63798000,0.36138762,0.46289083
781.80000000,5.12287000,1.68118000,0.36147982,0.46301046
782.00000000,5.12325000,1.59081000,0.36157071,0.46312365
782.20000000,5.12312000,1.65472000,0.36166086,0.46324139
782.40000000,5.12312000,1.65472000,0.36175279,0.46335912
782.60000000,5.12262000,1.62595000,0.36184392,0.46347482
782.80000000,5.12337000,1.61913000,0.36193406,0.46359005
783.00000000,5.12412000,1.69907000,0.36202623,0.46371097
783.20000000,5.12412000,1.69907000,0.36212063,0.46383189
783.40000000,5.12400000,1.70441000,0.36221517,0.46395316
783.60000000,5.12300000,1.64534000,0.36230822,0.46407024
783.80000000,5.12337000,1.72572000,0.36240186,0.46419306
784.00000000,5.12425000,1.71763000,0.36249750,0.46431530
784.20000000,5.12425000,1.71763000,0.36259293,0.46443752
784.40000000,5.12300000,1.73046000,0.36268871,0.46456069
784.60000000,5.12475000,1.69193000,0.36278377,0.46468111
784.80000000,5.12462000,1.72454000,0.36287868,0.46480385
785.00000000,5.12462000,1.72454000,0.36297448,0.46492657
785.20000000,5.12350000,1.71891000,0.36307014,0.46504891
785.40000000,5.12425000,1.68905000,0.36316480,0.46516908
785.60000000,5.12275000,1.65404000,0.36325767,0.46528677
785.80000000,5.12275000,1.65404000,0.36334956,0.46540446
786.00000000,5.12312000,1.70720000,0.36344292,0.46552594
786.20000000,5.12325000,1.70595000,0.36353773,0.46564729
786.40000000,5.12187000,1.66323000,0.36363132,0.46576561
786.60000000,5.12425000,1.67939000,0.36372417,0.46588513
786.80000000,5.12425000,1.67939000,0.36381747,0.46600464
787.00000000,5.12362000,1.68889000,0.36391104,0.46612485
787.20000000,5.12475000,1.74390000,0.36400639,0.46624893
787.40000000,5.12275000,1.69142000,0.36410182,0.46636927
787.60000000,5.12275000,1.69142000,0.36419578,0.46648963
787.80000000,5.12362000,1.77696000,0.36429213,0.46661609
788.00000000,5.12387000,1.71734000,0.36438919,0.46673833
788.20000000,5.12475000,1.72342000,0.36448477,0.46686099
788.40000000,5.12475000,1.72342000,0.36458051,0.46698359
788.60000000,5.12187000,1.71532000,0.36467603,0.46710570
788.80000000,5.12537000,1.68291000,0.36477043,0.46722544
789.00000000,5.12275000,1.72073000,0.36486498,0.46734790
789.20000000,5.12400000,1.69180000,0.36495977,0.46746830
789.40000000,5.12400000,1.69180000,0.36505376,0.46758867
789.60000000,5.12275000,1.72515000,0.36514867,0.46771145
789.80000000,5.12450000,1.73616000,0.36524482,0.46783499
790.00000000,5.12312000,1.67769000,0.36533965,0.46795435
790.20000000,5.12262000,1.71264000,0.36543382,0.46807620
790.40000000,5.12262000,1.71264000,0.36552897,0.46819809
790.60000000,5.12412000,1.69766000,0.36562370,0.46831887
790.80000000,5.12262000,1.67078000,0.36571727,0.46843779
791.00000000,5.12475000,1.62368000,0.36580878,0.46855336
791.20000000,5.12475000,1.62368000,0.36589899,0.46866886
791.40000000,5.12187000,1.72355000,0.36599197,0.46879154
791.60000000,5.12475000,1.73526000,0.36608804,0.46891501
791.80000000,5.12287000,1.72640000,0.36618420,0.46903788
792.00000000,5.12450000,1.66128000,0.36627830,0.46915612
792.20000000,5.12450000,1.66128000,0.36637060,0.46927433
792.40000000,5.12337000,1.72179000,0.36646457,0.46939689
792.60000000,5.12475000,1.72096000,0.36656020,0.46951931
792.80000000,5.12187000,1.71136000,0.36665554,0.46964105
793.00000000,5.12187000,1.71136000,0.36675062,0.46976280
793.20000000,5.12237000,1.71491000,0.36684579,0.46988487
793.40000000,5.12500000,1.71481000,0.36694106,0.47000688
793.60000000,5.12262000,1.69779000,0.36703586,0.47012765
793.80000000,5.12187000,1.63158000,0.36712834,0.47024372
794.00000000,5.12187000,1.63158000,0.36721898,0.47035982
794.20000000,5.12350000,1.64812000,0.36731009,0.47047710
794.40000000,5.12337000,1.59964000,0.36740030,0.47059091
794.60000000,5.12262000,1.69430000,0.36749180,0.47071145
794.80000000,5.12375000,1.64630000,0.36758460,0.47082861
795.00000000,5.12375000,1.64630000,0.36767606,0.47094576
795.20000000,5.12350000,1.58630000,0.36776585,0.47105862
795.40000000,5.12237000,1.64604000,0.36785564,0.47117570
795.60000000,5.12162000,1.65296000,0.36794728,0.47129329
795.80000000,5.12162000,1.65296000,0.36803911,0.47141091
796.00000000,5.12362000,1.62371000,0.36813013,0.47152647
796.20000000,5.12400000,1.64163000,0.36822083,0.47164327
796.40000000,5.12287000,1.64617000,0.36831216,0.47176046
796.60000000,5.12550000,1.63702000,0.36840336,0.47187699
796.80000000,5.12550000,1.63702000,0.36849430,0.47199351
797.00000000,5.12475000,1.66361000,0.36858599,0.47211188
797.20000000,5.12275000,1.68240000,0.36867893,0.47223159
797.40000000,5.12325000,1.67712000,0.36877225,0.47235093
797.60000000,5.12325000,1.67712000,0.36886543,0.47247029
797.80000000,5.12450000,1.69744000,0.36895916,0.47259108
798.00000000,5.12337000,1.61081000,0.36905106,0.47270573
798.20000000,5.12450000,1.67513000,0.36914234,0.47282495
798.40000000,5.12450000,1.67513000,0.36923540,0.47294416
798.60000000,5.12362000,1.63318000,0.36932730,0.47306033
798.80000000,5.12150000,1.59158000,0.36941687,0.47317359
799.00000000,5.12387000,1.66649000,0.36950737,0.47329219
799.20000000,5.12387000,1.66649000,0.36959996,0.47341077
799.40000000,5.12312000,1.66172000,0.36969241,0.47352896
799.60000000,5.12100000,1.58236000,0.36978252,0.47364157
799.80000000,5.12400000,1.63417000,0.36987187,0.47375784
800.00000000,5.12275000,1.63737000,0.36996275,0.47387433
800.20000000,5.12275000,1.63737000,0.37005371,0.47399087
800.40000000,5.12462000,1.63952000,0.37014474,0.47410753
800.60000000,5.12312000,1.67004000,0.37023667,0.47422640
800.80000000,5.12462000,1.70547000,0.37033043,0.47434779
801.00000000,5.12462000,1.70547000,0.37042518,0.47446915
801.20000000,5.12350000,1.64870000,0.37051835,0.47458648
801.40000000,5.12387000,1.74204000,0.37061254,0.47471042
801.60000000,5.12262000,1.69484000,0.37070801,0.47483105
801.80000000,5.12475000,1.70726000,0.37080251,0.47495257
802.00000000,5.12475000,1.70726000,0.37089736,0.47507408
802.20000000,5.12425000,1.71948000,0.37099255,0.47519643
802.40000000,5.12337000,1.72771000,0.37108830,0.47531942
802.60000000,5.12537000,1.69206000,0.37118329,0.47543987
802.80000000,5.12537000,1.69206000,0.37127730,0.47556027
803.00000000,5.12312000,1.61788000,0.37136924,0.47567541
803.20000000,5.12437000,1.62137000,0.37145922,0.47579079
803.40000000,5.12362000,1.57699000,0.37154806,0.47590299
803.60000000,5.12262000,1.63891000,0.37163739,0.47601960
803.80000000,5.12262000,1.63891000,0.37172844,0.47613620
804.00000000,5.12237000,1.61948000,0.37181895,0.47625143
804.20000000,5.12325000,1.62211000,0.37190900,0.47636685
804.40000000,5.12312000,1.63289000,0.37199942,0.47648304
804.60000000,5.12350000,1.67708000,0.37209136,0.47660238
804.80000000,5.12350000,1.67708000,0.37218453,0.47672171
805.00000000,5.12300000,1.60998000,0.37227584,0.47683625
805.20000000,5.12237000,1.62710000,0.37236576,0.47695203
805.40000000,5.12350000,1.64188000,0.37245656,0.47706887
805.60000000,5.12350000,1.64188000,0.37254778,0.47718570
805.80000000,5.12312000,1.63600000,0.37263883,0.47730210
806.00000000,5.12287000,1.65884000,0.37273035,0.47742015
806.20000000,5.12375000,1.66828000,0.37282277,0.47753883
806.40000000,5.12212000,1.64313000,0.37291476,0.47765572
806.60000000,5.12212000,1.64313000,0.37300604,0.47777264
806.80000000,5.12312000,1.59753000,0.37309606,0.47788632
807.00000000,5.12350000,1.71286000,0.37318801,0.47800822
807.20000000,5.12400000,1.65808000,0.37328165,0.47812622
807.40000000,5.12400000,1.65808000,0.37337377,0.47824421
807.60000000,5.12362000,1.67808000,0.37346644,0.47836361
807.80000000,5.12325000,1.58294000,0.37355702,0.47847624
808.00000000,5.12287000,1.62675000,0.37364618,0.47859196
808.20000000,5.12175000,1.64899000,0.37373717,0.47870926
808.40000000,5.12175000,1.64899000,0.37382878,0.47882661
808.60000000,5.12375000,1.58435000,0.37391860,0.47893937
808.80000000,5.12425000,1.68633000,0.37400945,0.47905939
809.00000000,5.12450000,1.64787000,0.37410207,0.47917668
809.20000000,5.12450000,1.64787000,0.37419362,0.47929392
809.40000000,5.12250000,1.67161000,0.37428582,0.47941289
809.60000000,5.12450000,1.62368000,0.37437736,0.47952840
809.80000000,5.12225000,1.63846000,0.37446797,0.47964503
810.00000000,5.12512000,1.67676000,0.37456006,0.47976439
810.20000000,5.12512000,1.67676000,0.37465322,0.47988371
810.40000000,5.12362000,1.63424000,0.37474519,0.48000000
810.60000000,5.12337000,1.70553000,0.37483796,0.48012134
810.80000000,5.12262000,1.64112000,0.37493092,0.48023809
811.00000000,5.12200000,1.65958000,0.37502261,0.48035615
811.20000000,5.12200000,1.65958000,0.37511481,0.48047423
811.40000000,5.12275000,1.64627000,0.37520664,0.48059137
811.60000000,5.12312000,1.60937000,0.37529707,0.48070590
811.80000000,5.12412000,1.63958000,0.37538732,0.48082259
812.00000000,5.12412000,1.63958000,0.37547841,0.48093924
812.20000000,5.12250000,1.66076000,0.37557008,0.48105738
812.40000000,5.12175000,1.58905000,0.37566036,0.48117043
812.60000000,5.12262000,1.64339000,0.37575015,0.48128736
812.80000000,5.12275000,1.64697000,0.37584155,0.48140454
813.00000000,5.12275000,1.64697000,0.37593304,0.48152175
813.20000000,5.12387000,1.75171000,0.37602745,0.48164639
813.40000000,5.12337000,1.67107000,0.37612253,0.48176533
813.60000000,5.12425000,1.70118000,0.37621620,0.48188640
813.80000000,5.12425000,1.70118000,0.37631071,0.48200743
814.00000000,5.12250000,1.70230000,0.37640525,0.48212856
814.20000000,5.12337000,1.65273000,0.37649845,0.48224614
814.40000000,5.12212000,1.68163000,0.37659107,0.48236581
814.60000000,5.12387000,1.66707000,0.37668409,0.48248445
814.80000000,5.12387000,1.66707000,0.37677670,0.48260306
815.00000000,5.12262000,1.68940000,0.37686994,0.48272328
815.20000000,5.12362000,1.74275000,0.37696528,0.48284730
815.40000000,5.12387000,1.71859000,0.37706143,0.48296960
815.60000000,5.12387000,1.71859000,0.37715690,0.48309185
815.80000000,5.12137000,1.71324000,0.37725223,0.48321377
816.00000000,5.12387000,1.65878000,0.37734590,0.48333177
816.20000000,5.12187000,1.71731000,0.37743968,0.48345396
816.40000000,5.12300000,1.69353000,0.37753442,0.48357446
816.60000000,5.12300000,1.69353000,0.37762851,0.48369493
816.80000000,5.12187000,1.73273000,0.37772368,0.48381823
817.00000000,5.12325000,1.69520000,0.37781890,0.48393889
817.20000000,5.12500000,1.75740000,0.37791481,0.48406398
817.40000000,5.12225000,1.70409000,0.37801096,0.48418522
817.60000000,5.12225000,1.70409000,0.37810563,0.48430647
817.80000000,5.12312000,1.72230000,0.37820081,0.48442901
818.00000000,5.12262000,1.68604000,0.37829549,0.48454897
818.20000000,5.12287000,1.69696000,0.37838946,0.48466971
818.40000000,5.12287000,1.69696000,0.37848374,0.48479045
818.60000000,5.12300000,1.65820000,0.37857693,0.48490844
818.80000000,5.12325000,1.67456000,0.37866951,0.48502760
819.00000000,5.12337000,1.70019000,0.37876325,0.48514858
819.20000000,5.12337000,1.70019000,0.37885771,0.48526952
819.40000000,5.12175000,1.60332000,0.37894947,0.48538361
819.60000000,5.12312000,1.65097000,0.37903987,0.48550109
819.80000000,5.12350000,1.68489000,0.37913253,0.48562098
820.00000000,5.12237000,1.69923000,0.37922654,0.48574187
820.20000000,5.12237000,1.69923000,0.37932094,0.48586279
820.40000000,5.12337000,1.71171000,0.37941569,0.48598456
820.60000000,5.12200000,1.63670000,0.37950870,0.48610099
820.80000000,5.12300000,1.66204000,0.37960033,0.48621925
821.00000000,5.12300000,1.66204000,0.37969266,0.48633749
821.20000000,5.12237000,1.64224000,0.37978445,0.48645432
821.40000000,5.12187000,1.62758000,0.37987528,0.48657012
821.60000000,5.12300000,1.59238000,0.37996472,0.48668343
821.80000000,5.12300000,1.59238000,0.38005319,0.48679671
822.00000000,5.12225000,1.63971000,0.38014297,0.48691333
822.20000000,5.12087000,1.64204000,0.38023413,0.48703020
822.40000000,5.12437000,1.67177000,0.38032618,0.48714913
822.60000000,5.12212000,1.70163000,0.38041988,0.48727019
822.80000000,5.12212000,1.70163000,0.38051442,0.48739126
823.00000000,5.12275000,1.70012000,0.38060891,0.48751221
823.20000000,5.12250000,1.72089000,0.38070394,0.48763472
823.40000000,5.12562000,1.81417000,0.38080214,0.48776387
823.60000000,5.12562000,1.81417000,0.38090292,0.48789293
823.80000000,5.12225000,1.63561000,0.38099875,0.48800933
824.00000000,5.12362000,1.71420000,0.38109180,0.48813127
824.20000000,5.12175000,1.67174000,0.38118585,0.48825024
824.40000000,5.12387000,1.65443000,0.38127825,0.48836797
824.60000000,5.12387000,1.65443000,0.38137016,0.48848570
824.80000000,5.12350000,1.66243000,0.38146230,0.48860395
825.00000000,5.12137000,1.67244000,0.38155493,0.48872293
825.20000000,5.12200000,1.62281000,0.38164647,0.48883837
825.40000000,5.12200000,1.62281000,0.38173662,0.48895382
825.60000000,5.12200000,1.64739000,0.38182746,0.48907104
825.80000000,5.12350000,1.67680000,0.38191980,0.48919033
826.00000000,5.12200000,1.67280000,0.38201284,0.48930935
826.20000000,5.12275000,1.63961000,0.38210485,0.48942601
826.40000000,5.12275000,1.63961000,0.38219594,0.48954263
826.60000000,5.12125000,1.69558000,0.38228859,0.48966329
826.80000000,5.12387000,1.61107000,0.38238044,0.48977792
827.00000000,5.12275000,1.68166000,0.38247190,0.48989757
827.20000000,5.12275000,1.68166000,0.38256533,0.49001718
827.40000000,5.12100000,1.63568000,0.38265748,0.49013356
827.60000000,5.12312000,1.63932000,0.38274845,0.49025017
827.80000000,5.12125000,1.64566000,0.38283970,0.49036723
828.00000000,5.12187000,1.70812000,0.38293286,0.49048874
828.20000000,5.12187000,1.70812000,0.38302776,0.49061026
828.40000000,5.12187000,1.69657000,0.38312233,0.49073097
828.60000000,5.12300000,1.68486000,0.38321626,0.49085085
828.80000000,5.12275000,1.70790000,0.38331050,0.49097236
829.00000000,5.12312000,1.61907000,0.38340292,0.49108757
829.20000000,5.12312000,1.61907000,0.38349287,0.49120277
829.40000000,5.12300000,1.62771000,0.38358306,0.49131858
829.60000000,5.12275000,1.68262000,0.38367501,0.49143829
829.80000000,5.12250000,1.68409000,0.38376853,0.49155811
830.00000000,5.12250000,1.68409000,0.38386209,0.49167793
830.20000000,5.12262000,1.68380000,0.38395564,0.49179772
830.40000000,5.12250000,1.64630000,0.38404814,0.49191485
830.60000000,5.12262000,1.63926000,0.38413941,0.49203148
830.80000000,5.12275000,1.65417000,0.38423089,0.49214917
831.00000000,5.12275000,1.65417000,0.38432279,0.49226681
831.20000000,5.12050000,1.65145000,0.38441462,0.49238430
831.40000000,5.12200000,1.68787000,0.38450737,0.49250437
831.60000000,5.12250000,1.65542000,0.38460024,0.49262215
831.80000000,5.12250000,1.65542000,0.38469221,0.49273989
832.00000000,5.12112000,1.62172000,0.38478324,0.49285526
832.20000000,5.12225000,1.70054000,0.38487553,0.49297628
832.40000000,5.12387000,1.69248000,0.38496978,0.49309673
832.60000000,5.12387000,1.69248000,0.38506381,0.49321713
832.80000000,5.12187000,1.70508000,0.38515818,0.49333846
833.00000000,5.12362000,1.67161000,0.38525198,0.49345741
833.20000000,5.12350000,1.66384000,0.38534463,0.49357581
833.40000000,5.12262000,1.69052000,0.38543781,0.49369609
833.60000000,5.12262000,1.69052000,0.38553172,0.49381639
833.80000000,5.12375000,1.61811000,0.38562363,0.49393152
834.00000000,5.12287000,1.68870000,0.38571549,0.49405166
834.20000000,5.12237000,1.65398000,0.38580834,0.49416933
834.40000000,5.12237000,1.65398000,0.38590023,0.49428696
834.60000000,5.12050000,1.64649000,0.38599191,0.49440410
834.80000000,5.12237000,1.59577000,0.38608197,0.49451762
835.00000000,5.12212000,1.63696000,0.38617177,0.49463408
835.20000000,5.12212000,1.63696000,0.38626271,0.49475051
835.40000000,5.12137000,1.59094000,0.38635237,0.49486369
835.60000000,5.12200000,1.63724000,0.38644205,0.49498015
835.80000000,5.12150000,1.60313000,0.38653206,0.49509416
836.00000000,5.12050000,1.62022000,0.38662159,0.49520939
836.20000000,5.12050000,1.62022000,0.38671161,0.49532464
836.40000000,5.12137000,1.65516000,0.38680259,0.49544237
836.60000000,5.12162000,1.62364000,0.38689367,0.49555787
836.80000000,5.12187000,1.63628000,0.38698422,0.49567427
837.00000000,5.12187000,1.66918000,0.38707604,0.49579302
837.20000000,5.12187000,1.66918000,0.38716877,0.49591177
837.40000000,5.12250000,1.64640000,0.38726087,0.49602888
837.60000000,5.12125000,1.59715000,0.38735097,0.49614250
837.80000000,5.12200000,1.69088000,0.38744230,0.49626278
838.00000000,5.12200000,1.69088000,0.38753624,0.49638309
838.20000000,5.12262000,1.70284000,0.38763051,0.49650423
838.40000000,5.12237000,1.66665000,0.38772411,0.49662282
838.60000000,5.12300000,1.71587000,0.38781807,0.49674491
838.80000000,5.12300000,1.81443000,0.38791613,0.49687401
839.00000000,5.12300000,1.81443000,0.38801693,0.49700315
839.20000000,5.12450000,1.77404000,0.38811661,0.49712936
839.40000000,5.12237000,1.70003000,0.38821311,0.49725031
839.60000000,5.12237000,1.67523000,0.38830687,0.49736949
839.80000000,5.12237000,1.67523000,0.38839994,0.49748866
840.00000000,5.12162000,1.61043000,0.38849121,0.49760325
840.20000000,5.12350000,1.65779000,0.38858199,0.49772115
840.40000000,5.12050000,1.64195000,0.38867365,0.49783800
840.60000000,5.12400000,1.74352000,0.38876769,0.49796209
840.80000000,5.12400000,1.74352000,0.38886455,0.49808615
841.00000000,5.12325000,1.70166000,0.38896025,0.49820725
841.20000000,5.12400000,1.74339000,0.38905595,0.49833129
841.40000000,5.12262000,1.72092000,0.38915218,0.49845373
841.60000000,5.12262000,1.72092000,0.38924779,0.49857617
841.80000000,5.12300000,1.74076000,0.38934394,0.49870002
842.00000000,5.12237000,1.72377000,0.38944018,0.49882261
842.20000000,5.12037000,1.73427000,0.38953624,0.49894600
842.40000000,5.12287000,1.68560000,0.38963123,0.49906593
842.60000000,5.12287000,1.68560000,0.38972488,0.49918588
842.80000000,5.12350000,1.71440000,0.38981932,0.49930781
843.00000000,5.12075000,1.74342000,0.38991537,0.49943182
843.20000000,5.12137000,1.68083000,0.39001049,0.49955138
843.40000000,5.12137000,1.68083000,0.39010387,0.49967098
843.60000000,5.12337000,1.72179000,0.39019839,0.49979345
843.80000000,5.12125000,1.64201000,0.39029183,0.49991027
844.00000000,5.12237000,1.68684000,0.39038429,0.50003028
844.20000000,5.12137000,1.67110000,0.39047757,0.50014915
844.40000000,5.12137000,1.67110000,0.39057041,0.50026805
844.60000000,5.12312000,1.67235000,0.39066328,0.50038703
844.80000000,5.12237000,1.71299000,0.39075732,0.50050887
845.00000000,5.12125000,1.65523000,0.39085088,0.50062661
845.20000000,5.12125000,1.65523000,0.39094284,0.50074437
845.40000000,5.12250000,1.73740000,0.39103708,0.50086797
845.60000000,5.12225000,1.71200000,0.39113290,0.50098980
845.80000000,5.12362000,1.68198000,0.39122717,0.50110949
846.00000000,5.12362000,1.68198000,0.39132062,0.50122915
846.20000000,5.12212000,1.63881000,0.39141286,0.50134574
846.40000000,5.12250000,1.73980000,0.39150671,0.50146955
846.60000000,5.12350000,1.72556000,0.39160297,0.50159230
846.80000000,5.12187000,1.70412000,0.39169824,0.50171352
847.00000000,5.12187000,1.70412000,0.39179291,0.50183476
847.20000000,5.12212000,1.66985000,0.39188663,0.50195357
847.40000000,5.12300000,1.71200000,0.39198057,0.50207530
847.60000000,5.11937000,1.66800000,0.39207446,0.50219390
847.80000000,5.11937000,1.66800000,0.39216713,0.50231259
848.00000000,5.12337000,1.69289000,0.39226049,0.50243301
848.20000000,5.12175000,1.69395000,0.39235457,0.50255352
848.40000000,5.12212000,1.71657000,0.39244930,0.50267563
848.60000000,5.12162000,1.65632000,0.39254300,0.50279345
848.80000000,5.12162000,1.65632000,0.39263501,0.50291127
849.00000000,5.12187000,1.71139000,0.39272856,0.50303301
849.20000000,5.12175000,1.60576000,0.39282070,0.50314720
849.40000000,5.11987000,1.63865000,0.39291083,0.50326372
849.60000000,5.11987000,1.63865000,0.39300186,0.50338027
849.80000000,5.12100000,1.64886000,0.39309318,0.50349757
850.00000000,5.12212000,1.64924000,0.39318480,0.50361492
850.20000000,5.12287000,1.64633000,0.39327634,0.50373201
850.40000000,5.12087000,1.64131000,0.39336766,0.50384874
850.60000000,5.12087000,1.64131000,0.39345885,0.50396551
850.80000000,5.12212000,1.65305000,0.39355036,0.50408308
851.00000000,5.12112000,1.60857000,0.39364096,0.50419756
851.20000000,5.12387000,1.63936000,0.39373118,0.50431422
851.40000000,5.12387000,1.63936000,0.39382225,0.50443083
851.60000000,5.12150000,1.64460000,0.39391347,0.50454785
851.80000000,5.12312000,1.68566000,0.39400598,0.50466775
852.00000000,5.12112000,1.67465000,0.39409932,0.50478691
852.20000000,5.12325000,1.64003000,0.39419140,0.50490361
852.40000000,5.12325000,1.64003000,0.39428251,0.50502028
852.60000000,5.12212000,1.64592000,0.39437379,0.50513738
852.80000000,5.12225000,1.65440000,0.39446546,0.50525508
853.00000000,5.12262000,1.65232000,0.39455732,0.50537264
853.20000000,5.12262000,1.65232000,0.39464911,0.50549016
853.40000000,5.12100000,1.61638000,0.39473991,0.50560519
853.60000000,5.12362000,1.63964000,0.39483035,0.50572184
853.80000000,5.12250000,1.67356000,0.39492239,0.50584087
854.00000000,5.12087000,1.65942000,0.39501497,0.50595889
854.20000000,5.12087000,1.65942000,0.39510716,0.50607695
854.40000000,5.12237000,1.70761000,0.39520069,0.50619846
854.60000000,5.12325000,1.66976000,0.39529450,0.50631723
854.80000000,5.12175000,1.70265000,0.39538818,0.50643832
855.00000000,5.12037000,1.63433000,0.39548088,0.50655455
855.20000000,5.12037000,1.63433000,0.39557167,0.50667083
855.40000000,5.12275000,1.61558000,0.39566195,0.50678577
855.60000000,5.12225000,1.65129000,0.39575269,0.50690317
855.80000000,5.11912000,1.63699000,0.39584403,0.50701956
856.00000000,5.11912000,1.63699000,0.39593498,0.50713605
856.20000000,5.12375000,1.63939000,0.39602599,0.50725269
856.40000000,5.12237000,1.73500000,0.39611972,0.50737618
856.60000000,5.12475000,1.72409000,0.39621581,0.50749885
856.80000000,5.12275000,1.71478000,0.39631133,0.50762085
857.00000000,5.12275000,1.71478000,0.39640660,0.50774286
857.20000000,5.12312000,1.71516000,0.39650187,0.50786488
857.40000000,5.12187000,1.71155000,0.39659706,0.50798665
857.60000000,5.12287000,1.69801000,0.39669177,0.50810747
857.80000000,5.12287000,1.69801000,0.39678610,0.50822823
858.00000000,5.12062000,1.69811000,0.39688044,0.50834904
858.20000000,5.12225000,1.65628000,0.39697362,0.50846691
858.40000000,5.12412000,1.72598000,0.39706757,0.50858968
858.60000000,5.12125000,1.68912000,0.39716243,0.50870982
858.80000000,5.12125000,1.68912000,0.39725627,0.50883003
859.00000000,5.12400000,1.68620000,0.39735003,0.50894998
859.20000000,5.12162000,1.67587000,0.39744342,0.50906918
859.40000000,5.12100000,1.71984000,0.39753775,0.50919150
859.60000000,5.12100000,1.71984000,0.39763330,0.50931392
859.80000000,5.12487000,1.74691000,0.39772959,0.50943821
860.00000000,5.12275000,1.71155000,0.39782566,0.50955998
860.20000000,5.12275000,1.67068000,0.39791961,0.50967885
860.40000000,5.12175000,1.70041000,0.39801325,0.50979981
860.60000000,5.12175000,1.70041000,0.39810772,0.50992080
860.80000000,5.12300000,1.75068000,0.39820359,0.51004538
861.00000000,5.12375000,1.70828000,0.39829967,0.51016693
861.20000000,5.12287000,1.69606000,0.39839423,0.51028760
861.40000000,5.12287000,1.69606000,0.39848846,0.51040828
861.60000000,5.12275000,1.72873000,0.39858359,0.51053131
861.80000000,5.12437000,1.67526000,0.39867815,0.51065055
862.00000000,5.12437000,1.73728000,0.39877294,0.51077419
862.20000000,5.12275000,1.70076000,0.39886844,0.51089520
862.40000000,5.12275000,1.70076000,0.39896293,0.51101621
862.60000000,5.12287000,1.72188000,0.39905800,0.51113872
862.80000000,5.12287000,1.71996000,0.39915361,0.51126110
863.00000000,5.12337000,1.70700000,0.39924880,0.51138257
863.20000000,5.12337000,1.70700000,0.39934363,0.51150402
863.40000000,5.12300000,1.69331000,0.39943809,0.51162452
863.60000000,5.12362000,1.74563000,0.39953361,0.51174869
863.80000000,5.12150000,1.69987000,0.39962932,0.51186961
864.00000000,5.12150000,1.69987000,0.39972376,0.51199055
864.20000000,5.12275000,1.71632000,0.39981865,0.51211266
864.40000000,5.12237000,1.69123000,0.39991331,0.51223301
864.60000000,5.12362000,1.69500000,0.40000737,0.51235362
864.80000000,5.12325000,1.67014000,0.40010085,0.51247246
865.00000000,5.12325000,1.67014000,0.40019363,0.51259128
865.20000000,5.12225000,1.69225000,0.40028703,0.51271168
865.40000000,5.12262000,1.63056000,0.40037933,0.51282772
865.60000000,5.12400000,1.81436000,0.40047502,0.51295684
865.80000000,5.12212000,1.73740000,0.40057368,0.51308044
866.00000000,5.12212000,1.73740000,0.40067021,0.51320402
866.20000000,5.12137000,1.72182000,0.40076629,0.51332658
866.40000000,5.12487000,1.69132000,0.40086110,0.51344691
866.60000000,5.12237000,1.70736000,0.40095551,0.51356837
866.80000000,5.12237000,1.70736000,0.40105037,0.51368982
867.00000000,5.12162000,1.72489000,0.40114571,0.51381255
867.20000000,5.12262000,1.67737000,0.40124021,0.51393190
867.40000000,5.12300000,1.70515000,0.40133417,0.51405322
867.60000000,5.12300000,1.70515000,0.40142890,0.51417451
867.80000000,5.12137000,1.70387000,0.40152360,0.51429577
868.00000000,5.12387000,1.67625000,0.40161749,0.51441505
868.20000000,5.12362000,1.70896000,0.40171152,0.51453663
868.40000000,5.12250000,1.67606000,0.40180555,0.51465588
868.60000000,5.12250000,1.67606000,0.40189867,0.51477512
868.80000000,5.12212000,1.71913000,0.40199298,0.51489745
869.00000000,5.12337000,1.74681000,0.40208925,0.51502171
869.20000000,5.12212000,1.71728000,0.40218548,0.51514388
869.40000000,5.12212000,1.73654000,0.40228142,0.51526742
869.60000000,5.12212000,1.73654000,0.40237789,0.51539097
869.80000000,5.12275000,1.68003000,0.40247280,0.51551051
870.00000000,5.12300000,1.73852000,0.40256776,0.51563418
870.20000000,5.12175000,1.69737000,0.40266320,0.51575493
870.40000000,5.12175000,1.69737000,0.40275750,0.51587566
870.60000000,5.12125000,1.70553000,0.40285202,0.51599708
870.80000000,5.12587000,1.70684000,0.40294681,0.51611854
871.00000000,5.12350000,1.70864000,0.40304168,0.51624009
871.20000000,5.12200000,1.73606000,0.40313737,0.51636359
871.40000000,5.12200000,1.73606000,0.40323382,0.51648712
871.60000000,5.12312000,1.71379000,0.40332965,0.51660906
871.80000000,5.12325000,1.66720000,0.40342356,0.51672766
872.00000000,5.12175000,1.70275000,0.40351717,0.51684879
872.20000000,5.12175000,1.70275000,0.40361177,0.51696995
872.40000000,5.12312000,1.74128000,0.40370744,0.51709384
872.60000000,5.12300000,1.65228000,0.40380170,0.51721135
872.80000000,5.12050000,1.70777000,0.40389504,0.51733286
873.00000000,5.12275000,1.70076000,0.40398972,0.51745386
873.20000000,5.12275000,1.70076000,0.40408421,0.51757490
873.40000000,5.12400000,1.67446000,0.40417796,0.51769404
873.60000000,5.12287000,1.71638000,0.40427215,0.51781612
873.80000000,5.12100000,1.66870000,0.40436618,0.51793481
874.00000000,5.12100000,1.66870000,0.40445889,0.51805358
874.20000000,5.12475000,1.66144000,0.40455139,0.51817179
874.40000000,5.12287000,1.74467000,0.40464600,0.51829590
874.60000000,5.12187000,1.70748000,0.40474190,0.51841743
874.80000000,5.12462000,1.67088000,0.40483574,0.51853636
875.00000000,5.12462000,1.67088000,0.40492857,0.51865526
875.20000000,5.12350000,1.73200000,0.40502309,0.51877851
875.40000000,5.12362000,1.74806000,0.40511976,0.51890292
875.60000000,5.12412000,1.73830000,0.40521660,0.51902661
875.80000000,5.12325000,1.70400000,0.40531222,0.51914786
876.00000000,5.12325000,1.70400000,0.40540689,0.51926906
876.20000000,5.12137000,1.64342000,0.40549987,0.51938600
876.40000000,5.12337000,1.73017000,0.40559358,0.51950913
876.60000000,5.12362000,1.69420000,0.40568871,0.51962969
876.80000000,5.12362000,1.69420000,0.40578283,0.51975021
877.00000000,5.12187000,1.71740000,0.40587760,0.51987242
877.20000000,5.12375000,1.70857000,0.40597276,0.51999398
877.40000000,5.12237000,1.64992000,0.40606605,0.52011139
877.60000000,5.12362000,1.72892000,0.40615991,0.52023442
877.80000000,5.12362000,1.72892000,0.40625596,0.52035742
878.00000000,5.12212000,1.70508000,0.40635135,0.52047875
878.20000000,5.12337000,1.68678000,0.40644557,0.52059875
878.40000000,5.12250000,1.70163000,0.40653969,0.52071982
878.60000000,5.12250000,1.70163000,0.40663422,0.52084091
878.80000000,5.12350000,1.74713000,0.40673002,0.52096522
879.00000000,5.12300000,1.70560000,0.40682593,0.52108656
879.20000000,5.12212000,1.68243000,0.40692004,0.52120625
879.40000000,5.12450000,1.72172000,0.40701460,0.52132879
879.60000000,5.12450000,1.72172000,0.40711026,0.52145129
879.80000000,5.12312000,1.76921000,0.40720723,0.52157715
880.00000000,5.12200000,1.70537000,0.40730374,0.52169852
880.20000000,5.12387000,1.73424000,0.40739929,0.52182193
880.40000000,5.12387000,1.73424000,0.40749563,0.52194534
880.60000000,5.12337000,1.73187000,0.40759191,0.52206852
880.80000000,5.12112000,1.69414000,0.40768708,0.52218907
881.00000000,5.12337000,1.69100000,0.40778111,0.52230940
881.20000000,5.12337000,1.69100000,0.40787506,0.52242969
881.40000000,5.12162000,1.72236000,0.40796987,0.52255221
881.60000000,5.12187000,1.65987000,0.40806382,0.52267032
881.80000000,5.12325000,1.68672000,0.40815678,0.52279034
882.00000000,5.12325000,1.68672000,0.40825049,0.52291035
882.20000000,5.12262000,1.75772000,0.40834617,0.52303543
882.40000000,5.12362000,1.73532000,0.40844320,0.52315888
882.60000000,5.12225000,1.70630000,0.40853880,0.52328028
882.80000000,5.12237000,1.67523000,0.40863273,0.52339946
883.00000000,5.12237000,1.67523000,0.40872580,0.52351867
883.20000000,5.12337000,1.69859000,0.40881952,0.52363948
883.40000000,5.12100000,1.64467000,0.40891238,0.52375653
883.60000000,5.12412000,1.60320000,0.40900260,0.52387062
883.80000000,5.12412000,1.60320000,0.40909167,0.52398468
884.00000000,5.12237000,1.67596000,0.40918276,0.52410389
884.20000000,5.12137000,1.72956000,0.40927736,0.52422696
884.40000000,5.12337000,1.67180000,0.40937184,0.52434589
884.60000000,5.12175000,1.63564000,0.40946371,0.52446224
884.80000000,5.12175000,1.63564000,0.40955458,0.52457859
885.00000000,5.12150000,1.63881000,0.40964554,0.52469518
885.20000000,5.12262000,1.64281000,0.40973669,0.52481209
885.40000000,5.12375000,1.69401000,0.40982938,0.52493264
885.60000000,5.12187000,1.67334000,0.40992292,0.52505168
885.80000000,5.12187000,1.67334000,0.41001588,0.52517070
886.00000000,5.12100000,1.64732000,0.41010812,0.52528786
886.20000000,5.12087000,1.67881000,0.41020052,0.52540734
886.40000000,5.12437000,1.63046000,0.41029244,0.52552339
886.60000000,5.12437000,1.63046000,0.41038302,0.52563936
886.80000000,5.12137000,1.65452000,0.41047427,0.52575709
887.00000000,5.12325000,1.68569000,0.41056705,0.52587699
887.20000000,5.12112000,1.63312000,0.41065924,0.52599316
887.40000000,5.12187000,1.64880000,0.41075041,0.52611045
887.60000000,5.12187000,1.64880000,0.41084201,0.52622776
887.80000000,5.12237000,1.64662000,0.41093355,0.52634489
888.00000000,5.12175000,1.61990000,0.41102428,0.52646013
888.20000000,5.12225000,1.66761000,0.41111560,0.52657877
888.40000000,5.12225000,1.66761000,0.41120825,0.52669741
888.60000000,5.12225000,1.64009000,0.41130013,0.52681408
888.80000000,5.12187000,1.67472000,0.41139221,0.52693322
889.00000000,5.12225000,1.64556000,0.41148444,0.52705028
889.20000000,5.12187000,1.60864000,0.41157483,0.52716472
889.40000000,5.12187000,1.60864000,0.41166420,0.52727920
889.60000000,5.12412000,1.73027000,0.41175695,0.52740230
889.80000000,5.12237000,1.65942000,0.41185111,0.52752036
890.00000000,5.12250000,1.62889000,0.41194245,0.52763625
890.20000000,5.12250000,1.62889000,0.41203294,0.52775214
890.40000000,5.12250000,1.61420000,0.41212303,0.52786699
890.60000000,5.12287000,1.76249000,0.41221683,0.52799237
890.80000000,5.12212000,1.63219000,0.41231112,0.52810849
891.00000000,5.12325000,1.62492000,0.41240160,0.52822411
891.20000000,5.12325000,1.62492000,0.41249187,0.52833972
891.40000000,5.12237000,1.66176000,0.41258317,0.52845794
891.60000000,5.12250000,1.58979000,0.41267349,0.52857104
891.80000000,5.12187000,1.68009000,0.41276432,0.52869055
892.00000000,5.12237000,1.66131000,0.41285713,0.52880874
892.20000000,5.12237000,1.66131000,0.41294943,0.52892691
892.40000000,5.12112000,1.66985000,0.41304196,0.52904571
892.60000000,5.12250000,1.64185000,0.41313395,0.52916252
892.80000000,5.12275000,1.61552000,0.41322444,0.52927746
893.00000000,5.12275000,1.61552000,0.41331419,0.52939243
893.20000000,5.12375000,1.66416000,0.41340529,0.52951082
893.40000000,5.12225000,1.65504000,0.41349749,0.52962857
893.60000000,5.12262000,1.67088000,0.41358988,0.52974745
893.80000000,5.12262000,1.67088000,0.41368270,0.52986632
894.00000000,5.12225000,1.68419000,0.41377590,0.52998614
894.20000000,5.12212000,1.66499000,0.41386893,0.53010460
894.40000000,5.12275000,1.67852000,0.41396181,0.53022403
894.60000000,5.12275000,1.67852000,0.41405506,0.53034343
894.80000000,5.12200000,1.70617000,0.41414908,0.53046484
895.00000000,5.12312000,1.73289000,0.41424461,0.53058814
895.20000000,5.12300000,1.71385000,0.41434035,0.53071008
895.40000000,5.12262000,1.70483000,0.41443531,0.53083138
895.60000000,5.12262000,1.70483000,0.41453003,0.53095266
895.80000000,5.12212000,1.75033000,0.41462600,0.53107721
896.00000000,5.12362000,1.70272000,0.41472192,0.53119838
896.20000000,5.12350000,1.70787000,0.41481666,0.53131991
896.40000000,5.12350000,1.70787000,0.41491154,0.53144144
896.60000000,5.12337000,1.68044000,0.41500566,0.53156100
896.80000000,5.12262000,1.75145000,0.41510099,0.53168565
897.00000000,5.12412000,1.75347000,0.41519835,0.53181039
897.20000000,5.12225000,1.73062000,0.41529513,0.53193351
897.40000000,5.12225000,1.73062000,0.41539128,0.53205663
897.60000000,5.12225000,1.70790000,0.41548679,0.53217818
897.80000000,5.12387000,1.67843000,0.41558085,0.53229762
898.00000000,5.12387000,1.74403000,0.41567592,0.53242173
898.20000000,5.12387000,1.74403000,0.41577281,0.53254582
898.40000000,5.12262000,1.73702000,0.41586951,0.53266942
898.60000000,5.12325000,1.67750000,0.41596436,0.53278876
898.80000000,5.12250000,1.69315000,0.41605799,0.53290930
899.00000000,5.12550000,1.71696000,0.41615271,0.53303152
899.20000000,5.12550000,1.71696000,0.41624810,0.53315367
899.40000000,5.12212000,1.75651000,0.41634458,0.53327867
899.60000000,5.12400000,1.69849000,0.41644056,0.53339954
899.80000000,5.12350000,1.69814000,0.41653491,0.53352038
900.00000000,5.12350000,1.69814000,0.41662925,0.53364120
900.20000000,5.12287000,1.68966000,0.41672335,0.53376143
900.40000000,5.12325000,1.70441000,0.41681763,0.53388268
900.60000000,5.12187000,1.67123000,0.41691140,0.53400160
900.80000000,5.12350000,1.67062000,0.41700423,0.53412048
901.00000000,5.12350000,1.67062000,0.41709704,0.53423933
901.20000000,5.12212000,1.73804000,0.41719173,0.53436305
901.40000000,5.12525000,1.77936000,0.41728943,0.53448969
901.60000000,5.12425000,1.74665000,0.41738738,0.53461395
901.80000000,5.12212000,1.72291000,0.41748375,0.53473651
902.00000000,5.12212000,1.72291000,0.41757947,0.53485910
902.20000000,5.12262000,1.68019000,0.41767400,0.53497862
902.40000000,5.12200000,1.70000000,0.41776790,0.53509960
902.60000000,5.12387000,1.71478000,0.41786275,0.53522163
902.80000000,5.12387000,1.71478000,0.41795802,0.53534367
903.00000000,5.12387000,1.64716000,0.41805140,0.53546086
903.20000000,5.12250000,1.65929000,0.41814325,0.53557888
903.40000000,5.12150000,1.64128000,0.41823493,0.53569563
903.60000000,5.12087000,1.60531000,0.41832512,0.53580981
903.80000000,5.12087000,1.60531000,0.41841430,0.53592402
904.00000000,5.12275000,1.69670000,0.41850602,0.53604473
904.20000000,5.12237000,1.70633000,0.41860055,0.53616616
904.40000000,5.12362000,1.68960000,0.41869488,0.53628639
904.60000000,5.12362000,1.68960000,0.41878875,0.53640667
904.80000000,5.12562000,1.73110000,0.41888377,0.53652985
905.00000000,5.12325000,1.70371000,0.41897918,0.53665103
905.20000000,5.12125000,1.69033000,0.41907346,0.53677126
905.40000000,5.12125000,1.69033000,0.41916737,0.53689160
905.60000000,5.12575000,1.66809000,0.41926065,0.53701031
905.80000000,5.12375000,1.74115000,0.41935536,0.53713419
906.00000000,5.12262000,1.70960000,0.41945121,0.53725582
906.20000000,5.12325000,1.70406000,0.41954603,0.53737707
906.40000000,5.12325000,1.70406000,0.41964070,0.53749836
906.60000000,5.12450000,1.69612000,0.41973515,0.53761902
906.80000000,5.12225000,1.67142000,0.41982870,0.53773796
907.00000000,5.12362000,1.74419000,0.41992357,0.53786208
907.20000000,5.12437000,1.66284000,0.42001821,0.53798043
907.40000000,5.12437000,1.66284000,0.42011059,0.53809878
907.60000000,5.12450000,1.73056000,0.42020486,0.53822192
907.80000000,5.12337000,1.73104000,0.42030101,0.53834510
908.00000000,5.12462000,1.73158000,0.42039719,0.53846835
908.20000000,5.12462000,1.73158000,0.42049339,0.53859156
908.40000000,5.12325000,1.69408000,0.42058855,0.53871210
908.60000000,5.12312000,1.72300000,0.42068347,0.53883472
908.80000000,5.12375000,1.74208000,0.42077972,0.53895869
909.00000000,5.12375000,1.74208000,0.42087650,0.53908264
909.20000000,5.12312000,1.67593000,0.42097145,0.53920190
909.40000000,5.12337000,1.63910000,0.42106353,0.53931849
909.60000000,5.12150000,1.63964000,0.42115461,0.53943512
909.80000000,5.12262000,1.64422000,0.42124583,0.53955211
910.00000000,5.12262000,1.64422000,0.42133717,0.53966908
910.20000000,5.12225000,1.65296000,0.42142876,0.53978670
910.40000000,5.12337000,1.59260000,0.42151892,0.53989998
910.60000000,5.12137000,1.64828000,0.42160894,0.54001722
910.80000000,5.12137000,1.62249000,0.42169979,0.54013263
911.00000000,5.12137000,1.62249000,0.42178993,0.54024808
911.20000000,5.12325000,1.59411000,0.42187928,0.54036150
911.40000000,5.12275000,1.67427000,0.42197007,0.54048065
911.60000000,5.12387000,1.69142000,0.42206356,0.54060102
911.80000000,5.12387000,1.69142000,0.42215753,0.54072136
912.00000000,5.12275000,1.64089000,0.42225009,0.54083813
912.20000000,5.12362000,1.62684000,0.42234087,0.54095390
912.40000000,5.12362000,1.66665000,0.42243235,0.54107250
912.60000000,5.12362000,1.66665000,0.42252494,0.54119109
912.80000000,5.12312000,1.65462000,0.42261720,0.54130880
913.00000000,5.12200000,1.59168000,0.42270738,0.54142206
913.20000000,5.12337000,1.64249000,0.42279721,0.54153894
913.40000000,5.12362000,1.64800000,0.42288862,0.54165622
913.60000000,5.12362000,1.64800000,0.42298017,0.54177348
913.80000000,5.12325000,1.67606000,0.42307251,0.54189273
914.00000000,5.12262000,1.65641000,0.42316507,0.54201060
914.20000000,5.12350000,1.61939000,0.42325607,0.54212583
914.40000000,5.12350000,1.61939000,0.42334604,0.54224105
914.60000000,5.12250000,1.67532000,0.42343756,0.54236026
914.80000000,5.12337000,1.63814000,0.42352960,0.54247680
915.00000000,5.12212000,1.67945000,0.42362175,0.54259631
915.20000000,5.12375000,1.65500000,0.42371437,0.54271409
915.40000000,5.12375000,1.65500000,0.42380632,0.54283185
915.60000000,5.12312000,1.64966000,0.42389812,0.54294921
915.80000000,5.12212000,1.62828000,0.42398917,0.54306503
916.00000000,5.12150000,1.64169000,0.42408000,0.54318180
916.20000000,5.12150000,1.64169000,0.42417121,0.54329862
916.40000000,5.12337000,1.60598000,0.42426142,0.54341291
916.60000000,5.12375000,1.66012000,0.42435214,0.54353105
916.80000000,5.12362000,1.65683000,0.42444428,0.54364892
917.00000000,5.12225000,1.59088000,0.42453450,0.54376210
917.20000000,5.12225000,1.59088000,0.42462288,0.54387526
917.40000000,5.12137000,1.66688000,0.42471337,0.54399391
917.60000000,5.12500000,1.66851000,0.42480602,0.54411263
917.80000000,5.12312000,1.70896000,0.42489984,0.54423423
918.00000000,5.12250000,1.64547000,0.42499302,0.54435130
918.20000000,5.12250000,1.64547000,0.42508443,0.54446840
918.40000000,5.12400000,1.63814000,0.42517565,0.54458495
918.60000000,5.12250000,1.63555000,0.42526658,0.54470133
918.80000000,5.12362000,1.65369000,0.42535795,0.54481901
919.00000000,5.12362000,1.65369000,0.42544982,0.54493663
919.20000000,5.12112000,1.63731000,0.42554124,0.54505313
919.40000000,5.12287000,1.63737000,0.42563220,0.54516962
919.60000000,5.12225000,1.65065000,0.42572353,0.54528705
919.80000000,5.12175000,1.67030000,0.42581578,0.54540587
920.00000000,5.12175000,1.67030000,0.42590858,0.54552473
920.20000000,5.12375000,1.65600000,0.42600097,0.54564250
920.40000000,5.12062000,1.61782000,0.42609191,0.54575762
920.60000000,5.12337000,1.68739000,0.42618373,0.54587770
920.80000000,5.12337000,1.68739000,0.42627747,0.54599779
921.00000000,5.12450000,1.66809000,0.42637068,0.54611650
921.20000000,5.12387000,1.71497000,0.42646465,0.54623853
921.40000000,5.12325000,1.71084000,0.42655981,0.54636027
921.60000000,5.12187000,1.70272000,0.42665463,0.54648140
921.80000000,5.12187000,1.70272000,0.42674923,0.54660256
922.00000000,5.12337000,1.70144000,0.42684379,0.54672364
922.20000000,5.12375000,1.74147000,0.42693943,0.54684759
922.40000000,5.12450000,1.71596000,0.42703547,0.54696972
922.60000000,5.12450000,1.71596000,0.42713080,0.54709185
922.80000000,5.12450000,1.68752000,0.42722534,0.54721193
923.00000000,5.12350000,1.69731000,0.42731936,0.54733270
923.20000000,5.12300000,1.65414000,0.42741246,0.54745040
923.40000000,5.12300000,1.60409000,0.42750296,0.54756453
923.60000000,5.12300000,1.60409000,0.42759208,0.54767865
923.80000000,5.12212000,1.63961000,0.42768218,0.54779530
924.00000000,5.12262000,1.60000000,0.42777217,0.54790912
924.20000000,5.12200000,1.69504000,0.42786370,0.54802971
924.40000000,5.12200000,1.69504000,0.42795787,0.54815032
924.60000000,5.12337000,1.64118000,0.42805054,0.54826706
924.80000000,5.12150000,1.64304000,0.42814177,0.54838397
925.00000000,5.12312000,1.64809000,0.42823319,0.54850124
925.20000000,5.12312000,1.64809000,0.42832475,0.54861854
925.40000000,5.12425000,1.67088000,0.42841694,0.54873739
925.60000000,5.12137000,1.64051000,0.42850893,0.54885409
925.80000000,5.12212000,1.60179000,0.42859899,0.54896804
926.00000000,5.12212000,1.60179000,0.42868798,0.54908203
926.20000000,5.12337000,1.69100000,0.42877945,0.54920232
926.40000000,5.12212000,1.63980000,0.42887197,0.54931897
926.60000000,5.12162000,1.65296000,0.42896343,0.54943656
926.80000000,5.12225000,1.66937000,0.42905572,0.54955533
927.00000000,5.12225000,1.66937000,0.42914846,0.54967416
927.20000000,5.12512000,1.65180000,0.42924072,0.54979165
927.40000000,5.12137000,1.66460000,0.42933284,0.54991008
927.60000000,5.12262000,1.68387000,0.42942585,0.55002985
927.80000000,5.12112000,1.60281000,0.42951715,0.55014385
928.00000000,5.12112000,1.60281000,0.42960619,0.55025790
928.20000000,5.12325000,1.65587000,0.42969671,0.55037572
928.40000000,5.12287000,1.69008000,0.42978966,0.55049597
928.60000000,5.12287000,1.64566000,0.42988232,0.55061306
928.80000000,5.12287000,1.64566000,0.42997374,0.55073016
929.00000000,5.12350000,1.61683000,0.43006437,0.55084523
929.20000000,5.12400000,1.67212000,0.43015573,0.55096420
929.40000000,5.12287000,1.65766000,0.43024822,0.55108213
929.60000000,5.12225000,1.61152000,0.43033903,0.55119678
929.80000000,5.12225000,1.61152000,0.43042856,0.55131143
930.00000000,5.12225000,1.61772000,0.43051826,0.55142655
930.20000000,5.12362000,1.69619000,0.43061031,0.55154724
930.40000000,5.12337000,1.67148000,0.43070386,0.55166618
930.60000000,5.12337000,1.67148000,0.43079672,0.55178510
930.80000000,5.12225000,1.63801000,0.43088865,0.55190164
931.00000000,5.12287000,1.73372000,0.43098231,0.55202503
931.20000000,5.12437000,1.71689000,0.43107816,0.55214720
931.40000000,5.12312000,1.73513000,0.43117405,0.55227066
931.60000000,5.12312000,1.73513000,0.43127045,0.55239409
931.80000000,5.12175000,1.67382000,0.43136514,0.55251319
932.00000000,5.12337000,1.72272000,0.43145949,0.55263579
932.20000000,5.12387000,1.75276000,0.43155603,0.55276053
932.40000000,5.12387000,1.75276000,0.43165340,0.55288524
932.60000000,5.12300000,1.71804000,0.43174981,0.55300752
932.80000000,5.12450000,1.68051000,0.43184422,0.55312707
933.00000000,5.12187000,1.64368000,0.43193656,0.55324400
933.20000000,5.12200000,1.62761000,0.43202743,0.55335978
933.40000000,5.12200000,1.62761000,0.43211785,0.55347560
933.60000000,5.12337000,1.66096000,0.43220920,0.55359376
933.80000000,5.12212000,1.59945000,0.43229977,0.55370759
934.00000000,5.12387000,1.69568000,0.43239130,0.55382825
934.20000000,5.12337000,1.70937000,0.43248588,0.55394988
934.40000000,5.12337000,1.70937000,0.43258085,0.55407153
934.60000000,5.12375000,1.69897000,0.43267552,0.55419243
934.80000000,5.12387000,1.75139000,0.43277137,0.55431709
935.00000000,5.12462000,1.69065000,0.43286698,0.55443742
935.20000000,5.12462000,1.69065000,0.43296090,0.55455774
935.40000000,5.12425000,1.70684000,0.43305528,0.55467922
935.60000000,5.12437000,1.74035000,0.43315103,0.55480305
935.80000000,5.12287000,1.70291000,0.43324668,0.55492421
936.00000000,5.12287000,1.70425000,0.43334132,0.55504547
936.20000000,5.12287000,1.70425000,0.43343600,0.55516675
936.40000000,5.12375000,1.73606000,0.43353157,0.55529027
936.60000000,5.12250000,1.71539000,0.43362744,0.55541235
936.80000000,5.12400000,1.66073000,0.43372122,0.55553053
937.00000000,5.12400000,1.66073000,0.43381348,0.55564869
937.20000000,5.12262000,1.69392000,0.43390667,0.55576922
937.40000000,5.12312000,1.68966000,0.43400066,0.55588944
937.60000000,5.12275000,1.70214000,0.43409487,0.55601057
937.80000000,5.12375000,1.72969000,0.43419020,0.55613366
938.00000000,5.12375000,1.72969000,0.43428630,0.55625676
938.20000000,5.12437000,1.74704000,0.43438287,0.55638104
938.40000000,5.12175000,1.68924000,0.43447833,0.55650127
938.60000000,5.12437000,1.71897000,0.43457300,0.55662361
938.80000000,5.12437000,1.71897000,0.43466850,0.55674592
939.00000000,5.12325000,1.73084000,0.43476432,0.55686907
939.20000000,5.12275000,1.69481000,0.43485948,0.55698966
939.40000000,5.12287000,1.65104000,0.43495242,0.55710713
939.60000000,5.12262000,1.58521000,0.43504232,0.55721992
939.80000000,5.12262000,1.58521000,0.43513038,0.55733273
940.00000000,5.12375000,1.67248000,0.43522088,0.55745169
940.20000000,5.12137000,1.63430000,0.43531273,0.55756794
940.40000000,5.12362000,1.60531000,0.43540272,0.55768217
940.60000000,5.12362000,1.60531000,0.43549190,0.55779640
940.80000000,5.12325000,1.64774000,0.43558227,0.55791360
941.00000000,5.12125000,1.64198000,0.43567365,0.55803044
941.20000000,5.12337000,1.63168000,0.43576458,0.55814655
941.40000000,5.12337000,1.63168000,0.43585523,0.55826267
941.60000000,5.12400000,1.68521000,0.43594737,0.55838257
941.80000000,5.12262000,1.68108000,0.43604088,0.55850218
942.00000000,5.12287000,1.62214000,0.43613263,0.55861760
942.20000000,5.12337000,1.61692000,0.43622261,0.55873265
942.40000000,5.12337000,1.61692000,0.43631243,0.55884769
942.60000000,5.12250000,1.65660000,0.43640337,0.55896562
942.80000000,5.12537000,1.63488000,0.43649480,0.55908196
943.00000000,5.12362000,1.66614000,0.43658649,0.55920052
943.20000000,5.12362000,1.66614000,0.43667905,0.55931910
943.40000000,5.12425000,1.60236000,0.43676985,0.55943313
943.60000000,5.12375000,1.66124000,0.43686050,0.55955133
943.80000000,5.12300000,1.64102000,0.43695223,0.55966809
944.00000000,5.12275000,1.60000000,0.43704226,0.55978193
944.20000000,5.12275000,1.60000000,0.43713115,0.55989575
944.40000000,5.12212000,1.68835000,0.43722249,0.56001591
944.60000000,5.12400000,1.70806000,0.43731684,0.56013742
944.80000000,5.12212000,1.64908000,0.43741009,0.56025474
945.00000000,5.12212000,1.64908000,0.43750170,0.56037208
945.20000000,5.12337000,1.59193000,0.43759173,0.56048538
945.40000000,5.12412000,1.63484000,0.43768137,0.56060167
945.60000000,5.12162000,1.67705000,0.43777336,0.56072097
945.80000000,5.12175000,1.58761000,0.43786405,0.56083390
946.00000000,5.12175000,1.58761000,0.43795225,0.56094685
946.20000000,5.12237000,1.67452000,0.43804286,0.56106600
946.40000000,5.12300000,1.65942000,0.43813547,0.56118404
946.60000000,5.12175000,1.64393000,0.43822723,0.56130098
946.80000000,5.12175000,1.64393000,0.43831856,0.56141796
947.00000000,5.12325000,1.66486000,0.43841047,0.56153643
947.20000000,5.12337000,1.64160000,0.43850232,0.56165322
947.40000000,5.12250000,1.66902000,0.43859428,0.56177195
947.60000000,5.12212000,1.60281000,0.43868516,0.56188598
947.80000000,5.12212000,1.60281000,0.43877421,0.56199998
948.00000000,5.12125000,1.61660000,0.43886364,0.56211496
948.20000000,5.12100000,1.60633000,0.43895316,0.56222927
948.40000000,5.12337000,1.65801000,0.43904384,0.56234725
948.60000000,5.12337000,1.65801000,0.43913595,0.56246519
948.80000000,5.12150000,1.68508000,0.43922881,0.56258509
949.00000000,5.12325000,1.69206000,0.43932262,0.56270550
949.20000000,5.12362000,1.75062000,0.43941825,0.56283005
949.40000000,5.12237000,1.73161000,0.43951498,0.56295324
949.60000000,5.12237000,1.73161000,0.43961118,0.56307640
949.80000000,5.12087000,1.71923000,0.43970704,0.56319871
950.00000000,5.12250000,1.63718000,0.43980027,0.56331519
950.20000000,5.12237000,1.70566000,0.43989313,0.56343654
950.40000000,5.12237000,1.70566000,0.43998789,0.56355789
950.60000000,5.12250000,1.71782000,0.44008299,0.56368013
950.80000000,5.12375000,1.68217000,0.44017743,0.56379982
951.00000000,5.12300000,1.70697000,0.44027157,0.56392128
951.20000000,5.12312000,1.69385000,0.44036604,0.56404180
951.40000000,5.12312000,1.69385000,0.44046014,0.56416232
951.60000000,5.12287000,1.66259000,0.44055338,0.56428064
951.80000000,5.12362000,1.68585000,0.44064639,0.56440054
952.00000000,5.12087000,1.63040000,0.44073851,0.56451650
952.20000000,5.12087000,1.63040000,0.44082908,0.56463250
952.40000000,5.12262000,1.61264000,0.44091917,0.56474726
952.60000000,5.12375000,1.65568000,0.44100996,0.56486499
952.80000000,5.11962000,1.61836000,0.44110090,0.56498006
953.00000000,5.12375000,1.64755000,0.44119162,0.56509731
953.20000000,5.12375000,1.64755000,0.44128315,0.56521456
953.40000000,5.12400000,1.69856000,0.44137610,0.56533542
953.60000000,5.12312000,1.67561000,0.44146983,0.56545464
953.80000000,5.12312000,1.65552000,0.44156236,0.56557244
954.00000000,5.12312000,1.65552000,0.44165433,0.56569021
954.20000000,5.12187000,1.64998000,0.44174615,0.56580758
954.40000000,5.12187000,1.71705000,0.44183968,0.56592980
954.60000000,5.12487000,1.72627000,0.44193533,0.56605268
954.80000000,5.12487000,1.72627000,0.44203123,0.56617551
955.00000000,5.12337000,1.71283000,0.44212676,0.56629734
955.20000000,5.12112000,1.65776000,0.44222039,0.56641529
955.40000000,5.12262000,1.73824000,0.44231472,0.56653898
955.60000000,5.12350000,1.70828000,0.44241046,0.56666054
955.80000000,5.12350000,1.70828000,0.44250536,0.56678210
956.00000000,5.12350000,1.71705000,0.44260051,0.56690423
956.20000000,5.12100000,1.60710000,0.44269285,0.56701854
956.40000000,5.12137000,1.69398000,0.44278455,0.56713903
956.60000000,5.12137000,1.69398000,0.44287866,0.56725956
956.80000000,5.12300000,1.62432000,0.44297083,0.56737515
957.00000000,5.12337000,1.64092000,0.44306153,0.56749186
957.20000000,5.12112000,1.67974000,0.44315377,0.56761137
957.40000000,5.12275000,1.60448000,0.44324500,0.56772553
957.60000000,5.12275000,1.60448000,0.44333414,0.56783968
957.80000000,5.12262000,1.67059000,0.44342511,0.56795854
958.00000000,5.12262000,1.64259000,0.44351714,0.56807541
958.20000000,5.12262000,1.61004000,0.44360750,0.56818996
958.40000000,5.12262000,1.61004000,0.44369694,0.56830451
958.60000000,5.12275000,1.65804000,0.44378772,0.56842246
958.80000000,5.12200000,1.64892000,0.44387958,0.56853978
959.00000000,5.12275000,1.64032000,0.44397095,0.56865648
959.20000000,5.12237000,1.61622000,0.44406141,0.56877147
959.40000000,5.12237000,1.61622000,0.44415120,0.56888644
959.60000000,5.12175000,1.67449000,0.44424261,0.56900557
959.80000000,5.12262000,1.68409000,0.44433590,0.56912537
960.00000000,5.12175000,1.61334000,0.44442750,0.56924015
960.20000000,5.12225000,1.64003000,0.44451787,0.56935682
960.40000000,5.12225000,1.64003000,0.44460898,0.56947352
960.60000000,5.12312000,1.67865000,0.44470117,0.56959294
960.80000000,5.12212000,1.63308000,0.44479316,0.56970915
961.00000000,5.12350000,1.61734000,0.44488345,0.56982424
961.20000000,5.12350000,1.61734000,0.44497330,0.56993931
961.40000000,5.12250000,1.65155000,0.44506410,0.57005680
961.60000000,5.12225000,1.64316000,0.44515562,0.57017372
961.80000000,5.12300000,1.65795000,0.44524732,0.57029163
962.00000000,5.12062000,1.65737000,0.44533941,0.57040950
962.20000000,5.12062000,1.65737000,0.44543149,0.57052745
962.40000000,5.12387000,1.63689000,0.44552300,0.57064391
962.60000000,5.12262000,1.65715000,0.44561450,0.57076179
962.80000000,5.12162000,1.61152000,0.44570529,0.57087642
963.00000000,5.12162000,1.61152000,0.44579482,0.57099106
963.20000000,5.12187000,1.62371000,0.44588469,0.57110657
963.40000000,5.12212000,1.65539000,0.44597578,0.57122435
963.60000000,5.12287000,1.60636000,0.44606638,0.57133866
963.80000000,5.12337000,1.64556000,0.44615671,0.57145575
964.00000000,5.12337000,1.64556000,0.44624813,0.57157281
964.20000000,5.12175000,1.68000000,0.44634051,0.57169234
964.40000000,5.12250000,1.64694000,0.44643292,0.57180955
964.60000000,5.12425000,1.69500000,0.44652576,0.57193018
964.80000000,5.12425000,1.69500000,0.44661992,0.57205075
965.00000000,5.12137000,1.69462000,0.44671408,0.57217135
965.20000000,5.12412000,1.67049000,0.44680755,0.57229020
965.40000000,5.12262000,1.71766000,0.44690167,0.57241240
965.60000000,5.12225000,1.70019000,0.44699661,0.57253336
965.80000000,5.12225000,1.70019000,0.44709106,0.57265432
966.00000000,5.12262000,1.67926000,0.44718494,0.57277380
966.20000000,5.12262000,1.66083000,0.44727772,0.57289195
966.40000000,5.12225000,1.70848000,0.44737131,0.57301350
966.60000000,5.12225000,1.70848000,0.44746623,0.57313506
966.80000000,5.12300000,1.71619000,0.44756135,0.57325721
967.00000000,5.12475000,1.72960000,0.44765707,0.57338029
967.20000000,5.12350000,1.70979000,0.44775261,0.57350196
967.40000000,5.12287000,1.70492000,0.44784746,0.57362327
967.60000000,5.12287000,1.70492000,0.44794218,0.57374458
967.80000000,5.12337000,1.68192000,0.44803626,0.57386428
968.00000000,5.12387000,1.73900000,0.44813129,0.57398800
968.20000000,5.12237000,1.72377000,0.44822747,0.57411063
968.40000000,5.12237000,1.72377000,0.44832324,0.57423327
968.60000000,5.12225000,1.64284000,0.44841676,0.57435018
968.80000000,5.12400000,1.73136000,0.44851048,0.57447338
969.00000000,5.12337000,1.70873000,0.44860604,0.57459497
969.20000000,5.12337000,1.70873000,0.44870097,0.57471656
969.40000000,5.12325000,1.66464000,0.44879468,0.57483502
969.60000000,5.12375000,1.68531000,0.44888773,0.57495495
969.80000000,5.12362000,1.67401000,0.44898104,0.57507407
970.00000000,5.12362000,1.67401000,0.44907404,0.57519318
970.20000000,5.12287000,1.67865000,0.44916717,0.57531262
970.40000000,5.12300000,1.60601000,0.44925841,0.57542690
970.60000000,5.12312000,1.67456000,0.44934954,0.57554606
970.80000000,5.12362000,1.66764000,0.44944238,0.57566473
971.00000000,5.12362000,1.66764000,0.44953503,0.57578338
971.20000000,5.12262000,1.59366000,0.44962562,0.57589678
971.40000000,5.12312000,1.69555000,0.44971699,0.57601745
971.60000000,5.12425000,1.68995000,0.44981103,0.57613766
971.80000000,5.12162000,1.63795000,0.44990347,0.57625417
972.00000000,5.12162000,1.63795000,0.44999447,0.57637068
972.20000000,5.12137000,1.67241000,0.45008642,0.57648969
972.40000000,5.12350000,1.66956000,0.45017925,0.57660845
972.60000000,5.12150000,1.67020000,0.45027202,0.57672725
972.80000000,5.12150000,1.67020000,0.45036481,0.57684614
973.00000000,5.12500000,1.67027000,0.45045760,0.57696502
973.20000000,5.12450000,1.64953000,0.45054982,0.57708237
973.40000000,5.12212000,1.65548000,0.45064163,0.57720016
973.60000000,5.12287000,1.62892000,0.45073286,0.57731605
973.80000000,5.12287000,1.62892000,0.45082336,0.57743197
974.00000000,5.12375000,1.63664000,0.45091407,0.57754840
974.20000000,5.12200000,1.63913000,0.45100506,0.57766504
974.40000000,5.12325000,1.69049000,0.45109755,0.57778533
974.60000000,5.12325000,1.69049000,0.45119146,0.57790561
974.80000000,5.12325000,1.62854000,0.45128366,0.57802149
975.00000000,5.12287000,1.68425000,0.45137568,0.57814132
975.20000000,5.12262000,1.63472000,0.45146788,0.57825764
975.40000000,5.12350000,1.73190000,0.45156139,0.57838088
975.60000000,5.12350000,1.73190000,0.45165761,0.57850413
975.80000000,5.12362000,1.68508000,0.45175253,0.57862407
976.00000000,5.12487000,1.71456000,0.45184696,0.57874603
976.20000000,5.12162000,1.69891000,0.45194178,0.57886688
976.40000000,5.12162000,1.69891000,0.45203616,0.57898779
976.60000000,5.12387000,1.67731000,0.45212995,0.57910715
976.80000000,5.12375000,1.71376000,0.45222414,0.57922910
977.00000000,5.12362000,1.67200000,0.45231819,0.57934808
977.20000000,5.12350000,1.62665000,0.45240982,0.57946383
977.40000000,5.12350000,1.62665000,0.45250019,0.57957957
977.60000000,5.12300000,1.63094000,0.45259068,0.57969562
977.80000000,5.12312000,1.65900000,0.45268207,0.57981367
978.00000000,5.12325000,1.58924000,0.45277229,0.57992675
978.20000000,5.12300000,1.67299000,0.45286291,0.58004579
978.40000000,5.12300000,1.67299000,0.45295586,0.58016481
978.60000000,5.12212000,1.64464000,0.45304801,0.58028179
978.80000000,5.12137000,1.62169000,0.45313874,0.58039721
979.00000000,5.12462000,1.67993000,0.45323046,0.58051678
979.20000000,5.12462000,1.67993000,0.45332378,0.58063635
979.40000000,5.12437000,1.74716000,0.45341898,0.58076064
979.60000000,5.12200000,1.67484000,0.45351404,0.58087983
979.80000000,5.12400000,1.67955000,0.45360721,0.58099936
980.00000000,5.12425000,1.70736000,0.45370130,0.58112088
980.20000000,5.12425000,1.70736000,0.45379615,0.58124235
980.40000000,5.12237000,1.73312000,0.45389172,0.58136568
980.60000000,5.12387000,1.65494000,0.45398583,0.58148342
980.80000000,5.12250000,1.71020000,0.45407931,0.58160510
981.00000000,5.12250000,1.71020000,0.45417432,0.58172676
981.20000000,5.12200000,1.67836000,0.45426844,0.58184620
981.40000000,5.12387000,1.71609000,0.45436273,0.58196833
981.60000000,5.12425000,1.74275000,0.45445881,0.58209233
981.80000000,5.12275000,1.76179000,0.45455616,0.58221768
982.00000000,5.12275000,1.76179000,0.45465404,0.58234306
982.20000000,5.12412000,1.73017000,0.45475104,0.58246617
982.40000000,5.12312000,1.66272000,0.45484529,0.58258451
982.60000000,5.12437000,1.71926000,0.45493923,0.58270687
982.80000000,5.12437000,1.71926000,0.45503474,0.58282919
983.00000000,5.12237000,1.71984000,0.45513027,0.58295160
983.20000000,5.12475000,1.72489000,0.45522596,0.58307435
983.40000000,5.12350000,1.64742000,0.45531964,0.58319158
983.60000000,5.12350000,1.64742000,0.45541116,0.58330880
983.80000000,5.12325000,1.67184000,0.45550336,0.58342774
984.00000000,5.12225000,1.64028000,0.45559536,0.58354442
984.20000000,5.12187000,1.67030000,0.45568733,0.58366324
984.40000000,5.12175000,1.61296000,0.45577853,0.58377798
984.60000000,5.12175000,1.61296000,0.45586814,0.58389278
984.80000000,5.12450000,1.69984000,0.45596016,0.58401374
985.00000000,5.12350000,1.75491000,0.45605612,0.58413860
985.20000000,5.12262000,1.73548000,0.45615308,0.58426207
985.40000000,5.12150000,1.69987000,0.45624850,0.58438299
985.60000000,5.12150000,1.69987000,0.45634294,0.58450394
985.80000000,5.12312000,1.69404000,0.45643722,0.58462449
986.00000000,5.12350000,1.71833000,0.45653201,0.58474675
986.20000000,5.12275000,1.71782000,0.45662745,0.58486897
986.40000000,5.12275000,1.71782000,0.45672289,0.58499118
986.60000000,5.12237000,1.67644000,0.45681717,0.58511046
986.80000000,5.12287000,1.68883000,0.45691065,0.58523064
987.00000000,5.12362000,1.67161000,0.45700400,0.58534959
987.20000000,5.12250000,1.67283000,0.45709690,0.58546861
987.40000000,5.12250000,1.67283000,0.45718983,0.58558762
987.60000000,5.12250000,1.62108000,0.45728133,0.58570299
987.80000000,5.12400000,1.68067000,0.45737305,0.58582255
988.00000000,5.12187000,1.62944000,0.45746500,0.58593846
988.20000000,5.12187000,1.62944000,0.45755552,0.58605437
988.40000000,5.12150000,1.65916000,0.45764687,0.58617246
988.60000000,5.12487000,1.61075000,0.45773770,0.58628706
988.80000000,5.12237000,1.66752000,0.45782876,0.58640569
989.00000000,5.12237000,1.66752000,0.45792140,0.58652433
989.20000000,5.12262000,1.70387000,0.45801505,0.58664558
989.40000000,5.12362000,1.65756000,0.45810843,0.58676350
989.60000000,5.12200000,1.67612000,0.45820103,0.58688274
989.80000000,5.12225000,1.68825000,0.45829448,0.58700285
990.00000000,5.12225000,1.68825000,0.45838827,0.58712294
990.20000000,5.12175000,1.64304000,0.45848081,0.58723985
990.40000000,5.12312000,1.69747000,0.45857360,0.58736063
990.60000000,5.12287000,1.58521000,0.45866479,0.58747342
990.80000000,5.12287000,1.58521000,0.45875286,0.58758623
991.00000000,5.12387000,1.68137000,0.45884359,0.58770584
991.20000000,5.12187000,1.61276000,0.45893510,0.58782057
991.40000000,5.12225000,1.60435000,0.45902446,0.58793473
991.60000000,5.12325000,1.65654000,0.45911504,0.58805261
991.80000000,5.12325000,1.65654000,0.45920707,0.58817051
992.00000000,5.12462000,1.66188000,0.45929925,0.58828874
992.20000000,5.12225000,1.70940000,0.45939290,0.58841038
992.40000000,5.12337000,1.66086000,0.45948652,0.58852856
992.60000000,5.12337000,1.66086000,0.45957879,0.58864673
992.80000000,5.12287000,1.57648000,0.45966871,0.58875891
993.00000000,5.12325000,1.65750000,0.45975854,0.58887684
993.20000000,5.12287000,1.65542000,0.45985057,0.58899463
993.40000000,5.12300000,1.59600000,0.45994089,0.58910819
993.60000000,5.12300000,1.59600000,0.46002955,0.58922178
993.80000000,5.12450000,1.68160000,0.46012060,0.58934140
994.00000000,5.12162000,1.60272000,0.46021183,0.58945545
994.20000000,5.12325000,1.64678000,0.46030209,0.58957262
994.40000000,5.12387000,1.66486000,0.46039408,0.58969110
994.60000000,5.12387000,1.66486000,0.46048658,0.58980956
994.80000000,5.12287000,1.65472000,0.46057879,0.58992730
995.00000000,5.12300000,1.72499000,0.46067267,0.59005006
995.20000000,5.12412000,1.72096000,0.46076839,0.59017254
995.40000000,5.12412000,1.72096000,0.46086400,0.59029498
995.60000000,5.12250000,1.66265000,0.46095799,0.59041330
995.80000000,5.12362000,1.69001000,0.46105111,0.59053354
996.00000000,5.12262000,1.74928000,0.46114665,0.59065803
996.20000000,5.12425000,1.70816000,0.46124269,0.59077960
996.40000000,5.12425000,1.70816000,0.46133759,0.59090113
996.60000000,5.12250000,1.71990000,0.46143281,0.59102350
996.80000000,5.12275000,1.68454000,0.46152738,0.59114336
997.00000000,5.12312000,1.68192000,0.46162089,0.59126304
997.20000000,5.12312000,1.68192000,0.46171433,0.59138271
997.40000000,5.12275000,1.68457000,0.46180785,0.59150255
997.60000000,5.12212000,1.68224000,0.46190137,0.59162228
997.80000000,5.12450000,1.65555000,0.46199409,0.59174009
998.00000000,5.12375000,1.70684000,0.46208749,0.59186156
998.20000000,5.12375000,1.70684000,0.46218231,0.59198300
998.40000000,5.12287000,1.64742000,0.46227548,0.59210024
998.60000000,5.12400000,1.70665000,0.46236865,0.59222171
998.80000000,5.12437000,1.71395000,0.46246367,0.59234369
999.00000000,5.12437000,1.71395000,0.46255889,0.59246566
999.20000000,5.12362000,1.66064000,0.46265263,0.59258382
999.40000000,5.12312000,1.73811000,0.46274704,0.59270752
999.60000000,5.12400000,1.66963000,0.46284170,0.59282630
999.80000000,5.12212000,1.61632000,0.46293297,0.59294128
1000.00000000,5.12212000,1.61632000,0.46302277,0.59305630
1000.20000000,5.12350000,1.63254000,0.46311301,0.59317248
1000.40000000,5.12387000,1.62137000,0.46320340,0.59328780
1000.60000000,5.12112000,1.67638000,0.46329500,0.59340704
1000.80000000,5.12112000,1.67638000,0.46338814,0.59352629
1001.00000000,5.12175000,1.59465000,0.46347900,0.59363976
1001.20000000,5.12362000,1.65462000,0.46356926,0.59375750
1001.40000000,5.12312000,1.62192000,0.46366027,0.59387290
1001.60000000,5.12450000,1.65788000,0.46375138,0.59399090
1001.80000000,5.12450000,1.65788000,0.46384348,0.59410887
1002.00000000,5.12312000,1.63488000,0.46393495,0.59422517
1002.20000000,5.12200000,1.66345000,0.46402657,0.59434351
1002.40000000,5.12062000,1.69363000,0.46411982,0.59446396
1002.60000000,5.12062000,1.69363000,0.46421391,0.59458453
1002.80000000,5.12600000,1.69856000,0.46430814,0.59470537
1003.00000000,5.12212000,1.67830000,0.46440194,0.59482480
1003.20000000,5.12375000,1.72918000,0.46449659,0.59494786
1003.40000000,5.12125000,1.71795000,0.46459234,0.59507005
1003.60000000,5.12125000,1.71795000,0.46468779,0.59519233
1003.80000000,5.12475000,1.70032000,0.46478274,0.59531333
1004.00000000,5.12387000,1.72563000,0.46487790,0.59543615
1004.20000000,5.12437000,1.76019000,0.46497473,0.59556143
1004.40000000,5.12437000,1.76019000,0.46507252,0.59568667
1004.60000000,5.12312000,1.67200000,0.46516786,0.59580567
1004.80000000,5.12425000,1.72889000,0.46526233,0.59592868
1005.00000000,5.12275000,1.72688000,0.46535832,0.59605154
1005.20000000,5.12275000,1.72688000,0.46545426,0.59617441
1005.40000000,5.12275000,1.66761000,0.46554855,0.59629307
1005.60000000,5.12337000,1.70188000,0.46564215,0.59641418
1005.80000000,5.12362000,1.73036000,0.46573749,0.59653731
1006.00000000,5.12325000,1.72976000,0.46583360,0.59666039
1006.20000000,5.12325000,1.72976000,0.46592970,0.59678348
1006.40000000,5.12362000,1.67446000,0.46602426,0.59690261
1006.60000000,5.12225000,1.70390000,0.46611811,0.59702382
1006.80000000,5.12212000,1.70899000,0.46621291,0.59714540
1007.00000000,5.12212000,1.70899000,0.46630785,0.59726698
1007.20000000,5.12212000,1.60832000,0.46640000,0.59738140
1007.40000000,5.12225000,1.61664000,0.46648958,0.59749638
1007.60000000,5.12100000,1.63721000,0.46657997,0.59761287
1007.80000000,5.12262000,1.66176000,0.46667160,0.59773110
1008.00000000,5.12262000,1.66176000,0.46676392,0.59784935
1008.20000000,5.12362000,1.71561000,0.46685774,0.59797140
1008.40000000,5.12212000,1.68243000,0.46695213,0.59809113
1008.60000000,5.12387000,1.81219000,0.46704920,0.59822010
1008.80000000,5.12387000,1.81219000,0.46714988,0.59834912
1009.00000000,5.12637000,1.72204000,0.46724805,0.59847167
1009.20000000,5.12400000,1.78236000,0.46734540,0.59859850
1009.40000000,5.12325000,1.71257000,0.46744248,0.59872037
1009.60000000,5.12362000,1.68115000,0.46753675,0.59884000
1009.80000000,5.12362000,1.68115000,0.46763015,0.59895962
1010.00000000,5.12312000,1.66153000,0.46772300,0.59907785
1010.20000000,5.12312000,1.65152000,0.46781503,0.59919538
1010.40000000,5.12387000,1.65286000,0.46790682,0.59931300
1010.60000000,5.12350000,1.66121000,0.46799887,0.59943122
1010.80000000,5.12350000,1.66121000,0.46809116,0.59954942
1011.00000000,5.12312000,1.61977000,0.46818230,0.59966468
1011.20000000,5.12337000,1.63849000,0.46827281,0.59978127
1011.40000000,5.12362000,1.65411000,0.46836427,0.59989898
1011.60000000,5.12362000,1.65411000,0.46845616,0.60001663
1011.80000000,5.12075000,1.67452000,0.46854863,0.60013581
1012.00000000,5.12475000,1.59782000,0.46863952,0.60024949
1012.20000000,5.12262000,1.66992000,0.46873030,0.60036834
1012.40000000,5.12400000,1.65392000,0.46882262,0.60048604
1012.60000000,5.12400000,1.65392000,0.46891451,0.60060370
1012.80000000,5.12212000,1.61580000,0.46900533,0.60071870
1013.00000000,5.12437000,1.69024000,0.46909717,0.60083896
1013.20000000,5.12262000,1.61987000,0.46918912,0.60095421
1013.40000000,5.12262000,1.61987000,0.46927911,0.60106950
1013.60000000,5.12437000,1.64179000,0.46936971,0.60118632
1013.80000000,5.12337000,1.66592000,0.46946159,0.60130485
1014.00000000,5.12287000,1.65660000,0.46955388,0.60142272
1014.20000000,5.12037000,1.63001000,0.46964518,0.60153864
1014.40000000,5.12037000,1.63001000,0.46973573,0.60165464
1014.60000000,5.12375000,1.64188000,0.46982662,0.60177146
1014.80000000,5.12275000,1.62396000,0.46991734,0.60188700
1015.00000000,5.12337000,1.65612000,0.47000845,0.60200485
1015.20000000,5.12337000,1.65612000,0.47010046,0.60212269
1015.40000000,5.12300000,1.61283000,0.47019126,0.60223743
1015.60000000,5.12250000,1.64137000,0.47028166,0.60235423
1015.80000000,5.12337000,1.59526000,0.47037156,0.60246774
1016.00000000,5.12337000,1.59526000,0.47046019,0.60258125
1016.20000000,5.12287000,1.65168000,0.47055038,0.60269876
1016.40000000,5.12262000,1.63587000,0.47064170,0.60281516
1016.60000000,5.12300000,1.64934000,0.47073296,0.60293251
1016.80000000,5.12337000,1.71520000,0.47082642,0.60305456
1017.00000000,5.12337000,1.71520000,0.47092171,0.60317663
1017.20000000,5.12412000,1.75430000,0.47101808,0.60330140
1017.40000000,5.12075000,1.67964000,0.47111347,0.60342090
1017.60000000,5.12250000,1.69804000,0.47120729,0.60354171
1017.80000000,5.12250000,1.69804000,0.47130163,0.60366256
1018.00000000,5.12437000,1.73932000,0.47139711,0.60378629
1018.20000000,5.12175000,1.69875000,0.47149261,0.60390722
1018.40000000,5.12550000,1.69593000,0.47158691,0.60402795
1018.60000000,5.12550000,1.69593000,0.47168113,0.60414862
1018.80000000,5.12300000,1.75718000,0.47177705,0.60427365
1019.00000000,5.12337000,1.64998000,0.47187169,0.60439105
1019.20000000,5.12262000,1.61824000,0.47196247,0.60450616
1019.40000000,5.12187000,1.64288000,0.47205306,0.60462303
1019.60000000,5.12187000,1.64288000,0.47214433,0.60473986
1019.80000000,5.12000000,1.64563000,0.47223568,0.60485692
1020.00000000,5.12175000,1.58947000,0.47232554,0.60497001
1020.20000000,5.12250000,1.64265000,0.47241532,0.60508685
1020.40000000,5.12150000,1.64710000,0.47250671,0.60520401
1020.60000000,5.12150000,1.64710000,0.47259821,0.60532120
1020.80000000,5.12287000,1.61347000,0.47268878,0.60543599
1021.00000000,5.12212000,1.72665000,0.47278156,0.60555887
1021.20000000,5.12425000,1.69798000,0.47287669,0.60567972
1021.40000000,5.12425000,1.69798000,0.47297103,0.60580051
1021.60000000,5.12187000,1.63468000,0.47306360,0.60591682
1021.80000000,5.12287000,1.65897000,0.47315509,0.60603487
1022.00000000,5.12337000,1.62908000,0.47324642,0.60615076
1022.20000000,5.12212000,1.67094000,0.47333809,0.60626963
1022.40000000,5.12212000,1.67094000,0.47343092,0.60638854
1022.60000000,5.12350000,1.66252000,0.47352352,0.60650682
1022.80000000,5.12262000,1.58614000,0.47361376,0.60661968
1023.00000000,5.12312000,1.66195000,0.47370398,0.60673794
1023.20000000,5.12312000,1.66195000,0.47379631,0.60685620
1023.40000000,5.12362000,1.65401000,0.47388842,0.60697390
1023.60000000,5.12350000,1.56150000,0.47397774,0.60708500
1023.80000000,5.12250000,1.64582000,0.47406684,0.60720210
1024.00000000,5.12300000,1.65027000,0.47415839,0.60731952
1024.20000000,5.12300000,1.65027000,0.47425008,0.60743697
1024.40000000,5.12425000,1.62486000,0.47434105,0.60755259
1024.60000000,5.12337000,1.64646000,0.47443192,0.60766976
1024.80000000,5.12362000,1.72620000,0.47452561,0.60779260
1025.00000000,5.12362000,1.72620000,0.47462151,0.60791545
1025.20000000,5.12425000,1.71356000,0.47471706,0.60803741
1025.40000000,5.12437000,1.67564000,0.47481120,0.60815668
1025.60000000,5.12487000,1.74921000,0.47490633,0.60828115
1025.80000000,5.12337000,1.73075000,0.47500300,0.60840430
1026.00000000,5.12337000,1.73075000,0.47509915,0.60852749
1026.20000000,5.12475000,1.68646000,0.47519408,0.60864751
1026.40000000,5.12375000,1.66156000,0.47528708,0.60876575
1026.60000000,5.12362000,1.72131000,0.47538104,0.60888824
1026.80000000,5.12437000,1.70675000,0.47547627,0.60900971
1027.00000000,5.12437000,1.70675000,0.47557109,0.60913116
1027.20000000,5.12337000,1.73891000,0.47566680,0.60925488
1027.40000000,5.12275000,1.66144000,0.47576125,0.60937309
1027.60000000,5.12250000,1.70595000,0.47585479,0.60949446
1027.80000000,5.12250000,1.70595000,0.47594957,0.60961590
1028.00000000,5.12537000,1.68259000,0.47604369,0.60973561
1028.20000000,5.12287000,1.70108000,0.47613769,0.60985664
1028.40000000,5.12275000,1.70844000,0.47623239,0.60997820
1028.60000000,5.12275000,1.70844000,0.47632731,0.61009977
1028.80000000,5.12362000,1.73491000,0.47642296,0.61022326
1029.00000000,5.12475000,1.69065000,0.47651811,0.61034353
1029.20000000,5.12200000,1.71772000,0.47661279,0.61046573
1029.40000000,5.12350000,1.66348000,0.47670671,0.61058410
1029.60000000,5.12350000,1.66348000,0.47679913,0.61070247
1029.80000000,5.12337000,1.73964000,0.47689366,0.61082625
1030.00000000,5.12312000,1.71792000,0.47698970,0.61094849
1030.20000000,5.12375000,1.66918000,0.47708379,0.61106727
1030.40000000,5.12375000,1.66918000,0.47717652,0.61118605
1030.60000000,5.12325000,1.74112000,0.47727125,0.61130995
1030.80000000,5.12362000,1.71987000,0.47736739,0.61143234
1031.00000000,5.12375000,1.68745000,0.47746203,0.61155242
1031.20000000,5.12150000,1.60886000,0.47755360,0.61166686
1031.40000000,5.12150000,1.60886000,0.47764298,0.61178136
1031.60000000,5.12400000,1.75232000,0.47773635,0.61190603
1031.80000000,5.12250000,1.60630000,0.47782964,0.61202031
1032.00000000,5.12212000,1.64985000,0.47792009,0.61213768
1032.20000000,5.12212000,1.64985000,0.47801175,0.61225502
1032.40000000,5.12075000,1.64758000,0.47810334,0.61237224
1032.60000000,5.12262000,1.60902000,0.47819380,0.61248671
1032.80000000,5.12250000,1.65401000,0.47828444,0.61260439
1033.00000000,5.12250000,1.65401000,0.47837633,0.61272210
1033.20000000,5.12387000,1.66467000,0.47846852,0.61284050
1033.40000000,5.12125000,1.66441000,0.47856099,0.61295892
1033.60000000,5.12250000,1.61443000,0.47865207,0.61307380
1033.80000000,5.12337000,1.65724000,0.47874295,0.61319172
1034.00000000,5.12337000,1.65724000,0.47883502,0.61330965
1034.20000000,5.12350000,1.67356000,0.47892754,0.61342870
1034.40000000,5.12187000,1.66854000,0.47902038,0.61354742
1034.60000000,5.12275000,1.64179000,0.47911233,0.61366423
1034.80000000,5.12275000,1.64179000,0.47920354,0.61378104
1035.00000000,5.12262000,1.60025000,0.47929360,0.61389491
1035.20000000,5.12337000,1.66956000,0.47938443,0.61401366
1035.40000000,5.12112000,1.59161000,0.47947502,0.61412691
1035.60000000,5.12300000,1.63740000,0.47956471,0.61424341
1035.80000000,5.12300000,1.63740000,0.47965568,0.61435991
1036.00000000,5.12237000,1.65593000,0.47974716,0.61447768
1036.20000000,5.12100000,1.63350000,0.47983853,0.61459395
1036.40000000,5.12462000,1.63315000,0.47992927,0.61471019
1036.60000000,5.12137000,1.64582000,0.48002036,0.61482726
1036.80000000,5.12137000,1.64582000,0.48011179,0.61494436
1037.00000000,5.12312000,1.68412000,0.48020429,0.61506420
1037.20000000,5.12337000,1.66224000,0.48029724,0.61518241
1037.40000000,5.12037000,1.66108000,0.48038956,0.61530054
1037.60000000,5.12037000,1.66108000,0.48048184,0.61541878
1037.80000000,5.12487000,1.71526000,0.48057563,0.61554080
1038.00000000,5.12212000,1.59984000,0.48066771,0.61565463
1038.20000000,5.12287000,1.65276000,0.48075806,0.61577221
1038.40000000,5.12212000,1.65532000,0.48084995,0.61588997
1038.60000000,5.12212000,1.65532000,0.48094192,0.61600774
1038.80000000,5.12262000,1.60348000,0.48103244,0.61612187
1039.00000000,5.12462000,1.72256000,0.48112483,0.61624446
1039.20000000,5.12387000,1.70230000,0.48121996,0.61636560
1039.40000000,5.12387000,1.70230000,0.48131454,0.61648672
1039.60000000,5.12300000,1.72841000,0.48140983,0.61660976
1039.80000000,5.12525000,1.72329000,0.48150571,0.61673240
1040.00000000,5.12412000,1.73785000,0.48160186,0.61685609
1040.20000000,5.12437000,1.72812000,0.48169813,0.61697908
1040.40000000,5.12437000,1.72812000,0.48179414,0.61710208
1040.60000000,5.12437000,1.66134000,0.48188829,0.61722031
1040.80000000,5.12412000,1.70361000,0.48198176,0.61734150
1041.00000000,5.12175000,1.64336000,0.48207473,0.61745840
1041.20000000,5.12175000,1.64336000,0.48216603,0.61757531
1041.40000000,5.12225000,1.61820000,0.48225663,0.61769047
1041.60000000,5.12375000,1.63744000,0.48234706,0.61780699
1041.80000000,5.12350000,1.69033000,0.48243950,0.61792723
1042.00000000,5.12187000,1.62771000,0.48253167,0.61804302
1042.20000000,5.12187000,1.62771000,0.48262210,0.61815883
1042.40000000,5.12275000,1.64252000,0.48271294,0.61827571
1042.60000000,5.12325000,1.69340000,0.48280560,0.61839617
1042.80000000,5.12175000,1.61865000,0.48289760,0.61851131
1043.00000000,5.12175000,1.61865000,0.48298753,0.61862653
1043.20000000,5.12500000,1.66732000,0.48307881,0.61874518
1043.40000000,5.12387000,1.69667000,0.48317225,0.61886589
1043.60000000,5.12212000,1.69648000,0.48326650,0.61898657
1043.80000000,5.12387000,1.68694000,0.48336049,0.61910662
1044.00000000,5.12387000,1.68694000,0.48345421,0.61922667
1044.20000000,5.12350000,1.66915000,0.48354743,0.61934541
1044.40000000,5.12212000,1.66771000,0.48364012,0.61946412
1044.60000000,5.12500000,1.68230000,0.48373318,0.61958387
1044.80000000,5.12500000,1.68230000,0.48382664,0.61970359
1045.00000000,5.12412000,1.67481000,0.48391989,0.61982274
1045.20000000,5.12225000,1.62524000,0.48401156,0.61993841
1045.40000000,5.12437000,1.66883000,0.48410306,0.62005719
1045.60000000,5.12325000,1.65324000,0.48419534,0.62017483
1045.80000000,5.12325000,1.65324000,0.48428719,0.62029246
1046.00000000,5.12312000,1.67600000,0.48437967,0.62041173
1046.20000000,5.12362000,1.68086000,0.48447291,0.62053134
1046.40000000,5.12212000,1.66969000,0.48456598,0.62065012
1046.60000000,5.12212000,1.66969000,0.48465875,0.62076900
1046.80000000,5.12600000,1.69881000,0.48475231,0.62088988
1047.00000000,5.12337000,1.70956000,0.48484699,0.62101154
1047.20000000,5.12375000,1.71721000,0.48494218,0.62113374
1047.40000000,5.12375000,1.71721000,0.48503758,0.62125594
1047.60000000,5.12375000,1.68592000,0.48513211,0.62137589
1047.80000000,5.12262000,1.62841000,0.48522418,0.62149176
1048.00000000,5.12300000,1.68960000,0.48531634,0.62161200
1048.20000000,5.12387000,1.70160000,0.48541054,0.62173309
1048.40000000,5.12387000,1.70160000,0.48550508,0.62185415
1048.60000000,5.12250000,1.75504000,0.48560109,0.62197904
1048.80000000,5.12337000,1.71840000,0.48569758,0.62210136
1049.00000000,5.12525000,1.71657000,0.48579299,0.62222355
1049.20000000,5.12525000,1.71657000,0.48588836,0.62234569
1049.40000000,5.12275000,1.71641000,0.48598372,0.62246782
1049.60000000,5.12350000,1.62691000,0.48607659,0.62258359
1049.80000000,5.12337000,1.67702000,0.48616837,0.62270291
1050.00000000,5.12275000,1.65692000,0.48626098,0.62282080
1050.20000000,5.12275000,1.65692000,0.48635303,0.62293866
1050.40000000,5.12137000,1.67603000,0.48644561,0.62305794
1050.60000000,5.12412000,1.60304000,0.48653669,0.62317202
1050.80000000,5.12387000,1.66838000,0.48662757,0.62329075
1051.00000000,5.12387000,1.66838000,0.48672025,0.62340945
1051.20000000,5.12287000,1.69987000,0.48681382,0.62353042
1051.40000000,5.12362000,1.68675000,0.48690789,0.62365049
1051.60000000,5.12537000,1.68054000,0.48700143,0.62377008
1051.80000000,5.12337000,1.67817000,0.48709472,0.62388949
1052.00000000,5.12337000,1.67817000,0.48718795,0.62400890
1052.20000000,5.12300000,1.69875000,0.48728176,0.62412979
1052.40000000,5.12387000,1.68297000,0.48737569,0.62424955
1052.60000000,5.12350000,1.64076000,0.48746802,0.62436630
1052.80000000,5.12350000,1.64076000,0.48755917,0.62448305
1053.00000000,5.12287000,1.67625000,0.48765131,0.62460232
1053.20000000,5.12325000,1.68537000,0.48774469,0.62472227
1053.40000000,5.12437000,1.64729000,0.48783727,0.62483948
1053.60000000,5.12287000,1.68729000,0.48792989,0.62495953
1053.80000000,5.12287000,1.68729000,0.48802363,0.62507961
1054.00000000,5.12412000,1.67155000,0.48811693,0.62519854
1054.20000000,5.12250000,1.64166000,0.48820897,0.62531535
1054.40000000,5.12337000,1.68380000,0.48830134,0.62543517
1054.60000000,5.12362000,1.67126000,0.48839454,0.62555410
1054.80000000,5.12362000,1.67126000,0.48848738,0.62567302
1055.00000000,5.12325000,1.63897000,0.48857933,0.62578963
1055.20000000,5.12262000,1.60768000,0.48866952,0.62590400
1055.40000000,5.12200000,1.68867000,0.48876108,0.62602413
1055.60000000,5.12200000,1.68867000,0.48885490,0.62614430
1055.80000000,5.12375000,1.72691000,0.48894978,0.62626717
1056.00000000,5.12287000,1.66505000,0.48904400,0.62638565
1056.20000000,5.12325000,1.65164000,0.48913613,0.62650318
1056.40000000,5.12350000,1.70761000,0.48922944,0.62662470
1056.60000000,5.12350000,1.70761000,0.48932431,0.62674622
1056.80000000,5.12400000,1.70377000,0.48941907,0.62686746
1057.00000000,5.12350000,1.71200000,0.48951395,0.62698927
1057.20000000,5.12300000,1.64051000,0.48960708,0.62710600
1057.40000000,5.12300000,1.64051000,0.48969822,0.62722274
1057.60000000,5.12337000,1.65987000,0.48978989,0.62734084
1057.80000000,5.12312000,1.66883000,0.48988236,0.62745957
1058.00000000,5.12225000,1.64524000,0.48997441,0.62757661
1058.20000000,5.12400000,1.68374000,0.49006689,0.62769644
1058.40000000,5.12400000,1.68374000,0.49016043,0.62781626
1058.60000000,5.12375000,1.65075000,0.49025305,0.62793369
1058.80000000,5.12200000,1.65532000,0.49034489,0.62805150
1059.00000000,5.12425000,1.63360000,0.49043625,0.62816777
1059.20000000,5.12425000,1.63360000,0.49052700,0.62828401
1059.40000000,5.12325000,1.65318000,0.49061830,0.62840164
1059.60000000,5.12337000,1.66899000,0.49071058,0.62852037
1059.80000000,5.12200000,1.66345000,0.49080315,0.62863871
1060.00000000,5.12487000,1.66595000,0.49089563,0.62875729
1060.20000000,5.12487000,1.66595000,0.49098819,0.62887581
1060.40000000,5.12212000,1.61673000,0.49107937,0.62899085
1060.60000000,5.12325000,1.68163000,0.49117099,0.62911051
1060.80000000,5.12387000,1.66979000,0.49126409,0.62922934
1061.00000000,5.12387000,1.66979000,0.49135685,0.62934813
1061.20000000,5.12250000,1.60051000,0.49144770,0.62946204
1061.40000000,5.12412000,1.63676000,0.49153762,0.62957851
1061.60000000,5.12350000,1.65590000,0.49162908,0.62969635
1061.80000000,5.12350000,1.65590000,0.49172108,0.62981418
1062.00000000,5.12362000,1.66572000,0.49181335,0.62993270
1062.20000000,5.12287000,1.59344000,0.49190388,0.63004606
1062.40000000,5.12237000,1.66825000,0.49199448,0.63016475
1062.60000000,5.12262000,1.61641000,0.49208572,0.63027976
1062.80000000,5.12262000,1.61641000,0.49217552,0.63039480
1063.00000000,5.12437000,1.63260000,0.49226577,0.63051097
1063.20000000,5.12337000,1.65222000,0.49235702,0.63062851
1063.40000000,5.12212000,1.59577000,0.49244724,0.63074204
1063.60000000,5.12212000,1.59577000,0.49253589,0.63085561
1063.80000000,5.12450000,1.69526000,0.49262731,0.63097625
1064.00000000,5.12350000,1.63792000,0.49271990,0.63109278
1064.20000000,5.12237000,1.65532000,0.49281138,0.63121055
1064.40000000,5.12262000,1.61273000,0.49290216,0.63132529
1064.60000000,5.12262000,1.61273000,0.49299175,0.63144003
1064.80000000,5.12262000,1.63417000,0.49308194,0.63155629
1065.00000000,5.12237000,1.59324000,0.49317159,0.63166968
1065.20000000,5.12412000,1.66326000,0.49326205,0.63178805
1065.40000000,5.12412000,1.66326000,0.49335446,0.63190642
1065.60000000,5.12400000,1.70460000,0.49344801,0.63202774
1065.80000000,5.12412000,1.67046000,0.49354176,0.63214662
1066.00000000,5.12412000,1.67689000,0.49363474,0.63226596
1066.20000000,5.12400000,1.64060000,0.49372689,0.63238271
1066.40000000,5.12400000,1.64060000,0.49381804,0.63249945
1066.60000000,5.12312000,1.65782000,0.49390966,0.63261739
1066.80000000,5.12225000,1.63296000,0.49400107,0.63273359
1067.00000000,5.12337000,1.68230000,0.49409316,0.63285330
1067.20000000,5.12337000,1.68230000,0.49418662,0.63297298
1067.40000000,5.12225000,1.60953000,0.49427806,0.63308751
1067.60000000,5.12350000,1.67817000,0.49436939,0.63320695
1067.80000000,5.12412000,1.67244000,0.49446246,0.63332596
1068.00000000,5.12362000,1.62764000,0.49455413,0.63344179
1068.20000000,5.12362000,1.62764000,0.49464455,0.63355759
1068.40000000,5.12275000,1.65305000,0.49473568,0.63367519
1068.60000000,5.12212000,1.65824000,0.49482766,0.63379320
1068.80000000,5.12387000,1.63724000,0.49491921,0.63390971
1069.00000000,5.12400000,1.69561000,0.49501178,0.63403038
1069.20000000,5.12400000,1.69561000,0.49510598,0.63415102
1069.40000000,5.12250000,1.62022000,0.49519809,0.63426631
1069.60000000,5.12337000,1.59158000,0.49528731,0.63437956
1069.80000000,5.12337000,1.66364000,0.49537773,0.63449794
1070.00000000,5.12337000,1.66364000,0.49547016,0.63461630
1070.20000000,5.12225000,1.62726000,0.49556157,0.63473211
1070.40000000,5.12425000,1.64688000,0.49565252,0.63484930
1070.60000000,5.12337000,1.68358000,0.49574503,0.63496912
1070.80000000,5.12412000,1.69347000,0.49583884,0.63508964
1071.00000000,5.12412000,1.69347000,0.49593292,0.63521018
1071.20000000,5.12487000,1.64809000,0.49602574,0.63532747
1071.40000000,5.12412000,1.67785000,0.49611813,0.63544681
1071.60000000,5.12125000,1.67760000,0.49621133,0.63556614
1071.80000000,5.12125000,1.67760000,0.49630453,0.63568555
1072.00000000,5.12500000,1.67792000,0.49639774,0.63580496
1072.20000000,5.12375000,1.65558000,0.49649034,0.63592272
1072.40000000,5.12162000,1.64848000,0.49658212,0.63604004
1072.60000000,5.12412000,1.67561000,0.49667446,0.63615929
1072.80000000,5.12412000,1.67561000,0.49676754,0.63627853
1073.00000000,5.12337000,1.60198000,0.49685859,0.63639254
1073.20000000,5.12412000,1.67126000,0.49694951,0.63651145
1073.40000000,5.12275000,1.64617000,0.49704166,0.63662857
1073.60000000,5.12275000,1.64617000,0.49713312,0.63674575
1073.80000000,5.12525000,1.61987000,0.49722384,0.63686101
1074.00000000,5.12300000,1.68928000,0.49731576,0.63698122
1074.20000000,5.12362000,1.65827000,0.49740875,0.63709921
1074.40000000,5.12312000,1.65990000,0.49750092,0.63721732
1074.60000000,5.12312000,1.65990000,0.49759314,0.63733541
1074.80000000,5.12200000,1.58710000,0.49768333,0.63744831
1075.00000000,5.12200000,1.64867000,0.49777321,0.63756565
1075.20000000,5.12437000,1.67603000,0.49786557,0.63768494
1075.40000000,5.12300000,1.69379000,0.49795917,0.63780545
1075.60000000,5.12300000,1.69379000,0.49805327,0.63792598
1075.80000000,5.12350000,1.63824000,0.49814583,0.63804253
1076.00000000,5.12225000,1.64553000,0.49823704,0.63815960
1076.20000000,5.12362000,1.68998000,0.49832970,0.63827986
1076.40000000,5.12362000,1.68998000,0.49842359,0.63840012
1076.60000000,5.12350000,1.69939000,0.49851773,0.63852105
1076.80000000,5.12375000,1.63100000,0.49861025,0.63863711
1077.00000000,5.12350000,1.68646000,0.49870240,0.63875712
1077.20000000,5.12350000,1.68646000,0.49879609,0.63887714
1077.40000000,5.12400000,1.66339000,0.49888914,0.63899549
1077.60000000,5.12287000,1.64032000,0.49898091,0.63911220
1077.80000000,5.12287000,1.69779000,0.49907364,0.63923300
1078.00000000,5.12287000,1.69779000,0.49916796,0.63935379
1078.20000000,5.12250000,1.65932000,0.49926121,0.63947188
1078.40000000,5.12400000,1.65494000,0.49935327,0.63958965
1078.60000000,5.12362000,1.66105000,0.49944538,0.63970785
1078.80000000,5.12475000,1.68515000,0.49953833,0.63982780
1079.00000000,5.12475000,1.68515000,0.49963195,0.63994773
1079.20000000,5.12412000,1.65824000,0.49972483,0.64006573
1079.40000000,5.12350000,1.62886000,0.49981613,0.64018164
1079.60000000,5.12387000,1.73744000,0.49990964,0.64030529
1079.80000000,5.12387000,1.73744000,0.50000617,0.64042893
1080.00000000,5.12362000,1.63670000,0.50009989,0.64054538
1080.20000000,5.12300000,1.66038000,0.50019148,0.64066350
1080.40000000,5.12175000,1.60496000,0.50028218,0.64077771
1080.60000000,5.12400000,1.65446000,0.50037272,0.64089546
1080.80000000,5.12400000,1.65446000,0.50046464,0.64101319
1081.00000000,5.12350000,1.65072000,0.50055645,0.64113064
1081.20000000,5.12312000,1.59900000,0.50064672,0.64124442
1081.40000000,5.12312000,1.62992000,0.50073641,0.64136040
1081.60000000,5.12312000,1.62992000,0.50082696,0.64147635
1081.80000000,5.12200000,1.62992000,0.50091751,0.64159234
1082.00000000,5.12387000,1.61571000,0.50100767,0.64170731
1082.20000000,5.12337000,1.64547000,0.50109826,0.64182440
1082.40000000,5.12337000,1.65574000,0.50118996,0.64194222
1082.60000000,5.12337000,1.65574000,0.50128194,0.64206003
1082.80000000,5.12312000,1.62608000,0.50137310,0.64217575
1083.00000000,5.12400000,1.70246000,0.50146556,0.64229691
1083.20000000,5.12400000,1.66272000,0.50155904,0.64241524
1083.40000000,5.12400000,1.66272000,0.50165141,0.64253355
1083.60000000,5.12287000,1.69392000,0.50174465,0.64265406
1083.80000000,5.12262000,1.70998000,0.50183921,0.64277575
1084.00000000,5.12362000,1.63862000,0.50193222,0.64289236
1084.20000000,5.12400000,1.69792000,0.50202490,0.64301320
1084.40000000,5.12400000,1.69792000,0.50211923,0.64313399
1084.60000000,5.12225000,1.67593000,0.50221295,0.64325321
1084.80000000,5.12187000,1.64656000,0.50230524,0.64337039
1085.00000000,5.12387000,1.69324000,0.50239801,0.64349089
1085.20000000,5.12387000,1.69324000,0.50249208,0.64361138
1085.40000000,5.12337000,1.68499000,0.50258592,0.64373126
1085.60000000,5.12262000,1.65612000,0.50267873,0.64384912
1085.80000000,5.12375000,1.69155000,0.50277172,0.64396947
1086.00000000,5.12275000,1.68771000,0.50286559,0.64408955
1086.20000000,5.12275000,1.68771000,0.50295935,0.64420965
1086.40000000,5.12375000,1.61305000,0.50305104,0.64432443
1086.60000000,5.12337000,1.65481000,0.50314181,0.64444220
1086.80000000,5.12400000,1.66454000,0.50323402,0.64456066
1087.00000000,5.12400000,1.66454000,0.50332649,0.64467911
1087.20000000,5.12375000,1.62489000,0.50341787,0.64479473
1087.40000000,5.12287000,1.67132000,0.50350943,0.64491365
1087.60000000,5.12312000,1.65686000,0.50360188,0.64503154
1087.80000000,5.12312000,1.65612000,0.50369390,0.64514938
1088.00000000,5.12312000,1.65612000,0.50378591,0.64526724
1088.20000000,5.12375000,1.66352000,0.50387812,0.64538560
1088.40000000,5.12287000,1.69561000,0.50397143,0.64550625
1088.60000000,5.12337000,1.63110000,0.50406384,0.64562232
1088.80000000,5.12337000,1.63110000,0.50415446,0.64573836
1089.00000000,5.12250000,1.68924000,0.50424669,0.64585859
1089.20000000,5.12437000,1.71750000,0.50434132,0.64598074
1089.40000000,5.12087000,1.66012000,0.50443514,0.64609882
1089.60000000,5.12087000,1.66012000,0.50452737,0.64621696
1089.80000000,5.12400000,1.65472000,0.50461945,0.64633470
1090.00000000,5.12312000,1.69094000,0.50471239,0.64645502
1090.20000000,5.12312000,1.66144000,0.50480551,0.64657325
1090.40000000,5.12375000,1.64553000,0.50489737,0.64669036
1090.60000000,5.12375000,1.64553000,0.50498879,0.64680744
1090.80000000,5.12312000,1.68172000,0.50508121,0.64692715
1091.00000000,5.12512000,1.63942000,0.50517346,0.64704379
1091.20000000,5.12250000,1.69686000,0.50526614,0.64716451
1091.40000000,5.12250000,1.69686000,0.50536041,0.64728523
1091.60000000,5.12225000,1.69161000,0.50545453,0.64740561
1091.80000000,5.12362000,1.68617000,0.50554836,0.64752557
1092.00000000,5.12250000,1.58963000,0.50563935,0.64763869
1092.20000000,5.12325000,1.64224000,0.50572913,0.64775554
1092.40000000,5.12325000,1.64224000,0.50582036,0.64787235
1092.60000000,5.12125000,1.67315000,0.50591246,0.64799138
1092.80000000,5.12200000,1.62220000,0.50600400,0.64810684
1093.00000000,5.12487000,1.63769000,0.50609455,0.64822341
1093.20000000,5.12487000,1.63769000,0.50618553,0.64833995
1093.40000000,5.12350000,1.66684000,0.50627732,0.64845855
1093.60000000,5.12287000,1.67526000,0.50637016,0.64857771
1093.80000000,5.12137000,1.59356000,0.50646096,0.64869113
1094.00000000,5.12437000,1.66332000,0.50655143,0.64880951
1094.20000000,5.12437000,1.66332000,0.50664384,0.64892787
1094.40000000,5.12350000,1.66089000,0.50673617,0.64904605
1094.60000000,5.12325000,1.65273000,0.50682822,0.64916361
1094.80000000,5.12125000,1.63254000,0.50691948,0.64927973
1095.00000000,5.12125000,1.63254000,0.50701017,0.64939593
1095.20000000,5.12512000,1.69238000,0.50710253,0.64951634
1095.40000000,5.12237000,1.64108000,0.50719513,0.64963311
1095.60000000,5.12325000,1.63168000,0.50728604,0.64974918
1095.80000000,5.12175000,1.67241000,0.50737782,0.64986815
1096.00000000,5.12175000,1.67241000,0.50747073,0.64998719
1096.20000000,5.12487000,1.66704000,0.50756349,0.65010575
1096.40000000,5.12087000,1.59734000,0.50765417,0.65021942
1096.60000000,5.12362000,1.64550000,0.50774425,0.65033652
1096.80000000,5.12362000,1.64550000,0.50783567,0.65045361
1097.00000000,5.12362000,1.66323000,0.50792758,0.65057199
1097.20000000,5.12425000,1.63129000,0.50801909,0.65068808
1097.40000000,5.12400000,1.67216000,0.50811085,0.65080705
1097.60000000,5.12250000,1.72108000,0.50820511,0.65092950
1097.80000000,5.12250000,1.72108000,0.50830072,0.65105199
1098.00000000,5.12450000,1.63113000,0.50839384,0.65116803
1098.20000000,5.12225000,1.62857000,0.50848439,0.65128393
1098.40000000,5.12400000,1.65574000,0.50857562,0.65140177
1098.60000000,5.12400000,1.65574000,0.50866761,0.65151958
1098.80000000,5.12312000,1.67091000,0.50876001,0.65163846
1099.00000000,5.12262000,1.67251000,0.50885288,0.65175747
1099.20000000,5.12325000,1.59657000,0.50894369,0.65187106
1099.40000000,5.12250000,1.64723000,0.50903380,0.65198825
1099.60000000,5.12250000,1.64723000,0.50912531,0.65210544
1099.80000000,5.12237000,1.61072000,0.50921581,0.65222007
1100.00000000,5.12400000,1.65273000,0.50930646,0.65233769
1100.20000000,5.12375000,1.64412000,0.50939804,0.65245469
1100.40000000,5.12362000,1.60512000,0.50948830,0.65256891
1100.60000000,5.12362000,1.60512000,0.50957747,0.65268314
1100.80000000,5.12387000,1.66908000,0.50966842,0.65280194
1101.00000000,5.12462000,1.66352000,0.50976099,0.65292034
1101.20000000,5.12437000,1.65635000,0.50985321,0.65303822
1101.40000000,5.12437000,1.65635000,0.50994523,0.65315607
1101.60000000,5.12262000,1.61843000,0.51003620,0.65327124
1101.80000000,5.12375000,1.65833000,0.51012722,0.65338927
1102.00000000,5.12462000,1.65321000,0.51021920,0.65350694
1102.20000000,5.12462000,1.65321000,0.51031105,0.65362454
1102.40000000,5.12150000,1.62384000,0.51040208,0.65374013
1102.60000000,5.12550000,1.70243000,0.51049448,0.65386133
1102.80000000,5.12562000,1.63968000,0.51058731,0.65397806
1103.00000000,5.12562000,1.63968000,0.51067841,0.65409473
1103.20000000,5.12325000,1.65504000,0.51076993,0.65421250
1103.40000000,5.12337000,1.66848000,0.51086225,0.65433124
1103.60000000,5.12400000,1.65100000,0.51095445,0.65444867
1103.80000000,5.12137000,1.59779000,0.51104470,0.65456233
1104.00000000,5.12137000,1.59779000,0.51113346,0.65467603
1104.20000000,5.12375000,1.65462000,0.51122381,0.65479378
1104.40000000,5.12375000,1.66787000,0.51131610,0.65491246
1104.60000000,5.12325000,1.61273000,0.51140723,0.65502721
1104.80000000,5.12300000,1.66752000,0.51149835,0.65514586
1105.00000000,5.12300000,1.66752000,0.51159099,0.65526452
1105.20000000,5.12337000,1.64195000,0.51168291,0.65538135
1105.40000000,5.12300000,1.65238000,0.51177442,0.65549894
1105.60000000,5.12375000,1.63200000,0.51186566,0.65561507
1105.80000000,5.12375000,1.63200000,0.51195632,0.65573119
1106.00000000,5.12287000,1.64956000,0.51204748,0.65584857
1106.20000000,5.12312000,1.58972000,0.51213746,0.65596169
1106.40000000,5.12337000,1.63872000,0.51222714,0.65607830
1106.60000000,5.12337000,1.63872000,0.51231818,0.65619491
1106.80000000,5.12350000,1.65404000,0.51240964,0.65631257
1107.00000000,5.12200000,1.61449000,0.51250043,0.65642748
1107.20000000,5.12437000,1.64377000,0.51259094,0.65654442
1107.40000000,5.12212000,1.62649000,0.51268178,0.65666013
1107.60000000,5.12212000,1.62649000,0.51277214,0.65677586
1107.80000000,5.12312000,1.65049000,0.51286317,0.65689330
1108.00000000,5.12325000,1.64774000,0.51295479,0.65701053
1108.20000000,5.12250000,1.64617000,0.51304629,0.65712765
1108.40000000,5.12337000,1.60864000,0.51313670,0.65724212
1108.60000000,5.12337000,1.60864000,0.51322607,0.65735656
1108.80000000,5.12225000,1.66291000,0.51331694,0.65747490
1109.00000000,5.12375000,1.67372000,0.51340963,0.65759398
1109.20000000,5.12287000,1.65718000,0.51350215,0.65771189
1109.40000000,5.12287000,1.65718000,0.51359422,0.65782976
1109.60000000,5.12112000,1.65977000,0.51368635,0.65794793
1109.80000000,5.12587000,1.60192000,0.51377696,0.65806191
1110.00000000,5.12300000,1.66246000,0.51386763,0.65818020
1110.20000000,5.12325000,1.60515000,0.51395840,0.65829442
1110.40000000,5.12325000,1.60515000,0.51404758,0.65840865
1110.60000000,5.12400000,1.66726000,0.51413848,0.65852727
1110.80000000,5.12262000,1.68940000,0.51423172,0.65864741
1111.00000000,5.12000000,1.70246000,0.51432594,0.65876847
1111.20000000,5.12000000,1.70246000,0.51442052,0.65888966
1111.40000000,5.12500000,1.67443000,0.51451432,0.65900882
1111.60000000,5.12412000,1.71468000,0.51460846,0.65913082
1111.80000000,5.12275000,1.68774000,0.51470297,0.65925090
1112.00000000,5.12287000,1.61932000,0.51479484,0.65936612
1112.20000000,5.12287000,1.61932000,0.51488480,0.65948137
1112.40000000,5.12425000,1.71372000,0.51497738,0.65960334
1112.60000000,5.12437000,1.72720000,0.51507296,0.65972623
1112.80000000,5.12287000,1.69612000,0.51516806,0.65984691
1113.00000000,5.12287000,1.69612000,0.51526228,0.65996762
1113.20000000,5.12412000,1.69033000,0.51535635,0.66008788
1113.40000000,5.12262000,1.66336000,0.51544951,0.66020621
1113.60000000,5.12187000,1.67113000,0.51554213,0.66032509
1113.80000000,5.12362000,1.73126000,0.51563665,0.66044829
1114.00000000,5.12362000,1.73126000,0.51573283,0.66057148
1114.20000000,5.12337000,1.75254000,0.51582960,0.66069621
1114.40000000,5.12437000,1.65462000,0.51592424,0.66081396
1114.60000000,5.12362000,1.70576000,0.51601759,0.66093534
1114.80000000,5.12362000,1.70576000,0.51611235,0.66105673
1115.00000000,5.12375000,1.69024000,0.51620668,0.66117700
1115.20000000,5.12350000,1.71260000,0.51630121,0.66129885
1115.40000000,5.12250000,1.65027000,0.51639462,0.66141626
1115.60000000,5.12400000,1.60214000,0.51648497,0.66153028
1115.80000000,5.12400000,1.60214000,0.51657397,0.66164424
1116.00000000,5.12150000,1.64592000,0.51666420,0.66176134
1116.20000000,5.12225000,1.63993000,0.51675547,0.66187799
1116.40000000,5.12162000,1.65961000,0.51684712,0.66199604
1116.60000000,5.12162000,1.65961000,0.51693932,0.66211416
1116.80000000,5.12412000,1.66793000,0.51703176,0.66223286
1117.00000000,5.12425000,1.72652000,0.51712605,0.66235571
1117.20000000,5.12325000,1.68937000,0.51722093,0.66247592
1117.40000000,5.12325000,1.68937000,0.51731479,0.66259610
1117.60000000,5.12162000,1.68931000,0.51740864,0.66271630
1117.80000000,5.12325000,1.71321000,0.51750315,0.66283823
1118.00000000,5.12437000,1.63625000,0.51759619,0.66295468
1118.20000000,5.12387000,1.68566000,0.51768847,0.66307464
1118.40000000,5.12387000,1.68566000,0.51778212,0.66319457
1118.60000000,5.12287000,1.68985000,0.51787588,0.66331481
1118.80000000,5.12300000,1.68227000,0.51796955,0.66343454
1119.00000000,5.12425000,1.68118000,0.51806298,0.66355419
1119.20000000,5.12250000,1.59923000,0.51815410,0.66366797
1119.40000000,5.12250000,1.59923000,0.51824295,0.66378175
1119.60000000,5.12262000,1.64147000,0.51833297,0.66389856
1119.80000000,5.12400000,1.61155000,0.51842333,0.66401322
1120.00000000,5.12262000,1.66787000,0.51851442,0.66413189
1120.20000000,5.12262000,1.66787000,0.51860708,0.66425057
1120.40000000,5.12325000,1.68835000,0.51870031,0.66437071
1120.60000000,5.12350000,1.61686000,0.51879212,0.66448578
1120.80000000,5.12425000,1.65862000,0.51888311,0.66460383
1121.00000000,5.12425000,1.65862000,0.51897526,0.66472185
1121.20000000,5.12325000,1.65081000,0.51906718,0.66483928
1121.40000000,5.12187000,1.64857000,0.51915883,0.66495658
1121.60000000,5.12287000,1.61500000,0.51924949,0.66507149
1121.80000000,5.12300000,1.65478000,0.51934032,0.66518923
1122.00000000,5.12300000,1.65478000,0.51943225,0.66530698
1122.20000000,5.12337000,1.65744000,0.51952425,0.66542492
1122.40000000,5.12337000,1.63248000,0.51961564,0.66554107
1122.60000000,5.12275000,1.63558000,0.51970642,0.66565744
1122.80000000,5.12275000,1.63558000,0.51979729,0.66577382
1123.00000000,5.12325000,1.65548000,0.51988870,0.66589158
1123.20000000,5.12125000,1.62665000,0.51997987,0.66600738
1123.40000000,5.12587000,1.64771000,0.52007083,0.66612461
1123.60000000,5.12275000,1.65456000,0.52016256,0.66624234
1123.80000000,5.12275000,1.65456000,0.52025448,0.66636001
1124.00000000,5.12087000,1.64790000,0.52034621,0.66647730
1124.20000000,5.12437000,1.65692000,0.52043801,0.66659517
1124.40000000,5.12225000,1.70675000,0.52053145,0.66671660
1124.60000000,5.12225000,1.70675000,0.52062627,0.66683805
1124.80000000,5.12337000,1.66828000,0.52072002,0.66695672
1125.00000000,5.12175000,1.66278000,0.52081255,0.66707504
1125.20000000,5.12337000,1.66355000,0.52090495,0.66719340
1125.40000000,5.12275000,1.61283000,0.52099596,0.66730815
1125.60000000,5.12275000,1.61283000,0.52108556,0.66742288
1125.80000000,5.12150000,1.67225000,0.52117681,0.66754189
1126.00000000,5.12425000,1.64844000,0.52126905,0.66765918
1126.20000000,5.12312000,1.66656000,0.52136114,0.66777775
1126.40000000,5.12237000,1.63734000,0.52145291,0.66789424
1126.60000000,5.12237000,1.63734000,0.52154387,0.66801075
1126.80000000,5.12375000,1.64880000,0.52163516,0.66812810
1127.00000000,5.12437000,1.66867000,0.52172731,0.66824682
1127.20000000,5.12262000,1.67360000,0.52182015,0.66836590
1127.40000000,5.12262000,1.67360000,0.52191313,0.66848499
1127.60000000,5.12362000,1.60508000,0.52200420,0.66859918
1127.80000000,5.12237000,1.66857000,0.52209514,0.66871795
1128.00000000,5.12500000,1.69504000,0.52218857,0.66883855
1128.20000000,5.12237000,1.62444000,0.52228078,0.66895411
1128.40000000,5.12237000,1.62444000,0.52237102,0.66906972
1128.60000000,5.12387000,1.63891000,0.52246167,0.66918632
1128.80000000,5.12262000,1.64944000,0.52255302,0.66930368
1129.00000000,5.12300000,1.69206000,0.52264583,0.66942408
1129.20000000,5.12300000,1.69206000,0.52273984,0.66954448
1129.40000000,5.12337000,1.68857000,0.52283374,0.66966458
1129.60000000,5.12100000,1.64800000,0.52292643,0.66978186
1129.80000000,5.12387000,1.68364000,0.52301897,0.66990168
1130.00000000,5.12400000,1.71065000,0.52311326,0.67002342
1130.20000000,5.12400000,1.71065000,0.52320829,0.67014515
1130.40000000,5.12337000,1.68275000,0.52330256,0.67026487
1130.60000000,5.12250000,1.71033000,0.52339681,0.67038659
1130.80000000,5.12425000,1.68067000,0.52349100,0.67050621
1131.00000000,5.12425000,1.68067000,0.52358437,0.67062578
1131.20000000,5.12237000,1.65606000,0.52367706,0.67074362
1131.40000000,5.12325000,1.64198000,0.52376867,0.67086045
1131.60000000,5.12300000,1.62105000,0.52385931,0.67097580
1131.80000000,5.12362000,1.65830000,0.52395040,0.67109381
1132.00000000,5.12362000,1.65830000,0.52404253,0.67121181
1132.20000000,5.12325000,1.66992000,0.52413498,0.67133062
1132.40000000,5.12275000,1.66665000,0.52422767,0.67144917
1132.60000000,5.12150000,1.63027000,0.52431925,0.67156514
1132.80000000,5.12512000,1.61040000,0.52440927,0.67167977
1133.00000000,5.12512000,1.61040000,0.52449873,0.67179436
1133.20000000,5.12300000,1.62451000,0.52458859,0.67190994
1133.40000000,5.12300000,1.69420000,0.52468078,0.67203049
1133.60000000,5.12400000,1.70636000,0.52477524,0.67215193
1133.80000000,5.12400000,1.70636000,0.52487003,0.67227331
1134.00000000,5.12200000,1.67203000,0.52496388,0.67239227
1134.20000000,5.12237000,1.56732000,0.52505386,0.67250379
1134.40000000,5.12325000,1.68281000,0.52514414,0.67262354
1134.60000000,5.12362000,1.65958000,0.52523699,0.67274164
1134.80000000,5.12362000,1.65958000,0.52532919,0.67285970
1135.00000000,5.12200000,1.60566000,0.52541989,0.67297393
1135.20000000,5.12225000,1.64803000,0.52551027,0.67309117
1135.40000000,5.12225000,1.64803000,0.52560182,0.67320842
1135.60000000,5.12237000,1.63987000,0.52569315,0.67332507
1135.80000000,5.12187000,1.62627000,0.52578388,0.67344080
1136.00000000,5.12350000,1.69616000,0.52587617,0.67356148
1136.20000000,5.12275000,1.64883000,0.52596909,0.67367879
1136.40000000,5.12275000,1.64883000,0.52606069,0.67379611
1136.60000000,5.12300000,1.67372000,0.52615298,0.67391520
1136.80000000,5.12300000,1.61132000,0.52624423,0.67402985
1137.00000000,5.12300000,1.66988000,0.52633538,0.67414867
1137.20000000,5.12300000,1.66988000,0.52642815,0.67426748
1137.40000000,5.12262000,1.65801000,0.52652059,0.67438542
1137.60000000,5.12162000,1.68972000,0.52661358,0.67450564
1137.80000000,5.12287000,1.69856000,0.52670770,0.67462655
1138.00000000,5.12512000,1.65657000,0.52680090,0.67474447
1138.20000000,5.12512000,1.65657000,0.52689293,0.67486236
1138.40000000,5.12387000,1.72502000,0.52698686,0.67498514
1138.60000000,5.12500000,1.69392000,0.52708183,0.67510564
1138.80000000,5.12187000,1.63270000,0.52717424,0.67522179
1139.00000000,5.12187000,1.63270000,0.52726495,0.67533798
1139.20000000,5.12400000,1.67571000,0.52735685,0.67545719
1139.40000000,5.12200000,1.68848000,0.52745030,0.67557735
1139.60000000,5.12362000,1.66233000,0.52754337,0.67569563
1139.80000000,5.12337000,1.67264000,0.52763601,0.67581466
1140.00000000,5.12337000,1.67264000,0.52772894,0.67593367
1140.20000000,5.12287000,1.62195000,0.52782045,0.67604906
1140.40000000,5.12225000,1.62720000,0.52791071,0.67616484
1140.60000000,5.12312000,1.67280000,0.52800237,0.67628387
1140.80000000,5.12312000,1.67280000,0.52809531,0.67640287
1141.00000000,5.12212000,1.59987000,0.52818621,0.67651672
1141.20000000,5.12350000,1.65302000,0.52827657,0.67663433
1141.40000000,5.12275000,1.68537000,0.52836931,0.67675422
1141.60000000,5.12212000,1.63660000,0.52846158,0.67687065
1141.80000000,5.12212000,1.63660000,0.52855250,0.67698710
1142.00000000,5.12300000,1.63609000,0.52864341,0.67710353
1142.20000000,5.12362000,1.66729000,0.52873517,0.67722218
1142.40000000,5.12387000,1.60537000,0.52882608,0.67733639
1142.60000000,5.12200000,1.64406000,0.52891634,0.67745334
1142.80000000,5.12200000,1.64406000,0.52900768,0.67757035
1143.00000000,5.12412000,1.58582000,0.52909740,0.67768317
1143.20000000,5.12225000,1.66204000,0.52918762,0.67780148
1143.40000000,5.12537000,1.68380000,0.52928056,0.67792134
1143.60000000,5.12537000,1.68380000,0.52937410,0.67804117
1143.80000000,5.12400000,1.67280000,0.52946734,0.67816021
1144.00000000,5.12375000,1.67372000,0.52956030,0.67827932
1144.20000000,5.12362000,1.61561000,0.52965167,0.67839432
1144.40000000,5.12487000,1.63926000,0.52974208,0.67851100
1144.60000000,5.12487000,1.63926000,0.52983315,0.67862762
1144.80000000,5.12250000,1.63865000,0.52992420,0.67874423
1145.00000000,5.12375000,1.62176000,0.53001477,0.67885961
1145.20000000,5.12212000,1.62739000,0.53010503,0.67897538
1145.40000000,5.12212000,1.62739000,0.53019544,0.67909119
1145.60000000,5.12362000,1.59331000,0.53028490,0.67920454
1145.80000000,5.12237000,1.61564000,0.53037404,0.67931949
1146.00000000,5.12237000,1.66467000,0.53046516,0.67943791
1146.20000000,5.12225000,1.58899000,0.53055554,0.67955096
1146.40000000,5.12225000,1.58899000,0.53064381,0.67966405
1146.60000000,5.12437000,1.68601000,0.53073479,0.67978403
1146.80000000,5.12362000,1.64460000,0.53082730,0.67990102
1147.00000000,5.12200000,1.60348000,0.53091753,0.68001509
1147.20000000,5.12362000,1.63280000,0.53100742,0.68013129
1147.40000000,5.12362000,1.63280000,0.53109814,0.68024747
1147.60000000,5.12312000,1.68390000,0.53119027,0.68036727
1147.80000000,5.12250000,1.70566000,0.53128442,0.68048865
1148.00000000,5.12375000,1.64908000,0.53137761,0.68060600
1148.20000000,5.12375000,1.64908000,0.53146922,0.68072335
1148.40000000,5.12362000,1.67452000,0.53156155,0.68084249
1148.60000000,5.12237000,1.66928000,0.53165443,0.68096127
1148.80000000,5.12350000,1.72662000,0.53174876,0.68108414
1149.00000000,5.12350000,1.72662000,0.53184468,0.68120701
1149.20000000,5.12387000,1.63408000,0.53193804,0.68132328
1149.40000000,5.12287000,1.68150000,0.53203014,0.68144294
1149.60000000,5.12387000,1.68803000,0.53212373,0.68156307
1149.80000000,5.12462000,1.66233000,0.53221680,0.68168139
1150.00000000,5.12462000,1.66233000,0.53230915,0.68179964
1150.20000000,5.12200000,1.64019000,0.53240089,0.68191637
1150.40000000,5.12387000,1.60659000,0.53249108,0.68203068
1150.60000000,5.12275000,1.62723000,0.53258090,0.68214645
1150.80000000,5.12275000,1.62723000,0.53267131,0.68226222
1151.00000000,5.12262000,1.65302000,0.53276242,0.68237985
1151.20000000,5.12337000,1.62406000,0.53285345,0.68249542
1151.40000000,5.12375000,1.65868000,0.53294464,0.68261346
1151.60000000,5.12300000,1.59638000,0.53303506,0.68272705
1151.80000000,5.12300000,1.59638000,0.53312375,0.68284064
1152.00000000,5.12337000,1.67692000,0.53321467,0.68295996
1152.20000000,5.12300000,1.67056000,0.53330766,0.68307886
1152.40000000,5.12450000,1.66742000,0.53340038,0.68319754
1152.60000000,5.12450000,1.66742000,0.53349301,0.68331613
1152.80000000,5.12087000,1.65132000,0.53358520,0.68343367
1153.00000000,5.12500000,1.62560000,0.53367623,0.68354936
1153.20000000,5.12412000,1.67683000,0.53376796,0.68366870
1153.40000000,5.12412000,1.67683000,0.53386112,0.68378799
1153.60000000,5.12225000,1.66950000,0.53395407,0.68390683
1153.80000000,5.12500000,1.63788000,0.53404594,0.68402340
1154.00000000,5.12437000,1.67292000,0.53413791,0.68414242
1154.20000000,5.12262000,1.68844000,0.53423128,0.68426255
1154.40000000,5.12262000,1.68844000,0.53432508,0.68438273
1154.60000000,5.12475000,1.60278000,0.53441651,0.68449677
1154.80000000,5.12300000,1.65270000,0.53450694,0.68461436
1155.00000000,5.12262000,1.58835000,0.53459696,0.68472736
1155.20000000,5.12262000,1.58835000,0.53468521,0.68484039
1155.40000000,5.12325000,1.65753000,0.53477537,0.68495835
1155.60000000,5.12412000,1.63996000,0.53486697,0.68507506
1155.80000000,5.12400000,1.66979000,0.53495890,0.68519386
1156.00000000,5.12237000,1.65504000,0.53505126,0.68531160
1156.20000000,5.12237000,1.65504000,0.53514321,0.68542938
1156.40000000,5.12362000,1.59427000,0.53523347,0.68554278
1156.60000000,5.12137000,1.63782000,0.53532325,0.68565934
1156.80000000,5.12425000,1.65856000,0.53541481,0.68577738
1157.00000000,5.12200000,1.57776000,0.53550471,0.68588962
1157.20000000,5.12200000,1.57776000,0.53559236,0.68600189
1157.40000000,5.12350000,1.66409000,0.53568241,0.68612032
1157.60000000,5.12387000,1.65036000,0.53577448,0.68623773
1157.80000000,5.12225000,1.68310000,0.53586708,0.68635747
1158.00000000,5.12225000,1.68310000,0.53596058,0.68647724
1158.20000000,5.12350000,1.67033000,0.53605374,0.68659609
1158.40000000,5.12300000,1.58326000,0.53614411,0.68670874
1158.60000000,5.12312000,1.67705000,0.53623468,0.68682807
1158.80000000,5.12212000,1.63657000,0.53632672,0.68694450
1159.00000000,5.12212000,1.63657000,0.53641764,0.68706096
1159.20000000,5.12350000,1.71334000,0.53651070,0.68718281
1159.40000000,0.80800000,1.61619000,0.53660318,0.68729785
1159.60000000,5.12475000,1.71836000,0.53669581,0.68742016
1159.80000000,5.12475000,1.71836000,0.53679127,0.68754246
1160.00000000,5.12450000,1.66659000,0.53688530,0.68766105
1160.20000000,5.12337000,1.62985000,0.53697687,0.68777701
1160.40000000,5.12262000,1.61334000,0.53706696,0.68789182
1160.60000000,5.12375000,1.61792000,0.53715671,0.68800695
1160.80000000,5.12375000,1.61792000,0.53724660,0.68812207
1161.00000000,5.12262000,1.65129000,0.53733741,0.68823956
1161.20000000,5.12312000,1.65670000,0.53742930,0.68835745
1161.40000000,5.12325000,1.69536000,0.53752241,0.68847808
1161.60000000,5.12325000,1.69536000,0.53761660,0.68859873
1161.80000000,5.12375000,1.60899000,0.53770838,0.68871321
1162.00000000,5.12287000,1.64640000,0.53779881,0.68883033
1162.20000000,5.12200000,1.68384000,0.53789132,0.68895017
1162.40000000,5.12400000,1.66851000,0.53798444,0.68906891
1162.60000000,5.12400000,1.66851000,0.53807713,0.68918764
1162.80000000,5.12337000,1.62902000,0.53816873,0.68930355
1163.00000000,5.12325000,1.65084000,0.53825984,0.68942097
1163.20000000,5.12112000,1.63545000,0.53835113,0.68953729
1163.40000000,5.12112000,1.63545000,0.53844198,0.68965368
1163.60000000,5.12387000,1.62780000,0.53853263,0.68976950
1163.80000000,5.12300000,1.66723000,0.53862416,0.68988811
1164.00000000,5.12187000,1.63084000,0.53871577,0.69000412
1164.20000000,5.12475000,1.64278000,0.53880671,0.69012105
1164.40000000,5.12475000,1.64278000,0.53889797,0.69023793
1164.60000000,5.12287000,1.64652000,0.53898934,0.69035506
1164.80000000,5.12200000,1.64230000,0.53908070,0.69047192
1165.00000000,5.12312000,1.61161000,0.53917108,0.69058659
1165.20000000,5.12312000,1.61161000,0.53926062,0.69070128
1165.40000000,5.12362000,1.66323000,0.53935158,0.69081961
1165.60000000,5.12262000,1.69513000,0.53944487,0.69094024
1165.80000000,5.12375000,1.72995000,0.53954001,0.69106335
1166.00000000,5.12425000,1.65744000,0.53963411,0.69118131
1166.20000000,5.12425000,1.65744000,0.53972619,0.69129924
1166.40000000,5.12287000,1.70873000,0.53981969,0.69142081
1166.60000000,5.12250000,1.67193000,0.53991360,0.69153976
1166.80000000,5.12137000,1.65171000,0.54000592,0.69165725
1167.00000000,5.12137000,1.65171000,0.54009768,0.69177482
1167.20000000,5.12500000,1.67750000,0.54019016,0.69189416
1167.40000000,5.12237000,1.67763000,0.54028336,0.69201351
1167.60000000,5.12212000,1.65222000,0.54037586,0.69213105
1167.80000000,5.12212000,1.65222000,0.54046765,0.69224859
1168.00000000,5.12212000,1.65056000,0.54055939,0.69236602
1168.20000000,5.12250000,1.66310000,0.54065144,0.69248439
1168.40000000,5.12437000,1.64332000,0.54074328,0.69260131
1168.60000000,5.12300000,1.66000000,0.54083504,0.69271943
1168.80000000,5.12300000,1.66000000,0.54092726,0.69283753
1169.00000000,5.12275000,1.67942000,0.54102002,0.69295699
1169.20000000,5.12137000,1.67622000,0.54111324,0.69307626
1169.40000000,5.12312000,1.60419000,0.54120436,0.69319041
1169.60000000,5.12262000,1.67718000,0.54129551,0.69330973
1169.80000000,5.12262000,1.67718000,0.54138869,0.69342905
1170.00000000,5.12200000,1.64342000,0.54148092,0.69354598
1170.20000000,5.12300000,1.62057000,0.54157159,0.69366130
1170.40000000,5.12337000,1.70259000,0.54166390,0.69378245
1170.60000000,5.12337000,1.70259000,0.54175849,0.69390360
1170.80000000,5.12325000,1.69084000,0.54185275,0.69402388
1171.00000000,5.12187000,1.63548000,0.54194515,0.69414026
1171.20000000,5.12362000,1.70128000,0.54203784,0.69426133
1171.40000000,5.12362000,1.70128000,0.54213235,0.69438238
1171.60000000,5.12312000,1.71382000,0.54222722,0.69450434
1171.80000000,5.12362000,1.67824000,0.54232144,0.69462374
1172.00000000,5.12250000,1.67257000,0.54241452,0.69474276
1172.20000000,5.12350000,1.65366000,0.54250691,0.69486043
1172.40000000,5.12350000,1.65366000,0.54259878,0.69497808
1172.60000000,5.12225000,1.66851000,0.54269107,0.69509680
1172.80000000,5.12325000,1.67171000,0.54278385,0.69521575
1173.00000000,5.12300000,1.59987000,0.54287473,0.69532959
1173.20000000,5.12412000,1.66646000,0.54296546,0.69544819
1173.40000000,5.12412000,1.66646000,0.54305804,0.69556673
1173.60000000,5.12162000,1.62416000,0.54314945,0.69568231
1173.80000000,5.12400000,1.65363000,0.54324049,0.69579996
1174.00000000,5.12262000,1.67212000,0.54333288,0.69591893
1174.20000000,5.12262000,1.67212000,0.54342577,0.69603790
1174.40000000,5.12250000,1.59872000,0.54351663,0.69615165
1174.60000000,5.12312000,1.65833000,0.54360710,0.69626964
1174.80000000,5.12262000,1.63852000,0.54369868,0.69638625
1175.00000000,5.12400000,1.63420000,0.54378959,0.69650255
1175.20000000,5.12400000,1.63420000,0.54388038,0.69661880
1175.40000000,5.12175000,1.61158000,0.54397054,0.69673347
1175.60000000,5.12337000,1.63961000,0.54406085,0.69685012
1175.80000000,5.12225000,1.64028000,0.54415196,0.69696681
1176.00000000,5.12225000,1.64028000,0.54424309,0.69708353
1176.20000000,5.12337000,1.61008000,0.54433337,0.69719816
1176.40000000,5.12612000,1.70659000,0.54442550,0.69731961
1176.60000000,5.12375000,1.67596000,0.54451946,0.69743888
1176.80000000,5.12400000,1.64374000,0.54461168,0.69755586
1177.00000000,5.12400000,1.64374000,0.54470300,0.69767282
1177.20000000,5.12312000,1.61644000,0.54479356,0.69778783
1177.40000000,5.12300000,1.64694000,0.54488421,0.69790504
1177.60000000,5.12387000,1.66060000,0.54497608,0.69802322
1177.80000000,5.12387000,1.66060000,0.54506834,0.69814139
1178.00000000,5.12362000,1.61142000,0.54515923,0.69825607
1178.20000000,5.12412000,1.69171000,0.54525098,0.69837646
1178.40000000,5.12400000,1.67184000,0.54534441,0.69849541
1178.60000000,5.12287000,1.58438000,0.54543486,0.69860814
1178.80000000,5.12287000,1.58438000,0.54552288,0.69872091
1179.00000000,5.12462000,1.67200000,0.54561334,0.69883986
1179.20000000,5.12212000,1.64585000,0.54570550,0.69895696
1179.40000000,5.12250000,1.61625000,0.54579612,0.69907194
1179.60000000,5.12250000,1.61625000,0.54588591,0.69918695
1179.80000000,5.12337000,1.63107000,0.54597611,0.69930305
1180.00000000,5.12462000,1.66515000,0.54606767,0.69942154
1180.20000000,5.12362000,1.60582000,0.54615853,0.69953580
1180.40000000,5.12312000,1.64576000,0.54624885,0.69965290
1180.60000000,5.12312000,1.64576000,0.54634029,0.69976999
1180.80000000,5.12237000,1.64326000,0.54643165,0.69988691
1181.00000000,5.12275000,1.68582000,0.54652412,0.70000687
1181.20000000,5.12362000,1.68854000,0.54661785,0.70012703
1181.40000000,5.12362000,1.68854000,0.54671166,0.70024722
1181.60000000,5.12487000,1.65417000,0.54680451,0.70036491
1181.80000000,5.12262000,1.60630000,0.54689508,0.70047920
1182.00000000,5.12287000,1.62384000,0.54698481,0.70059474
1182.20000000,5.12287000,1.62384000,0.54707502,0.70071027
1182.40000000,5.12275000,1.63094000,0.54716543,0.70082635
1182.60000000,5.12450000,1.67606000,0.54725729,0.70094559
1182.80000000,5.12212000,1.63385000,0.54734924,0.70106182
1183.00000000,5.12275000,1.61158000,0.54743939,0.70117648
1183.20000000,5.12275000,1.61158000,0.54752892,0.70129116
1183.40000000,5.12337000,1.64848000,0.54761948,0.70140846
1183.60000000,5.12312000,1.64576000,0.54771098,0.70152555
1183.80000000,5.12275000,1.64976000,0.54780253,0.70164293
1184.00000000,5.12275000,1.64976000,0.54789418,0.70176032
1184.20000000,5.12300000,1.66572000,0.54798628,0.70187882
1184.40000000,5.12225000,1.68217000,0.54807927,0.70199856
1184.60000000,5.12500000,1.73321000,0.54817414,0.70212192
1184.80000000,5.12475000,1.63872000,0.54826781,0.70223856
1185.00000000,5.12475000,1.63872000,0.54835885,0.70235514
1185.20000000,5.12225000,1.67305000,0.54845084,0.70247420
1185.40000000,5.12350000,1.66569000,0.54854358,0.70259273
1185.60000000,5.12362000,1.61158000,0.54863462,0.70270741
1185.80000000,5.12362000,1.61158000,0.54872415,0.70282210
1186.00000000,5.12387000,1.69776000,0.54881608,0.70294292
1186.20000000,5.12375000,1.64694000,0.54890899,0.70306011
1186.40000000,5.12337000,1.65158000,0.54900061,0.70317763
1186.60000000,5.12300000,1.61865000,0.54909145,0.70329280
1186.80000000,5.12300000,1.61865000,0.54918138,0.70340795
1187.00000000,5.12212000,1.64384000,0.54927200,0.70352492
1187.20000000,5.12325000,1.66217000,0.54936384,0.70364322
1187.40000000,5.12462000,1.66710000,0.54945632,0.70376188
1187.60000000,5.12462000,1.66710000,0.54954893,0.70388050
1187.80000000,5.12312000,1.60249000,0.54963975,0.70399453
1188.00000000,5.12337000,1.63801000,0.54972977,0.70411109
1188.20000000,5.12337000,1.66883000,0.54982162,0.70422989
1188.40000000,5.12575000,1.71859000,0.54991572,0.70435224
1188.60000000,5.12575000,1.71859000,0.55001120,0.70447454
1188.80000000,5.12362000,1.65340000,0.55010486,0.70459219
1189.00000000,5.12312000,1.62051000,0.55019580,0.70470752
1189.20000000,5.12450000,1.65264000,0.55028673,0.70482515
1189.40000000,5.12450000,1.65264000,0.55037854,0.70494273
1189.60000000,5.12275000,1.64272000,0.55047008,0.70505963
1189.80000000,5.12350000,1.59638000,0.55056005,0.70517324
1190.00000000,5.12412000,1.69104000,0.55065137,0.70529357
1190.20000000,5.12350000,1.65724000,0.55074438,0.70541150
1190.40000000,5.12350000,1.65724000,0.55083645,0.70552944
1190.60000000,5.12375000,1.60057000,0.55092694,0.70564332
1190.80000000,5.12275000,1.64326000,0.55101705,0.70576026
1191.00000000,5.12400000,1.64921000,0.55110850,0.70587763
1191.20000000,5.12337000,1.66771000,0.55120064,0.70599630
1191.40000000,5.12337000,1.66771000,0.55129329,0.70611495
1191.60000000,5.12250000,1.67068000,0.55138602,0.70623389
1191.80000000,5.12562000,1.67152000,0.55147886,0.70635278
1192.00000000,5.12112000,1.68873000,0.55157220,0.70647289
1192.20000000,5.12112000,1.68873000,0.55166602,0.70659309
1192.40000000,5.12462000,1.71968000,0.55176070,0.70671545
1192.60000000,5.12312000,1.69043000,0.55185543,0.70683572
1192.80000000,5.12250000,1.67811000,0.55194900,0.70695512
1193.00000000,5.12312000,1.67763000,0.55204221,0.70707449
1193.20000000,5.12312000,1.67763000,0.55213541,0.70719387
1193.40000000,5.12350000,1.68678000,0.55222887,0.70731391
1193.60000000,5.12387000,1.61337000,0.55232054,0.70742869
1193.80000000,5.12237000,1.64419000,0.55241103,0.70754567
1194.00000000,5.12237000,1.64419000,0.55250237,0.70766267
1194.20000000,5.12387000,1.63862000,0.55259356,0.70777925
1194.40000000,5.12212000,1.59868000,0.55268349,0.70789299
1194.60000000,5.12262000,1.65724000,0.55277393,0.70801090
1194.80000000,5.12387000,1.65017000,0.55286580,0.70812833
1195.00000000,5.12387000,1.65017000,0.55295748,0.70824575
1195.20000000,5.12300000,1.59510000,0.55304762,0.70835926
1195.40000000,5.12375000,1.68758000,0.55313881,0.70847935
1195.60000000,5.12325000,1.70438000,0.55323303,0.70860063
1195.80000000,5.12325000,1.70438000,0.55332772,0.70872195
1196.00000000,5.12525000,1.66966000,0.55342144,0.70884074
1196.20000000,5.12250000,1.64921000,0.55351363,0.70895808
1196.40000000,5.12275000,1.67420000,0.55360595,0.70907720
1196.60000000,5.12275000,1.67420000,0.55369896,0.70919636
1196.80000000,5.12437000,1.66134000,0.55379161,0.70931460
1197.00000000,5.12437000,1.70585000,0.55388515,0.70943597
1197.20000000,5.12287000,1.63283000,0.55397789,0.70955215
1197.40000000,5.12312000,1.68908000,0.55407016,0.70967233
1197.60000000,5.12312000,1.68908000,0.55416400,0.70979251
1197.80000000,5.12287000,1.67510000,0.55425745,0.70991169
1198.00000000,5.12250000,1.63520000,0.55434940,0.71002808
1198.20000000,5.12475000,1.69398000,0.55444188,0.71014865
1198.40000000,5.12475000,1.69398000,0.55453599,0.71026919
1198.60000000,5.12337000,1.66652000,0.55462934,0.71038779
1198.80000000,5.12387000,1.66006000,0.55472174,0.71050594
1199.00000000,5.12425000,1.70553000,0.55481523,0.71062732
1199.20000000,5.12425000,1.70553000,0.55490998,0.71074867
1199.40000000,5.12300000,1.70144000,0.55500462,0.71086977
1199.60000000,5.12450000,1.76195000,0.55510083,0.71099518
1199.80000000,5.12487000,1.68819000,0.55519666,0.71111530
1200.00000000,5.12287000,1.68390000,0.55529033,0.71123511
1200.20000000,5.12287000,1.68390000,0.55538388,0.71135496
1200.40000000,5.12437000,1.60742000,0.55547531,0.71146935
1200.60000000,5.12375000,1.64227000,0.55556558,0.71158619
1200.80000000,5.12262000,1.60348000,0.55565574,0.71170027
1201.00000000,5.12262000,1.60348000,0.55574482,0.71181438
1201.20000000,5.12375000,1.63459000,0.55583476,0.71193066
1201.40000000,5.12200000,1.67702000,0.55592675,0.71204996
1201.60000000,5.12187000,1.64627000,0.55601907,0.71216711
1201.80000000,5.12362000,1.63894000,0.55611032,0.71228374
1202.00000000,5.12362000,1.63894000,0.55620138,0.71240036
1202.20000000,5.12300000,1.66963000,0.55629328,0.71251916
1202.40000000,5.12300000,1.67664000,0.55638623,0.71263844
1202.60000000,5.12250000,1.61366000,0.55647763,0.71275325
1202.80000000,5.12425000,1.67478000,0.55656898,0.71287244
1203.00000000,5.12425000,1.67478000,0.55666202,0.71299161
1203.20000000,5.12325000,1.65964000,0.55675464,0.71310973
1203.40000000,5.12412000,1.64771000,0.55684651,0.71322702
1203.60000000,5.12537000,1.66736000,0.55693860,0.71334571
1203.80000000,5.12537000,1.66736000,0.55703123,0.71346433
1204.00000000,5.12200000,1.63692000,0.55712301,0.71358085
1204.20000000,5.12512000,1.62678000,0.55721367,0.71369661
1204.40000000,5.12362000,1.69068000,0.55730582,0.71381688
1204.60000000,5.12200000,1.66176000,0.55739895,0.71393510
1204.80000000,5.12200000,1.66176000,0.55749127,0.71405337
1205.00000000,5.12437000,1.62668000,0.55758261,0.71416913
1205.20000000,5.12362000,1.64579000,0.55767351,0.71428622
1205.40000000,5.12250000,1.65315000,0.55776515,0.71440383
1205.60000000,5.12250000,1.65315000,0.55785699,0.71452149
1205.80000000,5.12425000,1.64035000,0.55794848,0.71463824
1206.00000000,5.12462000,1.66249000,0.55804023,0.71475652
1206.20000000,5.12275000,1.67888000,0.55813304,0.71487600
1206.40000000,5.12362000,1.67708000,0.55822626,0.71499534
1206.60000000,5.12362000,1.67708000,0.55831943,0.71511466
1206.80000000,5.12275000,1.66380000,0.55841224,0.71523309
1207.00000000,5.12475000,1.62179000,0.55850350,0.71534847
1207.20000000,5.12237000,1.62806000,0.55859378,0.71546429
1207.40000000,5.12237000,1.62806000,0.55868422,0.71558011
1207.60000000,5.12175000,1.65683000,0.55877547,0.71569797
1207.80000000,5.12200000,1.60294000,0.55886602,0.71581203
1208.00000000,5.12325000,1.62931000,0.55895580,0.71592797
1208.20000000,5.12162000,1.64668000,0.55904680,0.71604510
1208.40000000,5.12162000,1.64668000,0.55913829,0.71616224
1208.60000000,5.12175000,1.66259000,0.55923021,0.71628054
1208.80000000,5.12312000,1.67360000,0.55932288,0.71639962
1209.00000000,5.12362000,1.67190000,0.55941581,0.71651860
1209.20000000,5.12362000,1.67190000,0.55950870,0.71663754
1209.40000000,5.12225000,1.68307000,0.55960189,0.71675730
1209.60000000,5.12337000,1.59478000,0.55969294,0.71687073
1209.80000000,5.12075000,1.64144000,0.55978284,0.71698747
1210.00000000,5.12075000,1.64144000,0.55987403,0.71710421
1210.20000000,5.12087000,1.63747000,0.55996511,0.71722072
1210.40000000,5.12287000,1.60918000,0.56005529,0.71733523
1210.60000000,5.12337000,1.66726000,0.56014631,0.71745387
1210.80000000,5.12250000,1.67267000,0.56023908,0.71757287
1211.00000000,5.12250000,1.67267000,0.56033201,0.71769188
1211.20000000,5.12287000,1.61481000,0.56042333,0.71780677
1211.40000000,5.12262000,1.67900000,0.56051482,0.71792623
1211.60000000,5.12275000,1.70691000,0.56060887,0.71804768
1211.80000000,5.12275000,1.70691000,0.56070370,0.71816915
1212.00000000,5.12375000,1.63744000,0.56079660,0.71828568
1212.20000000,5.12400000,1.64172000,0.56088769,0.71840247
1212.40000000,5.12212000,1.61171000,0.56097806,0.71851713
1212.60000000,5.12162000,1.63939000,0.56106837,0.71863374
1212.80000000,5.12162000,1.63939000,0.56115945,0.71875041
1213.00000000,5.12400000,1.65734000,0.56125102,0.71886833
1213.20000000,5.12250000,1.63260000,0.56134241,0.71898448
1213.40000000,5.12250000,1.60662000,0.56143239,0.71909878
1213.60000000,5.12250000,1.60662000,0.56152165,0.71921311
1213.80000000,5.12337000,1.63654000,0.56161173,0.71932957
1214.00000000,5.12400000,1.67027000,0.56170359,0.71944840
1214.20000000,5.12200000,1.67241000,0.56179644,0.71956741
1214.40000000,5.12375000,1.64316000,0.56188854,0.71968434
1214.60000000,5.12375000,1.64316000,0.56197983,0.71980130
1214.80000000,5.12475000,1.72147000,0.56207329,0.71992379
1215.00000000,5.12312000,1.68000000,0.56216777,0.72004334
1215.20000000,5.12350000,1.61273000,0.56225924,0.72015810
1215.40000000,5.12350000,1.61273000,0.56234883,0.72027290
1215.60000000,5.12525000,1.66844000,0.56243998,0.72039163
1215.80000000,5.12387000,1.62185000,0.56253138,0.72050705
1216.00000000,5.12400000,1.67625000,0.56262299,0.72062632
1216.20000000,5.12300000,1.65555000,0.56271554,0.72074412
1216.40000000,5.12300000,1.65555000,0.56280751,0.72086194
1216.60000000,5.12412000,1.64083000,0.56289908,0.72097870
1216.80000000,5.12337000,1.60784000,0.56298932,0.72109313
1217.00000000,5.12437000,1.65721000,0.56308002,0.72121108
1217.20000000,5.12437000,1.65721000,0.56317208,0.72132905
1217.40000000,5.12525000,1.67644000,0.56326469,0.72144833
1217.60000000,5.12275000,1.62406000,0.56335637,0.72156388
1217.80000000,5.12312000,1.61187000,0.56344625,0.72167858
1218.00000000,5.12325000,1.65267000,0.56353693,0.72179618
1218.20000000,5.12325000,1.65267000,0.56362875,0.72191379
1218.40000000,5.12375000,1.65209000,0.56372055,0.72203136
1218.60000000,5.12400000,1.61065000,0.56381118,0.72214595
1218.80000000,5.12250000,1.70806000,0.56390337,0.72226749
1219.00000000,5.12337000,1.68038000,0.56399749,0.72238707
1219.20000000,5.12337000,1.68038000,0.56409084,0.72250663
1219.40000000,5.12287000,1.71974000,0.56418529,0.72262901
1219.60000000,5.12400000,1.68329000,0.56427982,0.72274877
1219.80000000,5.12225000,1.66150000,0.56437273,0.72286697
1220.00000000,5.12225000,1.66150000,0.56446504,0.72298520
1220.20000000,5.12325000,1.66905000,0.56455755,0.72310395
1220.40000000,5.12275000,1.71382000,0.56465152,0.72322591
1220.60000000,5.12387000,1.63107000,0.56474443,0.72334196
1220.80000000,5.12275000,1.66860000,0.56483609,0.72346068
1221.00000000,5.12275000,1.66860000,0.56492879,0.72357944
1221.20000000,5.12450000,1.76156000,0.56502407,0.72370482
1221.40000000,5.12462000,1.72028000,0.56512079,0.72382724
1221.60000000,5.12362000,1.67200000,0.56521502,0.72394622
1221.80000000,5.12362000,1.67200000,0.56530791,0.72406522
1222.00000000,5.12425000,1.66755000,0.56540068,0.72418386
1222.20000000,5.12275000,1.66262000,0.56549318,0.72430219
1222.40000000,5.12412000,1.69846000,0.56558654,0.72442306
1222.60000000,5.12412000,1.66921000,0.56568009,0.72454186
1222.80000000,5.12412000,1.66921000,0.56577282,0.72466065
1223.00000000,5.12375000,1.70569000,0.56586657,0.72478205
1223.20000000,5.12450000,1.63142000,0.56595927,0.72489815
1223.40000000,5.12412000,1.64272000,0.56605022,0.72501506
1223.60000000,5.12412000,1.64272000,0.56614148,0.72513197
1223.80000000,5.12400000,1.67673000,0.56623369,0.72525128
1224.00000000,5.12325000,1.67920000,0.56632691,0.72537080
1224.20000000,5.12475000,1.66524000,0.56641981,0.72548932
1224.40000000,5.12337000,1.68537000,0.56651288,0.72560925
1224.60000000,5.12337000,1.68537000,0.56660651,0.72572920
1224.80000000,5.12412000,1.66169000,0.56669949,0.72584745
1225.00000000,5.12387000,1.71660000,0.56679333,0.72596961
1225.20000000,5.12300000,1.71427000,0.56688863,0.72609159
1225.40000000,5.12300000,1.71427000,0.56698387,0.72621357
1225.60000000,5.12350000,1.68512000,0.56707829,0.72633353
1225.80000000,5.12537000,1.66752000,0.56717142,0.72645218
1226.00000000,5.12312000,1.65174000,0.56726363,0.72656971
1226.20000000,5.12312000,1.65174000,0.56735539,0.72668723
1226.40000000,5.12250000,1.61884000,0.56744624,0.72680243
1226.60000000,5.12400000,1.68361000,0.56753797,0.72692225
1226.80000000,5.12412000,1.67267000,0.56763120,0.72704129
1227.00000000,5.12225000,1.65347000,0.56772360,0.72715893
1227.20000000,5.12225000,1.65347000,0.56781545,0.72727660
1227.40000000,5.12425000,1.68768000,0.56790826,0.72739670
1227.60000000,5.12362000,1.61049000,0.56799988,0.72751129
1227.80000000,5.12312000,1.66950000,0.56809099,0.72763009
1228.00000000,5.12312000,1.66950000,0.56818374,0.72774890
1228.20000000,5.12400000,1.67734000,0.56827671,0.72786826
1228.40000000,5.12337000,1.65609000,0.56836930,0.72798610
1228.60000000,5.12325000,1.63318000,0.56846067,0.72810231
1228.80000000,5.12325000,1.63318000,0.56855141,0.72821852
1229.00000000,5.12325000,1.63286000,0.56864213,0.72833469
1229.20000000,5.12237000,1.63360000,0.56873286,0.72845094
1229.40000000,5.12375000,1.64108000,0.56882383,0.72856769
1229.60000000,5.12225000,1.65600000,0.56891541,0.72868550
1229.80000000,5.12225000,1.65600000,0.56900741,0.72880334
1230.00000000,5.12362000,1.66761000,0.56909973,0.72892201
1230.20000000,5.12350000,1.67321000,0.56919254,0.72904105
1230.40000000,5.12225000,1.60003000,0.56928346,0.72915488
1230.60000000,5.12375000,1.62662000,0.56937309,0.72927063
1230.80000000,5.12375000,1.62662000,0.56946346,0.72938639
1231.00000000,5.12362000,1.68182000,0.56955536,0.72950604
1231.20000000,5.12250000,1.61606000,0.56964696,0.72962099
1231.40000000,5.12137000,1.67436000,0.56973837,0.72974009
1231.60000000,5.12137000,1.67436000,0.56983139,0.72985922
1231.80000000,5.12275000,1.62454000,0.56992302,0.72997484
1232.00000000,5.12450000,1.66035000,0.57001427,0.73009299
1232.20000000,5.12350000,1.67398000,0.57010689,0.73021209
1232.40000000,5.12237000,1.61459000,0.57019824,0.73032695
1232.60000000,5.12237000,1.61459000,0.57028794,0.73044187
1232.80000000,5.12462000,1.64688000,0.57037853,0.73055908
1233.00000000,5.12400000,1.69132000,0.57047126,0.73067942
1233.20000000,5.12325000,1.62387000,0.57056335,0.73079497
1233.40000000,5.12325000,1.62387000,0.57065356,0.73091052
1233.60000000,5.12337000,1.59788000,0.57074306,0.73102423
1233.80000000,5.12337000,1.67814000,0.57083406,0.73114366
1234.00000000,5.12437000,1.67606000,0.57092723,0.73126293
1234.20000000,5.12362000,1.68870000,0.57102070,0.73138310
1234.40000000,5.12362000,1.68870000,0.57111451,0.73150327
1234.60000000,5.12350000,1.64224000,0.57120704,0.73162011
1234.80000000,5.12262000,1.59590000,0.57129699,0.73173368
1235.00000000,5.12375000,1.63798000,0.57138682,0.73185024
1235.20000000,5.12375000,1.63798000,0.57147782,0.73196677
1235.40000000,5.12225000,1.64700000,0.57156907,0.73208395
1235.60000000,5.12262000,1.57715000,0.57165863,0.73219615
1235.80000000,5.12212000,1.66067000,0.57174856,0.73231430
1236.00000000,5.12250000,1.61097000,0.57183944,0.73242892
1236.20000000,5.12250000,1.61097000,0.57192894,0.73254354
1236.40000000,5.12300000,1.62787000,0.57201891,0.73265938
1236.60000000,5.12337000,1.64313000,0.57210977,0.73277628
1236.80000000,5.12262000,1.63081000,0.57220071,0.73289231
1237.00000000,5.12287000,1.59692000,0.57229037,0.73300593
1237.20000000,5.12287000,1.59692000,0.57237909,0.73311956
1237.40000000,5.12300000,1.65993000,0.57246956,0.73323771
1237.60000000,5.12500000,1.66668000,0.57256196,0.73335630
1237.80000000,5.12287000,1.68281000,0.57265501,0.73347603
1238.00000000,5.12287000,1.68281000,0.57274850,0.73359576
1238.20000000,5.12262000,1.64070000,0.57284082,0.73371250
1238.40000000,5.12312000,1.66243000,0.57293257,0.73383081
1238.60000000,5.12400000,1.68995000,0.57302569,0.73395108
1238.80000000,5.12362000,1.65552000,0.57311862,0.73406889
1239.00000000,5.12362000,1.65552000,0.57321059,0.73418667
1239.20000000,5.12237000,1.70201000,0.57330386,0.73430783
1239.40000000,5.12525000,1.68992000,0.57339808,0.73442812
1239.60000000,5.12337000,1.68176000,0.57349174,0.73454779
1239.80000000,5.12337000,1.68176000,0.57358517,0.73466743
1240.00000000,5.12212000,1.60668000,0.57367651,0.73478174
1240.20000000,5.12250000,1.62678000,0.57376633,0.73489748
1240.40000000,5.12437000,1.63827000,0.57385703,0.73501408
1240.60000000,5.12437000,1.63827000,0.57394804,0.73513064
1240.80000000,5.12250000,1.62739000,0.57403875,0.73524640
1241.00000000,5.12175000,1.66748000,0.57413028,0.73536509
1241.20000000,5.12475000,1.63299000,0.57422196,0.73548132
1241.40000000,5.12362000,1.68099000,0.57431401,0.73560094
1241.60000000,5.12362000,1.68099000,0.57440740,0.73572057
1241.80000000,5.12400000,1.62867000,0.57449934,0.73583644
1242.00000000,5.12250000,1.67872000,0.57459121,0.73595589
1242.20000000,5.12300000,1.63164000,0.57468316,0.73607198
1242.40000000,5.12300000,1.63164000,0.57477381,0.73618808
1242.60000000,5.12312000,1.69798000,0.57486630,0.73630896
1242.80000000,5.12550000,1.70684000,0.57496088,0.73643042
1243.00000000,5.12350000,1.72044000,0.57505608,0.73655284
1243.20000000,5.12350000,1.72044000,0.57515166,0.73667527
1243.40000000,5.12337000,1.65984000,0.57524556,0.73679336
1243.60000000,5.12287000,1.69628000,0.57533878,0.73691409
1243.80000000,5.12425000,1.66265000,0.57543209,0.73703238
1244.00000000,5.12262000,1.64873000,0.57552407,0.73714969
1244.20000000,5.12262000,1.64873000,0.57561566,0.73726704
