# 5.0 sps, start/stop: 50/0 mA (5 s), channels: 4
# V min: 5.1205, V max: 5.12562
# I min: 1.24512, I max: 1.52096
Time,Voltage,Current,Capacity,Energy
0.00000000,5.12162000,1.35142000,0.00003754,0.00009614
0.20000000,5.12225000,1.45324000,0.00011545,0.00019953
0.40000000,5.12237000,1.33849000,0.00019299,0.00029476
0.60000000,5.12275000,1.36684000,0.00026814,0.00039201
0.80000000,5.12275000,1.36684000,0.00034408,0.00048925
1.00000000,5.12250000,1.34550000,0.00041942,0.00058498
1.20000000,5.12262000,1.36867000,0.00049481,0.00068234
1.40000000,5.12175000,1.35200000,0.00057039,0.00077852
1.60000000,5.12137000,1.35712000,0.00064564,0.00087505
1.80000000,5.12137000,1.35712000,0.00072104,0.00097158
2.00000000,5.12150000,1.34752000,0.00079617,0.00106744
2.20000000,5.12162000,1.37379000,0.00087176,0.00116516
2.40000000,5.12237000,1.34291000,0.00094722,0.00126070
2.60000000,5.12237000,1.34291000,0.00102183,0.00135622
2.80000000,5.12150000,1.36080000,0.00109693,0.00145302
3.00000000,5.12125000,1.36332000,0.00117260,0.00155000
3.20000000,5.12187000,1.36630000,0.00124842,0.00164719
3.40000000,5.12187000,1.36630000,0.00132433,0.00174439
3.60000000,5.12175000,1.36364000,0.00140016,0.00184140
3.80000000,5.12237000,1.36166000,0.00147586,0.00193828
4.00000000,5.12250000,1.35260000,0.00155126,0.00203451
4.20000000,5.12250000,1.35260000,0.00162641,0.00213073
4.40000000,5.12175000,1.26928000,0.00169924,0.00222101
4.60000000,5.12137000,1.33699000,0.00177163,0.00231613
4.80000000,5.12262000,1.37814000,0.00184705,0.00241417
5.00000000,5.12200000,1.35753000,0.00192304,0.00251075
5.20000000,5.12200000,1.35753000,0.00199846,0.00260732
5.40000000,5.12225000,1.35747000,0.00207388,0.00270389
5.60000000,5.12175000,1.36467000,0.00214949,0.00280098
5.80000000,5.12250000,1.36534000,0.00222533,0.00289812
6.00000000,5.12250000,1.36534000,0.00230118,0.00299526
6.20000000,5.12275000,1.35353000,0.00237670,0.00309155
6.40000000,5.12187000,1.36944000,0.00245234,0.00318897
6.60000000,5.12237000,1.37462000,0.00252856,0.00328675
6.80000000,5.12137000,1.32416000,0.00260353,0.00338094
7.00000000,5.12137000,1.32416000,0.00267709,0.00347513
7.20000000,5.12162000,1.37929000,0.00275219,0.00357326
7.40000000,5.12237000,1.37100000,0.00282859,0.00367080
7.60000000,5.12250000,1.36880000,0.00290469,0.00376819
7.80000000,5.12250000,1.36880000,0.00298074,0.00386556
8.00000000,5.12187000,1.35952000,0.00305652,0.00396226
8.20000000,5.12112000,1.35667000,0.00313197,0.00405876
8.40000000,5.12162000,1.36179000,0.00320749,0.00415563
8.60000000,5.12162000,1.35625000,0.00328299,0.00425210
8.80000000,5.12162000,1.35625000,0.00335834,0.00434860
9.00000000,5.12250000,1.35056000,0.00343352,0.00444467
9.20000000,5.12175000,1.30534000,0.00350730,0.00453752
9.40000000,5.12162000,1.36182000,0.00358139,0.00463439
9.60000000,5.12237000,1.38822000,0.00365778,0.00473316
9.80000000,5.12237000,1.38822000,0.00373490,0.00483190
10.00000000,5.12150000,1.36854000,0.00381148,0.00492925
10.20000000,5.12125000,1.35612000,0.00388716,0.00502572
10.40000000,5.12187000,1.35369000,0.00396243,0.00512201
10.60000000,5.12187000,1.35369000,0.00403764,0.00521831
10.80000000,5.12162000,1.36694000,0.00411321,0.00531555
11.00000000,5.12212000,1.36819000,0.00418919,0.00541286
11.20000000,5.12087000,1.36409000,0.00426509,0.00550988
11.40000000,5.12187000,1.35638000,0.00434065,0.00560637
11.60000000,5.12187000,1.35638000,0.00441601,0.00570285
11.80000000,5.12162000,1.36041000,0.00449147,0.00579964
12.00000000,5.12250000,1.36156000,0.00456709,0.00589651
12.20000000,5.12262000,1.38054000,0.00464325,0.00599473
12.40000000,5.12262000,1.38054000,0.00471995,0.00609295
12.60000000,5.12212000,1.35996000,0.00479608,0.00618971
12.80000000,5.12275000,1.35414000,0.00487147,0.00628604
13.00000000,5.12187000,1.37180000,0.00494719,0.00638362
13.20000000,5.12187000,1.36169000,0.00502312,0.00648049
13.40000000,5.12187000,1.36169000,0.00509877,0.00657735
13.60000000,5.12162000,1.34076000,0.00517384,0.00667273
13.80000000,5.12212000,1.35132000,0.00524862,0.00676887
14.00000000,5.12250000,1.33286000,0.00532318,0.00686370
14.20000000,5.12250000,1.33286000,0.00539722,0.00695853
14.40000000,5.12250000,1.37014000,0.00547231,0.00705599
14.60000000,5.12150000,1.34284000,0.00554767,0.00715152
14.80000000,5.12187000,1.36035000,0.00562276,0.00724829
15.00000000,5.12187000,1.36035000,0.00569833,0.00734505
15.20000000,5.12137000,1.36320000,0.00577399,0.00744201
15.40000000,5.12112000,1.35577000,0.00584951,0.00753844
15.60000000,5.12137000,1.33203000,0.00592417,0.00763319
15.80000000,5.12125000,1.35443000,0.00599880,0.00772953
16.00000000,5.12125000,1.35443000,0.00607404,0.00782588
16.20000000,5.12175000,1.37785000,0.00614994,0.00792390
16.40000000,5.12212000,1.36505000,0.00622613,0.00802100
16.60000000,5.12175000,1.37056000,0.00630212,0.00811850
16.80000000,5.12175000,1.37056000,0.00637826,0.00821599
17.00000000,5.12137000,1.33628000,0.00645345,0.00831104
17.20000000,5.12137000,1.37955000,0.00652889,0.00840917
17.40000000,5.12175000,1.35718000,0.00660491,0.00850571
17.60000000,5.12187000,1.35888000,0.00668036,0.00860238
17.80000000,5.12187000,1.35888000,0.00675585,0.00869906
18.00000000,5.12225000,1.36236000,0.00683144,0.00879597
18.20000000,5.12187000,1.35622000,0.00690696,0.00889244
18.40000000,5.12150000,1.29686000,0.00698066,0.00898469
18.60000000,5.12150000,1.29686000,0.00705270,0.00907695
18.80000000,5.12250000,1.34886000,0.00712620,0.00917291
19.00000000,5.12212000,1.36041000,0.00720145,0.00926969
19.20000000,5.12175000,1.34918000,0.00727672,0.00936566
19.40000000,5.12150000,1.34966000,0.00735169,0.00946166
19.60000000,5.12150000,1.34966000,0.00742667,0.00955768
19.80000000,5.12212000,1.37328000,0.00750231,0.00965537
20.00000000,5.12200000,1.33212000,0.00757746,0.00975014
20.20000000,5.12200000,1.35622000,0.00765213,0.00984662
20.40000000,5.12200000,1.35622000,0.00772748,0.00994310
20.60000000,5.12237000,1.36547000,0.00780308,0.01004024
20.80000000,5.12200000,1.36560000,0.00787894,0.01013740
21.00000000,5.12262000,1.36684000,0.00795484,0.01023464
21.20000000,5.12225000,1.35347000,0.00803041,0.01033093
21.40000000,5.12225000,1.35347000,0.00810560,0.01042722
21.60000000,5.12225000,1.36128000,0.00818101,0.01052405
21.80000000,5.12187000,1.36553000,0.00825676,0.01062119
22.00000000,5.12187000,1.35948000,0.00833245,0.01071790
22.20000000,5.12187000,1.35948000,0.00840798,0.01081462
22.40000000,5.12200000,1.36924000,0.00848377,0.01091201
22.60000000,5.12162000,1.35203000,0.00855937,0.01100820
22.80000000,5.12237000,1.37331000,0.00863507,0.01110589
23.00000000,5.12162000,1.30435000,0.00870945,0.01119868
23.20000000,5.12162000,1.30435000,0.00878191,0.01129145
23.40000000,5.12125000,1.28950000,0.00885396,0.01138317
23.60000000,5.12137000,1.32681000,0.00892664,0.01147757
23.80000000,5.12250000,1.36518000,0.00900142,0.01157470
24.00000000,5.12187000,1.35849000,0.00907707,0.01167134
24.20000000,5.12187000,1.35849000,0.00915255,0.01176798
24.40000000,5.12200000,1.35888000,0.00922803,0.01186465
24.60000000,5.12187000,1.37040000,0.00930384,0.01196213
24.80000000,5.12187000,1.36537000,0.00937984,0.01205926
25.00000000,5.12187000,1.36537000,0.00945569,0.01215637
25.20000000,5.12112000,1.37036000,0.00953168,0.01225390
25.40000000,5.12425000,1.36883000,0.00960777,0.01235127
25.60000000,5.12150000,1.36665000,0.00968376,0.01244848
25.80000000,5.12237000,1.35225000,0.00975928,0.01254469
26.00000000,5.12237000,1.35225000,0.00983441,0.01264088
26.20000000,5.12175000,1.34134000,0.00990923,0.01273630
26.40000000,5.12187000,1.36684000,0.00998446,0.01283353
26.60000000,5.12250000,1.35555000,0.01006008,0.01292997
26.80000000,5.12250000,1.35555000,0.01013539,0.01302642
27.00000000,5.12250000,1.35484000,0.01021067,0.01312280
27.20000000,5.12200000,1.37267000,0.01028644,0.01322045
27.40000000,5.12237000,1.35824000,0.01036230,0.01331709
27.60000000,5.12237000,1.35824000,0.01043775,0.01341372
27.80000000,5.12262000,1.37302000,0.01051362,0.01351141
28.00000000,5.12262000,1.35446000,0.01058939,0.01360774
28.20000000,5.12075000,1.31315000,0.01066349,0.01370113
28.40000000,5.12075000,1.31315000,0.01073644,0.01379456
28.60000000,5.12275000,1.36995000,0.01081097,0.01389202
28.80000000,5.12225000,1.35244000,0.01088659,0.01398824
29.00000000,5.12212000,1.36505000,0.01096208,0.01408535
29.20000000,5.12250000,1.36089000,0.01103780,0.01418218
29.40000000,5.12250000,1.36089000,0.01111340,0.01427900
29.60000000,5.12237000,1.36236000,0.01118905,0.01437590
29.80000000,5.12162000,1.37308000,0.01126503,0.01447360
30.00000000,5.12275000,1.35728000,0.01134088,0.01457017
30.20000000,5.12275000,1.35728000,0.01141628,0.01466671
30.40000000,5.12137000,1.36211000,0.01149182,0.01476363
30.60000000,5.12287000,1.36963000,0.01156770,0.01486106
30.80000000,5.12200000,1.37180000,0.01164385,0.01495865
31.00000000,5.12212000,1.36707000,0.01171993,0.01505591
31.20000000,5.12212000,1.36707000,0.01179588,0.01515315
31.40000000,5.12175000,1.36492000,0.01187177,0.01525025
31.60000000,5.12187000,1.35910000,0.01194744,0.01534693
31.80000000,5.12200000,1.38649000,0.01202370,0.01544557
32.00000000,5.12200000,1.38649000,0.01210073,0.01554422
32.20000000,5.12275000,1.36729000,0.01217722,0.01564149
32.40000000,5.12212000,1.36502000,0.01225312,0.01573860
32.60000000,5.12225000,1.36390000,0.01232892,0.01583561
32.80000000,5.12150000,1.30745000,0.01240313,0.01592861
33.00000000,5.12150000,1.30745000,0.01247577,0.01602160
33.20000000,5.12087000,1.27532000,0.01254751,0.01611231
33.40000000,5.12112000,1.31443000,0.01261945,0.01620581
33.60000000,5.12125000,1.36908000,0.01269399,0.01630319
33.80000000,5.12175000,1.35948000,0.01276978,0.01639989
34.00000000,5.12175000,1.35948000,0.01284531,0.01649662
34.20000000,5.12250000,1.35840000,0.01292080,0.01659324
34.40000000,5.12150000,1.36572000,0.01299647,0.01669041
34.60000000,5.12250000,1.37840000,0.01307270,0.01678847
34.80000000,5.12250000,1.37840000,0.01314928,0.01688653
35.00000000,5.12187000,1.35036000,0.01322508,0.01698258
35.20000000,5.12125000,1.35180000,0.01330014,0.01707874
35.40000000,5.12175000,1.35862000,0.01337543,0.01717539
35.60000000,5.12175000,1.36902000,0.01345119,0.01727277
35.80000000,5.12175000,1.36902000,0.01352725,0.01737016
36.00000000,5.12175000,1.35961000,0.01360305,0.01746686
36.20000000,5.12112000,1.35692000,0.01367851,0.01756338
36.40000000,5.12137000,1.36896000,0.01375422,0.01766075
36.60000000,5.12137000,1.36896000,0.01383028,0.01775813
36.80000000,5.12137000,1.35363000,0.01390591,0.01785441
37.00000000,5.12125000,1.36355000,0.01398138,0.01795141
37.20000000,5.12175000,1.38768000,0.01405781,0.01805011
37.40000000,5.12137000,1.35299000,0.01413394,0.01814635
37.60000000,5.12137000,1.35299000,0.01420910,0.01824260
37.80000000,5.12187000,1.35952000,0.01428445,0.01833931
38.00000000,5.12162000,1.31363000,0.01435870,0.01843275
38.20000000,5.12187000,1.33465000,0.01443227,0.01852770
38.40000000,5.12187000,1.33465000,0.01450641,0.01862264
38.60000000,5.12175000,1.36998000,0.01458154,0.01872010
38.80000000,5.12200000,1.35875000,0.01465734,0.01881674
39.00000000,5.12137000,1.36595000,0.01473303,0.01891391
39.20000000,5.12162000,1.36153000,0.01480879,0.01901076
39.40000000,5.12162000,1.36153000,0.01488443,0.01910763
39.60000000,5.12237000,1.38483000,0.01496072,0.01920615
39.80000000,5.12250000,1.37212000,0.01503730,0.01930376
40.00000000,5.12187000,1.37430000,0.01511359,0.01940152
40.20000000,5.12187000,1.37430000,0.01518994,0.01949928
40.40000000,5.12175000,1.35974000,0.01526588,0.01959602
40.60000000,5.12212000,1.36412000,0.01534155,0.01969305
40.80000000,5.12175000,1.35715000,0.01541714,0.01978960
41.00000000,5.12225000,1.36656000,0.01549280,0.01988682
41.20000000,5.12225000,1.36656000,0.01556872,0.01998403
41.40000000,5.12187000,1.35324000,0.01564427,0.02008029
41.60000000,5.12150000,1.36044000,0.01571965,0.02017707
41.80000000,5.12200000,1.36950000,0.01579548,0.02027449
42.00000000,5.12200000,1.36950000,0.01587156,0.02037192
42.20000000,5.12212000,1.37942000,0.01594792,0.02047003
42.40000000,5.12100000,1.36464000,0.01602414,0.02056710
42.60000000,5.12162000,1.44848000,0.01610229,0.02067014
42.80000000,5.12200000,1.38768000,0.01618107,0.02076886
43.00000000,5.12200000,1.38768000,0.01625816,0.02086757
43.20000000,5.12187000,1.36585000,0.01633465,0.02096473
43.40000000,5.12150000,1.35200000,0.01641015,0.02106089
43.60000000,5.12137000,1.37270000,0.01648583,0.02115853
43.80000000,5.12137000,1.37270000,0.01656209,0.02125618
44.00000000,5.12162000,1.33923000,0.01663742,0.02135144
44.20000000,5.12150000,1.36864000,0.01671264,0.02144879
44.40000000,5.12137000,1.36313000,0.01678853,0.02154575
44.60000000,5.12137000,1.36313000,0.01686425,0.02164273
44.80000000,5.12225000,1.34614000,0.01693951,0.02173849
45.00000000,5.12162000,1.38227000,0.01701530,0.02183683
45.20000000,5.12237000,1.38646000,0.01709221,0.02193545
45.40000000,5.12187000,1.36851000,0.01716874,0.02203281
45.60000000,5.12187000,1.36851000,0.01724477,0.02213017
45.80000000,5.12262000,1.35200000,0.01732034,0.02222633
46.00000000,5.12087000,1.34969000,0.01739538,0.02232233
46.20000000,5.12125000,1.36726000,0.01747085,0.02241958
46.40000000,5.12125000,1.36726000,0.01754681,0.02251686
46.60000000,5.12250000,1.36524000,0.01762271,0.02261397
46.80000000,5.12162000,1.35571000,0.01769830,0.02271041
47.00000000,5.12175000,1.35881000,0.01777370,0.02280707
47.20000000,5.12187000,1.32316000,0.01784820,0.02290120
47.40000000,5.12187000,1.32316000,0.01792171,0.02299531
47.60000000,5.12125000,1.30060000,0.01799459,0.02308782
47.80000000,5.12100000,1.28566000,0.01806643,0.02317925
48.00000000,5.12062000,1.36345000,0.01814002,0.02327622
48.20000000,5.12062000,1.36345000,0.01821576,0.02337321
48.40000000,5.12187000,1.35740000,0.01829134,0.02346978
48.60000000,5.12187000,1.36598000,0.01836699,0.02356695
48.80000000,5.12187000,1.36224000,0.01844278,0.02366387
49.00000000,5.12275000,1.36816000,0.01851862,0.02376121
49.20000000,5.12275000,1.36816000,0.01859463,0.02385854
49.40000000,5.12187000,1.34371000,0.01866996,0.02395413
49.60000000,5.12187000,1.37244000,0.01874541,0.02405177
49.80000000,5.12262000,1.37065000,0.01882161,0.02414929
50.00000000,5.12262000,1.37350000,0.01889783,0.02424701
50.20000000,5.12262000,1.37350000,0.01897414,0.02434472
50.40000000,5.12187000,1.35548000,0.01904994,0.02444115
50.60000000,5.12237000,1.37379000,0.01912576,0.02453888
50.80000000,5.12187000,1.36742000,0.01920190,0.02463616
51.00000000,5.12187000,1.36742000,0.01927787,0.02473343
51.20000000,5.12162000,1.37468000,0.01935404,0.02483122
51.40000000,5.12225000,1.38358000,0.01943066,0.02492965
51.60000000,5.12212000,1.36377000,0.01950697,0.02502667
51.80000000,5.12225000,1.38140000,0.01958323,0.02512495
52.00000000,5.12225000,1.38140000,0.01965997,0.02522324
52.20000000,5.12275000,1.37612000,0.01973657,0.02532113
52.40000000,5.12175000,1.32003000,0.01981146,0.02541502
52.60000000,5.12125000,1.35744000,0.01988584,0.02551157
52.80000000,5.12125000,1.35744000,0.01996125,0.02560814
53.00000000,5.12200000,1.36617000,0.02003690,0.02570533
53.20000000,5.12225000,1.35696000,0.02011255,0.02580186
53.40000000,5.12162000,1.38288000,0.02018865,0.02590024
53.60000000,5.12237000,1.37619000,0.02026529,0.02599815
53.80000000,5.12237000,1.37619000,0.02034175,0.02609606
54.00000000,5.12250000,1.36115000,0.02041779,0.02619287
54.20000000,5.12125000,1.37302000,0.02049374,0.02629054
54.40000000,5.12150000,1.35897000,0.02056962,0.02638721
54.60000000,5.12150000,1.35897000,0.02064512,0.02648387
54.80000000,5.12162000,1.38278000,0.02072128,0.02658224
55.00000000,5.12162000,1.36086000,0.02079749,0.02667904
55.20000000,5.12162000,1.36873000,0.02087332,0.02677640
55.40000000,5.12162000,1.35865000,0.02094908,0.02687305
55.60000000,5.12162000,1.35865000,0.02102456,0.02696969
55.80000000,5.12150000,1.34966000,0.02109979,0.02706571
56.00000000,5.12237000,1.36396000,0.02117517,0.02716273
56.20000000,5.12150000,1.36726000,0.02125103,0.02725999
56.40000000,5.12150000,1.36726000,0.02132699,0.02735724
56.60000000,5.12150000,1.36294000,0.02140283,0.02745421
56.80000000,5.12250000,1.39084000,0.02147933,0.02755315
57.00000000,5.12175000,1.34105000,0.02155521,0.02764855
57.20000000,5.12175000,1.30310000,0.02162866,0.02774124
57.40000000,5.12175000,1.30310000,0.02170105,0.02783395
57.60000000,5.12262000,1.27891000,0.02177278,0.02792491
57.80000000,5.12087000,1.25228000,0.02184309,0.02801399
58.00000000,5.12125000,1.30956000,0.02191425,0.02810713
58.20000000,5.12125000,1.30956000,0.02198700,0.02820029
58.40000000,5.12187000,1.27430000,0.02205878,0.02829094
58.60000000,5.12162000,1.32486000,0.02213098,0.02838519
58.80000000,5.12225000,1.36918000,0.02220581,0.02848260
59.00000000,5.12225000,1.36918000,0.02228188,0.02858000
59.20000000,5.12187000,1.36960000,0.02235795,0.02867744
59.40000000,5.12250000,1.37104000,0.02243408,0.02877498
59.60000000,5.12237000,1.37526000,0.02251037,0.02887281
59.80000000,5.12187000,1.37744000,0.02258683,0.02897080
60.00000000,5.12187000,1.37744000,0.02266336,0.02906878
60.20000000,5.12175000,1.36000000,0.02273940,0.02916552
60.40000000,5.12137000,1.36531000,0.02281510,0.02926265
60.60000000,5.12187000,1.35932000,0.02289078,0.02935934
60.80000000,5.12187000,1.35932000,0.02296630,0.02945604
61.00000000,5.12187000,1.35670000,0.02304175,0.02955256
61.20000000,5.12225000,1.36681000,0.02311740,0.02964979
61.40000000,5.12187000,1.34617000,0.02319276,0.02974555
61.60000000,5.12162000,1.35724000,0.02326786,0.02984209
61.80000000,5.12162000,1.35724000,0.02334326,0.02993865
62.00000000,5.12225000,1.35952000,0.02341872,0.03003536
62.20000000,5.12187000,1.38979000,0.02349509,0.03013424
62.40000000,5.12225000,1.37126000,0.02357179,0.03023179
62.60000000,5.12225000,1.37126000,0.02364797,0.03032934
62.80000000,5.12175000,1.36163000,0.02372388,0.03042620
63.00000000,5.12175000,1.36880000,0.02379973,0.03052358
63.20000000,5.12225000,1.34444000,0.02387510,0.03061922
63.40000000,5.12212000,1.36880000,0.02395046,0.03071660
63.60000000,5.12212000,1.36880000,0.02402651,0.03081397
63.80000000,5.12187000,1.35948000,0.02410229,0.03091068
64.00000000,5.12187000,1.37388000,0.02417822,0.03100842
64.20000000,5.12237000,1.35804000,0.02425411,0.03110504
64.40000000,5.12150000,1.33913000,0.02432903,0.03120030
64.60000000,5.12150000,1.33913000,0.02440343,0.03129554
64.80000000,5.12100000,1.36806000,0.02447862,0.03139286
65.00000000,5.12175000,1.35872000,0.02455437,0.03148951
65.20000000,5.12150000,1.37801000,0.02463039,0.03158753
65.40000000,5.12150000,1.37801000,0.02470695,0.03168557
65.60000000,5.12275000,1.36256000,0.02478307,0.03178251
65.80000000,5.12225000,1.37555000,0.02485913,0.03188038
66.00000000,5.12287000,1.36592000,0.02493528,0.03197757
66.20000000,5.12187000,1.37264000,0.02501135,0.03207521
66.40000000,5.12187000,1.37264000,0.02508761,0.03217286
66.60000000,5.12225000,1.36284000,0.02516360,0.03226982
66.80000000,5.12225000,1.36332000,0.02523932,0.03236679
67.00000000,5.12112000,1.38396000,0.02531564,0.03246522
67.20000000,5.12112000,1.38396000,0.02539252,0.03256369
67.40000000,5.12237000,1.33196000,0.02546797,0.03265843
67.60000000,5.12150000,1.35299000,0.02554255,0.03275468
67.80000000,5.12200000,1.33580000,0.02561724,0.03284971
68.00000000,5.12200000,1.33580000,0.02569145,0.03294473
68.20000000,5.12200000,1.38633000,0.02576706,0.03304336
68.40000000,5.12225000,1.35897000,0.02584332,0.03314003
68.60000000,5.12150000,1.36252000,0.02591892,0.03323695
68.80000000,5.12212000,1.38051000,0.02599511,0.03333516
69.00000000,5.12212000,1.38051000,0.02607181,0.03343336
69.20000000,5.12187000,1.37260000,0.02614828,0.03353103
69.40000000,5.12312000,1.36630000,0.02622436,0.03362824
69.60000000,5.12262000,1.37318000,0.02630046,0.03372594
69.80000000,5.12262000,1.37318000,0.02637675,0.03382362
70.00000000,5.12200000,1.36281000,0.02645275,0.03392056
70.20000000,5.12162000,1.33596000,0.02652771,0.03401560
70.40000000,5.12212000,1.36844000,0.02660284,0.03411296
70.60000000,5.12212000,1.36844000,0.02667886,0.03421031
70.80000000,5.12212000,1.36822000,0.02675488,0.03430764
71.00000000,5.12212000,1.35929000,0.02683064,0.03440435
71.20000000,5.12225000,1.37417000,0.02690657,0.03450210
71.40000000,5.12200000,1.38438000,0.02698320,0.03460059
71.60000000,5.12200000,1.38438000,0.02706011,0.03469909
71.80000000,5.12312000,1.35628000,0.02713624,0.03479558
72.00000000,5.12212000,1.36518000,0.02721183,0.03489271
72.20000000,5.12250000,1.37168000,0.02728786,0.03499029
72.40000000,5.12250000,1.37168000,0.02736406,0.03508787
72.60000000,5.12187000,1.29280000,0.02743808,0.03517985
72.80000000,5.12262000,1.35232000,0.02751155,0.03527607
73.00000000,5.12262000,1.36393000,0.02758700,0.03537312
73.20000000,5.12312000,1.37798000,0.02766317,0.03547116
73.40000000,5.12312000,1.37798000,0.02773972,0.03556921
73.60000000,5.12287000,1.36972000,0.02781605,0.03566666
73.80000000,5.12250000,1.34233000,0.02789138,0.03576216
74.00000000,5.12262000,1.36192000,0.02796650,0.03585906
74.20000000,5.12262000,1.36192000,0.02804216,0.03595598
74.40000000,5.12362000,1.37267000,0.02811812,0.03605365
74.60000000,5.12300000,1.38012000,0.02819459,0.03615184
74.80000000,5.12287000,1.36870000,0.02827094,0.03624922
75.00000000,5.12275000,1.32944000,0.02834589,0.03634381
75.20000000,5.12275000,1.32944000,0.02841975,0.03643840
75.40000000,5.12287000,1.36742000,0.02849466,0.03653569
75.60000000,5.12250000,1.36259000,0.02857050,0.03663262
75.80000000,5.12200000,1.36668000,0.02864631,0.03672986
76.00000000,5.12275000,1.36681000,0.02872224,0.03682711
76.20000000,5.12275000,1.36681000,0.02879817,0.03692435
76.40000000,5.12225000,1.36691000,0.02887411,0.03702160
76.60000000,5.12250000,1.37529000,0.02895028,0.03711944
76.80000000,5.12225000,1.36556000,0.02902642,0.03721659
77.00000000,5.12225000,1.36556000,0.02910228,0.03731374
77.20000000,5.12237000,1.34800000,0.02917766,0.03740963
77.40000000,5.12187000,1.34569000,0.02925248,0.03750537
77.60000000,5.12212000,1.36390000,0.02932775,0.03760239
77.80000000,5.12212000,1.36710000,0.02940361,0.03769965
78.00000000,5.12212000,1.36710000,0.02947956,0.03779692
78.20000000,5.12275000,1.37081000,0.02955561,0.03789443
78.40000000,5.12187000,1.36108000,0.02963150,0.03799127
78.60000000,5.12262000,1.34208000,0.02970659,0.03808676
78.80000000,5.12262000,1.34208000,0.02978115,0.03818224
79.00000000,5.12262000,1.36028000,0.02985621,0.03827902
79.20000000,5.12225000,1.37945000,0.02993232,0.03837717
79.40000000,5.12300000,1.36694000,0.03000861,0.03847443
79.60000000,5.12300000,1.36694000,0.03008455,0.03857167
79.80000000,5.12212000,1.35270000,0.03016009,0.03866789
80.00000000,5.12150000,1.37312000,0.03023581,0.03876558
80.20000000,5.12200000,1.35379000,0.03031156,0.03886190
80.40000000,5.12262000,1.37395000,0.03038733,0.03895965
80.60000000,5.12262000,1.37395000,0.03046366,0.03905741
80.80000000,5.12287000,1.37897000,0.03054013,0.03915552
81.00000000,5.12262000,1.34710000,0.03061585,0.03925135
81.20000000,5.12212000,1.33667000,0.03069040,0.03934644
81.40000000,5.12212000,1.33667000,0.03076466,0.03944153
81.60000000,5.12200000,1.36905000,0.03083982,0.03953893
81.80000000,5.12225000,1.35104000,0.03091538,0.03963505
82.00000000,5.12237000,1.36118000,0.03099072,0.03973189
82.20000000,5.12225000,1.37331000,0.03106668,0.03982959
82.40000000,5.12225000,1.37331000,0.03114297,0.03992728
82.60000000,5.12200000,1.33884000,0.03121831,0.04002254
82.80000000,5.12250000,1.36064000,0.03129329,0.04011935
83.00000000,5.12300000,1.37072000,0.03136916,0.04021688
83.20000000,5.12300000,1.37072000,0.03144532,0.04031440
83.40000000,5.12250000,1.36502000,0.03152131,0.04041152
83.60000000,5.12250000,1.37382000,0.03159739,0.04050926
83.80000000,5.12250000,1.36035000,0.03167334,0.04060604
84.00000000,5.12250000,1.36035000,0.03174891,0.04070283
84.20000000,5.12287000,1.37302000,0.03182484,0.04080052
84.40000000,5.12287000,1.36544000,0.03190091,0.04089767
84.60000000,5.12262000,1.37830000,0.03197712,0.04099573
84.80000000,5.12250000,1.36566000,0.03205334,0.04109289
85.00000000,5.12250000,1.36566000,0.03212921,0.04119005
85.20000000,5.12262000,1.36518000,0.03220507,0.04128718
85.40000000,5.12225000,1.37158000,0.03228109,0.04138476
85.60000000,5.12262000,1.35372000,0.03235679,0.04148105
85.80000000,5.12150000,1.40668000,0.03243347,0.04158111
86.00000000,5.12150000,1.40668000,0.03251162,0.04168123
86.20000000,5.12412000,1.42592000,0.03259030,0.04178268
86.40000000,5.12262000,1.34179000,0.03266718,0.04187812
86.60000000,5.12150000,1.31216000,0.03274091,0.04197146
86.80000000,5.12150000,1.31216000,0.03281380,0.04206481
87.00000000,5.12225000,1.36649000,0.03288821,0.04216203
87.20000000,5.12250000,1.36515000,0.03296409,0.04225915
87.40000000,5.12262000,1.34729000,0.03303943,0.04235501
87.60000000,5.12275000,1.36297000,0.03311472,0.04245199
87.80000000,5.12275000,1.36297000,0.03319044,0.04254896
88.00000000,5.12275000,1.37664000,0.03326654,0.04264691
88.20000000,5.12287000,1.35475000,0.03334241,0.04274329
88.40000000,5.12212000,1.35990000,0.03341782,0.04284003
88.60000000,5.12212000,1.35990000,0.03349337,0.04293677
88.80000000,5.12187000,1.36876000,0.03356917,0.04303414
89.00000000,5.12187000,1.36054000,0.03364498,0.04313093
89.20000000,5.12200000,1.36348000,0.03372065,0.04322794
89.40000000,5.12287000,1.36313000,0.03379639,0.04332493
89.60000000,5.12287000,1.36313000,0.03387212,0.04342193
89.80000000,5.12350000,1.39225000,0.03394865,0.04352099
90.00000000,5.12287000,1.37011000,0.03402539,0.04361847
90.20000000,5.12262000,1.36460000,0.03410135,0.04371556
90.40000000,5.12262000,1.36460000,0.03417716,0.04381265
90.60000000,5.12312000,1.37094000,0.03425315,0.04391019
90.80000000,5.12250000,1.36956000,0.03432927,0.04400764
91.00000000,5.12300000,1.35846000,0.03440505,0.04410429
91.20000000,5.12275000,1.34172000,0.03448006,0.04419975
91.40000000,5.12275000,1.34172000,0.03455460,0.04429521
91.60000000,5.12262000,1.35910000,0.03462962,0.04439191
91.80000000,5.12237000,1.35548000,0.03470502,0.04448833
92.00000000,5.12200000,1.38713000,0.03478121,0.04458701
92.20000000,5.12200000,1.38713000,0.03485827,0.04468572
92.40000000,5.12362000,1.37203000,0.03493491,0.04478332
92.60000000,5.12175000,1.36899000,0.03501105,0.04488071
92.80000000,5.12200000,1.37824000,0.03508737,0.04497876
93.00000000,5.12350000,1.41136000,0.03516485,0.04507919
93.20000000,5.12350000,1.41136000,0.03524326,0.04517962
93.40000000,5.12325000,1.41500000,0.03532177,0.04528030
93.60000000,5.12287000,1.37456000,0.03539926,0.04537810
93.80000000,5.12300000,1.36076000,0.03547524,0.04547492
94.00000000,5.12300000,1.36076000,0.03555084,0.04557175
94.20000000,5.12312000,1.36294000,0.03562650,0.04566872
94.40000000,5.12287000,1.32764000,0.03570124,0.04576318
94.60000000,5.12287000,1.38057000,0.03577646,0.04586141
94.80000000,5.12312000,1.37542000,0.03585302,0.04595928
95.00000000,5.12312000,1.37542000,0.03592943,0.04605714
95.20000000,5.12262000,1.36755000,0.03600563,0.04615443
95.40000000,5.12225000,1.36755000,0.03608160,0.04625173
95.60000000,5.12312000,1.36755000,0.03615758,0.04634904
95.80000000,5.12312000,1.36755000,0.03623355,0.04644633
96.00000000,5.12237000,1.31161000,0.03630797,0.04653964
96.20000000,5.12175000,1.34368000,0.03638173,0.04663524
96.40000000,5.12262000,1.36985000,0.03645711,0.04673270
96.60000000,5.12262000,1.36985000,0.03653321,0.04683015
96.80000000,5.12225000,1.37936000,0.03660958,0.04692828
97.00000000,5.12200000,1.36230000,0.03668573,0.04702520
97.20000000,5.12250000,1.37702000,0.03676182,0.04712317
97.40000000,5.12262000,1.37027000,0.03683814,0.04722066
97.60000000,5.12262000,1.37027000,0.03691426,0.04731815
97.80000000,5.12225000,1.36422000,0.03699022,0.04741519
98.00000000,5.12175000,1.29904000,0.03706420,0.04750762
98.20000000,5.12262000,1.39203000,0.03713895,0.04760665
98.40000000,5.12262000,1.39203000,0.03721629,0.04770569
98.60000000,5.12250000,1.36985000,0.03729301,0.04780315
98.80000000,5.12250000,1.37417000,0.03736923,0.04790090
99.00000000,5.12175000,1.36169000,0.03744523,0.04799777
99.20000000,5.12187000,1.35363000,0.03752065,0.04809406
99.40000000,5.12187000,1.35363000,0.03759585,0.04819036
99.60000000,5.12212000,1.36480000,0.03767137,0.04828746
99.80000000,5.12225000,1.37984000,0.03774761,0.04838561
100.00000000,5.12162000,1.36515000,0.03782386,0.04848272
100.20000000,5.12212000,1.33612000,0.03789889,0.04857777
100.40000000,5.12212000,1.33612000,0.03797312,0.04867281
100.60000000,5.12125000,1.34579000,0.03804762,0.04876854
100.80000000,5.12175000,1.36768000,0.03812299,0.04886583
101.00000000,5.12187000,1.36761000,0.03819897,0.04896312
101.20000000,5.12187000,1.36761000,0.03827495,0.04906040
101.40000000,5.12175000,1.37097000,0.03835102,0.04915794
101.60000000,5.12237000,1.37270000,0.03842723,0.04925559
101.80000000,5.12162000,1.33916000,0.03850256,0.04935085
102.00000000,5.12200000,1.36009000,0.03857754,0.04944761
102.20000000,5.12200000,1.36009000,0.03865310,0.04954437
102.40000000,5.12250000,1.36816000,0.03872889,0.04964170
102.60000000,5.12212000,1.34086000,0.03880414,0.04973708
102.80000000,5.12162000,1.35980000,0.03887916,0.04983381
103.00000000,5.12162000,1.35980000,0.03895470,0.04993055
103.20000000,5.12212000,1.36672000,0.03903044,0.05002778
103.40000000,5.12237000,1.36972000,0.03910645,0.05012524
103.60000000,5.12262000,1.35840000,0.03918223,0.05022189
103.80000000,5.12287000,1.37356000,0.03925812,0.05031962
104.00000000,5.12287000,1.37356000,0.03933443,0.05041735
104.20000000,5.12300000,1.37379000,0.03941074,0.05051509
104.40000000,5.12275000,1.36204000,0.03948674,0.05061199
104.60000000,5.12225000,1.36374000,0.03956246,0.05070901
104.80000000,5.12225000,1.36374000,0.03963822,0.05080603
105.00000000,5.12212000,1.35577000,0.03971376,0.05090249
105.20000000,5.12275000,1.33801000,0.03978859,0.05099770
105.40000000,5.12312000,1.35577000,0.03986342,0.05109416
105.60000000,5.12287000,1.37273000,0.03993921,0.05119183
105.80000000,5.12287000,1.37273000,0.04001547,0.05128950
106.00000000,5.12250000,1.36630000,0.04009155,0.05138670
106.20000000,5.12262000,1.37196000,0.04016762,0.05148431
106.40000000,5.12250000,1.34960000,0.04024322,0.05158033
106.60000000,5.12250000,1.34960000,0.04031819,0.05167634
106.80000000,5.12175000,1.37433000,0.04039386,0.05177412
107.00000000,5.12275000,1.36329000,0.04046990,0.05187111
107.20000000,5.12237000,1.37152000,0.04054587,0.05196868
107.40000000,5.12325000,1.36716000,0.04062194,0.05206597
107.60000000,5.12325000,1.36716000,0.04069790,0.05216323
107.80000000,5.12250000,1.36780000,0.04077387,0.05226055
108.00000000,5.12287000,1.36448000,0.04084977,0.05235764
108.20000000,5.12275000,1.38067000,0.04092602,0.05245587
108.40000000,5.12275000,1.38067000,0.04100272,0.05255410
108.60000000,5.12262000,1.37734000,0.04107933,0.05265209
108.80000000,5.12237000,1.36892000,0.04115562,0.05274949
109.00000000,5.12287000,1.37862000,0.04123194,0.05284758
109.20000000,5.12287000,1.37862000,0.04130853,0.05294566
109.40000000,5.12225000,1.36928000,0.04138486,0.05304307
109.60000000,5.12200000,1.38748000,0.04146144,0.05314179
109.80000000,5.12287000,1.30384000,0.04153620,0.05323456
110.00000000,5.12162000,1.33804000,0.04160958,0.05332974
110.20000000,5.12162000,1.33804000,0.04168392,0.05342493
110.40000000,5.12225000,1.36124000,0.04175890,0.05352177
110.60000000,5.12237000,1.34480000,0.04183407,0.05361742
110.80000000,5.12087000,1.35718000,0.04190912,0.05371395
111.00000000,5.12087000,1.35718000,0.04198452,0.05381051
111.20000000,5.12287000,1.37142000,0.04206031,0.05390808
111.40000000,5.12212000,1.38620000,0.04213691,0.05400668
111.60000000,5.12162000,1.37408000,0.04221359,0.05410443
111.80000000,5.12187000,1.36652000,0.04228972,0.05420164
112.00000000,5.12187000,1.36652000,0.04236563,0.05429886
112.20000000,5.12250000,1.39251000,0.04244227,0.05439793
112.40000000,5.12212000,1.38134000,0.04251933,0.05449618
112.60000000,5.12162000,1.35740000,0.04259540,0.05459274
112.80000000,5.12162000,1.35740000,0.04267081,0.05468931
113.00000000,5.12237000,1.37926000,0.04274683,0.05478745
113.20000000,5.12300000,1.36944000,0.04282318,0.05488488
113.40000000,5.12237000,1.36617000,0.04289917,0.05498208
113.60000000,5.12275000,1.36313000,0.04297499,0.05507907
113.80000000,5.12275000,1.36313000,0.04305072,0.05517605
114.00000000,5.12287000,1.32787000,0.04312547,0.05527054
114.20000000,5.12300000,1.36268000,0.04320020,0.05536747
114.40000000,5.12187000,1.34697000,0.04327547,0.05546329
114.60000000,5.12187000,1.34697000,0.04335030,0.05555912
114.80000000,5.12225000,1.33280000,0.04342474,0.05565395
115.00000000,5.12287000,1.37542000,0.04349997,0.05575180
115.20000000,5.12212000,1.36588000,0.04357612,0.05584896
115.40000000,5.12187000,1.35596000,0.04365172,0.05594542
115.60000000,5.12187000,1.35596000,0.04372705,0.05604189
115.80000000,5.12225000,1.37731000,0.04380298,0.05613987
116.00000000,5.12212000,1.36048000,0.04387903,0.05623665
116.20000000,5.12200000,1.36976000,0.04395487,0.05633410
116.40000000,5.12200000,1.36976000,0.04403097,0.05643155
116.60000000,5.12262000,1.35104000,0.04410654,0.05652766
116.80000000,5.12212000,1.37100000,0.04418216,0.05662521
117.00000000,5.12262000,1.37331000,0.04425839,0.05672290
117.20000000,5.12200000,1.37449000,0.04433472,0.05682068
117.40000000,5.12200000,1.37449000,0.04441108,0.05691847
117.60000000,5.12225000,1.36419000,0.04448715,0.05701552
117.80000000,5.12250000,1.35785000,0.04456276,0.05711212
118.00000000,5.12225000,1.36585000,0.04463842,0.05720929
118.20000000,5.12250000,1.36672000,0.04471433,0.05730653
118.40000000,5.12250000,1.36672000,0.04479025,0.05740376
118.60000000,5.12200000,1.35974000,0.04486599,0.05750050
118.80000000,5.12237000,1.36825000,0.04494177,0.05759783
119.00000000,5.12187000,1.36822000,0.04501778,0.05769516
119.20000000,5.12187000,1.36822000,0.04509379,0.05779250
119.40000000,5.12237000,1.28057000,0.04516737,0.05788361
119.60000000,5.12250000,1.36441000,0.04524084,0.05798067
119.80000000,5.12175000,1.36576000,0.04531668,0.05807782
120.00000000,5.12175000,1.36576000,0.04539255,0.05817497
120.20000000,5.12175000,1.36592000,0.04546843,0.05827216
120.40000000,5.12262000,1.39024000,0.04554499,0.05837106
120.60000000,5.12212000,1.37376000,0.04562177,0.05846879
120.80000000,5.12212000,1.37376000,0.04569809,0.05856653
121.00000000,5.12262000,1.37065000,0.04577433,0.05866403
121.20000000,5.12175000,1.37833000,0.04585069,0.05876208
121.40000000,5.12212000,1.37273000,0.04592711,0.05885974
121.60000000,5.12187000,1.36988000,0.04600329,0.05895719
121.80000000,5.12187000,1.36988000,0.04607939,0.05905465
122.00000000,5.12262000,1.37465000,0.04615563,0.05915244
122.20000000,5.12212000,1.36092000,0.04623162,0.05924926
122.40000000,5.12212000,1.35369000,0.04630702,0.05934556
122.60000000,5.12212000,1.35369000,0.04638223,0.05944186
122.80000000,5.12175000,1.34016000,0.04645706,0.05953720
123.00000000,5.12212000,1.34937000,0.04653177,0.05963319
123.20000000,5.12200000,1.36675000,0.04660722,0.05973043
123.40000000,5.12250000,1.37472000,0.04668337,0.05982823
123.60000000,5.12250000,1.37472000,0.04675974,0.05992603
123.80000000,5.12225000,1.36460000,0.04683583,0.06002310
124.00000000,5.12137000,1.31542000,0.04691028,0.06011667
124.20000000,5.12175000,1.36880000,0.04698484,0.06021404
124.40000000,5.12175000,1.36880000,0.04706088,0.06031141
124.60000000,5.12162000,1.35392000,0.04713651,0.06040774
124.80000000,5.12262000,1.38553000,0.04721261,0.06050631
125.00000000,5.12250000,1.38076000,0.04728945,0.06060455
125.20000000,5.12250000,1.37158000,0.04736591,0.06070213
125.40000000,5.12250000,1.37158000,0.04744210,0.06079970
125.60000000,5.12212000,1.36889000,0.04751823,0.06089710
125.80000000,5.12275000,1.38073000,0.04759461,0.06099534
126.00000000,5.12262000,1.36108000,0.04767077,0.06109217
126.20000000,5.12237000,1.35840000,0.04774631,0.06118881
126.40000000,5.12237000,1.35840000,0.04782178,0.06128547
126.60000000,5.12287000,1.36560000,0.04789744,0.06138263
126.80000000,5.12275000,1.36265000,0.04797323,0.06147958
127.00000000,5.12275000,1.38486000,0.04804955,0.06157811
127.20000000,5.12275000,1.38486000,0.04812648,0.06167665
127.40000000,5.12325000,1.38028000,0.04820329,0.06177487
127.60000000,5.12325000,1.36816000,0.04827964,0.06187222
127.80000000,5.12325000,1.35766000,0.04835536,0.06196883
128.00000000,5.12300000,1.36688000,0.04843104,0.06206608
128.20000000,5.12300000,1.36688000,0.04850698,0.06216335
128.40000000,5.12337000,1.37363000,0.04858310,0.06226110
128.60000000,5.12350000,1.32780000,0.04865814,0.06235554
128.80000000,5.12100000,1.26758000,0.04873023,0.06244569
129.00000000,5.12100000,1.26758000,0.04880066,0.06253587
129.20000000,5.12200000,1.28956000,0.04887169,0.06262760
129.40000000,5.12175000,1.29993000,0.04894362,0.06272008
129.60000000,5.12212000,1.37811000,0.04901801,0.06281812
129.80000000,5.12212000,1.35705000,0.04909398,0.06291466
130.00000000,5.12212000,1.35705000,0.04916938,0.06301122
130.20000000,5.12325000,1.46604000,0.04924780,0.06311553
130.40000000,5.12300000,1.36528000,0.04932644,0.06321266
130.60000000,5.12212000,1.36995000,0.04940242,0.06331012
130.80000000,5.12212000,1.36995000,0.04947853,0.06340759
131.00000000,5.12262000,1.37200000,0.04955470,0.06350519
131.20000000,5.12212000,1.36585000,0.04963075,0.06360235
131.40000000,5.12175000,1.36902000,0.04970672,0.06369975
131.60000000,5.12212000,1.36684000,0.04978271,0.06379698
131.80000000,5.12212000,1.36684000,0.04985865,0.06389421
132.00000000,5.12175000,1.36544000,0.04993454,0.06399135
132.20000000,5.12212000,1.38403000,0.05001092,0.06408981
132.40000000,5.12212000,1.37331000,0.05008751,0.06418751
132.60000000,5.12212000,1.37331000,0.05016381,0.06428520
132.80000000,5.12137000,1.35660000,0.05023964,0.06438169
133.00000000,5.12125000,1.36540000,0.05031525,0.06447883
133.20000000,5.12250000,1.35686000,0.05039087,0.06457537
133.40000000,5.12237000,1.34003000,0.05046578,0.06467070
133.60000000,5.12237000,1.34003000,0.05054023,0.06476604
133.80000000,5.12262000,1.36787000,0.05061545,0.06486337
134.00000000,5.12312000,1.33152000,0.05069043,0.06495809
134.20000000,5.12187000,1.34224000,0.05076470,0.06505357
134.40000000,5.12187000,1.34224000,0.05083927,0.06514907
134.60000000,5.12237000,1.36192000,0.05091438,0.06524596
134.80000000,5.12237000,1.37024000,0.05099028,0.06534344
135.00000000,5.12225000,1.39059000,0.05106697,0.06544237
135.20000000,5.12225000,1.39059000,0.05114422,0.06554130
135.40000000,5.12212000,1.36707000,0.05122082,0.06563856
135.60000000,5.12250000,1.38886000,0.05129738,0.06573737
135.80000000,5.12237000,1.36710000,0.05137393,0.06583463
136.00000000,5.12287000,1.36057000,0.05144970,0.06593144
136.20000000,5.12287000,1.36057000,0.05152529,0.06602824
136.40000000,5.12287000,1.36950000,0.05160112,0.06612568
136.60000000,5.12250000,1.37180000,0.05167727,0.06622326
136.80000000,5.12200000,1.36873000,0.05175340,0.06632063
137.00000000,5.12200000,1.36873000,0.05182944,0.06641802
137.20000000,5.12287000,1.37433000,0.05190563,0.06651580
137.40000000,5.12250000,1.36422000,0.05198170,0.06661285
137.60000000,5.12225000,1.36950000,0.05205764,0.06671029
137.80000000,5.12275000,1.36854000,0.05213370,0.06680766
138.00000000,5.12275000,1.36854000,0.05220973,0.06690502
138.20000000,5.12200000,1.36496000,0.05228566,0.06700212
138.40000000,5.12225000,1.37596000,0.05236179,0.06710002
138.60000000,5.12262000,1.35081000,0.05243754,0.06719613
138.80000000,5.12262000,1.35081000,0.05251258,0.06729222
139.00000000,5.12212000,1.33561000,0.05258721,0.06738725
139.20000000,5.12287000,1.36352000,0.05266218,0.06748426
139.40000000,5.12225000,1.37417000,0.05273823,0.06758202
139.60000000,5.12225000,1.34892000,0.05281387,0.06767799
139.80000000,5.12225000,1.34892000,0.05288881,0.06777397
140.00000000,5.12325000,1.34416000,0.05296362,0.06786960
140.20000000,5.12262000,1.38819000,0.05303952,0.06796836
140.40000000,5.12225000,1.37417000,0.05311625,0.06806612
140.60000000,5.12225000,1.37417000,0.05319259,0.06816388
140.80000000,5.12200000,1.35664000,0.05326845,0.06826039
141.00000000,5.12187000,1.36998000,0.05334419,0.06835785
141.20000000,5.12212000,1.37491000,0.05342043,0.06845566
141.40000000,5.12225000,1.37606000,0.05349685,0.06855356
141.60000000,5.12225000,1.37606000,0.05357330,0.06865148
141.80000000,5.12325000,1.37120000,0.05364961,0.06874902
142.00000000,5.12212000,1.36316000,0.05372556,0.06884602
142.20000000,5.12325000,1.36515000,0.05380135,0.06894316
142.40000000,5.12325000,1.36515000,0.05387719,0.06904026
142.60000000,5.12125000,1.34873000,0.05395258,0.06913622
142.80000000,5.12250000,1.36752000,0.05402803,0.06923351
143.00000000,5.12262000,1.38028000,0.05410436,0.06933171
143.20000000,5.12212000,1.37004000,0.05418075,0.06942917
143.40000000,5.12212000,1.37004000,0.05425687,0.06952663
143.60000000,5.12175000,1.34416000,0.05433226,0.06962225
143.80000000,5.12187000,1.36198000,0.05440743,0.06971914
144.00000000,5.12200000,1.36352000,0.05448314,0.06981614
144.20000000,5.12225000,1.36425000,0.05455891,0.06991320
144.40000000,5.12225000,1.36425000,0.05463470,0.07001026
144.60000000,5.12250000,1.38432000,0.05471105,0.07010875
144.80000000,5.12275000,1.37424000,0.05478768,0.07020653
145.00000000,5.12250000,1.36556000,0.05486379,0.07030368
145.20000000,5.12250000,1.36556000,0.05493965,0.07040083
145.40000000,5.12212000,1.36476000,0.05501549,0.07049792
145.60000000,5.12250000,1.37193000,0.05509151,0.07059552
145.80000000,5.12212000,1.38508000,0.05516809,0.07069406
146.00000000,5.12175000,1.34361000,0.05524389,0.07078964
146.20000000,5.12175000,1.34361000,0.05531854,0.07088523
146.40000000,5.12262000,1.36249000,0.05539371,0.07098215
146.60000000,5.12175000,1.36867000,0.05546957,0.07107951
146.80000000,5.12187000,1.36972000,0.05554564,0.07117695
147.00000000,5.12187000,1.36972000,0.05562173,0.07127441
147.20000000,5.12312000,1.38147000,0.05569816,0.07137270
147.40000000,5.12262000,1.38883000,0.05577511,0.07147150
147.60000000,5.12187000,1.37334000,0.05585184,0.07156919
147.80000000,5.12187000,1.37334000,0.05592813,0.07166691
148.00000000,5.12275000,1.35612000,0.05600395,0.07176336
148.20000000,5.12125000,1.31580000,0.05607817,0.07185698
148.40000000,5.12237000,1.36022000,0.05615250,0.07195375
148.60000000,5.12237000,1.36022000,0.05622807,0.07205051
148.80000000,5.12187000,1.35244000,0.05630342,0.07214673
149.00000000,5.12237000,1.36380000,0.05637887,0.07224375
149.20000000,5.12225000,1.37430000,0.05645493,0.07234151
149.40000000,5.12150000,1.36294000,0.05653097,0.07243846
149.60000000,5.12150000,1.36294000,0.05660669,0.07253540
149.80000000,5.12125000,1.37251000,0.05668267,0.07263302
150.00000000,5.12087000,1.33721000,0.05675794,0.07272814
150.20000000,5.12162000,1.37865000,0.05683338,0.07282621
150.40000000,5.12162000,1.37865000,0.05690997,0.07292429
150.60000000,5.12262000,1.37241000,0.05698639,0.07302193
150.80000000,5.12225000,1.36464000,0.05706242,0.07311901
151.00000000,5.12187000,1.34470000,0.05713768,0.07321466
151.20000000,5.12162000,1.36140000,0.05721285,0.07331150
151.40000000,5.12162000,1.36140000,0.05728848,0.07340835
151.60000000,5.12175000,1.36332000,0.05736417,0.07350533
151.80000000,5.12187000,1.36566000,0.05743997,0.07360247
152.00000000,5.12150000,1.35360000,0.05751551,0.07369875
152.20000000,5.12150000,1.35360000,0.05759071,0.07379505
152.40000000,5.12200000,1.35990000,0.05766608,0.07389179
152.60000000,5.12175000,1.36390000,0.05774175,0.07398880
152.80000000,5.12125000,1.31254000,0.05781609,0.07408217
153.00000000,5.12187000,1.36601000,0.05789050,0.07417934
153.20000000,5.12187000,1.36601000,0.05796639,0.07427652
153.40000000,5.12200000,1.36588000,0.05804227,0.07437369
153.60000000,5.12225000,1.37376000,0.05811837,0.07447144
153.80000000,5.12325000,1.37635000,0.05819476,0.07456936
154.00000000,5.12225000,1.37180000,0.05827110,0.07466695
154.20000000,5.12225000,1.37180000,0.05834731,0.07476454
154.40000000,5.12212000,1.36556000,0.05842335,0.07486169
154.60000000,5.12212000,1.38025000,0.05849962,0.07495987
154.80000000,5.12175000,1.34198000,0.05857524,0.07505534
155.00000000,5.12175000,1.34198000,0.05864979,0.07515080
155.20000000,5.12162000,1.36192000,0.05872490,0.07524768
155.40000000,5.12212000,1.37260000,0.05880086,0.07534533
155.60000000,5.12225000,1.37920000,0.05887730,0.07544344
155.80000000,5.12150000,1.37059000,0.05895368,0.07554093
156.00000000,5.12150000,1.37059000,0.05902983,0.07563843
156.20000000,5.12200000,1.35840000,0.05910563,0.07573507
156.40000000,5.12187000,1.37216000,0.05918148,0.07583269
156.60000000,5.12237000,1.35990000,0.05925737,0.07592944
156.80000000,5.12237000,1.35990000,0.05933292,0.07602618
157.00000000,5.12212000,1.35865000,0.05940844,0.07612287
157.20000000,5.12375000,1.36614000,0.05948413,0.07622007
157.40000000,5.12275000,1.34550000,0.05955945,0.07631576
157.60000000,5.12100000,1.34844000,0.05963428,0.07641167
157.80000000,5.12100000,1.34844000,0.05970919,0.07650762
158.00000000,5.12312000,1.37056000,0.05978472,0.07660514
158.20000000,5.12300000,1.37875000,0.05986109,0.07670324
158.40000000,5.12275000,1.35961000,0.05993716,0.07679997
158.60000000,5.12275000,1.35961000,0.06001269,0.07689671
158.80000000,5.12275000,1.37440000,0.06008864,0.07699449
159.00000000,5.12275000,1.36627000,0.06016477,0.07709170
159.20000000,5.12237000,1.37683000,0.06024096,0.07718965
159.40000000,5.12250000,1.35996000,0.06031699,0.07728641
159.60000000,5.12250000,1.35996000,0.06039254,0.07738316
159.80000000,5.12237000,1.37475000,0.06046850,0.07748097
160.00000000,5.12237000,1.35996000,0.06054447,0.07757772
160.20000000,5.12262000,1.36416000,0.06062014,0.07767478
160.40000000,5.12262000,1.36416000,0.06069592,0.07777184
160.60000000,5.12262000,1.36566000,0.06077175,0.07786900
160.80000000,5.12275000,1.36617000,0.06084764,0.07796618
161.00000000,5.12150000,1.38313000,0.06092401,0.07806457
161.20000000,5.12287000,1.34496000,0.06099979,0.07816026
161.40000000,5.12287000,1.34496000,0.06107451,0.07825594
161.60000000,5.12212000,1.35840000,0.06114960,0.07835260
161.80000000,5.12312000,1.35164000,0.06122488,0.07844877
162.00000000,5.12287000,1.35459000,0.06130005,0.07854515
162.20000000,5.12287000,1.35459000,0.06137531,0.07864151
162.40000000,5.12137000,1.35315000,0.06145052,0.07873778
162.60000000,5.12287000,1.36502000,0.06152603,0.07883491
162.80000000,5.12300000,1.35686000,0.06160163,0.07893145
163.00000000,5.12262000,1.36649000,0.06167728,0.07902868
163.20000000,5.12262000,1.36649000,0.06175320,0.07912589
163.40000000,5.12225000,1.35472000,0.06182879,0.07922227
163.60000000,5.12225000,1.36896000,0.06190445,0.07931966
163.80000000,5.12250000,1.36880000,0.06198049,0.07941705
164.00000000,5.12250000,1.36880000,0.06205654,0.07951441
164.20000000,5.12137000,1.36412000,0.06213245,0.07961144
164.40000000,5.12150000,1.37776000,0.06220862,0.07970947
164.60000000,5.12275000,1.38937000,0.06228548,0.07980832
164.80000000,5.12275000,1.38937000,0.06236267,0.07990716
165.00000000,5.12175000,1.33030000,0.06243821,0.08000181
165.20000000,5.12275000,1.36508000,0.06251309,0.08009892
165.40000000,5.12225000,1.36521000,0.06258893,0.08019606
165.60000000,5.12275000,1.36665000,0.06266481,0.08029329
165.80000000,5.12275000,1.36665000,0.06274074,0.08039053
166.00000000,5.12262000,1.37273000,0.06281683,0.08048818
166.20000000,5.12212000,1.36201000,0.06289280,0.08058510
166.40000000,5.12312000,1.37075000,0.06296871,0.08068263
166.60000000,5.12312000,1.37075000,0.06304486,0.08078017
166.80000000,5.12312000,1.35017000,0.06312044,0.08087624
167.00000000,5.12337000,1.37267000,0.06319608,0.08097392
167.20000000,5.12325000,1.38252000,0.06327261,0.08107229
167.40000000,5.12337000,1.37011000,0.06334907,0.08116979
167.60000000,5.12337000,1.37011000,0.06342519,0.08126727
167.80000000,5.12287000,1.36624000,0.06350120,0.08136449
168.00000000,5.12337000,1.36099000,0.06357695,0.08146132
168.20000000,5.12250000,1.37385000,0.06365292,0.08155906
168.40000000,5.12262000,1.35526000,0.06372873,0.08165549
168.60000000,5.12262000,1.35526000,0.06380402,0.08175190
168.80000000,5.12200000,1.36204000,0.06387950,0.08184880
169.00000000,5.12250000,1.37715000,0.06395559,0.08194678
169.20000000,5.12262000,1.37648000,0.06403208,0.08204471
169.40000000,5.12262000,1.37648000,0.06410855,0.08214265
169.60000000,5.12262000,1.38233000,0.06418519,0.08224101
169.80000000,5.12312000,1.38252000,0.06426199,0.08233937
170.00000000,5.12287000,1.37264000,0.06433852,0.08243704
170.20000000,5.12300000,1.34649000,0.06441405,0.08253285
170.40000000,5.12300000,1.34649000,0.06448886,0.08262863
170.60000000,5.12187000,1.33062000,0.06456322,0.08272329
170.80000000,5.12212000,1.35417000,0.06463780,0.08281964
171.00000000,5.12237000,1.36675000,0.06471338,0.08291687
171.20000000,5.12237000,1.36675000,0.06478931,0.08301411
171.40000000,5.12250000,1.33635000,0.06486440,0.08310919
171.60000000,5.12262000,1.36739000,0.06493950,0.08320647
171.80000000,5.12237000,1.35580000,0.06501514,0.08330295
172.00000000,5.12375000,1.38220000,0.06509120,0.08340131
172.20000000,5.12375000,1.38220000,0.06516799,0.08349966
172.40000000,5.12275000,1.36243000,0.06524423,0.08359659
172.60000000,5.12262000,1.38566000,0.06532056,0.08369518
172.80000000,5.12262000,1.36800000,0.06539705,0.08379251
173.00000000,5.12262000,1.36800000,0.06547305,0.08388984
173.20000000,5.12300000,1.37091000,0.06554913,0.08398739
173.40000000,5.12312000,1.37689000,0.06562546,0.08408535
173.60000000,5.12250000,1.37369000,0.06570187,0.08418308
173.80000000,5.12262000,1.37228000,0.06577814,0.08428072
174.00000000,5.12262000,1.37228000,0.06585438,0.08437836
174.20000000,5.12287000,1.36438000,0.06593040,0.08447543
174.40000000,5.12237000,1.37094000,0.06600638,0.08457298
174.60000000,5.12350000,1.45971000,0.06608501,0.08467685
174.80000000,5.12350000,1.45971000,0.06616611,0.08478071
175.00000000,5.12287000,1.35859000,0.06624439,0.08487738
175.20000000,5.12300000,1.35833000,0.06631986,0.08497403
175.40000000,5.12325000,1.37017000,0.06639565,0.08507153
175.60000000,5.12250000,1.37510000,0.06647191,0.08516936
175.80000000,5.12250000,1.37510000,0.06654831,0.08526719
176.00000000,5.12200000,1.32640000,0.06662335,0.08536155
176.20000000,5.12225000,1.37062000,0.06669826,0.08545907
176.40000000,5.12262000,1.36764000,0.06677433,0.08555637
176.60000000,5.12262000,1.36764000,0.06685031,0.08565367
176.80000000,5.12250000,1.36457000,0.06692620,0.08575075
177.00000000,5.12200000,1.37497000,0.06700230,0.08584857
177.20000000,5.12250000,1.37939000,0.06707881,0.08594671
177.40000000,5.12250000,1.37939000,0.06715544,0.08604485
177.60000000,5.12262000,1.35798000,0.06723148,0.08614145
177.80000000,5.12187000,1.36764000,0.06730719,0.08623874
178.00000000,5.12212000,1.36300000,0.06738304,0.08633572
178.20000000,5.12262000,1.36944000,0.06745894,0.08643315
178.40000000,5.12262000,1.36944000,0.06753502,0.08653058
178.60000000,5.12250000,1.37744000,0.06761133,0.08662858
178.80000000,5.12275000,1.33148000,0.06768657,0.08672332
179.00000000,5.12275000,1.40163000,0.06776249,0.08682304
179.20000000,5.12275000,1.40163000,0.06784036,0.08692276
179.40000000,5.12250000,1.36057000,0.06791709,0.08701957
179.60000000,5.12262000,1.37235000,0.06799301,0.08711721
179.80000000,5.12312000,1.36640000,0.06806908,0.08721444
180.00000000,5.12300000,1.36732000,0.06814502,0.08731173
180.20000000,5.12300000,1.36732000,0.06822098,0.08740902
180.40000000,5.12337000,1.37238000,0.06829708,0.08750666
180.60000000,5.12262000,1.31334000,0.06837169,0.08760010
180.80000000,5.12237000,1.29910000,0.06844425,0.08769252
181.00000000,5.12237000,1.29910000,0.06851643,0.08778494
181.20000000,5.12225000,1.29043000,0.06858836,0.08787676
181.40000000,5.12275000,1.31705000,0.06866079,0.08797046
181.60000000,5.12262000,1.37795000,0.06873565,0.08806851
181.80000000,5.12300000,1.38240000,0.06881233,0.08816687
182.00000000,5.12300000,1.38240000,0.06888913,0.08826522
182.20000000,5.12262000,1.38054000,0.06896587,0.08836345
182.40000000,5.12312000,1.37177000,0.06904233,0.08846104
182.60000000,5.12212000,1.36931000,0.06911847,0.08855846
182.80000000,5.12212000,1.36931000,0.06919454,0.08865587
183.00000000,5.12225000,1.36268000,0.06927043,0.08875283
183.20000000,5.12300000,1.37769000,0.06934655,0.08885084
183.40000000,5.12237000,1.35846000,0.06942255,0.08894750
183.60000000,5.12287000,1.37264000,0.06949842,0.08904516
183.80000000,5.12287000,1.37264000,0.06957468,0.08914281
184.00000000,5.12200000,1.36313000,0.06965067,0.08923979
184.20000000,5.12237000,1.37536000,0.06972674,0.08933764
184.40000000,5.12225000,1.36224000,0.06980278,0.08943455
184.60000000,5.12262000,1.36604000,0.06987857,0.08953174
184.80000000,5.12262000,1.36604000,0.06995446,0.08962892
185.00000000,5.12200000,1.37273000,0.07003054,0.08972659
185.20000000,5.12287000,1.38208000,0.07010706,0.08982491
185.40000000,5.12212000,1.37081000,0.07018353,0.08992243
185.60000000,5.12212000,1.37081000,0.07025969,0.09001996
185.80000000,5.12237000,1.35977000,0.07033553,0.09011669
186.00000000,5.12200000,1.31395000,0.07040980,0.09021016
186.20000000,5.12162000,1.31798000,0.07048291,0.09030394
186.40000000,5.12325000,1.37430000,0.07055770,0.09040173
186.60000000,5.12325000,1.37430000,0.07063405,0.09049951
186.80000000,5.12287000,1.36736000,0.07071021,0.09059680
187.00000000,5.12275000,1.38240000,0.07078659,0.09069514
187.20000000,5.12212000,1.38640000,0.07086350,0.09079377
187.40000000,5.12212000,1.38640000,0.07094052,0.09089241
187.60000000,5.12237000,1.36710000,0.07101701,0.09098965
187.80000000,5.12162000,1.35628000,0.07109266,0.09108614
188.00000000,5.12237000,1.37097000,0.07116841,0.09118368
188.20000000,5.12250000,1.37062000,0.07124457,0.09128120
188.40000000,5.12250000,1.37062000,0.07132072,0.09137870
188.60000000,5.12187000,1.40342000,0.07139777,0.09147854
188.80000000,5.12200000,1.40515000,0.07147579,0.09157850
189.00000000,5.12200000,1.39699000,0.07155363,0.09167788
189.20000000,5.12200000,1.39699000,0.07163124,0.09177727
189.40000000,5.12237000,1.31408000,0.07170654,0.09187076
189.60000000,5.12275000,1.38121000,0.07178141,0.09196903
189.80000000,5.12262000,1.36604000,0.07185772,0.09206622
190.00000000,5.12312000,1.35622000,0.07193334,0.09216272
190.20000000,5.12312000,1.35622000,0.07200869,0.09225922
190.40000000,5.12287000,1.36211000,0.07208420,0.09235614
190.60000000,5.12337000,1.37670000,0.07216028,0.09245410
190.80000000,5.12275000,1.33280000,0.07223554,0.09254892
191.00000000,5.12275000,1.33280000,0.07230958,0.09264375
191.20000000,5.12287000,1.36304000,0.07238447,0.09274071
191.40000000,5.12150000,1.37104000,0.07246042,0.09283825
191.60000000,5.12212000,1.37059000,0.07253657,0.09293575
191.80000000,5.12225000,1.38118000,0.07261301,0.09303401
192.00000000,5.12225000,1.38118000,0.07268974,0.09313227
192.20000000,5.12237000,1.38620000,0.07276661,0.09323089
192.40000000,5.12225000,1.37168000,0.07284322,0.09332847
192.60000000,5.12312000,1.36387000,0.07291921,0.09342552
192.80000000,5.12312000,1.36387000,0.07299498,0.09352254
193.00000000,5.12200000,1.36108000,0.07307067,0.09361938
193.20000000,5.12275000,1.36582000,0.07314642,0.09371657
193.40000000,5.12312000,1.37212000,0.07322247,0.09381420
193.60000000,5.12312000,1.37212000,0.07329870,0.09391183
193.80000000,5.12312000,1.32233000,0.07337355,0.09400591
194.00000000,5.12262000,1.35164000,0.07344783,0.09410209
194.20000000,5.12337000,1.37539000,0.07352358,0.09419994
194.40000000,5.12212000,1.34886000,0.07359925,0.09429590
194.60000000,5.12212000,1.34886000,0.07367419,0.09439188
194.80000000,5.12337000,1.36816000,0.07374966,0.09448924
195.00000000,5.12337000,1.35865000,0.07382540,0.09458591
195.20000000,5.12312000,1.35830000,0.07390087,0.09468256
195.40000000,5.12312000,1.35830000,0.07397634,0.09477920
195.60000000,5.12250000,1.33315000,0.07405110,0.09487404
195.80000000,5.12225000,1.34336000,0.07412545,0.09496963
196.00000000,5.12337000,1.36771000,0.07420075,0.09506694
196.20000000,5.12287000,1.37654000,0.07427698,0.09516489
196.40000000,5.12287000,1.37654000,0.07435346,0.09526282
196.60000000,5.12250000,1.37369000,0.07442985,0.09536057
196.80000000,5.12312000,1.36505000,0.07450593,0.09545770
197.00000000,5.12337000,1.39040000,0.07458247,0.09555664
197.20000000,5.12337000,1.39040000,0.07465971,0.09565557
197.40000000,5.12325000,1.38003000,0.07473667,0.09575378
197.60000000,5.12362000,1.37075000,0.07481308,0.09585130
197.80000000,5.12262000,1.36812000,0.07488916,0.09594863
198.00000000,5.12212000,1.36960000,0.07496521,0.09604607
198.20000000,5.12212000,1.36960000,0.07504130,0.09614352
198.40000000,5.12337000,1.37200000,0.07511745,0.09624113
198.60000000,5.12225000,1.34761000,0.07519300,0.09633700
198.80000000,5.12212000,1.36550000,0.07526836,0.09643414
199.00000000,5.12175000,1.36374000,0.07534417,0.09653115
199.20000000,5.12175000,1.36374000,0.07541994,0.09662818
199.40000000,5.12262000,1.36528000,0.07549574,0.09672531
199.60000000,5.12225000,1.37123000,0.07557176,0.09682287
199.80000000,5.12250000,1.36976000,0.07564790,0.09692032
200.00000000,5.12250000,1.36976000,0.07572399,0.09701776
200.20000000,5.12175000,1.31961000,0.07579870,0.09711163
200.40000000,5.12200000,1.36710000,0.07587333,0.09720890
200.60000000,5.12262000,1.37552000,0.07594951,0.09730678
200.80000000,5.12350000,1.37628000,0.07602595,0.09740472
201.00000000,5.12350000,1.37628000,0.07610241,0.09750263
201.20000000,5.12225000,1.38307000,0.07617906,0.09760102
201.40000000,5.12200000,1.36352000,0.07625535,0.09769800
201.60000000,5.12125000,1.36534000,0.07633116,0.09779512
201.80000000,5.12125000,1.36534000,0.07640701,0.09789223
202.00000000,5.12100000,1.33334000,0.07648197,0.09798709
202.20000000,5.12225000,1.38089000,0.07655737,0.09808532
202.40000000,5.12200000,1.37020000,0.07663379,0.09818280
202.60000000,5.12200000,1.36624000,0.07670980,0.09827999
202.80000000,5.12200000,1.36624000,0.07678570,0.09837719
203.00000000,5.12237000,1.36944000,0.07686169,0.09847462
203.20000000,5.12287000,1.37433000,0.07693791,0.09857241
203.40000000,5.12212000,1.36761000,0.07701407,0.09866970
203.60000000,5.12212000,1.36761000,0.07709005,0.09876700
203.80000000,5.12237000,1.37139000,0.07716613,0.09886456
204.00000000,5.12212000,1.38940000,0.07724282,0.09896343
204.20000000,5.12337000,1.36732000,0.07731940,0.09906072
204.40000000,5.12337000,1.36732000,0.07739536,0.09915802
204.60000000,5.12325000,1.39257000,0.07747202,0.09925710
204.80000000,5.12287000,1.32422000,0.07754749,0.09935132
205.00000000,5.12275000,1.30412000,0.07762050,0.09944410
205.20000000,5.12275000,1.30412000,0.07769295,0.09953689
205.40000000,5.12250000,1.36025000,0.07776696,0.09963367
205.60000000,5.12262000,1.33110000,0.07784172,0.09972837
205.80000000,5.12287000,1.37257000,0.07791682,0.09982604
206.00000000,5.12300000,1.36649000,0.07799291,0.09992327
206.20000000,5.12300000,1.36649000,0.07806882,0.10002050
206.40000000,5.12337000,1.34630000,0.07814418,0.10011630
206.60000000,5.12300000,1.36227000,0.07821942,0.10021322
206.80000000,5.12250000,1.36140000,0.07829507,0.10031007
207.00000000,5.12250000,1.36140000,0.07837071,0.10040693
207.20000000,5.12237000,1.35846000,0.07844626,0.10050357
207.40000000,5.12225000,1.38524000,0.07852247,0.10060215
207.60000000,5.12350000,1.36336000,0.07859882,0.10069914
207.80000000,5.12212000,1.33808000,0.07867386,0.10079433
208.00000000,5.12212000,1.33808000,0.07874820,0.10088953
208.20000000,5.12262000,1.37814000,0.07882365,0.10098759
208.40000000,5.12300000,1.39718000,0.07890074,0.10108701
208.60000000,5.12337000,1.38179000,0.07897794,0.10118533
208.80000000,5.12337000,1.38179000,0.07905470,0.10128365
209.00000000,5.12287000,1.36585000,0.07913103,0.10138082
209.20000000,5.12250000,1.36332000,0.07920684,0.10147782
209.40000000,5.12287000,1.36998000,0.07928276,0.10157530
209.60000000,5.12287000,1.34473000,0.07935817,0.10167098
209.80000000,5.12287000,1.34473000,0.07943288,0.10176665
210.00000000,5.12237000,1.26336000,0.07950533,0.10185652
210.20000000,5.12175000,1.30076000,0.07957655,0.10194905
210.40000000,5.12187000,1.30915000,0.07964905,0.10204218
210.60000000,5.12200000,1.37974000,0.07972374,0.10214034
210.80000000,5.12200000,1.37974000,0.07980039,0.10223849
211.00000000,5.12212000,1.36873000,0.07987674,0.10233586
211.20000000,5.12187000,1.35936000,0.07995252,0.10243257
211.40000000,5.12225000,1.35209000,0.08002784,0.10252876
211.60000000,5.12225000,1.35209000,0.08010295,0.10262496
211.80000000,5.12275000,1.38275000,0.08017892,0.10272332
212.00000000,5.12175000,1.38768000,0.08025588,0.10282204
212.20000000,5.12212000,1.35436000,0.08033204,0.10291839
212.40000000,5.12187000,1.37385000,0.08040783,0.10301612
212.60000000,5.12187000,1.37385000,0.08048415,0.10311386
212.80000000,5.12225000,1.36438000,0.08056022,0.10321092
213.00000000,5.12212000,1.36208000,0.08063595,0.10330782
213.20000000,5.12225000,1.36633000,0.08071174,0.10340502
213.40000000,5.12225000,1.36633000,0.08078765,0.10350224
213.60000000,5.12287000,1.36502000,0.08086352,0.10359936
213.80000000,5.12250000,1.37398000,0.08093960,0.10369712
214.00000000,5.12312000,1.36966000,0.08101581,0.10379458
214.20000000,5.12275000,1.36640000,0.08109182,0.10389180
214.40000000,5.12275000,1.36640000,0.08116773,0.10398902
214.60000000,5.12287000,1.39200000,0.08124435,0.10408805
214.80000000,5.12262000,1.36748000,0.08132100,0.10418534
215.00000000,5.12237000,1.32118000,0.08139569,0.10427934
215.20000000,5.12237000,1.32118000,0.08146908,0.10437332
215.40000000,5.12200000,1.34681000,0.08154320,0.10446914
215.60000000,5.12250000,1.37318000,0.08161875,0.10456683
215.80000000,5.12187000,1.38252000,0.08169530,0.10466518
216.00000000,5.12237000,1.38230000,0.08177210,0.10476352
216.20000000,5.12237000,1.38230000,0.08184889,0.10486186
216.40000000,5.12250000,1.37148000,0.08192539,0.10495945
216.60000000,5.12300000,1.37532000,0.08200169,0.10505728
216.80000000,5.12175000,1.39702000,0.08207870,0.10515666
217.00000000,5.12175000,1.39702000,0.08215631,0.10525605
217.20000000,5.12237000,1.37478000,0.08223330,0.10535385
217.40000000,5.12200000,1.34400000,0.08230882,0.10544946
217.60000000,5.12187000,1.33939000,0.08238336,0.10554474
217.80000000,5.12187000,1.33939000,0.08245777,0.10564002
218.00000000,5.12200000,1.36220000,0.08253282,0.10573693
218.20000000,5.12237000,1.35328000,0.08260825,0.10583321
218.40000000,5.12250000,1.36067000,0.08268364,0.10593002
218.60000000,5.12237000,1.33648000,0.08275856,0.10602510
218.80000000,5.12237000,1.33648000,0.08283281,0.10612018
219.00000000,5.12237000,1.37132000,0.08290802,0.10621774
219.20000000,5.12212000,1.35366000,0.08298372,0.10631404
219.40000000,5.12225000,1.36329000,0.08305919,0.10641103
219.60000000,5.12225000,1.36329000,0.08313492,0.10650804
219.80000000,5.12325000,1.36243000,0.08321064,0.10660495
220.00000000,5.12137000,1.32403000,0.08328526,0.10669913
220.20000000,5.12175000,1.36425000,0.08335994,0.10679620
220.40000000,5.12300000,1.47740000,0.08343887,0.10690132
220.60000000,5.12300000,1.47740000,0.08352095,0.10700645
220.80000000,5.12300000,1.38342000,0.08360042,0.10710487
221.00000000,5.12225000,1.38572000,0.08367734,0.10720346
221.20000000,5.12262000,1.37331000,0.08375398,0.10730116
221.40000000,5.12262000,1.37331000,0.08383027,0.10739887
221.60000000,5.12262000,1.38009000,0.08390676,0.10749707
221.80000000,5.12300000,1.37100000,0.08398318,0.10759462
222.00000000,5.12300000,1.40713000,0.08406035,0.10769473
222.20000000,5.12237000,1.36937000,0.08413747,0.10779215
222.40000000,5.12237000,1.36937000,0.08421355,0.10788958
222.60000000,5.12262000,1.38403000,0.08429003,0.10798804
222.80000000,5.12237000,1.37987000,0.08436680,0.10808621
223.00000000,5.12237000,1.34089000,0.08444238,0.10818161
223.20000000,5.12237000,1.34089000,0.08451688,0.10827701
223.40000000,5.12287000,1.37366000,0.08459228,0.10837473
223.60000000,5.12200000,1.36880000,0.08466846,0.10847211
223.80000000,5.12187000,1.37718000,0.08474474,0.10857011
224.00000000,5.12350000,1.38108000,0.08482135,0.10866838
224.20000000,5.12350000,1.38108000,0.08489808,0.10876665
224.40000000,5.12312000,1.35366000,0.08497405,0.10886296
224.60000000,5.12262000,1.36096000,0.08504945,0.10895980
224.80000000,5.12300000,1.36364000,0.08512514,0.10905683
225.00000000,5.12300000,1.36364000,0.08520089,0.10915384
225.20000000,5.12237000,1.37292000,0.08527691,0.10925152
225.40000000,5.12250000,1.35689000,0.08535274,0.10934805
225.60000000,5.12200000,1.36441000,0.08542833,0.10944511
225.80000000,5.12212000,1.37014000,0.08550429,0.10954258
226.00000000,5.12212000,1.37014000,0.08558041,0.10964005
226.20000000,5.12200000,1.36563000,0.08565640,0.10973719
226.40000000,5.12125000,1.37452000,0.08573252,0.10983496
226.60000000,5.12137000,1.36630000,0.08580865,0.10993217
226.80000000,5.12262000,1.39641000,0.08588539,0.11003152
227.00000000,5.12262000,1.39641000,0.08596297,0.11013087
227.20000000,5.12250000,1.37459000,0.08603994,0.11022866
227.40000000,5.12225000,1.36598000,0.08611607,0.11032585
227.60000000,5.12262000,1.36409000,0.08619190,0.11042290
227.80000000,5.12262000,1.36409000,0.08626769,0.11051995
228.00000000,5.12250000,1.36860000,0.08634360,0.11061730
228.20000000,5.12187000,1.36064000,0.08641941,0.11071410
228.40000000,5.12225000,1.36656000,0.08649516,0.11081134
228.60000000,5.12325000,1.37369000,0.08657128,0.11090909
228.80000000,5.12325000,1.37369000,0.08664760,0.11100681
229.00000000,5.12212000,1.34137000,0.08672302,0.11110223
229.20000000,5.12162000,1.35936000,0.08679804,0.11119894
229.40000000,5.12212000,1.37744000,0.08687406,0.11129693
229.60000000,5.12212000,1.37744000,0.08695058,0.11139492
229.80000000,5.12212000,1.37212000,0.08702696,0.11149254
230.00000000,5.12237000,1.37235000,0.08710319,0.11159019
230.20000000,5.12325000,1.36620000,0.08717927,0.11168740
230.40000000,5.12275000,1.39136000,0.08725586,0.11178640
230.60000000,5.12275000,1.39136000,0.08733316,0.11188538
230.80000000,5.12225000,1.38115000,0.08741018,0.11198363
231.00000000,5.12162000,1.36643000,0.08748650,0.11208085
231.20000000,5.12300000,1.37625000,0.08756268,0.11217878
231.40000000,5.12300000,1.37625000,0.08763914,0.11227670
231.60000000,5.12287000,1.37104000,0.08771546,0.11237424
231.80000000,5.12225000,1.36803000,0.08779154,0.11247157
232.00000000,5.12262000,1.38246000,0.08786794,0.11256993
232.20000000,5.12262000,1.38246000,0.08794475,0.11266827
232.40000000,5.12187000,1.35971000,0.08802092,0.11276500
232.60000000,5.12200000,1.34854000,0.08809615,0.11286094
232.80000000,5.12225000,1.33622000,0.08817072,0.11295600
233.00000000,5.12200000,1.37004000,0.08824590,0.11305346
233.20000000,5.12200000,1.37004000,0.08832201,0.11315092
233.40000000,5.12200000,1.36668000,0.08839803,0.11324816
233.60000000,5.12287000,1.34361000,0.08847332,0.11334375
233.80000000,5.12237000,1.24512000,0.08854523,0.11343234
234.00000000,5.12237000,1.24512000,0.08861440,0.11352091
234.20000000,5.12200000,1.31302000,0.08868546,0.11361433
234.40000000,5.12250000,1.36988000,0.08875998,0.11371178
234.60000000,5.12212000,1.37872000,0.08883633,0.11380987
234.80000000,5.12312000,1.37036000,0.08891270,0.11390737
235.00000000,5.12312000,1.37036000,0.08898883,0.11400485
235.20000000,5.12162000,1.34172000,0.08906416,0.11410029
235.40000000,5.12137000,1.36643000,0.08913939,0.11419749
235.60000000,5.12175000,1.36732000,0.08921533,0.11429475
235.80000000,5.12175000,1.36732000,0.08929129,0.11439202
236.00000000,5.12200000,1.35596000,0.08936694,0.11448850
236.20000000,5.12275000,1.36272000,0.08944246,0.11458545
236.40000000,5.12250000,1.37491000,0.08951850,0.11468326
236.60000000,5.12212000,1.36083000,0.08959449,0.11478007
236.80000000,5.12212000,1.36083000,0.08967010,0.11487688
237.00000000,5.12187000,1.35040000,0.08974541,0.11497295
237.20000000,5.12237000,1.36198000,0.08982075,0.11506985
237.40000000,5.12262000,1.36972000,0.08989663,0.11516731
237.60000000,5.12262000,1.36972000,0.08997273,0.11526477
237.80000000,5.12300000,1.37248000,0.09004890,0.11536241
238.00000000,5.12225000,1.36758000,0.09012501,0.11545969
238.20000000,5.12187000,1.36448000,0.09020090,0.11555676
238.40000000,5.12175000,1.36230000,0.09027665,0.11565366
238.60000000,5.12175000,1.36230000,0.09035233,0.11575059
238.80000000,5.12250000,1.34163000,0.09042744,0.11584602
239.00000000,5.12162000,1.32009000,0.09050138,0.11593992
239.20000000,5.12150000,1.33110000,0.09057502,0.11603460
239.40000000,5.12150000,1.33110000,0.09064897,0.11612931
239.60000000,5.12262000,1.37331000,0.09072409,0.11622700
239.80000000,5.12187000,1.37100000,0.09080032,0.11632453
240.00000000,5.12175000,1.36323000,0.09087627,0.11642151
240.20000000,5.12237000,1.36768000,0.09095213,0.11651882
240.40000000,5.12237000,1.36768000,0.09102812,0.11661612
240.60000000,5.12237000,1.36611000,0.09110405,0.11671331
240.80000000,5.12262000,1.37030000,0.09118007,0.11681081
241.00000000,5.12275000,1.36508000,0.09125605,0.11690793
241.20000000,5.12275000,1.36508000,0.09133189,0.11700506
241.40000000,5.12262000,1.36025000,0.09140759,0.11710183
241.60000000,5.12212000,1.34355000,0.09148269,0.11719742
241.80000000,5.12275000,1.37964000,0.09155834,0.11729557
242.00000000,5.12237000,1.37993000,0.09163499,0.11739375
242.20000000,5.12237000,1.37993000,0.09171166,0.11749192
242.40000000,5.12225000,1.35884000,0.09178773,0.11758857
242.60000000,5.12125000,1.37180000,0.09186358,0.11768617
242.80000000,5.12250000,1.38451000,0.09194015,0.11778467
243.00000000,5.12250000,1.38451000,0.09201707,0.11788317
243.20000000,5.12262000,1.36598000,0.09209347,0.11798035
243.40000000,5.12187000,1.38694000,0.09216994,0.11807902
243.60000000,5.12262000,1.37004000,0.09224652,0.11817650
243.80000000,5.12137000,1.34384000,0.09232191,0.11827208
244.00000000,5.12137000,1.34384000,0.09239656,0.11836770
244.20000000,5.12300000,1.36944000,0.09247193,0.11846513
244.40000000,5.12237000,1.36630000,0.09254793,0.11856235
244.60000000,5.12312000,1.38867000,0.09262445,0.11866116
244.80000000,5.12312000,1.38867000,0.09270160,0.11875996
245.00000000,5.12250000,1.39673000,0.09277897,0.11885933
245.20000000,5.12275000,1.36512000,0.09285569,0.11895647
245.40000000,5.12312000,1.38592000,0.09293211,0.11905508
245.60000000,5.12275000,1.36787000,0.09300860,0.11915240
245.80000000,5.12275000,1.36787000,0.09308460,0.11924972
246.00000000,5.12237000,1.36224000,0.09316043,0.11934665
246.20000000,5.12300000,1.36972000,0.09323632,0.11944410
246.40000000,5.12262000,1.36140000,0.09331219,0.11954096
246.60000000,5.12262000,1.36140000,0.09338782,0.11963782
246.80000000,5.12237000,1.36912000,0.09346367,0.11973522
247.00000000,5.12225000,1.37100000,0.09353978,0.11983275
247.20000000,5.12212000,1.33091000,0.09361483,0.11992743
247.40000000,5.12212000,1.33091000,0.09368877,0.12002212
247.60000000,5.12212000,1.37849000,0.09376403,0.12012020
247.80000000,5.12300000,1.39584000,0.09384110,0.12021950
248.00000000,5.12237000,1.36678000,0.09391784,0.12031675
248.20000000,5.12300000,1.35830000,0.09399354,0.12041340
248.40000000,5.12300000,1.35830000,0.09406900,0.12051004
248.60000000,5.12237000,1.32486000,0.09414353,0.12060430
248.80000000,5.12275000,1.37286000,0.09421847,0.12070197
249.00000000,5.12250000,1.36864000,0.09429462,0.12079935
249.20000000,5.12250000,1.36864000,0.09437065,0.12089672
249.40000000,5.12237000,1.37046000,0.09444674,0.12099423
249.60000000,5.12337000,1.37715000,0.09452306,0.12109222
249.80000000,5.12287000,1.36864000,0.09459933,0.12118960
250.00000000,5.12275000,1.37216000,0.09467547,0.12128723
250.20000000,5.12275000,1.37216000,0.09475170,0.12138486
250.40000000,5.12287000,1.34937000,0.09482730,0.12148086
250.60000000,5.12262000,1.36736000,0.09490276,0.12157816
250.80000000,5.12362000,1.37280000,0.09497888,0.12167585
251.00000000,5.12262000,1.37705000,0.09505526,0.12177383
251.20000000,5.12262000,1.37705000,0.09513176,0.12187182
251.40000000,5.12362000,1.39318000,0.09520872,0.12197094
251.60000000,5.12250000,1.36995000,0.09528547,0.12206841
251.80000000,5.12262000,1.35225000,0.09536109,0.12216462
252.00000000,5.12262000,1.35225000,0.09543621,0.12226084
252.20000000,5.12312000,1.36598000,0.09551172,0.12235801
252.40000000,5.12175000,1.35353000,0.09558726,0.12245431
252.60000000,5.12287000,1.35408000,0.09566247,0.12255067
252.80000000,5.12387000,1.32627000,0.09573692,0.12264506
253.00000000,5.12387000,1.32627000,0.09581061,0.12273943
253.20000000,5.12300000,1.35267000,0.09588502,0.12283567
253.40000000,5.12287000,1.33708000,0.09595974,0.12293080
253.60000000,5.12275000,1.35398000,0.09603449,0.12302714
253.80000000,5.12275000,1.35398000,0.09610971,0.12312347
254.00000000,5.12287000,1.34416000,0.09618466,0.12321911
254.20000000,5.12262000,1.35843000,0.09625973,0.12331575
254.40000000,5.12250000,1.35612000,0.09633513,0.12341225
254.60000000,5.12312000,1.36432000,0.09641070,0.12350933
254.80000000,5.12312000,1.36432000,0.09648650,0.12360640
255.00000000,5.12287000,1.35632000,0.09656207,0.12370289
255.20000000,5.12250000,1.37238000,0.09663787,0.12380055
255.40000000,5.12362000,1.37152000,0.09671409,0.12389815
255.60000000,5.12362000,1.37152000,0.09679028,0.12399575
255.80000000,5.12362000,1.37696000,0.09686663,0.12409373
256.00000000,5.12287000,1.35484000,0.09694251,0.12419012
256.20000000,5.12250000,1.35760000,0.09701786,0.12428670
256.40000000,5.12275000,1.37836000,0.09709386,0.12438477
256.60000000,5.12275000,1.37836000,0.09717043,0.12448284
256.80000000,5.12237000,1.38137000,0.09724709,0.12458110
257.00000000,5.12175000,1.37091000,0.09732354,0.12467862
257.20000000,5.12337000,1.35049000,0.09739914,0.12477472
257.40000000,5.12337000,1.35049000,0.09747417,0.12487078
257.60000000,5.12125000,1.31030000,0.09754808,0.12496399
257.80000000,5.12200000,1.28787000,0.09762025,0.12505561
258.00000000,5.12187000,1.34025000,0.09769325,0.12515095
258.20000000,5.12237000,1.36537000,0.09776841,0.12524808
258.40000000,5.12237000,1.36537000,0.09784426,0.12534522
258.60000000,5.12237000,1.36438000,0.09792009,0.12544230
258.80000000,5.12300000,1.37014000,0.09799605,0.12553979
259.00000000,5.12212000,1.36524000,0.09807203,0.12563692
259.20000000,5.12212000,1.36524000,0.09814788,0.12573406
259.40000000,5.12325000,1.38092000,0.09822416,0.12583232
259.60000000,5.12300000,1.38377000,0.09830095,0.12593078
259.80000000,5.12300000,1.36057000,0.09837719,0.12602758
260.00000000,5.12300000,1.36057000,0.09845277,0.12612438
260.20000000,5.12250000,1.37388000,0.09852873,0.12622212
260.40000000,5.12212000,1.38076000,0.09860525,0.12632036
260.60000000,5.12250000,1.34067000,0.09868084,0.12641574
260.80000000,5.12225000,1.36627000,0.09875604,0.12651294
261.00000000,5.12225000,1.36627000,0.09883194,0.12661015
261.20000000,5.12312000,1.36886000,0.09890792,0.12670754
261.40000000,5.12262000,1.36121000,0.09898375,0.12680439
261.60000000,5.12275000,1.35801000,0.09905929,0.12690101
261.80000000,5.12275000,1.35801000,0.09913473,0.12699763
262.00000000,5.12262000,1.37110000,0.09921054,0.12709518
262.20000000,5.12275000,1.38428000,0.09928708,0.12719368
262.40000000,5.12325000,1.36214000,0.09936337,0.12729059
262.60000000,5.12225000,1.34051000,0.09943844,0.12738596
262.80000000,5.12225000,1.34051000,0.09951291,0.12748133
263.00000000,5.12250000,1.37008000,0.09958821,0.12757882
263.20000000,5.12325000,1.36700000,0.09966424,0.12767608
263.40000000,5.12275000,1.34688000,0.09973962,0.12777191
263.60000000,5.12275000,1.34688000,0.09981445,0.12786775
263.80000000,5.12312000,1.35993000,0.09988964,0.12796450
264.00000000,5.12275000,1.37225000,0.09996553,0.12806214
264.20000000,5.12287000,1.36160000,0.10004147,0.12815902
264.40000000,5.12275000,1.36940000,0.10011733,0.12825645
264.60000000,5.12275000,1.36940000,0.10019341,0.12835388
264.80000000,5.12250000,1.38166000,0.10026983,0.12845220
265.00000000,5.12350000,1.36662000,0.10034617,0.12854943
265.20000000,5.12300000,1.38195000,0.10042252,0.12864776
265.40000000,5.12300000,1.38195000,0.10049930,0.12874610
265.60000000,5.12312000,1.36124000,0.10057550,0.12884296
265.80000000,5.12325000,1.36499000,0.10065122,0.12894008
266.00000000,5.12325000,1.35360000,0.10072674,0.12903639
266.20000000,5.12287000,1.34656000,0.10080174,0.12913220
266.40000000,5.12287000,1.34656000,0.10087655,0.12922801
266.60000000,5.12300000,1.38540000,0.10095244,0.12932662
266.80000000,5.12437000,1.46259000,0.10103155,0.12943068
267.00000000,5.12300000,1.37302000,0.10111032,0.12952838
267.20000000,5.12337000,1.29164000,0.10118434,0.12962029
267.40000000,5.12337000,1.29164000,0.10125610,0.12971217
267.60000000,5.12187000,1.30409000,0.10132820,0.12980495
267.80000000,5.12250000,1.31369000,0.10140091,0.12989843
268.00000000,5.12300000,1.37248000,0.10147553,0.12999608
268.20000000,5.12300000,1.37248000,0.10155178,0.13009373
268.40000000,5.12287000,1.38752000,0.10162845,0.13019246
268.60000000,5.12325000,1.37276000,0.10170512,0.13029014
268.80000000,5.12312000,1.37078000,0.10178133,0.13038768
269.00000000,5.12325000,1.35958000,0.10185717,0.13048442
269.20000000,5.12325000,1.35958000,0.10193271,0.13058117
269.40000000,5.12325000,1.36812000,0.10200848,0.13067850
269.60000000,5.12262000,1.35126000,0.10208401,0.13077465
269.80000000,5.12300000,1.35721000,0.10215925,0.13087122
270.00000000,5.12300000,1.35721000,0.10223465,0.13096779
270.20000000,5.12312000,1.37507000,0.10231055,0.13106562
270.40000000,5.12262000,1.37142000,0.10238684,0.13116320
270.60000000,5.12300000,1.37088000,0.10246301,0.13126075
270.80000000,5.12237000,1.37113000,0.10253918,0.13135829
271.00000000,5.12237000,1.37113000,0.10261535,0.13145585
271.20000000,5.12287000,1.36915000,0.10269147,0.13155327
271.40000000,5.12287000,1.38707000,0.10276803,0.13165196
271.60000000,5.12262000,1.37494000,0.10284476,0.13174978
271.80000000,5.12262000,1.37494000,0.10292114,0.13184758
272.00000000,5.12125000,1.36105000,0.10299714,0.13194442
272.20000000,5.12312000,1.37276000,0.10307308,0.13204207
272.40000000,5.12125000,1.28432000,0.10314689,0.13213342
272.60000000,5.12125000,1.28432000,0.10321824,0.13222478
272.80000000,5.12212000,1.36630000,0.10329187,0.13232199
273.00000000,5.12262000,1.37142000,0.10336792,0.13241957
273.20000000,5.12300000,1.35049000,0.10344352,0.13251567
273.40000000,5.12300000,1.35049000,0.10351855,0.13261175
273.60000000,5.12250000,1.36675000,0.10359403,0.13270898
273.80000000,5.12237000,1.37254000,0.10367012,0.13280664
274.00000000,5.12287000,1.36838000,0.10374626,0.13290400
274.20000000,5.12262000,1.37676000,0.10382251,0.13300195
274.40000000,5.12262000,1.37676000,0.10389900,0.13309992
274.60000000,5.12325000,1.37360000,0.10397540,0.13319766
274.80000000,5.12325000,1.37132000,0.10405165,0.13329522
275.00000000,5.12262000,1.36080000,0.10412754,0.13339204
275.20000000,5.12262000,1.36080000,0.10420314,0.13348886
275.40000000,5.12275000,1.38208000,0.10427933,0.13358721
275.60000000,5.12362000,1.37267000,0.10435585,0.13368486
275.80000000,5.12225000,1.35872000,0.10443172,0.13378153
276.00000000,5.12237000,1.37465000,0.10450765,0.13387933
276.20000000,5.12237000,1.37465000,0.10458402,0.13397713
276.40000000,5.12262000,1.36400000,0.10466009,0.13407418
276.60000000,5.12262000,1.37222000,0.10473610,0.13417180
276.80000000,5.12237000,1.36547000,0.10481214,0.13426895
277.00000000,5.12237000,1.36547000,0.10488800,0.13436610
277.20000000,5.12275000,1.35824000,0.10496366,0.13446272
277.40000000,5.12212000,1.36022000,0.10503918,0.13455951
277.60000000,5.12287000,1.36022000,0.10511474,0.13465628
277.80000000,5.12262000,1.36870000,0.10519055,0.13475366
278.00000000,5.12262000,1.36870000,0.10526659,0.13485104
278.20000000,5.12262000,1.37228000,0.10534272,0.13494867
278.40000000,5.12250000,1.35964000,0.10541861,0.13504541
278.60000000,5.12262000,1.37152000,0.10549448,0.13514301
278.80000000,5.12362000,1.36156000,0.10557040,0.13523990
279.00000000,5.12362000,1.36156000,0.10564604,0.13533675
279.20000000,5.12187000,1.36464000,0.10572177,0.13543383
279.40000000,5.12200000,1.36528000,0.10579760,0.13553096
279.60000000,5.12225000,1.37894000,0.10587382,0.13562906
279.80000000,5.12225000,1.37894000,0.10595043,0.13572716
280.00000000,5.12187000,1.34649000,0.10602614,0.13582296
280.20000000,5.12275000,1.37600000,0.10610176,0.13592085
280.40000000,5.12200000,1.36736000,0.10617797,0.13601812
280.60000000,5.12287000,1.37772000,0.10625422,0.13611615
280.80000000,5.12287000,1.37772000,0.10633076,0.13621416
281.00000000,5.12212000,1.38083000,0.10640739,0.13631239
281.20000000,5.12225000,1.36428000,0.10648364,0.13640945
281.40000000,5.12275000,1.37427000,0.10655971,0.13650723
281.60000000,5.12275000,1.37427000,0.10663606,0.13660499
281.80000000,5.12200000,1.30912000,0.10671060,0.13669814
282.00000000,5.12300000,1.38313000,0.10678538,0.13679653
282.20000000,5.12162000,1.37254000,0.10686193,0.13689416
282.40000000,5.12162000,1.37254000,0.10693818,0.13699181
282.60000000,5.12250000,1.36918000,0.10701434,0.13708921
282.80000000,5.12187000,1.37254000,0.10709050,0.13718686
283.00000000,5.12262000,1.38880000,0.10716720,0.13728567
283.20000000,5.12200000,1.37926000,0.10724409,0.13738379
283.40000000,5.12200000,1.37926000,0.10732072,0.13748192
283.60000000,5.12250000,1.37488000,0.10739722,0.13757972
283.80000000,5.12162000,1.37232000,0.10747353,0.13767737
284.00000000,5.12312000,1.41225000,0.10755088,0.13777786
284.20000000,5.12312000,1.41225000,0.10762934,0.13787834
284.40000000,5.12287000,1.40048000,0.10770747,0.13797798
284.60000000,5.12287000,1.40710000,0.10778546,0.13807809
284.80000000,5.12250000,1.34752000,0.10786198,0.13817396
285.00000000,5.12250000,1.34752000,0.10793684,0.13826983
285.20000000,5.12250000,1.37120000,0.10801236,0.13836740
285.40000000,5.12312000,1.37804000,0.10808873,0.13846545
285.60000000,5.12287000,1.36636000,0.10816496,0.13856266
285.80000000,5.12250000,1.35913000,0.10824067,0.13865936
286.00000000,5.12250000,1.35913000,0.10831618,0.13875606
286.20000000,5.12300000,1.36745000,0.10839191,0.13885336
286.40000000,5.12275000,1.33219000,0.10846690,0.13894814
286.60000000,5.12250000,1.33088000,0.10854088,0.13904282
286.80000000,5.12250000,1.33088000,0.10861482,0.13913752
287.00000000,5.12300000,1.36563000,0.10868972,0.13923469
287.20000000,5.12337000,1.37625000,0.10876588,0.13933261
287.40000000,5.12237000,1.33571000,0.10884122,0.13942763
287.60000000,5.12225000,1.34096000,0.10891557,0.13952303
287.80000000,5.12225000,1.34096000,0.10899007,0.13961845
288.00000000,5.12312000,1.35820000,0.10906504,0.13971509
288.20000000,5.12300000,1.37756000,0.10914104,0.13981310
288.40000000,5.12287000,1.36128000,0.10921711,0.13990996
288.60000000,5.12250000,1.35398000,0.10929254,0.14000629
288.80000000,5.12250000,1.35398000,0.10936776,0.14010263
289.00000000,5.12325000,1.37094000,0.10944345,0.14020018
289.20000000,5.12300000,1.34460000,0.10951888,0.14029584
289.40000000,5.12275000,1.37555000,0.10959444,0.14039371
289.60000000,5.12275000,1.37555000,0.10967086,0.14049158
289.80000000,5.12275000,1.36243000,0.10974692,0.14058850
290.00000000,5.12187000,1.36812000,0.10982277,0.14068585
290.20000000,5.12312000,1.36886000,0.10989879,0.14078324
290.40000000,5.12250000,1.35859000,0.10997456,0.14087990
290.60000000,5.12250000,1.35859000,0.11005003,0.14097657
290.80000000,5.12300000,1.34992000,0.11012527,0.14107259
291.00000000,5.12187000,1.36713000,0.11020074,0.14116986
291.20000000,5.12250000,1.34281000,0.11027602,0.14126540
291.40000000,5.12250000,1.34281000,0.11035062,0.14136094
291.60000000,5.12275000,1.36550000,0.11042585,0.14145809
291.80000000,5.12262000,1.35244000,0.11050135,0.14155429
292.00000000,5.12137000,1.34297000,0.11057622,0.14164981
292.20000000,5.12212000,1.33491000,0.11065061,0.14174478
292.40000000,5.12212000,1.33491000,0.11072477,0.14183974
292.60000000,5.12200000,1.37200000,0.11079996,0.14193734
292.80000000,5.12187000,1.36569000,0.11087601,0.14203449
293.00000000,5.12162000,1.34848000,0.11095140,0.14213041
293.20000000,5.12162000,1.34848000,0.11102632,0.14222635
293.40000000,5.12237000,1.36470000,0.11110168,0.14232344
293.60000000,5.12237000,1.37718000,0.11117785,0.14242142
293.80000000,5.12262000,1.37417000,0.11125427,0.14251919
294.00000000,5.12187000,1.37664000,0.11133068,0.14261712
294.20000000,5.12187000,1.37664000,0.11140716,0.14271507
294.40000000,5.12275000,1.36112000,0.11148321,0.14281192
294.60000000,5.12312000,1.38352000,0.11155945,0.14291036
294.80000000,5.12250000,1.36368000,0.11163576,0.14300738
295.00000000,5.12250000,1.36368000,0.11171152,0.14310438
295.20000000,5.12162000,1.37152000,0.11178750,0.14320196
295.40000000,5.12225000,1.36908000,0.11186363,0.14329937
295.60000000,5.12275000,1.37651000,0.11193990,0.14339730
295.80000000,5.12275000,1.37651000,0.11201637,0.14349523
296.00000000,5.12225000,1.31075000,0.11209101,0.14358848
296.20000000,5.12212000,1.33254000,0.11216444,0.14368327
296.40000000,5.12175000,1.38003000,0.11223979,0.14378144
296.60000000,5.12175000,1.38003000,0.11231646,0.14387962
296.80000000,5.12225000,1.36390000,0.11239268,0.14397665
297.00000000,5.12225000,1.37488000,0.11246875,0.14407446
297.20000000,5.12237000,1.37715000,0.11254520,0.14417243
297.40000000,5.12212000,1.37286000,0.11262159,0.14427010
297.60000000,5.12212000,1.37286000,0.11269786,0.14436778
297.80000000,5.12275000,1.36908000,0.11277402,0.14446520
298.00000000,5.12325000,1.37804000,0.11285033,0.14456323
298.20000000,5.12200000,1.37254000,0.11292674,0.14466088
298.40000000,5.12225000,1.36780000,0.11300286,0.14475818
298.60000000,5.12225000,1.36780000,0.11307885,0.14485548
298.80000000,5.12187000,1.36848000,0.11315485,0.14495285
299.00000000,5.12262000,1.37916000,0.11323118,0.14505098
299.20000000,5.12287000,1.37420000,0.11330766,0.14514875
299.40000000,5.12287000,1.37420000,0.11338400,0.14524652
299.60000000,5.12250000,1.38176000,0.11346056,0.14534482
299.80000000,5.12187000,1.33888000,0.11353613,0.14544006
300.00000000,5.12200000,1.35206000,0.11361088,0.14553625
300.20000000,5.12200000,1.35884000,0.11368618,0.14563291
300.40000000,5.12200000,1.35884000,0.11376167,0.14572962
300.60000000,5.12425000,1.37657000,0.11383766,0.14582756
300.80000000,5.12250000,1.33168000,0.11391289,0.14592230
301.00000000,5.12250000,1.35942000,0.11398764,0.14601902
301.20000000,5.12250000,1.35942000,0.11406316,0.14611573
301.40000000,5.12212000,1.36128000,0.11413874,0.14621257
301.60000000,5.12225000,1.36246000,0.11421440,0.14630950
301.80000000,5.12212000,1.39619000,0.11429103,0.14640884
302.00000000,5.12275000,1.37385000,0.11436797,0.14650659
302.20000000,5.12275000,1.37385000,0.11444430,0.14660434
302.40000000,5.12275000,1.34636000,0.11451986,0.14670012
302.60000000,5.12212000,1.34646000,0.11459466,0.14679592
302.80000000,5.12287000,1.37654000,0.11467030,0.14689386
303.00000000,5.12287000,1.37654000,0.11474677,0.14699180
303.20000000,5.12262000,1.36380000,0.11482289,0.14708883
303.40000000,5.12287000,1.35824000,0.11489851,0.14718548
303.60000000,5.12312000,1.38611000,0.11497474,0.14728408
303.80000000,5.12187000,1.37305000,0.11505138,0.14738176
304.00000000,5.12187000,1.37305000,0.11512766,0.14747944
304.20000000,5.12250000,1.36774000,0.11520379,0.14757676
304.40000000,5.12300000,1.36700000,0.11527976,0.14767403
304.60000000,5.12325000,1.37635000,0.11535596,0.14777197
304.80000000,5.12262000,1.37529000,0.11543240,0.14786982
305.00000000,5.12262000,1.37529000,0.11550880,0.14796768
305.20000000,5.12350000,1.34921000,0.11558448,0.14806365
305.40000000,5.12150000,1.29196000,0.11565785,0.14815557
305.60000000,5.12237000,1.36416000,0.11573163,0.14825262
305.80000000,5.12237000,1.36416000,0.11580742,0.14834969
306.00000000,5.12325000,1.37648000,0.11588355,0.14844763
306.20000000,5.12287000,1.37804000,0.11596006,0.14854569
306.40000000,5.12350000,1.34588000,0.11603573,0.14864146
306.60000000,5.12350000,1.34588000,0.11611050,0.14873723
306.80000000,5.12312000,1.36668000,0.11618585,0.14883446
307.00000000,5.12250000,1.37779000,0.11626208,0.14893250
307.20000000,5.12337000,1.37001000,0.11633841,0.14902998
307.40000000,5.12275000,1.36435000,0.11641436,0.14912705
307.60000000,5.12275000,1.36435000,0.11649016,0.14922412
307.80000000,5.12287000,1.35436000,0.11656568,0.14932049
308.00000000,5.12287000,1.36537000,0.11664123,0.14941763
308.20000000,5.12275000,1.36384000,0.11671704,0.14951467
308.40000000,5.12275000,1.36384000,0.11679281,0.14961169
308.60000000,5.12200000,1.37392000,0.11686886,0.14970944
308.80000000,5.12262000,1.35961000,0.11694479,0.14980617
309.00000000,5.12225000,1.35958000,0.11702032,0.14990289
309.20000000,5.12225000,1.35958000,0.11709585,0.14999963
309.40000000,5.12300000,1.36524000,0.11717154,0.15009676
309.60000000,5.12275000,1.38460000,0.11724793,0.15019526
309.80000000,5.12200000,1.35548000,0.11732404,0.15029170
310.00000000,5.12250000,1.32518000,0.11739850,0.15038598
310.20000000,5.12250000,1.32518000,0.11747212,0.15048024
310.40000000,5.12112000,1.30246000,0.11754511,0.15057291
310.60000000,5.12287000,1.36979000,0.11761934,0.15067036
310.80000000,5.12225000,1.37270000,0.11769552,0.15076802
311.00000000,5.12225000,1.37270000,0.11777179,0.15086568
311.20000000,5.12250000,1.36774000,0.11784791,0.15096298
311.40000000,5.12212000,1.36777000,0.11792389,0.15106030
311.60000000,5.12300000,1.36934000,0.11799993,0.15115774
311.80000000,5.12325000,1.38748000,0.11807650,0.15125646
312.00000000,5.12325000,1.38748000,0.11815359,0.15135518
312.20000000,5.12275000,1.37977000,0.11823045,0.15145334
312.40000000,5.12212000,1.37606000,0.11830701,0.15155124
312.60000000,5.12250000,1.37628000,0.11838346,0.15164916
312.80000000,5.12250000,1.37628000,0.11845992,0.15174708
313.00000000,5.12300000,1.36899000,0.11853618,0.15184449
313.20000000,5.12287000,1.36492000,0.11861212,0.15194160
313.40000000,5.12250000,1.36928000,0.11868807,0.15203899
313.60000000,5.12137000,1.43577000,0.11876599,0.15214112
313.80000000,5.12137000,1.43577000,0.11884575,0.15224333
314.00000000,5.12562000,1.40720000,0.11892472,0.15234347
314.20000000,5.12350000,1.36617000,0.11900176,0.15244066
314.40000000,5.12225000,1.38067000,0.11907806,0.15253889
314.60000000,5.12237000,1.34758000,0.11915385,0.15263476
314.80000000,5.12237000,1.34758000,0.11922871,0.15273064
315.00000000,5.12275000,1.34995000,0.11930364,0.15282667
315.20000000,5.12187000,1.36259000,0.11937899,0.15292362
315.40000000,5.12300000,1.37580000,0.11945506,0.15302151
315.60000000,5.12300000,1.37580000,0.11953149,0.15311938
315.80000000,5.12187000,1.36905000,0.11960774,0.15321679
316.00000000,5.12275000,1.36108000,0.11968357,0.15331363
316.20000000,5.12275000,1.38092000,0.11975974,0.15341188
316.40000000,5.12262000,1.36243000,0.11983595,0.15350881
316.60000000,5.12262000,1.36243000,0.11991164,0.15360574
316.80000000,5.12212000,1.36137000,0.11998730,0.15370258
317.00000000,5.12212000,1.37856000,0.12006341,0.15380067
317.20000000,5.12287000,1.38220000,0.12014009,0.15389902
317.40000000,5.12287000,1.38220000,0.12021688,0.15399734
317.60000000,5.12200000,1.34297000,0.12029258,0.15409289
317.80000000,5.12262000,1.36163000,0.12036771,0.15418976
318.00000000,5.12237000,1.37184000,0.12044364,0.15428736
318.20000000,5.12237000,1.37184000,0.12051985,0.15438497
318.40000000,5.12262000,1.36860000,0.12059598,0.15448233
318.60000000,5.12200000,1.36819000,0.12067200,0.15457966
318.80000000,5.12200000,1.34963000,0.12074749,0.15467568
319.00000000,5.12275000,1.36624000,0.12082293,0.15477289
319.20000000,5.12275000,1.36624000,0.12089884,0.15487008
319.40000000,5.12187000,1.35360000,0.12097439,0.15496638
319.60000000,5.12212000,1.35283000,0.12104957,0.15506261
319.80000000,5.12175000,1.34688000,0.12112456,0.15515842
320.00000000,5.12175000,1.34688000,0.12119938,0.15525423
320.20000000,5.12137000,1.36537000,0.12127472,0.15535138
320.40000000,5.12325000,1.35680000,0.12135034,0.15544789
320.60000000,5.12125000,1.34918000,0.12142551,0.15554385
320.80000000,5.12125000,1.34918000,0.12150046,0.15563982
321.00000000,5.12162000,1.35900000,0.12157569,0.15573652
321.20000000,5.12275000,1.37302000,0.12165158,0.15583420
321.40000000,5.12225000,1.36761000,0.12172771,0.15593151
321.60000000,5.12300000,1.37798000,0.12180397,0.15602955
321.80000000,5.12300000,1.37798000,0.12188053,0.15612760
322.00000000,5.12300000,1.37926000,0.12195712,0.15622573
322.20000000,5.12250000,1.37699000,0.12203368,0.15632370
322.40000000,5.12250000,1.37273000,0.12211006,0.15642136
322.60000000,5.12250000,1.37273000,0.12218632,0.15651902
322.80000000,5.12237000,1.32908000,0.12226137,0.15661358
323.00000000,5.12262000,1.37280000,0.12233643,0.15671125
323.20000000,5.12250000,1.36486000,0.12241247,0.15680835
323.40000000,5.12212000,1.36400000,0.12248827,0.15690538
323.60000000,5.12212000,1.36400000,0.12256405,0.15700242
323.80000000,5.12212000,1.35977000,0.12263971,0.15709918
324.00000000,5.12337000,1.37305000,0.12271562,0.15719685
324.20000000,5.12200000,1.30854000,0.12279011,0.15728994
324.40000000,5.12262000,1.37760000,0.12286473,0.15738796
324.60000000,5.12262000,1.37760000,0.12294126,0.15748596
324.80000000,5.12237000,1.36297000,0.12301739,0.15758294
325.00000000,5.12312000,1.37337000,0.12309340,0.15768066
325.20000000,5.12262000,1.37244000,0.12316967,0.15777830
325.40000000,5.12262000,1.37244000,0.12324592,0.15787594
325.60000000,5.12225000,1.37200000,0.12332215,0.15797355
325.80000000,5.12250000,1.36592000,0.12339820,0.15807073
326.00000000,5.12212000,1.37324000,0.12347429,0.15816844
326.20000000,5.12337000,1.38643000,0.12355095,0.15826710
326.40000000,5.12337000,1.38643000,0.12362797,0.15836574
326.60000000,5.12287000,1.37398000,0.12370465,0.15846350
326.80000000,5.12262000,1.36185000,0.12378065,0.15856039
327.00000000,5.12237000,1.35497000,0.12385611,0.15865678
327.20000000,5.12237000,1.35497000,0.12393139,0.15875319
327.40000000,5.12262000,1.36588000,0.12400697,0.15885035
327.60000000,5.12187000,1.35881000,0.12408265,0.15894703
327.80000000,5.12250000,1.36537000,0.12415833,0.15904417
328.00000000,5.12262000,1.36598000,0.12423420,0.15914135
328.20000000,5.12262000,1.36598000,0.12431009,0.15923853
328.40000000,5.12212000,1.36304000,0.12438589,0.15933551
328.60000000,5.12262000,1.37372000,0.12446191,0.15943324
328.80000000,5.12250000,1.33280000,0.12453709,0.15952807
329.00000000,5.12250000,1.33280000,0.12461114,0.15962288
329.20000000,5.12200000,1.35427000,0.12468578,0.15971922
329.40000000,5.12225000,1.36768000,0.12476139,0.15981653
329.60000000,5.12237000,1.37843000,0.12483767,0.15991459
329.80000000,5.12287000,1.36624000,0.12491391,0.16001180
330.00000000,5.12287000,1.36624000,0.12498981,0.16010900
330.20000000,5.12237000,1.36620000,0.12506571,0.16020620
330.40000000,5.12225000,1.36921000,0.12514170,0.16030361
330.60000000,5.12300000,1.36736000,0.12521771,0.16040090
330.80000000,5.12300000,1.36736000,0.12529368,0.16049819
331.00000000,5.12300000,1.37388000,0.12536982,0.16059595
331.20000000,5.12312000,1.37033000,0.12544605,0.16069343
331.40000000,5.12212000,1.32217000,0.12552084,0.16078749
331.60000000,5.12212000,1.32217000,0.12559430,0.16088155
331.80000000,5.12212000,1.38403000,0.12566947,0.16098002
332.00000000,5.12237000,1.40723000,0.12574700,0.16108015
332.20000000,5.12312000,1.37952000,0.12582441,0.16117831
332.40000000,5.12287000,1.37142000,0.12590083,0.16127589
332.60000000,5.12287000,1.37142000,0.12597702,0.16137345
332.80000000,5.12212000,1.36092000,0.12605292,0.16147029
333.00000000,5.12312000,1.37097000,0.12612880,0.16156781
333.20000000,5.12187000,1.35174000,0.12620443,0.16166397
333.40000000,5.12187000,1.35174000,0.12627953,0.16176015
333.60000000,5.12287000,1.31465000,0.12635360,0.16185366
333.80000000,5.12150000,1.29897000,0.12642620,0.16194607
334.00000000,5.12200000,1.35932000,0.12650004,0.16204277
334.20000000,5.12200000,1.35932000,0.12657556,0.16213948
334.40000000,5.12250000,1.38489000,0.12665178,0.16223801
334.60000000,5.12275000,1.37785000,0.12672853,0.16233605
334.80000000,5.12300000,1.35852000,0.12680454,0.16243271
335.00000000,5.12275000,1.37392000,0.12688044,0.16253046
335.20000000,5.12275000,1.37392000,0.12695677,0.16262821
335.40000000,5.12225000,1.36518000,0.12703285,0.16272534
335.60000000,5.12275000,1.37062000,0.12710885,0.16282285
335.80000000,5.12250000,1.36675000,0.12718489,0.16292010
336.00000000,5.12287000,1.36464000,0.12726076,0.16301719
336.20000000,5.12287000,1.36464000,0.12733657,0.16311427
336.40000000,5.12212000,1.36598000,0.12741242,0.16321145
336.60000000,5.12187000,1.36710000,0.12748834,0.16330870
336.80000000,5.12200000,1.35881000,0.12756406,0.16340536
337.00000000,5.12200000,1.35881000,0.12763955,0.16350204
337.20000000,5.12250000,1.38614000,0.12771580,0.16360065
337.40000000,5.12212000,1.35232000,0.12779187,0.16369686
337.60000000,5.12250000,1.37027000,0.12786749,0.16379435
337.80000000,5.12237000,1.36211000,0.12794339,0.16389125
338.00000000,5.12237000,1.36211000,0.12801907,0.16398818
338.20000000,5.12337000,1.38483000,0.12809537,0.16408669
338.40000000,5.12175000,1.32627000,0.12817068,0.16418103
338.60000000,5.12175000,1.32339000,0.12824428,0.16427517
338.80000000,5.12175000,1.32339000,0.12831780,0.16436930
339.00000000,5.12087000,1.28713000,0.12839032,0.16446084
339.20000000,5.12050000,1.31440000,0.12846258,0.16455435
339.40000000,5.12237000,1.33452000,0.12853616,0.16464926
339.60000000,5.12087000,1.38022000,0.12861157,0.16474743
339.80000000,5.12087000,1.38022000,0.12868825,0.16484562
340.00000000,5.12225000,1.36787000,0.12876459,0.16494294
340.20000000,5.12262000,1.36633000,0.12884054,0.16504014
340.40000000,5.12187000,1.37497000,0.12891668,0.16513795
340.60000000,5.12187000,1.37497000,0.12899307,0.16523577
340.80000000,5.12250000,1.37356000,0.12906942,0.16533349
341.00000000,5.12212000,1.37417000,0.12914574,0.16543125
341.20000000,5.12237000,1.37852000,0.12922221,0.16552932
341.40000000,5.12212000,1.35923000,0.12929826,0.16562602
341.60000000,5.12212000,1.35923000,0.12937377,0.16572273
341.80000000,5.12287000,1.36652000,0.12944949,0.16581994
342.00000000,5.12212000,1.37619000,0.12952567,0.16591785
342.20000000,5.12225000,1.37219000,0.12960202,0.16601546
342.40000000,5.12162000,1.36848000,0.12967815,0.16611280
342.60000000,5.12162000,1.36848000,0.12975417,0.16621015
342.80000000,5.12200000,1.34563000,0.12982956,0.16630586
343.00000000,5.12087000,1.35651000,0.12990462,0.16640237
343.20000000,5.12250000,1.37734000,0.12998056,0.16650036
343.40000000,5.12250000,1.37734000,0.13005708,0.16659836
343.60000000,5.12262000,1.37248000,0.13013347,0.16669597
343.80000000,5.12100000,1.33644000,0.13020871,0.16679104
344.00000000,5.12162000,1.36572000,0.13028377,0.16688820
344.20000000,5.12212000,1.37510000,0.13035991,0.16698602
344.40000000,5.12212000,1.37510000,0.13043630,0.16708385
344.60000000,5.12237000,1.37756000,0.13051277,0.16718185
344.80000000,5.12175000,1.36524000,0.13058895,0.16727898
345.00000000,5.12250000,1.37200000,0.13066499,0.16737659
345.20000000,5.12250000,1.37200000,0.13074121,0.16747418
345.40000000,5.12162000,1.34825000,0.13081677,0.16757010
345.60000000,5.12225000,1.36041000,0.13089201,0.16766688
345.80000000,5.12200000,1.37011000,0.13096786,0.16776435
346.00000000,5.12187000,1.35830000,0.13104365,0.16786097
346.20000000,5.12187000,1.35830000,0.13111911,0.16795760
346.40000000,5.12212000,1.36870000,0.13119486,0.16805498
346.60000000,5.12237000,1.36211000,0.13127072,0.16815189
346.80000000,5.12225000,1.36297000,0.13134641,0.16824885
347.00000000,5.12225000,1.36297000,0.13142213,0.16834581
347.20000000,5.12175000,1.38089000,0.13149835,0.16844405
347.40000000,5.12237000,1.36444000,0.13157461,0.16854112
347.60000000,5.12237000,1.36739000,0.13165050,0.16863840
347.80000000,5.12250000,1.36345000,0.13172635,0.16873540
348.00000000,5.12250000,1.36345000,0.13180210,0.16883241
348.20000000,5.12250000,1.35446000,0.13187760,0.16892875
348.40000000,5.12150000,1.33264000,0.13195224,0.16902355
348.60000000,5.12175000,1.36774000,0.13202725,0.16912084
348.80000000,5.12175000,1.36774000,0.13210324,0.16921815
349.00000000,5.12225000,1.39059000,0.13217986,0.16931707
349.20000000,5.12175000,1.37670000,0.13225673,0.16941501
349.40000000,5.12250000,1.36166000,0.13233279,0.16951189
349.60000000,5.12250000,1.36166000,0.13240844,0.16960876
349.80000000,5.12212000,1.35622000,0.13248394,0.16970524
350.00000000,5.12200000,1.37584000,0.13255983,0.16980310
350.20000000,5.12125000,1.36217000,0.13263588,0.16990000
350.40000000,5.12200000,1.34937000,0.13271120,0.16999600
350.60000000,5.12200000,1.34937000,0.13278617,0.17009197
350.80000000,5.12112000,1.35676000,0.13286134,0.17018847
351.00000000,5.12112000,1.36944000,0.13293707,0.17028590
351.20000000,5.12212000,1.36851000,0.13301312,0.17038325
351.40000000,5.12212000,1.36851000,0.13308915,0.17048061
351.60000000,5.12187000,1.37123000,0.13316525,0.17057814
351.80000000,5.12150000,1.35452000,0.13324097,0.17067450
352.00000000,5.12200000,1.38787000,0.13331714,0.17077323
352.20000000,5.12187000,1.37520000,0.13339390,0.17087106
352.40000000,5.12187000,1.37520000,0.13347030,0.17096890
352.60000000,5.12237000,1.37875000,0.13354679,0.17106697
352.80000000,5.12175000,1.34451000,0.13362244,0.17116260
353.00000000,5.12087000,1.32931000,0.13369671,0.17125714
353.20000000,5.12087000,1.32931000,0.13377056,0.17135172
353.40000000,5.12237000,1.36464000,0.13384540,0.17144880
353.60000000,5.12225000,1.36960000,0.13392135,0.17154624
353.80000000,5.12212000,1.36876000,0.13399741,0.17164361
354.00000000,5.12225000,1.37974000,0.13407376,0.17174177
354.20000000,5.12225000,1.37974000,0.13415041,0.17183993
354.40000000,5.12250000,1.37657000,0.13422698,0.17193788
354.60000000,5.12300000,1.38374000,0.13430365,0.17203631
354.80000000,5.12150000,1.36208000,0.13437992,0.17213320
355.00000000,5.12150000,1.36208000,0.13445560,0.17223010
355.20000000,5.12225000,1.36611000,0.13453138,0.17232728
355.40000000,5.12200000,1.36345000,0.13460720,0.17242428
355.60000000,5.12237000,1.38412000,0.13468352,0.17252276
355.80000000,5.12262000,1.35353000,0.13475957,0.17261906
356.00000000,5.12262000,1.35353000,0.13483476,0.17271534
356.20000000,5.12175000,1.36307000,0.13491022,0.17281232
356.40000000,5.12262000,1.36361000,0.13498597,0.17290933
356.60000000,5.12237000,1.36790000,0.13506184,0.17300665
356.80000000,5.12237000,1.36790000,0.13513784,0.17310397
357.00000000,5.12225000,1.37424000,0.13521401,0.17320174
357.20000000,5.12262000,1.37923000,0.13529049,0.17329987
357.40000000,5.12262000,1.35932000,0.13536656,0.17339657
357.60000000,5.12187000,1.25859000,0.13543928,0.17348610
357.80000000,5.12187000,1.25859000,0.13550920,0.17357566
358.00000000,5.12350000,1.32384000,0.13558094,0.17366985
358.20000000,5.12287000,1.37145000,0.13565581,0.17376743
358.40000000,5.12262000,1.36768000,0.13573189,0.17386474
358.60000000,5.12262000,1.36768000,0.13580788,0.17396205
358.80000000,5.12287000,1.35164000,0.13588341,0.17405821
359.00000000,5.12225000,1.37862000,0.13595925,0.17415628
359.20000000,5.12187000,1.36390000,0.13603543,0.17425333
359.40000000,5.12350000,1.38953000,0.13611192,0.17435221
359.60000000,5.12350000,1.38953000,0.13618911,0.17445108
359.80000000,5.12275000,1.36608000,0.13626566,0.17454827
360.00000000,5.12275000,1.36809000,0.13634161,0.17464561
360.20000000,5.12337000,1.36553000,0.13641754,0.17474278
360.40000000,5.12337000,1.36553000,0.13649340,0.17483994
360.60000000,5.12312000,1.38022000,0.13656968,0.17493815
360.80000000,5.12325000,1.37619000,0.13664624,0.17503606
361.00000000,5.12250000,1.35932000,0.13672223,0.17513277
361.20000000,5.12325000,1.37126000,0.13679808,0.17523035
361.40000000,5.12325000,1.37126000,0.13687426,0.17532791
361.60000000,5.12250000,1.36470000,0.13695026,0.17542502
361.80000000,5.12337000,1.46220000,0.13702878,0.17552906
362.00000000,5.12312000,1.36908000,0.13710743,0.17562647
362.20000000,5.12312000,1.36908000,0.13718349,0.17572388
362.40000000,5.12287000,1.37462000,0.13725970,0.17582167
362.60000000,5.12200000,1.30073000,0.13733402,0.17591422
362.80000000,5.12262000,1.35974000,0.13740792,0.17601096
363.00000000,5.12262000,1.35974000,0.13748346,0.17610771
363.20000000,5.12312000,1.34643000,0.13755863,0.17620351
363.40000000,5.12287000,1.36732000,0.13763402,0.17630081
363.60000000,5.12337000,1.35315000,0.13770958,0.17639707
363.80000000,5.12187000,1.35894000,0.13778492,0.17649374
364.00000000,5.12187000,1.35894000,0.13786042,0.17659042
364.20000000,5.12262000,1.36467000,0.13793607,0.17668751
364.40000000,5.12237000,1.33619000,0.13801110,0.17678256
364.60000000,5.12162000,1.35980000,0.13808599,0.17687929
364.80000000,5.12162000,1.35980000,0.13816153,0.17697603
365.00000000,5.12237000,1.36371000,0.13823718,0.17707305
365.20000000,5.12250000,1.37638000,0.13831330,0.17717098
365.40000000,5.12312000,1.37385000,0.13838969,0.17726874
365.60000000,5.12287000,1.37014000,0.13846591,0.17736622
365.80000000,5.12287000,1.37014000,0.13854203,0.17746370
366.00000000,5.12237000,1.34019000,0.13861732,0.17755905
366.20000000,5.12275000,1.35267000,0.13869212,0.17765528
366.40000000,5.12212000,1.36249000,0.13876754,0.17775221
366.60000000,5.12262000,1.38089000,0.13884375,0.17785046
366.80000000,5.12262000,1.38089000,0.13892046,0.17794870
367.00000000,5.12225000,1.37532000,0.13899702,0.17804653
367.20000000,5.12187000,1.33299000,0.13907226,0.17814137
367.40000000,5.12225000,1.36352000,0.13914716,0.17823837
367.60000000,5.12225000,1.36352000,0.13922291,0.17833535
367.80000000,5.12112000,1.34604000,0.13929818,0.17843112
368.00000000,5.12262000,1.36467000,0.13937347,0.17852820
368.20000000,5.12175000,1.36608000,0.13944933,0.17862539
368.40000000,5.12262000,1.36467000,0.13952518,0.17872248
368.60000000,5.12262000,1.36467000,0.13960100,0.17881958
368.80000000,5.12262000,1.35715000,0.13967660,0.17891612
369.00000000,5.12200000,1.36668000,0.13975226,0.17901337
369.20000000,5.12325000,1.36387000,0.13982811,0.17911042
369.40000000,5.12325000,1.36387000,0.13990388,0.17920745
369.60000000,5.12225000,1.38118000,0.13998013,0.17930572
369.80000000,5.12300000,1.34326000,0.14005581,0.17940127
370.00000000,5.12162000,1.37036000,0.14013119,0.17949875
370.20000000,5.12212000,1.36009000,0.14020704,0.17959551
370.40000000,5.12212000,1.36009000,0.14028260,0.17969228
370.60000000,5.12287000,1.38304000,0.14035880,0.17979068
370.80000000,5.12275000,1.36163000,0.14043504,0.17988755
371.00000000,5.12225000,1.37398000,0.14051103,0.17998530
371.20000000,5.12225000,1.37398000,0.14058736,0.18008306
371.40000000,5.12312000,1.36988000,0.14066358,0.18018053
371.60000000,5.12275000,1.35865000,0.14073937,0.18027718
371.80000000,5.12187000,1.34320000,0.14081442,0.18037273
372.00000000,5.12312000,1.37824000,0.14089002,0.18047080
372.20000000,5.12312000,1.37824000,0.14096659,0.18056886
372.40000000,5.12262000,1.36464000,0.14104278,0.18066593
372.60000000,5.12150000,1.35811000,0.14111841,0.18076253
372.80000000,5.12250000,1.35939000,0.14119389,0.18085925
373.00000000,5.12250000,1.35939000,0.14126942,0.18095597
373.20000000,5.12300000,1.37420000,0.14134535,0.18105374
373.40000000,5.12225000,1.36534000,0.14142145,0.18115087
373.60000000,5.12250000,1.36688000,0.14149734,0.18124812
373.80000000,5.12250000,1.36688000,0.14157328,0.18134538
374.00000000,5.12275000,1.37459000,0.14164943,0.18144317
374.20000000,5.12250000,1.36841000,0.14172563,0.18154052
374.40000000,5.12187000,1.37398000,0.14180180,0.18163826
374.60000000,5.12187000,1.37398000,0.14187814,0.18173602
374.80000000,5.12300000,1.36934000,0.14195434,0.18183344
375.00000000,5.12237000,1.37369000,0.14203053,0.18193117
375.20000000,5.12250000,1.36595000,0.14210664,0.18202837
375.40000000,5.12337000,1.37523000,0.14218278,0.18212623
375.60000000,5.12337000,1.37523000,0.14225918,0.18222408
375.80000000,5.12287000,1.36476000,0.14233529,0.18232118
376.00000000,5.12262000,1.36179000,0.14241103,0.18241806
376.20000000,5.12237000,1.36352000,0.14248673,0.18251507
376.40000000,5.12237000,1.30432000,0.14256084,0.18260786
376.60000000,5.12237000,1.30432000,0.14263330,0.18270066
376.80000000,5.12250000,1.32678000,0.14270639,0.18279506
377.00000000,5.12275000,1.37600000,0.14278147,0.18289295
377.20000000,5.12212000,1.35088000,0.14285721,0.18298905
377.40000000,5.12212000,1.35088000,0.14293226,0.18308517
377.60000000,5.12287000,1.36774000,0.14300778,0.18318248
377.80000000,5.12287000,1.37612000,0.14308400,0.18328038
378.00000000,5.12237000,1.35100000,0.14315975,0.18337651
378.20000000,5.12312000,1.35868000,0.14323502,0.18347319
378.40000000,5.12312000,1.35868000,0.14331050,0.18356984
378.60000000,5.12187000,1.37337000,0.14338639,0.18366756
378.80000000,5.12300000,1.36707000,0.14346251,0.18376481
379.00000000,5.12200000,1.36502000,0.14353841,0.18386192
379.20000000,5.12200000,1.36502000,0.14361424,0.18395904
379.40000000,5.12300000,1.36646000,0.14369011,0.18405626
379.60000000,5.12225000,1.36540000,0.14376600,0.18415342
379.80000000,5.12362000,1.42921000,0.14384363,0.18425512
380.00000000,5.12312000,1.40121000,0.14392225,0.18435482
380.20000000,5.12312000,1.40121000,0.14400010,0.18445453
380.40000000,5.12362000,1.37139000,0.14407711,0.18455211
380.60000000,5.12287000,1.36537000,0.14415313,0.18464925
380.80000000,5.12250000,1.35609000,0.14422873,0.18474573
381.00000000,5.12250000,1.35609000,0.14430407,0.18484220
381.20000000,5.12212000,1.34652000,0.14437914,0.18493800
381.40000000,5.12250000,1.32134000,0.14445325,0.18503200
381.60000000,5.12187000,1.31081000,0.14452636,0.18512527
381.80000000,5.12312000,1.37043000,0.14460084,0.18522278
382.00000000,5.12312000,1.37043000,0.14467698,0.18532030
382.20000000,5.12375000,1.38188000,0.14475343,0.18541863
382.40000000,5.12312000,1.36736000,0.14482980,0.18551593
382.60000000,5.12362000,1.36976000,0.14490583,0.18561341
382.80000000,5.12312000,1.38080000,0.14498223,0.18571166
383.00000000,5.12312000,1.38080000,0.14505894,0.18580990
383.20000000,5.12300000,1.38313000,0.14513572,0.18590831
383.40000000,5.12275000,1.34649000,0.14521154,0.18600411
383.60000000,5.12237000,1.35868000,0.14528669,0.18610077
383.80000000,5.12237000,1.35868000,0.14536217,0.18619744
384.00000000,5.12275000,1.37347000,0.14543806,0.18629517
384.20000000,5.12312000,1.36198000,0.14551405,0.18639208
384.40000000,5.12312000,1.37574000,0.14559009,0.18648997
384.60000000,5.12312000,1.36774000,0.14566630,0.18658729
384.80000000,5.12312000,1.36774000,0.14574229,0.18668461
385.00000000,5.12300000,1.37513000,0.14581848,0.18678245
385.20000000,5.12300000,1.36492000,0.14589459,0.18687956
385.40000000,5.12262000,1.37740000,0.14597077,0.18697756
385.60000000,5.12262000,1.37740000,0.14604729,0.18707555
385.80000000,5.12212000,1.36646000,0.14612351,0.18717277
386.00000000,5.12237000,1.36825000,0.14619947,0.18727011
386.20000000,5.12250000,1.30748000,0.14627380,0.18736313
386.40000000,5.12250000,1.30748000,0.14634643,0.18745614
386.60000000,5.12187000,1.32592000,0.14641958,0.18755048
386.80000000,5.12262000,1.36832000,0.14649442,0.18764784
387.00000000,5.12300000,1.37836000,0.14657072,0.18774591
387.20000000,5.12300000,1.37836000,0.14664730,0.18784398
387.40000000,5.12287000,1.37302000,0.14672372,0.18794167
387.60000000,5.12262000,1.37459000,0.14680005,0.18803947
387.80000000,5.12250000,1.37532000,0.14687643,0.18813732
388.00000000,5.12275000,1.34438000,0.14695198,0.18823297
388.20000000,5.12275000,1.34438000,0.14702667,0.18832862
388.40000000,5.12237000,1.35008000,0.14710151,0.18842468
388.60000000,5.12300000,1.37750000,0.14717728,0.18852268
388.80000000,5.12225000,1.37404000,0.14725371,0.18862043
389.00000000,5.12225000,1.37404000,0.14733005,0.18871818
389.20000000,5.12200000,1.35436000,0.14740584,0.18881453
389.40000000,5.12250000,1.37408000,0.14748163,0.18891230
389.60000000,5.12262000,1.37395000,0.14755796,0.18901003
389.80000000,5.12162000,1.35376000,0.14763373,0.18910633
390.00000000,5.12162000,1.35376000,0.14770894,0.18920265
390.20000000,5.12262000,1.37286000,0.14778468,0.18930032
390.40000000,5.12237000,1.37136000,0.14786091,0.18939788
390.60000000,5.12237000,1.36777000,0.14793699,0.18949519
390.80000000,5.12237000,1.36777000,0.14801298,0.18959251
391.00000000,5.12287000,1.36854000,0.14808899,0.18968986
391.20000000,5.12175000,1.32022000,0.14816368,0.18978378
391.40000000,5.12200000,1.36972000,0.14823840,0.18988122
391.60000000,5.12212000,1.36995000,0.14831450,0.18997868
391.80000000,5.12212000,1.36995000,0.14839061,0.19007612
392.00000000,5.12125000,1.37555000,0.14846687,0.19017398
392.20000000,5.12200000,1.37494000,0.14854327,0.19027178
392.40000000,5.12162000,1.37670000,0.14861971,0.19036971
392.60000000,5.12150000,1.36777000,0.14869594,0.19046700
392.80000000,5.12150000,1.36777000,0.14877193,0.19056430
393.00000000,5.12162000,1.36662000,0.14884789,0.19066151
393.20000000,5.12187000,1.37392000,0.14892401,0.19075926
393.40000000,5.12250000,1.37318000,0.14900032,0.19085696
393.60000000,5.12250000,1.37318000,0.14907661,0.19095464
393.80000000,5.12162000,1.35606000,0.14915242,0.19105110
394.00000000,5.12150000,1.37385000,0.14922825,0.19114881
394.20000000,5.12112000,1.33136000,0.14930340,0.19124352
394.40000000,5.12175000,1.37593000,0.14937860,0.19134140
394.60000000,5.12175000,1.37593000,0.14945504,0.19143927
394.80000000,5.12175000,1.38009000,0.14953160,0.19153746
395.00000000,5.12237000,1.36464000,0.14960784,0.19163454
395.20000000,5.12200000,1.37571000,0.14968396,0.19173241
395.40000000,5.12200000,1.37571000,0.14976039,0.19183027
395.60000000,5.12200000,1.36969000,0.14983665,0.19192771
395.80000000,5.12187000,1.32924000,0.14991162,0.19202226
396.00000000,5.12175000,1.30041000,0.14998466,0.19211478
396.20000000,5.12212000,1.32988000,0.15005773,0.19220938
396.40000000,5.12212000,1.32988000,0.15013161,0.19230399
396.60000000,5.12225000,1.37244000,0.15020668,0.19240164
396.80000000,5.12250000,1.36067000,0.15028259,0.19249844
397.00000000,5.12237000,1.37049000,0.15035846,0.19259594
397.20000000,5.12237000,1.37049000,0.15043460,0.19269344
397.40000000,5.12200000,1.36832000,0.15051068,0.19279079
397.60000000,5.12250000,1.37651000,0.15058692,0.19288871
397.80000000,5.12200000,1.36348000,0.15066303,0.19298572
398.00000000,5.12262000,1.36800000,0.15073891,0.19308305
398.20000000,5.12262000,1.36800000,0.15081491,0.19318039
398.40000000,5.12312000,1.38483000,0.15089137,0.19327891
398.60000000,5.12250000,1.37395000,0.15096801,0.19337667
398.80000000,5.12262000,1.36140000,0.15104399,0.19347353
399.00000000,5.12212000,1.37417000,0.15111998,0.19357129
399.20000000,5.12212000,1.37417000,0.15119632,0.19366906
399.40000000,5.12275000,1.37040000,0.15127256,0.19376657
399.60000000,5.12337000,1.37840000,0.15134891,0.19386466
399.80000000,5.12175000,1.35571000,0.15142486,0.19396110
400.00000000,5.12175000,1.35571000,0.15150018,0.19405755
400.20000000,5.12237000,1.36758000,0.15157583,0.19415485
400.40000000,5.12300000,1.36598000,0.15165176,0.19425203
400.60000000,5.12200000,1.37369000,0.15172786,0.19434975
400.80000000,5.12200000,1.37369000,0.15180418,0.19444747
401.00000000,5.12187000,1.34620000,0.15187973,0.19454325
401.20000000,5.12237000,1.37187000,0.15195523,0.19464084
401.40000000,5.12212000,1.36281000,0.15203119,0.19473779
401.60000000,5.12212000,1.36281000,0.15210691,0.19483476
401.80000000,5.12275000,1.37667000,0.15218300,0.19493271
402.00000000,5.12312000,1.39459000,0.15225998,0.19503192
402.20000000,5.12212000,1.36291000,0.15233658,0.19512889
402.40000000,5.12237000,1.36716000,0.15241241,0.19522615
402.60000000,5.12237000,1.36716000,0.15248837,0.19532342
402.80000000,5.12237000,1.36787000,0.15256434,0.19542074
403.00000000,5.12250000,1.37459000,0.15264052,0.19551853
403.20000000,5.12237000,1.36422000,0.15271660,0.19561559
403.40000000,5.12237000,1.36422000,0.15279239,0.19571263
403.60000000,5.12187000,1.36246000,0.15286813,0.19580956
403.80000000,5.12225000,1.36348000,0.15294385,0.19590655
404.00000000,5.12175000,1.36956000,0.15301977,0.19600399
404.20000000,5.12237000,1.35376000,0.15309542,0.19610030
404.40000000,5.12237000,1.35376000,0.15317062,0.19619661
404.60000000,5.12237000,1.39184000,0.15324689,0.19629563
404.80000000,5.12200000,1.37168000,0.15332366,0.19639321
405.00000000,5.12237000,1.36041000,0.15339955,0.19649000
405.20000000,5.12237000,1.36041000,0.15347512,0.19658679
405.40000000,5.12275000,1.37065000,0.15355099,0.19668429
405.60000000,5.12187000,1.35817000,0.15362679,0.19678091
405.80000000,5.12200000,1.37452000,0.15370270,0.19687870
406.00000000,5.12250000,1.36441000,0.15377878,0.19697578
406.20000000,5.12250000,1.36441000,0.15385458,0.19707283
406.40000000,5.12175000,1.36684000,0.15393045,0.19717008
406.60000000,5.12250000,1.34374000,0.15400574,0.19726567
406.80000000,5.12200000,1.38032000,0.15408141,0.19736387
407.00000000,5.12200000,1.38032000,0.15415809,0.19746207
407.20000000,5.12237000,1.37273000,0.15423457,0.19755973
407.40000000,5.12250000,1.40307000,0.15431167,0.19765957
407.60000000,5.12312000,1.37152000,0.15438874,0.19775714
407.80000000,5.12250000,1.37376000,0.15446500,0.19785488
408.00000000,5.12250000,1.37376000,0.15454132,0.19795263
408.20000000,5.12300000,1.36022000,0.15461727,0.19804941
408.40000000,5.12275000,1.36579000,0.15469299,0.19814659
408.60000000,5.12312000,1.37020000,0.15476899,0.19824408
408.80000000,5.12312000,1.37020000,0.15484511,0.19834157
409.00000000,5.12262000,1.35948000,0.15492093,0.19843829
409.20000000,5.12250000,1.36876000,0.15499672,0.19853567
409.40000000,5.12225000,1.35926000,0.15507250,0.19863237
409.60000000,5.12237000,1.37516000,0.15514845,0.19873021
409.80000000,5.12237000,1.37516000,0.15522485,0.19882805
410.00000000,5.12300000,1.35184000,0.15530060,0.19892421
410.20000000,5.12150000,1.45657000,0.15537861,0.19902783
410.40000000,5.12212000,1.35376000,0.15545668,0.19912414
410.60000000,5.12212000,1.35376000,0.15553189,0.19922048
410.80000000,5.12362000,1.37808000,0.15560777,0.19931854
411.00000000,5.12375000,1.37427000,0.15568422,0.19941633
411.20000000,5.12312000,1.37484000,0.15576059,0.19951416
411.40000000,5.12275000,1.37379000,0.15583694,0.19961190
411.60000000,5.12275000,1.37379000,0.15591326,0.19970966
411.80000000,5.12337000,1.36240000,0.15598927,0.19980659
412.00000000,5.12287000,1.38355000,0.15606554,0.19990504
412.20000000,5.12312000,1.37312000,0.15614212,0.20000274
412.40000000,5.12312000,1.37312000,0.15621840,0.20010042
412.60000000,5.12200000,1.36492000,0.15629446,0.20019752
412.80000000,5.12187000,1.35465000,0.15637000,0.20029391
413.00000000,5.12337000,1.37404000,0.15644580,0.20039169
413.20000000,5.12337000,1.37404000,0.15652213,0.20048945
413.40000000,5.12262000,1.36416000,0.15659820,0.20058650
413.60000000,5.12237000,1.37734000,0.15667435,0.20068449
413.80000000,5.12250000,1.37324000,0.15675075,0.20078220
414.00000000,5.12287000,1.37452000,0.15682708,0.20088000
414.20000000,5.12287000,1.37452000,0.15690344,0.20097779
414.40000000,5.12237000,1.35964000,0.15697939,0.20107451
414.60000000,5.12212000,1.38060000,0.15705551,0.20117272
414.80000000,5.12175000,1.29881000,0.15712994,0.20126511
415.00000000,5.12175000,1.29881000,0.15720209,0.20135751
415.20000000,5.12187000,1.29200000,0.15727406,0.20144940
415.40000000,5.12075000,1.32860000,0.15734685,0.20154393
415.60000000,5.12287000,1.36764000,0.15742175,0.20164123
415.80000000,5.12250000,1.36992000,0.15749779,0.20173869
416.00000000,5.12250000,1.36992000,0.15757390,0.20183615
416.20000000,5.12237000,1.36006000,0.15764973,0.20193292
416.40000000,5.12287000,1.35993000,0.15772529,0.20202967
416.60000000,5.12237000,1.36636000,0.15780102,0.20212688
416.80000000,5.12237000,1.36636000,0.15787693,0.20222410
417.00000000,5.12262000,1.38470000,0.15795335,0.20232262
417.20000000,5.12287000,1.37414000,0.15802998,0.20242036
417.40000000,5.12137000,1.37417000,0.15810632,0.20251814
417.60000000,5.12312000,1.37865000,0.15818279,0.20261624
417.80000000,5.12312000,1.37865000,0.15825938,0.20271432
418.00000000,5.12250000,1.38156000,0.15833605,0.20281260
418.20000000,5.12200000,1.36284000,0.15841229,0.20290956
418.40000000,5.12212000,1.37148000,0.15848824,0.20300714
418.60000000,5.12287000,1.37267000,0.15856447,0.20310481
418.80000000,5.12287000,1.37267000,0.15864073,0.20320247
419.00000000,5.12250000,1.34201000,0.15871613,0.20329795
419.20000000,5.12275000,1.36294000,0.15879127,0.20339493
419.40000000,5.12300000,1.38000000,0.15886746,0.20349312
419.60000000,5.12300000,1.38000000,0.15894413,0.20359130
419.80000000,5.12275000,1.36041000,0.15902025,0.20368808
420.00000000,5.12212000,1.30323000,0.15909424,0.20378081
420.20000000,5.12287000,1.34240000,0.15916773,0.20387633
420.40000000,5.12312000,1.37286000,0.15924316,0.20397401
420.60000000,5.12312000,1.37286000,0.15931943,0.20407170
420.80000000,5.12300000,1.37238000,0.15939568,0.20416934
421.00000000,5.12262000,1.36518000,0.15947173,0.20426646
421.20000000,5.12237000,1.33616000,0.15954676,0.20436152
421.40000000,5.12237000,1.33616000,0.15962100,0.20445659
421.60000000,5.12300000,1.38262000,0.15969652,0.20455499
421.80000000,5.12400000,1.38003000,0.15977326,0.20465321
422.00000000,5.12462000,1.38755000,0.15985013,0.20475197
422.20000000,5.12462000,1.38755000,0.15992722,0.20485070
422.40000000,5.12300000,1.36137000,0.16000358,0.20494756
422.60000000,5.12262000,1.36828000,0.16007940,0.20504492
422.80000000,5.12325000,1.37520000,0.16015561,0.20514278
423.00000000,5.12350000,1.36249000,0.16023166,0.20523973
423.20000000,5.12350000,1.36249000,0.16030735,0.20533668
423.40000000,5.12325000,1.37232000,0.16038332,0.20543431
423.60000000,5.12187000,1.34659000,0.16045884,0.20553013
423.80000000,5.12362000,1.36323000,0.16053412,0.20562714
424.00000000,5.12362000,1.36323000,0.16060985,0.20572414
424.20000000,5.12300000,1.37968000,0.16068604,0.20582232
424.40000000,5.12350000,1.37420000,0.16076254,0.20592010
424.60000000,5.12312000,1.37696000,0.16083896,0.20601807
424.80000000,5.12300000,1.36348000,0.16091508,0.20611509
425.00000000,5.12300000,1.36348000,0.16099083,0.20621210
425.20000000,5.12262000,1.35667000,0.16106639,0.20630861
425.40000000,5.12212000,1.37504000,0.16114227,0.20640645
425.60000000,5.12300000,1.36595000,0.16121841,0.20650364
425.80000000,5.12300000,1.36595000,0.16129430,0.20660083
426.00000000,5.12287000,1.35926000,0.16137000,0.20669755
426.20000000,5.12312000,1.37440000,0.16144593,0.20679532
426.40000000,5.12225000,1.37894000,0.16152242,0.20689343
426.60000000,5.12225000,1.37894000,0.16159902,0.20699153
426.80000000,5.12262000,1.37273000,0.16167546,0.20708921
427.00000000,5.12300000,1.38406000,0.16175204,0.20718769
427.20000000,5.12325000,1.38268000,0.16182889,0.20728607
427.40000000,5.12275000,1.38179000,0.16190568,0.20738438
427.60000000,5.12275000,1.38179000,0.16198245,0.20748270
427.80000000,5.12312000,1.35676000,0.16205852,0.20757923
428.00000000,5.12262000,1.37161000,0.16213431,0.20767682
428.20000000,5.12287000,1.37308000,0.16221055,0.20777451
428.40000000,5.12225000,1.36454000,0.16228659,0.20787158
428.60000000,5.12225000,1.36454000,0.16236240,0.20796867
428.80000000,5.12300000,1.36048000,0.16243810,0.20806547
429.00000000,5.12275000,1.36364000,0.16251377,0.20816249
429.20000000,5.12250000,1.35939000,0.16258940,0.20825920
429.40000000,5.12250000,1.35939000,0.16266493,0.20835590
429.60000000,5.12125000,1.30636000,0.16273898,0.20844884
429.80000000,5.12262000,1.37283000,0.16281340,0.20854650
430.00000000,5.12212000,1.36851000,0.16288955,0.20864387
430.20000000,5.12250000,1.37286000,0.16296569,0.20874154
430.40000000,5.12250000,1.37286000,0.16304196,0.20883923
430.60000000,5.12312000,1.35756000,0.16311781,0.20893582
430.80000000,5.12275000,1.37513000,0.16319372,0.20903365
431.00000000,5.12275000,1.33708000,0.16326906,0.20912879
431.20000000,5.12275000,1.33708000,0.16334334,0.20922391
431.40000000,5.12250000,1.37216000,0.16341860,0.20932153
431.60000000,5.12212000,1.36243000,0.16349456,0.20941846
431.80000000,5.12262000,1.36870000,0.16357042,0.20951584
432.00000000,5.12250000,1.37603000,0.16364666,0.20961374
432.20000000,5.12250000,1.37603000,0.16372311,0.20971165
432.40000000,5.12300000,1.35888000,0.16379908,0.20980834
432.60000000,5.12300000,1.35523000,0.16387447,0.20990477
432.80000000,5.12325000,1.37168000,0.16395022,0.21000237
433.00000000,5.12325000,1.37168000,0.16402642,0.21009998
433.20000000,5.12337000,1.37852000,0.16410282,0.21019806
433.40000000,5.12275000,1.36051000,0.16417890,0.21029487
433.60000000,5.12312000,1.37244000,0.16425482,0.21039252
433.80000000,5.12287000,1.37046000,0.16433101,0.21049003
434.00000000,5.12287000,1.37046000,0.16440715,0.21058754
434.20000000,5.12300000,1.32019000,0.16448189,0.21068147
434.40000000,5.12287000,1.37084000,0.16455664,0.21077902
434.60000000,5.12350000,1.38681000,0.16463324,0.21087771
434.80000000,5.12325000,1.35888000,0.16470951,0.21097440
435.00000000,5.12325000,1.35888000,0.16478500,0.21107109
435.20000000,5.12312000,1.36592000,0.16486069,0.21116827
435.40000000,5.12287000,1.37516000,0.16493683,0.21126611
435.60000000,5.12237000,1.37068000,0.16501310,0.21136363
435.80000000,5.12237000,1.37068000,0.16508925,0.21146114
436.00000000,5.12225000,1.35497000,0.16516497,0.21155754
436.20000000,5.12237000,1.37740000,0.16524086,0.21165553
436.40000000,5.12212000,1.37430000,0.16531730,0.21175329
436.60000000,5.12362000,1.37228000,0.16539359,0.21185095
436.80000000,5.12362000,1.37228000,0.16546983,0.21194858
437.00000000,5.12250000,1.38652000,0.16554647,0.21204721
437.20000000,5.12200000,1.33267000,0.16562200,0.21214202
437.40000000,5.12200000,1.36294000,0.16569688,0.21223898
437.60000000,5.12200000,1.36294000,0.16577260,0.21233594
437.80000000,5.12237000,1.36428000,0.16584835,0.21243300
438.00000000,5.12237000,1.36825000,0.16592426,0.21253036
438.20000000,5.12337000,1.36096000,0.16600007,0.21262721
438.40000000,5.12337000,1.36096000,0.16607568,0.21272403
438.60000000,5.12250000,1.36310000,0.16615134,0.21282102
438.80000000,5.12287000,1.34838000,0.16622666,0.21291696
439.00000000,5.12287000,1.37638000,0.16630235,0.21301489
439.20000000,5.12225000,1.35955000,0.16637835,0.21311161
439.40000000,5.12225000,1.35955000,0.16645388,0.21320834
439.60000000,5.12275000,1.37446000,0.16652982,0.21330612
439.80000000,5.12200000,1.33014000,0.16660495,0.21340074
440.00000000,5.12200000,1.35404000,0.16667951,0.21349707
440.20000000,5.12200000,1.35404000,0.16675474,0.21359340
440.40000000,5.12250000,1.38064000,0.16683070,0.21369164
440.60000000,5.12275000,1.35779000,0.16690677,0.21378824
440.80000000,5.12250000,1.37347000,0.16698264,0.21388595
441.00000000,5.12250000,1.37347000,0.16705894,0.21398367
441.20000000,5.12275000,1.35958000,0.16713486,0.21408040
441.40000000,5.12237000,1.36556000,0.16721056,0.21417756
441.60000000,5.12300000,1.37920000,0.16728680,0.21427569
441.80000000,5.12275000,1.36208000,0.16736295,0.21437260
442.00000000,5.12275000,1.36208000,0.16743862,0.21446952
442.20000000,5.12300000,1.37196000,0.16751456,0.21456712
442.40000000,5.12200000,1.37388000,0.16759084,0.21466487
442.60000000,5.12275000,1.37452000,0.16766718,0.21476267
442.80000000,5.12275000,1.37452000,0.16774354,0.21486045
443.00000000,5.12200000,1.37577000,0.16781994,0.21495833
443.20000000,5.12262000,1.36012000,0.16789594,0.21505509
443.40000000,5.12225000,1.31619000,0.16797028,0.21514873
443.60000000,5.12212000,1.31353000,0.16804333,0.21524217
443.80000000,5.12212000,1.31353000,0.16811630,0.21533561
444.00000000,5.12187000,1.32684000,0.16818964,0.21543002
444.20000000,5.12312000,1.36540000,0.16826443,0.21552717
444.40000000,5.12262000,1.36211000,0.16834019,0.21562407
444.60000000,5.12225000,1.36841000,0.16841604,0.21572142
444.80000000,5.12225000,1.36841000,0.16849206,0.21581877
445.00000000,5.12187000,1.36534000,0.16856800,0.21591591
445.20000000,5.12250000,1.36592000,0.16864387,0.21601309
445.40000000,5.12262000,1.37875000,0.16872011,0.21611118
445.60000000,5.12262000,1.37875000,0.16879671,0.21620928
445.80000000,5.12287000,1.38851000,0.16887358,0.21630807
446.00000000,5.12237000,1.33494000,0.16894923,0.21640303
446.20000000,5.12162000,1.35670000,0.16902399,0.21649955
446.40000000,5.12250000,1.36281000,0.16909954,0.21659651
446.60000000,5.12250000,1.36281000,0.16917525,0.21669346
446.80000000,5.12237000,1.35139000,0.16925064,0.21678961
447.00000000,5.12262000,1.38643000,0.16932669,0.21688825
447.20000000,5.12262000,1.36224000,0.16940305,0.21698517
447.40000000,5.12262000,1.36224000,0.16947873,0.21708208
447.60000000,5.12212000,1.37913000,0.16955487,0.21718021
447.80000000,5.12300000,1.36147000,0.16963100,0.21727707
448.00000000,5.12237000,1.37427000,0.16970699,0.21737485
448.20000000,5.12262000,1.35056000,0.16978268,0.21747094
448.40000000,5.12262000,1.35056000,0.16985772,0.21756701
448.60000000,5.12187000,1.33555000,0.16993233,0.21766203
448.80000000,5.12262000,1.36617000,0.17000738,0.21775922
449.00000000,5.12175000,1.36675000,0.17008329,0.21785644
449.20000000,5.12175000,1.36675000,0.17015922,0.21795367
449.40000000,5.12187000,1.35945000,0.17023495,0.21805039
449.60000000,5.12275000,1.37795000,0.17031099,0.21814841
449.80000000,5.12187000,1.36633000,0.17038722,0.21824561
450.00000000,5.12187000,1.36828000,0.17046318,0.21834295
450.20000000,5.12187000,1.36828000,0.17053920,0.21844028
450.40000000,5.12187000,1.35315000,0.17061479,0.21853654
450.60000000,5.12175000,1.33820000,0.17068955,0.21863174
450.80000000,5.12225000,1.36704000,0.17076470,0.21872900
451.00000000,5.12237000,1.37238000,0.17084079,0.21882664
451.20000000,5.12237000,1.37238000,0.17091704,0.21892427
451.40000000,5.12250000,1.37811000,0.17099344,0.21902230
451.60000000,5.12162000,1.36995000,0.17106977,0.21911976
451.80000000,5.12187000,1.37216000,0.17114594,0.21921737
452.00000000,5.12187000,1.37216000,0.17122217,0.21931500
452.20000000,5.12275000,1.37686000,0.17129854,0.21941294
452.40000000,5.12175000,1.33907000,0.17137398,0.21950821
452.60000000,5.12225000,1.37696000,0.17144942,0.21960617
452.80000000,5.12225000,1.37696000,0.17152592,0.21970412
453.00000000,5.12212000,1.35161000,0.17160171,0.21980028
453.20000000,5.12212000,1.29123000,0.17167513,0.21989212
453.40000000,5.12125000,1.33507000,0.17174808,0.21998708
453.60000000,5.12125000,1.33507000,0.17182225,0.22008206
453.80000000,5.12212000,1.37379000,0.17189750,0.22017980
454.00000000,5.12250000,1.36620000,0.17197361,0.22027700
454.20000000,5.12262000,1.36835000,0.17204957,0.22037435
454.40000000,5.12225000,1.38067000,0.17212593,0.22047257
454.60000000,5.12225000,1.38067000,0.17220263,0.22057080
454.80000000,5.12225000,1.36531000,0.17227891,0.22066793
455.00000000,5.12212000,1.36499000,0.17235475,0.22076505
455.20000000,5.12275000,1.34822000,0.17243012,0.22086097
455.40000000,5.12275000,1.34822000,0.17250502,0.22095688
455.60000000,5.12212000,1.37980000,0.17258080,0.22105505
455.80000000,5.12262000,1.36988000,0.17265718,0.22115250
456.00000000,5.12187000,1.37875000,0.17273353,0.22125059
456.20000000,5.12225000,1.37926000,0.17281014,0.22134871
456.40000000,5.12225000,1.37926000,0.17288677,0.22144683
456.60000000,5.12212000,1.36745000,0.17296306,0.22154412
456.80000000,5.12212000,1.37331000,0.17303919,0.22164180
457.00000000,5.12150000,1.38105000,0.17311570,0.22174004
457.20000000,5.12150000,1.38105000,0.17319243,0.22183829
457.40000000,5.12212000,1.38505000,0.17326927,0.22193682
457.60000000,5.12225000,1.33382000,0.17334479,0.22203172
457.80000000,5.12262000,1.36496000,0.17341976,0.22212883
458.00000000,5.12237000,1.31491000,0.17349420,0.22222238
458.20000000,5.12237000,1.31491000,0.17356725,0.22231592
458.40000000,5.12187000,1.30480000,0.17364002,0.22240874
458.60000000,5.12187000,1.35036000,0.17371377,0.22250482
458.80000000,5.12287000,1.36675000,0.17378925,0.22260206
459.00000000,5.12287000,1.36675000,0.17386518,0.22269930
459.20000000,5.12237000,1.37382000,0.17394130,0.22279704
459.40000000,5.12250000,1.37318000,0.17401761,0.22289473
459.60000000,5.12237000,1.39577000,0.17409453,0.22299407
459.80000000,5.12425000,1.46169000,0.17417390,0.22309810
460.00000000,5.12425000,1.46169000,0.17425510,0.22320209
460.20000000,5.12225000,1.37305000,0.17433385,0.22329976
460.40000000,5.12187000,1.35510000,0.17440963,0.22339617
460.60000000,5.12225000,1.36640000,0.17448523,0.22349338
460.80000000,5.12237000,1.36377000,0.17456106,0.22359040
461.00000000,5.12237000,1.36377000,0.17463683,0.22368743
461.20000000,5.12237000,1.36444000,0.17471261,0.22378450
461.40000000,5.12225000,1.37017000,0.17478857,0.22388198
461.60000000,5.12250000,1.37296000,0.17486477,0.22397966
461.80000000,5.12250000,1.37296000,0.17494105,0.22407733
462.00000000,5.12225000,1.35462000,0.17501681,0.22417370
462.20000000,5.12187000,1.37382000,0.17509260,0.22427144
462.40000000,5.12250000,1.36566000,0.17516870,0.22436860
462.60000000,5.12237000,1.37075000,0.17524471,0.22446612
462.80000000,5.12237000,1.37075000,0.17532086,0.22456364
463.00000000,5.12225000,1.32736000,0.17539581,0.22465808
463.20000000,5.12300000,1.36636000,0.17547064,0.22475530
463.40000000,5.12287000,1.37596000,0.17554681,0.22485320
463.60000000,5.12287000,1.37596000,0.17562326,0.22495109
463.80000000,5.12250000,1.35827000,0.17569921,0.22504772
464.00000000,5.12212000,1.35862000,0.17577468,0.22514437
464.20000000,5.12175000,1.35846000,0.17585015,0.22524100
464.40000000,5.12237000,1.37958000,0.17592621,0.22533915
464.60000000,5.12237000,1.37958000,0.17600285,0.22543730
464.80000000,5.12212000,1.36083000,0.17607897,0.22553412
465.00000000,5.12300000,1.36204000,0.17615461,0.22563104
465.20000000,5.12300000,1.35753000,0.17623015,0.22572763
465.40000000,5.12300000,1.35753000,0.17630557,0.22582421
465.60000000,5.12225000,1.37542000,0.17638149,0.22592207
465.80000000,5.12312000,1.36883000,0.17645771,0.22601946
466.00000000,5.12237000,1.37088000,0.17653382,0.22611699
466.20000000,5.12237000,1.37088000,0.17660998,0.22621452
466.40000000,5.12275000,1.36563000,0.17668599,0.22631168
466.60000000,5.12262000,1.35635000,0.17676160,0.22640818
466.80000000,5.12237000,1.37104000,0.17683736,0.22650572
467.00000000,5.12275000,1.38534000,0.17691393,0.22660429
467.20000000,5.12275000,1.38534000,0.17699089,0.22670286
467.40000000,5.12287000,1.37379000,0.17706753,0.22680061
467.60000000,5.12300000,1.34707000,0.17714311,0.22689645
467.80000000,5.12287000,1.36060000,0.17721833,0.22699326
468.00000000,5.12287000,1.36060000,0.17729392,0.22709007
468.20000000,5.12312000,1.37171000,0.17736981,0.22718768
468.40000000,5.12337000,1.36860000,0.17744593,0.22728505
468.60000000,5.12275000,1.37779000,0.17752222,0.22738308
468.80000000,5.12275000,1.37779000,0.17759877,0.22748111
469.00000000,5.12262000,1.36572000,0.17767497,0.22757827
469.20000000,5.12250000,1.36608000,0.17775086,0.22767546
469.40000000,5.12200000,1.36924000,0.17782684,0.22777288
469.60000000,5.12300000,1.37036000,0.17790294,0.22787039
469.80000000,5.12300000,1.37036000,0.17797907,0.22796788
470.00000000,5.12225000,1.36387000,0.17805502,0.22806492
470.20000000,5.12300000,1.37334000,0.17813105,0.22816263
470.40000000,5.12237000,1.36649000,0.17820716,0.22825983
470.60000000,5.12187000,1.33161000,0.17828211,0.22835456
470.80000000,5.12187000,1.33161000,0.17835609,0.22844929
471.00000000,5.12212000,1.36166000,0.17843090,0.22854616
471.20000000,5.12212000,1.37094000,0.17850681,0.22864369
471.40000000,5.12200000,1.37574000,0.17858310,0.22874156
471.60000000,5.12200000,1.37574000,0.17865953,0.22883944
471.80000000,5.12262000,1.34022000,0.17873498,0.22893479
472.00000000,5.12250000,1.38000000,0.17881054,0.22903296
472.20000000,5.12212000,1.31392000,0.17888537,0.22912644
472.40000000,5.12250000,1.37216000,0.17895998,0.22922407
472.60000000,5.12250000,1.37216000,0.17903621,0.22932168
472.80000000,5.12187000,1.37225000,0.17911245,0.22941931
473.00000000,5.12287000,1.37212000,0.17918868,0.22951694
473.20000000,5.12300000,1.37017000,0.17926485,0.22961444
473.40000000,5.12300000,1.37017000,0.17934097,0.22971191
473.60000000,5.12237000,1.36390000,0.17941692,0.22980895
473.80000000,5.12225000,1.36326000,0.17949267,0.22990594
474.00000000,5.12262000,1.37516000,0.17956874,0.23000378
474.20000000,5.12300000,1.37894000,0.17964524,0.23010190
474.40000000,5.12300000,1.37894000,0.17972185,0.23020001
474.60000000,5.12287000,1.38057000,0.17979851,0.23029824
474.80000000,5.12250000,1.37024000,0.17987492,0.23039571
475.00000000,5.12200000,1.37641000,0.17995121,0.23049363
475.20000000,5.12200000,1.37641000,0.18002768,0.23059155
475.40000000,5.12225000,1.41011000,0.18010508,0.23069191
475.60000000,5.12425000,1.41776000,0.18018364,0.23079278
475.80000000,5.12262000,1.37753000,0.18026128,0.23089080
476.00000000,5.12337000,1.37510000,0.18033774,0.23098865
476.20000000,5.12337000,1.37510000,0.18041414,0.23108650
476.40000000,5.12325000,1.37017000,0.18049040,0.23118398
476.60000000,5.12287000,1.36803000,0.18056646,0.23128131
476.80000000,5.12212000,1.35126000,0.18064199,0.23137746
477.00000000,5.12325000,1.36864000,0.18071755,0.23147485
477.20000000,5.12325000,1.36864000,0.18079358,0.23157223
477.40000000,5.12312000,1.34835000,0.18086905,0.23166816
477.60000000,5.12275000,1.37145000,0.18094460,0.23176574
477.80000000,5.12262000,1.37692000,0.18102095,0.23186370
478.00000000,5.12262000,1.37692000,0.18109744,0.23196166
478.20000000,5.12237000,1.33126000,0.18117267,0.23205639
478.40000000,5.12300000,1.37120000,0.18124774,0.23215395
478.60000000,5.12312000,1.36240000,0.18132367,0.23225089
478.80000000,5.12312000,1.36240000,0.18139936,0.23234784
479.00000000,5.12350000,1.36956000,0.18147525,0.23244530
479.20000000,5.12375000,1.36265000,0.18155114,0.23254225
479.40000000,5.12225000,1.37603000,0.18162722,0.23264015
479.60000000,5.12275000,1.36838000,0.18170345,0.23273751
479.80000000,5.12275000,1.36838000,0.18177947,0.23283486
480.00000000,5.12212000,1.36640000,0.18185544,0.23293207
480.20000000,5.12250000,1.35024000,0.18193090,0.23302815
480.40000000,5.12350000,1.37817000,0.18200669,0.23312622
480.60000000,5.12350000,1.37817000,0.18208325,0.23322427
480.80000000,5.12212000,1.33705000,0.18215868,0.23331941
481.00000000,5.12325000,1.36812000,0.18223382,0.23341676
481.20000000,5.12325000,1.37164000,0.18230993,0.23351436
481.40000000,5.12287000,1.35750000,0.18238573,0.23361094
481.60000000,5.12287000,1.35750000,0.18246115,0.23370753
481.80000000,5.12275000,1.33692000,0.18253600,0.23380266
482.00000000,5.12337000,1.37139000,0.18261123,0.23390024
482.20000000,5.12275000,1.36761000,0.18268731,0.23399754
482.40000000,5.12275000,1.36761000,0.18276329,0.23409484
482.60000000,5.12250000,1.36246000,0.18283912,0.23419177
482.80000000,5.12212000,1.36476000,0.18291488,0.23428888
483.00000000,5.12362000,1.36528000,0.18299071,0.23438604
483.20000000,5.12362000,1.36528000,0.18306656,0.23448319
483.40000000,5.12312000,1.37603000,0.18314271,0.23458110
483.60000000,5.12350000,1.36217000,0.18321877,0.23467802
483.80000000,5.12275000,1.35555000,0.18329426,0.23477447
484.00000000,5.12312000,1.36560000,0.18336985,0.23487164
484.20000000,5.12312000,1.36560000,0.18344572,0.23496881
484.40000000,5.12312000,1.36547000,0.18352158,0.23506596
484.60000000,5.12275000,1.37414000,0.18359768,0.23516374
484.80000000,5.12300000,1.37017000,0.18367391,0.23526123
485.00000000,5.12300000,1.36428000,0.18374987,0.23535830
485.20000000,5.12300000,1.36428000,0.18382566,0.23545537
485.40000000,5.12287000,1.36025000,0.18390134,0.23555215
485.60000000,5.12287000,1.36422000,0.18397702,0.23564920
485.80000000,5.12200000,1.35996000,0.18405270,0.23574595
486.00000000,5.12200000,1.35996000,0.18412825,0.23584271
486.20000000,5.12275000,1.33331000,0.18420306,0.23593759
486.40000000,5.12337000,1.37065000,0.18427817,0.23603510
486.60000000,5.12250000,1.36665000,0.18435421,0.23613233
486.80000000,5.12262000,1.38678000,0.18443069,0.23623100
487.00000000,5.12262000,1.38678000,0.18450774,0.23632967
487.20000000,5.12275000,1.34761000,0.18458369,0.23642556
487.40000000,5.12300000,1.37251000,0.18465925,0.23652321
487.60000000,5.12262000,1.33580000,0.18473448,0.23661824
487.80000000,5.12262000,1.33580000,0.18480869,0.23671330
488.00000000,5.12350000,1.37475000,0.18488398,0.23681111
488.20000000,5.12287000,1.36934000,0.18496021,0.23690855
488.40000000,5.12312000,1.36252000,0.18503609,0.23700549
488.60000000,5.12262000,1.36140000,0.18511176,0.23710235
488.80000000,5.12262000,1.36140000,0.18518739,0.23719922
489.00000000,5.12337000,1.36860000,0.18526323,0.23729660
489.20000000,5.12275000,1.35948000,0.18533901,0.23739334
489.40000000,5.12350000,1.38246000,0.18541517,0.23749171
489.60000000,5.12350000,1.38246000,0.18549197,0.23759009
489.80000000,5.12375000,1.37254000,0.18556850,0.23768776
490.00000000,5.12312000,1.33529000,0.18564372,0.23778278
490.20000000,5.12350000,1.34912000,0.18571829,0.23787876
490.40000000,5.12225000,1.39046000,0.18579439,0.23797768
490.60000000,5.12225000,1.39046000,0.18587163,0.23807660
490.80000000,5.12262000,1.29414000,0.18594621,0.23816866
491.00000000,5.12162000,1.35702000,0.18601985,0.23826523
491.20000000,5.12375000,1.38694000,0.18609607,0.23836393
491.40000000,5.12337000,1.38054000,0.18617294,0.23846217
491.60000000,5.12337000,1.38054000,0.18624964,0.23856041
491.80000000,5.12362000,1.35632000,0.18632567,0.23865692
492.00000000,5.12325000,1.36406000,0.18640123,0.23875398
492.20000000,5.12325000,1.36272000,0.18647698,0.23885095
492.40000000,5.12325000,1.36272000,0.18655268,0.23894791
492.60000000,5.12325000,1.36579000,0.18662847,0.23904510
492.80000000,5.12337000,1.36617000,0.18670436,0.23914231
493.00000000,5.12325000,1.36358000,0.18678019,0.23923934
493.20000000,5.12312000,1.37190000,0.18685617,0.23933695
493.40000000,5.12312000,1.37190000,0.18693239,0.23943457
493.60000000,5.12287000,1.37136000,0.18700859,0.23953213
493.80000000,5.12250000,1.38355000,0.18708512,0.23963058
494.00000000,5.12312000,1.39408000,0.18716227,0.23972977
494.20000000,5.12312000,1.39408000,0.18723972,0.23982897
494.40000000,5.12300000,1.38243000,0.18731685,0.23992734
494.60000000,5.12375000,1.36704000,0.18739322,0.24002459
494.80000000,5.12200000,1.34761000,0.18746863,0.24012046
495.00000000,5.12200000,1.34761000,0.18754350,0.24021634
495.20000000,5.12287000,1.36812000,0.18761893,0.24031370
495.40000000,5.12337000,1.34496000,0.18769430,0.24040937
495.60000000,5.12175000,1.33216000,0.18776866,0.24050415
495.80000000,5.12237000,1.36579000,0.18784360,0.24060131
496.00000000,5.12237000,1.36579000,0.18791948,0.24069849
496.20000000,5.12250000,1.36310000,0.18799528,0.24079548
496.40000000,5.12325000,1.37209000,0.18807126,0.24089310
496.60000000,5.12275000,1.37347000,0.18814753,0.24099082
496.80000000,5.12275000,1.37347000,0.18822383,0.24108855
497.00000000,5.12300000,1.37836000,0.18830027,0.24118664
497.20000000,5.12375000,1.36880000,0.18837658,0.24128403
497.40000000,5.12287000,1.36070000,0.18845240,0.24138084
497.60000000,5.12287000,1.36070000,0.18852799,0.24147767
497.80000000,5.12325000,1.37580000,0.18860401,0.24157555
498.00000000,5.12275000,1.36233000,0.18868007,0.24167248
498.20000000,5.12275000,1.37795000,0.18875619,0.24177052
498.40000000,5.12275000,1.38009000,0.18883280,0.24186872
498.60000000,5.12275000,1.38009000,0.18890947,0.24196692
498.80000000,5.12337000,1.37475000,0.18898599,0.24206472
499.00000000,5.12225000,1.36819000,0.18906219,0.24216205
499.20000000,5.12200000,1.36220000,0.18913803,0.24225896
499.40000000,5.12200000,1.36220000,0.18921371,0.24235587
499.60000000,5.12250000,1.37548000,0.18928975,0.24245374
499.80000000,5.12275000,1.36336000,0.18936583,0.24255075
500.00000000,5.12337000,1.36576000,0.18944164,0.24264791
500.20000000,5.12175000,1.28265000,0.18951521,0.24273915
500.40000000,5.12175000,1.28265000,0.18958647,0.24283041
500.60000000,5.12300000,1.36780000,0.18966009,0.24292773
500.80000000,5.12262000,1.36534000,0.18973601,0.24302486
501.00000000,5.12225000,1.36857000,0.18981195,0.24312222
501.20000000,5.12275000,1.37296000,0.18988811,0.24321991
501.40000000,5.12275000,1.37296000,0.18996438,0.24331759
501.60000000,5.12237000,1.36534000,0.19004045,0.24341473
501.80000000,5.12275000,1.36768000,0.19011636,0.24351204
502.00000000,5.12300000,1.37257000,0.19019248,0.24360971
502.20000000,5.12300000,1.37257000,0.19026874,0.24370737
502.40000000,5.12312000,1.37494000,0.19034506,0.24380520
502.60000000,5.12312000,1.34828000,0.19042070,0.24390114
502.80000000,5.12312000,1.38636000,0.19049666,0.24399977
503.00000000,5.12237000,1.38508000,0.19057365,0.24409831
503.20000000,5.12237000,1.38508000,0.19065060,0.24419685
503.40000000,5.12225000,1.35312000,0.19072666,0.24429313
503.60000000,5.12300000,1.37376000,0.19080240,0.24439087
503.80000000,5.12287000,1.36777000,0.19087856,0.24448819
504.00000000,5.12287000,1.36777000,0.19095454,0.24458550
504.20000000,5.12262000,1.35206000,0.19103010,0.24468168
504.40000000,5.12162000,1.36883000,0.19110568,0.24477908
504.60000000,5.12312000,1.36700000,0.19118167,0.24487635
504.80000000,5.12337000,1.34233000,0.19125693,0.24497186
505.00000000,5.12337000,1.34233000,0.19133150,0.24506738
505.20000000,5.12300000,1.34355000,0.19140611,0.24516298
505.40000000,5.12312000,1.36844000,0.19148144,0.24526035
505.60000000,5.12287000,1.36812000,0.19155746,0.24535769
505.80000000,5.12287000,1.36812000,0.19163347,0.24545504
506.00000000,5.12337000,1.36201000,0.19170930,0.24555196
506.20000000,5.12325000,1.37459000,0.19178532,0.24564976
506.40000000,5.12287000,1.36166000,0.19186133,0.24574664
506.60000000,5.12262000,1.35996000,0.19193693,0.24584340
506.80000000,5.12262000,1.35996000,0.19201248,0.24594016
507.00000000,5.12262000,1.38339000,0.19208869,0.24603858
507.20000000,5.12262000,1.36886000,0.19216514,0.24613597
507.40000000,5.12262000,1.36886000,0.19224118,0.24623336
507.60000000,5.12212000,1.33366000,0.19231625,0.24632824
507.80000000,5.12225000,1.38579000,0.19239180,0.24642683
508.00000000,5.12275000,1.36425000,0.19246819,0.24652390
508.20000000,5.12287000,1.39411000,0.19254481,0.24662309
508.40000000,5.12287000,1.39411000,0.19262226,0.24672229
508.60000000,5.12300000,1.36598000,0.19269893,0.24681949
508.80000000,5.12325000,1.36550000,0.19277480,0.24691663
509.00000000,5.12212000,1.36656000,0.19285069,0.24701385
509.20000000,5.12212000,1.36656000,0.19292661,0.24711108
509.40000000,5.12275000,1.37200000,0.19300268,0.24720871
509.60000000,5.12350000,1.36668000,0.19307876,0.24730593
509.80000000,5.12187000,1.44643000,0.19315690,0.24740887
510.00000000,5.12400000,1.39395000,0.19323580,0.24750807
510.20000000,5.12400000,1.39395000,0.19331324,0.24760725
510.40000000,5.12262000,1.35024000,0.19338947,0.24770332
510.60000000,5.12287000,1.34710000,0.19346439,0.24779916
510.80000000,5.12262000,1.36217000,0.19353965,0.24789609
511.00000000,5.12325000,1.38096000,0.19361585,0.24799435
511.20000000,5.12325000,1.38096000,0.19369257,0.24809260
511.40000000,5.12250000,1.36659000,0.19376889,0.24818983
511.60000000,5.12287000,1.36918000,0.19384488,0.24828726
511.80000000,5.12300000,1.36848000,0.19392093,0.24838463
512.00000000,5.12300000,1.36848000,0.19399696,0.24848200
512.20000000,5.12325000,1.36540000,0.19407290,0.24857915
512.40000000,5.12262000,1.37696000,0.19414907,0.24867712
512.60000000,5.12275000,1.37036000,0.19422539,0.24877461
512.80000000,5.12237000,1.36601000,0.19430140,0.24887179
513.00000000,5.12237000,1.36601000,0.19437729,0.24896898
513.20000000,5.12237000,1.40236000,0.19445419,0.24906878
513.40000000,5.12387000,1.38256000,0.19453155,0.24916715
513.60000000,5.12287000,1.36876000,0.19460797,0.24926453
513.80000000,5.12287000,1.36876000,0.19468401,0.24936192
514.00000000,5.12250000,1.36860000,0.19476005,0.24945930
514.20000000,5.12300000,1.33596000,0.19483518,0.24955434
514.40000000,5.12212000,1.35542000,0.19490994,0.24965076
514.60000000,5.12200000,1.35513000,0.19498523,0.24974716
514.80000000,5.12200000,1.35513000,0.19506052,0.24984357
515.00000000,5.12225000,1.37497000,0.19513635,0.24994141
515.20000000,5.12325000,1.36876000,0.19521257,0.25003881
515.40000000,5.12350000,1.37244000,0.19528871,0.25013647
515.60000000,5.12350000,1.37244000,0.19536496,0.25023413
515.80000000,5.12312000,1.37795000,0.19544136,0.25033217
516.00000000,5.12275000,1.36336000,0.19551751,0.25042917
516.20000000,5.12300000,1.33196000,0.19559238,0.25052395
516.40000000,5.12312000,1.36979000,0.19566742,0.25062141
516.60000000,5.12312000,1.36979000,0.19574352,0.25071888
516.80000000,5.12300000,1.33161000,0.19581856,0.25081363
517.00000000,5.12312000,1.37299000,0.19589369,0.25091133
517.20000000,5.12325000,1.39040000,0.19597045,0.25101026
517.40000000,5.12275000,1.34700000,0.19604649,0.25110610
517.60000000,5.12275000,1.34700000,0.19612132,0.25120193
517.80000000,5.12262000,1.37401000,0.19619691,0.25129970
518.00000000,5.12325000,1.36729000,0.19627305,0.25139697
518.20000000,5.12200000,1.35484000,0.19634867,0.25149335
518.40000000,5.12200000,1.35484000,0.19642394,0.25158975
518.60000000,5.12275000,1.37267000,0.19649970,0.25168741
518.80000000,5.12250000,1.35200000,0.19657539,0.25178359
519.00000000,5.12212000,1.33923000,0.19665014,0.25187888
519.20000000,5.12312000,1.37257000,0.19672547,0.25197655
519.40000000,5.12312000,1.37257000,0.19680173,0.25207421
519.60000000,5.12300000,1.37366000,0.19687801,0.25217195
519.80000000,5.12312000,1.37254000,0.19695429,0.25226961
520.00000000,5.12300000,1.36758000,0.19703041,0.25236692
520.20000000,5.12300000,1.36758000,0.19710638,0.25246423
520.40000000,5.12337000,1.38320000,0.19718280,0.25256264
520.60000000,5.12237000,1.36297000,0.19725908,0.25265961
520.80000000,5.12275000,1.36486000,0.19733485,0.25275672
521.00000000,5.12275000,1.36486000,0.19741068,0.25285384
521.20000000,5.12312000,1.36876000,0.19748661,0.25295122
521.40000000,5.12237000,1.36387000,0.19756252,0.25304825
521.60000000,5.12250000,1.37705000,0.19763865,0.25314622
521.80000000,5.12250000,1.37705000,0.19771516,0.25324420
522.00000000,5.12262000,1.38435000,0.19779186,0.25334269
522.20000000,5.12250000,1.35443000,0.19786794,0.25343906
522.40000000,5.12287000,1.34406000,0.19794290,0.25353469
522.60000000,5.12312000,1.36726000,0.19801821,0.25363198
522.80000000,5.12312000,1.36726000,0.19809417,0.25372925
523.00000000,5.12237000,1.36195000,0.19816998,0.25382615
523.20000000,5.12275000,1.37731000,0.19824607,0.25392416
523.40000000,5.12337000,1.35756000,0.19832204,0.25402076
523.60000000,5.12337000,1.35756000,0.19839746,0.25411734
523.80000000,5.12237000,1.30137000,0.19847132,0.25420995
524.00000000,5.12337000,1.34416000,0.19854481,0.25430557
524.20000000,5.12237000,1.36505000,0.19862006,0.25440270
524.40000000,5.12287000,1.36617000,0.19869593,0.25449990
524.60000000,5.12287000,1.36617000,0.19877183,0.25459711
524.80000000,5.12300000,1.37593000,0.19884800,0.25469501
525.00000000,5.12300000,1.37088000,0.19892430,0.25479255
525.20000000,5.12262000,1.34848000,0.19899984,0.25488849
525.40000000,5.12262000,1.34848000,0.19907475,0.25498444
525.60000000,5.12312000,1.36499000,0.19915013,0.25508157
525.80000000,5.12337000,1.35100000,0.19922557,0.25517769
526.00000000,5.12262000,1.36000000,0.19930088,0.25527446
526.20000000,5.12300000,1.36121000,0.19937646,0.25537131
526.40000000,5.12300000,1.36121000,0.19945209,0.25546814
526.60000000,5.12200000,1.35862000,0.19952764,0.25556482
526.80000000,5.12312000,1.35382000,0.19960298,0.25566115
527.00000000,5.12337000,1.36348000,0.19967846,0.25575817
527.20000000,5.12337000,1.36348000,0.19975421,0.25585518
527.40000000,5.12250000,1.35200000,0.19982964,0.25595138
527.60000000,5.12287000,1.35433000,0.19990482,0.25604774
527.80000000,5.12325000,1.35283000,0.19998002,0.25614400
528.00000000,5.12262000,1.35699000,0.20005529,0.25624054
528.20000000,5.12262000,1.35699000,0.20013068,0.25633710
528.40000000,5.12300000,1.33654000,0.20020550,0.25643219
528.60000000,5.12287000,1.35065000,0.20028014,0.25652829
528.80000000,5.12262000,1.35299000,0.20035524,0.25662455
529.00000000,5.12262000,1.36124000,0.20043064,0.25672140
529.20000000,5.12262000,1.36124000,0.20050626,0.25681825
529.40000000,5.12287000,1.39894000,0.20058294,0.25691779
529.60000000,5.12300000,1.35862000,0.20065953,0.25701446
529.80000000,5.12325000,1.37276000,0.20073541,0.25711214
530.00000000,5.12325000,1.37276000,0.20081167,0.25720982
530.20000000,5.12287000,1.38550000,0.20088829,0.25730841
530.40000000,5.12362000,1.37456000,0.20096496,0.25740620
530.60000000,5.12237000,1.37321000,0.20104128,0.25750390
530.80000000,5.12250000,1.34035000,0.20111666,0.25759926
531.00000000,5.12250000,1.34035000,0.20119112,0.25769462
531.20000000,5.12262000,1.35824000,0.20126609,0.25779126
531.40000000,5.12250000,1.37788000,0.20134209,0.25788928
531.60000000,5.12212000,1.37132000,0.20141846,0.25798684
531.80000000,5.12212000,1.37132000,0.20149464,0.25808442
532.00000000,5.12350000,1.39052000,0.20157136,0.25818335
532.20000000,5.12275000,1.37238000,0.20164810,0.25828100
532.40000000,5.12275000,1.37248000,0.20172435,0.25837866
532.60000000,5.12312000,1.36348000,0.20180035,0.25847567
532.80000000,5.12312000,1.36348000,0.20187610,0.25857268
533.00000000,5.12275000,1.35881000,0.20195172,0.25866937
533.20000000,5.12312000,1.36921000,0.20202750,0.25876679
533.40000000,5.12300000,1.36476000,0.20210344,0.25886390
533.60000000,5.12300000,1.36476000,0.20217926,0.25896100
533.80000000,5.12287000,1.37449000,0.20225535,0.25905879
534.00000000,5.12262000,1.36320000,0.20233140,0.25915580
534.20000000,5.12325000,1.37753000,0.20240753,0.25925381
534.40000000,5.12275000,1.38140000,0.20248417,0.25935210
534.60000000,5.12275000,1.38140000,0.20256091,0.25945041
534.80000000,5.12400000,1.36720000,0.20263726,0.25954769
535.00000000,5.12287000,1.36816000,0.20271324,0.25964503
535.20000000,5.12287000,1.36486000,0.20278916,0.25974214
535.40000000,5.12287000,1.36486000,0.20286499,0.25983925
535.60000000,5.12262000,1.35830000,0.20294063,0.25993590
535.80000000,5.12300000,1.35964000,0.20301613,0.26003263
536.00000000,5.12262000,1.36272000,0.20309175,0.26012959
536.20000000,5.12262000,1.36272000,0.20316745,0.26022654
536.40000000,5.12275000,1.36406000,0.20324320,0.26032360
536.60000000,5.12300000,1.37353000,0.20331924,0.26042131
536.80000000,5.12212000,1.37129000,0.20339549,0.26051888
537.00000000,5.12250000,1.35760000,0.20347129,0.26061546
537.20000000,5.12250000,1.35760000,0.20354671,0.26071206
537.40000000,5.12287000,1.37033000,0.20362249,0.26080955
537.60000000,5.12250000,1.28358000,0.20369621,0.26090086
537.80000000,5.12162000,1.30195000,0.20376803,0.26099347
538.00000000,5.12162000,1.30195000,0.20384036,0.26108609
538.20000000,5.12200000,1.31158000,0.20391296,0.26117939
538.40000000,5.12162000,1.32067000,0.20398607,0.26127336
538.60000000,5.12312000,1.36960000,0.20406080,0.26137080
538.80000000,5.12262000,1.36086000,0.20413665,0.26146762
539.00000000,5.12262000,1.36086000,0.20421225,0.26156445
539.20000000,5.12300000,1.37225000,0.20428817,0.26166208
539.40000000,5.12225000,1.36464000,0.20436420,0.26175916
539.60000000,5.12237000,1.36499000,0.20444002,0.26185627
539.80000000,5.12237000,1.36499000,0.20451585,0.26195338
540.00000000,5.12200000,1.34764000,0.20459121,0.26204926
540.20000000,5.12262000,1.37481000,0.20466683,0.26214706
540.40000000,5.12187000,1.35920000,0.20474277,0.26224376
540.60000000,5.12237000,1.36387000,0.20481841,0.26234079
540.80000000,5.12237000,1.36387000,0.20489418,0.26243782
541.00000000,5.12212000,1.35411000,0.20496968,0.26253416
541.20000000,5.12300000,1.38860000,0.20504587,0.26263295
541.40000000,5.12200000,1.36902000,0.20512247,0.26273034
541.60000000,5.12200000,1.36902000,0.20519853,0.26282773
541.80000000,5.12212000,1.37484000,0.20527475,0.26292556
542.00000000,5.12350000,1.37200000,0.20535105,0.26302317
542.20000000,5.12237000,1.34502000,0.20542652,0.26311887
542.40000000,5.12262000,1.36368000,0.20550176,0.26321589
542.60000000,5.12262000,1.36368000,0.20557752,0.26331291
542.80000000,5.12262000,1.36777000,0.20565340,0.26341023
543.00000000,5.12300000,1.30659000,0.20572768,0.26350318
543.20000000,5.12162000,1.28790000,0.20579975,0.26359479
543.40000000,5.12200000,1.37190000,0.20587364,0.26369238
543.60000000,5.12200000,1.37190000,0.20594985,0.26378998
543.80000000,5.12187000,1.37408000,0.20602613,0.26388774
544.00000000,5.12237000,1.36739000,0.20610228,0.26398502
544.20000000,5.12275000,1.35532000,0.20617791,0.26408145
544.40000000,5.12275000,1.35532000,0.20625321,0.26417787
544.60000000,5.12175000,1.37411000,0.20632903,0.26427563
544.80000000,5.12237000,1.37065000,0.20640527,0.26437314
545.00000000,5.12225000,1.36800000,0.20648134,0.26447046
545.20000000,5.12225000,1.36800000,0.20655734,0.26456779
545.40000000,5.12250000,1.36096000,0.20663315,0.26466461
545.60000000,5.12225000,1.37171000,0.20670905,0.26476219
545.80000000,5.12187000,1.37280000,0.20678529,0.26485984
546.00000000,5.12175000,1.35827000,0.20686115,0.26495646
546.20000000,5.12175000,1.35827000,0.20693661,0.26505310
546.40000000,5.12250000,1.34281000,0.20701164,0.26514863
546.60000000,5.12200000,1.36758000,0.20708693,0.26524592
546.80000000,5.12250000,1.36732000,0.20716290,0.26534320
547.00000000,5.12250000,1.36732000,0.20723886,0.26544049
547.20000000,5.12287000,1.37817000,0.20731513,0.26553855
547.40000000,5.12325000,1.37404000,0.20739158,0.26563630
547.60000000,5.12212000,1.35910000,0.20746750,0.26573299
547.80000000,5.12275000,1.32252000,0.20754199,0.26582709
548.00000000,5.12275000,1.32252000,0.20761546,0.26592116
548.20000000,5.12162000,1.35068000,0.20768972,0.26601725
548.40000000,5.12225000,1.36800000,0.20776524,0.26611459
548.60000000,5.12275000,1.38281000,0.20784165,0.26621297
548.80000000,5.12275000,1.38281000,0.20791847,0.26631135
549.00000000,5.12225000,1.37734000,0.20799514,0.26640935
549.20000000,5.12312000,1.37654000,0.20807164,0.26650728
549.40000000,5.12212000,1.37932000,0.20814819,0.26660541
549.60000000,5.12212000,1.37932000,0.20822482,0.26670354
549.80000000,5.12237000,1.35545000,0.20830078,0.26679996
550.00000000,5.12200000,1.34544000,0.20837581,0.26689569
550.20000000,5.12287000,1.37193000,0.20845129,0.26699329
550.40000000,5.12212000,1.36665000,0.20852736,0.26709051
550.60000000,5.12212000,1.36665000,0.20860329,0.26718775
550.80000000,5.12250000,1.36483000,0.20867916,0.26728484
551.00000000,5.12212000,1.36227000,0.20875491,0.26738176
551.20000000,5.12237000,1.37107000,0.20883084,0.26747930
551.40000000,5.12225000,1.38147000,0.20890730,0.26757758
551.60000000,5.12225000,1.38147000,0.20898405,0.26767586
551.80000000,5.12225000,1.37545000,0.20906063,0.26777374
552.00000000,5.12337000,1.38601000,0.20913734,0.26787236
552.20000000,5.12300000,1.36547000,0.20921377,0.26796951
552.40000000,5.12300000,1.36547000,0.20928963,0.26806667
552.60000000,5.12325000,1.34224000,0.20936484,0.26816216
552.80000000,5.12225000,1.32060000,0.20943881,0.26825612
553.00000000,5.12262000,1.34230000,0.20951278,0.26835163
553.20000000,5.12275000,1.36816000,0.20958807,0.26844897
553.40000000,5.12275000,1.36816000,0.20966408,0.26854632
553.60000000,5.12337000,1.37382000,0.20974024,0.26864405
553.80000000,5.12175000,1.37260000,0.20981653,0.26874171
554.00000000,5.12262000,1.36236000,0.20989250,0.26883864
554.20000000,5.12262000,1.36236000,0.20996819,0.26893554
554.40000000,5.12137000,1.36288000,0.21004389,0.26903250
554.60000000,5.12200000,1.38329000,0.21012017,0.26913092
554.80000000,5.12287000,1.37443000,0.21019678,0.26922871
555.00000000,5.12287000,1.38003000,0.21027329,0.26932690
555.20000000,5.12287000,1.38003000,0.21034996,0.26942508
555.40000000,5.12212000,1.36060000,0.21042609,0.26952189
555.60000000,5.12312000,1.36704000,0.21050185,0.26961916
555.80000000,5.12325000,1.36668000,0.21057779,0.26971641
556.00000000,5.12325000,1.36668000,0.21065372,0.26981365
556.20000000,5.12262000,1.37008000,0.21072974,0.26991113
556.40000000,5.12300000,1.37552000,0.21080601,0.27000900
556.60000000,5.12275000,1.36332000,0.21088208,0.27010600
556.80000000,5.12300000,1.37811000,0.21095824,0.27020406
557.00000000,5.12300000,1.37811000,0.21103480,0.27030211
557.20000000,5.12250000,1.37196000,0.21111119,0.27039973
557.40000000,5.12300000,1.34617000,0.21118669,0.27049551
557.60000000,5.12287000,1.28710000,0.21125984,0.27058709
557.80000000,5.12287000,1.28710000,0.21133134,0.27067864
558.00000000,5.12150000,1.30291000,0.21140329,0.27077135
558.20000000,5.12337000,1.35449000,0.21147710,0.27086772
558.40000000,5.12250000,1.28643000,0.21155046,0.27095925
558.60000000,5.12275000,1.34275000,0.21162350,0.27105478
558.80000000,5.12275000,1.34275000,0.21169809,0.27115031
559.00000000,5.12250000,1.37340000,0.21177354,0.27124803
559.20000000,5.12300000,1.36246000,0.21184954,0.27134497
559.40000000,5.12287000,1.37376000,0.21192554,0.27144270
559.60000000,5.12175000,1.35769000,0.21200142,0.27153928
559.80000000,5.12175000,1.35769000,0.21207685,0.27163587
560.00000000,5.12225000,1.36550000,0.21215249,0.27173302
560.20000000,5.12275000,1.36886000,0.21222844,0.27183041
560.40000000,5.12262000,1.33945000,0.21230367,0.27192571
560.60000000,5.12262000,1.33945000,0.21237809,0.27202101
560.80000000,5.12275000,1.36579000,0.21245323,0.27211820
561.00000000,5.12337000,1.48892000,0.21253253,0.27222414
561.20000000,5.12287000,1.34729000,0.21261132,0.27232000
561.40000000,5.12150000,1.37744000,0.21268700,0.27241798
561.60000000,5.12150000,1.37744000,0.21276353,0.27251597
561.80000000,5.12225000,1.34457000,0.21283914,0.27261165
562.00000000,5.12312000,1.38172000,0.21291487,0.27270996
562.20000000,5.12375000,1.37200000,0.21299136,0.27280760
562.40000000,5.12375000,1.37200000,0.21306758,0.27290522
562.60000000,5.12300000,1.37785000,0.21314397,0.27300326
562.80000000,5.12312000,1.37187000,0.21322035,0.27310088
563.00000000,5.12325000,1.34739000,0.21329588,0.27319675
563.20000000,5.12325000,1.34739000,0.21337074,0.27329260
563.40000000,5.12187000,1.29356000,0.21344410,0.27338463
563.60000000,5.12237000,1.34918000,0.21351751,0.27348063
563.80000000,5.12312000,1.37395000,0.21359315,0.27357839
564.00000000,5.12312000,1.37395000,0.21366948,0.27367615
564.20000000,5.12287000,1.37433000,0.21374582,0.27377394
564.40000000,5.12325000,1.35305000,0.21382158,0.27387021
564.60000000,5.12262000,1.37804000,0.21389745,0.27396825
564.80000000,5.12250000,1.32832000,0.21397262,0.27406276
565.00000000,5.12250000,1.32832000,0.21404642,0.27415726
565.20000000,5.12225000,1.35635000,0.21412099,0.27425376
565.40000000,5.12275000,1.37564000,0.21419688,0.27435163
565.60000000,5.12225000,1.36620000,0.21427304,0.27444882
565.80000000,5.12225000,1.36620000,0.21434894,0.27454601
566.00000000,5.12225000,1.36051000,0.21442469,0.27464281
566.20000000,5.12262000,1.36108000,0.21450029,0.27473965
566.40000000,5.12262000,1.36947000,0.21457613,0.27483708
566.60000000,5.12250000,1.35891000,0.21465192,0.27493376
566.80000000,5.12250000,1.35891000,0.21472742,0.27503046
567.00000000,5.12337000,1.37987000,0.21480349,0.27512863
567.20000000,5.12225000,1.34899000,0.21487930,0.27522462
567.40000000,5.12325000,1.37174000,0.21495487,0.27532222
567.60000000,5.12225000,1.37331000,0.21503112,0.27541992
567.80000000,5.12225000,1.37331000,0.21510742,0.27551763
568.00000000,5.12275000,1.35283000,0.21518314,0.27561387
568.20000000,5.12175000,1.31020000,0.21525712,0.27570708
568.40000000,5.12212000,1.32444000,0.21533030,0.27580130
568.60000000,5.12212000,1.32444000,0.21540388,0.27589552
568.80000000,5.12225000,1.33312000,0.21547770,0.27599037
569.00000000,5.12275000,1.35606000,0.21555240,0.27608687
569.20000000,5.12337000,1.37526000,0.21562827,0.27618472
569.40000000,5.12287000,1.37769000,0.21570474,0.27628274
569.60000000,5.12287000,1.37769000,0.21578128,0.27638076
569.80000000,5.12262000,1.36281000,0.21585741,0.27647771
570.00000000,5.12187000,1.37337000,0.21593341,0.27657542
570.20000000,5.12250000,1.36028000,0.21600935,0.27667219
570.40000000,5.12250000,1.36028000,0.21608492,0.27676897
570.60000000,5.12250000,1.37228000,0.21616082,0.27686663
570.80000000,5.12375000,1.40780000,0.21623805,0.27696679
571.00000000,5.12237000,1.40361000,0.21631614,0.27706668
571.20000000,5.12412000,1.38825000,0.21639369,0.27716548
571.40000000,5.12412000,1.38825000,0.21647082,0.27726426
571.60000000,5.12337000,1.36323000,0.21654725,0.27736126
571.80000000,5.12287000,1.38009000,0.21662345,0.27745945
572.00000000,5.12250000,1.33651000,0.21669891,0.27755453
572.20000000,5.12250000,1.33651000,0.21677316,0.27764962
572.40000000,5.12262000,1.36070000,0.21684809,0.27774642
572.60000000,5.12200000,1.36723000,0.21692386,0.27784369
572.80000000,5.12250000,1.36947000,0.21699988,0.27794113
573.00000000,5.12275000,1.30710000,0.21707423,0.27803413
573.20000000,5.12275000,1.30710000,0.21714685,0.27812711
573.40000000,5.12187000,1.33065000,0.21722012,0.27822178
573.60000000,5.12212000,1.36867000,0.21729510,0.27831915
573.80000000,5.12262000,1.36860000,0.21737113,0.27841653
574.00000000,5.12312000,1.36816000,0.21744715,0.27851388
574.20000000,5.12312000,1.36816000,0.21752316,0.27861120
574.40000000,5.12162000,1.36854000,0.21759918,0.27870855
574.60000000,5.12200000,1.36256000,0.21767505,0.27880549
574.80000000,5.12237000,1.35808000,0.21775062,0.27890211
575.00000000,5.12237000,1.35808000,0.21782607,0.27899873
575.20000000,5.12237000,1.36048000,0.21790158,0.27909554
575.40000000,5.12325000,1.36291000,0.21797723,0.27919249
575.60000000,5.12200000,1.36467000,0.21805300,0.27928957
575.80000000,5.12200000,1.36467000,0.21812882,0.27938667
576.00000000,5.12262000,1.36908000,0.21820475,0.27948408
576.20000000,5.12312000,1.38476000,0.21828125,0.27958261
576.40000000,5.12287000,1.36400000,0.21835760,0.27967966
576.60000000,5.12337000,1.37504000,0.21843369,0.27977751
576.80000000,5.12337000,1.37504000,0.21851008,0.27987534
577.00000000,5.12262000,1.38224000,0.21858667,0.27997367
577.20000000,5.12212000,1.32182000,0.21866178,0.28006771
577.40000000,5.12262000,1.37062000,0.21873657,0.28016523
577.60000000,5.12262000,1.37062000,0.21881272,0.28026274
577.80000000,5.12237000,1.30243000,0.21888697,0.28035539
578.00000000,5.12187000,1.32396000,0.21895992,0.28044960
578.20000000,5.12337000,1.33859000,0.21903388,0.28054485
578.40000000,5.12337000,1.33859000,0.21910825,0.28064007
578.60000000,5.12125000,1.35686000,0.21918312,0.28073659
578.80000000,5.12187000,1.36153000,0.21925863,0.28083346
579.00000000,5.12250000,1.37043000,0.21933452,0.28093094
579.20000000,5.12187000,1.35148000,0.21941013,0.28102709
579.40000000,5.12187000,1.35148000,0.21948521,0.28112323
579.60000000,5.12212000,1.38483000,0.21956122,0.28122176
579.80000000,5.12250000,1.35472000,0.21963732,0.28131814
580.00000000,5.12262000,1.35040000,0.21971246,0.28141422
580.20000000,5.12262000,1.35040000,0.21978749,0.28151030
580.40000000,5.12312000,1.37014000,0.21986306,0.28160779
580.60000000,5.12275000,1.36697000,0.21993909,0.28170504
580.80000000,5.12212000,1.38089000,0.22001542,0.28180329
581.00000000,5.12275000,1.37203000,0.22009189,0.28190090
581.20000000,5.12275000,1.37203000,0.22016811,0.28199851
581.40000000,5.12225000,1.36243000,0.22024407,0.28209545
581.60000000,5.12300000,1.36108000,0.22031972,0.28219229
581.80000000,5.12237000,1.37836000,0.22039582,0.28229035
582.00000000,5.12237000,1.37836000,0.22047239,0.28238840
582.20000000,5.12200000,1.36144000,0.22054850,0.28248526
582.40000000,5.12225000,1.37568000,0.22062453,0.28258314
582.60000000,5.12275000,1.31955000,0.22069940,0.28267699
582.80000000,5.12087000,1.27900000,0.22077158,0.28276796
583.00000000,5.12087000,1.27900000,0.22084263,0.28285894
583.20000000,5.12212000,1.35795000,0.22091588,0.28295555
583.40000000,5.12200000,1.38035000,0.22099195,0.28305375
583.60000000,5.12225000,1.36182000,0.22106812,0.28315063
583.80000000,5.12200000,1.33868000,0.22114313,0.28324586
584.00000000,5.12200000,1.33868000,0.22121750,0.28334109
584.20000000,5.12212000,1.37232000,0.22129281,0.28343872
584.40000000,5.12225000,1.38240000,0.22136933,0.28353708
584.60000000,5.12250000,1.34448000,0.22144507,0.28363273
584.80000000,5.12250000,1.34448000,0.22151977,0.28372838
585.00000000,5.12212000,1.37292000,0.22159525,0.28382605
585.20000000,5.12225000,1.37024000,0.22167145,0.28392354
585.40000000,5.12262000,1.36832000,0.22174752,0.28402089
585.60000000,5.12225000,1.36598000,0.22182347,0.28411806
585.80000000,5.12225000,1.36598000,0.22189936,0.28421524
586.00000000,5.12225000,1.37200000,0.22197542,0.28431287
586.20000000,5.12312000,1.36083000,0.22205133,0.28440967
586.40000000,5.12175000,1.36595000,0.22212707,0.28450684
586.60000000,5.12175000,1.36595000,0.22220296,0.28460401
586.80000000,5.12225000,1.37347000,0.22227905,0.28470174
587.00000000,5.12287000,1.39452000,0.22235594,0.28480096
587.20000000,5.12275000,1.37232000,0.22243280,0.28489859
587.40000000,5.12212000,1.32857000,0.22250782,0.28499310
587.60000000,5.12212000,1.32857000,0.22258163,0.28508761
587.80000000,5.12200000,1.36480000,0.22265645,0.28518470
588.00000000,5.12187000,1.36400000,0.22273225,0.28528176
588.20000000,5.12350000,1.38307000,0.22280856,0.28538018
588.40000000,5.12287000,1.35808000,0.22288470,0.28547681
588.60000000,5.12287000,1.35808000,0.22296015,0.28557343
588.80000000,5.12250000,1.37068000,0.22303595,0.28567094
589.00000000,5.12187000,1.36361000,0.22311190,0.28576795
589.20000000,5.12237000,1.38425000,0.22318823,0.28586643
589.40000000,5.12237000,1.38425000,0.22326513,0.28596493
589.60000000,5.12337000,1.38419000,0.22334203,0.28606340
589.80000000,5.12212000,1.35017000,0.22341799,0.28615946
590.00000000,5.12212000,1.35692000,0.22349318,0.28625599
590.20000000,5.12212000,1.35692000,0.22356857,0.28635252
590.40000000,5.12200000,1.36854000,0.22364428,0.28644988
590.60000000,5.12237000,1.37548000,0.22372050,0.28654774
590.80000000,5.12262000,1.36915000,0.22379674,0.28664516
591.00000000,5.12250000,1.36403000,0.22387266,0.28674220
591.20000000,5.12250000,1.36403000,0.22394844,0.28683923
591.40000000,5.12187000,1.36617000,0.22402428,0.28693644
591.60000000,5.12287000,1.36371000,0.22410011,0.28703344
591.80000000,5.12137000,1.34944000,0.22417547,0.28712942
592.00000000,5.12137000,1.34944000,0.22425044,0.28722544
592.20000000,5.12300000,1.31923000,0.22432457,0.28731928
592.40000000,5.12162000,1.32816000,0.22439811,0.28741378
592.60000000,5.12262000,1.36620000,0.22447295,0.28751098
592.80000000,5.12262000,1.36182000,0.22454873,0.28760787
593.00000000,5.12262000,1.36182000,0.22462439,0.28770476
593.20000000,5.12262000,1.35664000,0.22469990,0.28780127
593.40000000,5.12212000,1.36876000,0.22477561,0.28789866
593.60000000,5.12262000,1.37027000,0.22485169,0.28799615
593.80000000,5.12262000,1.37027000,0.22492782,0.28809363
594.00000000,5.12237000,1.36297000,0.22500374,0.28819060
594.20000000,5.12250000,1.39107000,0.22508024,0.28828957
594.40000000,5.12262000,1.36428000,0.22515678,0.28838664
594.60000000,5.12262000,1.36428000,0.22523257,0.28848369
594.80000000,5.12187000,1.35814000,0.22530820,0.28858031
595.00000000,5.12225000,1.36912000,0.22538395,0.28867773
595.20000000,5.12287000,1.36576000,0.22545992,0.28877489
595.40000000,5.12237000,1.37280000,0.22553599,0.28887256
595.60000000,5.12237000,1.37280000,0.22561226,0.28897023
595.80000000,5.12250000,1.37257000,0.22568852,0.28906788
596.00000000,5.12250000,1.36521000,0.22576457,0.28916499
596.20000000,5.12150000,1.36278000,0.22584035,0.28926193
596.40000000,5.12150000,1.36278000,0.22591606,0.28935887
596.60000000,5.12175000,1.35923000,0.22599167,0.28945557
596.80000000,5.12225000,1.36947000,0.22606747,0.28955300
597.00000000,5.12225000,1.31481000,0.22614203,0.28964653
597.20000000,5.12200000,1.32700000,0.22621541,0.28974093
597.40000000,5.12200000,1.32700000,0.22628913,0.28983533
597.60000000,5.12200000,1.36019000,0.22636378,0.28993210
597.80000000,5.12250000,1.37187000,0.22643967,0.29002970
598.00000000,5.12212000,1.37577000,0.22651599,0.29012757
598.20000000,5.12187000,1.38310000,0.22659263,0.29022596
598.40000000,5.12187000,1.38310000,0.22666947,0.29032437
598.60000000,5.12287000,1.37740000,0.22674615,0.29042237
598.80000000,5.12262000,1.38688000,0.22682293,0.29052103
599.00000000,5.12187000,1.35427000,0.22689908,0.29061737
599.20000000,5.12187000,1.35427000,0.22697431,0.29071372
599.40000000,5.12262000,1.36611000,0.22704988,0.29081090
599.60000000,5.12187000,1.36534000,0.22712575,0.29090804
599.80000000,5.12275000,1.36192000,0.22720151,0.29100493
600.00000000,5.12187000,1.36576000,0.22727728,0.29110208
600.20000000,5.12187000,1.36576000,0.22735315,0.29119926
600.40000000,5.12300000,1.37206000,0.22742921,0.29129686
600.60000000,5.12175000,1.36931000,0.22750535,0.29139428
600.80000000,5.12225000,1.37452000,0.22758157,0.29149207
601.00000000,5.12225000,1.37452000,0.22765793,0.29158984
601.20000000,5.12187000,1.36739000,0.22773410,0.29168713
601.40000000,5.12237000,1.36848000,0.22781009,0.29178450
601.60000000,5.12337000,1.32787000,0.22788499,0.29187896
601.80000000,5.12150000,1.31504000,0.22795841,0.29197250
602.00000000,5.12150000,1.31504000,0.22803147,0.29206607
602.20000000,5.12312000,1.37926000,0.22810631,0.29216422
602.40000000,5.12337000,1.37644000,0.22818285,0.29226215
602.60000000,5.12275000,1.36630000,0.22825904,0.29235936
602.80000000,5.12275000,1.36630000,0.22833495,0.29245658
603.00000000,5.12300000,1.38412000,0.22841135,0.29255507
603.20000000,5.12337000,1.36022000,0.22848758,0.29265184
603.40000000,5.12237000,1.36576000,0.22856330,0.29274900
603.60000000,5.12237000,1.38348000,0.22863967,0.29284743
603.80000000,5.12237000,1.38348000,0.22871653,0.29294588
604.00000000,5.12350000,1.35638000,0.22879264,0.29304240
604.20000000,5.12362000,1.39635000,0.22886910,0.29314175
604.40000000,5.12275000,1.37881000,0.22894619,0.29323985
604.60000000,5.12275000,1.37881000,0.22902279,0.29333795
604.80000000,5.12250000,1.38099000,0.22909945,0.29343620
605.00000000,5.12250000,1.37475000,0.22917600,0.29353402
605.20000000,5.12337000,1.36108000,0.22925199,0.29363088
605.40000000,5.12337000,1.36108000,0.22932761,0.29372771
605.60000000,5.12250000,1.36832000,0.22940343,0.29382507
605.80000000,5.12300000,1.37110000,0.22947952,0.29392261
606.00000000,5.12212000,1.32691000,0.22955447,0.29401701
606.20000000,5.12212000,1.32691000,0.22962818,0.29411141
606.40000000,5.12225000,1.34864000,0.22970250,0.29420735
606.60000000,5.12212000,1.31420000,0.22977647,0.29430084
606.80000000,5.12212000,1.33088000,0.22984995,0.29439554
607.00000000,5.12275000,1.33750000,0.22992407,0.29449070
607.20000000,5.12275000,1.33750000,0.22999837,0.29458585
607.40000000,5.12250000,1.37334000,0.23007367,0.29468356
607.60000000,5.12225000,1.36710000,0.23014980,0.29478083
607.80000000,5.12275000,1.37718000,0.23022603,0.29487882
608.00000000,5.12300000,1.36284000,0.23030214,0.29497579
608.20000000,5.12300000,1.36284000,0.23037785,0.29507276
608.40000000,5.12300000,1.37065000,0.23045378,0.29517029
608.60000000,5.12325000,1.38041000,0.23053020,0.29526849
608.80000000,5.12212000,1.38201000,0.23060693,0.29536681
609.00000000,5.12212000,1.38201000,0.23068371,0.29546513
609.20000000,5.12250000,1.36947000,0.23076014,0.29556256
609.40000000,5.12262000,1.38691000,0.23083671,0.29566124
609.60000000,5.12250000,1.37475000,0.23091342,0.29575905
609.80000000,5.12300000,1.37152000,0.23098971,0.29585664
610.00000000,5.12300000,1.37152000,0.23106590,0.29595422
610.20000000,5.12225000,1.37232000,0.23114212,0.29605186
610.40000000,5.12300000,1.35772000,0.23121796,0.29614847
610.60000000,5.12337000,1.37142000,0.23129376,0.29624606
610.80000000,5.12337000,1.37142000,0.23136995,0.29634364
611.00000000,5.12275000,1.36976000,0.23144610,0.29644109
611.20000000,5.12250000,1.37600000,0.23152237,0.29653899
611.40000000,5.12275000,1.30841000,0.23159694,0.29663206
611.60000000,5.12175000,1.31904000,0.23166992,0.29672589
611.80000000,5.12175000,1.31904000,0.23174320,0.29681974
612.00000000,5.12275000,1.34326000,0.23181715,0.29691531
612.20000000,5.12225000,1.36076000,0.23189227,0.29701212
612.40000000,5.12250000,1.35900000,0.23196781,0.29710881
612.60000000,5.12250000,1.35900000,0.23204331,0.29720551
612.80000000,5.12325000,1.39833000,0.23211991,0.29730500
613.00000000,5.12275000,1.38102000,0.23219711,0.29740322
613.20000000,5.12112000,1.47971000,0.23227658,0.29750847
613.40000000,5.12550000,1.38012000,0.23235602,0.29760672
613.60000000,5.12550000,1.38012000,0.23243269,0.29770492
613.80000000,5.12312000,1.34502000,0.23250839,0.29780061
614.00000000,5.12250000,1.37164000,0.23258385,0.29789820
614.20000000,5.12275000,1.37475000,0.23266014,0.29799602
614.40000000,5.12275000,1.37475000,0.23273651,0.29809384
614.60000000,5.12312000,1.37897000,0.23281301,0.29819194
614.80000000,5.12225000,1.36054000,0.23288910,0.29828875
615.00000000,5.12300000,1.36732000,0.23296488,0.29838603
615.20000000,5.12300000,1.35180000,0.23304041,0.29848222
615.40000000,5.12300000,1.35180000,0.23311551,0.29857840
615.60000000,5.12262000,1.36796000,0.23319106,0.29867572
615.80000000,5.12275000,1.37356000,0.23326721,0.29877347
616.00000000,5.12350000,1.37382000,0.23334353,0.29887123
616.20000000,5.12350000,1.37382000,0.23341985,0.29896898
616.40000000,5.12287000,1.30160000,0.23349417,0.29906159
616.60000000,5.12287000,1.30953000,0.23356670,0.29915476
616.80000000,5.12287000,1.37350000,0.23364123,0.29925249
617.00000000,5.12287000,1.37350000,0.23371753,0.29935020
617.20000000,5.12212000,1.36332000,0.23379356,0.29944719
617.40000000,5.12250000,1.36438000,0.23386933,0.29954426
617.60000000,5.12250000,1.38073000,0.23394558,0.29964248
617.80000000,5.12187000,1.37062000,0.23402200,0.29973999
618.00000000,5.12187000,1.37062000,0.23409815,0.29983749
618.20000000,5.12225000,1.36041000,0.23417401,0.29993427
618.40000000,5.12212000,1.38755000,0.23425034,0.30003300
618.60000000,5.12300000,1.37782000,0.23432716,0.30013104
618.80000000,5.12300000,1.37782000,0.23440371,0.30022906
619.00000000,5.12200000,1.37056000,0.23448005,0.30032657
619.20000000,5.12287000,1.37078000,0.23455620,0.30042411
619.40000000,5.12312000,1.38684000,0.23463280,0.30052277
619.60000000,5.12212000,1.36275000,0.23470918,0.30061972
619.80000000,5.12212000,1.36275000,0.23478488,0.30071666
620.00000000,5.12212000,1.36492000,0.23486065,0.30081377
620.20000000,5.12237000,1.36905000,0.23493660,0.30091117
620.40000000,5.12237000,1.36617000,0.23501257,0.30100836
620.60000000,5.12237000,1.36617000,0.23508847,0.30110556
620.80000000,5.12237000,1.36140000,0.23516424,0.30120240
621.00000000,5.12187000,1.35744000,0.23523976,0.30129897
621.20000000,5.12175000,1.33654000,0.23531460,0.30139405
621.40000000,5.12200000,1.36080000,0.23538952,0.30149085
621.60000000,5.12200000,1.36080000,0.23546512,0.30158766
621.80000000,5.12225000,1.38044000,0.23554127,0.30168588
622.00000000,5.12287000,1.37254000,0.23561774,0.30178353
622.20000000,5.12212000,1.36739000,0.23569385,0.30188080
622.40000000,5.12212000,1.36739000,0.23576981,0.30197808
622.60000000,5.12225000,1.36720000,0.23584577,0.30207534
622.80000000,5.12175000,1.36025000,0.23592154,0.30217210
623.00000000,5.12187000,1.36672000,0.23599729,0.30226933
623.20000000,5.12212000,1.36678000,0.23607322,0.30236657
623.40000000,5.12212000,1.36678000,0.23614915,0.30246381
623.60000000,5.12250000,1.37731000,0.23622537,0.30256179
623.80000000,5.12200000,1.36313000,0.23630150,0.30265876
624.00000000,5.12212000,1.37801000,0.23637764,0.30275679
624.20000000,5.12212000,1.37801000,0.23645420,0.30285484
624.40000000,5.12275000,1.38035000,0.23653082,0.30295304
624.60000000,5.12212000,1.36620000,0.23660711,0.30305023
624.80000000,5.12212000,1.37702000,0.23668331,0.30314819
625.00000000,5.12225000,1.38812000,0.23676012,0.30324695
625.20000000,5.12225000,1.38812000,0.23683724,0.30334571
625.40000000,5.12287000,1.37078000,0.23691387,0.30344323
625.60000000,5.12187000,1.34396000,0.23698928,0.30353885
625.80000000,5.12287000,1.36336000,0.23706449,0.30363585
626.00000000,5.12212000,1.30000000,0.23713847,0.30372834
626.20000000,5.12212000,1.30000000,0.23721069,0.30382081
626.40000000,5.12175000,1.29955000,0.23728290,0.30391327
626.60000000,5.12225000,1.37001000,0.23735706,0.30401074
626.80000000,5.12287000,1.38505000,0.23743358,0.30410929
627.00000000,5.12287000,1.38505000,0.23751053,0.30420783
627.20000000,5.12237000,1.36595000,0.23758695,0.30430501
627.40000000,5.12237000,1.37347000,0.23766304,0.30440272
627.60000000,5.12225000,1.37526000,0.23773940,0.30450056
627.80000000,5.12200000,1.36870000,0.23781562,0.30459792
628.00000000,5.12200000,1.36870000,0.23789166,0.30469530
628.20000000,5.12225000,1.37200000,0.23796779,0.30479290
628.40000000,5.12187000,1.37945000,0.23804422,0.30489103
628.60000000,5.12262000,1.36022000,0.23812032,0.30498780
628.80000000,5.12262000,1.36022000,0.23819589,0.30508457
629.00000000,5.12200000,1.36451000,0.23827157,0.30518164
629.20000000,5.12200000,1.35273000,0.23834705,0.30527787
629.40000000,5.12212000,1.38592000,0.23842313,0.30537647
629.60000000,5.12225000,1.38563000,0.23850011,0.30547504
629.80000000,5.12225000,1.38563000,0.23857709,0.30557363
630.00000000,5.12275000,1.37942000,0.23865390,0.30567176
630.20000000,5.12187000,1.37315000,0.23873036,0.30576944
630.40000000,5.12300000,1.37068000,0.23880658,0.30586697
630.60000000,5.12300000,1.37068000,0.23888273,0.30596448
630.80000000,5.12237000,1.36633000,0.23895875,0.30606170
631.00000000,5.12275000,1.34953000,0.23903420,0.30615770
631.20000000,5.12187000,1.35804000,0.23910941,0.30625430
631.40000000,5.12187000,1.35804000,0.23918485,0.30635092
631.60000000,5.12212000,1.36374000,0.23926046,0.30644793
631.80000000,5.12212000,1.38265000,0.23933675,0.30654630
632.00000000,5.12212000,1.36137000,0.23941297,0.30664314
632.20000000,5.12212000,1.36137000,0.23948860,0.30674000
632.40000000,5.12262000,1.34713000,0.23956384,0.30683586
632.60000000,5.12350000,1.37750000,0.23963952,0.30693387
632.80000000,5.12262000,1.36217000,0.23971562,0.30703080
633.00000000,5.12325000,1.36940000,0.23979150,0.30712824
633.20000000,5.12325000,1.36940000,0.23986758,0.30722567
633.40000000,5.12300000,1.36691000,0.23994359,0.30732293
633.60000000,5.12287000,1.37200000,0.24001967,0.30742056
633.80000000,5.12325000,1.38275000,0.24009619,0.30751894
634.00000000,5.12300000,1.36880000,0.24017262,0.30761634
634.20000000,5.12300000,1.36880000,0.24024866,0.30771373
634.40000000,5.12287000,1.37712000,0.24032494,0.30781171
634.60000000,5.12275000,1.37203000,0.24040130,0.30790932
634.80000000,5.12250000,1.36796000,0.24047742,0.30800665
635.00000000,5.12250000,1.36796000,0.24055341,0.30810398
635.20000000,5.12287000,1.36940000,0.24062945,0.30820142
635.40000000,5.12287000,1.36476000,0.24070540,0.30829849
635.60000000,5.12137000,1.33238000,0.24078032,0.30839329
635.80000000,5.12275000,1.37132000,0.24085542,0.30849086
636.00000000,5.12275000,1.37132000,0.24093161,0.30858840
636.20000000,5.12162000,1.37094000,0.24100778,0.30868593
636.40000000,5.12212000,1.35619000,0.24108354,0.30878243
636.60000000,5.12287000,1.36201000,0.24115904,0.30887934
636.80000000,5.12287000,1.36201000,0.24123471,0.30897623
637.00000000,5.12212000,1.37056000,0.24131061,0.30907375
637.20000000,5.12300000,1.37625000,0.24138691,0.30917167
637.40000000,5.12275000,1.36761000,0.24146313,0.30926898
637.60000000,5.12312000,1.36608000,0.24153907,0.30936618
637.80000000,5.12312000,1.36608000,0.24161496,0.30946337
638.00000000,5.12237000,1.36153000,0.24169073,0.30956023
638.20000000,5.12225000,1.36614000,0.24176650,0.30965744
638.40000000,5.12287000,1.38067000,0.24184280,0.30975567
638.60000000,5.12287000,1.38067000,0.24191950,0.30985390
638.80000000,5.12237000,1.37174000,0.24199596,0.30995150
639.00000000,5.12287000,1.35766000,0.24207177,0.31004811
639.20000000,5.12350000,1.38054000,0.24214783,0.31014634
639.40000000,5.12325000,1.37673000,0.24222442,0.31024431
639.60000000,5.12325000,1.37673000,0.24230091,0.31034226
639.80000000,5.12250000,1.36793000,0.24237715,0.31043958
640.00000000,5.12250000,1.36636000,0.24245310,0.31053679
640.20000000,5.12237000,1.33801000,0.24252822,0.31063198
640.40000000,5.12237000,1.33801000,0.24260256,0.31072718
640.60000000,5.12275000,1.36451000,0.24267763,0.31082426
640.80000000,5.12262000,1.36844000,0.24275354,0.31092162
641.00000000,5.12250000,1.34672000,0.24282896,0.31101744
641.20000000,5.12287000,1.36636000,0.24290433,0.31111465
641.40000000,5.12287000,1.36636000,0.24298024,0.31121186
641.60000000,5.12212000,1.35987000,0.24305597,0.31130861
641.80000000,5.12287000,1.37801000,0.24313202,0.31140667
642.00000000,5.12325000,1.36428000,0.24320819,0.31150375
642.20000000,5.12325000,1.36428000,0.24328399,0.31160082
642.40000000,5.12287000,1.36924000,0.24335992,0.31169824
642.60000000,5.12287000,1.37504000,0.24343615,0.31179607
642.80000000,5.12287000,1.37193000,0.24351245,0.31189369
643.00000000,5.12212000,1.37011000,0.24358862,0.31199116
643.20000000,5.12212000,1.37011000,0.24366474,0.31208864
643.40000000,5.12287000,1.36790000,0.24374079,0.31218596
643.60000000,5.12250000,1.37414000,0.24381696,0.31228373
643.80000000,5.12325000,1.36752000,0.24389312,0.31238103
644.00000000,5.12325000,1.36752000,0.24396909,0.31247834
644.20000000,5.12337000,1.36822000,0.24404508,0.31257569
644.40000000,5.12237000,1.38342000,0.24412152,0.31267411
644.60000000,5.12275000,1.35222000,0.24419751,0.31277032
644.80000000,5.12275000,1.31033000,0.24427147,0.31286355
645.00000000,5.12275000,1.31033000,0.24434426,0.31295677
645.20000000,5.12225000,1.34137000,0.24441792,0.31305220
645.40000000,5.12225000,1.34787000,0.24449262,0.31314808
645.60000000,5.12150000,1.36086000,0.24456787,0.31324488
645.80000000,5.12150000,1.36086000,0.24464347,0.31334170
646.00000000,5.12250000,1.35990000,0.24471905,0.31343846
646.20000000,5.12287000,1.36902000,0.24479485,0.31353585
646.40000000,5.12237000,1.36515000,0.24487080,0.31363298
646.60000000,5.12237000,1.36515000,0.24494664,0.31373011
646.80000000,5.12275000,1.38403000,0.24502301,0.31382859
647.00000000,5.12312000,1.38412000,0.24509990,0.31392707
647.20000000,5.12300000,1.35824000,0.24517608,0.31402371
647.40000000,5.12262000,1.37056000,0.24525188,0.31412122
647.60000000,5.12262000,1.37056000,0.24532802,0.31421874
647.80000000,5.12312000,1.36380000,0.24540397,0.31431577
648.00000000,5.12262000,1.36745000,0.24547984,0.31441305
648.20000000,5.12225000,1.37286000,0.24555596,0.31451072
648.40000000,5.12225000,1.37286000,0.24563223,0.31460840
648.60000000,5.12275000,1.37081000,0.24570844,0.31470594
648.80000000,5.12300000,1.36912000,0.24578455,0.31480334
649.00000000,5.12237000,1.36166000,0.24586041,0.31490023
649.20000000,5.12312000,1.37091000,0.24593631,0.31499778
649.40000000,5.12312000,1.37091000,0.24601247,0.31509532
649.60000000,5.12312000,1.36598000,0.24608850,0.31519250
649.80000000,5.12237000,1.28761000,0.24616221,0.31528411
650.00000000,5.12237000,1.31734000,0.24623457,0.31537784
650.20000000,5.12312000,1.37756000,0.24630943,0.31547586
650.40000000,5.12312000,1.37756000,0.24638596,0.31557388
650.60000000,5.12275000,1.35984000,0.24646200,0.31567063
650.80000000,5.12262000,1.36688000,0.24653774,0.31576787
651.00000000,5.12225000,1.37267000,0.24661384,0.31586552
651.20000000,5.12225000,1.37267000,0.24669010,0.31596319
651.40000000,5.12275000,1.33676000,0.24676536,0.31605828
651.60000000,5.12200000,1.36380000,0.24684037,0.31615533
651.80000000,5.12325000,1.38035000,0.24691660,0.31625354
652.00000000,5.12300000,1.36953000,0.24699299,0.31635099
652.20000000,5.12300000,1.36953000,0.24706907,0.31644844
652.40000000,5.12325000,1.36620000,0.24714506,0.31654564
652.60000000,5.12262000,1.37104000,0.24722110,0.31664321
652.80000000,5.12362000,1.36352000,0.24729706,0.31674024
653.00000000,5.12362000,1.36352000,0.24737281,0.31683725
653.20000000,5.12287000,1.37276000,0.24744882,0.31693493
653.40000000,5.12300000,1.37884000,0.24752525,0.31703302
653.60000000,5.12225000,1.37545000,0.24760176,0.31713087
653.80000000,5.12225000,1.37353000,0.24767812,0.31722859
654.00000000,5.12225000,1.37353000,0.24775443,0.31732631
654.20000000,5.12262000,1.36163000,0.24783040,0.31742319
654.40000000,5.12287000,1.37760000,0.24790649,0.31752120
654.60000000,5.12237000,1.32947000,0.24798169,0.31761579
654.80000000,5.12237000,1.32947000,0.24805555,0.31771038
655.00000000,5.12275000,1.36409000,0.24813037,0.31780744
655.20000000,5.12300000,1.36937000,0.24820630,0.31790489
655.40000000,5.12387000,1.36576000,0.24828228,0.31800208
655.60000000,5.12387000,1.37513000,0.24835841,0.31809994
655.80000000,5.12387000,1.37513000,0.24843481,0.31819777
656.00000000,5.12237000,1.37161000,0.24851111,0.31829537
656.20000000,5.12300000,1.36048000,0.24858700,0.31839217
656.40000000,5.12350000,1.36851000,0.24866280,0.31848955
656.60000000,5.12350000,1.36851000,0.24873883,0.31858692
656.80000000,5.12287000,1.37049000,0.24881491,0.31868443
657.00000000,5.12262000,1.37180000,0.24889109,0.31878205
657.20000000,5.12362000,1.36201000,0.24896703,0.31887897
657.40000000,5.12362000,1.36201000,0.24904270,0.31897589
657.60000000,5.12350000,1.36448000,0.24911843,0.31907297
657.80000000,5.12275000,1.37318000,0.24919448,0.31917068
658.00000000,5.12312000,1.35846000,0.24927036,0.31926734
658.20000000,5.12312000,1.35846000,0.24934583,0.31936400
658.40000000,5.12275000,1.37344000,0.24942171,0.31946171
658.60000000,5.12237000,1.36537000,0.24949779,0.31955886
658.80000000,5.12337000,1.36588000,0.24957366,0.31965605
659.00000000,5.12287000,1.36080000,0.24964940,0.31975287
659.20000000,5.12287000,1.36080000,0.24972500,0.31984969
659.40000000,5.12250000,1.36032000,0.24980059,0.31994648
659.60000000,5.12312000,1.36035000,0.24987616,0.32004328
659.80000000,5.12325000,1.35968000,0.24995172,0.32014003
660.00000000,5.12237000,1.35993000,0.25002726,0.32023678
660.20000000,5.12237000,1.35993000,0.25010281,0.32033353
660.40000000,5.12237000,1.36768000,0.25017858,0.32043083
660.60000000,5.12262000,1.36022000,0.25025435,0.32052761
660.80000000,5.12237000,1.36025000,0.25032992,0.32062438
661.00000000,5.12237000,1.36025000,0.25040549,0.32072116
661.20000000,5.12275000,1.37561000,0.25048149,0.32081902
661.40000000,5.12212000,1.36486000,0.25055761,0.32091613
661.60000000,5.12287000,1.36140000,0.25063334,0.32101300
661.80000000,5.12275000,1.37574000,0.25070937,0.32111088
662.00000000,5.12275000,1.37574000,0.25078580,0.32120876
662.20000000,5.12250000,1.35971000,0.25086179,0.32130549
662.40000000,5.12225000,1.36985000,0.25093761,0.32140295
662.60000000,5.12262000,1.36636000,0.25101362,0.32150016
662.80000000,5.12262000,1.36636000,0.25108952,0.32159738
663.00000000,5.12262000,1.37824000,0.25116576,0.32169542
663.20000000,5.12187000,1.36739000,0.25124203,0.32179269
663.40000000,5.12187000,1.35699000,0.25131771,0.32188924
663.60000000,5.12262000,1.37926000,0.25139372,0.32198737
663.80000000,5.12262000,1.37926000,0.25147034,0.32208550
664.00000000,5.12237000,1.34156000,0.25154592,0.32218093
664.20000000,5.12200000,1.36467000,0.25162109,0.32227802
664.40000000,5.12225000,1.37862000,0.25169729,0.32237610
664.60000000,5.12225000,1.37862000,0.25177388,0.32247417
664.80000000,5.12212000,1.36710000,0.25185015,0.32257143
665.00000000,5.12212000,1.36992000,0.25192618,0.32266889
665.20000000,5.12237000,1.36710000,0.25200221,0.32276614
665.40000000,5.12175000,1.34259000,0.25207748,0.32286165
665.60000000,5.12175000,1.34259000,0.25215207,0.32295716
665.80000000,5.12225000,1.36438000,0.25222726,0.32305421
666.00000000,5.12125000,1.48054000,0.25230629,0.32315956
666.20000000,5.12325000,1.39328000,0.25238612,0.32325870
666.40000000,5.12325000,1.39328000,0.25246352,0.32335781
666.60000000,5.12187000,1.40265000,0.25254119,0.32345762
666.80000000,5.12312000,1.40211000,0.25261910,0.32355737
667.00000000,5.12262000,1.37248000,0.25269617,0.32365502
667.20000000,5.12250000,1.36963000,0.25277234,0.32375247
667.40000000,5.12250000,1.36963000,0.25284843,0.32384992
667.60000000,5.12312000,1.37481000,0.25292466,0.32394773
667.80000000,5.12250000,1.37110000,0.25300094,0.32404527
668.00000000,5.12200000,1.36924000,0.25307706,0.32414268
668.20000000,5.12200000,1.36924000,0.25315313,0.32424008
668.40000000,5.12187000,1.31651000,0.25322773,0.32433373
668.60000000,5.12162000,1.29465000,0.25330026,0.32442583
668.80000000,5.12200000,1.36403000,0.25337412,0.32452287
669.00000000,5.12200000,1.36403000,0.25344990,0.32461989
669.20000000,5.12150000,1.37040000,0.25352585,0.32471737
669.40000000,5.12162000,1.37766000,0.25360219,0.32481539
669.60000000,5.12237000,1.37116000,0.25367854,0.32491294
669.80000000,5.12225000,1.37737000,0.25375489,0.32501092
670.00000000,5.12225000,1.37737000,0.25383141,0.32510890
670.20000000,5.12137000,1.35625000,0.25390735,0.32520538
670.40000000,5.12200000,1.37891000,0.25398332,0.32530349
670.60000000,5.12312000,1.36883000,0.25405965,0.32540089
670.80000000,5.12312000,1.36883000,0.25413569,0.32549828
671.00000000,5.12262000,1.36803000,0.25421172,0.32559560
671.20000000,5.12175000,1.33584000,0.25428683,0.32569065
671.40000000,5.12300000,1.37091000,0.25436201,0.32578819
671.60000000,5.12287000,1.37212000,0.25443821,0.32588582
671.80000000,5.12287000,1.37212000,0.25451444,0.32598343
672.00000000,5.12237000,1.37731000,0.25459081,0.32608143
672.20000000,5.12300000,1.35811000,0.25466679,0.32617805
672.40000000,5.12225000,1.37052000,0.25474259,0.32627555
672.60000000,5.12225000,1.37052000,0.25481873,0.32637306
672.80000000,5.12250000,1.35916000,0.25489455,0.32646977
673.00000000,5.12300000,1.35766000,0.25497002,0.32656634
673.20000000,5.12137000,1.31792000,0.25504434,0.32666008
673.40000000,5.12100000,1.35305000,0.25511854,0.32675631
673.60000000,5.12100000,1.35305000,0.25519371,0.32685257
673.80000000,5.12200000,1.37168000,0.25526939,0.32695014
674.00000000,5.12162000,1.36150000,0.25534531,0.32704700
674.20000000,5.12212000,1.36880000,0.25542116,0.32714437
674.40000000,5.12212000,1.36880000,0.25549720,0.32724174
674.60000000,5.12175000,1.37267000,0.25557335,0.32733940
674.80000000,5.12250000,1.37731000,0.25564974,0.32743739
675.00000000,5.12237000,1.36332000,0.25572587,0.32753437
675.20000000,5.12187000,1.36681000,0.25580171,0.32763160
675.40000000,5.12187000,1.36681000,0.25587764,0.32772885
675.60000000,5.12287000,1.37065000,0.25595368,0.32782637
675.80000000,5.12225000,1.37196000,0.25602986,0.32792397
676.00000000,5.12225000,1.36656000,0.25610593,0.32802119
676.20000000,5.12225000,1.36656000,0.25618185,0.32811842
676.40000000,5.12262000,1.37680000,0.25625806,0.32821637
676.60000000,5.12225000,1.35670000,0.25633399,0.32831289
676.80000000,5.12225000,1.36364000,0.25640955,0.32840990
677.00000000,5.12225000,1.36364000,0.25648531,0.32850692
677.20000000,5.12250000,1.36192000,0.25656102,0.32860383
677.40000000,5.12362000,1.35481000,0.25663649,0.32870019
677.60000000,5.12112000,1.34592000,0.25671151,0.32879593
677.80000000,5.12275000,1.34806000,0.25678634,0.32889184
678.00000000,5.12275000,1.34806000,0.25686123,0.32898772
678.20000000,5.12125000,1.34992000,0.25693618,0.32908376
678.40000000,5.12200000,1.37267000,0.25701180,0.32918141
678.60000000,5.12237000,1.38384000,0.25708837,0.32927987
678.80000000,5.12237000,1.38384000,0.25716525,0.32937831
679.00000000,5.12200000,1.35596000,0.25724136,0.32947476
679.20000000,5.12150000,1.35574000,0.25731668,0.32957121
679.40000000,5.12187000,1.37993000,0.25739267,0.32966937
679.60000000,5.12187000,1.37993000,0.25746934,0.32976754
679.80000000,5.12225000,1.36905000,0.25754570,0.32986493
680.00000000,5.12200000,1.36825000,0.25762173,0.32996226
680.20000000,5.12162000,1.37289000,0.25769788,0.33005994
680.40000000,5.12237000,1.36281000,0.25777387,0.33015689
680.60000000,5.12237000,1.36281000,0.25784958,0.33025384
680.80000000,5.12200000,1.37536000,0.25792564,0.33035170
681.00000000,5.12275000,1.36483000,0.25800176,0.33044879
681.20000000,5.12225000,1.37683000,0.25807791,0.33054674
681.40000000,5.12225000,1.37683000,0.25815440,0.33064471
681.60000000,5.12287000,1.37280000,0.25823078,0.33074237
681.80000000,5.12212000,1.35414000,0.25830653,0.33083871
682.00000000,5.12250000,1.37401000,0.25838231,0.33093646
682.20000000,5.12237000,1.36665000,0.25845844,0.33103369
682.40000000,5.12237000,1.36665000,0.25853437,0.33113092
682.60000000,5.12225000,1.34057000,0.25860957,0.33122629
682.80000000,5.12200000,1.35846000,0.25868454,0.33132292
683.00000000,5.12187000,1.34985000,0.25875977,0.33141895
683.20000000,5.12200000,1.35724000,0.25883497,0.33151550
683.40000000,5.12200000,1.35724000,0.25891037,0.33161207
683.60000000,5.12300000,1.36857000,0.25898609,0.33170944
683.80000000,5.12237000,1.36294000,0.25906196,0.33180640
684.00000000,5.12200000,1.36972000,0.25913787,0.33190384
684.20000000,5.12200000,1.36972000,0.25921397,0.33200128
684.40000000,5.12212000,1.37353000,0.25929017,0.33209899
684.60000000,5.12212000,1.36883000,0.25936634,0.33219636
684.80000000,5.12125000,1.36640000,0.25944232,0.33229357
685.00000000,5.12250000,1.36649000,0.25951824,0.33239079
685.20000000,5.12250000,1.36649000,0.25959415,0.33248801
685.40000000,5.12250000,1.38502000,0.25967058,0.33258655
685.60000000,5.12262000,1.36473000,0.25974697,0.33268363
685.80000000,5.12175000,1.36204000,0.25982271,0.33278052
686.00000000,5.12175000,1.36204000,0.25989838,0.33287741
686.20000000,5.12175000,1.35734000,0.25997392,0.33297397
686.40000000,5.12187000,1.36147000,0.26004944,0.33307082
686.60000000,5.12187000,1.36176000,0.26012508,0.33316769
686.80000000,5.12162000,1.38259000,0.26020132,0.33326603
687.00000000,5.12162000,1.38259000,0.26027813,0.33336439
687.20000000,5.12187000,1.34947000,0.26035402,0.33346038
687.40000000,5.12137000,1.30115000,0.26042765,0.33355293
687.60000000,5.12162000,1.35542000,0.26050144,0.33364935
687.80000000,5.12162000,1.35542000,0.26057674,0.33374578
688.00000000,5.12262000,1.36886000,0.26065241,0.33384315
688.20000000,5.12125000,1.36758000,0.26072843,0.33394043
688.40000000,5.12175000,1.34908000,0.26080389,0.33403639
688.60000000,5.12150000,1.35683000,0.26087905,0.33413291
688.80000000,5.12150000,1.35683000,0.26095443,0.33422943
689.00000000,5.12212000,1.37286000,0.26103026,0.33432709
689.20000000,5.12150000,1.36201000,0.26110623,0.33442398
689.40000000,5.12200000,1.38704000,0.26118259,0.33452265
689.60000000,5.12162000,1.34220000,0.26125840,0.33461813
689.80000000,5.12162000,1.34220000,0.26133297,0.33471360
690.00000000,5.12175000,1.36467000,0.26140816,0.33481067
690.20000000,5.12137000,1.36793000,0.26148406,0.33490799
690.40000000,5.12212000,1.38745000,0.26156060,0.33500669
690.60000000,5.12212000,1.38745000,0.26163768,0.33510540
690.80000000,5.12237000,1.37824000,0.26171451,0.33520346
691.00000000,5.12262000,1.37036000,0.26179086,0.33530094
691.20000000,5.12175000,1.37689000,0.26186717,0.33539889
691.40000000,5.12137000,1.35145000,0.26194296,0.33549502
691.60000000,5.12137000,1.35145000,0.26201804,0.33559115
691.80000000,5.12175000,1.35283000,0.26209316,0.33568739
692.00000000,5.12212000,1.32608000,0.26216757,0.33578173
692.20000000,5.12200000,1.35334000,0.26224200,0.33587801
692.40000000,5.12200000,1.35334000,0.26231719,0.33597429
692.60000000,5.12225000,1.36384000,0.26239266,0.33607132
692.80000000,5.12250000,1.36624000,0.26246850,0.33616851
693.00000000,5.12225000,1.35366000,0.26254405,0.33626482
693.20000000,5.12225000,1.35366000,0.26261925,0.33636112
693.40000000,5.12212000,1.37388000,0.26269502,0.33645887
693.60000000,5.12275000,1.38435000,0.26277164,0.33655735
693.80000000,5.12200000,1.37353000,0.26284824,0.33665506
694.00000000,5.12175000,1.38105000,0.26292476,0.33675330
694.20000000,5.12175000,1.38105000,0.26300149,0.33685155
694.40000000,5.12237000,1.37075000,0.26307792,0.33694908
694.60000000,5.12237000,1.36342000,0.26315387,0.33704608
694.80000000,5.12275000,1.36070000,0.26322954,0.33714289
695.00000000,5.12275000,1.36070000,0.26330514,0.33723970
695.20000000,5.12237000,1.36198000,0.26338077,0.33733660
695.40000000,5.12237000,1.36886000,0.26345662,0.33743399
695.60000000,5.12262000,1.37168000,0.26353275,0.33753158
695.80000000,5.12262000,1.37168000,0.26360896,0.33762917
696.00000000,5.12262000,1.35843000,0.26368479,0.33772581
696.20000000,5.12212000,1.36464000,0.26376043,0.33782291
696.40000000,5.12312000,1.35888000,0.26383609,0.33791960
696.60000000,5.12300000,1.33900000,0.26391103,0.33801487
696.80000000,5.12300000,1.33900000,0.26398542,0.33811012
697.00000000,5.12150000,1.30630000,0.26405890,0.33820305
697.20000000,5.12225000,1.34553000,0.26413256,0.33829877
697.40000000,5.12187000,1.36476000,0.26420784,0.33839585
697.60000000,5.12237000,1.35881000,0.26428350,0.33849253
697.80000000,5.12237000,1.35881000,0.26435899,0.33858919
698.00000000,5.12187000,1.36780000,0.26443473,0.33868650
698.20000000,5.12275000,1.36076000,0.26451052,0.33878331
698.40000000,5.12225000,1.35372000,0.26458592,0.33887962
698.60000000,5.12225000,1.35372000,0.26466113,0.33897593
698.80000000,5.12262000,1.37424000,0.26473691,0.33907370
699.00000000,5.12237000,1.36860000,0.26481310,0.33917106
699.20000000,5.12162000,1.37801000,0.26488939,0.33926911
699.40000000,5.12337000,1.38656000,0.26496618,0.33936778
699.60000000,5.12337000,1.38656000,0.26504322,0.33946642
699.80000000,5.12212000,1.36227000,0.26511957,0.33956334
700.00000000,5.12287000,1.36611000,0.26519536,0.33966054
700.20000000,5.12262000,1.37747000,0.26527157,0.33975854
700.40000000,5.12262000,1.37747000,0.26534810,0.33985655
700.60000000,5.12262000,1.36105000,0.26542417,0.33995338
700.80000000,5.12250000,1.37024000,0.26550004,0.34005084
701.00000000,5.12137000,1.32976000,0.26557504,0.34014545
701.20000000,5.12237000,1.36400000,0.26564986,0.34024249
701.40000000,5.12237000,1.36400000,0.26572564,0.34033953
701.60000000,5.12212000,1.34790000,0.26580097,0.34043541
701.80000000,5.12187000,1.35868000,0.26587615,0.34053208
702.00000000,5.12250000,1.37561000,0.26595211,0.34062994
702.20000000,5.12250000,1.37561000,0.26602853,0.34072782
702.40000000,5.12287000,1.36592000,0.26610468,0.34082498
702.60000000,5.12162000,1.36931000,0.26618066,0.34092241
702.80000000,5.12287000,1.37984000,0.26625703,0.34102059
703.00000000,5.12262000,1.36617000,0.26633331,0.34111779
703.20000000,5.12262000,1.36617000,0.26640920,0.34121498
703.40000000,5.12200000,1.36553000,0.26648508,0.34131212
703.60000000,5.12212000,1.36851000,0.26656103,0.34140948
703.80000000,5.12262000,1.36604000,0.26663699,0.34150667
704.00000000,5.12262000,1.36604000,0.26671288,0.34160385
704.20000000,5.12212000,1.37782000,0.26678910,0.34170189
704.40000000,5.12312000,1.37561000,0.26686558,0.34179975
704.60000000,5.12237000,1.36700000,0.26694177,0.34189701
704.80000000,5.12237000,1.36700000,0.26701771,0.34199427
705.00000000,5.12312000,1.35299000,0.26709327,0.34209054
705.20000000,5.12262000,1.37100000,0.26716893,0.34218807
705.40000000,5.12200000,1.37574000,0.26724523,0.34228594
705.60000000,5.12200000,1.37574000,0.26732166,0.34238381
705.80000000,5.12250000,1.36771000,0.26739787,0.34248112
706.00000000,5.12250000,1.37468000,0.26747405,0.34257893
706.20000000,5.12262000,1.35020000,0.26754974,0.34267498
706.40000000,5.12187000,1.31353000,0.26762373,0.34276842
706.60000000,5.12187000,1.31353000,0.26769670,0.34286187
706.80000000,5.12275000,1.36614000,0.26777114,0.34295905
707.00000000,5.12175000,1.35004000,0.26784659,0.34305512
707.20000000,5.12312000,1.36521000,0.26792201,0.34315226
707.40000000,5.12312000,1.36521000,0.26799786,0.34324939
707.60000000,5.12275000,1.37705000,0.26807403,0.34334737
707.80000000,5.12275000,1.36873000,0.26815030,0.34344475
708.00000000,5.12275000,1.37974000,0.26822665,0.34354292
708.20000000,5.12262000,1.37177000,0.26830308,0.34364051
708.40000000,5.12262000,1.37177000,0.26837929,0.34373812
708.60000000,5.12287000,1.35456000,0.26845502,0.34383449
708.80000000,5.12262000,1.36608000,0.26853059,0.34393169
709.00000000,5.12287000,1.37043000,0.26860661,0.34402918
709.20000000,5.12187000,1.37283000,0.26868281,0.34412683
709.40000000,5.12187000,1.37283000,0.26875908,0.34422451
709.60000000,5.12287000,1.35670000,0.26883490,0.34432103
709.80000000,5.12212000,1.36460000,0.26891049,0.34441810
710.00000000,5.12175000,1.37116000,0.26898648,0.34451564
710.20000000,5.12175000,1.37116000,0.26906266,0.34461318
710.40000000,5.12212000,1.35875000,0.26913849,0.34470986
710.60000000,5.12262000,1.37065000,0.26921431,0.34480736
710.80000000,5.12187000,1.37897000,0.26929068,0.34490546
711.00000000,5.12187000,1.29772000,0.26936504,0.34499777
711.20000000,5.12187000,1.29772000,0.26943713,0.34509007
711.40000000,5.12087000,1.28348000,0.26950883,0.34518137
711.60000000,5.12187000,1.33664000,0.26958161,0.34527646
711.80000000,5.12212000,1.38032000,0.26965708,0.34537466
712.00000000,5.12212000,1.38032000,0.26973377,0.34547284
712.20000000,5.12125000,1.35273000,0.26980969,0.34556906
712.40000000,5.12137000,1.34179000,0.26988453,0.34566451
712.60000000,5.12175000,1.35145000,0.26995935,0.34576065
712.80000000,5.12212000,1.36275000,0.27003474,0.34585760
713.00000000,5.12212000,1.36275000,0.27011045,0.34595455
713.20000000,5.12262000,1.37718000,0.27018656,0.34605253
713.40000000,5.12237000,1.37366000,0.27026297,0.34615026
713.60000000,5.12262000,1.33638000,0.27033825,0.34624534
713.80000000,5.12262000,1.33638000,0.27041249,0.34634042
714.00000000,5.12262000,1.37539000,0.27048782,0.34643828
714.20000000,5.12275000,1.36963000,0.27056407,0.34653572
714.40000000,5.12212000,1.38067000,0.27064047,0.34663394
714.60000000,5.12212000,1.37468000,0.27071701,0.34673174
714.80000000,5.12212000,1.37468000,0.27079338,0.34682955
715.00000000,5.12312000,1.36867000,0.27086958,0.34692692
715.20000000,5.12200000,1.36188000,0.27094543,0.34702381
715.40000000,5.12237000,1.37177000,0.27102136,0.34712140
715.60000000,5.12237000,1.37177000,0.27109757,0.34721899
715.80000000,5.12237000,1.36444000,0.27117358,0.34731607
716.00000000,5.12275000,1.36825000,0.27124949,0.34741341
716.20000000,5.12200000,1.31596000,0.27132405,0.34750702
716.40000000,5.12187000,1.30329000,0.27139681,0.34759973
716.60000000,5.12187000,1.30329000,0.27146921,0.34769245
716.80000000,5.12212000,1.36864000,0.27154343,0.34778981
717.00000000,5.12200000,1.37100000,0.27161953,0.34788734
717.20000000,5.12200000,1.37603000,0.27169584,0.34798523
717.40000000,5.12200000,1.37603000,0.27177228,0.34808311
717.60000000,5.12150000,1.35923000,0.27184826,0.34817980
717.80000000,5.12150000,1.36985000,0.27192407,0.34827725
718.00000000,5.12187000,1.37958000,0.27200044,0.34837538
718.20000000,5.12187000,1.37958000,0.27207709,0.34847352
718.40000000,5.12187000,1.36163000,0.27215323,0.34857040
718.60000000,5.12237000,1.37491000,0.27222925,0.34866821
718.80000000,5.12212000,1.37196000,0.27230555,0.34876580
719.00000000,5.12137000,1.37577000,0.27238188,0.34886365
719.20000000,5.12137000,1.37577000,0.27245831,0.34896153
719.40000000,5.12250000,1.34512000,0.27253389,0.34905724
719.60000000,5.12262000,1.35702000,0.27260895,0.34915381
719.80000000,5.12375000,1.49545000,0.27268818,0.34926023
720.00000000,5.12375000,1.49545000,0.27277126,0.34936660
720.20000000,5.12162000,1.37260000,0.27285093,0.34946425
720.40000000,5.12212000,1.37100000,0.27292714,0.34956179
720.60000000,5.12237000,1.36195000,0.27300306,0.34965869
720.80000000,5.12262000,1.37628000,0.27307912,0.34975661
721.00000000,5.12262000,1.37628000,0.27315558,0.34985452
721.20000000,5.12225000,1.34140000,0.27323107,0.34994994
721.40000000,5.12175000,1.37580000,0.27330655,0.35004781
721.60000000,5.12200000,1.36486000,0.27338268,0.35014491
721.80000000,5.12200000,1.36486000,0.27345850,0.35024201
722.00000000,5.12212000,1.35920000,0.27353417,0.35033870
722.20000000,5.12225000,1.36300000,0.27360979,0.35043565
722.40000000,5.12137000,1.37971000,0.27368597,0.35053380
722.60000000,5.12200000,1.37075000,0.27376238,0.35063132
722.80000000,5.12200000,1.37075000,0.27383853,0.35072884
723.00000000,5.12225000,1.36070000,0.27391440,0.35082566
723.20000000,5.12325000,1.37158000,0.27399030,0.35092324
723.40000000,5.12262000,1.36521000,0.27406632,0.35102037
723.60000000,5.12262000,1.36521000,0.27414217,0.35111752
723.80000000,5.12325000,1.36768000,0.27421808,0.35121482
724.00000000,5.12225000,1.33411000,0.27429313,0.35130973
724.20000000,5.12237000,1.37427000,0.27436836,0.35140751
724.40000000,5.12287000,1.37350000,0.27444469,0.35150524
724.60000000,5.12287000,1.37350000,0.27452099,0.35160296
724.80000000,5.12287000,1.37270000,0.27459728,0.35170063
725.00000000,5.12287000,1.37107000,0.27467349,0.35179817
725.20000000,5.12200000,1.36102000,0.27474939,0.35189499
725.40000000,5.12275000,1.38169000,0.27482557,0.35199330
725.60000000,5.12275000,1.38169000,0.27490233,0.35209159
725.80000000,5.12237000,1.32752000,0.27497759,0.35218605
726.00000000,5.12287000,1.36588000,0.27505240,0.35228324
726.20000000,5.12325000,1.37276000,0.27512848,0.35238092
726.40000000,5.12325000,1.37276000,0.27520474,0.35247859
726.60000000,5.12275000,1.36854000,0.27528089,0.35257596
726.80000000,5.12275000,1.37945000,0.27535722,0.35267411
727.00000000,5.12262000,1.36950000,0.27543358,0.35277154
727.20000000,5.12262000,1.36902000,0.27550965,0.35286895
727.40000000,5.12262000,1.36902000,0.27558571,0.35296637
727.60000000,5.12362000,1.36800000,0.27566174,0.35306371
727.80000000,5.12312000,1.36275000,0.27573759,0.35316066
728.00000000,5.12250000,1.36777000,0.27581344,0.35325797
728.20000000,5.12250000,1.36777000,0.27588943,0.35335530
728.40000000,5.12337000,1.36659000,0.27596538,0.35345253
728.60000000,5.12250000,1.36979000,0.27604139,0.35354999
728.80000000,5.12287000,1.38022000,0.27611778,0.35364819
729.00000000,5.12287000,1.38022000,0.27619446,0.35374640
729.20000000,5.12312000,1.36918000,0.27627083,0.35384381
729.40000000,5.12225000,1.38604000,0.27634737,0.35394242
729.60000000,5.12275000,1.36032000,0.27642365,0.35403921
729.80000000,5.12300000,1.36505000,0.27649936,0.35413634
730.00000000,5.12300000,1.36505000,0.27657519,0.35423346
730.20000000,5.12262000,1.32185000,0.27664983,0.35432750
730.40000000,5.12250000,1.31232000,0.27672300,0.35442087
730.60000000,5.12250000,1.30640000,0.27679574,0.35451381
730.80000000,5.12250000,1.30640000,0.27686832,0.35460674
731.00000000,5.12187000,1.29091000,0.27694047,0.35469858
731.20000000,5.12212000,1.33673000,0.27701346,0.35479369
731.40000000,5.12312000,1.36400000,0.27708848,0.35489075
731.60000000,5.12262000,1.37270000,0.27716450,0.35498841
731.80000000,5.12262000,1.37270000,0.27724076,0.35508609
732.00000000,5.12300000,1.38067000,0.27731724,0.35518431
732.20000000,5.12250000,1.36553000,0.27739353,0.35528147
732.40000000,5.12287000,1.37251000,0.27746958,0.35537913
732.60000000,5.12287000,1.37251000,0.27754583,0.35547679
732.80000000,5.12300000,1.36521000,0.27762188,0.35557392
733.00000000,5.12262000,1.36473000,0.27769771,0.35567102
733.20000000,5.12300000,1.36419000,0.27777352,0.35576809
733.40000000,5.12300000,1.37043000,0.27784948,0.35586560
733.60000000,5.12300000,1.37043000,0.27792561,0.35596310
733.80000000,5.12250000,1.36547000,0.27800161,0.35606025
734.00000000,5.12287000,1.36044000,0.27807733,0.35615704
734.20000000,5.12212000,1.38265000,0.27815353,0.35625540
734.40000000,5.12212000,1.38265000,0.27823034,0.35635378
734.60000000,5.12337000,1.36665000,0.27830671,0.35645103
734.80000000,5.12350000,1.37315000,0.27838282,0.35654873
735.00000000,5.12275000,1.37094000,0.27845904,0.35664628
735.20000000,5.12300000,1.36281000,0.27853498,0.35674325
735.40000000,5.12300000,1.36281000,0.27861069,0.35684022
735.60000000,5.12325000,1.37609000,0.27868677,0.35693812
735.80000000,5.12237000,1.29833000,0.27876106,0.35703048
736.00000000,5.12187000,1.31516000,0.27883366,0.35712404
736.20000000,5.12187000,1.31516000,0.27890672,0.35721762
736.40000000,5.12325000,1.36438000,0.27898115,0.35731470
736.60000000,5.12300000,1.36345000,0.27905693,0.35741172
736.80000000,5.12375000,1.38211000,0.27913319,0.35751008
737.00000000,5.12375000,1.36659000,0.27920954,0.35760733
737.20000000,5.12375000,1.36659000,0.27928547,0.35770457
737.40000000,5.12300000,1.36732000,0.27936141,0.35780186
737.60000000,5.12312000,1.37737000,0.27943765,0.35789988
737.80000000,5.12375000,1.38531000,0.27951439,0.35799846
738.00000000,5.12375000,1.38531000,0.27959135,0.35809702
738.20000000,5.12275000,1.37001000,0.27966789,0.35819450
738.40000000,5.12275000,1.36761000,0.27974393,0.35829181
738.60000000,5.12325000,1.36793000,0.27981992,0.35838914
738.80000000,5.12300000,1.36246000,0.27989576,0.35848609
739.00000000,5.12300000,1.36246000,0.27997146,0.35858303
739.20000000,5.12287000,1.33420000,0.28004636,0.35867795
739.40000000,5.12237000,1.38416000,0.28012187,0.35877643
739.60000000,5.12275000,1.37552000,0.28019853,0.35887430
739.80000000,5.12275000,1.37552000,0.28027495,0.35897215
740.00000000,5.12212000,1.37196000,0.28035127,0.35906976
740.20000000,5.12262000,1.37497000,0.28042757,0.35916758
740.40000000,5.12212000,1.36883000,0.28050379,0.35926496
740.60000000,5.12187000,1.34310000,0.28057912,0.35936050
740.80000000,5.12187000,1.34310000,0.28065374,0.35945606
741.00000000,5.12250000,1.35820000,0.28072877,0.35955270
741.20000000,5.12300000,1.37331000,0.28080465,0.35965038
741.40000000,5.12162000,1.36182000,0.28088062,0.35974725
741.60000000,5.12162000,1.34432000,0.28095579,0.35984288
741.80000000,5.12162000,1.34432000,0.28103048,0.35993852
742.00000000,5.12250000,1.36073000,0.28110562,0.36003532
742.20000000,5.12162000,1.37904000,0.28118172,0.36013344
742.40000000,5.12287000,1.37014000,0.28125809,0.36023092
742.60000000,5.12287000,1.37014000,0.28133421,0.36032839
742.80000000,5.12187000,1.36908000,0.28141030,0.36042580
743.00000000,5.12287000,1.35094000,0.28148585,0.36052193
743.20000000,5.12312000,1.36992000,0.28156143,0.36061940
743.40000000,5.12312000,1.36992000,0.28163754,0.36071688
743.60000000,5.12287000,1.36137000,0.28171341,0.36081373
743.80000000,5.12237000,1.36870000,0.28178925,0.36091111
744.00000000,5.12287000,1.37372000,0.28186542,0.36100886
744.20000000,5.12287000,1.38009000,0.28194192,0.36110705
744.40000000,5.12287000,1.38009000,0.28201859,0.36120524
744.60000000,5.12250000,1.36835000,0.28209494,0.36130259
744.80000000,5.12250000,1.36505000,0.28217086,0.36139970
745.00000000,5.12225000,1.36819000,0.28224679,0.36149704
745.20000000,5.12225000,1.36819000,0.28232280,0.36159436
745.40000000,5.12162000,1.32563000,0.28239763,0.36168869
745.60000000,5.12300000,1.37001000,0.28247250,0.36178616
745.80000000,5.12250000,1.36092000,0.28254836,0.36188298
746.00000000,5.12237000,1.37075000,0.28262424,0.36198050
746.20000000,5.12237000,1.37075000,0.28270040,0.36207802
746.40000000,5.12225000,1.36787000,0.28277647,0.36217533
746.60000000,5.12212000,1.37318000,0.28285261,0.36227303
746.80000000,5.12275000,1.39241000,0.28292943,0.36237210
747.00000000,5.12275000,1.39241000,0.28300679,0.36247117
747.20000000,5.12262000,1.37036000,0.28308353,0.36256866
747.40000000,5.12250000,1.36550000,0.28315953,0.36266580
747.60000000,5.12212000,1.36614000,0.28323541,0.36276299
747.80000000,5.12212000,1.36614000,0.28331130,0.36286018
748.00000000,5.12237000,1.34483000,0.28338661,0.36295586
748.20000000,5.12225000,1.36611000,0.28346191,0.36305306
748.40000000,5.12300000,1.37200000,0.28353797,0.36315067
748.60000000,5.12237000,1.36646000,0.28361404,0.36324789
748.80000000,5.12237000,1.36646000,0.28368995,0.36334509
749.00000000,5.12150000,1.36288000,0.28376577,0.36344205
749.20000000,5.12262000,1.37808000,0.28384191,0.36354011
749.40000000,5.12312000,1.38681000,0.28391871,0.36363879
749.60000000,5.12350000,1.36886000,0.28399525,0.36373620
749.80000000,5.12350000,1.36886000,0.28407130,0.36383358
750.00000000,5.12212000,1.32720000,0.28414619,0.36392801
750.20000000,5.12287000,1.34873000,0.28422052,0.36402396
750.40000000,5.12200000,1.36659000,0.28429595,0.36412118
750.60000000,5.12200000,1.36659000,0.28437187,0.36421841
750.80000000,5.12287000,1.36467000,0.28444774,0.36431550
751.00000000,5.12225000,1.35955000,0.28452341,0.36441222
751.20000000,5.12237000,1.36412000,0.28459907,0.36450928
751.40000000,5.12275000,1.36966000,0.28467501,0.36460673
751.60000000,5.12275000,1.36966000,0.28475110,0.36470420
751.80000000,5.12375000,1.37929000,0.28482746,0.36480234
752.00000000,5.12300000,1.37168000,0.28490388,0.36489993
752.20000000,5.12237000,1.35603000,0.28497965,0.36499640
752.40000000,5.12237000,1.35603000,0.28505498,0.36509286
752.60000000,5.12187000,1.35513000,0.28513029,0.36518927
752.80000000,5.12237000,1.36729000,0.28520591,0.36528655
753.00000000,5.12250000,1.36934000,0.28528193,0.36538397
753.20000000,5.12250000,1.36489000,0.28535788,0.36548108
753.40000000,5.12250000,1.36489000,0.28543371,0.36557819
753.60000000,5.12262000,1.37280000,0.28550976,0.36567584
753.80000000,5.12162000,1.35449000,0.28558551,0.36577221
754.00000000,5.12300000,1.36355000,0.28566102,0.36586924
754.20000000,5.12300000,1.38220000,0.28573729,0.36596758
754.40000000,5.12300000,1.38220000,0.28581407,0.36606592
754.60000000,5.12237000,1.29657000,0.28588849,0.36615815
754.80000000,5.12200000,1.36265000,0.28596235,0.36625511
755.00000000,5.12300000,1.34867000,0.28603767,0.36635107
755.20000000,5.12300000,1.34867000,0.28611259,0.36644703
755.40000000,5.12300000,1.36441000,0.28618796,0.36654411
755.60000000,5.12262000,1.36576000,0.28626379,0.36664129
755.80000000,5.12300000,1.36854000,0.28633975,0.36673866
756.00000000,5.12300000,1.36355000,0.28641564,0.36683568
756.20000000,5.12300000,1.36355000,0.28649139,0.36693271
756.40000000,5.12325000,1.35222000,0.28656683,0.36702891
756.60000000,5.12250000,1.36147000,0.28664221,0.36712580
756.80000000,5.12375000,1.37936000,0.28671834,0.36722396
757.00000000,5.12375000,1.37936000,0.28679497,0.36732209
757.20000000,5.12250000,1.36560000,0.28687122,0.36741925
757.40000000,5.12225000,1.36444000,0.28694706,0.36751632
757.60000000,5.12225000,1.37206000,0.28702307,0.36761392
757.80000000,5.12187000,1.35737000,0.28709889,0.36771048
758.00000000,5.12187000,1.35737000,0.28717430,0.36780703
758.20000000,5.12125000,1.36416000,0.28724990,0.36790409
758.40000000,5.12300000,1.34803000,0.28732524,0.36800000
758.60000000,5.12275000,1.36502000,0.28740060,0.36809712
758.80000000,5.12275000,1.36502000,0.28747643,0.36819424
759.00000000,5.12275000,1.35958000,0.28755212,0.36829097
759.20000000,5.12262000,1.33817000,0.28762705,0.36838619
759.40000000,5.12300000,1.38156000,0.28770260,0.36848448
759.60000000,5.12262000,1.37276000,0.28777911,0.36858215
759.80000000,5.12262000,1.37276000,0.28785537,0.36867981
760.00000000,5.12200000,1.34134000,0.28793077,0.36877523
760.20000000,5.12225000,1.36857000,0.28800604,0.36887261
760.40000000,5.12275000,1.37168000,0.28808216,0.36897020
760.60000000,5.12275000,1.37168000,0.28815836,0.36906779
760.80000000,5.12262000,1.37571000,0.28823468,0.36916567
761.00000000,5.12250000,1.37344000,0.28831105,0.36926338
761.20000000,5.12225000,1.36310000,0.28838706,0.36936035
761.40000000,5.12225000,1.36310000,0.28846279,0.36945732
761.60000000,5.12175000,1.37721000,0.28853891,0.36955529
761.80000000,5.12187000,1.38774000,0.28861571,0.36965403
762.00000000,5.12287000,1.40368000,0.28869325,0.36975390
762.20000000,5.12287000,1.40368000,0.28877123,0.36985377
762.40000000,5.12262000,1.40256000,0.28884919,0.36995355
762.60000000,5.12250000,1.36889000,0.28892617,0.37005093
762.80000000,5.12200000,1.36064000,0.28900199,0.37014774
763.00000000,5.12275000,1.37638000,0.28907802,0.37024567
763.20000000,5.12275000,1.37638000,0.28915448,0.37034358
763.40000000,5.12150000,1.36720000,0.28923069,0.37044084
763.60000000,5.12187000,1.36073000,0.28930647,0.37053764
763.80000000,5.12225000,1.34454000,0.28938162,0.37063330
764.00000000,5.12250000,1.36192000,0.28945680,0.37073019
764.20000000,5.12250000,1.36192000,0.28953246,0.37082708
764.40000000,5.12225000,1.38371000,0.28960873,0.37092552
764.60000000,5.12212000,1.36662000,0.28968512,0.37102275
764.80000000,5.12225000,1.37772000,0.28976136,0.37112076
765.00000000,5.12225000,1.37772000,0.28983790,0.37121878
765.20000000,5.12225000,1.38214000,0.28991456,0.37131712
765.40000000,5.12287000,1.37776000,0.28999122,0.37141514
765.60000000,5.12287000,1.37622000,0.29006772,0.37151305
765.80000000,5.12237000,1.37120000,0.29014404,0.37161061
766.00000000,5.12237000,1.37120000,0.29022022,0.37170816
766.20000000,5.12212000,1.36144000,0.29029612,0.37180501
766.40000000,5.12225000,1.36464000,0.29037185,0.37190210
766.60000000,5.12275000,1.36716000,0.29044773,0.37199938
766.80000000,5.12275000,1.36716000,0.29052368,0.37209664
767.00000000,5.12250000,1.38204000,0.29060005,0.37219497
767.20000000,5.12250000,1.37136000,0.29067653,0.37229254
767.40000000,5.12287000,1.37273000,0.29075276,0.37239021
767.60000000,5.12250000,1.39062000,0.29082952,0.37248915
767.80000000,5.12250000,1.39062000,0.29090678,0.37258809
768.00000000,5.12275000,1.37945000,0.29098372,0.37268623
768.20000000,5.12250000,1.36809000,0.29106004,0.37278357
768.40000000,5.12300000,1.35523000,0.29113569,0.37288000
768.60000000,5.12300000,1.35523000,0.29121098,0.37297643
768.80000000,5.12300000,1.35644000,0.29128631,0.37307295
769.00000000,5.12350000,1.37065000,0.29136206,0.37317049
769.20000000,5.12337000,1.38144000,0.29143850,0.37326878
769.40000000,5.12287000,1.36924000,0.29151491,0.37336620
769.60000000,5.12287000,1.36924000,0.29159098,0.37346363
769.80000000,5.12312000,1.36659000,0.29166698,0.37356086
770.00000000,5.12275000,1.36614000,0.29174289,0.37365804
770.20000000,5.12187000,1.36915000,0.29181887,0.37375544
770.40000000,5.12187000,1.36915000,0.29189493,0.37385285
770.60000000,5.12262000,1.37017000,0.29197102,0.37395033
770.80000000,5.12225000,1.36121000,0.29204689,0.37404717
771.00000000,5.12250000,1.36963000,0.29212275,0.37414463
771.20000000,5.12300000,1.37619000,0.29219902,0.37424255
771.40000000,5.12300000,1.37619000,0.29227548,0.37434047
771.60000000,5.12300000,1.36684000,0.29235167,0.37443772
771.80000000,5.12312000,1.38272000,0.29242805,0.37453611
772.00000000,5.12300000,1.37542000,0.29250467,0.37463397
772.20000000,5.12275000,1.36480000,0.29258078,0.37473108
772.40000000,5.12275000,1.36480000,0.29265660,0.37482819
772.60000000,5.12300000,1.36694000,0.29273249,0.37492544
772.80000000,5.12262000,1.36028000,0.29280824,0.37502222
773.00000000,5.12225000,1.29612000,0.29288203,0.37511443
773.20000000,5.12225000,1.29612000,0.29295404,0.37520664
773.40000000,5.12212000,1.31452000,0.29302656,0.37530017
773.60000000,5.12300000,1.36947000,0.29310111,0.37539760
773.80000000,5.12262000,1.36681000,0.29317712,0.37549485
774.00000000,5.12262000,1.36681000,0.29325305,0.37559210
774.20000000,5.12312000,1.49740000,0.29333261,0.37569865
774.40000000,5.12325000,1.37324000,0.29341235,0.37579635
774.60000000,5.12237000,1.35052000,0.29348801,0.37589243
774.80000000,5.12237000,1.35052000,0.29356304,0.37598852
775.00000000,5.12275000,1.37494000,0.29363875,0.37608635
775.20000000,5.12325000,1.37734000,0.29371520,0.37618438
775.40000000,5.12450000,1.35302000,0.29379105,0.37628062
775.60000000,5.12100000,1.35372000,0.29386623,0.37637690
775.80000000,5.12100000,1.35372000,0.29394144,0.37647322
776.00000000,5.12287000,1.36297000,0.29401690,0.37657019
776.20000000,5.12262000,1.36204000,0.29409260,0.37666710
776.40000000,5.12287000,1.36723000,0.29416841,0.37676438
776.60000000,5.12287000,1.36723000,0.29424437,0.37686167
776.80000000,5.12337000,1.38883000,0.29432093,0.37696050
777.00000000,5.12337000,1.37353000,0.29439766,0.37705824
777.20000000,5.12362000,1.37520000,0.29447401,0.37715607
777.40000000,5.12225000,1.36732000,0.29455019,0.37725335
777.60000000,5.12225000,1.36732000,0.29462615,0.37735063
777.80000000,5.12262000,1.36416000,0.29470203,0.37744769
778.00000000,5.12287000,1.33766000,0.29477708,0.37754286
778.20000000,5.12250000,1.36131000,0.29485205,0.37763971
778.40000000,5.12250000,1.36131000,0.29492768,0.37773657
778.60000000,5.12262000,1.36880000,0.29500352,0.37783396
778.80000000,5.12300000,1.37132000,0.29507963,0.37793152
779.00000000,5.12237000,1.36828000,0.29515573,0.37802888
779.20000000,5.12325000,1.37465000,0.29523192,0.37812670
779.40000000,5.12325000,1.37465000,0.29530829,0.37822449
779.60000000,5.12225000,1.36534000,0.29538440,0.37832165
779.80000000,5.12325000,1.37558000,0.29546054,0.37841952
780.00000000,5.12262000,1.33360000,0.29553579,0.37851440
780.20000000,5.12175000,1.36876000,0.29561086,0.37861176
780.40000000,5.12175000,1.36876000,0.29568690,0.37870915
780.60000000,5.12275000,1.37078000,0.29576300,0.37880667
780.80000000,5.12212000,1.35638000,0.29583876,0.37890318
781.00000000,5.12287000,1.36454000,0.29591434,0.37900027
781.20000000,5.12287000,1.36454000,0.29599014,0.37909735
781.40000000,5.12287000,1.37459000,0.29606623,0.37919515
781.60000000,5.12275000,1.36595000,0.29614236,0.37929234
781.80000000,5.12275000,1.37312000,0.29621844,0.37939005
782.00000000,5.12325000,1.37472000,0.29629477,0.37948787
782.20000000,5.12325000,1.37472000,0.29637114,0.37958567
782.40000000,5.12225000,1.35824000,0.29644706,0.37968231
782.60000000,5.12275000,1.31139000,0.29652122,0.37977562
782.80000000,5.12312000,1.36540000,0.29659557,0.37987277
783.00000000,5.12312000,1.36540000,0.29667143,0.37996994
783.20000000,5.12375000,1.36707000,0.29674733,0.38006721
783.40000000,5.12287000,1.36336000,0.29682317,0.38016420
783.60000000,5.12225000,1.36611000,0.29689899,0.38026139
783.80000000,5.12300000,1.37737000,0.29697520,0.38035939
784.00000000,5.12300000,1.37737000,0.29705172,0.38045738
784.20000000,5.12237000,1.36710000,0.29712796,0.38055466
784.40000000,5.12312000,1.38009000,0.29720427,0.38065285
784.60000000,5.12300000,1.35702000,0.29728030,0.38074941
784.80000000,5.12300000,1.35702000,0.29735569,0.38084597
785.00000000,5.12300000,1.37225000,0.29743150,0.38094360
785.20000000,5.12262000,1.37094000,0.29750770,0.38104114
785.40000000,5.12275000,1.37059000,0.29758386,0.38113866
785.60000000,5.12275000,1.37059000,0.29766000,0.38123617
785.80000000,5.12250000,1.36828000,0.29773608,0.38133352
786.00000000,5.12275000,1.37270000,0.29781222,0.38143118
786.20000000,5.12250000,1.34931000,0.29788783,0.38152718
786.40000000,5.12175000,1.36204000,0.29796314,0.38162407
786.60000000,5.12175000,1.36204000,0.29803881,0.38172100
786.80000000,5.12387000,1.37440000,0.29811482,0.38181878
787.00000000,5.12250000,1.37097000,0.29819109,0.38191633
787.20000000,5.12287000,1.32668000,0.29826602,0.38201072
787.40000000,5.12287000,1.32668000,0.29833972,0.38210512
787.60000000,5.12300000,1.35916000,0.29841433,0.38220182
787.80000000,5.12287000,1.36828000,0.29849009,0.38229919
788.00000000,5.12325000,1.37088000,0.29856618,0.38239673
788.20000000,5.12300000,1.37443000,0.29864244,0.38249453
788.40000000,5.12300000,1.37443000,0.29871880,0.38259233
788.60000000,5.12350000,1.35811000,0.29879470,0.38268897
788.80000000,5.12337000,1.36012000,0.29887021,0.38278576
789.00000000,5.12362000,1.37513000,0.29894619,0.38288362
789.20000000,5.12362000,1.37513000,0.29902258,0.38298146
789.40000000,5.12325000,1.39014000,0.29909940,0.38308037
789.60000000,5.12287000,1.36566000,0.29917595,0.38317754
789.80000000,5.12275000,1.38176000,0.29925226,0.38327585
790.00000000,5.12325000,1.36803000,0.29932865,0.38337320
790.20000000,5.12325000,1.36803000,0.29940465,0.38347053
790.40000000,5.12250000,1.37180000,0.29948075,0.38356812
790.60000000,5.12237000,1.37094000,0.29955694,0.38366566
790.80000000,5.12250000,1.36291000,0.29963288,0.38376262
791.00000000,5.12250000,1.36291000,0.29970860,0.38385958
791.20000000,5.12225000,1.36320000,0.29978432,0.38395657
791.40000000,5.12237000,1.36972000,0.29986024,0.38405401
791.60000000,5.12200000,1.35574000,0.29993595,0.38415046
791.80000000,5.12212000,1.31302000,0.30001008,0.38424386
792.00000000,5.12212000,1.31302000,0.30008302,0.38433727
792.20000000,5.12212000,1.29504000,0.30015547,0.38442941
792.40000000,5.12225000,1.33299000,0.30022847,0.38452424
792.60000000,5.12237000,1.37728000,0.30030376,0.38462223
792.80000000,5.12237000,1.37728000,0.30038027,0.38472021
793.00000000,5.12225000,1.36265000,0.30045638,0.38481715
793.20000000,5.12237000,1.37331000,0.30053238,0.38491485
793.40000000,5.12225000,1.35942000,0.30060829,0.38501157
793.60000000,5.12237000,1.37744000,0.30068431,0.38510956
793.80000000,5.12237000,1.37744000,0.30076084,0.38520758
794.00000000,5.12337000,1.35036000,0.30083661,0.38530366
794.20000000,5.12300000,1.38566000,0.30091261,0.38540224
794.40000000,5.12237000,1.36483000,0.30098901,0.38549934
794.60000000,5.12237000,1.36483000,0.30106484,0.38559647
794.80000000,5.12362000,1.36409000,0.30114064,0.38569351
795.00000000,5.12212000,1.38428000,0.30121698,0.38579200
795.20000000,5.12300000,1.37296000,0.30129357,0.38588969
795.40000000,5.12275000,1.36880000,0.30136973,0.38598708
795.60000000,5.12275000,1.36880000,0.30144578,0.38608446
795.80000000,5.12225000,1.36502000,0.30152172,0.38618159
796.00000000,5.12325000,1.36153000,0.30159745,0.38627845
796.20000000,5.12237000,1.36422000,0.30167317,0.38637551
796.40000000,5.12325000,1.38544000,0.30174955,0.38647409
796.60000000,5.12325000,1.38544000,0.30182652,0.38657268
796.80000000,5.12350000,1.36934000,0.30190304,0.38667010
797.00000000,5.12262000,1.34288000,0.30197838,0.38676566
797.20000000,5.12325000,1.36425000,0.30205358,0.38686273
797.40000000,5.12325000,1.36425000,0.30212937,0.38695981
797.60000000,5.12325000,1.36838000,0.30220527,0.38705717
797.80000000,5.12312000,1.36022000,0.30228107,0.38715396
798.00000000,5.12312000,1.36435000,0.30235675,0.38725104
798.20000000,5.12312000,1.36435000,0.30243255,0.38734811
798.40000000,5.12287000,1.37139000,0.30250854,0.38744570
798.60000000,5.12337000,1.36889000,0.30258466,0.38754310
798.80000000,5.12287000,1.36272000,0.30266054,0.38764006
799.00000000,5.12287000,1.36272000,0.30273625,0.38773701
799.20000000,5.12275000,1.36934000,0.30281214,0.38783444
799.40000000,5.12287000,1.37795000,0.30288845,0.38793249
799.60000000,5.12300000,1.36630000,0.30296468,0.38802970
799.80000000,5.12300000,1.38185000,0.30304102,0.38812803
800.00000000,5.12300000,1.38185000,0.30311779,0.38822634
800.20000000,5.12275000,1.35862000,0.30319391,0.38832301
800.40000000,5.12262000,1.35126000,0.30326918,0.38841915
800.60000000,5.12300000,1.35798000,0.30334444,0.38851578
800.80000000,5.12300000,1.35798000,0.30341988,0.38861240
801.00000000,5.12287000,1.35424000,0.30349522,0.38870874
801.20000000,5.12225000,1.34236000,0.30357013,0.38880425
801.40000000,5.12262000,1.33574000,0.30364452,0.38889927
801.60000000,5.12187000,1.31465000,0.30371814,0.38899279
801.80000000,5.12187000,1.31465000,0.30379118,0.38908633
802.00000000,5.12312000,1.35193000,0.30386525,0.38918252
802.20000000,5.12300000,1.34668000,0.30394021,0.38927834
802.40000000,5.12300000,1.34115000,0.30401487,0.38937377
802.60000000,5.12300000,1.34115000,0.30408938,0.38946919
802.80000000,5.12275000,1.34710000,0.30416406,0.38956503
803.00000000,5.12237000,1.34752000,0.30423891,0.38966092
803.20000000,5.12337000,1.37424000,0.30431451,0.38975870
803.40000000,5.12325000,1.36035000,0.30439047,0.38985550
803.60000000,5.12325000,1.36035000,0.30446605,0.38995229
803.80000000,5.12262000,1.37436000,0.30454201,0.39005008
804.00000000,5.12300000,1.39350000,0.30461890,0.39014922
804.20000000,5.12275000,1.37577000,0.30469582,0.39024711
804.40000000,5.12275000,1.37577000,0.30477225,0.39034500
804.60000000,5.12300000,1.35193000,0.30484802,0.39044118
804.80000000,5.12250000,1.35369000,0.30492318,0.39053750
805.00000000,5.12300000,1.37184000,0.30499889,0.39063511
805.20000000,5.12287000,1.35932000,0.30507475,0.39073183
805.40000000,5.12287000,1.35932000,0.30515027,0.39082854
805.60000000,5.12287000,1.36627000,0.30522598,0.39092576
805.80000000,5.12337000,1.35990000,0.30530171,0.39102253
806.00000000,5.12325000,1.36915000,0.30537751,0.39111995
806.20000000,5.12325000,1.36915000,0.30545358,0.39121735
806.40000000,5.12187000,1.33200000,0.30552861,0.39131213
806.60000000,5.12312000,1.36611000,0.30560356,0.39140933
806.80000000,5.12287000,1.38246000,0.30567991,0.39150768
807.00000000,5.12212000,1.35577000,0.30575597,0.39160413
807.20000000,5.12212000,1.35577000,0.30583129,0.39170059
807.40000000,5.12287000,1.36633000,0.30590690,0.39179779
807.60000000,5.12212000,1.35913000,0.30598261,0.39189448
807.80000000,5.12200000,1.36016000,0.30605815,0.39199124
808.00000000,5.12200000,1.36016000,0.30613371,0.39208802
808.20000000,5.12287000,1.37100000,0.30620958,0.39218555
808.40000000,5.12225000,1.37324000,0.30628581,0.39228325
808.60000000,5.12262000,1.37856000,0.30636224,0.39238134
808.80000000,5.12275000,1.35910000,0.30643829,0.39247804
809.00000000,5.12275000,1.35910000,0.30651380,0.39257473
809.20000000,5.12237000,1.36921000,0.30658958,0.39267215
809.40000000,5.12287000,1.37251000,0.30666574,0.39276980
809.60000000,5.12212000,1.36048000,0.30674166,0.39286659
809.80000000,5.12212000,1.36048000,0.30681724,0.39296339
810.00000000,5.12287000,1.36732000,0.30689301,0.39306067
810.20000000,5.12250000,1.36099000,0.30696880,0.39315750
810.40000000,5.12275000,1.36704000,0.30704458,0.39325476
810.60000000,5.12275000,1.36704000,0.30712052,0.39335203
810.80000000,5.12262000,1.34656000,0.30719590,0.39344782
811.00000000,5.12212000,1.33555000,0.30727040,0.39354285
811.20000000,5.12300000,1.36560000,0.30734544,0.39364001
811.40000000,5.12287000,1.36588000,0.30742131,0.39373720
811.60000000,5.12287000,1.36588000,0.30749719,0.39383438
811.80000000,5.12312000,1.38896000,0.30757372,0.39393321
812.00000000,5.12300000,1.37404000,0.30765047,0.39403098
812.20000000,5.12325000,1.36652000,0.30772659,0.39412822
812.40000000,5.12325000,1.36652000,0.30780251,0.39422544
812.60000000,5.12225000,1.35001000,0.30787797,0.39432147
812.80000000,5.12187000,1.37068000,0.30795354,0.39441899
813.00000000,5.12237000,1.36576000,0.30802956,0.39451617
813.20000000,5.12300000,1.36678000,0.30810546,0.39461342
813.40000000,5.12300000,1.36678000,0.30818139,0.39471066
813.60000000,5.12275000,1.37324000,0.30825750,0.39480837
813.80000000,5.12300000,1.37033000,0.30833372,0.39490587
814.00000000,5.12275000,1.37132000,0.30840987,0.39500344
814.20000000,5.12275000,1.37132000,0.30848606,0.39510101
814.40000000,5.12262000,1.37587000,0.30856237,0.39519891
814.60000000,5.12350000,1.37952000,0.30863891,0.39529706
814.80000000,5.12275000,1.36825000,0.30871523,0.39539441
815.00000000,5.12262000,1.37123000,0.30879133,0.39549197
815.20000000,5.12262000,1.37123000,0.30886751,0.39558954
815.40000000,5.12325000,1.35353000,0.30894320,0.39568586
815.60000000,5.12350000,1.29772000,0.30901684,0.39577819
815.80000000,5.12250000,1.35171000,0.30909044,0.39587436
816.00000000,5.12250000,1.35171000,0.30916553,0.39597054
816.20000000,5.12350000,1.37795000,0.30924136,0.39606859
816.40000000,5.12325000,1.37955000,0.30931795,0.39616677
816.60000000,5.12375000,1.38268000,0.30939468,0.39626515
816.80000000,5.12337000,1.36976000,0.30947114,0.39636262
817.00000000,5.12337000,1.36976000,0.30954724,0.39646010
817.20000000,5.12400000,1.37587000,0.30962350,0.39655800
817.40000000,5.12312000,1.36492000,0.30969964,0.39665512
817.60000000,5.12300000,1.36684000,0.30977552,0.39675237
817.80000000,5.12262000,1.37804000,0.30985177,0.39685041
818.00000000,5.12262000,1.37804000,0.30992832,0.39694847
818.20000000,5.12325000,1.34864000,0.31000407,0.39704442
818.40000000,5.12250000,1.37491000,0.31007972,0.39714224
818.60000000,5.12250000,1.37520000,0.31015611,0.39724008
818.80000000,5.12250000,1.37520000,0.31023251,0.39733792
819.00000000,5.12275000,1.36998000,0.31030877,0.39743541
819.20000000,5.12325000,1.37907000,0.31038513,0.39753354
819.40000000,5.12325000,1.36707000,0.31046141,0.39763081
819.60000000,5.12312000,1.37145000,0.31053748,0.39772839
819.80000000,5.12312000,1.37145000,0.31061367,0.39782598
820.00000000,5.12300000,1.36646000,0.31068973,0.39792321
820.20000000,5.12325000,1.34899000,0.31076515,0.39801918
820.40000000,5.12225000,1.35337000,0.31084022,0.39811546
820.60000000,5.12225000,1.35337000,0.31091541,0.39821174
820.80000000,5.12237000,1.34380000,0.31099033,0.39830734
821.00000000,5.12200000,1.37337000,0.31106581,0.39840505
821.20000000,5.12262000,1.37203000,0.31114207,0.39850267
821.40000000,5.12250000,1.36937000,0.31121822,0.39860009
821.60000000,5.12250000,1.36937000,0.31129429,0.39869751
821.80000000,5.12237000,1.38524000,0.31137081,0.39879607
822.00000000,5.12262000,1.36124000,0.31144710,0.39889292
822.20000000,5.12262000,1.37075000,0.31152299,0.39899044
822.40000000,5.12262000,1.37075000,0.31159914,0.39908797
822.60000000,5.12287000,1.37190000,0.31167533,0.39918560
822.80000000,5.12337000,1.36566000,0.31175137,0.39928276
823.00000000,5.12262000,1.37395000,0.31182747,0.39938051
823.20000000,5.12312000,1.35961000,0.31190340,0.39947726
823.40000000,5.12312000,1.35961000,0.31197894,0.39957399
823.60000000,5.12250000,1.34652000,0.31205411,0.39966978
823.80000000,5.12250000,1.35683000,0.31212920,0.39976632
824.00000000,5.12262000,1.36742000,0.31220487,0.39986361
824.20000000,5.12262000,1.36742000,0.31228084,0.39996090
824.40000000,5.12262000,1.37027000,0.31235689,0.40005840
824.60000000,5.12337000,1.38128000,0.31243332,0.40015669
824.80000000,5.12325000,1.35878000,0.31250943,0.40025338
825.00000000,5.12312000,1.37824000,0.31258546,0.40035144
825.20000000,5.12312000,1.37824000,0.31266203,0.40044951
825.40000000,5.12312000,1.36643000,0.31273827,0.40054674
825.60000000,5.12300000,1.37264000,0.31281436,0.40064440
825.80000000,5.12300000,1.35436000,0.31289011,0.40074077
826.00000000,5.12300000,1.35436000,0.31296535,0.40083715
826.20000000,5.12362000,1.37264000,0.31304110,0.40093483
826.40000000,5.12400000,1.37059000,0.31311730,0.40103237
826.60000000,5.12362000,1.36492000,0.31319329,0.40112950
826.80000000,5.12362000,1.36492000,0.31326911,0.40122665
827.00000000,5.12512000,1.35948000,0.31334479,0.40132339
827.20000000,5.12300000,1.36496000,0.31342047,0.40142051
827.40000000,5.12312000,1.34790000,0.31349583,0.40151641
827.60000000,5.12275000,1.34960000,0.31357076,0.40161243
827.80000000,5.12275000,1.34960000,0.31364574,0.40170847
828.00000000,5.12325000,1.37705000,0.31372148,0.40180645
828.20000000,5.12300000,1.36300000,0.31379759,0.40190343
828.40000000,5.12325000,1.35168000,0.31387300,0.40199961
828.60000000,5.12325000,1.35168000,0.31394809,0.40209580
828.80000000,5.12337000,1.36329000,0.31402351,0.40219278
829.00000000,5.12225000,1.36368000,0.31409926,0.40228982
829.20000000,5.12325000,1.37699000,0.31417539,0.40238782
829.40000000,5.12437000,1.44000000,0.31425364,0.40249031
829.60000000,5.12437000,1.44000000,0.31433364,0.40259277
829.80000000,5.12287000,1.36793000,0.31441163,0.40269012
830.00000000,5.12400000,1.37958000,0.31448795,0.40278827
830.20000000,5.12262000,1.35708000,0.31456397,0.40288482
830.40000000,5.12262000,1.35708000,0.31463936,0.40298138
830.60000000,5.12300000,1.36476000,0.31471497,0.40307849
830.80000000,5.12287000,1.36268000,0.31479073,0.40317544
831.00000000,5.12262000,1.36560000,0.31486652,0.40327261
831.20000000,5.12325000,1.35494000,0.31494209,0.40336902
831.40000000,5.12325000,1.35494000,0.31501736,0.40346543
831.60000000,5.12300000,1.36086000,0.31509280,0.40356226
831.80000000,5.12312000,1.36915000,0.31516864,0.40365969
832.00000000,5.12337000,1.36038000,0.31524446,0.40375649
832.20000000,5.12300000,1.36275000,0.31532010,0.40385345
832.40000000,5.12300000,1.36275000,0.31539581,0.40395042
832.60000000,5.12325000,1.36748000,0.31547165,0.40404773
832.80000000,5.12337000,1.36505000,0.31554755,0.40414487
833.00000000,5.12375000,1.36844000,0.31562348,0.40424225
833.20000000,5.12375000,1.36844000,0.31569951,0.40433963
833.40000000,5.12362000,1.36188000,0.31577535,0.40443654
833.60000000,5.12325000,1.35888000,0.31585092,0.40453323
833.80000000,5.12325000,1.36857000,0.31592669,0.40463060
834.00000000,5.12250000,1.32355000,0.31600147,0.40472476
834.20000000,5.12250000,1.32355000,0.31607500,0.40481894
834.40000000,5.12312000,1.37798000,0.31615004,0.40491698
834.60000000,5.12262000,1.36710000,0.31622629,0.40501426
834.80000000,5.12350000,1.35731000,0.31630197,0.40511085
835.00000000,5.12350000,1.35731000,0.31637738,0.40520742
835.20000000,5.12275000,1.35216000,0.31645264,0.40530363
835.40000000,5.12312000,1.36742000,0.31652818,0.40540095
835.60000000,5.12400000,1.37312000,0.31660431,0.40549865
835.80000000,5.12312000,1.35212000,0.31668001,0.40559486
836.00000000,5.12312000,1.35212000,0.31675513,0.40569108
836.20000000,5.12350000,1.37244000,0.31683081,0.40578873
836.40000000,5.12325000,1.36787000,0.31690693,0.40588608
836.60000000,5.12375000,1.37699000,0.31698318,0.40598407
836.80000000,5.12375000,1.37699000,0.31705968,0.40608205
837.00000000,5.12350000,1.36137000,0.31713574,0.40617892
837.20000000,5.12300000,1.36368000,0.31721144,0.40627595
837.40000000,5.12300000,1.35513000,0.31728696,0.40637237
837.60000000,5.12300000,1.36598000,0.31736255,0.40646956
837.80000000,5.12300000,1.36598000,0.31743844,0.40656676
838.00000000,5.12300000,1.37350000,0.31751453,0.40666448
838.20000000,5.12300000,1.36771000,0.31759068,0.40676181
838.40000000,5.12350000,1.36684000,0.31766664,0.40685907
838.60000000,5.12350000,1.36684000,0.31774257,0.40695632
838.80000000,5.12262000,1.31411000,0.31781704,0.40704983
839.00000000,5.12325000,1.36947000,0.31789159,0.40714727
839.20000000,5.12312000,1.37820000,0.31796791,0.40724534
839.40000000,5.12312000,1.37820000,0.31804448,0.40734340
839.60000000,5.12312000,1.36902000,0.31812079,0.40744080
839.80000000,5.12262000,1.36857000,0.31819683,0.40753819
840.00000000,5.12337000,1.36364000,0.31827273,0.40763522
840.20000000,5.12337000,1.36364000,0.31834849,0.40773227
840.40000000,5.12387000,1.36726000,0.31842434,0.40782956
840.60000000,5.12350000,1.37017000,0.31850038,0.40792707
840.80000000,5.12412000,1.36825000,0.31857645,0.40802443
841.00000000,5.12287000,1.37692000,0.31865271,0.40812239
841.20000000,5.12287000,1.37692000,0.31872920,0.40822037
841.40000000,5.12337000,1.37798000,0.31880573,0.40831842
841.60000000,5.12287000,1.36780000,0.31888200,0.40841573
841.80000000,5.12262000,1.37904000,0.31895830,0.40851385
842.00000000,5.12275000,1.37676000,0.31903485,0.40861181
842.20000000,5.12275000,1.37676000,0.31911134,0.40870977
842.40000000,5.12300000,1.33670000,0.31918671,0.40880488
842.60000000,5.12337000,1.36944000,0.31926188,0.40890233
842.80000000,5.12337000,1.35980000,0.31933769,0.40899909
843.00000000,5.12337000,1.35980000,0.31941324,0.40909585
843.20000000,5.12312000,1.37542000,0.31948922,0.40919371
843.40000000,5.12300000,1.35632000,0.31956510,0.40929023
843.60000000,5.12350000,1.36339000,0.31964064,0.40938724
843.80000000,5.12337000,1.35952000,0.31971628,0.40948398
844.00000000,5.12337000,1.35952000,0.31979181,0.40958072
844.20000000,5.12300000,1.36969000,0.31986762,0.40967818
844.40000000,5.12325000,1.36688000,0.31994364,0.40977545
844.60000000,5.12350000,1.40265000,0.32002057,0.40987526
844.80000000,5.12350000,1.40265000,0.32009849,0.40997508
845.00000000,5.12400000,1.40579000,0.32017651,0.41007510
845.20000000,5.12262000,1.36364000,0.32025343,0.41017213
845.40000000,5.12325000,1.36179000,0.32032914,0.41026903
845.60000000,5.12325000,1.35456000,0.32040459,0.41036542
845.80000000,5.12325000,1.35456000,0.32047985,0.41046181
846.00000000,5.12350000,1.37040000,0.32055554,0.41055933
846.20000000,5.12362000,1.36332000,0.32063148,0.41065632
846.40000000,5.12275000,1.36476000,0.32070726,0.41075343
846.60000000,5.12275000,1.36476000,0.32078308,0.41085053
846.80000000,5.12287000,1.34745000,0.32085842,0.41094640
847.00000000,5.12250000,1.36595000,0.32093379,0.41104358
847.20000000,5.12262000,1.36169000,0.32100956,0.41114047
847.40000000,5.12287000,1.38416000,0.32108583,0.41123895
847.60000000,5.12287000,1.38416000,0.32116273,0.41133744
847.80000000,5.12312000,1.36691000,0.32123915,0.41143471
848.00000000,5.12350000,1.31132000,0.32131354,0.41152803
848.20000000,5.12387000,1.38307000,0.32138839,0.41162645
848.40000000,5.12387000,1.38307000,0.32146522,0.41172487
848.60000000,5.12337000,1.36310000,0.32154151,0.41182188
848.80000000,5.12400000,1.36934000,0.32161741,0.41191931
849.00000000,5.12300000,1.36217000,0.32169328,0.41201624
849.20000000,5.12325000,1.37302000,0.32176926,0.41211394
849.40000000,5.12325000,1.37302000,0.32184554,0.41221163
849.60000000,5.12300000,1.36316000,0.32192154,0.41230862
849.80000000,5.12287000,1.37305000,0.32199755,0.41240630
850.00000000,5.12225000,1.36307000,0.32207355,0.41250327
850.20000000,5.12225000,1.36307000,0.32214928,0.41260028
850.40000000,5.12387000,1.37017000,0.32222520,0.41269777
850.60000000,5.12312000,1.36812000,0.32230127,0.41279512
850.80000000,5.12337000,1.35580000,0.32237693,0.41289160
851.00000000,5.12350000,1.35872000,0.32245233,0.41298828
851.20000000,5.12350000,1.35872000,0.32252782,0.41308497
851.40000000,5.12337000,1.37014000,0.32260362,0.41318247
851.60000000,5.12387000,1.36940000,0.32267972,0.41327993
851.80000000,5.12375000,1.38476000,0.32275622,0.41337847
852.00000000,5.12375000,1.38476000,0.32283315,0.41347701
852.20000000,5.12350000,1.37174000,0.32290972,0.41357462
852.40000000,5.12325000,1.37356000,0.32298598,0.41367236
852.60000000,5.12325000,1.31964000,0.32306079,0.41376626
852.80000000,5.12325000,1.31964000,0.32313411,0.41386016
853.00000000,5.12325000,1.28470000,0.32320645,0.41395155
853.20000000,5.12212000,1.32496000,0.32327894,0.41404583
853.40000000,5.12312000,1.32745000,0.32335262,0.41414029
853.60000000,5.12350000,1.36345000,0.32342737,0.41423731
853.80000000,5.12350000,1.36345000,0.32350311,0.41433432
854.00000000,5.12287000,1.37923000,0.32357930,0.41443248
854.20000000,5.12400000,1.38057000,0.32365596,0.41453071
854.40000000,5.12300000,1.36748000,0.32373229,0.41462801
854.60000000,5.12300000,1.36748000,0.32380826,0.41472532
854.80000000,5.12362000,1.36739000,0.32388423,0.41482262
855.00000000,5.12325000,1.35564000,0.32395987,0.41491909
855.20000000,5.12375000,1.37552000,0.32403574,0.41501697
855.40000000,5.12312000,1.36403000,0.32411184,0.41511402
855.60000000,5.12312000,1.36403000,0.32418762,0.41521107
855.80000000,5.12287000,1.36332000,0.32426338,0.41530809
856.00000000,5.12350000,1.37180000,0.32433935,0.41540570
856.20000000,5.12312000,1.37452000,0.32441564,0.41550350
856.40000000,5.12312000,1.37452000,0.32449200,0.41560131
856.60000000,5.12350000,1.35942000,0.32456794,0.41569803
856.80000000,5.12275000,1.32662000,0.32464256,0.41579243
857.00000000,5.12325000,1.37952000,0.32471773,0.41589060
857.20000000,5.12375000,1.35411000,0.32479366,0.41598696
857.40000000,5.12375000,1.35411000,0.32486889,0.41608332
857.60000000,5.12337000,1.42009000,0.32494595,0.41618436
857.80000000,5.12287000,1.30547000,0.32502166,0.41627724
858.00000000,5.12275000,1.29158000,0.32509380,0.41636914
858.20000000,5.12337000,1.29430000,0.32516563,0.41646124
858.40000000,5.12337000,1.29430000,0.32523754,0.41655333
858.60000000,5.12275000,1.33094000,0.32531046,0.41664803
858.80000000,5.12300000,1.36547000,0.32538536,0.41674519
859.00000000,5.12337000,1.34752000,0.32546072,0.41684108
859.20000000,5.12337000,1.34752000,0.32553558,0.41693695
859.40000000,5.12275000,1.37961000,0.32561134,0.41703512
859.60000000,5.12325000,1.36576000,0.32568760,0.41713230
859.80000000,5.12287000,1.36352000,0.32576341,0.41722932
860.00000000,5.12350000,1.36019000,0.32583907,0.41732611
860.20000000,5.12350000,1.36019000,0.32591463,0.41742291
860.40000000,5.12362000,1.36483000,0.32599033,0.41752004
860.60000000,5.12387000,1.36211000,0.32606608,0.41761698
860.80000000,5.12462000,1.37862000,0.32614221,0.41771511
861.00000000,5.12462000,1.37862000,0.32621880,0.41781322
861.20000000,5.12387000,1.37148000,0.32629519,0.41791080
861.40000000,5.12312000,1.36656000,0.32637125,0.41800804
861.60000000,5.12325000,1.37139000,0.32644730,0.41810563
861.80000000,5.12375000,1.37462000,0.32652358,0.41820345
862.00000000,5.12375000,1.37462000,0.32659995,0.41830126
862.20000000,5.12300000,1.36400000,0.32667602,0.41839830
862.40000000,5.12275000,1.35104000,0.32675144,0.41849444
862.60000000,5.12312000,1.37468000,0.32682715,0.41859225
862.80000000,5.12312000,1.37468000,0.32690352,0.41869009
863.00000000,5.12425000,1.37449000,0.32697989,0.41878789
863.20000000,5.12300000,1.33001000,0.32705501,0.41888253
863.40000000,5.12375000,1.34262000,0.32712925,0.41897808
863.60000000,5.12375000,1.34262000,0.32720384,0.41907362
863.80000000,5.12350000,1.36835000,0.32727915,0.41917100
864.00000000,5.12375000,1.37190000,0.32735527,0.41926861
864.20000000,5.12312000,1.37091000,0.32743146,0.41936616
864.40000000,5.12312000,1.37091000,0.32750762,0.41946370
864.60000000,5.12275000,1.35158000,0.32758324,0.41955988
864.80000000,5.12350000,1.36448000,0.32765869,0.41965696
865.00000000,5.12262000,1.36371000,0.32773447,0.41975400
865.20000000,5.12387000,1.37462000,0.32781054,0.41985183
865.40000000,5.12387000,1.37462000,0.32788690,0.41994964
865.60000000,5.12312000,1.35907000,0.32796284,0.42004634
865.80000000,5.12312000,1.35667000,0.32803828,0.42014289
866.00000000,5.12387000,1.37568000,0.32811418,0.42024079
866.20000000,5.12387000,1.37568000,0.32819060,0.42033868
866.40000000,5.12362000,1.36444000,0.32826672,0.42043578
866.60000000,5.12350000,1.37321000,0.32834276,0.42053350
866.80000000,5.12362000,1.37907000,0.32841922,0.42063163
867.00000000,5.12362000,1.36441000,0.32849542,0.42072873
867.20000000,5.12362000,1.36441000,0.32857122,0.42082582
867.40000000,5.12362000,1.36448000,0.32864703,0.42092291
867.60000000,5.12312000,1.36812000,0.32872293,0.42102025
867.80000000,5.12287000,1.29632000,0.32879694,0.42111249
868.00000000,5.12300000,1.36076000,0.32887075,0.42120931
868.20000000,5.12300000,1.36076000,0.32894635,0.42130614
868.40000000,5.12325000,1.35344000,0.32902174,0.42140244
868.60000000,5.12300000,1.36176000,0.32909717,0.42149936
868.80000000,5.12450000,1.35520000,0.32917264,0.42159581
869.00000000,5.12450000,1.35520000,0.32924793,0.42169222
869.20000000,5.12225000,1.34329000,0.32932288,0.42178781
869.40000000,5.12325000,1.37465000,0.32939838,0.42188562
869.60000000,5.12287000,1.37907000,0.32947487,0.42198374
869.80000000,5.12287000,1.36422000,0.32955108,0.42208080
870.00000000,5.12287000,1.36422000,0.32962687,0.42217787
870.20000000,5.12300000,1.36067000,0.32970256,0.42227468
870.40000000,5.12287000,1.36457000,0.32977826,0.42237178
870.60000000,5.12325000,1.36675000,0.32985413,0.42246903
870.80000000,5.12325000,1.36675000,0.32993006,0.42256629
871.00000000,5.12337000,1.36393000,0.33000591,0.42266334
871.20000000,5.12312000,1.37072000,0.33008187,0.42276088
871.40000000,5.12350000,1.37430000,0.33015813,0.42285868
871.60000000,5.12387000,1.37961000,0.33023462,0.42295686
871.80000000,5.12387000,1.37961000,0.33031127,0.42305503
872.00000000,5.12312000,1.37177000,0.33038770,0.42315264
872.20000000,5.12325000,1.34608000,0.33046319,0.42324842
872.40000000,5.12337000,1.34128000,0.33053784,0.42334386
872.60000000,5.12337000,1.34128000,0.33061236,0.42343930
872.80000000,5.12325000,1.37689000,0.33068786,0.42353728
873.00000000,5.12325000,1.35827000,0.33076384,0.42363394
873.20000000,5.12375000,1.37424000,0.33083974,0.42373172
873.40000000,5.12287000,1.39152000,0.33091657,0.42383072
873.60000000,5.12287000,1.39152000,0.33099387,0.42392975
873.80000000,5.12400000,1.36201000,0.33107036,0.42402666
874.00000000,5.12287000,1.36742000,0.33114618,0.42412396
874.20000000,5.12300000,1.37843000,0.33122245,0.42422204
874.40000000,5.12300000,1.37843000,0.33129903,0.42432012
874.60000000,5.12300000,1.36006000,0.33137510,0.42441689
874.80000000,5.12325000,1.36534000,0.33145081,0.42451405
875.00000000,5.12325000,1.36012000,0.33152651,0.42461083
875.20000000,5.12375000,1.37331000,0.33160244,0.42470856
875.40000000,5.12375000,1.37331000,0.33167874,0.42480628
875.60000000,5.12337000,1.36406000,0.33175477,0.42490335
875.80000000,5.12387000,1.36934000,0.33183070,0.42500080
876.00000000,5.12287000,1.37532000,0.33190694,0.42509865
876.20000000,5.12287000,1.37532000,0.33198335,0.42519652
876.40000000,5.12362000,1.36217000,0.33205939,0.42529344
876.60000000,5.12275000,1.36934000,0.33213527,0.42539089
876.80000000,5.12362000,1.38681000,0.33221183,0.42548957
877.00000000,5.12362000,1.38681000,0.33228887,0.42558825
877.20000000,5.12325000,1.35363000,0.33236499,0.42568457
877.40000000,5.12337000,1.37632000,0.33244083,0.42578251
877.60000000,5.12337000,1.36249000,0.33251690,0.42587946
877.80000000,5.12337000,1.36249000,0.33259260,0.42597641
878.00000000,5.12287000,1.36844000,0.33266846,0.42607378
878.20000000,5.12337000,1.36841000,0.33274448,0.42617115
878.40000000,5.12312000,1.36627000,0.33282044,0.42626835
878.60000000,5.12237000,1.36188000,0.33289623,0.42636524
878.80000000,5.12237000,1.36188000,0.33297189,0.42646214
879.00000000,5.12300000,1.36736000,0.33304770,0.42655943
879.20000000,5.12300000,1.37094000,0.33312376,0.42665698
879.40000000,5.12312000,1.38057000,0.33320019,0.42675523
879.60000000,5.12362000,1.36384000,0.33327643,0.42685228
879.80000000,5.12362000,1.36384000,0.33335220,0.42694932
880.00000000,5.12312000,1.36288000,0.33342794,0.42704632
880.20000000,5.12412000,1.37328000,0.33350394,0.42714405
880.40000000,5.12412000,1.38172000,0.33358047,0.42724238
880.60000000,5.12412000,1.38172000,0.33365723,0.42734071
880.80000000,5.12350000,1.36553000,0.33373354,0.42743788
881.00000000,5.12337000,1.36899000,0.33380950,0.42753529
881.20000000,5.12325000,1.34784000,0.33388497,0.42763120
881.40000000,5.12375000,1.37532000,0.33396061,0.42772908
881.60000000,5.12375000,1.37532000,0.33403702,0.42782695
881.80000000,5.12375000,1.32611000,0.33411206,0.42792130
882.00000000,5.12300000,1.36153000,0.33418672,0.42801819
882.20000000,5.12350000,1.37011000,0.33426260,0.42811569
882.40000000,5.12350000,1.37011000,0.33433871,0.42821318
882.60000000,5.12325000,1.37068000,0.33441485,0.42831071
882.80000000,5.12337000,1.35702000,0.33449062,0.42840728
883.00000000,5.12350000,1.35318000,0.33456590,0.42850358
883.20000000,5.12387000,1.36704000,0.33464146,0.42860086
883.40000000,5.12387000,1.36704000,0.33471741,0.42869814
883.60000000,5.12337000,1.34307000,0.33479269,0.42879370
883.80000000,5.12312000,1.34649000,0.33486740,0.42888951
884.00000000,5.12300000,1.36700000,0.33494277,0.42898678
884.20000000,5.12300000,1.36700000,0.33501872,0.42908405
884.40000000,5.12325000,1.36643000,0.33509465,0.42918128
884.60000000,5.12325000,1.36691000,0.33517057,0.42927856
884.80000000,5.12400000,1.36358000,0.33524642,0.42937557
885.00000000,5.12262000,1.35315000,0.33532188,0.42947184
885.20000000,5.12262000,1.35315000,0.33539706,0.42956814
885.40000000,5.12362000,1.38489000,0.33547312,0.42966669
885.60000000,5.12400000,1.36425000,0.33554948,0.42976377
885.80000000,5.12337000,1.36582000,0.33562532,0.42986096
886.00000000,5.12337000,1.36582000,0.33570119,0.42995812
886.20000000,5.12187000,1.40828000,0.33577825,0.43005838
886.40000000,5.12562000,1.42144000,0.33585686,0.43015951
886.60000000,5.12300000,1.36700000,0.33593431,0.43025678
886.80000000,5.12425000,1.38115000,0.33601065,0.43035508
887.00000000,5.12425000,1.38115000,0.33608738,0.43045335
887.20000000,5.12325000,1.35974000,0.33616352,0.43055010
887.40000000,5.12287000,1.36905000,0.33623932,0.43064752
887.60000000,5.12337000,1.36800000,0.33631535,0.43074486
887.80000000,5.12337000,1.36800000,0.33639135,0.43084221
888.00000000,5.12350000,1.36358000,0.33646722,0.43093924
888.20000000,5.12325000,1.37011000,0.33654316,0.43103673
888.40000000,5.12350000,1.36793000,0.33661922,0.43113408
888.60000000,5.12350000,1.36793000,0.33669521,0.43123141
888.80000000,5.12312000,1.36739000,0.33677119,0.43132870
889.00000000,5.12300000,1.34144000,0.33684644,0.43142415
889.20000000,5.12287000,1.36780000,0.33692169,0.43152147
889.40000000,5.12275000,1.37769000,0.33699796,0.43161949
889.60000000,5.12275000,1.37769000,0.33707450,0.43171751
889.80000000,5.12287000,1.35600000,0.33715043,0.43181399
890.00000000,5.12250000,1.33107000,0.33722507,0.43190870
890.20000000,5.12325000,1.33817000,0.33729922,0.43200392
890.40000000,5.12325000,1.33817000,0.33737356,0.43209915
890.60000000,5.12412000,1.38387000,0.33744917,0.43219764
890.80000000,5.12412000,1.36739000,0.33752560,0.43229496
891.00000000,5.12425000,1.33161000,0.33760057,0.43238971
891.20000000,5.12337000,1.37190000,0.33767567,0.43248734
891.40000000,5.12337000,1.37190000,0.33775188,0.43258496
891.60000000,5.12375000,1.37676000,0.33782824,0.43268293
891.80000000,5.12325000,1.36713000,0.33790446,0.43278020
892.00000000,5.12300000,1.37884000,0.33798073,0.43287831
892.20000000,5.12300000,1.37884000,0.33805733,0.43297644
892.40000000,5.12375000,1.37190000,0.33813374,0.43307406
892.60000000,5.12337000,1.35686000,0.33820954,0.43317061
892.80000000,5.12325000,1.36780000,0.33828523,0.43326794
893.00000000,5.12375000,1.34969000,0.33836071,0.43336399
893.20000000,5.12375000,1.34969000,0.33843570,0.43346003
893.40000000,5.12325000,1.35523000,0.33851083,0.43355646
893.60000000,5.12312000,1.36620000,0.33858643,0.43365368
893.80000000,5.12375000,1.37401000,0.33866255,0.43375146
894.00000000,5.12375000,1.37401000,0.33873888,0.43384924
894.20000000,5.12362000,1.36265000,0.33881490,0.43394621
894.40000000,5.12350000,1.38147000,0.33889112,0.43404451
894.60000000,5.12350000,1.35910000,0.33896725,0.43414121
894.80000000,5.12287000,1.36998000,0.33904306,0.43423869
895.00000000,5.12287000,1.36998000,0.33911917,0.43433616
895.20000000,5.12275000,1.35744000,0.33919493,0.43443275
895.40000000,5.12325000,1.38262000,0.33927104,0.43453113
895.60000000,5.12325000,1.29363000,0.33934538,0.43462317
895.80000000,5.12275000,1.29913000,0.33941740,0.43471561
896.00000000,5.12275000,1.29913000,0.33948958,0.43480803
896.20000000,5.12212000,1.29155000,0.33956154,0.43489991
896.40000000,5.12225000,1.31488000,0.33963394,0.43499346
896.60000000,5.12275000,1.38323000,0.33970889,0.43509188
896.80000000,5.12275000,1.38323000,0.33978574,0.43519030
897.00000000,5.12312000,1.35868000,0.33986190,0.43528696
897.20000000,5.12200000,1.36400000,0.33993753,0.43538401
897.40000000,5.12287000,1.35030000,0.34001293,0.43548008
897.60000000,5.12250000,1.35980000,0.34008821,0.43557682
897.80000000,5.12250000,1.35980000,0.34016375,0.43567357
898.00000000,5.12300000,1.36678000,0.34023949,0.43577083
898.20000000,5.12312000,1.37321000,0.34031560,0.43586853
898.40000000,5.12300000,1.36947000,0.34039179,0.43596597
898.60000000,5.12300000,1.36947000,0.34046787,0.43606342
898.80000000,5.12300000,1.36854000,0.34054392,0.43616079
899.00000000,5.12287000,1.36182000,0.34061977,0.43625769
899.20000000,5.12337000,1.38662000,0.34069611,0.43635636
899.40000000,5.12325000,1.38300000,0.34077305,0.43645477
899.60000000,5.12325000,1.38300000,0.34084988,0.43655318
899.80000000,5.12337000,1.38252000,0.34092670,0.43665154
900.00000000,5.12237000,1.35849000,0.34100284,0.43674819
900.20000000,5.12262000,1.37340000,0.34107872,0.43684591
900.40000000,5.12275000,1.34019000,0.34115410,0.43694126
900.60000000,5.12275000,1.34019000,0.34122856,0.43703661
900.80000000,5.12250000,1.36620000,0.34130373,0.43713381
901.00000000,5.12287000,1.34745000,0.34137911,0.43722969
901.20000000,5.12312000,1.36275000,0.34145440,0.43732666
901.40000000,5.12312000,1.36275000,0.34153011,0.43742362
901.60000000,5.12312000,1.36108000,0.34160577,0.43752049
901.80000000,5.12412000,1.37548000,0.34168178,0.43761836
902.00000000,5.12287000,1.35321000,0.34175758,0.43771464
902.20000000,5.12275000,1.35414000,0.34183278,0.43781098
902.40000000,5.12275000,1.35414000,0.34190801,0.43790733
902.60000000,5.12262000,1.35120000,0.34198316,0.43800346
902.80000000,5.12287000,1.36902000,0.34205872,0.43810087
903.00000000,5.12262000,1.35929000,0.34213451,0.43819758
903.20000000,5.12262000,1.35929000,0.34221003,0.43829428
903.40000000,5.12237000,1.36867000,0.34228580,0.43839166
903.60000000,5.12275000,1.36368000,0.34236170,0.43848870
903.80000000,5.12325000,1.36803000,0.34243758,0.43858604
904.00000000,5.12300000,1.37692000,0.34251383,0.43868401
904.20000000,5.12300000,1.37692000,0.34259033,0.43878198
904.40000000,5.12275000,1.38211000,0.34266697,0.43888033
904.60000000,5.12337000,1.36393000,0.34274325,0.43897736
904.80000000,5.12237000,1.35689000,0.34281882,0.43907390
905.00000000,5.12237000,1.35689000,0.34289421,0.43917045
905.20000000,5.12325000,1.34681000,0.34296931,0.43926627
905.40000000,5.12250000,1.36934000,0.34304476,0.43936370
905.60000000,5.12287000,1.32345000,0.34311956,0.43945786
905.80000000,5.12275000,1.36649000,0.34319428,0.43955509
906.00000000,5.12275000,1.36649000,0.34327019,0.43965233
906.20000000,5.12375000,1.37654000,0.34334639,0.43975027
906.40000000,5.12287000,1.36540000,0.34342255,0.43984742
906.60000000,5.12262000,1.38457000,0.34349894,0.43994593
906.80000000,5.12262000,1.38457000,0.34357586,0.44004444
907.00000000,5.12287000,1.36067000,0.34365212,0.44014125
907.20000000,5.12287000,1.36998000,0.34372797,0.44023872
907.40000000,5.12250000,1.37228000,0.34380415,0.44033635
907.60000000,5.12250000,1.38153000,0.34388064,0.44043464
907.80000000,5.12250000,1.38153000,0.34395739,0.44053293
908.00000000,5.12250000,1.36156000,0.34403359,0.44062981
908.20000000,5.12300000,1.36924000,0.34410944,0.44072724
908.40000000,5.12350000,1.36252000,0.34418533,0.44082419
908.60000000,5.12350000,1.36252000,0.34426102,0.44092113
908.80000000,5.12262000,1.37398000,0.34433704,0.44101890
909.00000000,5.12325000,1.34665000,0.34441261,0.44111471
909.20000000,5.12262000,1.37062000,0.34448809,0.44121223
909.40000000,5.12262000,1.37062000,0.34456423,0.44130974
909.60000000,5.12262000,1.36883000,0.34464033,0.44140714
909.80000000,5.12312000,1.36864000,0.34471637,0.44150451
910.00000000,5.12237000,1.36134000,0.34479220,0.44160137
910.20000000,5.12275000,1.33065000,0.34486698,0.44169605
910.40000000,5.12275000,1.33065000,0.34494091,0.44179072
910.60000000,5.12250000,1.37132000,0.34501596,0.44188828
910.80000000,5.12250000,1.36579000,0.34509199,0.44198546
911.00000000,5.12300000,1.36067000,0.34516773,0.44208227
911.20000000,5.12300000,1.36067000,0.34524332,0.44217909
911.40000000,5.12287000,1.34246000,0.34531841,0.44227460
911.60000000,5.12250000,1.37372000,0.34539386,0.44237235
911.80000000,5.12337000,1.39942000,0.34547089,0.44247192
912.00000000,5.12275000,1.36246000,0.34554761,0.44256885
912.20000000,5.12275000,1.36246000,0.34562330,0.44266581
912.40000000,5.12350000,1.36323000,0.34569901,0.44276280
912.60000000,5.12300000,1.31580000,0.34577343,0.44285642
912.80000000,5.12250000,1.37180000,0.34584809,0.44295402
913.00000000,5.12250000,1.37180000,0.34592430,0.44305162
913.20000000,5.12275000,1.36307000,0.34600027,0.44314861
913.40000000,5.12300000,1.37206000,0.34607624,0.44324623
913.60000000,5.12300000,1.37616000,0.34615258,0.44334416
913.80000000,5.12337000,1.37251000,0.34622893,0.44344182
914.00000000,5.12337000,1.37251000,0.34630518,0.44353947
914.20000000,5.12262000,1.36582000,0.34638125,0.44363665
914.40000000,5.12300000,1.37651000,0.34645742,0.44373459
914.60000000,5.12287000,1.34889000,0.34653313,0.44383056
914.80000000,5.12262000,1.30128000,0.34660674,0.44392315
915.00000000,5.12262000,1.30128000,0.34667904,0.44401571
915.20000000,5.12162000,1.31625000,0.34675175,0.44410936
915.40000000,5.12262000,1.37292000,0.34682645,0.44420704
915.60000000,5.12262000,1.36531000,0.34690251,0.44430418
915.80000000,5.12262000,1.36531000,0.34697836,0.44440133
916.00000000,5.12337000,1.35910000,0.34705404,0.44449803
916.20000000,5.12275000,1.35744000,0.34712950,0.44459460
916.40000000,5.12225000,1.37420000,0.34720538,0.44469238
916.60000000,5.12312000,1.37513000,0.34728175,0.44479023
916.80000000,5.12312000,1.37513000,0.34735814,0.44488808
917.00000000,5.12350000,1.36752000,0.34743433,0.44498538
917.20000000,5.12275000,1.36995000,0.34751037,0.44508286
917.40000000,5.12325000,1.34211000,0.34758570,0.44517836
917.60000000,5.12325000,1.34211000,0.34766026,0.44527386
917.80000000,5.12350000,1.36451000,0.34773545,0.44537095
918.00000000,5.12300000,1.35600000,0.34781102,0.44546744
918.20000000,5.12312000,1.36668000,0.34788665,0.44556468
918.40000000,5.12312000,1.34425000,0.34796195,0.44566033
918.60000000,5.12312000,1.34425000,0.34803663,0.44575600
918.80000000,5.12412000,1.35318000,0.34811156,0.44585227
919.00000000,5.12237000,1.35427000,0.34818677,0.44594864
919.20000000,5.12362000,1.37779000,0.34826266,0.44604669
919.40000000,5.12362000,1.37779000,0.34833920,0.44614472
919.60000000,5.12287000,1.36998000,0.34841553,0.44624220
919.80000000,5.12300000,1.33056000,0.34849054,0.44633687
920.00000000,5.12287000,1.38124000,0.34856587,0.44643514
920.20000000,5.12362000,1.36848000,0.34864225,0.44653253
920.40000000,5.12362000,1.36848000,0.34871828,0.44662989
920.60000000,5.12275000,1.36336000,0.34879416,0.44672691
920.80000000,5.12337000,1.36512000,0.34886995,0.44682403
921.00000000,5.12250000,1.36380000,0.34894576,0.44692106
921.20000000,5.12337000,1.37350000,0.34902179,0.44701879
921.40000000,5.12337000,1.37350000,0.34909810,0.44711653
921.60000000,5.12337000,1.37907000,0.34917456,0.44721466
921.80000000,5.12312000,1.37107000,0.34925095,0.44731221
922.00000000,5.12275000,1.37504000,0.34932723,0.44741005
922.20000000,5.12275000,1.37504000,0.34940362,0.44750790
922.40000000,5.12362000,1.37075000,0.34947990,0.44760543
922.60000000,5.12312000,1.33932000,0.34955518,0.44770074
922.80000000,5.12375000,1.40393000,0.34963138,0.44780065
923.00000000,5.12375000,1.40393000,0.34970937,0.44790055
923.20000000,5.12325000,1.36406000,0.34978626,0.44799762
923.40000000,5.12350000,1.37065000,0.34986223,0.44809515
923.60000000,5.12350000,1.37779000,0.34993857,0.44819319
923.80000000,5.12350000,1.37779000,0.35001512,0.44829124
924.00000000,5.12350000,1.34963000,0.35009088,0.44838727
924.20000000,5.12300000,1.38176000,0.35016675,0.44848557
924.40000000,5.12250000,1.34627000,0.35024253,0.44858136
924.60000000,5.12275000,1.35814000,0.35031765,0.44867799
924.80000000,5.12275000,1.35814000,0.35039310,0.44877462
925.00000000,5.12250000,1.36620000,0.35046878,0.44887182
925.20000000,5.12300000,1.37264000,0.35054486,0.44896947
925.40000000,5.12187000,1.38236000,0.35062139,0.44906781
925.60000000,5.12187000,1.38236000,0.35069818,0.44916617
925.80000000,5.12312000,1.36691000,0.35077455,0.44926342
926.00000000,5.12262000,1.30227000,0.35084870,0.44935609
926.20000000,5.12362000,1.36636000,0.35092282,0.44945331
926.40000000,5.12300000,1.36790000,0.35099878,0.44955064
926.60000000,5.12300000,1.36790000,0.35107477,0.44964797
926.80000000,5.12275000,1.37385000,0.35115093,0.44974573
927.00000000,5.12325000,1.36022000,0.35122688,0.44984251
927.20000000,5.12325000,1.37321000,0.35130281,0.44994023
927.40000000,5.12325000,1.37321000,0.35137910,0.45003795
927.60000000,5.12387000,1.37708000,0.35145549,0.45013594
927.80000000,5.12325000,1.35961000,0.35153151,0.45023268
928.00000000,5.12312000,1.36192000,0.35160711,0.45032960
928.20000000,5.12387000,1.37561000,0.35168315,0.45042750
928.40000000,5.12387000,1.37561000,0.35175957,0.45052538
928.60000000,5.12325000,1.36425000,0.35183568,0.45062246
928.80000000,5.12350000,1.32742000,0.35191045,0.45071688
929.00000000,5.12137000,1.32140000,0.35198403,0.45081087
929.20000000,5.12137000,1.32140000,0.35205744,0.45090489
929.40000000,5.12300000,1.35801000,0.35213187,0.45100151
929.60000000,5.12275000,1.36803000,0.35220759,0.45109885
929.80000000,5.12287000,1.36393000,0.35228348,0.45119590
930.00000000,5.12325000,1.36963000,0.35235941,0.45129336
930.20000000,5.12325000,1.36963000,0.35243550,0.45139082
930.40000000,5.12362000,1.34758000,0.35251098,0.45148671
930.60000000,5.12325000,1.36620000,0.35258636,0.45158393
930.80000000,5.12337000,1.36291000,0.35266217,0.45168091
931.00000000,5.12312000,1.37440000,0.35273821,0.45177870
931.20000000,5.12312000,1.37440000,0.35281456,0.45187649
931.40000000,5.12300000,1.36761000,0.35289073,0.45197382
931.60000000,5.12387000,1.37958000,0.35296704,0.45207199
931.80000000,5.12350000,1.36966000,0.35304341,0.45216945
932.00000000,5.12350000,1.36966000,0.35311950,0.45226691
932.20000000,5.12312000,1.37824000,0.35319583,0.45236498
932.40000000,5.12325000,1.36979000,0.35327217,0.45246245
932.60000000,5.12300000,1.36716000,0.35334819,0.45255972
932.80000000,5.12262000,1.36185000,0.35342400,0.45265661
933.00000000,5.12262000,1.36185000,0.35349966,0.45275351
933.20000000,5.12287000,1.36006000,0.35357526,0.45285028
933.40000000,5.12300000,1.35350000,0.35365064,0.45294658
933.60000000,5.12275000,1.34044000,0.35372547,0.45304195
933.80000000,5.12275000,1.34044000,0.35379994,0.45313734
934.00000000,5.12362000,1.37059000,0.35387525,0.45323486
934.20000000,5.12300000,1.39360000,0.35395203,0.45333402
934.40000000,5.12337000,1.37833000,0.35402903,0.45343210
934.60000000,5.12387000,1.36406000,0.35410521,0.45352918
934.80000000,5.12387000,1.36406000,0.35418099,0.45362623
935.00000000,5.12300000,1.36102000,0.35425668,0.45372308
935.20000000,5.12312000,1.35632000,0.35433217,0.45381958
935.40000000,5.12362000,1.38016000,0.35440818,0.45391780
935.60000000,5.12362000,1.38016000,0.35448486,0.45401601
935.80000000,5.12375000,1.36844000,0.35456121,0.45411339
936.00000000,5.12325000,1.37401000,0.35463738,0.45421115
936.20000000,5.12287000,1.36380000,0.35471343,0.45430819
936.40000000,5.12300000,1.35904000,0.35478907,0.45440488
936.60000000,5.12300000,1.35904000,0.35486457,0.45450159
936.80000000,5.12312000,1.37555000,0.35494053,0.45459948
937.00000000,5.12425000,1.38006000,0.35501708,0.45469770
937.20000000,5.12350000,1.37113000,0.35509350,0.45479527
937.40000000,5.12350000,1.37113000,0.35516967,0.45489283
937.60000000,5.12275000,1.36764000,0.35524575,0.45499013
937.80000000,5.12237000,1.37030000,0.35532180,0.45508763
938.00000000,5.12300000,1.35875000,0.35539761,0.45518431
938.20000000,5.12300000,1.35875000,0.35547310,0.45528099
938.40000000,5.12300000,1.33616000,0.35554796,0.45537606
938.60000000,5.12337000,1.37168000,0.35562317,0.45547366
938.80000000,5.12287000,1.36579000,0.35569921,0.45557084
939.00000000,5.12300000,1.34691000,0.35577457,0.45566667
939.20000000,5.12300000,1.34691000,0.35584940,0.45576251
939.40000000,5.12325000,1.36544000,0.35592474,0.45585967
939.60000000,5.12312000,1.37014000,0.35600073,0.45595717
939.80000000,5.12337000,1.36185000,0.35607662,0.45605407
940.00000000,5.12337000,1.36185000,0.35615227,0.45615099
940.20000000,5.12362000,1.37756000,0.35622837,0.45624902
940.40000000,5.12375000,1.36419000,0.35630453,0.45634609
940.60000000,5.12350000,1.36496000,0.35638034,0.45644322
940.80000000,5.12325000,1.37212000,0.35645637,0.45654085
941.00000000,5.12325000,1.37212000,0.35653260,0.45663849
941.20000000,5.12312000,1.37200000,0.35660882,0.45673611
941.40000000,5.12300000,1.36400000,0.35668482,0.45683317
941.60000000,5.12337000,1.38310000,0.35676113,0.45693159
941.80000000,5.12337000,1.38310000,0.35683797,0.45702998
942.00000000,5.12225000,1.35571000,0.35691405,0.45712643
942.20000000,5.12212000,1.36697000,0.35698968,0.45722368
942.40000000,5.12262000,1.36000000,0.35706543,0.45732044
942.60000000,5.12225000,1.36803000,0.35714121,0.45741776
942.80000000,5.12225000,1.36803000,0.35721721,0.45751508
943.00000000,5.12175000,1.31462000,0.35729172,0.45760862
943.20000000,5.12312000,1.30745000,0.35736456,0.45770163
943.40000000,5.12187000,1.35644000,0.35743856,0.45779812
943.60000000,5.12187000,1.35644000,0.35751391,0.45789462
943.80000000,5.12225000,1.37440000,0.35758977,0.45799245
944.00000000,5.12487000,1.49817000,0.35766957,0.45809903
944.20000000,5.12225000,1.34662000,0.35774859,0.45819485
944.40000000,5.12300000,1.36828000,0.35782400,0.45829221
944.60000000,5.12300000,1.36828000,0.35790002,0.45838956
944.80000000,5.12287000,1.35372000,0.35797563,0.45848589
945.00000000,5.12350000,1.37168000,0.35805133,0.45858348
945.20000000,5.12262000,1.37168000,0.35812754,0.45868107
945.40000000,5.12262000,1.37168000,0.35820374,0.45877866
945.60000000,5.12237000,1.36563000,0.35827978,0.45887582
945.80000000,5.12262000,1.36784000,0.35835571,0.45897314
946.00000000,5.12262000,1.36534000,0.35843163,0.45907028
946.20000000,5.12287000,1.37097000,0.35850764,0.45916783
946.40000000,5.12287000,1.37097000,0.35858380,0.45926538
946.60000000,5.12300000,1.37392000,0.35866005,0.45936313
946.80000000,5.12275000,1.37177000,0.35873632,0.45946074
947.00000000,5.12337000,1.34921000,0.35881190,0.45955674
947.20000000,5.12287000,1.36512000,0.35888730,0.45965387
947.40000000,5.12287000,1.36512000,0.35896314,0.45975101
947.60000000,5.12312000,1.34784000,0.35903850,0.45984691
947.80000000,5.12287000,1.31657000,0.35911251,0.45994058
948.00000000,5.12287000,1.30467000,0.35918532,0.46003341
948.20000000,5.12287000,1.30467000,0.35925781,0.46012623
948.40000000,5.12225000,1.32249000,0.35933078,0.46022033
948.60000000,5.12337000,1.37065000,0.35940559,0.46031787
948.80000000,5.12362000,1.36854000,0.35948168,0.46041526
949.00000000,5.12325000,1.37296000,0.35955783,0.46051295
949.20000000,5.12325000,1.37296000,0.35963411,0.46061066
949.40000000,5.12375000,1.36649000,0.35971020,0.46070789
949.60000000,5.12300000,1.38128000,0.35978653,0.46080617
949.80000000,5.12312000,1.36928000,0.35986294,0.46090360
950.00000000,5.12312000,1.36928000,0.35993901,0.46100103
950.20000000,5.12312000,1.36572000,0.36001498,0.46109822
950.40000000,5.12350000,1.33920000,0.36009012,0.46119350
950.60000000,5.12287000,1.37078000,0.36016539,0.46129103
950.80000000,5.12287000,1.37078000,0.36024155,0.46138858
951.00000000,5.12350000,1.36732000,0.36031761,0.46148587
951.20000000,5.12337000,1.33516000,0.36039267,0.46158087
951.40000000,5.12300000,1.36473000,0.36046767,0.46167798
951.60000000,5.12362000,1.38502000,0.36054405,0.46177654
951.80000000,5.12362000,1.38502000,0.36062100,0.46187510
952.00000000,5.12375000,1.36563000,0.36069741,0.46197228
952.20000000,5.12362000,1.36806000,0.36077334,0.46206964
952.40000000,5.12387000,1.37200000,0.36084945,0.46216728
952.60000000,5.12387000,1.37200000,0.36092568,0.46226492
952.80000000,5.12400000,1.36995000,0.36100184,0.46236238
953.00000000,5.12237000,1.38809000,0.36107845,0.46246116
953.20000000,5.12350000,1.40793000,0.36115612,0.46256134
953.40000000,5.12350000,1.38131000,0.36123360,0.46265964
953.60000000,5.12350000,1.38131000,0.36131034,0.46275793
953.80000000,5.12350000,1.37081000,0.36138679,0.46285547
954.00000000,5.12287000,1.35958000,0.36146263,0.46295221
954.20000000,5.12325000,1.38457000,0.36153886,0.46305073
954.40000000,5.12325000,1.38457000,0.36161578,0.46314925
954.60000000,5.12337000,1.37603000,0.36169246,0.46324717
954.80000000,5.12337000,1.37328000,0.36176883,0.46334488
955.00000000,5.12312000,1.36713000,0.36184495,0.46344217
955.20000000,5.12350000,1.36819000,0.36192094,0.46353953
955.40000000,5.12350000,1.36819000,0.36199695,0.46363689
955.60000000,5.12337000,1.35974000,0.36207272,0.46373365
955.80000000,5.12362000,1.34944000,0.36214798,0.46382968
956.00000000,5.12375000,1.37584000,0.36222368,0.46392759
956.20000000,5.12375000,1.37584000,0.36230011,0.46402549
956.40000000,5.12325000,1.37939000,0.36237665,0.46412364
956.60000000,5.12350000,1.36640000,0.36245292,0.46422089
956.80000000,5.12425000,1.37078000,0.36252895,0.46431845
957.00000000,5.12450000,1.38000000,0.36260536,0.46441667
957.20000000,5.12450000,1.38000000,0.36268203,0.46451489
957.40000000,5.12462000,1.36652000,0.36275832,0.46461215
957.60000000,5.12400000,1.32694000,0.36283314,0.46470658
957.80000000,5.12387000,1.36531000,0.36290793,0.46480374
958.00000000,5.12387000,1.36531000,0.36298378,0.46490090
958.20000000,5.12400000,1.37372000,0.36305986,0.46499867
958.40000000,5.12400000,1.38521000,0.36313650,0.46509724
958.60000000,5.12362000,1.35974000,0.36321275,0.46519401
958.80000000,5.12387000,1.37190000,0.36328863,0.46529164
959.00000000,5.12387000,1.37190000,0.36336484,0.46538926
959.20000000,5.12362000,1.37897000,0.36344126,0.46548739
959.40000000,5.12350000,1.36342000,0.36351743,0.46558442
959.60000000,5.12387000,1.37558000,0.36359352,0.46568231
959.80000000,5.12387000,1.37558000,0.36366994,0.46578019
960.00000000,5.12300000,1.36825000,0.36374615,0.46587754
960.20000000,5.12312000,1.35545000,0.36382181,0.46597400
960.40000000,5.12337000,1.37360000,0.36389762,0.46607173
960.60000000,5.12312000,1.36188000,0.36397361,0.46616864
960.80000000,5.12312000,1.36188000,0.36404927,0.46626556
961.00000000,5.12400000,1.37139000,0.36412519,0.46636314
961.20000000,5.12325000,1.35216000,0.36420084,0.46645937
961.40000000,5.12412000,1.37654000,0.36427664,0.46655734
961.60000000,5.12375000,1.38924000,0.36435347,0.46665620
961.80000000,5.12375000,1.38924000,0.36443065,0.46675506
962.00000000,5.12350000,1.36185000,0.36450707,0.46685197
962.20000000,5.12350000,1.32899000,0.36458181,0.46694653
962.40000000,5.12337000,1.36028000,0.36465651,0.46704333
962.60000000,5.12337000,1.36028000,0.36473209,0.46714012
962.80000000,5.12300000,1.36326000,0.36480774,0.46723714
963.00000000,5.12400000,1.37308000,0.36488375,0.46733485
963.20000000,5.12362000,1.37187000,0.36496000,0.46743247
963.40000000,5.12362000,1.37187000,0.36503621,0.46753009
963.60000000,5.12350000,1.36742000,0.36511230,0.46762741
963.80000000,5.12400000,1.37577000,0.36518850,0.46772531
964.00000000,5.12387000,1.35708000,0.36526442,0.46782189
964.20000000,5.12400000,1.37475000,0.36534030,0.46791973
964.40000000,5.12400000,1.37475000,0.36541668,0.46801756
964.60000000,5.12400000,1.36800000,0.36549286,0.46811490
964.80000000,5.12325000,1.35260000,0.36556844,0.46821115
965.00000000,5.12325000,1.35417000,0.36564362,0.46830751
965.20000000,5.12325000,1.35417000,0.36571886,0.46840388
965.40000000,5.12400000,1.37065000,0.36579454,0.46850141
965.60000000,5.12325000,1.36822000,0.36587062,0.46859877
965.80000000,5.12337000,1.36921000,0.36594666,0.46869620
966.00000000,5.12337000,1.36921000,0.36602273,0.46879363
966.20000000,5.12337000,1.36137000,0.36609858,0.46889049
966.40000000,5.12275000,1.36499000,0.36617431,0.46898762
966.60000000,5.12337000,1.37168000,0.36625033,0.46908520
966.80000000,5.12225000,1.35219000,0.36632599,0.46918140
967.00000000,5.12225000,1.35219000,0.36640112,0.46927762
967.20000000,5.12325000,1.36300000,0.36647654,0.46937460
967.40000000,5.12300000,1.34972000,0.36655189,0.46947064
967.60000000,5.12300000,1.37628000,0.36662761,0.46956856
967.80000000,5.12300000,1.37628000,0.36670407,0.46966651
968.00000000,5.12387000,1.37929000,0.36678062,0.46976466
968.20000000,5.12350000,1.38419000,0.36685738,0.46986315
968.40000000,5.12300000,1.34720000,0.36693325,0.46995900
968.60000000,5.12312000,1.35926000,0.36700843,0.47005572
968.80000000,5.12312000,1.35926000,0.36708395,0.47015243
969.00000000,5.12275000,1.37654000,0.36715994,0.47025040
969.20000000,5.12400000,1.37372000,0.36723634,0.47034812
969.40000000,5.12212000,1.33033000,0.36731145,0.47044276
969.60000000,5.12212000,1.33033000,0.36738536,0.47053742
969.80000000,5.12300000,1.36416000,0.36746020,0.47063447
970.00000000,5.12237000,1.35616000,0.36753577,0.47073097
970.20000000,5.12300000,1.35526000,0.36761109,0.47082739
970.40000000,5.12287000,1.34822000,0.36768618,0.47092332
970.60000000,5.12287000,1.34822000,0.36776108,0.47101926
970.80000000,5.12350000,1.38051000,0.36783688,0.47111749
971.00000000,5.12325000,1.37158000,0.36791333,0.47121507
971.20000000,5.12237000,1.29625000,0.36798743,0.47130730
971.40000000,5.12250000,1.32435000,0.36806023,0.47140152
971.60000000,5.12250000,1.32435000,0.36813380,0.47149575
971.80000000,5.12312000,1.39337000,0.36820930,0.47159490
972.00000000,5.12325000,1.37241000,0.36828612,0.47169254
972.20000000,5.12275000,1.36998000,0.36836230,0.47179002
972.40000000,5.12275000,1.36998000,0.36843841,0.47188752
972.60000000,5.12412000,1.38179000,0.36851485,0.47198584
972.80000000,5.12312000,1.36384000,0.36859112,0.47208288
973.00000000,5.12312000,1.37302000,0.36866714,0.47218057
973.20000000,5.12262000,1.36230000,0.36874312,0.47227749
973.40000000,5.12262000,1.36230000,0.36881880,0.47237441
973.60000000,5.12237000,1.36144000,0.36889446,0.47247128
973.80000000,5.12287000,1.36784000,0.36897028,0.47256859
974.00000000,5.12250000,1.37766000,0.36904654,0.47266661
974.20000000,5.12250000,1.37766000,0.36912308,0.47276462
974.40000000,5.12250000,1.36073000,0.36919914,0.47286145
974.60000000,5.12325000,1.36588000,0.36927488,0.47295863
974.80000000,5.12300000,1.36646000,0.36935078,0.47305587
975.00000000,5.12350000,1.37024000,0.36942680,0.47315338
975.20000000,5.12350000,1.37024000,0.36950293,0.47325086
975.40000000,5.12250000,1.34249000,0.36957828,0.47334637
975.60000000,5.12225000,1.36307000,0.36965343,0.47344337
975.80000000,5.12350000,1.38073000,0.36972965,0.47354162
976.00000000,5.12350000,1.38073000,0.36980636,0.47363987
976.20000000,5.12325000,1.35641000,0.36988239,0.47373638
976.40000000,5.12300000,1.37334000,0.36995822,0.47383408
976.60000000,5.12237000,1.37334000,0.37003451,0.47393179
976.80000000,5.12312000,1.33062000,0.37010962,0.47402647
977.00000000,5.12312000,1.33062000,0.37018355,0.47412114
977.20000000,5.12250000,1.36832000,0.37025852,0.47421850
977.40000000,5.12337000,1.36809000,0.37033453,0.47431585
977.60000000,5.12312000,1.37126000,0.37041062,0.47441342
977.80000000,5.12312000,1.37126000,0.37048680,0.47451100
978.00000000,5.12337000,1.37052000,0.37056296,0.47460851
978.20000000,5.12275000,1.35072000,0.37063855,0.47470463
978.40000000,5.12362000,1.37529000,0.37071428,0.47480250
978.60000000,5.12362000,1.38115000,0.37079084,0.47490078
978.80000000,5.12362000,1.38115000,0.37086757,0.47499905
979.00000000,5.12262000,1.36326000,0.37094381,0.47509605
979.20000000,5.12325000,1.38803000,0.37102023,0.47519482
979.40000000,5.12350000,1.35740000,0.37109649,0.47529141
979.60000000,5.12350000,1.35740000,0.37117190,0.47538799
979.80000000,5.12312000,1.36643000,0.37124757,0.47548521
980.00000000,5.12275000,1.35849000,0.37132326,0.47558188
980.20000000,5.12350000,1.37545000,0.37139920,0.47567976
980.40000000,5.12350000,1.37545000,0.37147562,0.47577763
980.60000000,5.12325000,1.37276000,0.37155195,0.47587531
980.80000000,5.12287000,1.36646000,0.37162804,0.47597254
981.00000000,5.12312000,1.36531000,0.37170393,0.47606968
981.20000000,5.12312000,1.37132000,0.37177994,0.47616726
981.40000000,5.12312000,1.37132000,0.37185613,0.47626483
981.60000000,5.12287000,1.37027000,0.37193228,0.47636233
981.80000000,5.12312000,1.37414000,0.37200852,0.47646011
982.00000000,5.12312000,1.37318000,0.37208483,0.47655781
982.20000000,5.12312000,1.37318000,0.37216112,0.47665552
982.40000000,5.12312000,1.36988000,0.37223732,0.47675300
982.60000000,5.12312000,1.35913000,0.37231312,0.47684970
982.80000000,5.12287000,1.36835000,0.37238889,0.47694707
983.00000000,5.12337000,1.36704000,0.37246487,0.47704434
983.20000000,5.12337000,1.36704000,0.37254081,0.47714163
983.40000000,5.12375000,1.36944000,0.37261683,0.47723908
983.60000000,5.12387000,1.36192000,0.37269270,0.47733599
983.80000000,5.12337000,1.37180000,0.37276864,0.47743361
984.00000000,5.12337000,1.37180000,0.37284485,0.47753122
984.20000000,5.12325000,1.37456000,0.37292113,0.47762901
984.40000000,5.12237000,1.37385000,0.37299748,0.47772677
984.60000000,5.12325000,1.36220000,0.37307348,0.47782369
984.80000000,5.12250000,1.36611000,0.37314927,0.47792088
985.00000000,5.12250000,1.36611000,0.37322516,0.47801808
985.20000000,5.12287000,1.36252000,0.37330096,0.47811499
985.40000000,5.12112000,1.32640000,0.37337565,0.47820936
985.60000000,5.12237000,1.37177000,0.37345060,0.47830695
985.80000000,5.12237000,1.37760000,0.37352697,0.47840496
986.00000000,5.12237000,1.37760000,0.37360350,0.47850296
986.20000000,5.12212000,1.36540000,0.37367970,0.47860010
986.40000000,5.12212000,1.36768000,0.37375562,0.47869739
986.60000000,5.12212000,1.38326000,0.37383203,0.47879580
986.80000000,5.12212000,1.38326000,0.37390888,0.47889423
987.00000000,5.12325000,1.37753000,0.37398557,0.47899224
987.20000000,5.12287000,1.37289000,0.37406197,0.47908990
987.40000000,5.12175000,1.36172000,0.37413793,0.47918678
987.60000000,5.12237000,1.36614000,0.37421370,0.47928397
987.80000000,5.12237000,1.36614000,0.37428960,0.47938117
988.00000000,5.12250000,1.36438000,0.37436545,0.47947824
988.20000000,5.12275000,1.36832000,0.37444136,0.47957559
988.40000000,5.12250000,1.36380000,0.37451725,0.47967262
988.60000000,5.12250000,1.36380000,0.37459302,0.47976966
988.80000000,5.12312000,1.36787000,0.37466890,0.47986697
989.00000000,5.12200000,1.36950000,0.37474493,0.47996441
989.20000000,5.12312000,1.38768000,0.37482152,0.48006315
989.40000000,5.12287000,1.36723000,0.37489805,0.48016043
989.60000000,5.12287000,1.36723000,0.37497400,0.48025771
989.80000000,5.12275000,1.36505000,0.37504990,0.48035482
990.00000000,5.12225000,1.29875000,0.37512390,0.48044721
990.20000000,5.12187000,1.26208000,0.37519503,0.48053699
990.40000000,5.12187000,1.26208000,0.37526515,0.48062678
990.60000000,5.12200000,1.30870000,0.37533656,0.48071988
990.80000000,5.12212000,1.33244000,0.37540992,0.48081468
991.00000000,5.12275000,1.36214000,0.37548477,0.48091160
991.20000000,5.12225000,1.36368000,0.37556049,0.48100861
991.40000000,5.12225000,1.36368000,0.37563625,0.48110563
991.60000000,5.12250000,1.37753000,0.37571239,0.48120365
991.80000000,5.12300000,1.37222000,0.37578877,0.48130128
992.00000000,5.12300000,1.36579000,0.37586483,0.48139846
992.20000000,5.12300000,1.36579000,0.37594071,0.48149564
992.40000000,5.12262000,1.36144000,0.37601646,0.48159250
992.60000000,5.12262000,1.36966000,0.37609233,0.48168996
992.80000000,5.12312000,1.36707000,0.37616835,0.48178723
993.00000000,5.12312000,1.36707000,0.37624430,0.48188449
993.20000000,5.12262000,1.36588000,0.37632021,0.48198167
993.40000000,5.12262000,1.36908000,0.37639618,0.48207908
993.60000000,5.12275000,1.36688000,0.37647218,0.48217633
993.80000000,5.12275000,1.36688000,0.37654812,0.48227361
994.00000000,5.12387000,1.36182000,0.37662392,0.48237052
994.20000000,5.12362000,1.38294000,0.37670016,0.48246891
994.40000000,5.12237000,1.36198000,0.37677641,0.48256580
994.60000000,5.12237000,1.33920000,0.37685144,0.48266108
994.80000000,5.12237000,1.33920000,0.37692584,0.48275637
995.00000000,5.12312000,1.38310000,0.37700146,0.48285479
995.20000000,5.12337000,1.38473000,0.37707834,0.48295332
995.40000000,5.12337000,1.27158000,0.37715213,0.48304380
995.60000000,5.12337000,1.27158000,0.37722277,0.48313425
995.80000000,5.12137000,1.34377000,0.37729542,0.48322986
996.00000000,5.12250000,1.37836000,0.37737104,0.48332793
996.20000000,5.12312000,1.36512000,0.37744724,0.48342506
996.40000000,5.12275000,1.34032000,0.37752240,0.48352042
996.60000000,5.12275000,1.34032000,0.37759686,0.48361578
996.80000000,5.12275000,1.37558000,0.37767230,0.48371366
997.00000000,5.12312000,1.36169000,0.37774834,0.48381055
997.20000000,5.12275000,1.35318000,0.37782375,0.48390682
997.40000000,5.12237000,1.35241000,0.37789890,0.48400303
997.60000000,5.12237000,1.35241000,0.37797404,0.48409927
997.80000000,5.12337000,1.38070000,0.37804996,0.48419751
998.00000000,5.12325000,1.37625000,0.37812654,0.48429544
998.20000000,5.12325000,1.35708000,0.37820246,0.48439201
998.40000000,5.12325000,1.35708000,0.37827786,0.48448855
998.60000000,5.12212000,1.37043000,0.37835362,0.48458606
998.80000000,5.12275000,1.36275000,0.37842954,0.48468301
999.00000000,5.12237000,1.38867000,0.37850597,0.48478182
999.20000000,5.12350000,1.35680000,0.37858224,0.48487837
999.40000000,5.12350000,1.35680000,0.37865761,0.48497492
999.60000000,5.12325000,1.36985000,0.37873335,0.48507239
999.80000000,5.12337000,1.37081000,0.37880948,0.48516992
1000.00000000,5.12237000,1.32467000,0.37888436,0.48526416
1000.20000000,5.12237000,1.32467000,0.37895795,0.48535842
1000.40000000,5.12337000,1.38707000,0.37903328,0.48545712
1000.60000000,5.12300000,1.35561000,0.37910946,0.48555357
1000.80000000,5.12300000,1.35833000,0.37918485,0.48565023
1001.00000000,5.12350000,1.35849000,0.37926032,0.48574690
1001.20000000,5.12350000,1.35849000,0.37933579,0.48584358
1001.40000000,5.12387000,1.36851000,0.37941154,0.48594097
1001.60000000,5.12412000,1.37897000,0.37948786,0.48603910
1001.80000000,5.12375000,1.37171000,0.37956426,0.48613672
1002.00000000,5.12375000,1.37171000,0.37964047,0.48623433
1002.20000000,5.12337000,1.32931000,0.37971550,0.48632891
1002.40000000,5.12300000,1.36556000,0.37979036,0.48642610
1002.60000000,5.12450000,1.50768000,0.37987017,0.48653341
1002.80000000,5.12287000,1.36131000,0.37994986,0.48663027
1003.00000000,5.12287000,1.36131000,0.38002549,0.48672713
1003.20000000,5.12287000,1.38073000,0.38010166,0.48682537
1003.40000000,5.12300000,1.35968000,0.38017778,0.48692212
1003.60000000,5.12350000,1.35987000,0.38025332,0.48701889
1003.80000000,5.12350000,1.35987000,0.38032887,0.48711564
1004.00000000,5.12225000,1.34694000,0.38040406,0.48721147
1004.20000000,5.12300000,1.37692000,0.38047972,0.48730947
1004.40000000,5.12412000,1.31244000,0.38055443,0.48740287
1004.60000000,5.12412000,1.31244000,0.38062734,0.48749623
1004.80000000,5.12150000,1.30265000,0.38069998,0.48758891
1005.00000000,5.12262000,1.30358000,0.38077238,0.48768163
1005.20000000,5.12112000,1.31993000,0.38084525,0.48777551
1005.40000000,5.12262000,1.36416000,0.38091981,0.48787257
1005.60000000,5.12262000,1.36416000,0.38099560,0.48796961
1005.80000000,5.12200000,1.36828000,0.38107150,0.48806696
1006.00000000,5.12275000,1.34700000,0.38114692,0.48816282
1006.20000000,5.12362000,1.35011000,0.38122184,0.48825889
1006.40000000,5.12362000,1.35011000,0.38129685,0.48835493
1006.60000000,5.12162000,1.36377000,0.38137224,0.48845196
1006.80000000,5.12237000,1.37683000,0.38144836,0.48854993
1007.00000000,5.12350000,1.37363000,0.38152477,0.48864767
1007.20000000,5.12300000,1.38828000,0.38160149,0.48874645
1007.40000000,5.12300000,1.38828000,0.38167861,0.48884524
1007.60000000,5.12337000,1.37660000,0.38175541,0.48894317
1007.80000000,5.12237000,1.36656000,0.38183161,0.48904040
1008.00000000,5.12287000,1.36355000,0.38190745,0.48913742
1008.20000000,5.12287000,1.36355000,0.38198320,0.48923444
1008.40000000,5.12300000,1.37904000,0.38205939,0.48933256
1008.60000000,5.12275000,1.38348000,0.38213612,0.48943100
1008.80000000,5.12300000,1.37596000,0.38221277,0.48952889
1009.00000000,5.12250000,1.38598000,0.38228949,0.48962750
1009.20000000,5.12250000,1.38598000,0.38236649,0.48972613
1009.40000000,5.12350000,1.37251000,0.38244312,0.48982379
1009.60000000,5.12325000,1.35340000,0.38251884,0.48992007
1009.80000000,5.12200000,1.32649000,0.38259328,0.49001443
1010.00000000,5.12200000,1.32649000,0.38266697,0.49010880
1010.20000000,5.12237000,1.35072000,0.38274134,0.49020491
1010.40000000,5.12312000,1.37097000,0.38281694,0.49030246
1010.60000000,5.12287000,1.37340000,0.38289317,0.49040019
1010.80000000,5.12350000,1.37328000,0.38296947,0.49049791
1011.00000000,5.12350000,1.37328000,0.38304576,0.49059564
1011.20000000,5.12362000,1.38163000,0.38312229,0.49069396
1011.40000000,5.12387000,1.34761000,0.38319810,0.49078986
1011.60000000,5.12362000,1.37545000,0.38327374,0.49088774
1011.80000000,5.12200000,1.37456000,0.38335013,0.49098552
1012.00000000,5.12200000,1.37456000,0.38342650,0.49108333
1012.20000000,5.12300000,1.35382000,0.38350228,0.49117964
1012.40000000,5.12212000,1.35712000,0.38357759,0.49127620
1012.60000000,5.12287000,1.37392000,0.38365345,0.49137395
1012.80000000,5.12287000,1.37392000,0.38372978,0.49147171
1013.00000000,5.12300000,1.37603000,0.38380617,0.49156963
1013.20000000,5.12362000,1.36835000,0.38388240,0.49166699
1013.40000000,5.12262000,1.36672000,0.38395837,0.49176423
1013.60000000,5.12275000,1.36723000,0.38403432,0.49186151
1013.80000000,5.12275000,1.36723000,0.38411027,0.49195877
1014.00000000,5.12200000,1.35395000,0.38418586,0.49205510
1014.20000000,5.12287000,1.37715000,0.38426173,0.49215308
1014.40000000,5.12237000,1.29798000,0.38433604,0.49224542
1014.60000000,5.12237000,1.29798000,0.38440815,0.49233777
1014.80000000,5.12275000,1.29654000,0.38448022,0.49243002
1015.00000000,5.12287000,1.36710000,0.38455421,0.49252729
1015.20000000,5.12275000,1.36368000,0.38463006,0.49262433
1015.40000000,5.12350000,1.33891000,0.38470513,0.49271961
1015.60000000,5.12350000,1.33891000,0.38477952,0.49281488
1015.80000000,5.12325000,1.36348000,0.38485458,0.49291190
1016.00000000,5.12325000,1.36534000,0.38493038,0.49300904
1016.20000000,5.12262000,1.35900000,0.38500606,0.49310573
1016.40000000,5.12262000,1.35900000,0.38508156,0.49320242
1016.60000000,5.12275000,1.38448000,0.38515777,0.49330094
1016.80000000,5.12350000,1.36518000,0.38523415,0.49339807
1017.00000000,5.12287000,1.37504000,0.38531026,0.49349591
1017.20000000,5.12300000,1.36582000,0.38538640,0.49359309
1017.40000000,5.12300000,1.36582000,0.38546228,0.49369028
1017.60000000,5.12337000,1.37321000,0.38553836,0.49378800
1017.80000000,5.12337000,1.38444000,0.38561496,0.49388650
1018.00000000,5.12312000,1.35798000,0.38569114,0.49398313
1018.20000000,5.12312000,1.35798000,0.38576658,0.49407976
1018.40000000,5.12325000,1.37481000,0.38584250,0.49417759
1018.60000000,5.12325000,1.36332000,0.38591855,0.49427461
1018.80000000,5.12387000,1.37027000,0.38599449,0.49437212
1019.00000000,5.12300000,1.37478000,0.38607074,0.49446994
1019.20000000,5.12300000,1.37478000,0.38614712,0.49456777
1019.40000000,5.12350000,1.35273000,0.38622288,0.49466402
1019.60000000,5.12287000,1.36604000,0.38629840,0.49476123
1019.80000000,5.12375000,1.36252000,0.38637419,0.49485819
1020.00000000,5.12375000,1.36252000,0.38644989,0.49495515
1020.20000000,5.12362000,1.36214000,0.38652558,0.49505208
1020.40000000,5.12350000,1.36220000,0.38660125,0.49514900
1020.60000000,5.12300000,1.35840000,0.38667682,0.49524566
1020.80000000,5.12300000,1.35840000,0.38675229,0.49534231
1021.00000000,5.12312000,1.37411000,0.38682819,0.49544010
1021.20000000,5.12375000,1.38041000,0.38690471,0.49553833
1021.40000000,5.12362000,1.36604000,0.38698100,0.49563554
1021.60000000,5.12362000,1.37603000,0.38705717,0.49573346
1021.80000000,5.12362000,1.37603000,0.38713361,0.49583138
1022.00000000,5.12350000,1.36492000,0.38720975,0.49592851
1022.20000000,5.12350000,1.36124000,0.38728548,0.49602537
1022.40000000,5.12350000,1.36656000,0.38736125,0.49612262
1022.60000000,5.12350000,1.36656000,0.38743717,0.49621986
1022.80000000,5.12337000,1.37033000,0.38751319,0.49631737
1023.00000000,5.12350000,1.36572000,0.38758920,0.49641456
1023.20000000,5.12387000,1.36953000,0.38766517,0.49651201
1023.40000000,5.12312000,1.36393000,0.38774110,0.49660906
1023.60000000,5.12312000,1.36393000,0.38781688,0.49670612
1023.80000000,5.12375000,1.38016000,0.38789310,0.49680432
1024.00000000,5.12287000,1.33862000,0.38796862,0.49689958
1024.20000000,5.12350000,1.37059000,0.38804388,0.49699711
1024.40000000,5.12350000,1.37059000,0.38812002,0.49709463
1024.60000000,5.12312000,1.37235000,0.38819622,0.49719229
1024.80000000,5.12362000,1.37059000,0.38827241,0.49728982
1025.00000000,5.12350000,1.36864000,0.38834850,0.49738720
1025.20000000,5.12300000,1.37772000,0.38842479,0.49748523
1025.40000000,5.12300000,1.37772000,0.38850133,0.49758326
1025.60000000,5.12312000,1.36768000,0.38857759,0.49768058
1025.80000000,5.12312000,1.37078000,0.38865366,0.49777812
1026.00000000,5.12325000,1.36646000,0.38872969,0.49787535
1026.20000000,5.12325000,1.36646000,0.38880561,0.49797257
1026.40000000,5.12262000,1.37001000,0.38888162,0.49807005
1026.60000000,5.12312000,1.38131000,0.38895804,0.49816833
1026.80000000,5.12275000,1.38480000,0.38903488,0.49826686
1027.00000000,5.12287000,1.36240000,0.38911119,0.49836380
1027.20000000,5.12287000,1.36240000,0.38918688,0.49846072
1027.40000000,5.12225000,1.36198000,0.38926256,0.49855762
1027.60000000,5.12250000,1.35171000,0.38933794,0.49865379
1027.80000000,5.12262000,1.36025000,0.38941327,0.49875057
1028.00000000,5.12262000,1.36880000,0.38948908,0.49884796
1028.20000000,5.12262000,1.36880000,0.38956512,0.49894534
1028.40000000,5.12262000,1.36201000,0.38964098,0.49904224
1028.60000000,5.12237000,1.34764000,0.38971625,0.49913813
1028.80000000,5.12312000,1.38716000,0.38979221,0.49923684
1029.00000000,5.12312000,1.38716000,0.38986928,0.49933554
1029.20000000,5.12337000,1.37766000,0.38994608,0.49943356
1029.40000000,5.12287000,1.36604000,0.39002229,0.49953075
1029.60000000,5.12237000,1.36854000,0.39009825,0.49962810
1029.80000000,5.12175000,1.36099000,0.39017407,0.49972492
1030.00000000,5.12175000,1.36099000,0.39024968,0.49982174
1030.20000000,5.12237000,1.36748000,0.39032547,0.49991903
1030.40000000,5.12212000,1.33334000,0.39040050,0.50001389
1030.60000000,5.12287000,1.37052000,0.39047560,0.50011141
1030.80000000,5.12287000,1.37052000,0.39055174,0.50020892
1031.00000000,5.12300000,1.37315000,0.39062796,0.50030662
1031.20000000,5.12262000,1.37200000,0.39070421,0.50040425
1031.40000000,5.12325000,1.37296000,0.39078046,0.50050193
1031.60000000,5.12275000,1.37206000,0.39085671,0.50059955
1031.80000000,5.12275000,1.37206000,0.39093294,0.50069718
1032.00000000,5.12312000,1.37680000,0.39100929,0.50079515
1032.20000000,5.12312000,1.36278000,0.39108539,0.50089211
1032.40000000,5.12300000,1.37859000,0.39116154,0.50099020
1032.60000000,5.12300000,1.37859000,0.39123813,0.50108831
1032.80000000,5.12400000,1.37516000,0.39131462,0.50118616
1033.00000000,5.12325000,1.36716000,0.39139080,0.50128344
1033.20000000,5.12300000,1.30368000,0.39146499,0.50137620
1033.40000000,5.12300000,1.30368000,0.39153741,0.50146897
1033.60000000,5.12350000,1.35571000,0.39161129,0.50156544
1033.80000000,5.12325000,1.36960000,0.39168699,0.50166291
1034.00000000,5.12412000,1.38396000,0.39176348,0.50176140
1034.20000000,5.12312000,1.36886000,0.39183994,0.50185881
1034.40000000,5.12312000,1.36886000,0.39191599,0.50195620
1034.60000000,5.12262000,1.37734000,0.39199228,0.50205419
1034.80000000,5.12250000,1.36819000,0.39206854,0.50215153
1035.00000000,5.12275000,1.36918000,0.39214458,0.50224895
1035.20000000,5.12275000,1.36918000,0.39222064,0.50234636
1035.40000000,5.12250000,1.34668000,0.39229608,0.50244218
1035.60000000,5.12287000,1.37280000,0.39237163,0.50253986
1035.80000000,5.12287000,1.37913000,0.39244807,0.50263798
1036.00000000,5.12300000,1.37040000,0.39252444,0.50273549
1036.20000000,5.12300000,1.37040000,0.39260058,0.50283300
1036.40000000,5.12300000,1.36208000,0.39267648,0.50292992
1036.60000000,5.12350000,1.38326000,0.39275274,0.50302835
1036.80000000,5.12312000,1.36668000,0.39282913,0.50312559
1037.00000000,5.12312000,1.36668000,0.39290505,0.50322283
1037.20000000,5.12262000,1.36976000,0.39298107,0.50332029
1037.40000000,5.12275000,1.34249000,0.39305641,0.50341583
1037.60000000,5.12400000,1.37708000,0.39313195,0.50351383
1037.80000000,5.12387000,1.33142000,0.39320719,0.50360858
1038.00000000,5.12387000,1.33142000,0.39328115,0.50370329
1038.20000000,5.12187000,1.33772000,0.39335530,0.50379849
1038.40000000,5.12375000,1.36499000,0.39343037,0.50389562
1038.60000000,5.12350000,1.38505000,0.39350676,0.50399418
1038.80000000,5.12350000,1.38505000,0.39358371,0.50409274
1039.00000000,5.12337000,1.36230000,0.39366002,0.50418969
1039.20000000,5.12400000,1.38528000,0.39373635,0.50428827
1039.40000000,5.12362000,1.33360000,0.39381187,0.50438316
1039.60000000,5.12300000,1.36473000,0.39388682,0.50448026
1039.80000000,5.12300000,1.36473000,0.39396264,0.50457737
1040.00000000,5.12300000,1.36800000,0.39403855,0.50467470
1040.20000000,5.12300000,1.36035000,0.39411434,0.50477150
1040.40000000,5.12300000,1.37315000,0.39419027,0.50486920
1040.60000000,5.12300000,1.37315000,0.39426656,0.50496690
1040.80000000,5.12300000,1.36492000,0.39434261,0.50506403
1041.00000000,5.12337000,1.37379000,0.39441869,0.50516177
1041.20000000,5.12250000,1.36262000,0.39449470,0.50525871
1041.40000000,5.12237000,1.37872000,0.39457085,0.50535680
1041.60000000,5.12237000,1.37872000,0.39464744,0.50545490
1041.80000000,5.12300000,1.37532000,0.39472394,0.50555275
1042.00000000,5.12287000,1.37644000,0.39480038,0.50565069
1042.20000000,5.12325000,1.36188000,0.39487645,0.50574760
1042.40000000,5.12325000,1.36188000,0.39495211,0.50584450
1042.60000000,5.12287000,1.36662000,0.39502790,0.50594172
1042.80000000,5.12200000,1.30601000,0.39510214,0.50603464
1043.00000000,5.12300000,1.37190000,0.39517652,0.50613225
1043.20000000,5.12225000,1.35756000,0.39525234,0.50622883
1043.40000000,5.12225000,1.35756000,0.39532776,0.50632542
1043.60000000,5.12325000,1.36771000,0.39540346,0.50642275
1043.80000000,5.12325000,1.36204000,0.39547929,0.50651966
1044.00000000,5.12325000,1.34425000,0.39555447,0.50661531
1044.20000000,5.12325000,1.34425000,0.39562915,0.50671097
1044.40000000,5.12350000,1.37526000,0.39570469,0.50680882
1044.60000000,5.12300000,1.37020000,0.39578095,0.50690633
1044.80000000,5.12375000,1.36512000,0.39585693,0.50700346
1045.00000000,5.12275000,1.37126000,0.39593294,0.50710102
1045.20000000,5.12275000,1.37126000,0.39600912,0.50719862
1045.40000000,5.12425000,1.35750000,0.39608492,0.50729519
1045.60000000,5.12225000,1.36012000,0.39616041,0.50739197
1045.80000000,5.12312000,1.37350000,0.39623635,0.50748970
1046.00000000,5.12312000,1.37350000,0.39631265,0.50758744
1046.20000000,5.12375000,1.35884000,0.39638855,0.50768413
1046.40000000,5.12325000,1.36556000,0.39646423,0.50778130
1046.60000000,5.12287000,1.35321000,0.39653975,0.50787758
1046.80000000,5.12350000,1.35212000,0.39661490,0.50797379
1047.00000000,5.12350000,1.35212000,0.39669001,0.50807001
1047.20000000,5.12325000,1.35913000,0.39676533,0.50816672
1047.40000000,5.12350000,1.33123000,0.39684006,0.50826145
1047.60000000,5.12350000,1.33123000,0.39691402,0.50835617
1047.80000000,5.12300000,1.31910000,0.39698764,0.50845002
1048.00000000,5.12275000,1.34256000,0.39706157,0.50854556
1048.20000000,5.12350000,1.36563000,0.39713680,0.50864273
1048.40000000,5.12300000,1.38956000,0.39721333,0.50874160
1048.60000000,5.12300000,1.38956000,0.39729053,0.50884049
1048.80000000,5.12400000,1.41891000,0.39736854,0.50894146
1049.00000000,5.12375000,1.39977000,0.39744684,0.50904107
1049.20000000,5.12325000,1.36905000,0.39752375,0.50913849
1049.40000000,5.12350000,1.37388000,0.39759994,0.50923625
1049.60000000,5.12350000,1.37388000,0.39767627,0.50933400
1049.80000000,5.12275000,1.36496000,0.39775235,0.50943112
1050.00000000,5.12262000,1.36982000,0.39782832,0.50952858
1050.20000000,5.12275000,1.36995000,0.39790442,0.50962605
1050.40000000,5.12275000,1.36995000,0.39798053,0.50972353
1050.60000000,5.12325000,1.36457000,0.39805649,0.50982063
1050.80000000,5.12350000,1.37257000,0.39813252,0.50991829
1051.00000000,5.12287000,1.34185000,0.39820792,0.51001376
1051.20000000,5.12237000,1.36288000,0.39828305,0.51011072
1051.40000000,5.12237000,1.36288000,0.39835877,0.51020769
1051.60000000,5.12287000,1.37056000,0.39843470,0.51030522
1051.80000000,5.12350000,1.37289000,0.39851090,0.51040289
1052.00000000,5.12250000,1.36403000,0.39858693,0.51049994
1052.20000000,5.12250000,1.36403000,0.39866271,0.51059698
1052.40000000,5.12212000,1.34156000,0.39873786,0.51069242
1052.60000000,5.12237000,1.35206000,0.39881269,0.51078861
1052.80000000,5.12237000,1.37126000,0.39888833,0.51088617
1053.00000000,5.12275000,1.36262000,0.39896427,0.51098312
1053.20000000,5.12275000,1.36262000,0.39903998,0.51108008
1053.40000000,5.12300000,1.36969000,0.39911587,0.51117753
1053.60000000,5.12275000,1.36348000,0.39919179,0.51127456
1053.80000000,5.12350000,1.37792000,0.39926794,0.51137261
1054.00000000,5.12350000,1.37792000,0.39934450,0.51147066
1054.20000000,5.12362000,1.38140000,0.39942114,0.51156896
1054.40000000,5.12325000,1.36768000,0.39949751,0.51166627
1054.60000000,5.12262000,1.35904000,0.39957325,0.51176296
1054.80000000,5.12312000,1.36944000,0.39964904,0.51186040
1055.00000000,5.12312000,1.36944000,0.39972512,0.51195785
1055.20000000,5.12375000,1.37075000,0.39980124,0.51205539
1055.40000000,5.12312000,1.36374000,0.39987719,0.51215242
1055.60000000,5.12312000,1.36329000,0.39995295,0.51224943
1055.80000000,5.12312000,1.36329000,0.40002868,0.51234645
1056.00000000,5.12425000,1.36675000,0.40010452,0.51244370
1056.20000000,5.12312000,1.36172000,0.40018031,0.51254060
1056.40000000,5.12337000,1.36537000,0.40025606,0.51263776
1056.60000000,5.12337000,1.36537000,0.40033192,0.51273491
1056.80000000,5.12325000,1.37632000,0.40040807,0.51283286
1057.00000000,5.12375000,1.31948000,0.40048296,0.51292675
1057.20000000,5.12375000,1.37462000,0.40055779,0.51302458
1057.40000000,5.12375000,1.37462000,0.40063416,0.51312241
1057.60000000,5.12412000,1.36992000,0.40071040,0.51321990
1057.80000000,5.12387000,1.36227000,0.40078629,0.51331683
1058.00000000,5.12337000,1.37139000,0.40086223,0.51341442
1058.20000000,5.12337000,1.34800000,0.40093777,0.51351034
1058.40000000,5.12337000,1.34800000,0.40101265,0.51360626
1058.60000000,5.12325000,1.37318000,0.40108824,0.51370397
1058.80000000,5.12325000,1.36630000,0.40116434,0.51380118
1059.00000000,5.12287000,1.38032000,0.40124063,0.51389939
1059.20000000,5.12412000,1.36144000,0.40131679,0.51399628
1059.40000000,5.12412000,1.36144000,0.40139243,0.51409314
1059.60000000,5.12250000,1.36195000,0.40146808,0.51419006
1059.80000000,5.12337000,1.36723000,0.40154389,0.51428733
1060.00000000,5.12262000,1.37273000,0.40162000,0.51438500
1060.20000000,5.12262000,1.37273000,0.40169626,0.51448268
1060.40000000,5.12312000,1.36857000,0.40177241,0.51458005
1060.60000000,5.12300000,1.36934000,0.40184846,0.51467749
1060.80000000,5.12350000,1.38377000,0.40192494,0.51477595
1061.00000000,5.12287000,1.37388000,0.40200154,0.51487370
1061.20000000,5.12287000,1.37388000,0.40207787,0.51497145
1061.40000000,5.12237000,1.36547000,0.40215396,0.51506860
1061.60000000,5.12262000,1.32112000,0.40222859,0.51516258
1061.80000000,5.12200000,1.46595000,0.40230601,0.51526687
1062.00000000,5.12200000,1.46595000,0.40238745,0.51537122
1062.20000000,5.12537000,1.41990000,0.40246761,0.51547225
1062.40000000,5.12275000,1.35235000,0.40254462,0.51556847
1062.60000000,5.12300000,1.36998000,0.40262024,0.51566594
1062.80000000,5.12262000,1.36406000,0.40269618,0.51576299
1063.00000000,5.12262000,1.36406000,0.40277196,0.51586004
1063.20000000,5.12287000,1.35094000,0.40284738,0.51595616
1063.40000000,5.12275000,1.36483000,0.40292282,0.51605329
1063.60000000,5.12362000,1.38246000,0.40299913,0.51615166
1063.80000000,5.12362000,1.38246000,0.40307594,0.51625002
1064.00000000,5.12262000,1.35184000,0.40315189,0.51634621
1064.20000000,5.12312000,1.38032000,0.40322778,0.51644442
1064.40000000,5.12300000,1.35075000,0.40330365,0.51654053
1064.60000000,5.12262000,1.37254000,0.40337929,0.51663819
1064.80000000,5.12262000,1.37254000,0.40345554,0.51673586
1065.00000000,5.12350000,1.32179000,0.40353039,0.51682991
1065.20000000,5.12325000,1.36595000,0.40360505,0.51692711
1065.40000000,5.12337000,1.36291000,0.40368085,0.51702409
1065.60000000,5.12337000,1.36291000,0.40375657,0.51712108
1065.80000000,5.12387000,1.37107000,0.40383251,0.51721865
1066.00000000,5.12375000,1.36416000,0.40390849,0.51731571
1066.20000000,5.12262000,1.33804000,0.40398355,0.51741091
1066.40000000,5.12262000,1.33804000,0.40405788,0.51750611
1066.60000000,5.12287000,1.30611000,0.40413133,0.51759905
1066.80000000,5.12337000,1.37235000,0.40420573,0.51769670
1067.00000000,5.12312000,1.36211000,0.40428169,0.51779362
1067.20000000,5.12425000,1.37088000,0.40435761,0.51789118
1067.40000000,5.12425000,1.37088000,0.40443377,0.51798874
1067.60000000,5.12387000,1.34041000,0.40450908,0.51808414
1067.80000000,5.12412000,1.36899000,0.40458434,0.51818155
1068.00000000,5.12337000,1.36880000,0.40466039,0.51827895
1068.20000000,5.12337000,1.36880000,0.40473644,0.51837637
1068.40000000,5.12400000,1.36480000,0.40481237,0.51847349
1068.60000000,5.12375000,1.36380000,0.40488816,0.51857054
1068.80000000,5.12375000,1.37148000,0.40496414,0.51866814
1069.00000000,5.12375000,1.37148000,0.40504034,0.51876572
1069.20000000,5.12300000,1.37616000,0.40511666,0.51886367
1069.40000000,5.12437000,1.36851000,0.40519290,0.51896106
1069.60000000,5.12412000,1.36803000,0.40526892,0.51905841
1069.80000000,5.12337000,1.36979000,0.40534497,0.51915588
1070.00000000,5.12337000,1.36979000,0.40542107,0.51925335
1070.20000000,5.12312000,1.36009000,0.40549690,0.51935014
1070.40000000,5.12387000,1.36761000,0.40557267,0.51944746
1070.60000000,5.12362000,1.35113000,0.40564819,0.51954360
1070.80000000,5.12312000,1.37072000,0.40572379,0.51964113
1071.00000000,5.12312000,1.37072000,0.40579995,0.51973866
1071.20000000,5.12312000,1.32892000,0.40587494,0.51983323
1071.40000000,5.12375000,1.36809000,0.40594985,0.51993060
1071.60000000,5.12425000,1.37916000,0.40602616,0.52002876
1071.80000000,5.12425000,1.37916000,0.40610278,0.52012688
1072.00000000,5.12275000,1.32780000,0.40617798,0.52022137
1072.20000000,5.12375000,1.36723000,0.40625284,0.52031867
1072.40000000,5.12375000,1.36451000,0.40632872,0.52041576
1072.60000000,5.12337000,1.35769000,0.40640434,0.52051238
1072.80000000,5.12337000,1.35769000,0.40647977,0.52060899
1073.00000000,5.12350000,1.37091000,0.40655556,0.52070654
1073.20000000,5.12337000,1.36528000,0.40663157,0.52080368
1073.40000000,5.12312000,1.36108000,0.40670730,0.52090053
1073.60000000,5.12312000,1.36108000,0.40678291,0.52099739
1073.80000000,5.12362000,1.35865000,0.40685846,0.52109405
1074.00000000,5.12262000,1.35756000,0.40693391,0.52119066
1074.20000000,5.12350000,1.36390000,0.40700951,0.52128770
1074.40000000,5.12312000,1.34758000,0.40708483,0.52138359
1074.60000000,5.12312000,1.34758000,0.40715969,0.52147947
1074.80000000,5.12300000,1.35766000,0.40723484,0.52157608
1075.00000000,5.12312000,1.36780000,0.40731054,0.52167340
1075.20000000,5.12287000,1.36038000,0.40738633,0.52177019
1075.40000000,5.12287000,1.36038000,0.40746190,0.52186699
1075.60000000,5.12300000,1.32537000,0.40753651,0.52196128
1075.80000000,5.12275000,1.26169000,0.40760837,0.52205105
1076.00000000,5.12275000,1.26934000,0.40767868,0.52214136
1076.20000000,5.12237000,1.32003000,0.40775060,0.52223527
1076.40000000,5.12237000,1.32003000,0.40782394,0.52232922
1076.60000000,5.12412000,1.37203000,0.40789872,0.52242686
1076.80000000,5.12387000,1.35475000,0.40797446,0.52252326
1077.00000000,5.12350000,1.36064000,0.40804989,0.52262008
1077.20000000,5.12350000,1.36064000,0.40812548,0.52271692
1077.40000000,5.12425000,1.37094000,0.40820136,0.52281447
1077.60000000,5.12312000,1.37164000,0.40827754,0.52291207
1077.80000000,5.12337000,1.37139000,0.40835374,0.52300968
1078.00000000,5.12450000,1.36000000,0.40842961,0.52310647
1078.20000000,5.12450000,1.36000000,0.40850516,0.52320322
1078.40000000,5.12212000,1.36937000,0.40858098,0.52330068
1078.60000000,5.12400000,1.36694000,0.40865699,0.52339796
1078.80000000,5.12375000,1.36441000,0.40873286,0.52349505
1079.00000000,5.12375000,1.36441000,0.40880866,0.52359215
1079.20000000,5.12350000,1.35968000,0.40888433,0.52368889
1079.40000000,5.12325000,1.37270000,0.40896023,0.52378657
1079.60000000,5.12337000,1.37792000,0.40903663,0.52388462
1079.80000000,5.12387000,1.34940000,0.40911239,0.52398065
1080.00000000,5.12387000,1.34940000,0.40918736,0.52407668
1080.20000000,5.12350000,1.34825000,0.40926230,0.52417263
1080.40000000,5.12400000,1.36835000,0.40933776,0.52427001
1080.60000000,5.12312000,1.35862000,0.40941351,0.52436668
1080.80000000,5.12312000,1.35862000,0.40948898,0.52446336
1081.00000000,5.12337000,1.32716000,0.40956359,0.52455778
1081.20000000,5.12287000,1.33683000,0.40963759,0.52465291
1081.40000000,5.12350000,1.35680000,0.40971241,0.52474946
1081.60000000,5.12350000,1.35680000,0.40978779,0.52484600
1081.80000000,5.12312000,1.40041000,0.40986438,0.52494566
1082.00000000,5.12375000,1.37776000,0.40994155,0.52504369
1082.20000000,5.12300000,1.35830000,0.41001755,0.52514035
1082.40000000,5.12362000,1.38288000,0.41009370,0.52523876
1082.60000000,5.12362000,1.38288000,0.41017052,0.52533717
1082.80000000,5.12350000,1.36409000,0.41024683,0.52543424
1083.00000000,5.12362000,1.38057000,0.41032307,0.52553248
1083.20000000,5.12362000,1.37001000,0.41039947,0.52562997
1083.40000000,5.12362000,1.37001000,0.41047558,0.52572747
1083.60000000,5.12375000,1.36665000,0.41055160,0.52582472
1083.80000000,5.12387000,1.34009000,0.41062679,0.52592008
1084.00000000,5.12325000,1.37152000,0.41070211,0.52601770
1084.20000000,5.12475000,1.37577000,0.41077843,0.52611562
1084.40000000,5.12475000,1.37577000,0.41085486,0.52621352
1084.60000000,5.12362000,1.36681000,0.41093104,0.52631079
1084.80000000,5.12350000,1.36169000,0.41100683,0.52640767
1085.00000000,5.12300000,1.37222000,0.41108277,0.52650531
1085.20000000,5.12300000,1.37222000,0.41115901,0.52660296
1085.40000000,5.12350000,1.35724000,0.41123483,0.52669953
1085.60000000,5.12275000,1.30515000,0.41130878,0.52679240
1085.80000000,5.12350000,1.36662000,0.41138300,0.52688965
1086.00000000,5.12375000,1.37420000,0.41145913,0.52698744
1086.20000000,5.12375000,1.37420000,0.41153548,0.52708523
1086.40000000,5.12312000,1.35872000,0.41161139,0.52718193
1086.60000000,5.12437000,1.39788000,0.41168796,0.52728141
1086.80000000,5.12375000,1.36931000,0.41176483,0.52737885
1087.00000000,5.12375000,1.36931000,0.41184090,0.52747629
1087.20000000,5.12337000,1.36940000,0.41191698,0.52757372
1087.40000000,5.12275000,1.33625000,0.41199213,0.52766879
1087.60000000,5.12287000,1.36499000,0.41206717,0.52776591
1087.80000000,5.12287000,1.37270000,0.41214322,0.52786358
1088.00000000,5.12287000,1.37270000,0.41221948,0.52796126
1088.20000000,5.12312000,1.35900000,0.41229536,0.52805796
1088.40000000,5.12312000,1.36576000,0.41237105,0.52815514
1088.60000000,5.12350000,1.36470000,0.41244689,0.52825226
1088.80000000,5.12350000,1.36470000,0.41252271,0.52834936
1089.00000000,5.12300000,1.37142000,0.41259871,0.52844693
1089.20000000,5.12275000,1.37238000,0.41267493,0.52854458
1089.40000000,5.12312000,1.36473000,0.41275096,0.52864169
1089.60000000,5.12262000,1.36281000,0.41282672,0.52873865
1089.80000000,5.12262000,1.36281000,0.41290244,0.52883563
1090.00000000,5.12350000,1.37193000,0.41297840,0.52893324
1090.20000000,5.12262000,1.29737000,0.41305255,0.52902553
1090.40000000,5.12187000,1.30352000,0.41312479,0.52911826
1090.60000000,5.12187000,1.30352000,0.41319721,0.52921101
1090.80000000,5.12337000,1.29292000,0.41326934,0.52930300
1091.00000000,5.12275000,1.31046000,0.41334165,0.52939625
1091.20000000,5.12325000,1.37145000,0.41341615,0.52949384
1091.40000000,5.12325000,1.37145000,0.41349234,0.52959142
1091.60000000,5.12275000,1.37862000,0.41356873,0.52968951
1091.80000000,5.12325000,1.37849000,0.41364532,0.52978760
1092.00000000,5.12312000,1.37235000,0.41372173,0.52988524
1092.20000000,5.12250000,1.37433000,0.41379803,0.52998301
1092.40000000,5.12250000,1.37433000,0.41387438,0.53008081
1092.60000000,5.12325000,1.37350000,0.41395071,0.53017853
1092.80000000,5.12300000,1.36009000,0.41402664,0.53027530
1093.00000000,5.12262000,1.37558000,0.41410263,0.53037317
1093.20000000,5.12262000,1.37558000,0.41417905,0.53047105
1093.40000000,5.12312000,1.36496000,0.41425518,0.53056818
1093.60000000,5.12375000,1.37366000,0.41433125,0.53066592
1093.80000000,5.12287000,1.37964000,0.41440773,0.53076408
1094.00000000,5.12275000,1.37715000,0.41448431,0.53086206
1094.20000000,5.12275000,1.37715000,0.41456082,0.53096006
1094.40000000,5.12325000,1.38729000,0.41463761,0.53105877
1094.60000000,5.12300000,1.37798000,0.41471442,0.53115683
1094.80000000,5.12387000,1.35484000,0.41479033,0.53125325
1095.00000000,5.12387000,1.35484000,0.41486560,0.53134963
1095.20000000,5.12175000,1.35865000,0.41494098,0.53144630
1095.40000000,5.12300000,1.37443000,0.41501690,0.53154408
1095.60000000,5.12237000,1.30016000,0.41509119,0.53163658
1095.80000000,5.12250000,1.35785000,0.41516502,0.53173319
1096.00000000,5.12250000,1.35785000,0.41524046,0.53182979
1096.20000000,5.12262000,1.37900000,0.41531648,0.53192791
1096.40000000,5.12262000,1.33324000,0.41539182,0.53202276
1096.60000000,5.12275000,1.38483000,0.41546732,0.53212129
1096.80000000,5.12250000,1.37420000,0.41554396,0.53221906
1097.00000000,5.12250000,1.37420000,0.41562031,0.53231684
1097.20000000,5.12287000,1.36627000,0.41569643,0.53241404
1097.40000000,5.12250000,1.36928000,0.41577242,0.53251147
1097.60000000,5.12312000,1.36284000,0.41584831,0.53260845
1097.80000000,5.12312000,1.36284000,0.41592403,0.53270542
1098.00000000,5.12312000,1.37152000,0.41599998,0.53280301
1098.20000000,5.12312000,1.37337000,0.41607623,0.53290072
1098.40000000,5.12262000,1.37132000,0.41615247,0.53299828
1098.60000000,5.12250000,1.37945000,0.41622888,0.53309643
1098.80000000,5.12250000,1.37945000,0.41630552,0.53319458
1099.00000000,5.12312000,1.38035000,0.41638218,0.53329280
1099.20000000,5.12350000,1.38147000,0.41645889,0.53339111
1099.40000000,5.12350000,1.37020000,0.41653533,0.53348861
1099.60000000,5.12350000,1.37020000,0.41661145,0.53358608
1099.80000000,5.12187000,1.34918000,0.41668699,0.53368208
1100.00000000,5.12300000,1.36960000,0.41676251,0.53377952
1100.20000000,5.12212000,1.34732000,0.41683798,0.53387538
1100.40000000,5.12287000,1.36454000,0.41691331,0.53397247
1100.60000000,5.12287000,1.36454000,0.41698912,0.53406956
1100.80000000,5.12287000,1.36003000,0.41706480,0.53416633
1101.00000000,5.12300000,1.36201000,0.41714041,0.53426323
1101.20000000,5.12262000,1.36864000,0.41721626,0.53436061
1101.40000000,5.12262000,1.36864000,0.41729230,0.53445798
1101.60000000,5.12237000,1.37110000,0.41736840,0.53455554
1101.80000000,5.12325000,1.36748000,0.41744448,0.53465285
1102.00000000,5.12337000,1.36377000,0.41752034,0.53474989
1102.20000000,5.12237000,1.36707000,0.41759620,0.53484715
1102.40000000,5.12237000,1.36707000,0.41767215,0.53494442
1102.60000000,5.12337000,1.37788000,0.41774840,0.53504248
1102.80000000,5.12362000,1.36128000,0.41782448,0.53513934
1103.00000000,5.12325000,1.37376000,0.41790046,0.53523709
1103.20000000,5.12325000,1.37376000,0.41797678,0.53533484
1103.40000000,5.12325000,1.38486000,0.41805341,0.53543339
1103.60000000,5.12362000,1.36419000,0.41812977,0.53553046
1103.80000000,5.12325000,1.36748000,0.41820565,0.53562777
1104.00000000,5.12312000,1.35894000,0.41828138,0.53572446
1104.20000000,5.12312000,1.35894000,0.41835688,0.53582115
1104.40000000,5.12287000,1.36819000,0.41843263,0.53591850
1104.60000000,5.12300000,1.37398000,0.41850880,0.53601628
1104.80000000,5.12400000,1.32288000,0.41858372,0.53611043
1105.00000000,5.12400000,1.32288000,0.41865721,0.53620456
1105.20000000,5.12337000,1.31340000,0.41873044,0.53629802
1105.40000000,5.12337000,1.35907000,0.41880468,0.53639473
1105.60000000,5.12337000,1.36880000,0.41888045,0.53649213
1105.80000000,5.12337000,1.36880000,0.41895649,0.53658954
1106.00000000,5.12387000,1.37228000,0.41903264,0.53668719
1106.20000000,5.12312000,1.35552000,0.41910841,0.53678364
1106.40000000,5.12325000,1.36393000,0.41918395,0.53688068
1106.60000000,5.12287000,1.37753000,0.41926010,0.53697870
1106.80000000,5.12287000,1.37753000,0.41933663,0.53707672
1107.00000000,5.12325000,1.36185000,0.41941272,0.53717363
1107.20000000,5.12362000,1.36566000,0.41948849,0.53727080
1107.40000000,5.12325000,1.36332000,0.41956429,0.53736781
1107.60000000,5.12325000,1.36332000,0.41964003,0.53746482
1107.80000000,5.12350000,1.37491000,0.41971609,0.53756266
1108.00000000,5.12312000,1.36825000,0.41979229,0.53766000
1108.20000000,5.12250000,1.36812000,0.41986830,0.53775734
1108.40000000,5.12287000,1.36937000,0.41994434,0.53785478
1108.60000000,5.12287000,1.36937000,0.42002042,0.53795223
1108.80000000,5.12387000,1.36704000,0.42009643,0.53804948
1109.00000000,5.12212000,1.37190000,0.42017251,0.53814711
1109.20000000,5.12362000,1.37200000,0.42024873,0.53824474
1109.40000000,5.12362000,1.37200000,0.42032496,0.53834236
1109.60000000,5.12287000,1.35004000,0.42040057,0.53843842
1109.80000000,5.12312000,1.33481000,0.42047515,0.53853339
1110.00000000,5.12300000,1.36521000,0.42055015,0.53863053
1110.20000000,5.12287000,1.36563000,0.42062600,0.53872770
1110.40000000,5.12287000,1.36563000,0.42070187,0.53882488
1110.60000000,5.12362000,1.37139000,0.42077790,0.53892246
1110.80000000,5.12325000,1.36614000,0.42085394,0.53901966
1111.00000000,5.12300000,1.36617000,0.42092984,0.53911687
1111.20000000,5.12300000,1.36617000,0.42100574,0.53921408
1111.40000000,5.12300000,1.36995000,0.42108174,0.53931156
1111.60000000,5.12325000,1.36380000,0.42115768,0.53940859
1111.80000000,5.12287000,1.36688000,0.42123353,0.53950586
1112.00000000,5.12325000,1.36800000,0.42130950,0.53960320
1112.20000000,5.12325000,1.36800000,0.42138550,0.53970053
1112.40000000,5.12287000,1.36579000,0.42146144,0.53979773
1112.60000000,5.12387000,1.35152000,0.42153692,0.53989389
1112.80000000,5.12287000,1.36806000,0.42161246,0.53999122
1113.00000000,5.12225000,1.33536000,0.42168756,0.54008622
1113.20000000,5.12225000,1.33536000,0.42176175,0.54018124
1113.40000000,5.12337000,1.39001000,0.42183745,0.54028014
1113.60000000,5.12262000,1.35660000,0.42191375,0.54037667
1113.80000000,5.12337000,1.36572000,0.42198937,0.54047385
1114.00000000,5.12337000,1.36572000,0.42206524,0.54057103
1114.20000000,5.12350000,1.37625000,0.42214140,0.54066896
1114.40000000,5.12300000,1.35216000,0.42221719,0.54076517
1114.60000000,5.12312000,1.37120000,0.42229284,0.54086274
1114.80000000,5.12300000,1.36659000,0.42236889,0.54095997
1115.00000000,5.12300000,1.36659000,0.42244481,0.54105723
1115.20000000,5.12400000,1.38355000,0.42252121,0.54115567
1115.40000000,5.12287000,1.36371000,0.42259752,0.54125270
1115.60000000,5.12300000,1.36684000,0.42267337,0.54134995
1115.80000000,5.12300000,1.36684000,0.42274930,0.54144722
1116.00000000,5.12337000,1.37542000,0.42282548,0.54154509
1116.20000000,5.12325000,1.37132000,0.42290178,0.54164266
1116.40000000,5.12312000,1.37699000,0.42297812,0.54174066
1116.60000000,5.12400000,1.39699000,0.42305517,0.54184008
1116.80000000,5.12400000,1.39699000,0.42313278,0.54193946
1117.00000000,5.12237000,1.35078000,0.42320911,0.54203558
1117.20000000,5.12312000,1.36435000,0.42328453,0.54213265
1117.40000000,5.12275000,1.36764000,0.42336042,0.54222996
1117.60000000,5.12275000,1.36764000,0.42343640,0.54232727
1117.80000000,5.12300000,1.36748000,0.42351237,0.54242457
1118.00000000,5.12312000,1.36435000,0.42358826,0.54252164
1118.20000000,5.12275000,1.36752000,0.42366414,0.54261894
1118.40000000,5.12337000,1.36003000,0.42373991,0.54271572
1118.60000000,5.12337000,1.36003000,0.42381547,0.54281251
1118.80000000,5.12412000,1.36921000,0.42389128,0.54290993
1119.00000000,5.12300000,1.33257000,0.42396633,0.54300475
1119.20000000,5.12300000,1.34931000,0.42404083,0.54310076
1119.40000000,5.12300000,1.34931000,0.42411579,0.54319677
1119.60000000,5.12337000,1.37427000,0.42419144,0.54329456
1119.80000000,5.12350000,1.35875000,0.42426736,0.54339126
1120.00000000,5.12400000,1.37680000,0.42434335,0.54348924
1120.20000000,5.12400000,1.37680000,0.42441984,0.54358722
1120.40000000,5.12350000,1.36272000,0.42449593,0.54368417
1120.60000000,5.12275000,1.35459000,0.42457141,0.54378055
1120.80000000,5.12262000,1.36720000,0.42464702,0.54387782
1121.00000000,5.12262000,1.36720000,0.42472297,0.54397510
1121.20000000,5.12275000,1.36499000,0.42479887,0.54407221
1121.40000000,5.12275000,1.36627000,0.42487474,0.54416943
1121.60000000,5.12325000,1.36137000,0.42495051,0.54426628
1121.80000000,5.12212000,1.36204000,0.42502616,0.54436318
1122.00000000,5.12212000,1.36204000,0.42510182,0.54446010
1122.20000000,5.12325000,1.36137000,0.42517747,0.54455696
1122.40000000,5.12287000,1.39628000,0.42525408,0.54465632
1122.60000000,5.12375000,1.52096000,0.42533511,0.54476453
1122.80000000,5.12250000,1.36896000,0.42541539,0.54486193
1123.00000000,5.12250000,1.36896000,0.42549144,0.54495932
1123.20000000,5.12237000,1.36860000,0.42556748,0.54505669
1123.40000000,5.12262000,1.37001000,0.42564356,0.54515417
1123.60000000,5.12262000,1.33244000,0.42571862,0.54524897
1123.80000000,5.12262000,1.33244000,0.42579265,0.54534375
1124.00000000,5.12200000,1.36083000,0.42586746,0.54544058
1124.20000000,5.12312000,1.37440000,0.42594344,0.54553837
1124.40000000,5.12250000,1.36777000,0.42601961,0.54563569
1124.60000000,5.12312000,1.36796000,0.42609560,0.54573303
1124.80000000,5.12312000,1.36796000,0.42617160,0.54583035
1125.00000000,5.12250000,1.36857000,0.42624762,0.54592772
1125.20000000,5.12275000,1.37708000,0.42632388,0.54602572
1125.40000000,5.12350000,1.36067000,0.42639993,0.54612254
1125.60000000,5.12350000,1.36067000,0.42647553,0.54621933
1125.80000000,5.12187000,1.36672000,0.42655129,0.54631660
1126.00000000,5.12400000,1.35676000,0.42662694,0.54641310
1126.20000000,5.12125000,1.35276000,0.42670220,0.54650935
1126.40000000,5.12262000,1.38086000,0.42677814,0.54660759
1126.60000000,5.12262000,1.38086000,0.42685485,0.54670586
1126.80000000,5.12375000,1.37504000,0.42693140,0.54680368
1127.00000000,5.12187000,1.36060000,0.42700739,0.54690047
1127.20000000,5.12212000,1.36505000,0.42708311,0.54699758
1127.40000000,5.12212000,1.36505000,0.42715894,0.54709471
1127.60000000,5.12312000,1.38099000,0.42723522,0.54719297
1127.80000000,5.12275000,1.38265000,0.42731199,0.54729133
1128.00000000,5.12225000,1.37718000,0.42738865,0.54738931
1128.20000000,5.12350000,1.33481000,0.42746398,0.54748429
1128.40000000,5.12350000,1.33481000,0.42753814,0.54757924
1128.60000000,5.12150000,1.32416000,0.42761200,0.54767345
1128.80000000,5.12237000,1.34547000,0.42768616,0.54776918
1129.00000000,5.12275000,1.38966000,0.42776213,0.54786805
1129.20000000,5.12275000,1.38966000,0.42783934,0.54796692
1129.40000000,5.12262000,1.36569000,0.42791587,0.54806408
1129.60000000,5.12262000,1.36284000,0.42799167,0.54816105
1129.80000000,5.12300000,1.37571000,0.42806774,0.54825894
1130.00000000,5.12337000,1.36262000,0.42814380,0.54835590
1130.20000000,5.12337000,1.36262000,0.42821950,0.54845286
1130.40000000,5.12350000,1.36329000,0.42829522,0.54854987
1130.60000000,5.12337000,1.36876000,0.42837111,0.54864727
1130.80000000,5.12337000,1.36483000,0.42844705,0.54874439
1131.00000000,5.12337000,1.36483000,0.42852287,0.54884150
1131.20000000,5.12300000,1.35977000,0.42859855,0.54893825
1131.40000000,5.12262000,1.37680000,0.42867457,0.54903621
1131.60000000,5.12300000,1.38326000,0.42875124,0.54913463
1131.80000000,5.12300000,1.38326000,0.42882808,0.54923306
1132.00000000,5.12350000,1.36777000,0.42890450,0.54933039
1132.20000000,5.12300000,1.36064000,0.42898029,0.54942720
1132.40000000,5.12312000,1.37385000,0.42905625,0.54952497
1132.60000000,5.12362000,1.36825000,0.42913242,0.54962233
1132.80000000,5.12362000,1.36825000,0.42920843,0.54971969
1133.00000000,5.12325000,1.36572000,0.42928438,0.54981686
1133.20000000,5.12250000,1.35961000,0.42936008,0.54991359
1133.40000000,5.12287000,1.37264000,0.42943598,0.55001126
1133.60000000,5.12287000,1.37264000,0.42951223,0.55010892
1133.80000000,5.12275000,1.36963000,0.42958841,0.55020638
1134.00000000,5.12312000,1.37411000,0.42966462,0.55030414
1134.20000000,5.12275000,1.38022000,0.42974113,0.55040235
1134.40000000,5.12300000,1.35820000,0.42981720,0.55049899
1134.60000000,5.12300000,1.35820000,0.42989265,0.55059562
1134.80000000,5.12262000,1.35200000,0.42996794,0.55069181
1135.00000000,5.12262000,1.37436000,0.43004367,0.55078960
1135.20000000,5.12287000,1.36876000,0.43011987,0.55088699
1135.40000000,5.12287000,1.36876000,0.43019591,0.55098439
1135.60000000,5.12325000,1.36105000,0.43027174,0.55108122
1135.80000000,5.12250000,1.37875000,0.43034784,0.55117931
1136.00000000,5.12237000,1.36150000,0.43042396,0.55127618
1136.20000000,5.12275000,1.37020000,0.43049984,0.55137367
1136.40000000,5.12275000,1.37020000,0.43057596,0.55147116
1136.60000000,5.12287000,1.37356000,0.43065218,0.55156890
1136.80000000,5.12325000,1.36960000,0.43072838,0.55166634
1137.00000000,5.12287000,1.37340000,0.43080457,0.55176406
1137.20000000,5.12287000,1.37340000,0.43088087,0.55186179
1137.40000000,5.12312000,1.36828000,0.43095703,0.55195913
1137.60000000,5.12237000,1.33990000,0.43103226,0.55205447
1137.80000000,5.12287000,1.33379000,0.43110653,0.55214936
1138.00000000,5.12237000,1.36902000,0.43118161,0.55224676
1138.20000000,5.12237000,1.36902000,0.43125766,0.55234417
1138.40000000,5.12325000,1.35865000,0.43133343,0.55244085
1138.60000000,5.12337000,1.37289000,0.43140931,0.55253855
1138.80000000,5.12387000,1.36233000,0.43148529,0.55263550
1139.00000000,5.12350000,1.37913000,0.43156144,0.55273364
1139.20000000,5.12350000,1.37913000,0.43163806,0.55283178
1139.40000000,5.12362000,1.36777000,0.43171436,0.55292910
1139.60000000,5.12325000,1.37350000,0.43179050,0.55302684
1139.80000000,5.12362000,1.37036000,0.43186672,0.55312436
1140.00000000,5.12362000,1.37036000,0.43194285,0.55322188
1140.20000000,5.12350000,1.36659000,0.43201888,0.55331911
1140.40000000,5.12312000,1.35539000,0.43209449,0.55341555
1140.60000000,5.12287000,1.35116000,0.43216967,0.55351169
1140.80000000,5.12287000,1.36784000,0.43224520,0.55360901
1141.00000000,5.12287000,1.36784000,0.43232119,0.55370634
1141.20000000,5.12312000,1.37008000,0.43239725,0.55380381
1141.40000000,5.12250000,1.36243000,0.43247315,0.55390076
1141.60000000,5.12325000,1.37187000,0.43254910,0.55399838
1141.80000000,5.12325000,1.37187000,0.43262532,0.55409599
1142.00000000,5.12325000,1.33033000,0.43270038,0.55419065
1142.20000000,5.12300000,1.36611000,0.43277528,0.55428784
1142.40000000,5.12225000,1.33235000,0.43285024,0.55438263
1142.60000000,5.12312000,1.36892000,0.43292527,0.55448003
1142.80000000,5.12312000,1.36892000,0.43300132,0.55457743
1143.00000000,5.12287000,1.37052000,0.43307742,0.55467494
1143.20000000,5.12262000,1.36336000,0.43315336,0.55477194
1143.40000000,5.12237000,1.36755000,0.43322922,0.55486923
1143.60000000,5.12237000,1.36755000,0.43330519,0.55496653
1143.80000000,5.12237000,1.36147000,0.43338100,0.55506339
1144.00000000,5.12250000,1.38995000,0.43345743,0.55516232
1144.20000000,5.12450000,1.41811000,0.43353543,0.55526325
1144.40000000,5.12450000,1.41811000,0.43361421,0.55536417
1144.60000000,5.12387000,1.41561000,0.43369293,0.55546490
1144.80000000,5.12362000,1.37123000,0.43377034,0.55556248
1145.00000000,5.12362000,1.36412000,0.43384632,0.55565956
1145.20000000,5.12362000,1.36412000,0.43392211,0.55575662
1145.40000000,5.12337000,1.36851000,0.43399801,0.55585400
1145.60000000,5.12325000,1.37308000,0.43407417,0.55595169
1145.80000000,5.12250000,1.36134000,0.43415012,0.55604855
1146.00000000,5.12300000,1.36156000,0.43422576,0.55614543
1146.20000000,5.12300000,1.36156000,0.43430140,0.55624232
1146.40000000,5.12337000,1.36540000,0.43437715,0.55633948
1146.60000000,5.12325000,1.38678000,0.43445360,0.55643816
1146.80000000,5.12362000,1.36281000,0.43452998,0.55653514
1147.00000000,5.12362000,1.36281000,0.43460569,0.55663210
1147.20000000,5.12275000,1.34988000,0.43468104,0.55672813
1147.40000000,5.12187000,1.36614000,0.43475649,0.55682533
1147.60000000,5.12287000,1.36179000,0.43483226,0.55692222
1147.80000000,5.12275000,1.36515000,0.43490801,0.55701935
1148.00000000,5.12275000,1.36515000,0.43498385,0.55711648
1148.20000000,5.12287000,1.36371000,0.43505965,0.55721350
1148.40000000,5.12212000,1.35968000,0.43513530,0.55731023
1148.60000000,5.12237000,1.36496000,0.43521099,0.55740734
1148.80000000,5.12262000,1.36454000,0.43528681,0.55750442
1149.00000000,5.12262000,1.36454000,0.43536262,0.55760151
1149.20000000,5.12262000,1.37747000,0.43543878,0.55769951
1149.40000000,5.12237000,1.34694000,0.43551446,0.55779534
1149.60000000,5.12275000,1.36438000,0.43558977,0.55789241
1149.80000000,5.12275000,1.36438000,0.43566557,0.55798949
1150.00000000,5.12300000,1.37219000,0.43574159,0.55808712
1150.20000000,5.12250000,1.36512000,0.43581763,0.55818425
1150.40000000,5.12275000,1.36812000,0.43589355,0.55828159
1150.60000000,5.12262000,1.36982000,0.43596960,0.55837904
1150.80000000,5.12262000,1.36982000,0.43604570,0.55847652
1151.00000000,5.12350000,1.36739000,0.43612174,0.55857381
1151.20000000,5.12262000,1.37097000,0.43619780,0.55867136
1151.40000000,5.12325000,1.36188000,0.43627372,0.55876827
1151.60000000,5.12325000,1.36188000,0.43634938,0.55886517
1151.80000000,5.12337000,1.37212000,0.43642532,0.55896281
1152.00000000,5.12325000,1.36438000,0.43650133,0.55905989
1152.20000000,5.12287000,1.33843000,0.43657641,0.55915512
1152.40000000,5.12175000,1.35667000,0.43665128,0.55925162
1152.60000000,5.12175000,1.35667000,0.43672665,0.55934817
1152.80000000,5.12375000,1.38835000,0.43680290,0.55944695
1153.00000000,5.12287000,1.37139000,0.43687956,0.55954453
1153.20000000,5.12287000,1.36700000,0.43695562,0.55964179
1153.40000000,5.12287000,1.36700000,0.43703157,0.55973904
1153.60000000,5.12212000,1.37059000,0.43710761,0.55983657
1153.80000000,5.12337000,1.37302000,0.43718382,0.55993426
1154.00000000,5.12275000,1.37817000,0.43726025,0.56003231
1154.20000000,5.12312000,1.36732000,0.43733651,0.56012960
1154.40000000,5.12312000,1.36732000,0.43741247,0.56022689
1154.60000000,5.12275000,1.37366000,0.43748861,0.56032465
1154.80000000,5.12400000,1.37001000,0.43756482,0.56042212
1155.00000000,5.12262000,1.35401000,0.43764049,0.56051845
1155.20000000,5.12262000,1.35401000,0.43771571,0.56061481
1155.40000000,5.12362000,1.37347000,0.43779148,0.56071254
1155.60000000,5.12350000,1.38451000,0.43786809,0.56081105
1155.80000000,5.12287000,1.36604000,0.43794449,0.56090825
1156.00000000,5.12287000,1.36604000,0.43802038,0.56100545
1156.20000000,5.12312000,1.33593000,0.43809544,0.56110050
1156.40000000,5.12275000,1.37984000,0.43817087,0.56119868
1156.60000000,5.12325000,1.38640000,0.43824771,0.56129733
1156.80000000,5.12325000,1.38640000,0.43832474,0.56139599
1157.00000000,5.12375000,1.36585000,0.43840119,0.56149317
1157.20000000,5.12250000,1.36844000,0.43847714,0.56159052
1157.40000000,5.12212000,1.33417000,0.43855221,0.56168545
1157.60000000,5.12312000,1.36358000,0.43862715,0.56178248
1157.80000000,5.12312000,1.36358000,0.43870290,0.56187948
1158.00000000,5.12200000,1.36515000,0.43877870,0.56197662
1158.20000000,5.12350000,1.37276000,0.43885476,0.56207430
1158.40000000,5.12312000,1.36864000,0.43893091,0.56217169
1158.60000000,5.12312000,1.36864000,0.43900694,0.56226907
1158.80000000,5.12325000,1.38217000,0.43908335,0.56236742
1159.00000000,5.12287000,1.36835000,0.43915976,0.56246480
1159.20000000,5.12412000,1.39280000,0.43923645,0.56256391
1159.40000000,5.12337000,1.38233000,0.43931354,0.56266227
1159.60000000,5.12337000,1.38233000,0.43939034,0.56276062
1159.80000000,5.12275000,1.34566000,0.43946612,0.56285638
1160.00000000,5.12325000,1.36649000,0.43954145,0.56295361
1160.20000000,5.12337000,1.39372000,0.43961813,0.56305278
1160.40000000,5.12312000,1.36262000,0.43969469,0.56314974
1160.60000000,5.12312000,1.36262000,0.43977039,0.56324671
1160.80000000,5.12375000,1.34012000,0.43984547,0.56334206
1161.00000000,5.12287000,1.36499000,0.43992061,0.56343920
1161.20000000,5.12387000,1.36060000,0.43999632,0.56353602
1161.40000000,5.12387000,1.36060000,0.44007191,0.56363284
1161.60000000,5.12337000,1.38502000,0.44014818,0.56373141
1161.80000000,5.12412000,1.37222000,0.44022477,0.56382906
1162.00000000,5.12375000,1.36713000,0.44030086,0.56392636
1162.20000000,5.12400000,1.35792000,0.44037656,0.56402300
1162.40000000,5.12400000,1.35792000,0.44045200,0.56411961
1162.60000000,5.12275000,1.34688000,0.44052713,0.56421545
1162.80000000,5.12350000,1.38499000,0.44060301,0.56431402
1163.00000000,5.12387000,1.36854000,0.44067950,0.56441141
1163.20000000,5.12387000,1.36854000,0.44075553,0.56450879
1163.40000000,5.12312000,1.35292000,0.44083113,0.56460505
1163.60000000,5.12275000,1.36521000,0.44090663,0.56470218
1163.80000000,5.12275000,1.36240000,0.44098240,0.56479913
1164.00000000,5.12337000,1.36896000,0.44105827,0.56489654
1164.20000000,5.12337000,1.36896000,0.44113432,0.56499394
1164.40000000,5.12287000,1.34620000,0.44120974,0.56508974
1164.60000000,5.12350000,1.36604000,0.44128508,0.56518694
1164.80000000,5.12337000,1.37315000,0.44136117,0.56528465
1165.00000000,5.12337000,1.37315000,0.44143746,0.56538236
1165.20000000,5.12337000,1.35427000,0.44151322,0.56547874
1165.40000000,5.12375000,1.32262000,0.44158758,0.56557286
1165.60000000,5.12400000,1.33696000,0.44166145,0.56566801
1165.80000000,5.12400000,1.36972000,0.44173664,0.56576549
1166.00000000,5.12400000,1.36972000,0.44181274,0.56586298
1166.20000000,5.12450000,1.37110000,0.44188887,0.56596055
1166.40000000,5.12387000,1.36115000,0.44196477,0.56605742
1166.60000000,5.12412000,1.38454000,0.44204103,0.56615595
1166.80000000,5.12387000,1.36499000,0.44211741,0.56625309
1167.00000000,5.12387000,1.36499000,0.44219324,0.56635023
1167.20000000,5.12375000,1.37779000,0.44226943,0.56644828
1167.40000000,5.12375000,1.36912000,0.44234573,0.56654571
1167.60000000,5.12350000,1.36979000,0.44242182,0.56664318
1167.80000000,5.12350000,1.36979000,0.44249792,0.56674066
1168.00000000,5.12400000,1.34806000,0.44257341,0.56683659
1168.20000000,5.12337000,1.36937000,0.44264890,0.56693405
1168.40000000,5.12425000,1.35136000,0.44272447,0.56703022
1168.60000000,5.12375000,1.36588000,0.44279995,0.56712742
1168.80000000,5.12375000,1.36588000,0.44287583,0.56722462
1169.00000000,5.12362000,1.33964000,0.44295099,0.56731996
1169.20000000,5.12387000,1.37171000,0.44302630,0.56741757
1169.40000000,5.12362000,1.36790000,0.44310240,0.56751492
1169.60000000,5.12362000,1.36790000,0.44317840,0.56761226
1169.80000000,5.12350000,1.37132000,0.44325448,0.56770984
1170.00000000,5.12362000,1.37430000,0.44333075,0.56780763
1170.20000000,5.12325000,1.35065000,0.44340645,0.56790374
1170.40000000,5.12325000,1.35065000,0.44348148,0.56799985
1170.60000000,5.12362000,1.36096000,0.44355680,0.56809669
1170.80000000,5.12300000,1.37337000,0.44363276,0.56819443
1171.00000000,5.12425000,1.36793000,0.44370890,0.56829179
1171.20000000,5.12425000,1.36793000,0.44378490,0.56838914
1171.40000000,5.12387000,1.37305000,0.44386104,0.56848685
1171.60000000,5.12412000,1.38755000,0.44393772,0.56858558
1171.80000000,5.12312000,1.36352000,0.44401414,0.56868262
1172.00000000,5.12375000,1.38259000,0.44409042,0.56878101
1172.20000000,5.12375000,1.38259000,0.44416723,0.56887940
1172.40000000,5.12412000,1.36140000,0.44424345,0.56897628
1172.60000000,5.12337000,1.37171000,0.44431937,0.56907390
1172.80000000,5.12400000,1.37798000,0.44439575,0.56917196
1173.00000000,5.12400000,1.37798000,0.44447231,0.56927002
1173.20000000,5.12350000,1.34076000,0.44454783,0.56936543
1173.40000000,5.12375000,1.37305000,0.44462321,0.56946315
1173.60000000,5.12425000,1.37235000,0.44469947,0.56956080
1173.80000000,5.12325000,1.36502000,0.44477551,0.56965793
1174.00000000,5.12325000,1.36502000,0.44485135,0.56975506
1174.20000000,5.12325000,1.37292000,0.44492740,0.56985275
1174.40000000,5.12325000,1.36796000,0.44500354,0.56995011
1174.60000000,5.12387000,1.36448000,0.44507944,0.57004721
1174.80000000,5.12275000,1.35065000,0.44515486,0.57014331
1175.00000000,5.12275000,1.35065000,0.44522989,0.57023941
1175.20000000,5.12325000,1.37523000,0.44530561,0.57033727
1175.40000000,5.12312000,1.37475000,0.44538200,0.57043510
1175.60000000,5.12400000,1.36876000,0.44545821,0.57053251
1175.80000000,5.12400000,1.36876000,0.44553425,0.57062991
1176.00000000,5.12312000,1.37913000,0.44561058,0.57072806
1176.20000000,5.12412000,1.38732000,0.44568743,0.57082678
1176.40000000,5.12350000,1.34502000,0.44576333,0.57092248
1176.60000000,5.12300000,1.37702000,0.44583894,0.57102046
1176.80000000,5.12300000,1.37702000,0.44591544,0.57111845
1177.00000000,5.12375000,1.36627000,0.44599164,0.57121567
1177.20000000,5.12312000,1.37900000,0.44606790,0.57131380
1177.40000000,5.12337000,1.37744000,0.44614447,0.57141181
1177.60000000,5.12337000,1.37744000,0.44622099,0.57150983
1177.80000000,5.12375000,1.35516000,0.44629690,0.57160626
1178.00000000,5.12325000,1.36531000,0.44637247,0.57170342
1178.20000000,5.12362000,1.38716000,0.44644892,0.57180212
1178.40000000,5.12287000,1.36352000,0.44652533,0.57189913
1178.60000000,5.12287000,1.36352000,0.44660108,0.57199617
1178.80000000,5.12375000,1.36867000,0.44667698,0.57209356
1179.00000000,5.12350000,1.38054000,0.44675334,0.57219181
1179.20000000,5.12400000,1.35120000,0.44682922,0.57228797
1179.40000000,5.12400000,1.35120000,0.44690429,0.57238411
1179.60000000,5.12312000,1.35824000,0.44697955,0.57248076
1179.80000000,5.12312000,1.36592000,0.44705522,0.57257797
1180.00000000,5.12400000,1.37379000,0.44713133,0.57267572
1180.20000000,5.12337000,1.37184000,0.44720760,0.57277334
1180.40000000,5.12337000,1.37184000,0.44728381,0.57287094
1180.60000000,5.12250000,1.36400000,0.44735980,0.57296800
1180.80000000,5.12325000,1.36224000,0.44743553,0.57306493
1181.00000000,5.12325000,1.35043000,0.44751089,0.57316102
1181.20000000,5.12325000,1.35043000,0.44758591,0.57325712
1181.40000000,5.12350000,1.37635000,0.44766165,0.57335506
1181.60000000,5.12350000,1.38384000,0.44773832,0.57345352
1181.80000000,5.12300000,1.34979000,0.44781426,0.57354956
1182.00000000,5.12325000,1.37264000,0.44788988,0.57364723
1182.20000000,5.12325000,1.37264000,0.44796614,0.57374491
1182.40000000,5.12325000,1.35532000,0.44804192,0.57384135
1182.60000000,5.12337000,1.37302000,0.44811770,0.57393903
1182.80000000,5.12262000,1.36662000,0.44819380,0.57403627
1183.00000000,5.12262000,1.36662000,0.44826973,0.57413351
1183.20000000,5.12312000,1.36832000,0.44834570,0.57423086
1183.40000000,5.12275000,1.36995000,0.44842176,0.57432834
1183.60000000,5.12312000,1.37174000,0.44849792,0.57442595
1183.80000000,5.12350000,1.34374000,0.44857335,0.57452157
1184.00000000,5.12350000,1.34374000,0.44864800,0.57461720
1184.20000000,5.12412000,1.46694000,0.44872608,0.57472158
1184.40000000,5.12312000,1.36377000,0.44880471,0.57481862
1184.60000000,5.12337000,1.36684000,0.44888056,0.57491588
1184.80000000,5.12337000,1.36684000,0.44895649,0.57501313
1185.00000000,5.12287000,1.31088000,0.44903087,0.57510640
1185.20000000,5.12262000,1.36265000,0.44910514,0.57520334
1185.40000000,5.12225000,1.35734000,0.44918069,0.57529991
1185.60000000,5.12312000,1.36793000,0.44925640,0.57539724
1185.80000000,5.12312000,1.36793000,0.44933239,0.57549457
1186.00000000,5.12312000,1.36204000,0.44940822,0.57559150
1186.20000000,5.12350000,1.39369000,0.44948477,0.57569066
1186.40000000,5.12300000,1.36534000,0.44956141,0.57578781
1186.60000000,5.12300000,1.36534000,0.44963726,0.57588495
1186.80000000,5.12262000,1.34803000,0.44971264,0.57598088
1187.00000000,5.12350000,1.37145000,0.44978818,0.57607845
1187.20000000,5.12262000,1.33814000,0.44986344,0.57617366
1187.40000000,5.12262000,1.33814000,0.44993778,0.57626888
1187.60000000,5.12387000,1.37232000,0.45001308,0.57636654
1187.80000000,5.12337000,1.37062000,0.45008927,0.57646407
1188.00000000,5.12362000,1.37596000,0.45016556,0.57656199
1188.20000000,5.12387000,1.36268000,0.45024164,0.57665897
1188.40000000,5.12387000,1.36268000,0.45031734,0.57675594
1188.60000000,5.12375000,1.31932000,0.45039184,0.57684980
1188.80000000,5.12237000,1.30400000,0.45046471,0.57694260
1189.00000000,5.12387000,1.35286000,0.45053851,0.57703888
1189.20000000,5.12387000,1.35286000,0.45061367,0.57713515
1189.40000000,5.12362000,1.38435000,0.45068970,0.57723367
1189.60000000,5.12425000,1.37091000,0.45076624,0.57733122
1189.80000000,5.12325000,1.36643000,0.45084228,0.57742846
1190.00000000,5.12350000,1.37344000,0.45091838,0.57752619
1190.20000000,5.12350000,1.37344000,0.45099469,0.57762393
1190.40000000,5.12400000,1.36873000,0.45107086,0.57772133
1190.60000000,5.12337000,1.36934000,0.45114691,0.57781876
1190.80000000,5.12312000,1.38156000,0.45122333,0.57791708
1191.00000000,5.12375000,1.36656000,0.45129967,0.57801433
1191.20000000,5.12375000,1.36656000,0.45137559,0.57811157
1191.40000000,5.12362000,1.36262000,0.45145140,0.57820854
1191.60000000,5.12375000,1.39648000,0.45152804,0.57830792
1191.80000000,5.12362000,1.35190000,0.45160438,0.57840412
1192.00000000,5.12362000,1.35190000,0.45167949,0.57850033
1192.20000000,5.12412000,1.36857000,0.45175506,0.57859772
1192.40000000,5.12350000,1.36444000,0.45183097,0.57869482
1192.60000000,5.12400000,1.36976000,0.45190692,0.57879230
1192.80000000,5.12387000,1.36614000,0.45198292,0.57888952
1193.00000000,5.12387000,1.36614000,0.45205882,0.57898673
1193.20000000,5.12325000,1.37033000,0.45213483,0.57908425
1193.40000000,5.12375000,1.31984000,0.45220956,0.57917816
1193.60000000,5.12312000,1.34464000,0.45228357,0.57927384
1193.80000000,5.12312000,1.34464000,0.45235827,0.57936952
1194.00000000,5.12325000,1.36636000,0.45243358,0.57946674
1194.20000000,5.12325000,1.39830000,0.45251037,0.57956625
1194.40000000,5.12375000,1.36355000,0.45258709,0.57966328
1194.60000000,5.12350000,1.36044000,0.45266276,0.57976009
1194.80000000,5.12350000,1.36044000,0.45273834,0.57985690
1195.00000000,5.12387000,1.36563000,0.45281406,0.57995407
1195.20000000,5.12300000,1.36905000,0.45289003,0.58005151
1195.40000000,5.12412000,1.37235000,0.45296618,0.58014917
1195.60000000,5.12412000,1.37235000,0.45304242,0.58024682
1195.80000000,5.12287000,1.37084000,0.45311862,0.58034438
1196.00000000,5.12412000,1.38160000,0.45319507,0.58044268
1196.20000000,5.12287000,1.38281000,0.45327186,0.58054107
1196.40000000,5.12337000,1.36630000,0.45334823,0.58063829
1196.60000000,5.12337000,1.36630000,0.45342413,0.58073552
1196.80000000,5.12337000,1.37372000,0.45350024,0.58083329
1197.00000000,5.12450000,1.35958000,0.45357617,0.58093003
1197.20000000,5.12312000,1.35958000,0.45365170,0.58102677
1197.40000000,5.12312000,1.35958000,0.45372723,0.58112351
1197.60000000,5.12337000,1.36361000,0.45380288,0.58122055
1197.80000000,5.12387000,1.37011000,0.45387881,0.58131804
1198.00000000,5.12312000,1.37507000,0.45395507,0.58141589
1198.20000000,5.12312000,1.37507000,0.45403146,0.58151374
1198.40000000,5.12387000,1.34985000,0.45410715,0.58160980
1198.60000000,5.12350000,1.39868000,0.45418350,0.58170934
1198.80000000,5.12425000,1.38425000,0.45426081,0.58180786
1199.00000000,5.12300000,1.37414000,0.45433743,0.58190563
1199.20000000,5.12300000,1.37414000,0.45441377,0.58200342
1199.40000000,5.12375000,1.37571000,0.45449015,0.58210131
1199.60000000,5.12312000,1.36393000,0.45456626,0.58219836
1199.80000000,5.12325000,1.37084000,0.45464222,0.58229590
1200.00000000,5.12325000,1.37084000,0.45471838,0.58239343
1200.20000000,5.12212000,1.37382000,0.45479462,0.58249118
1200.40000000,5.12300000,1.36652000,0.45487074,0.58258840
1200.60000000,5.12225000,1.37043000,0.45494677,0.58268590
1200.80000000,5.12287000,1.37203000,0.45502295,0.58278352
1201.00000000,5.12287000,1.37203000,0.45509917,0.58288115
1201.20000000,5.12312000,1.36003000,0.45517506,0.58297792
1201.40000000,5.12312000,1.37088000,0.45525092,0.58307548
1201.60000000,5.12375000,1.39120000,0.45532764,0.58317448
1201.80000000,5.12375000,1.39120000,0.45540493,0.58327347
1202.00000000,5.12300000,1.36614000,0.45548152,0.58337069
1202.20000000,5.12362000,1.37081000,0.45555755,0.58346823
1202.40000000,5.12362000,1.37056000,0.45563370,0.58356576
1202.60000000,5.12362000,1.36988000,0.45570982,0.58366325
1202.80000000,5.12362000,1.36988000,0.45578593,0.58376071
1203.00000000,5.12262000,1.33136000,0.45586096,0.58385544
1203.20000000,5.12275000,1.37209000,0.45593606,0.58395307
1203.40000000,5.12337000,1.37164000,0.45601227,0.58405067
1203.60000000,5.12337000,1.37164000,0.45608848,0.58414827
1203.80000000,5.12312000,1.36832000,0.45616459,0.58424564
1204.00000000,5.12362000,1.37289000,0.45624073,0.58434333
1204.20000000,5.12312000,1.36905000,0.45631690,0.58444074
1204.40000000,5.12300000,1.35376000,0.45639253,0.58453707
1204.60000000,5.12300000,1.35376000,0.45646774,0.58463340
1204.80000000,5.12362000,1.37603000,0.45654357,0.58473132
1205.00000000,5.12325000,1.36496000,0.45661970,0.58482844
1205.20000000,5.12325000,1.36550000,0.45669555,0.58492560
1205.40000000,5.12325000,1.36550000,0.45677141,0.58502278
1205.60000000,5.12400000,1.37360000,0.45684750,0.58512052
1205.80000000,5.12325000,1.34912000,0.45692313,0.58521652
1206.00000000,5.12337000,1.36278000,0.45699846,0.58531349
1206.20000000,5.12300000,1.36652000,0.45707427,0.58541072
1206.40000000,5.12300000,1.36652000,0.45715019,0.58550796
1206.60000000,5.12325000,1.38694000,0.45722668,0.58560665
1206.80000000,5.12362000,1.35548000,0.45730285,0.58570309
1207.00000000,5.12250000,1.34675000,0.45737792,0.58579891
1207.20000000,5.12250000,1.34675000,0.45745274,0.58589474
1207.40000000,5.12325000,1.37110000,0.45752823,0.58599228
1207.60000000,5.12225000,1.29833000,0.45760238,0.58608466
1207.80000000,5.12300000,1.37033000,0.45767651,0.58618216
1208.00000000,5.12350000,1.37328000,0.45775272,0.58627988
1208.20000000,5.12350000,1.37328000,0.45782902,0.58637760
1208.40000000,5.12337000,1.36816000,0.45790517,0.58647496
1208.60000000,5.12362000,1.36390000,0.45798106,0.58657202
1208.80000000,5.12375000,1.38649000,0.45805746,0.58667069
1209.00000000,5.12375000,1.38649000,0.45813448,0.58676936
1209.20000000,5.12412000,1.38595000,0.45821150,0.58686799
1209.40000000,5.12375000,1.36182000,0.45828782,0.58696489
1209.60000000,5.12300000,1.37315000,0.45836380,0.58706259
1209.80000000,5.12300000,1.37315000,0.45844008,0.58716030
1210.00000000,5.12325000,1.38524000,0.45851670,0.58725887
1210.20000000,5.12312000,1.36835000,0.45859319,0.58735624
1210.40000000,5.12325000,1.35987000,0.45866898,0.58745300
1210.60000000,5.12325000,1.37081000,0.45874483,0.58755054
1210.80000000,5.12325000,1.37081000,0.45882098,0.58764808
1211.00000000,5.12337000,1.34262000,0.45889636,0.58774362
1211.20000000,5.12337000,1.34547000,0.45897103,0.58783936
1211.40000000,5.12325000,1.36950000,0.45904644,0.58793681
1211.60000000,5.12325000,1.36950000,0.45912253,0.58803425
1211.80000000,5.12287000,1.35571000,0.45919823,0.58813071
1212.00000000,5.12300000,1.36809000,0.45927389,0.58822805
1212.20000000,5.12287000,1.35904000,0.45934964,0.58832476
1212.40000000,5.12312000,1.36092000,0.45942519,0.58842159
1212.60000000,5.12312000,1.36092000,0.45950080,0.58851843
1212.80000000,5.12325000,1.37148000,0.45957670,0.58861601
1213.00000000,5.12262000,1.36860000,0.45965281,0.58871339
1213.20000000,5.12337000,1.36451000,0.45972873,0.58881049
1213.40000000,5.12337000,1.36451000,0.45980454,0.58890757
1213.60000000,5.12262000,1.36156000,0.45988026,0.58900445
1213.80000000,5.12300000,1.35420000,0.45995570,0.58910078
1214.00000000,5.12150000,1.37795000,0.46003160,0.58919882
1214.20000000,5.12287000,1.36396000,0.46010776,0.58929587
1214.40000000,5.12287000,1.36396000,0.46018354,0.58939291
1214.60000000,5.12287000,1.36528000,0.46025935,0.58949003
1214.80000000,5.12187000,1.37110000,0.46033536,0.58958759
1215.00000000,5.12287000,1.33289000,0.46041047,0.58968243
1215.20000000,5.12287000,1.33289000,0.46048452,0.58977726
1215.40000000,5.12300000,1.37612000,0.46055977,0.58987517
1215.60000000,5.12250000,1.38819000,0.46063656,0.58997393
1215.80000000,5.12225000,1.36806000,0.46071312,0.59007127
1216.00000000,5.12275000,1.34985000,0.46078862,0.59016731
1216.20000000,5.12275000,1.34985000,0.46086361,0.59026336
1216.40000000,5.12337000,1.36294000,0.46093896,0.59036034
1216.60000000,5.12312000,1.35651000,0.46101450,0.59045685
1216.80000000,5.12262000,1.30822000,0.46108852,0.59054993
1217.00000000,5.12262000,1.30822000,0.46116120,0.59064299
1217.20000000,5.12200000,1.31590000,0.46123409,0.59073662
1217.40000000,5.12275000,1.37376000,0.46130881,0.59083436
1217.60000000,5.12300000,1.37017000,0.46138503,0.59093185
1217.80000000,5.12275000,1.37238000,0.46146121,0.59102950
1218.00000000,5.12275000,1.37238000,0.46153745,0.59112712
1218.20000000,5.12200000,1.34947000,0.46161306,0.59122313
1218.40000000,5.12225000,1.36924000,0.46168858,0.59132052
1218.60000000,5.12137000,1.35955000,0.46176438,0.59141723
1218.80000000,5.12237000,1.37750000,0.46184041,0.59151523
1219.00000000,5.12237000,1.37750000,0.46191694,0.59161321
1219.20000000,5.12150000,1.37788000,0.46199347,0.59171122
1219.40000000,5.12125000,1.34953000,0.46206924,0.59180724
1219.60000000,5.12275000,1.37504000,0.46214492,0.59190507
1219.80000000,5.12275000,1.37504000,0.46222131,0.59200290
1220.00000000,5.12225000,1.37209000,0.46229762,0.59210052
1220.20000000,5.12262000,1.37193000,0.46237384,0.59219812
1220.40000000,5.12237000,1.36697000,0.46244992,0.59229537
1220.60000000,5.12287000,1.37977000,0.46252622,0.59239354
1220.80000000,5.12287000,1.37977000,0.46260287,0.59249172
1221.00000000,5.12312000,1.37388000,0.46267936,0.59258947
1221.20000000,5.12287000,1.35804000,0.46275525,0.59268610
1221.40000000,5.12387000,1.38016000,0.46283131,0.59278432
1221.60000000,5.12387000,1.38016000,0.46290799,0.59288251
1221.80000000,5.12237000,1.32582000,0.46298315,0.59297684
1222.00000000,5.12250000,1.25702000,0.46305490,0.59306626
1222.20000000,5.12187000,1.29683000,0.46312584,0.59315851
1222.40000000,5.12187000,1.29683000,0.46319789,0.59325075
1222.60000000,5.12137000,1.32531000,0.46327072,0.59334505
1222.80000000,5.12262000,1.35731000,0.46334524,0.59344160
1223.00000000,5.12175000,1.36828000,0.46342095,0.59353893
1223.20000000,5.12175000,1.36828000,0.46349697,0.59363628
1223.40000000,5.12262000,1.36473000,0.46357288,0.59373337
1223.60000000,5.12212000,1.36608000,0.46364874,0.59383056
1223.80000000,5.12237000,1.36233000,0.46372453,0.59392749
1224.00000000,5.12287000,1.38918000,0.46380096,0.59402633
1224.20000000,5.12287000,1.38918000,0.46387814,0.59412519
1224.40000000,5.12375000,1.36934000,0.46395476,0.59422261
1224.60000000,5.12250000,1.37040000,0.46403086,0.59432011
1224.80000000,5.12250000,1.36288000,0.46410679,0.59441707
1225.00000000,5.12250000,1.36288000,0.46418250,0.59451404
1225.20000000,5.12300000,1.37190000,0.46425847,0.59461164
1225.40000000,5.12175000,1.35888000,0.46433433,0.59470831
1225.60000000,5.12225000,1.36332000,0.46440994,0.59480531
1225.80000000,5.12262000,1.33779000,0.46448497,0.59490049
1226.00000000,5.12262000,1.33779000,0.46455930,0.59499568
1226.20000000,5.12337000,1.37795000,0.46463473,0.59509371
1226.40000000,5.12200000,1.35574000,0.46471067,0.59519016
1226.60000000,5.12250000,1.37385000,0.46478649,0.59528791
1226.80000000,5.12250000,1.37385000,0.46486282,0.59538564
1227.00000000,5.12212000,1.39532000,0.46493974,0.59548494
1227.20000000,5.12375000,1.35817000,0.46501622,0.59558157
1227.40000000,5.12250000,1.36230000,0.46509179,0.59567851
1227.60000000,5.12362000,1.36736000,0.46516761,0.59577581
1227.80000000,5.12362000,1.36736000,0.46524358,0.59587309
1228.00000000,5.12250000,1.35715000,0.46531926,0.59596965
1228.20000000,5.12262000,1.36867000,0.46539498,0.59606703
1228.40000000,5.12262000,1.37465000,0.46547118,0.59616483
1228.60000000,5.12237000,1.37232000,0.46554749,0.59626246
1228.80000000,5.12237000,1.37232000,0.46562373,0.59636009
1229.00000000,5.12237000,1.37222000,0.46569996,0.59645772
1229.20000000,5.12262000,1.36438000,0.46577598,0.59655478
1229.40000000,5.12187000,1.36953000,0.46585192,0.59665220
1229.60000000,5.12187000,1.36953000,0.46592801,0.59674964
1229.80000000,5.12225000,1.36534000,0.46600397,0.59684678
1230.00000000,5.12300000,1.37510000,0.46608010,0.59694462
1230.20000000,5.12262000,1.37289000,0.46615643,0.59704228
1230.40000000,5.12187000,1.37673000,0.46623281,0.59714022
1230.60000000,5.12187000,1.37673000,0.46630929,0.59723816
1230.80000000,5.12225000,1.35577000,0.46638520,0.59733461
1231.00000000,5.12212000,1.35980000,0.46646063,0.59743135
1231.20000000,5.12212000,1.36486000,0.46653631,0.59752845
1231.40000000,5.12212000,1.36486000,0.46661214,0.59762557
1231.60000000,5.12325000,1.38742000,0.46668859,0.59772426
1231.80000000,5.12187000,1.35376000,0.46676474,0.59782058
1232.00000000,5.12275000,1.34998000,0.46683984,0.59791664
1232.20000000,5.12300000,1.37612000,0.46691557,0.59801455
1232.40000000,5.12300000,1.37612000,0.46699202,0.59811247
1232.60000000,5.12300000,1.36544000,0.46706817,0.59820962
1232.80000000,5.12275000,1.37504000,0.46714430,0.59830744
1233.00000000,5.12237000,1.39587000,0.46722127,0.59840675
1233.20000000,5.12237000,1.39587000,0.46729881,0.59850608
1233.40000000,5.12337000,1.37523000,0.46737579,0.59860392
1233.60000000,5.12250000,1.35376000,0.46745159,0.59870022
1233.80000000,5.12200000,1.36243000,0.46752704,0.59879715
1234.00000000,5.12200000,1.38364000,0.46760332,0.59889558
1234.20000000,5.12200000,1.38364000,0.46768019,0.59899402
1234.40000000,5.12262000,1.36406000,0.46775652,0.59909106
1234.60000000,5.12212000,1.35897000,0.46783216,0.59918775
1234.80000000,5.12287000,1.34857000,0.46790737,0.59928370
1235.00000000,5.12287000,1.34857000,0.46798229,0.59937964
1235.20000000,5.12212000,1.36608000,0.46805769,0.59947682
1235.40000000,5.12187000,1.36640000,0.46813360,0.59957403
1235.60000000,5.12212000,1.35616000,0.46820922,0.59967050
1235.80000000,5.12212000,1.35616000,0.46828456,0.59976699
1236.00000000,5.12250000,1.35507000,0.46835988,0.59986341
1236.20000000,5.12300000,1.32947000,0.46843445,0.59995797
1236.40000000,5.12112000,1.33344000,0.46850842,0.60005281
1236.60000000,5.12150000,1.37436000,0.46858363,0.60015057
1236.80000000,5.12150000,1.37436000,0.46865999,0.60024835
1237.00000000,5.12262000,1.37993000,0.46873650,0.60034654
1237.20000000,5.12287000,1.36944000,0.46881287,0.60044396
1237.40000000,5.12200000,1.37296000,0.46888904,0.60054163
1237.60000000,5.12200000,1.37296000,0.46896532,0.60063930
1237.80000000,5.12225000,1.35692000,0.46904115,0.60073583
1238.00000000,5.12200000,1.34224000,0.46911613,0.60083133
1238.20000000,5.12237000,1.36809000,0.46919141,0.60092867
1238.40000000,5.12287000,1.38243000,0.46926782,0.60102703
1238.60000000,5.12287000,1.38243000,0.46934462,0.60112538
1238.80000000,5.12250000,1.35033000,0.46942053,0.60122145
1239.00000000,5.12237000,1.38857000,0.46949661,0.60132025
1239.20000000,5.12300000,1.36518000,0.46957310,0.60141739
1239.40000000,5.12300000,1.36518000,0.46964895,0.60151452
1239.60000000,5.12275000,1.37376000,0.46972503,0.60161226
1239.80000000,5.12250000,1.40118000,0.46980211,0.60171194
1240.00000000,5.12212000,1.40211000,0.46987998,0.60181171
1240.20000000,5.12337000,1.34358000,0.46995625,0.60190731
1240.40000000,5.12337000,1.34358000,0.47003089,0.60200292
1240.60000000,5.12325000,1.37692000,0.47010646,0.60210088
1240.80000000,5.12262000,1.36579000,0.47018265,0.60219805
1241.00000000,5.12212000,1.34681000,0.47025800,0.60229386
1241.20000000,5.12212000,1.34681000,0.47033282,0.60238967
1241.40000000,5.12212000,1.36611000,0.47040818,0.60248685
1241.60000000,5.12187000,1.37968000,0.47048445,0.60258501
1241.80000000,5.12262000,1.36156000,0.47056060,0.60268188
1242.00000000,5.12225000,1.37305000,0.47063656,0.60277956
1242.20000000,5.12225000,1.37305000,0.47071284,0.60287724
1242.40000000,5.12237000,1.36483000,0.47078889,0.60297435
1242.60000000,5.12262000,1.37232000,0.47086492,0.60307198
1242.80000000,5.12237000,1.36515000,0.47094096,0.60316910
1243.00000000,5.12237000,1.36515000,0.47101680,0.60326623
1243.20000000,5.12262000,1.38166000,0.47109310,0.60336453
1243.40000000,5.12262000,1.37091000,0.47116956,0.60346207
1243.60000000,5.12250000,1.34924000,0.47124512,0.60355806
1243.80000000,5.12275000,1.37356000,0.47132076,0.60365579
1244.00000000,5.12275000,1.37356000,0.47139707,0.60375352
1244.20000000,5.12287000,1.37593000,0.47147344,0.60385141
1244.40000000,5.12212000,1.36566000,0.47154960,0.60394857
1244.60000000,5.12275000,1.37667000,0.47162577,0.60404652
1244.80000000,5.12275000,1.36928000,0.47170205,0.60414394
1245.00000000,5.12275000,1.36928000,0.47177812,0.60424136
1245.20000000,5.12250000,1.37529000,0.47185436,0.60433920
1245.40000000,5.12200000,1.35900000,0.47193031,0.60443588
1245.60000000,5.12200000,1.31094000,0.47200448,0.60452914
1245.80000000,5.12200000,1.31094000,0.47207731,0.60462240
1246.00000000,5.12237000,1.36774000,0.47215171,0.60471971
1246.20000000,5.12262000,1.36790000,0.47222770,0.60481704
1246.40000000,5.12300000,1.37008000,0.47230376,0.60491453
1246.60000000,5.12300000,1.37008000,0.47237987,0.60501200
1246.80000000,5.12212000,1.36726000,0.47245591,0.60510930
1247.00000000,5.12387000,1.51222000,0.47253590,0.60521689
1247.20000000,5.12262000,1.36700000,0.47261587,0.60531414
1247.40000000,5.12237000,1.36435000,0.47269175,0.60541121
1247.60000000,5.12237000,1.36435000,0.47276754,0.60550827
1247.80000000,5.12237000,1.34684000,0.47284285,0.60560410
1248.00000000,5.12300000,1.36585000,0.47291821,0.60570128
1248.20000000,5.12262000,1.39244000,0.47299483,0.60580035
1248.40000000,5.12262000,1.39244000,0.47307218,0.60589942
1248.60000000,5.12275000,1.34841000,0.47314832,0.60599535
1248.80000000,5.12225000,1.36793000,0.47322377,0.60609266
1249.00000000,5.12212000,1.37321000,0.47329991,0.60619036
1249.20000000,5.12212000,1.37321000,0.47337620,0.60628807
1249.40000000,5.12325000,1.36844000,0.47345236,0.60638542
1249.60000000,5.12225000,1.36198000,0.47352821,0.60648232
1249.80000000,5.12250000,1.36841000,0.47360405,0.60657968
1250.00000000,5.12275000,1.37014000,0.47368012,0.60667717
1250.20000000,5.12275000,1.37014000,0.47375624,0.60677464
1250.40000000,5.12237000,1.33904000,0.47383149,0.60686992
1250.60000000,5.12275000,1.36492000,0.47390660,0.60696704
1250.80000000,5.12312000,1.36691000,0.47398249,0.60706430
1251.00000000,5.12312000,1.36691000,0.47405843,0.60716155
1251.20000000,5.12262000,1.34899000,0.47413387,0.60725754
1251.40000000,5.12350000,1.37952000,0.47420966,0.60735570
1251.60000000,5.12287000,1.37763000,0.47428625,0.60745371
1251.80000000,5.12237000,1.34684000,0.47436193,0.60754953
1252.00000000,5.12237000,1.34684000,0.47443675,0.60764537
1252.20000000,5.12337000,1.36755000,0.47451215,0.60774268
1252.40000000,5.12350000,1.36947000,0.47458818,0.60784012
1252.60000000,5.12287000,1.36208000,0.47466406,0.60793703
1252.80000000,5.12287000,1.36640000,0.47473985,0.60803425
1253.00000000,5.12287000,1.36640000,0.47481576,0.60813146
1253.20000000,5.12237000,1.36364000,0.47489159,0.60822848
1253.40000000,5.12225000,1.34118000,0.47496673,0.60832390
1253.60000000,5.12250000,1.35961000,0.47504175,0.60842063
1253.80000000,5.12250000,1.35961000,0.47511728,0.60851735
1254.00000000,5.12200000,1.35750000,0.47519276,0.60861393
1254.20000000,5.12275000,1.37270000,0.47526860,0.60871158
1254.40000000,5.12162000,1.36835000,0.47534474,0.60880893
1254.60000000,5.12250000,1.36579000,0.47542069,0.60890610
1254.80000000,5.12250000,1.36579000,0.47549656,0.60900327
1255.00000000,5.12237000,1.32361000,0.47557127,0.60909745
1255.20000000,5.12312000,1.36499000,0.47564595,0.60919457
1255.40000000,5.12275000,1.36166000,0.47572169,0.60929145
1255.60000000,5.12275000,1.36166000,0.47579734,0.60938834
1255.80000000,5.12312000,1.39385000,0.47587388,0.60948752
1256.00000000,5.12337000,1.36361000,0.47595048,0.60958455
1256.20000000,5.12325000,1.36556000,0.47602629,0.60968171
1256.40000000,5.12262000,1.37811000,0.47610250,0.60977976
1256.60000000,5.12262000,1.37811000,0.47617906,0.60987782
1256.80000000,5.12350000,1.36502000,0.47625526,0.60997494
1257.00000000,5.12250000,1.37136000,0.47633127,0.61007251
1257.20000000,5.12300000,1.36896000,0.47640739,0.61016992
1257.40000000,5.12300000,1.36896000,0.47648345,0.61026732
1257.60000000,5.12262000,1.36742000,0.47655946,0.61036460
1257.80000000,5.12237000,1.36179000,0.47663527,0.61046150
1258.00000000,5.12350000,1.37430000,0.47671127,0.61055930
1258.20000000,5.12250000,1.34217000,0.47678673,0.61065479
1258.40000000,5.12250000,1.34217000,0.47686129,0.61075030
1258.60000000,5.12375000,1.37689000,0.47693682,0.61084829
1258.80000000,5.12400000,1.36809000,0.47701307,0.61094564
1259.00000000,5.12337000,1.37318000,0.47708922,0.61104335
1259.20000000,5.12337000,1.37318000,0.47716551,0.61114107
1259.40000000,5.12362000,1.38252000,0.47724205,0.61123945
1259.60000000,5.12362000,1.33235000,0.47731747,0.61133425
1259.80000000,5.12287000,1.36236000,0.47739232,0.61143118
1260.00000000,5.12287000,1.36236000,0.47746801,0.61152814
1260.20000000,5.12425000,1.35852000,0.47754359,0.61162481
1260.40000000,5.12312000,1.37187000,0.47761943,0.61172243
1260.60000000,5.12337000,1.36713000,0.47769551,0.61181971
1260.80000000,5.12362000,1.36457000,0.47777139,0.61191682
1261.00000000,5.12362000,1.36457000,0.47784720,0.61201391
1261.20000000,5.12300000,1.36556000,0.47792304,0.61211108
1261.40000000,5.12337000,1.36505000,0.47799889,0.61220822
1261.60000000,5.12350000,1.38281000,0.47807522,0.61230662
1261.80000000,5.12350000,1.38281000,0.47815204,0.61240502
1262.00000000,5.12362000,1.36406000,0.47822835,0.61250208
