# 5.0 sps, start/stop: 50/0 mA (5 s), channels: 4
# V min: 5.11875, V max: 5.124
# I min: 0.17424, I max: 1.45222
Time,Voltage,Current,Capacity,Energy
0.00000000,5.12087000,1.31408000,0.00003650,0.00009346
0.20000000,5.12075000,1.33440000,0.00011007,0.00018837
0.40000000,5.12125000,1.30227000,0.00018331,0.00028100
0.60000000,5.12125000,1.30227000,0.00025566,0.00037364
0.80000000,5.12187000,1.33808000,0.00032900,0.00046881
1.00000000,5.12062000,1.31795000,0.00040278,0.00056256
1.20000000,5.12187000,1.32096000,0.00047609,0.00065650
1.40000000,5.12037000,1.32905000,0.00054970,0.00075102
1.60000000,5.12037000,1.32905000,0.00062353,0.00084556
1.80000000,5.12150000,1.32032000,0.00069713,0.00093948
2.00000000,5.12162000,1.33459000,0.00077087,0.00103440
2.20000000,5.12112000,1.29913000,0.00084403,0.00112680
2.40000000,5.12112000,1.29913000,0.00091621,0.00121921
2.60000000,5.12112000,1.31612000,0.00098885,0.00131281
2.80000000,5.12075000,1.32643000,0.00106226,0.00140716
3.00000000,5.12137000,1.32361000,0.00113587,0.00150130
3.20000000,5.12100000,1.34304000,0.00120994,0.00159683
3.40000000,5.12100000,1.34304000,0.00128456,0.00169235
3.60000000,5.12112000,1.33177000,0.00135886,0.00178707
3.80000000,5.12087000,1.31622000,0.00143241,0.00188068
4.00000000,5.12037000,1.33664000,0.00150610,0.00197573
4.20000000,5.12037000,1.33664000,0.00158036,0.00207079
4.40000000,5.12050000,1.32755000,0.00165436,0.00216520
4.60000000,5.12012000,1.32323000,0.00172800,0.00225931
4.80000000,5.12062000,1.33811000,0.00180192,0.00235446
5.00000000,5.12025000,1.33244000,0.00187611,0.00244922
5.20000000,5.12025000,1.33244000,0.00195013,0.00254399
5.40000000,5.12075000,1.40230000,0.00202610,0.00264373
5.60000000,5.12150000,1.39334000,0.00210375,0.00274285
5.80000000,5.12100000,1.40412000,0.00218146,0.00284271
6.00000000,5.12100000,1.40412000,0.00225947,0.00294260
6.20000000,5.12212000,1.38444000,0.00233693,0.00304108
6.40000000,5.12137000,1.41763000,0.00241476,0.00314189
6.60000000,5.12025000,1.39596000,0.00249292,0.00324117
6.80000000,5.12025000,1.39596000,0.00257047,0.00334045
7.00000000,5.12100000,1.36163000,0.00264707,0.00343729
7.20000000,5.12062000,1.30179000,0.00272105,0.00352988
7.40000000,5.12075000,1.34268000,0.00279451,0.00362537
7.60000000,5.12075000,1.34268000,0.00286910,0.00372086
7.80000000,5.12025000,1.33334000,0.00294344,0.00381569
8.00000000,5.12087000,1.32569000,0.00301730,0.00391001
8.20000000,5.12262000,1.32320000,0.00309088,0.00400410
8.40000000,5.11975000,1.30432000,0.00316387,0.00409684
8.60000000,5.11975000,1.30432000,0.00323633,0.00418960
8.80000000,5.12025000,1.32112000,0.00330926,0.00428356
9.00000000,5.12100000,1.33753000,0.00338311,0.00437869
9.20000000,5.12050000,1.31929000,0.00345691,0.00447251
9.40000000,5.12150000,1.32112000,0.00353025,0.00456649
9.60000000,5.12150000,1.32112000,0.00360365,0.00466045
9.80000000,5.12112000,1.33766000,0.00367750,0.00475560
10.00000000,5.12125000,1.39267000,0.00375335,0.00485463
10.20000000,5.12012000,1.38300000,0.00383045,0.00495298
10.40000000,5.12012000,1.38300000,0.00390728,0.00505133
10.60000000,5.12025000,1.38736000,0.00398424,0.00515001
10.80000000,5.12087000,1.40419000,0.00406178,0.00524987
11.00000000,5.12062000,1.38790000,0.00413934,0.00534858
11.20000000,5.12112000,1.36544000,0.00421582,0.00544570
11.40000000,5.12112000,1.36544000,0.00429168,0.00554282
11.60000000,5.12137000,1.30969000,0.00436599,0.00563596
11.80000000,5.12025000,1.31977000,0.00443903,0.00572982
12.00000000,5.12062000,1.31916000,0.00451233,0.00582364
12.20000000,5.12062000,1.31916000,0.00458562,0.00591747
12.40000000,5.12137000,1.32153000,0.00465897,0.00601146
12.60000000,5.12050000,1.32355000,0.00473244,0.00610560
12.80000000,5.12125000,1.31779000,0.00480582,0.00619933
13.00000000,5.12112000,1.32880000,0.00487933,0.00629385
13.20000000,5.12112000,1.32880000,0.00495315,0.00638836
13.40000000,5.12100000,1.32185000,0.00502678,0.00648236
13.60000000,5.12037000,1.31081000,0.00509991,0.00657558
13.80000000,5.12087000,1.32592000,0.00517315,0.00666989
14.00000000,5.12087000,1.32592000,0.00524682,0.00676421
14.20000000,5.12212000,1.33619000,0.00532076,0.00685925
14.40000000,5.12087000,1.33126000,0.00539486,0.00695391
14.60000000,5.12000000,1.32870000,0.00546875,0.00704840
14.80000000,5.12000000,1.32870000,0.00554256,0.00714289
15.00000000,5.12050000,1.29574000,0.00561547,0.00723504
15.20000000,5.12012000,1.33587000,0.00568857,0.00733005
15.40000000,5.12100000,1.29318000,0.00576160,0.00742203
15.60000000,5.12100000,1.29318000,0.00583344,0.00751402
15.80000000,5.12162000,1.33862000,0.00590654,0.00760923
16.00000000,5.12137000,1.32473000,0.00598053,0.00770345
16.20000000,5.12062000,1.31478000,0.00605385,0.00779696
16.40000000,5.12100000,1.32252000,0.00612710,0.00789103
16.60000000,5.12100000,1.32252000,0.00620058,0.00798510
16.80000000,5.12162000,1.33385000,0.00627437,0.00807997
17.00000000,5.12075000,1.33734000,0.00634857,0.00817508
17.20000000,5.12075000,1.30873000,0.00642207,0.00826816
17.40000000,5.12075000,1.30873000,0.00649477,0.00836124
17.60000000,5.12075000,1.32726000,0.00656800,0.00845564
17.80000000,5.12075000,1.40374000,0.00664386,0.00855548
18.00000000,5.12137000,1.38640000,0.00672136,0.00865409
18.20000000,5.12100000,1.40460000,0.00679889,0.00875399
18.40000000,5.12100000,1.40460000,0.00687692,0.00885392
18.60000000,5.12200000,1.41040000,0.00695512,0.00895425
18.80000000,5.12187000,1.37868000,0.00703259,0.00905231
19.00000000,5.12137000,1.39878000,0.00710974,0.00915181
19.20000000,5.12150000,1.39600000,0.00718738,0.00925111
19.40000000,5.12150000,1.39600000,0.00726493,0.00935043
19.60000000,5.12250000,1.40137000,0.00734264,0.00945011
19.80000000,5.12162000,1.36819000,0.00741957,0.00954744
20.00000000,5.12175000,1.33548000,0.00749467,0.00964244
20.20000000,5.12175000,1.33548000,0.00756886,0.00973742
20.40000000,5.12050000,1.33654000,0.00764309,0.00983249
20.60000000,5.12150000,1.33056000,0.00771717,0.00992712
20.80000000,5.12050000,1.32604000,0.00779097,0.01002143
21.00000000,5.12087000,1.32438000,0.00786459,0.01011562
21.20000000,5.12087000,1.32438000,0.00793817,0.01020983
21.40000000,5.12187000,1.32428000,0.00801174,0.01030398
21.60000000,5.11887000,1.30195000,0.00808469,0.01039657
21.80000000,5.11987000,1.31856000,0.00815748,0.01049033
22.00000000,5.11987000,1.31856000,0.00823074,0.01058410
22.20000000,5.12025000,1.30972000,0.00830374,0.01067723
22.40000000,5.12000000,1.32931000,0.00837705,0.01077177
22.60000000,5.12037000,1.32630000,0.00845082,0.01086609
22.80000000,5.11912000,1.30950000,0.00852403,0.01095919
23.00000000,5.11912000,1.30950000,0.00859678,0.01105233
23.20000000,5.12100000,1.38988000,0.00867177,0.01115118
23.40000000,5.12062000,1.37251000,0.00874850,0.01124879
23.60000000,5.12112000,1.39030000,0.00882524,0.01134768
23.80000000,5.12112000,1.39030000,0.00890248,0.01144656
24.00000000,5.12087000,1.35660000,0.00897879,0.01154304
24.20000000,5.12050000,1.36444000,0.00905437,0.01164010
24.40000000,5.12150000,1.37420000,0.00913044,0.01173785
24.60000000,5.12150000,1.37420000,0.00920679,0.01183558
24.80000000,5.12062000,1.38326000,0.00928338,0.01193396
25.00000000,5.12087000,1.38780000,0.00936036,0.01203267
25.20000000,5.12100000,1.37609000,0.00943713,0.01213054
25.40000000,5.12000000,1.36732000,0.00951334,0.01222777
25.60000000,5.12000000,1.36732000,0.00958930,0.01232503
25.80000000,5.12125000,1.38758000,0.00966583,0.01242372
26.00000000,5.12112000,1.37734000,0.00974263,0.01252167
26.20000000,5.12025000,1.38585000,0.00981939,0.01262023
26.40000000,5.12025000,1.38585000,0.00989638,0.01271881
26.60000000,5.12175000,1.39321000,0.00997357,0.01281791
26.80000000,5.12162000,1.37619000,0.01005050,0.01291579
27.00000000,5.12062000,1.38156000,0.01012710,0.01301404
27.20000000,5.12062000,1.38156000,0.01020386,0.01311231
27.40000000,5.12112000,1.39641000,0.01028102,0.01321163
27.60000000,5.12125000,1.39606000,0.01035859,0.01331094
27.80000000,5.12162000,1.40304000,0.01043635,0.01341073
28.00000000,5.12087000,1.37788000,0.01051359,0.01350873
28.20000000,5.12087000,1.37788000,0.01059014,0.01360671
28.40000000,5.12012000,1.34070000,0.01066566,0.01370207
28.60000000,5.12125000,1.32860000,0.01073981,0.01379656
28.80000000,5.12037000,1.32032000,0.01081339,0.01389046
29.00000000,5.12062000,1.33408000,0.01088712,0.01398534
29.20000000,5.12062000,1.33408000,0.01096124,0.01408022
29.40000000,5.12062000,1.32723000,0.01103516,0.01417459
29.60000000,5.11950000,1.30742000,0.01110835,0.01426759
29.80000000,5.12137000,1.32633000,0.01118151,0.01436193
30.00000000,5.12137000,1.32633000,0.01125519,0.01445625
30.20000000,5.12012000,1.29945000,0.01132813,0.01454867
30.40000000,5.12062000,1.29788000,0.01140028,0.01464096
30.60000000,5.12012000,1.35865000,0.01147407,0.01473759
30.80000000,5.12087000,1.41536000,0.01155112,0.01483826
31.00000000,5.12087000,1.41536000,0.01162976,0.01493893
31.20000000,5.12137000,1.38329000,0.01170750,0.01503730
31.40000000,5.12025000,1.39820000,0.01178476,0.01513676
31.60000000,5.12150000,1.40355000,0.01186259,0.01523660
31.80000000,5.12150000,1.40355000,0.01194056,0.01533642
32.00000000,5.12087000,1.39916000,0.01201841,0.01543593
32.20000000,5.12075000,1.40521000,0.01209631,0.01553588
32.40000000,5.12125000,1.38105000,0.01217371,0.01563408
32.60000000,5.11950000,1.31833000,0.01224869,0.01572782
32.80000000,5.11950000,1.31833000,0.01232193,0.01582158
33.00000000,5.12037000,1.29193000,0.01239444,0.01591345
33.20000000,5.12037000,1.34096000,0.01246758,0.01600884
33.40000000,5.12137000,1.31718000,0.01254141,0.01610253
33.60000000,5.12137000,1.31718000,0.01261459,0.01619618
33.80000000,5.11950000,1.32076000,0.01268787,0.01629011
34.00000000,5.12012000,1.30448000,0.01276079,0.01638289
34.20000000,5.12087000,1.31878000,0.01283366,0.01647668
34.40000000,5.12012000,1.31356000,0.01290678,0.01657009
34.60000000,5.12012000,1.31356000,0.01297975,0.01666352
34.80000000,5.12075000,1.33139000,0.01305322,0.01675818
35.00000000,5.11950000,1.31884000,0.01312684,0.01685196
35.20000000,5.11962000,1.32723000,0.01320034,0.01694633
35.40000000,5.11962000,1.32723000,0.01327408,0.01704071
35.60000000,5.11975000,1.32243000,0.01334768,0.01713475
35.80000000,5.12025000,1.34246000,0.01342171,0.01723022
36.00000000,5.12012000,1.33555000,0.01349609,0.01732519
36.20000000,5.12012000,1.33555000,0.01357029,0.01742018
36.40000000,5.12050000,1.31843000,0.01364401,0.01751392
36.60000000,5.11950000,1.29657000,0.01371665,0.01760613
36.80000000,5.12025000,1.32755000,0.01378954,0.01770054
37.00000000,5.12050000,1.33939000,0.01386363,0.01779579
37.20000000,5.12050000,1.33939000,0.01393804,0.01789104
37.40000000,5.12000000,1.32556000,0.01401206,0.01798532
37.60000000,5.12075000,1.32124000,0.01408559,0.01807929
37.80000000,5.12100000,1.32444000,0.01415908,0.01817349
38.00000000,5.12100000,1.32444000,0.01423266,0.01826768
38.20000000,5.12025000,1.32096000,0.01430614,0.01836162
38.40000000,5.12062000,1.33798000,0.01438000,0.01845681
38.60000000,5.12212000,1.33398000,0.01445422,0.01855169
38.80000000,5.12137000,1.33200000,0.01452828,0.01864644
39.00000000,5.12137000,1.33200000,0.01460228,0.01874117
39.20000000,5.12037000,1.30928000,0.01467564,0.01883428
39.40000000,5.12062000,1.33587000,0.01474912,0.01892929
39.60000000,5.12062000,1.32681000,0.01482308,0.01902365
39.80000000,5.12062000,1.32681000,0.01489680,0.01911801
40.00000000,5.12050000,1.29593000,0.01496965,0.01921019
40.20000000,5.12112000,1.33417000,0.01504271,0.01930506
40.40000000,5.12000000,1.29689000,0.01511579,0.01939729
40.60000000,5.12025000,1.29772000,0.01518787,0.01948958
40.80000000,5.12025000,1.29772000,0.01525996,0.01958187
41.00000000,5.12050000,1.32873000,0.01533292,0.01967636
41.20000000,5.12012000,1.31798000,0.01540644,0.01977010
41.40000000,5.12087000,1.32656000,0.01547990,0.01986444
41.60000000,5.12037000,1.34012000,0.01555397,0.01995975
41.80000000,5.12037000,1.34012000,0.01562842,0.02005506
42.00000000,5.12062000,1.31900000,0.01570229,0.02014887
42.20000000,5.12112000,1.32812000,0.01577582,0.02024333
42.40000000,5.12050000,1.32416000,0.01584949,0.02033750
42.60000000,5.12050000,1.32416000,0.01592306,0.02043168
42.80000000,5.12075000,1.32256000,0.01599658,0.02052574
43.00000000,5.12100000,1.32278000,0.01607006,0.02061984
43.20000000,5.12175000,1.34716000,0.01614422,0.02071566
43.40000000,5.12112000,1.32076000,0.01621833,0.02080960
43.60000000,5.12112000,1.32076000,0.01629171,0.02090353
43.80000000,5.12037000,1.30144000,0.01636455,0.02099608
44.00000000,5.12025000,1.31724000,0.01643729,0.02108976
44.20000000,5.12050000,1.37625000,0.01651211,0.02118763
44.40000000,5.12050000,1.37625000,0.01658857,0.02128552
44.60000000,5.12100000,1.36704000,0.01666477,0.02138275
44.80000000,5.12087000,1.40278000,0.01674171,0.02148251
45.00000000,5.12050000,1.39705000,0.01681948,0.02158187
45.20000000,5.12162000,1.39708000,0.01689710,0.02168125
45.40000000,5.12162000,1.39708000,0.01697471,0.02178062
45.60000000,5.12112000,1.37408000,0.01705169,0.02187835
45.80000000,5.12100000,1.38761000,0.01712840,0.02197704
46.00000000,5.12087000,1.34841000,0.01720440,0.02207294
46.20000000,5.12087000,1.34841000,0.01727931,0.02216884
46.40000000,5.12087000,1.32819000,0.01735366,0.02226332
46.60000000,5.12162000,1.33523000,0.01742765,0.02235827
46.80000000,5.12000000,1.32665000,0.01750159,0.02245261
47.00000000,5.12000000,1.32665000,0.01757529,0.02254697
47.20000000,5.12100000,1.33145000,0.01764913,0.02264167
47.40000000,5.12087000,1.28534000,0.01772182,0.02273308
47.60000000,5.12037000,1.32336000,0.01779428,0.02282719
47.80000000,5.12037000,1.32336000,0.01786780,0.02292132
48.00000000,5.12125000,1.34019000,0.01794179,0.02301664
48.20000000,5.12087000,1.31808000,0.01801563,0.02311039
48.40000000,5.12125000,1.32150000,0.01808895,0.02320438
48.60000000,5.12112000,1.32688000,0.01816252,0.02329876
48.80000000,5.12112000,1.32688000,0.01823623,0.02339314
49.00000000,5.12150000,1.33209000,0.01831009,0.02348789
49.20000000,5.12112000,1.32774000,0.01838398,0.02358232
49.40000000,5.12050000,1.29792000,0.01845691,0.02367462
49.60000000,5.12050000,1.29792000,0.01852902,0.02376694
49.80000000,5.12137000,1.34147000,0.01860233,0.02386236
50.00000000,5.12125000,1.33734000,0.01867675,0.02395748
50.20000000,5.12100000,1.33590000,0.01875100,0.02405249
50.40000000,5.12062000,1.32019000,0.01882478,0.02414638
50.60000000,5.12062000,1.32019000,0.01889813,0.02424028
50.80000000,5.12100000,1.34025000,0.01897203,0.02433561
51.00000000,5.12150000,1.33948000,0.01904646,0.02443090
51.20000000,5.12187000,1.31904000,0.01912031,0.02452470
51.40000000,5.12037000,1.32448000,0.01919374,0.02461890
51.60000000,5.12037000,1.32448000,0.01926733,0.02471309
51.80000000,5.12037000,1.33360000,0.01934116,0.02480795
52.00000000,5.12175000,1.33987000,0.01941542,0.02490327
52.20000000,5.12212000,1.32864000,0.01948955,0.02499779
52.40000000,5.12212000,1.32864000,0.01956336,0.02509228
52.60000000,5.12037000,1.32323000,0.01963703,0.02518638
52.80000000,5.12037000,1.33817000,0.01971095,0.02528157
53.00000000,5.12150000,1.31990000,0.01978479,0.02537546
53.20000000,5.12137000,1.35126000,0.01985899,0.02547157
53.40000000,5.12137000,1.35126000,0.01993406,0.02556768
53.60000000,5.12125000,1.38819000,0.02001015,0.02566644
53.80000000,5.12237000,1.37088000,0.02008679,0.02576396
54.00000000,5.12137000,1.38886000,0.02016345,0.02586275
54.20000000,5.12137000,1.38886000,0.02024061,0.02596154
54.40000000,5.12150000,1.37648000,0.02031743,0.02605944
54.60000000,5.12087000,1.38281000,0.02039407,0.02615779
54.80000000,5.12112000,1.38217000,0.02047088,0.02625610
55.00000000,5.12100000,1.34899000,0.02054675,0.02635205
55.20000000,5.12100000,1.34899000,0.02062169,0.02644798
55.40000000,5.12025000,1.38464000,0.02069762,0.02654648
55.60000000,5.12212000,1.38784000,0.02077464,0.02664519
55.80000000,5.12087000,1.35577000,0.02085085,0.02674162
56.00000000,5.12087000,1.35577000,0.02092617,0.02683803
56.20000000,5.12012000,1.39299000,0.02100252,0.02693711
56.40000000,5.12100000,1.36988000,0.02107927,0.02703454
56.60000000,5.12112000,1.40022000,0.02115622,0.02713413
56.80000000,5.12087000,1.39990000,0.02123400,0.02723370
57.00000000,5.12087000,1.39990000,0.02131177,0.02733326
57.20000000,5.12062000,1.37427000,0.02138883,0.02743100
57.40000000,5.12087000,1.39622000,0.02146579,0.02753031
57.60000000,5.12062000,1.35804000,0.02154230,0.02762689
57.80000000,5.12062000,1.35804000,0.02161774,0.02772348
58.00000000,5.12125000,1.40867000,0.02169460,0.02782368
58.20000000,5.12100000,1.39446000,0.02177246,0.02792288
58.40000000,5.12200000,1.34294000,0.02184850,0.02801841
58.60000000,5.12200000,1.34294000,0.02192311,0.02811392
58.80000000,5.12050000,1.34172000,0.02199768,0.02820936
59.00000000,5.12137000,1.38822000,0.02207351,0.02830809
59.20000000,5.12087000,1.37718000,0.02215033,0.02840604
59.40000000,5.12087000,1.37718000,0.02222684,0.02850400
59.60000000,5.12150000,1.38867000,0.02230367,0.02860277
59.80000000,5.12112000,1.39465000,0.02238098,0.02870197
60.00000000,5.12100000,1.39289000,0.02245841,0.02880102
60.20000000,5.12037000,1.38979000,0.02253571,0.02889986
60.40000000,5.12037000,1.38979000,0.02261292,0.02899869
60.60000000,5.12012000,1.38947000,0.02269012,0.02909752
60.80000000,5.12087000,1.30864000,0.02276507,0.02919058
61.00000000,5.12000000,1.32115000,0.02283812,0.02928450
61.20000000,5.11875000,1.32006000,0.02291149,0.02937835
61.40000000,5.11875000,1.32006000,0.02298482,0.02947223
61.60000000,5.12050000,1.33481000,0.02305857,0.02956715
61.80000000,5.12000000,1.31760000,0.02313225,0.02966086
62.00000000,5.12087000,1.33561000,0.02320595,0.02975585
62.20000000,5.12087000,1.33561000,0.02328015,0.02985084
62.40000000,5.12025000,1.28160000,0.02335285,0.02994197
62.60000000,5.12012000,1.33491000,0.02342553,0.03003690
62.80000000,5.12012000,1.32739000,0.02349948,0.03013130
63.00000000,5.12050000,1.33683000,0.02357349,0.03022638
63.20000000,5.12050000,1.33683000,0.02364776,0.03032146
63.40000000,5.12087000,1.37888000,0.02372319,0.03041955
63.60000000,5.12200000,1.40380000,0.02380049,0.03051939
63.80000000,5.12062000,1.38659000,0.02387800,0.03061800
64.00000000,5.12062000,1.38659000,0.02395503,0.03071663
64.20000000,5.12162000,1.40291000,0.02403252,0.03081641
64.40000000,5.12050000,1.37993000,0.02410982,0.03091456
64.60000000,5.12112000,1.39196000,0.02418682,0.03101356
64.80000000,5.12100000,1.39254000,0.02426417,0.03111260
65.00000000,5.12100000,1.39254000,0.02434153,0.03121164
65.20000000,5.12075000,1.40806000,0.02441932,0.03131181
65.40000000,5.12225000,1.37849000,0.02449673,0.03140985
65.60000000,5.12025000,1.31657000,0.02457159,0.03150347
65.80000000,5.12025000,1.31657000,0.02464473,0.03159713
66.00000000,5.12200000,1.38944000,0.02471990,0.03169596
66.20000000,5.12137000,1.37788000,0.02479677,0.03179396
66.40000000,5.12050000,1.40748000,0.02487414,0.03189405
66.60000000,5.12187000,1.40000000,0.02495213,0.03199364
66.80000000,5.12187000,1.40000000,0.02502990,0.03209321
67.00000000,5.12075000,1.37430000,0.02510697,0.03219095
67.20000000,5.12025000,1.39593000,0.02518392,0.03229022
67.40000000,5.12025000,1.39920000,0.02526156,0.03238972
67.60000000,5.12025000,1.39920000,0.02533930,0.03248924
67.80000000,5.12087000,1.37161000,0.02541626,0.03258680
68.00000000,5.12150000,1.36451000,0.02549227,0.03268386
68.20000000,5.12150000,1.40620000,0.02556923,0.03278389
68.40000000,5.12150000,1.40620000,0.02564735,0.03288392
68.60000000,5.12162000,1.34284000,0.02572371,0.03297943
68.80000000,5.12100000,1.33507000,0.02579810,0.03307438
69.00000000,5.12075000,1.33264000,0.02587220,0.03316916
69.20000000,5.12050000,1.32371000,0.02594599,0.03326330
69.40000000,5.12050000,1.32371000,0.02601953,0.03335744
69.60000000,5.12062000,1.33433000,0.02609336,0.03345234
69.80000000,5.12062000,1.33427000,0.02616749,0.03354723
70.00000000,5.12050000,1.32070000,0.02624124,0.03364115
70.20000000,5.12050000,1.32070000,0.02631461,0.03373510
70.40000000,5.12162000,1.35024000,0.02638881,0.03383114
70.60000000,5.12150000,1.34208000,0.02646359,0.03392660
70.80000000,5.12087000,1.34121000,0.02653813,0.03402200
71.00000000,5.12125000,1.33088000,0.02661235,0.03411666
71.20000000,5.12125000,1.33088000,0.02668629,0.03421129
71.40000000,5.11925000,1.32563000,0.02676008,0.03430554
71.60000000,5.11912000,1.30400000,0.02683313,0.03439829
71.80000000,5.12125000,1.32995000,0.02690629,0.03449289
72.00000000,5.12125000,1.32995000,0.02698018,0.03458749
72.20000000,5.12150000,1.34249000,0.02705441,0.03468297
72.40000000,5.12087000,1.34083000,0.02712895,0.03477834
72.60000000,5.12100000,1.30406000,0.02720242,0.03487108
72.80000000,5.12075000,1.33030000,0.02727560,0.03496570
73.00000000,5.12075000,1.33030000,0.02734950,0.03506031
73.20000000,5.12062000,1.31161000,0.02742289,0.03515359
73.40000000,5.12087000,1.33212000,0.02749633,0.03524833
73.60000000,5.12062000,1.30777000,0.02756966,0.03534134
73.80000000,5.12062000,1.30777000,0.02764231,0.03543435
74.00000000,5.12087000,1.34275000,0.02771594,0.03552984
74.20000000,5.12000000,1.34406000,0.02779057,0.03562544
74.40000000,5.12150000,1.35104000,0.02786543,0.03572155
74.60000000,5.12112000,1.32723000,0.02793983,0.03581595
74.80000000,5.12112000,1.32723000,0.02801356,0.03591034
75.00000000,5.12062000,1.31436000,0.02808694,0.03600381
75.20000000,5.12037000,1.33929000,0.02816065,0.03609905
75.40000000,5.11975000,1.31190000,0.02823430,0.03619233
75.60000000,5.11975000,1.31190000,0.02830718,0.03628563
75.80000000,5.12062000,1.33788000,0.02838079,0.03638078
76.00000000,5.12037000,1.33360000,0.02845500,0.03647562
76.20000000,5.12025000,1.31171000,0.02852848,0.03656890
76.40000000,5.12025000,1.31171000,0.02860135,0.03666219
76.60000000,5.12062000,1.31632000,0.02867435,0.03675579
76.80000000,5.11975000,1.33222000,0.02874792,0.03685054
77.00000000,5.12075000,1.35238000,0.02882249,0.03694672
77.20000000,5.12075000,1.35238000,0.02889762,0.03704292
77.40000000,5.12187000,1.34019000,0.02897242,0.03713822
77.60000000,5.11975000,1.34332000,0.02904696,0.03723376
77.80000000,5.12050000,1.33769000,0.02912143,0.03732890
78.00000000,5.12100000,1.33270000,0.02919561,0.03742369
78.20000000,5.12100000,1.33270000,0.02926965,0.03751846
78.40000000,5.12012000,1.35116000,0.02934420,0.03761454
78.60000000,5.11975000,1.31974000,0.02941839,0.03770840
78.80000000,5.12100000,1.33056000,0.02949201,0.03780304
79.00000000,5.12037000,1.33577000,0.02956608,0.03789804
79.20000000,5.12037000,1.33577000,0.02964029,0.03799302
79.40000000,5.11975000,1.33715000,0.02971453,0.03808811
79.60000000,5.12025000,1.33452000,0.02978875,0.03818303
79.80000000,5.12087000,1.34297000,0.02986312,0.03827854
80.00000000,5.12087000,1.34297000,0.02993773,0.03837404
80.20000000,5.12000000,1.32457000,0.03001183,0.03846824
80.40000000,5.12025000,1.36195000,0.03008645,0.03856509
80.60000000,5.12012000,1.40371000,0.03016328,0.03866492
80.80000000,5.12050000,1.40003000,0.03024116,0.03876449
81.00000000,5.12050000,1.40003000,0.03031894,0.03886405
81.20000000,5.12037000,1.40060000,0.03039674,0.03896367
81.40000000,5.12087000,1.40700000,0.03047472,0.03906374
81.60000000,5.12100000,1.43126000,0.03055356,0.03916554
81.80000000,5.12100000,1.43126000,0.03063308,0.03926734
82.00000000,5.12112000,1.35414000,0.03071045,0.03936366
82.20000000,5.12125000,1.39353000,0.03078678,0.03946277
82.40000000,5.12087000,1.33792000,0.03086265,0.03955790
82.60000000,5.11975000,1.33008000,0.03093676,0.03965248
82.80000000,5.11975000,1.33008000,0.03101065,0.03974709
83.00000000,5.12100000,1.32992000,0.03108454,0.03984165
83.20000000,5.11975000,1.35532000,0.03115913,0.03993805
83.40000000,5.12075000,1.33132000,0.03123376,0.04003273
83.60000000,5.12075000,1.33132000,0.03130772,0.04012741
83.80000000,5.12025000,1.33945000,0.03138191,0.04022267
84.00000000,5.12062000,1.37734000,0.03145738,0.04032064
84.20000000,5.12125000,1.38668000,0.03153416,0.04041927
84.40000000,5.12125000,1.38668000,0.03161119,0.04051791
84.60000000,5.12162000,1.37968000,0.03168804,0.04061602
84.80000000,5.12025000,1.35920000,0.03176412,0.04071268
85.00000000,5.12025000,1.34233000,0.03183916,0.04080814
85.20000000,5.11962000,1.38416000,0.03191490,0.04090656
85.40000000,5.11962000,1.38416000,0.03199179,0.04100500
85.60000000,5.12050000,1.36595000,0.03206819,0.04110215
85.80000000,5.12087000,1.38649000,0.03214464,0.04120077
86.00000000,5.12137000,1.37827000,0.03222144,0.04129881
86.20000000,5.12137000,1.37827000,0.03229801,0.04139684
86.40000000,5.12112000,1.38428000,0.03237475,0.04149530
86.60000000,5.12075000,1.38192000,0.03245159,0.04159357
86.80000000,5.12050000,1.37798000,0.03252825,0.04169157
87.00000000,5.12050000,1.37798000,0.03260481,0.04178957
87.20000000,5.12050000,1.39561000,0.03268185,0.04188884
87.40000000,5.12125000,1.39750000,0.03275944,0.04198825
87.60000000,5.12175000,1.38380000,0.03283669,0.04208667
87.80000000,5.12062000,1.34502000,0.03291250,0.04218233
88.00000000,5.12062000,1.34502000,0.03298722,0.04227797
88.20000000,5.12012000,1.40358000,0.03306357,0.04237780
88.40000000,5.12062000,1.41091000,0.03314175,0.04247813
88.60000000,5.12000000,1.40041000,0.03321984,0.04257771
88.80000000,5.12000000,1.40041000,0.03329764,0.04267731
89.00000000,5.12062000,1.33363000,0.03337359,0.04277216
89.20000000,5.12100000,1.33932000,0.03344784,0.04286741
89.40000000,5.12025000,1.33046000,0.03352200,0.04296201
89.60000000,5.11975000,1.33004000,0.03359590,0.04305659
89.80000000,5.11975000,1.33004000,0.03366979,0.04315118
90.00000000,5.12062000,1.34131000,0.03374399,0.04324656
90.20000000,5.11962000,1.28915000,0.03381706,0.04333823
90.40000000,5.12012000,1.33910000,0.03389007,0.04343348
90.60000000,5.12137000,1.32873000,0.03396418,0.04352800
90.80000000,5.12137000,1.32873000,0.03403799,0.04362251
91.00000000,5.12162000,1.33001000,0.03411185,0.04371710
91.20000000,5.12050000,1.30144000,0.03418494,0.04380967
91.40000000,5.12112000,1.33318000,0.03425813,0.04390449
91.60000000,5.12112000,1.33318000,0.03433219,0.04399931
91.80000000,5.12062000,1.32960000,0.03440616,0.04409386
92.00000000,5.12025000,1.33286000,0.03448012,0.04418866
92.20000000,5.12087000,1.32195000,0.03455386,0.04428269
92.40000000,5.12125000,1.33347000,0.03462762,0.04437753
92.60000000,5.12125000,1.33347000,0.03470171,0.04447239
92.80000000,5.12187000,1.34003000,0.03477597,0.04456769
93.00000000,5.12025000,1.33388000,0.03485024,0.04466256
93.20000000,5.12075000,1.34134000,0.03492456,0.04475796
93.40000000,5.12075000,1.34134000,0.03499908,0.04485336
93.60000000,5.12112000,1.31091000,0.03507275,0.04494658
93.80000000,5.12012000,1.32918000,0.03514608,0.04504113
94.00000000,5.12125000,1.32240000,0.03521974,0.04513519
94.20000000,5.12112000,1.34329000,0.03529379,0.04523073
94.40000000,5.12112000,1.34329000,0.03536841,0.04532627
94.60000000,5.12112000,1.31584000,0.03544228,0.04541986
94.80000000,5.12062000,1.31248000,0.03551529,0.04551320
95.00000000,5.12050000,1.31251000,0.03558820,0.04560654
95.20000000,5.12050000,1.31251000,0.03566112,0.04569989
95.40000000,5.12087000,1.31404000,0.03573408,0.04579333
95.60000000,5.11987000,1.32380000,0.03580735,0.04588749
95.80000000,5.12112000,1.35264000,0.03588170,0.04598370
96.00000000,5.12112000,1.35264000,0.03595685,0.04607990
96.20000000,5.12087000,1.33529000,0.03603151,0.04617487
96.40000000,5.12062000,1.34128000,0.03610586,0.04627028
96.60000000,5.12150000,1.33449000,0.03618019,0.04636520
96.80000000,5.12150000,1.33449000,0.03625433,0.04646011
97.00000000,5.12050000,1.32521000,0.03632821,0.04655437
97.20000000,5.12125000,1.34032000,0.03640225,0.04664969
97.40000000,5.12037000,1.31536000,0.03647602,0.04674323
97.60000000,5.12062000,1.34777000,0.03654999,0.04683909
97.80000000,5.12062000,1.34777000,0.03662487,0.04693493
98.00000000,5.12012000,1.34150000,0.03669957,0.04703035
98.20000000,5.12125000,1.31116000,0.03677326,0.04712361
98.40000000,5.12100000,1.35459000,0.03684730,0.04721995
98.60000000,5.12100000,1.35459000,0.03692256,0.04731631
98.80000000,5.12150000,1.40854000,0.03699931,0.04741650
99.00000000,5.12162000,1.40105000,0.03707736,0.04751619
99.20000000,5.12312000,1.40508000,0.03715531,0.04761615
99.40000000,5.12212000,1.36652000,0.03723229,0.04771336
99.60000000,5.12212000,1.36652000,0.03730821,0.04781055
99.80000000,5.12062000,1.38688000,0.03738470,0.04790919
100.00000000,5.12075000,1.38992000,0.03746183,0.04800806
100.20000000,5.12150000,1.39721000,0.03753925,0.04810744
100.40000000,5.12225000,1.40115000,0.03761698,0.04820712
100.60000000,5.12225000,1.40115000,0.03769482,0.04830678
100.80000000,5.12112000,1.41126000,0.03777295,0.04840716
101.00000000,5.12112000,1.38358000,0.03785058,0.04850557
101.20000000,5.12112000,1.40339000,0.03792800,0.04860539
101.40000000,5.12112000,1.40339000,0.03800596,0.04870520
101.60000000,5.12062000,1.38275000,0.03808335,0.04880355
101.80000000,5.12150000,1.39628000,0.03816055,0.04890287
102.00000000,5.12125000,1.40185000,0.03823828,0.04900258
102.20000000,5.12175000,1.38665000,0.03831573,0.04910122
102.40000000,5.12175000,1.38665000,0.03839277,0.04919987
102.60000000,5.12212000,1.40598000,0.03847034,0.04929988
102.80000000,5.12175000,1.40864000,0.03854853,0.04940009
103.00000000,5.12037000,1.37443000,0.03862583,0.04949783
103.20000000,5.12037000,1.37443000,0.03870219,0.04959560
103.40000000,5.12162000,1.40966000,0.03877953,0.04969586
103.60000000,5.12075000,1.38515000,0.03885716,0.04979437
103.80000000,5.12050000,1.34054000,0.03893287,0.04988970
104.00000000,5.12050000,1.34054000,0.03900735,0.04998503
104.20000000,5.11975000,1.29088000,0.03908044,0.05007684
104.40000000,5.12100000,1.32352000,0.03915307,0.05017097
104.60000000,5.12087000,1.32281000,0.03922658,0.05026505
104.80000000,5.11975000,1.33625000,0.03930044,0.05036007
105.00000000,5.11975000,1.33625000,0.03937467,0.05045513
105.20000000,5.12175000,1.32800000,0.03944868,0.05054956
105.40000000,5.12012000,1.33312000,0.03952260,0.05064438
105.60000000,5.12087000,1.30899000,0.03959599,0.05073748
105.80000000,5.12087000,1.30899000,0.03966872,0.05083057
106.00000000,5.12037000,1.32534000,0.03974189,0.05092483
106.20000000,5.12050000,1.32729000,0.03981558,0.05101922
106.40000000,5.12050000,1.33203000,0.03988945,0.05111395
106.60000000,5.12050000,1.33203000,0.03996345,0.05120868
106.80000000,5.12037000,1.33731000,0.04003760,0.05130380
107.00000000,5.12112000,1.32844000,0.04011164,0.05139827
107.20000000,5.12050000,1.32416000,0.04018533,0.05149244
107.40000000,5.12025000,1.35398000,0.04025972,0.05158873
107.60000000,5.12025000,1.35398000,0.04033494,0.05168503
107.80000000,5.12087000,1.39600000,0.04041133,0.05178432
108.00000000,5.12125000,1.40969000,0.04048927,0.05188458
108.20000000,5.12037000,1.41708000,0.04056779,0.05198535
108.40000000,5.12037000,1.41708000,0.04064651,0.05208616
108.60000000,5.12200000,1.39856000,0.04072473,0.05218563
108.80000000,5.12075000,1.35286000,0.04080115,0.05228184
109.00000000,5.12050000,1.39862000,0.04087758,0.05238132
109.20000000,5.12075000,1.38988000,0.04095504,0.05248017
109.40000000,5.12075000,1.38988000,0.04103226,0.05257901
109.60000000,5.12037000,1.32700000,0.04110773,0.05267339
109.80000000,5.12075000,1.33436000,0.04118165,0.05276828
110.00000000,5.12050000,1.33548000,0.04125582,0.05286326
110.20000000,5.12025000,1.32640000,0.04132976,0.05295759
110.40000000,5.12025000,1.32640000,0.04140345,0.05305191
110.60000000,5.12012000,1.33417000,0.04147735,0.05314681
110.80000000,5.12125000,1.33798000,0.04155158,0.05324198
111.00000000,5.12162000,1.31644000,0.04162531,0.05333563
111.20000000,5.12162000,1.31644000,0.04169845,0.05342923
111.40000000,5.11962000,1.31651000,0.04177158,0.05352287
111.60000000,5.12075000,1.32969000,0.04184509,0.05361742
111.80000000,5.11987000,1.32700000,0.04191889,0.05371178
112.00000000,5.11987000,1.32700000,0.04199261,0.05380616
112.20000000,5.12050000,1.33324000,0.04206650,0.05390097
112.40000000,5.12050000,1.34937000,0.04214102,0.05399693
112.60000000,5.12037000,1.40236000,0.04221746,0.05409667
112.80000000,5.12162000,1.39856000,0.04229526,0.05419615
113.00000000,5.12162000,1.39856000,0.04237296,0.05429562
113.20000000,5.12075000,1.38134000,0.04245018,0.05439386
113.40000000,5.12050000,1.37878000,0.04252685,0.05449193
113.60000000,5.12162000,1.39360000,0.04260386,0.05459107
113.80000000,5.12162000,1.39360000,0.04268128,0.05469017
114.00000000,5.12000000,1.40604000,0.04275905,0.05479018
114.20000000,5.12137000,1.37484000,0.04283630,0.05488797
114.40000000,5.12112000,1.38806000,0.04291304,0.05498669
114.60000000,5.12112000,1.38806000,0.04299016,0.05508540
114.80000000,5.12012000,1.38656000,0.04306723,0.05518403
115.00000000,5.12137000,1.37148000,0.04314384,0.05528156
115.20000000,5.12012000,1.36742000,0.04321992,0.05537882
115.40000000,5.12137000,1.37987000,0.04329624,0.05547697
115.60000000,5.12137000,1.37987000,0.04337290,0.05557511
115.80000000,5.12087000,1.38707000,0.04344976,0.05567377
116.00000000,5.12125000,1.39395000,0.04352701,0.05577293
116.20000000,5.12150000,1.37177000,0.04360383,0.05587051
116.40000000,5.12150000,1.37177000,0.04368004,0.05596808
116.60000000,5.12137000,1.39769000,0.04375697,0.05606750
116.80000000,5.12175000,1.38918000,0.04383438,0.05616631
117.00000000,5.12100000,1.38108000,0.04391134,0.05626453
117.20000000,5.12037000,1.38217000,0.04398809,0.05636282
117.40000000,5.12037000,1.38217000,0.04406488,0.05646112
117.60000000,5.12037000,1.40163000,0.04414221,0.05656079
117.80000000,5.12012000,1.39648000,0.04421993,0.05666011
118.00000000,5.12050000,1.36393000,0.04429661,0.05675711
118.20000000,5.12050000,1.36393000,0.04437238,0.05685412
118.40000000,5.12137000,1.39721000,0.04444908,0.05695350
118.60000000,5.12100000,1.39632000,0.04452668,0.05705282
118.80000000,5.12137000,1.40217000,0.04460442,0.05715256
119.00000000,5.12175000,1.39372000,0.04468208,0.05725171
119.20000000,5.12175000,1.39372000,0.04475951,0.05735082
119.40000000,5.12050000,1.34092000,0.04483547,0.05744619
119.60000000,5.12062000,1.34697000,0.04491013,0.05754199
119.80000000,5.12087000,1.33728000,0.04498470,0.05763709
120.00000000,5.12000000,1.32105000,0.04505854,0.05773103
120.20000000,5.12000000,1.32105000,0.04513193,0.05782498
120.40000000,5.12050000,1.33164000,0.04520562,0.05791970
120.60000000,5.12137000,1.33424000,0.04527967,0.05801460
120.80000000,5.12100000,1.33996000,0.04535395,0.05810990
121.00000000,5.12100000,1.33996000,0.04542840,0.05820519
121.20000000,5.12025000,1.34320000,0.04550293,0.05830071
121.40000000,5.12000000,1.30758000,0.04557656,0.05839371
121.60000000,5.12087000,1.34032000,0.04565011,0.05848903
121.80000000,5.12075000,1.32649000,0.04572419,0.05858338
122.00000000,5.12075000,1.32649000,0.04579788,0.05867771
122.20000000,5.12037000,1.33772000,0.04587189,0.05877283
122.40000000,5.11975000,1.33030000,0.04594600,0.05886744
122.60000000,5.12025000,1.32348000,0.04601972,0.05896155
122.80000000,5.12025000,1.32348000,0.04609325,0.05905566
123.00000000,5.11937000,1.34076000,0.04616725,0.05915101
123.20000000,5.12050000,1.32252000,0.04624123,0.05924507
123.40000000,5.12062000,1.34569000,0.04631535,0.05934076
123.60000000,5.12000000,1.32870000,0.04638964,0.05943525
123.80000000,5.12000000,1.32870000,0.04646345,0.05952975
124.00000000,5.12125000,1.33139000,0.04653735,0.05962444
124.20000000,5.12075000,1.33795000,0.04661149,0.05971958
124.40000000,5.11975000,1.33123000,0.04668564,0.05981424
124.60000000,5.11975000,1.33123000,0.04675959,0.05990892
124.80000000,5.12075000,1.33392000,0.04683363,0.06000379
125.00000000,5.12037000,1.33225000,0.04690769,0.06009854
125.20000000,5.12062000,1.32569000,0.04698152,0.06019282
125.40000000,5.12037000,1.34182000,0.04705562,0.06028824
125.60000000,5.12037000,1.34182000,0.04713016,0.06038366
125.80000000,5.11975000,1.34899000,0.04720491,0.06047961
126.00000000,5.12112000,1.35027000,0.04727989,0.06057563
126.20000000,5.12037000,1.33680000,0.04735453,0.06067070
126.40000000,5.12037000,1.33680000,0.04742879,0.06076577
126.60000000,5.12050000,1.33849000,0.04750311,0.06086096
126.80000000,5.12025000,1.31177000,0.04757673,0.06095426
127.00000000,5.12125000,1.37481000,0.04765135,0.06105205
127.20000000,5.12125000,1.37481000,0.04772773,0.06114982
127.40000000,5.12012000,1.31964000,0.04780258,0.06124367
127.60000000,5.12087000,1.35155000,0.04787678,0.06133981
127.80000000,5.12125000,1.32972000,0.04795126,0.06143439
128.00000000,5.11975000,1.33500000,0.04802528,0.06152932
128.20000000,5.11975000,1.33500000,0.04809944,0.06162426
128.40000000,5.12050000,1.34963000,0.04817402,0.06172026
128.60000000,5.12125000,1.29200000,0.04824739,0.06181212
128.80000000,5.11912000,1.33078000,0.04832025,0.06190673
129.00000000,5.12150000,1.33990000,0.04839444,0.06200204
129.20000000,5.12150000,1.33990000,0.04846887,0.06209733
129.40000000,5.12025000,1.32732000,0.04854296,0.06219173
129.60000000,5.12062000,1.33939000,0.04861704,0.06228699
129.80000000,5.12112000,1.33577000,0.04869135,0.06238200
130.00000000,5.12112000,1.33577000,0.04876556,0.06247700
130.20000000,5.12062000,1.34419000,0.04884000,0.06257262
130.40000000,5.12150000,1.33020000,0.04891429,0.06266723
130.60000000,5.12112000,1.39724000,0.04899005,0.06276661
130.80000000,5.12112000,1.39724000,0.04906768,0.06286600
131.00000000,5.12175000,1.41715000,0.04914585,0.06296681
131.20000000,5.12150000,1.40108000,0.04922414,0.06306645
131.40000000,5.12050000,1.40646000,0.04930213,0.06316651
131.60000000,5.12212000,1.41244000,0.04938043,0.06326699
131.80000000,5.12212000,1.41244000,0.04945890,0.06336746
132.00000000,5.12137000,1.37264000,0.04953626,0.06346507
132.20000000,5.12012000,1.38787000,0.04961294,0.06356380
132.40000000,5.12225000,1.39254000,0.04969018,0.06366287
132.60000000,5.12225000,1.39254000,0.04976754,0.06376192
132.80000000,5.12087000,1.33500000,0.04984330,0.06385684
133.00000000,5.11975000,1.33196000,0.04991739,0.06395157
133.20000000,5.12037000,1.33776000,0.04999154,0.06404669
133.40000000,5.11987000,1.32726000,0.05006557,0.06414108
133.60000000,5.11987000,1.32726000,0.05013931,0.06423546
133.80000000,5.12000000,1.31801000,0.05021279,0.06432920
134.00000000,5.12075000,1.34208000,0.05028668,0.06442466
134.20000000,5.12162000,1.34204000,0.05036124,0.06452012
134.40000000,5.12112000,1.32265000,0.05043526,0.06461419
134.60000000,5.12112000,1.32265000,0.05050874,0.06470828
134.80000000,5.12162000,1.34096000,0.05058273,0.06480365
135.00000000,5.12050000,1.29888000,0.05065606,0.06489601
135.20000000,5.11987000,1.30726000,0.05072845,0.06498897
135.40000000,5.11987000,1.30726000,0.05080108,0.06508195
135.60000000,5.12112000,1.31497000,0.05087392,0.06517548
135.80000000,5.12100000,1.33302000,0.05094747,0.06527029
136.00000000,5.12125000,1.32905000,0.05102142,0.06536483
136.20000000,5.12137000,1.33619000,0.05109545,0.06545987
136.40000000,5.12137000,1.33619000,0.05116968,0.06555491
136.60000000,5.12112000,1.32396000,0.05124358,0.06564905
136.80000000,5.11975000,1.27686000,0.05131582,0.06573988
137.00000000,5.12150000,1.33568000,0.05138839,0.06583489
137.20000000,5.12150000,1.33568000,0.05146260,0.06592989
137.40000000,5.12100000,1.32966000,0.05153663,0.06602448
137.60000000,5.12200000,1.31107000,0.05160999,0.06611773
137.80000000,5.12087000,1.32400000,0.05168318,0.06621190
138.00000000,5.12112000,1.33555000,0.05175706,0.06630689
138.20000000,5.12112000,1.33555000,0.05183126,0.06640188
138.40000000,5.12075000,1.33385000,0.05190541,0.06649675
138.60000000,5.12137000,1.32995000,0.05197940,0.06659135
138.80000000,5.12100000,1.32982000,0.05205329,0.06668593
139.00000000,5.12075000,1.39532000,0.05212898,0.06678517
139.20000000,5.12075000,1.39532000,0.05220650,0.06688441
139.40000000,5.12087000,1.39552000,0.05228402,0.06698368
139.60000000,5.12200000,1.37484000,0.05236098,0.06708146
139.80000000,5.12050000,1.37830000,0.05243746,0.06717948
140.00000000,5.12050000,1.37830000,0.05251403,0.06727754
140.20000000,5.12225000,1.38067000,0.05259067,0.06737573
140.40000000,5.12075000,1.36467000,0.05266692,0.06747280
140.60000000,5.12137000,1.40726000,0.05274392,0.06757290
140.80000000,5.12162000,1.35420000,0.05282063,0.06766923
141.00000000,5.12162000,1.35420000,0.05289586,0.06776554
141.20000000,5.12087000,1.28089000,0.05296906,0.06785664
141.40000000,5.12075000,1.31302000,0.05304111,0.06795002
141.60000000,5.12025000,1.32160000,0.05311430,0.06804400
141.80000000,5.12025000,1.32160000,0.05318772,0.06813800
142.00000000,5.12100000,1.32569000,0.05326126,0.06823229
142.20000000,5.12075000,1.32176000,0.05333480,0.06832628
142.40000000,5.12000000,1.31136000,0.05340794,0.06841953
142.60000000,5.12000000,1.31136000,0.05348079,0.06851281
142.80000000,5.12125000,1.29558000,0.05355321,0.06860496
143.00000000,5.12112000,1.33660000,0.05362632,0.06870002
143.20000000,5.12087000,1.34332000,0.05370076,0.06879556
143.40000000,5.11962000,1.27929000,0.05377361,0.06888652
143.60000000,5.11962000,1.27929000,0.05384469,0.06897752
143.80000000,5.12150000,1.32704000,0.05391708,0.06907192
144.00000000,5.12175000,1.33219000,0.05399095,0.06916665
144.20000000,5.11962000,1.32860000,0.05406486,0.06926112
144.40000000,5.11962000,1.32860000,0.05413867,0.06935562
144.60000000,5.12100000,1.39276000,0.05421427,0.06945467
144.80000000,5.12062000,1.37977000,0.05429128,0.06955281
145.00000000,5.12125000,1.37808000,0.05436789,0.06965083
145.20000000,5.12100000,1.37523000,0.05444437,0.06974864
145.40000000,5.12100000,1.37523000,0.05452077,0.06984646
145.60000000,5.12100000,1.38912000,0.05459756,0.06994528
145.80000000,5.12187000,1.39174000,0.05467481,0.07004426
146.00000000,5.12087000,1.35913000,0.05475122,0.07014093
146.20000000,5.12087000,1.35913000,0.05482673,0.07023759
146.40000000,5.12100000,1.38908000,0.05490306,0.07033639
146.60000000,5.12100000,1.37843000,0.05497994,0.07043443
146.80000000,5.12075000,1.37721000,0.05505649,0.07053238
147.00000000,5.12075000,1.37721000,0.05513300,0.07063033
147.20000000,5.12075000,1.38515000,0.05520973,0.07072886
147.40000000,5.12150000,1.36611000,0.05528615,0.07082603
147.60000000,5.12150000,1.38393000,0.05536254,0.07092449
147.80000000,5.12237000,1.40592000,0.05544004,0.07102451
148.00000000,5.12237000,1.40592000,0.05551815,0.07112454
148.20000000,5.12250000,1.41049000,0.05559638,0.07122487
148.40000000,5.12150000,1.41523000,0.05567487,0.07132555
148.60000000,5.12237000,1.39817000,0.05575302,0.07142500
148.80000000,5.12137000,1.38880000,0.05583044,0.07152379
149.00000000,5.12137000,1.38880000,0.05590759,0.07162259
149.20000000,5.12225000,1.41497000,0.05598548,0.07172325
149.40000000,5.12187000,1.36364000,0.05606266,0.07182025
149.60000000,5.12175000,1.34681000,0.05613795,0.07191606
149.80000000,5.12175000,1.34681000,0.05621277,0.07201187
150.00000000,5.12225000,1.40054000,0.05628909,0.07211152
150.20000000,5.12250000,1.40876000,0.05636712,0.07221172
150.40000000,5.12150000,1.37312000,0.05644440,0.07230941
150.60000000,5.12212000,1.41033000,0.05652172,0.07240974
150.80000000,5.12212000,1.41033000,0.05660007,0.07251007
151.00000000,5.12200000,1.40176000,0.05667818,0.07260981
151.20000000,5.12300000,1.39632000,0.05675591,0.07270914
151.40000000,5.12175000,1.37568000,0.05683291,0.07280700
151.60000000,5.12175000,1.37568000,0.05690933,0.07290486
151.80000000,5.12212000,1.39379000,0.05698626,0.07300402
152.00000000,5.12237000,1.38352000,0.05706341,0.07310244
152.20000000,5.12200000,1.38579000,0.05714033,0.07320103
152.40000000,5.12212000,1.39961000,0.05721771,0.07330060
152.60000000,5.12212000,1.39961000,0.05729546,0.07340019
152.80000000,5.12300000,1.40585000,0.05737339,0.07350019
153.00000000,5.12187000,1.36924000,0.05745048,0.07359760
153.20000000,5.12225000,1.40547000,0.05752755,0.07369759
153.40000000,5.12225000,1.40547000,0.05760564,0.07379756
153.60000000,5.12112000,1.36732000,0.05768266,0.07389483
153.80000000,5.12225000,1.38944000,0.05775923,0.07399367
154.00000000,5.12150000,1.38656000,0.05783635,0.07409230
154.20000000,5.12150000,1.38656000,0.05791338,0.07419092
154.40000000,5.12112000,1.39692000,0.05799070,0.07429031
154.60000000,5.12262000,1.40169000,0.05806843,0.07439002
154.80000000,5.12200000,1.40320000,0.05814635,0.07448984
155.00000000,5.12262000,1.34806000,0.05822277,0.07458575
155.20000000,5.12262000,1.34806000,0.05829766,0.07468163
155.40000000,5.12087000,1.37600000,0.05837333,0.07477953
155.60000000,5.12250000,1.39932000,0.05845042,0.07487908
155.80000000,5.12212000,1.41168000,0.05852851,0.07497950
156.00000000,5.12212000,1.41168000,0.05860693,0.07507992
156.20000000,5.12137000,1.40336000,0.05868513,0.07517975
156.40000000,5.12212000,1.38556000,0.05876260,0.07527832
156.60000000,5.12225000,1.38044000,0.05883943,0.07537653
156.80000000,5.12225000,1.38044000,0.05891612,0.07547472
157.00000000,5.12137000,1.40214000,0.05899342,0.07557447
157.20000000,5.12200000,1.38096000,0.05907073,0.07567271
157.40000000,5.12187000,1.39625000,0.05914787,0.07577205
157.60000000,5.12287000,1.39987000,0.05922554,0.07587165
157.80000000,5.12287000,1.39987000,0.05930331,0.07597124
158.00000000,5.12212000,1.39523000,0.05938095,0.07607049
158.20000000,5.12150000,1.39984000,0.05945859,0.07617008
158.40000000,5.12225000,1.36726000,0.05953546,0.07626732
158.60000000,5.12112000,1.33836000,0.05961061,0.07636252
158.80000000,5.12112000,1.33836000,0.05968497,0.07645771
159.00000000,5.12125000,1.37696000,0.05976039,0.07655568
159.20000000,5.12262000,1.38464000,0.05983710,0.07665417
159.40000000,5.12162000,1.39670000,0.05991436,0.07675353
159.60000000,5.12162000,1.39670000,0.05999196,0.07685289
159.80000000,5.12225000,1.39059000,0.06006938,0.07695182
160.00000000,5.12225000,1.39763000,0.06014683,0.07705127
160.20000000,5.12325000,1.39628000,0.06022444,0.07715061
160.40000000,5.12250000,1.39273000,0.06030191,0.07724970
160.60000000,5.12250000,1.39273000,0.06037929,0.07734879
160.80000000,5.12262000,1.41430000,0.06045726,0.07744940
161.00000000,5.12200000,1.39574000,0.06053532,0.07754869
161.20000000,5.12200000,1.39452000,0.06061283,0.07764789
161.40000000,5.12200000,1.39452000,0.06069030,0.07774709
161.60000000,5.12162000,1.36816000,0.06076704,0.07784442
161.80000000,5.12212000,1.39833000,0.06084389,0.07794390
162.00000000,5.12187000,1.40649000,0.06092180,0.07804396
162.20000000,5.12262000,1.38544000,0.06099935,0.07814254
162.40000000,5.12262000,1.38544000,0.06107632,0.07824110
162.60000000,5.12225000,1.39593000,0.06115358,0.07834039
162.80000000,5.12150000,1.38960000,0.06123096,0.07843924
163.00000000,5.12175000,1.38582000,0.06130805,0.07853782
163.20000000,5.12175000,1.38582000,0.06138504,0.07863641
163.40000000,5.12212000,1.41468000,0.06146283,0.07873706
163.60000000,5.12250000,1.37196000,0.06154024,0.07883465
163.80000000,5.12125000,1.39635000,0.06161714,0.07893398
164.00000000,5.12175000,1.36665000,0.06169389,0.07903119
164.20000000,5.12175000,1.36665000,0.06176981,0.07912842
164.40000000,5.12212000,1.38134000,0.06184615,0.07922665
164.60000000,5.12037000,1.36390000,0.06192240,0.07932368
164.80000000,5.12187000,1.39728000,0.06199910,0.07942307
165.00000000,5.12175000,1.38688000,0.06207644,0.07952173
165.20000000,5.12175000,1.38688000,0.06215349,0.07962039
165.40000000,5.12187000,1.40214000,0.06223096,0.07972012
165.60000000,5.12112000,1.38864000,0.06230848,0.07981891
165.80000000,5.12237000,1.41254000,0.06238629,0.07991941
166.00000000,5.12237000,1.41254000,0.06246477,0.08001989
166.20000000,5.12175000,1.38832000,0.06254257,0.08011865
166.40000000,5.12175000,1.38886000,0.06261971,0.08021743
166.60000000,5.12125000,1.40096000,0.06269721,0.08031708
166.80000000,5.12075000,1.38931000,0.06277472,0.08041589
167.00000000,5.12075000,1.38931000,0.06285190,0.08051472
167.20000000,5.12150000,1.39401000,0.06292921,0.08061388
167.40000000,5.12162000,1.31478000,0.06300446,0.08070740
167.60000000,5.12087000,1.34028000,0.06307821,0.08080273
167.80000000,5.12087000,1.34028000,0.06315267,0.08089806
168.00000000,5.12125000,1.41430000,0.06322919,0.08099867
168.20000000,5.12200000,1.40601000,0.06330753,0.08109867
168.40000000,5.12100000,1.38460000,0.06338505,0.08119715
168.60000000,5.12100000,1.38460000,0.06346197,0.08129565
168.80000000,5.12187000,1.38185000,0.06353881,0.08139394
169.00000000,5.12137000,1.37379000,0.06361536,0.08149167
169.20000000,5.12212000,1.41536000,0.06369284,0.08159236
169.40000000,5.12137000,1.40278000,0.06377112,0.08169214
169.60000000,5.12137000,1.40278000,0.06384905,0.08179191
169.80000000,5.12075000,1.39744000,0.06392683,0.08189132
170.00000000,5.12187000,1.39478000,0.06400440,0.08199052
170.20000000,5.12087000,1.38620000,0.06408164,0.08208911
170.40000000,5.12087000,1.38620000,0.06415866,0.08218770
170.60000000,5.12100000,1.39974000,0.06423604,0.08228727
170.80000000,5.12137000,1.39584000,0.06431370,0.08238655
171.00000000,5.12125000,1.39033000,0.06439109,0.08248544
171.20000000,5.12137000,1.40512000,0.06446874,0.08258539
171.40000000,5.12137000,1.40512000,0.06454681,0.08268536
171.60000000,5.12275000,1.37446000,0.06462402,0.08278313
171.80000000,5.12162000,1.36956000,0.06470024,0.08288057
172.00000000,5.12250000,1.38566000,0.06477677,0.08297916
172.20000000,5.12250000,1.38566000,0.06485375,0.08307771
172.40000000,5.12112000,1.38960000,0.06493084,0.08317655
172.60000000,5.12125000,1.40147000,0.06500837,0.08327623
172.80000000,5.12100000,1.39084000,0.06508594,0.08337516
173.00000000,5.12137000,1.40835000,0.06516369,0.08347534
173.20000000,5.12137000,1.40835000,0.06524193,0.08357552
173.40000000,5.12162000,1.40940000,0.06532021,0.08367575
173.60000000,5.12000000,1.37952000,0.06539768,0.08377386
173.80000000,5.12075000,1.38982000,0.06547460,0.08387271
174.00000000,5.12075000,1.38982000,0.06555181,0.08397156
174.20000000,5.12100000,1.38224000,0.06562882,0.08406986
174.40000000,5.12062000,1.42800000,0.06570688,0.08417145
174.60000000,5.12237000,1.40508000,0.06578557,0.08427140
174.80000000,5.12162000,1.39001000,0.06586322,0.08437028
175.00000000,5.12162000,1.39001000,0.06594044,0.08446914
175.20000000,5.12062000,1.38652000,0.06601756,0.08456775
175.40000000,5.12100000,1.38780000,0.06609463,0.08466647
175.60000000,5.12175000,1.41107000,0.06617238,0.08476685
175.80000000,5.12175000,1.41107000,0.06625077,0.08486722
176.00000000,5.12125000,1.36582000,0.06632790,0.08496436
176.20000000,5.12075000,1.37814000,0.06640413,0.08506236
176.40000000,5.12012000,1.37990000,0.06648074,0.08516051
176.60000000,5.12112000,1.37667000,0.06655731,0.08525843
176.80000000,5.12112000,1.37667000,0.06663379,0.08535635
177.00000000,5.12137000,1.40025000,0.06671093,0.08545595
177.20000000,5.12137000,1.38745000,0.06678836,0.08555462
177.40000000,5.12012000,1.37622000,0.06686513,0.08565248
177.60000000,5.12012000,1.37622000,0.06694159,0.08575036
177.80000000,5.12087000,1.38492000,0.06701829,0.08584887
178.00000000,5.12112000,1.40172000,0.06709569,0.08594857
178.20000000,5.12125000,1.39942000,0.06717350,0.08604811
178.40000000,5.12125000,1.38025000,0.06725072,0.08614628
178.60000000,5.12125000,1.38025000,0.06732740,0.08624445
178.80000000,5.12100000,1.39747000,0.06740456,0.08634384
179.00000000,5.12075000,1.38032000,0.06748172,0.08644203
179.20000000,5.12175000,1.40243000,0.06755901,0.08654180
179.40000000,5.12175000,1.40243000,0.06763693,0.08664155
179.60000000,5.12125000,1.37689000,0.06771413,0.08673950
179.80000000,5.12187000,1.35760000,0.06779009,0.08683605
180.00000000,5.12075000,1.33376000,0.06786485,0.08693091
180.20000000,5.12112000,1.32579000,0.06793873,0.08702521
180.40000000,5.12112000,1.32579000,0.06801238,0.08711950
180.60000000,5.12050000,1.30953000,0.06808558,0.08721263
180.80000000,5.12037000,1.32236000,0.06815869,0.08730668
181.00000000,5.12100000,1.33366000,0.06823247,0.08740154
181.20000000,5.12100000,1.33366000,0.06830656,0.08749638
181.40000000,5.12025000,1.32227000,0.06838034,0.08759042
181.60000000,5.12050000,1.33840000,0.06845425,0.08768561
181.80000000,5.12087000,1.33286000,0.06852845,0.08778040
182.00000000,5.12087000,1.33286000,0.06860249,0.08787520
182.20000000,5.12062000,1.32249000,0.06867625,0.08796925
182.40000000,5.12062000,1.31305000,0.06874946,0.08806264
182.60000000,5.12075000,1.33609000,0.06882305,0.08815769
182.80000000,5.12200000,1.33494000,0.06889725,0.08825265
183.00000000,5.12200000,1.33494000,0.06897141,0.08834758
183.20000000,5.11987000,1.34000000,0.06904571,0.08844288
183.40000000,5.12062000,1.32262000,0.06911968,0.08853696
183.60000000,5.12137000,1.33321000,0.06919345,0.08863179
183.80000000,5.12137000,1.33321000,0.06926752,0.08872661
184.00000000,5.12087000,1.31328000,0.06934103,0.08882002
184.20000000,5.12125000,1.34771000,0.06941495,0.08891588
184.40000000,5.12112000,1.32057000,0.06948906,0.08900979
184.60000000,5.11987000,1.34291000,0.06956305,0.08910528
184.80000000,5.11987000,1.34291000,0.06963766,0.08920080
185.00000000,5.12162000,1.32352000,0.06971172,0.08929496
185.20000000,5.12187000,1.39484000,0.06978723,0.08939416
185.40000000,5.12075000,1.39216000,0.06986465,0.08949317
185.60000000,5.12075000,1.39216000,0.06994199,0.08959219
185.80000000,5.12112000,1.40732000,0.07001976,0.08969229
186.00000000,5.12137000,1.40726000,0.07009794,0.08979238
186.20000000,5.12050000,1.39494000,0.07017578,0.08989159
186.40000000,5.12075000,1.39926000,0.07025339,0.08999110
186.60000000,5.12075000,1.39926000,0.07033113,0.09009062
186.80000000,5.12050000,1.40099000,0.07040892,0.09019028
187.00000000,5.12187000,1.36576000,0.07048577,0.09028741
187.20000000,5.12075000,1.30947000,0.07056008,0.09038055
187.40000000,5.12075000,1.30947000,0.07063283,0.09047367
187.60000000,5.12050000,1.29692000,0.07070523,0.09056592
187.80000000,5.12150000,1.34780000,0.07077869,0.09066178
188.00000000,5.12037000,1.34940000,0.07085362,0.09075774
188.20000000,5.12050000,1.34377000,0.07092843,0.09085331
188.40000000,5.12050000,1.34377000,0.07100308,0.09094888
188.60000000,5.12075000,1.32982000,0.07107735,0.09104346
188.80000000,5.12112000,1.33468000,0.07115136,0.09113840
189.00000000,5.12125000,1.33446000,0.07122550,0.09123328
189.20000000,5.11937000,1.33302000,0.07129960,0.09132806
189.40000000,5.11937000,1.33302000,0.07137366,0.09142287
189.60000000,5.12062000,1.33308000,0.07144772,0.09151769
189.80000000,5.12162000,1.33552000,0.07152184,0.09161266
190.00000000,5.11987000,1.30316000,0.07159514,0.09170533
190.20000000,5.11987000,1.30316000,0.07166754,0.09179800
190.40000000,5.12037000,1.32028000,0.07174041,0.09189188
190.60000000,5.11925000,1.33472000,0.07181416,0.09198681
190.80000000,5.12087000,1.32121000,0.07188794,0.09208077
191.00000000,5.12075000,1.34992000,0.07196213,0.09217678
191.20000000,5.12075000,1.34992000,0.07203713,0.09227280
191.40000000,5.12125000,1.33286000,0.07211165,0.09236759
191.60000000,5.12050000,1.32371000,0.07218545,0.09246171
191.80000000,5.11962000,1.32867000,0.07225912,0.09255619
192.00000000,5.11962000,1.32867000,0.07233294,0.09265069
192.20000000,5.12112000,1.29180000,0.07240573,0.09274257
192.40000000,5.12075000,1.34208000,0.07247889,0.09283801
192.60000000,5.12012000,1.33923000,0.07255337,0.09293327
192.80000000,5.12137000,1.33910000,0.07262777,0.09302852
193.00000000,5.12137000,1.33910000,0.07270217,0.09312375
193.20000000,5.12025000,1.37564000,0.07277757,0.09322159
193.40000000,5.12087000,1.40563000,0.07285483,0.09332157
193.60000000,5.12125000,1.39964000,0.07293276,0.09342112
193.80000000,5.12125000,1.41363000,0.07301090,0.09352167
194.00000000,5.12125000,1.41363000,0.07308944,0.09362221
194.20000000,5.12075000,1.40169000,0.07316764,0.09372191
194.40000000,5.12112000,1.41939000,0.07324600,0.09382285
194.60000000,5.12037000,1.39337000,0.07332414,0.09392194
194.80000000,5.12037000,1.39337000,0.07340155,0.09402106
195.00000000,5.12175000,1.38006000,0.07347859,0.09411922
195.20000000,5.12137000,1.32537000,0.07355374,0.09421349
195.40000000,5.12112000,1.34000000,0.07362777,0.09430880
195.60000000,5.12112000,1.34000000,0.07370222,0.09440411
195.80000000,5.12125000,1.34524000,0.07377681,0.09449979
196.00000000,5.12062000,1.32921000,0.07385110,0.09459434
196.20000000,5.12187000,1.33171000,0.07392501,0.09468908
196.40000000,5.12037000,1.34185000,0.07399928,0.09478450
196.60000000,5.12037000,1.34185000,0.07407383,0.09487994
196.80000000,5.12087000,1.30774000,0.07414743,0.09497296
197.00000000,5.12125000,1.33276000,0.07422077,0.09506776
197.20000000,5.12125000,1.34019000,0.07429502,0.09516308
197.40000000,5.12125000,1.34019000,0.07436948,0.09525839
197.60000000,5.12062000,1.33350000,0.07444375,0.09535323
197.80000000,5.12062000,1.33558000,0.07451789,0.09544822
198.00000000,5.12075000,1.32800000,0.07459188,0.09554267
198.20000000,5.12075000,1.32800000,0.07466565,0.09563713
198.40000000,5.12112000,1.31897000,0.07473918,0.09573094
198.60000000,5.12100000,1.33849000,0.07481300,0.09582613
198.80000000,5.12050000,1.33385000,0.07488723,0.09592101
199.00000000,5.12175000,1.31036000,0.07496068,0.09601423
199.20000000,5.12175000,1.31036000,0.07503348,0.09610742
199.40000000,5.12075000,1.31510000,0.07510641,0.09620096
199.60000000,5.12087000,1.34310000,0.07518025,0.09629648
199.80000000,5.12075000,1.33587000,0.07525466,0.09639149
200.00000000,5.12075000,1.33587000,0.07532888,0.09648649
200.20000000,5.12025000,1.33046000,0.07540294,0.09658111
200.40000000,5.12062000,1.33011000,0.07547685,0.09667572
200.60000000,5.12112000,1.34361000,0.07555112,0.09677128
200.80000000,5.12100000,1.32528000,0.07562525,0.09686554
201.00000000,5.12100000,1.32528000,0.07569888,0.09695978
201.20000000,5.11975000,1.32758000,0.07577257,0.09705420
201.40000000,5.12062000,1.33318000,0.07584648,0.09714901
201.60000000,5.12037000,1.31686000,0.07592009,0.09724266
201.80000000,5.12037000,1.31686000,0.07599325,0.09733630
202.00000000,5.12025000,1.32601000,0.07606666,0.09743059
202.20000000,5.11962000,1.31760000,0.07614010,0.09752428
202.40000000,5.11962000,1.30214000,0.07621287,0.09761687
202.60000000,5.11937000,1.33084000,0.07628601,0.09771149
202.80000000,5.11937000,1.33084000,0.07635994,0.09780612
203.00000000,5.11950000,1.32806000,0.07643380,0.09790057
203.20000000,5.12037000,1.31788000,0.07650730,0.09799431
203.40000000,5.12162000,1.30025000,0.07658003,0.09808677
203.60000000,5.11950000,1.32764000,0.07665302,0.09818117
203.80000000,5.11950000,1.32764000,0.07672678,0.09827558
204.00000000,5.12050000,1.32636000,0.07680050,0.09836992
204.20000000,5.12075000,1.29740000,0.07687338,0.09846219
204.40000000,5.12087000,1.33936000,0.07694663,0.09855745
204.60000000,5.12087000,1.33936000,0.07702104,0.09865271
204.80000000,5.12062000,1.33360000,0.07709529,0.09874756
205.00000000,5.12100000,1.38256000,0.07717073,0.09884590
205.20000000,5.12150000,1.38873000,0.07724771,0.09894469
205.40000000,5.12025000,1.37331000,0.07732444,0.09904235
205.60000000,5.12025000,1.37331000,0.07740073,0.09914003
205.80000000,5.12137000,1.40233000,0.07747783,0.09923976
206.00000000,5.12025000,1.36614000,0.07755474,0.09933691
206.20000000,5.12037000,1.35235000,0.07763025,0.09943309
206.40000000,5.12037000,1.35235000,0.07770538,0.09952929
206.60000000,5.12162000,1.37926000,0.07778126,0.09962739
206.80000000,5.12100000,1.37260000,0.07785770,0.09972500
207.00000000,5.12062000,1.36982000,0.07793388,0.09982243
207.20000000,5.12100000,1.38739000,0.07801047,0.09992110
207.40000000,5.12100000,1.38739000,0.07808754,0.10001976
207.60000000,5.12012000,1.37427000,0.07816426,0.10011751
207.80000000,5.12087000,1.39292000,0.07824112,0.10021658
208.00000000,5.12050000,1.39500000,0.07831857,0.10031579
208.20000000,5.12050000,1.39500000,0.07839607,0.10041501
208.40000000,5.12125000,1.39859000,0.07847366,0.10051449
208.60000000,5.12137000,1.40544000,0.07855155,0.10061444
208.80000000,5.12050000,1.39952000,0.07862947,0.10071398
209.00000000,5.12050000,1.39952000,0.07870722,0.10081354
209.20000000,5.12200000,1.41228000,0.07878533,0.10091401
209.40000000,5.12237000,1.38883000,0.07886314,0.10101280
209.60000000,5.12137000,1.39049000,0.07894034,0.10111170
209.80000000,5.12137000,1.39049000,0.07901759,0.10121062
210.00000000,5.12175000,1.39472000,0.07909495,0.10130981
210.20000000,5.12075000,1.40265000,0.07917266,0.10140958
210.40000000,5.12137000,1.40419000,0.07925063,0.10150945
210.60000000,5.12087000,1.39033000,0.07932825,0.10160834
210.80000000,5.12087000,1.39033000,0.07940549,0.10170723
211.00000000,5.12137000,1.39308000,0.07948281,0.10180632
211.20000000,5.12125000,1.39907000,0.07956037,0.10190583
211.40000000,5.12112000,1.39648000,0.07963802,0.10200516
211.60000000,5.12112000,1.39648000,0.07971561,0.10210450
211.80000000,5.12175000,1.39436000,0.07979313,0.10220370
212.00000000,5.12237000,1.37920000,0.07987017,0.10230177
212.20000000,5.12000000,1.30512000,0.07994474,0.10239458
212.40000000,5.11962000,1.31008000,0.08001738,0.10248773
212.60000000,5.11962000,1.31008000,0.08009016,0.10258090
212.80000000,5.12062000,1.33788000,0.08016372,0.10267605
213.00000000,5.12037000,1.32144000,0.08023759,0.10277003
213.20000000,5.12075000,1.33859000,0.08031148,0.10286523
213.40000000,5.12050000,1.32064000,0.08038535,0.10295915
213.60000000,5.12050000,1.32064000,0.08045871,0.10305308
213.80000000,5.12087000,1.33545000,0.08053250,0.10314805
214.00000000,5.12037000,1.32787000,0.08060648,0.10324250
214.20000000,5.12125000,1.32819000,0.08068026,0.10333697
214.40000000,5.12125000,1.32819000,0.08075404,0.10343144
214.60000000,5.12125000,1.32473000,0.08082774,0.10352563
214.80000000,5.11912000,1.31248000,0.08090099,0.10361897
215.00000000,5.12037000,1.33561000,0.08097455,0.10371395
215.20000000,5.12025000,1.32454000,0.08104844,0.10380814
215.40000000,5.12025000,1.32454000,0.08112203,0.10390232
215.60000000,5.11912000,1.33305000,0.08119585,0.10399713
215.80000000,5.12112000,1.34300000,0.08127019,0.10409265
216.00000000,5.12100000,1.32150000,0.08134420,0.10418665
216.20000000,5.12100000,1.32150000,0.08141762,0.10428062
216.40000000,5.12000000,1.32288000,0.08149107,0.10437470
216.60000000,5.12075000,1.32953000,0.08156475,0.10446926
216.80000000,5.12087000,1.32329000,0.08163844,0.10456339
217.00000000,5.12112000,1.32572000,0.08171202,0.10465768
217.20000000,5.12112000,1.32572000,0.08178567,0.10475196
217.40000000,5.12025000,1.30806000,0.08185883,0.10484500
217.60000000,5.12125000,1.33516000,0.08193226,0.10493993
217.80000000,5.11950000,1.30969000,0.08200572,0.10503306
218.00000000,5.11950000,1.30969000,0.08207849,0.10512619
218.20000000,5.12000000,1.34358000,0.08215219,0.10522176
218.40000000,5.12137000,1.33305000,0.08222654,0.10531656
218.60000000,5.12050000,1.33200000,0.08230057,0.10541131
218.80000000,5.12125000,1.31792000,0.08237418,0.10550505
219.00000000,5.12125000,1.31792000,0.08244739,0.10559877
219.20000000,5.11987000,1.32022000,0.08252068,0.10569266
219.40000000,5.12050000,1.32416000,0.08259413,0.10578683
219.60000000,5.12075000,1.30960000,0.08266729,0.10587997
219.80000000,5.12000000,1.29155000,0.08273954,0.10597182
220.00000000,5.12000000,1.29155000,0.08281130,0.10606368
220.20000000,5.12100000,1.33132000,0.08288415,0.10615837
220.40000000,5.12100000,1.33443000,0.08295820,0.10625325
220.60000000,5.11950000,1.34198000,0.08303255,0.10634867
220.80000000,5.11950000,1.34198000,0.08310710,0.10644410
221.00000000,5.11987000,1.31782000,0.08318099,0.10653782
221.20000000,5.12050000,1.32560000,0.08325441,0.10663212
221.40000000,5.12175000,1.36841000,0.08332925,0.10672946
221.60000000,5.12175000,1.36841000,0.08340527,0.10682678
221.80000000,5.12075000,1.40198000,0.08348223,0.10692651
222.00000000,5.12125000,1.38348000,0.08355960,0.10702492
222.20000000,5.12162000,1.39068000,0.08363666,0.10712384
222.40000000,5.12000000,1.39856000,0.08371414,0.10722329
222.60000000,5.12000000,1.39856000,0.08379184,0.10732277
222.80000000,5.12112000,1.39724000,0.08386950,0.10742217
223.00000000,5.12200000,1.39801000,0.08394714,0.10752161
223.20000000,5.12150000,1.39580000,0.08402475,0.10762090
223.40000000,5.12150000,1.39580000,0.08410229,0.10772017
223.60000000,5.12100000,1.32089000,0.08417776,0.10781412
223.80000000,5.12087000,1.33171000,0.08425144,0.10790884
224.00000000,5.12125000,1.32236000,0.08432516,0.10800290
224.20000000,5.12050000,1.32457000,0.08439869,0.10809710
224.40000000,5.12050000,1.32457000,0.08447228,0.10819129
224.60000000,5.12012000,1.33657000,0.08454620,0.10828636
224.80000000,5.12100000,1.33865000,0.08462051,0.10838156
225.00000000,5.12075000,1.31398000,0.08469419,0.10847502
225.20000000,5.12075000,1.31398000,0.08476719,0.10856846
225.40000000,5.12025000,1.32316000,0.08484045,0.10866257
225.60000000,5.12100000,1.33654000,0.08491433,0.10875762
225.80000000,5.12037000,1.35344000,0.08498905,0.10885387
226.00000000,5.12037000,1.35344000,0.08506424,0.10895014
226.20000000,5.12150000,1.34880000,0.08513930,0.10904608
226.40000000,5.12100000,1.36025000,0.08521455,0.10914282
226.60000000,5.12100000,1.40736000,0.08529143,0.10924293
226.80000000,5.12150000,1.40780000,0.08536963,0.10934307
227.00000000,5.12150000,1.40780000,0.08544784,0.10944320
227.20000000,5.12112000,1.40057000,0.08552585,0.10954283
227.40000000,5.12150000,1.39452000,0.08560349,0.10964200
227.60000000,5.12012000,1.38499000,0.08568070,0.10974053
227.80000000,5.12212000,1.37817000,0.08575746,0.10983857
228.00000000,5.12212000,1.37817000,0.08583402,0.10993659
228.20000000,5.12062000,1.31315000,0.08590878,0.11002998
228.40000000,5.12100000,1.34432000,0.08598260,0.11012561
228.60000000,5.12162000,1.33296000,0.08605697,0.11022043
228.80000000,5.12162000,1.33296000,0.08613102,0.11031525
229.00000000,5.12175000,1.30969000,0.08620443,0.11040839
229.20000000,5.12062000,1.33571000,0.08627791,0.11050341
229.40000000,5.12175000,1.32646000,0.08635186,0.11059776
229.60000000,5.12137000,1.31808000,0.08642532,0.11069152
229.80000000,5.12137000,1.31808000,0.08649855,0.11078527
230.00000000,5.12125000,1.33174000,0.08657215,0.11087998
230.20000000,5.12062000,1.33340000,0.08664618,0.11097482
230.40000000,5.12100000,1.30982000,0.08671961,0.11106798
230.60000000,5.12100000,1.30982000,0.08679238,0.11116116
230.80000000,5.12175000,1.34892000,0.08686623,0.11125709
231.00000000,5.12062000,1.33513000,0.08694079,0.11135204
231.20000000,5.12062000,1.32256000,0.08701461,0.11144612
231.40000000,5.12162000,1.33344000,0.08708839,0.11154098
231.60000000,5.12162000,1.33344000,0.08716247,0.11163583
231.80000000,5.12162000,1.33177000,0.08723650,0.11173056
232.00000000,5.12175000,1.32326000,0.08731025,0.11182467
232.20000000,5.12025000,1.33523000,0.08738410,0.11191962
232.40000000,5.12025000,1.33523000,0.08745828,0.11201459
232.60000000,5.12112000,1.32128000,0.08753207,0.11210855
232.80000000,5.12025000,1.32332000,0.08760553,0.11220268
233.00000000,5.12100000,1.33606000,0.08767940,0.11229771
233.20000000,5.12150000,1.33676000,0.08775365,0.11239280
233.40000000,5.12150000,1.33676000,0.08782791,0.11248786
233.60000000,5.12000000,1.29235000,0.08790094,0.11257977
233.80000000,5.12100000,1.32860000,0.08797375,0.11267428
234.00000000,5.12162000,1.31417000,0.08804716,0.11276776
234.20000000,5.12075000,1.34025000,0.08812089,0.11286309
234.40000000,5.12075000,1.34025000,0.08819535,0.11295842
234.60000000,5.12150000,1.33942000,0.08826979,0.11305368
234.80000000,5.12075000,1.32304000,0.08834374,0.11314780
235.00000000,5.12187000,1.33846000,0.08841767,0.11324301
235.20000000,5.12187000,1.33846000,0.08849203,0.11333821
235.40000000,5.12112000,1.32576000,0.08856604,0.11343251
235.60000000,5.12125000,1.35171000,0.08864041,0.11352866
235.80000000,5.12137000,1.32870000,0.08871487,0.11362317
236.00000000,5.12137000,1.32870000,0.08878869,0.11371766
236.20000000,5.12050000,1.32278000,0.08886234,0.11381174
236.40000000,5.12062000,1.40192000,0.08893802,0.11391146
236.60000000,5.12150000,1.38064000,0.08901532,0.11400967
236.80000000,5.12062000,1.34182000,0.08909094,0.11410510
237.00000000,5.12062000,1.34182000,0.08916549,0.11420055
237.20000000,5.12150000,1.37062000,0.08924083,0.11429803
237.40000000,5.12100000,1.38755000,0.08931745,0.11439674
237.60000000,5.12187000,1.35449000,0.08939362,0.11449309
237.80000000,5.12187000,1.35449000,0.08946887,0.11458943
238.00000000,5.12112000,1.35664000,0.08954417,0.11468594
238.20000000,5.12175000,1.36080000,0.08961966,0.11478273
238.40000000,5.12137000,1.36432000,0.08969536,0.11487978
238.60000000,5.12137000,1.36432000,0.08977115,0.11497681
238.80000000,5.12087000,1.34569000,0.08984643,0.11507254
239.00000000,5.12212000,1.36380000,0.08992169,0.11516952
239.20000000,5.11987000,1.35228000,0.08999714,0.11526570
239.40000000,5.12062000,1.35468000,0.09007233,0.11536204
239.60000000,5.12062000,1.35468000,0.09014759,0.11545840
239.80000000,5.12162000,1.36108000,0.09022303,0.11555522
240.00000000,5.12162000,1.34771000,0.09029828,0.11565106
240.20000000,5.12025000,1.36905000,0.09037374,0.11574842
240.40000000,5.12025000,1.36905000,0.09044980,0.11584582
240.60000000,5.12237000,1.32268000,0.09052457,0.11593990
240.80000000,5.12112000,1.34521000,0.09059868,0.11603557
241.00000000,5.12075000,1.33808000,0.09067321,0.11613076
241.20000000,5.12162000,1.33750000,0.09074754,0.11622590
241.40000000,5.12162000,1.33750000,0.09082184,0.11632103
241.60000000,5.12125000,1.33344000,0.09089603,0.11641588
241.80000000,5.12125000,1.37139000,0.09097117,0.11651342
242.00000000,5.12100000,1.34121000,0.09104652,0.11660881
242.20000000,5.12100000,1.34121000,0.09112103,0.11670423
242.40000000,5.12225000,1.37753000,0.09119655,0.11680222
242.60000000,5.12162000,1.35468000,0.09127245,0.11689858
242.80000000,5.12150000,1.33740000,0.09134723,0.11699373
243.00000000,5.12237000,1.34611000,0.09142177,0.11708949
243.20000000,5.12237000,1.34611000,0.09149655,0.11718525
243.40000000,5.12187000,1.36323000,0.09157181,0.11728223
243.60000000,5.12187000,1.33942000,0.09164688,0.11737752
243.80000000,5.12250000,1.36982000,0.09172214,0.11747496
244.00000000,5.12125000,1.35436000,0.09179781,0.11757129
244.20000000,5.12125000,1.35436000,0.09187305,0.11766761
244.40000000,5.12062000,1.34470000,0.09194803,0.11776325
244.60000000,5.12062000,1.35996000,0.09202316,0.11785998
244.80000000,5.12162000,1.35353000,0.09209853,0.11795627
245.00000000,5.12162000,1.35353000,0.09217373,0.11805254
245.20000000,5.12137000,1.33520000,0.09224842,0.11814753
245.40000000,5.12200000,1.34876000,0.09232297,0.11824346
245.60000000,5.12137000,1.33680000,0.09239757,0.11833854
245.80000000,5.12087000,1.31561000,0.09247125,0.11843211
246.00000000,5.12087000,1.31561000,0.09254434,0.11852568
246.20000000,5.12050000,1.32134000,0.09261759,0.11861965
246.40000000,5.12037000,1.35689000,0.09269198,0.11871617
246.60000000,5.12187000,1.37254000,0.09276780,0.11881381
246.80000000,5.12187000,1.37254000,0.09284405,0.11891145
247.00000000,5.12187000,1.36675000,0.09292014,0.11900867
247.20000000,5.12162000,1.37046000,0.09299618,0.11910616
247.40000000,5.12200000,1.29961000,0.09307034,0.11919860
247.60000000,5.12137000,1.33910000,0.09314364,0.11929385
247.80000000,5.12137000,1.33910000,0.09321804,0.11938910
248.00000000,5.12112000,1.36425000,0.09329313,0.11948614
248.20000000,5.12125000,1.37529000,0.09336923,0.11958399
248.40000000,5.12287000,1.35779000,0.09344515,0.11968060
248.60000000,5.12287000,1.35779000,0.09352058,0.11977715
248.80000000,5.11987000,1.34585000,0.09359568,0.11987288
249.00000000,5.12125000,1.35187000,0.09367062,0.11996902
249.20000000,5.12025000,1.32940000,0.09374510,0.12006356
249.40000000,5.12050000,1.31350000,0.09381851,0.12015697
249.60000000,5.12050000,1.31350000,0.09389148,0.12025039
249.80000000,5.12112000,1.28937000,0.09396378,0.12034211
250.00000000,5.12175000,1.31859000,0.09403623,0.12043590
250.20000000,5.12112000,1.32665000,0.09410971,0.12053026
250.40000000,5.12062000,1.35129000,0.09418409,0.12062636
250.60000000,5.12062000,1.35129000,0.09425917,0.12072248
250.80000000,5.12125000,1.33852000,0.09433388,0.12081769
251.00000000,5.12150000,1.32688000,0.09440792,0.12091207
251.20000000,5.12100000,1.35411000,0.09448239,0.12100839
251.40000000,5.12100000,1.35411000,0.09455762,0.12110469
251.60000000,5.12050000,1.32656000,0.09463208,0.12119906
251.80000000,5.12225000,1.33907000,0.09470613,0.12129433
252.00000000,5.12000000,1.32784000,0.09478021,0.12138875
252.20000000,5.12000000,1.32784000,0.09485398,0.12148318
252.40000000,5.12012000,1.33616000,0.09492798,0.12157822
252.60000000,5.12150000,1.32848000,0.09500200,0.12167271
252.80000000,5.12112000,1.33996000,0.09507612,0.12176802
253.00000000,5.12112000,1.33996000,0.09515056,0.12186332
253.20000000,5.12087000,1.34460000,0.09522513,0.12195896
253.40000000,5.12125000,1.34032000,0.09529972,0.12205430
253.60000000,5.12162000,1.32732000,0.09537382,0.12214871
253.80000000,5.12112000,1.32835000,0.09544759,0.12224319
254.00000000,5.12112000,1.32835000,0.09552138,0.12233767
254.20000000,5.12087000,1.35852000,0.09559602,0.12243427
254.40000000,5.11987000,1.33699000,0.09567089,0.12252935
254.60000000,5.12012000,1.35174000,0.09574558,0.12262547
254.80000000,5.12012000,1.35174000,0.09582068,0.12272162
255.00000000,5.12100000,1.34195000,0.09589550,0.12281704
255.20000000,5.11987000,1.32518000,0.09596959,0.12291129
255.40000000,5.12087000,1.32864000,0.09604331,0.12300577
255.60000000,5.11975000,1.33558000,0.09611731,0.12310074
255.80000000,5.11975000,1.33558000,0.09619151,0.12319572
256.00000000,5.12025000,1.32617000,0.09626545,0.12329004
256.20000000,5.12100000,1.32771000,0.09633917,0.12338444
256.40000000,5.11937000,1.31836000,0.09641267,0.12347818
256.60000000,5.11937000,1.31836000,0.09648591,0.12357196
256.80000000,5.12125000,1.30825000,0.09655887,0.12366500
257.00000000,5.12050000,1.34128000,0.09663247,0.12376040
257.20000000,5.12137000,1.37014000,0.09670779,0.12385785
257.40000000,5.12100000,1.36771000,0.09678384,0.12395513
257.60000000,5.12100000,1.36771000,0.09685982,0.12405242
257.80000000,5.12137000,1.37270000,0.09693595,0.12415004
258.00000000,5.12050000,1.36953000,0.09701212,0.12424745
258.20000000,5.12087000,1.37558000,0.09708837,0.12434528
258.40000000,5.12087000,1.37558000,0.09716479,0.12444312
258.60000000,5.12100000,1.34992000,0.09724050,0.12453914
258.80000000,5.12137000,1.36691000,0.09731597,0.12463635
259.00000000,5.12062000,1.34009000,0.09739116,0.12473167
259.20000000,5.12100000,1.33468000,0.09746546,0.12482660
259.40000000,5.12100000,1.33468000,0.09753961,0.12492153
259.60000000,5.12125000,1.32960000,0.09761362,0.12501609
259.80000000,5.12062000,1.34323000,0.09768786,0.12511163
260.00000000,5.12100000,1.32496000,0.09776198,0.12520587
260.20000000,5.12100000,1.32496000,0.09783559,0.12530009
260.40000000,5.12050000,1.33017000,0.09790934,0.12539469
260.60000000,5.12050000,1.34726000,0.09798372,0.12549052
260.80000000,5.12137000,1.34892000,0.09805861,0.12558647
261.00000000,5.12262000,1.34201000,0.09813336,0.12568195
261.20000000,5.12262000,1.34201000,0.09820791,0.12577740
261.40000000,5.12100000,1.32963000,0.09828213,0.12587197
261.60000000,5.12050000,1.32323000,0.09835582,0.12596607
261.80000000,5.12125000,1.33920000,0.09842977,0.12606133
262.00000000,5.12125000,1.33920000,0.09850417,0.12615659
262.20000000,5.12162000,1.32838000,0.09857827,0.12625105
262.40000000,5.12012000,1.33667000,0.09865230,0.12634613
262.60000000,5.12125000,1.32115000,0.09872613,0.12644010
262.80000000,5.12125000,1.32115000,0.09879953,0.12653405
263.00000000,5.12037000,1.31926000,0.09887287,0.12662788
263.20000000,5.12062000,1.35382000,0.09894712,0.12672420
263.40000000,5.12237000,1.33254000,0.09902175,0.12681897
263.60000000,5.12100000,1.37177000,0.09909687,0.12691654
263.80000000,5.12100000,1.37177000,0.09917307,0.12701412
264.00000000,5.12150000,1.38572000,0.09924967,0.12711267
264.20000000,5.12087000,1.38646000,0.09932668,0.12721131
264.40000000,5.12212000,1.38841000,0.09940376,0.12731008
264.60000000,5.12212000,1.38841000,0.09948089,0.12740883
264.80000000,5.12112000,1.36336000,0.09955733,0.12750581
265.00000000,5.12162000,1.35542000,0.09963285,0.12760222
265.20000000,5.12125000,1.36108000,0.09970831,0.12769903
265.40000000,5.12100000,1.34854000,0.09978358,0.12779494
265.60000000,5.12100000,1.34854000,0.09985849,0.12789087
265.80000000,5.12162000,1.39225000,0.09993463,0.12798991
266.00000000,5.12200000,1.35644000,0.10001098,0.12808639
266.20000000,5.12112000,1.38544000,0.10008714,0.12818493
266.40000000,5.12112000,1.38544000,0.10016411,0.12828349
266.60000000,5.12175000,1.37123000,0.10024069,0.12838102
266.80000000,5.12125000,1.37507000,0.10031697,0.12847884
267.00000000,5.12162000,1.38028000,0.10039351,0.12857702
267.20000000,5.12162000,1.35843000,0.10046959,0.12867365
267.40000000,5.12162000,1.35843000,0.10054505,0.12877026
267.60000000,5.12062000,1.37334000,0.10062094,0.12886796
267.80000000,5.12187000,1.37795000,0.10069736,0.12896596
268.00000000,5.12100000,1.37916000,0.10077395,0.12906406
268.20000000,5.12062000,1.35046000,0.10084977,0.12916010
268.40000000,5.12062000,1.35046000,0.10092480,0.12925616
268.60000000,5.12150000,1.38252000,0.10100071,0.12935451
268.80000000,5.12212000,1.35788000,0.10107683,0.12945110
269.00000000,5.12125000,1.34768000,0.10115199,0.12954696
269.20000000,5.12125000,1.34768000,0.10122686,0.12964283
269.40000000,5.12212000,1.33968000,0.10130151,0.12973813
269.60000000,5.12187000,1.34233000,0.10137601,0.12983362
269.80000000,5.12162000,1.34652000,0.10145070,0.12992939
270.00000000,5.12087000,1.33305000,0.10152513,0.13002420
270.20000000,5.12087000,1.33305000,0.10159919,0.13011902
270.40000000,5.12150000,1.34144000,0.10167348,0.13021444
270.60000000,5.12175000,1.33107000,0.10174772,0.13030910
270.80000000,5.12000000,1.33193000,0.10182169,0.13040381
271.00000000,5.12000000,1.33193000,0.10189569,0.13049854
271.20000000,5.12075000,1.32377000,0.10196946,0.13059271
271.40000000,5.12175000,1.30956000,0.10204260,0.13068583
271.60000000,5.11975000,1.33872000,0.10211617,0.13078103
271.80000000,5.12037000,1.31494000,0.10218988,0.13087455
272.00000000,5.12037000,1.31494000,0.10226293,0.13096806
272.20000000,5.12012000,1.31289000,0.10233593,0.13106143
272.40000000,5.12050000,1.33750000,0.10240955,0.13115653
272.60000000,5.11962000,1.33507000,0.10248379,0.13125146
272.80000000,5.11962000,1.33507000,0.10255796,0.13134644
273.00000000,5.12200000,1.33942000,0.10263225,0.13144172
273.20000000,5.12175000,1.34678000,0.10270687,0.13153750
273.40000000,5.12087000,1.33347000,0.10278132,0.13163234
273.60000000,5.12087000,1.32854000,0.10285526,0.13172683
273.80000000,5.12087000,1.32854000,0.10292907,0.13182134
274.00000000,5.12187000,1.35062000,0.10300349,0.13191741
274.20000000,5.12137000,1.37328000,0.10307915,0.13201510
274.40000000,5.12187000,1.37692000,0.10315555,0.13211305
274.60000000,5.12187000,1.37692000,0.10323204,0.13221100
274.80000000,5.12187000,1.36707000,0.10330827,0.13230824
275.00000000,5.12137000,1.38115000,0.10338461,0.13240648
275.20000000,5.12137000,1.33436000,0.10346004,0.13250140
275.40000000,5.12150000,1.35510000,0.10353474,0.13259779
275.60000000,5.12150000,1.35510000,0.10361003,0.13269419
275.80000000,5.12200000,1.35353000,0.10368527,0.13279045
276.00000000,5.12062000,1.36787000,0.10376086,0.13288775
276.20000000,5.12150000,1.36096000,0.10383666,0.13298456
276.40000000,5.12150000,1.36096000,0.10391227,0.13308136
276.60000000,5.12125000,1.36422000,0.10398797,0.13317839
276.80000000,5.12062000,1.36649000,0.10406382,0.13327559
277.00000000,5.12150000,1.35740000,0.10413949,0.13337214
277.20000000,5.12125000,1.31302000,0.10421367,0.13346553
277.40000000,5.12125000,1.31302000,0.10428661,0.13355893
277.60000000,5.12137000,1.34953000,0.10436057,0.13365491
277.80000000,5.12087000,1.30761000,0.10443438,0.13374792
278.00000000,5.12125000,1.34976000,0.10450820,0.13384392
278.20000000,5.12125000,1.34976000,0.10458318,0.13393992
278.40000000,5.12075000,1.33580000,0.10465778,0.13403492
278.60000000,5.12062000,1.31744000,0.10473148,0.13412864
278.80000000,5.12187000,1.34361000,0.10480540,0.13422422
279.00000000,5.12212000,1.32697000,0.10487958,0.13431862
279.20000000,5.12212000,1.32697000,0.10495330,0.13441299
279.40000000,5.12025000,1.31427000,0.10502667,0.13450646
279.60000000,5.12075000,1.30649000,0.10509947,0.13459938
279.80000000,5.12075000,1.33776000,0.10517292,0.13469453
280.00000000,5.12075000,1.33776000,0.10524724,0.13478969
280.20000000,5.12175000,1.35417000,0.10532202,0.13488602
280.40000000,5.12175000,1.36825000,0.10539764,0.13498334
280.60000000,5.12137000,1.38000000,0.10547398,0.13508150
280.80000000,5.12137000,1.38000000,0.10555065,0.13517969
281.00000000,5.12275000,1.38857000,0.10562755,0.13527844
281.20000000,5.12037000,1.36790000,0.10570412,0.13537573
281.40000000,5.12125000,1.34137000,0.10577938,0.13547116
281.60000000,5.12225000,1.36051000,0.10585443,0.13556795
281.80000000,5.12225000,1.36051000,0.10593001,0.13566472
282.00000000,5.12125000,1.35609000,0.10600548,0.13576119
282.20000000,5.12200000,1.34128000,0.10608040,0.13585659
282.40000000,5.12112000,1.34201000,0.10615494,0.13595205
282.60000000,5.12112000,1.34201000,0.10622949,0.13604748
282.80000000,5.12012000,1.35068000,0.10630429,0.13614355
283.00000000,5.12112000,1.31728000,0.10637840,0.13623724
283.20000000,5.12087000,1.33830000,0.10645217,0.13633242
283.40000000,5.12087000,1.32736000,0.10652621,0.13642683
283.60000000,5.12087000,1.32736000,0.10659996,0.13652122
283.80000000,5.12025000,1.32835000,0.10667373,0.13661571
284.00000000,5.12112000,1.34304000,0.10674793,0.13671122
284.20000000,5.12062000,1.33641000,0.10682236,0.13680626
284.40000000,5.12037000,1.29052000,0.10689533,0.13689804
284.60000000,5.12037000,1.29052000,0.10696703,0.13698982
284.80000000,5.12075000,1.32825000,0.10703977,0.13708430
285.00000000,5.12100000,1.31961000,0.10711332,0.13717813
285.20000000,5.11975000,1.34489000,0.10718734,0.13727376
285.40000000,5.11975000,1.34489000,0.10726205,0.13736943
285.60000000,5.12162000,1.34611000,0.10733680,0.13746517
285.80000000,5.12112000,1.33331000,0.10741123,0.13756001
286.00000000,5.12112000,1.32313000,0.10748502,0.13765412
286.20000000,5.12112000,1.31267000,0.10755824,0.13774748
286.40000000,5.12112000,1.31267000,0.10763116,0.13784085
286.60000000,5.12137000,1.32454000,0.10770442,0.13793506
286.80000000,5.12075000,1.32771000,0.10777809,0.13802948
287.00000000,5.12062000,1.35072000,0.10785249,0.13812555
287.20000000,5.12062000,1.35072000,0.10792753,0.13822161
287.40000000,5.12062000,1.31689000,0.10800163,0.13831527
287.60000000,5.12075000,1.31840000,0.10807484,0.13840903
287.80000000,5.12037000,1.31782000,0.10814806,0.13850274
288.00000000,5.12025000,1.32000000,0.10822134,0.13859661
288.20000000,5.12025000,1.32000000,0.10829467,0.13869051
288.40000000,5.12175000,1.34844000,0.10836879,0.13878640
288.60000000,5.11975000,1.31264000,0.10844271,0.13887974
288.80000000,5.11987000,1.32716000,0.10851604,0.13897411
289.00000000,5.11987000,1.32716000,0.10858977,0.13906851
289.20000000,5.12125000,1.31091000,0.10866305,0.13916173
289.40000000,5.12012000,1.31702000,0.10873605,0.13925540
289.60000000,5.12062000,1.33606000,0.10880975,0.13935042
289.80000000,5.12087000,1.34448000,0.10888420,0.13944605
290.00000000,5.12087000,1.34448000,0.10895890,0.13954168
290.20000000,5.12112000,1.32448000,0.10903304,0.13963586
290.40000000,5.11975000,1.33123000,0.10910681,0.13973052
290.60000000,5.12012000,1.31590000,0.10918034,0.13982410
290.80000000,5.12012000,1.31590000,0.10925344,0.13991768
291.00000000,5.12000000,1.33139000,0.10932698,0.14001236
291.20000000,5.12037000,1.31452000,0.10940048,0.14010585
291.40000000,5.12087000,1.33244000,0.10947400,0.14020062
291.60000000,5.12087000,1.33244000,0.10954803,0.14029538
291.80000000,5.12025000,1.30505000,0.10962129,0.14038818
292.00000000,5.11987000,1.32246000,0.10969428,0.14048222
292.20000000,5.12012000,1.31705000,0.10976760,0.14057588
292.40000000,5.12012000,1.31705000,0.10984077,0.14066956
292.60000000,5.12100000,1.33526000,0.10991444,0.14076453
292.80000000,5.12100000,1.33504000,0.10998862,0.14085945
293.00000000,5.11937000,1.33740000,0.11006285,0.14095457
293.20000000,5.12100000,1.36291000,0.11013786,0.14105151
293.40000000,5.12100000,1.36291000,0.11021358,0.14114844
293.60000000,5.12062000,1.34969000,0.11028893,0.14124444
293.80000000,5.12137000,1.35814000,0.11036414,0.14134102
294.00000000,5.11987000,1.38006000,0.11044021,0.14143919
294.20000000,5.12175000,1.37209000,0.11051665,0.14153680
294.40000000,5.12175000,1.37209000,0.11059288,0.14163439
294.60000000,5.12150000,1.35955000,0.11066876,0.14173110
294.80000000,5.12137000,1.33360000,0.11074357,0.14182595
295.00000000,5.12087000,1.35216000,0.11081817,0.14192212
295.20000000,5.12087000,1.35216000,0.11089329,0.14201829
295.40000000,5.12075000,1.37427000,0.11096903,0.14211603
295.60000000,5.12075000,1.39875000,0.11104606,0.14221553
295.80000000,5.12175000,1.37702000,0.11112316,0.14231348
296.00000000,5.12175000,1.38326000,0.11119984,0.14241188
296.20000000,5.12175000,1.38326000,0.11127668,0.14251026
296.40000000,5.12087000,1.38393000,0.11135355,0.14260872
296.60000000,5.12237000,1.34918000,0.11142947,0.14270470
296.80000000,5.12175000,1.37686000,0.11150519,0.14280264
297.00000000,5.12175000,1.37686000,0.11158169,0.14290057
297.20000000,5.12087000,1.37980000,0.11165826,0.14299875
297.40000000,5.12312000,1.42019000,0.11173604,0.14309977
297.60000000,5.12162000,1.40108000,0.11181441,0.14319943
297.80000000,5.12137000,1.40521000,0.11189236,0.14329938
298.00000000,5.12137000,1.40521000,0.11197043,0.14339932
298.20000000,5.12087000,1.42716000,0.11204910,0.14350085
298.40000000,5.12175000,1.38118000,0.11212711,0.14359911
298.60000000,5.12225000,1.40236000,0.11220443,0.14369887
298.80000000,5.12225000,1.40236000,0.11228234,0.14379862
299.00000000,5.12100000,1.39993000,0.11236018,0.14389818
299.20000000,5.12087000,1.39104000,0.11243771,0.14399712
299.40000000,5.12087000,1.34755000,0.11251378,0.14409296
299.60000000,5.12175000,1.40672000,0.11259029,0.14419303
299.80000000,5.12175000,1.40672000,0.11266844,0.14429309
300.00000000,5.12162000,1.39996000,0.11274640,0.14439267
300.20000000,5.12125000,1.38822000,0.11282385,0.14449142
300.40000000,5.12150000,1.40064000,0.11290132,0.14459105
300.60000000,5.12150000,1.40064000,0.11297913,0.14469067
300.80000000,5.12112000,1.41196000,0.11305726,0.14479112
301.00000000,5.12237000,1.40819000,0.11313560,0.14489131
301.20000000,5.12262000,1.31475000,0.11321124,0.14498485
301.40000000,5.11900000,1.38652000,0.11328627,0.14508343
301.60000000,5.11900000,1.38652000,0.11336330,0.14518206
301.80000000,5.12150000,1.41321000,0.11344107,0.14528259
302.00000000,5.12175000,1.40694000,0.11351941,0.14538267
302.20000000,5.12187000,1.41478000,0.11359779,0.14548331
302.40000000,5.12187000,1.41478000,0.11367639,0.14558395
302.60000000,5.12162000,1.40409000,0.11375469,0.14568385
302.80000000,5.12250000,1.42716000,0.11383334,0.14578537
303.00000000,5.12175000,1.39379000,0.11391170,0.14588452
303.20000000,5.12175000,1.39379000,0.11398913,0.14598366
303.40000000,5.12150000,1.40134000,0.11406677,0.14608335
303.60000000,5.12200000,1.40412000,0.11414470,0.14618323
303.80000000,5.12150000,1.38195000,0.11422209,0.14628153
304.00000000,5.12112000,1.34332000,0.11429779,0.14637708
304.20000000,5.12112000,1.34332000,0.11437242,0.14647261
304.40000000,5.12075000,1.32192000,0.11444646,0.14656664
304.60000000,5.12100000,1.32988000,0.11452012,0.14666122
304.80000000,5.12062000,1.30265000,0.11459324,0.14675386
305.00000000,5.12062000,1.30265000,0.11466561,0.14684650
305.20000000,5.12050000,1.33414000,0.11473886,0.14694140
305.40000000,5.12125000,1.31782000,0.11481252,0.14703513
305.60000000,5.12125000,1.34764000,0.11488656,0.14713097
305.80000000,5.12025000,1.32633000,0.11496084,0.14722529
306.00000000,5.12025000,1.32633000,0.11503453,0.14731963
306.20000000,5.12112000,1.30460000,0.11510761,0.14741243
306.40000000,5.12150000,1.33107000,0.11518082,0.14750709
306.60000000,5.12037000,1.36883000,0.11525582,0.14760443
306.80000000,5.12037000,1.36883000,0.11533186,0.14770182
307.00000000,5.12237000,1.40131000,0.11540881,0.14780150
307.20000000,5.12162000,1.40777000,0.11548684,0.14790161
307.40000000,5.12037000,1.37516000,0.11556415,0.14799942
307.60000000,5.12112000,1.38518000,0.11564082,0.14809795
307.80000000,5.12112000,1.38518000,0.11571778,0.14819647
308.00000000,5.12100000,1.40147000,0.11579518,0.14829617
308.20000000,5.12212000,1.40713000,0.11587320,0.14839629
308.40000000,5.12275000,1.38368000,0.11595072,0.14849473
308.60000000,5.12275000,1.38368000,0.11602759,0.14859317
308.80000000,5.12212000,1.33350000,0.11610307,0.14868803
309.00000000,5.12162000,1.30816000,0.11617645,0.14878108
309.20000000,5.12175000,1.29424000,0.11624874,0.14887314
309.40000000,5.12137000,1.33504000,0.11632177,0.14896810
309.60000000,5.12137000,1.33504000,0.11639594,0.14906309
309.80000000,5.12262000,1.35033000,0.11647054,0.14915912
310.00000000,5.12025000,1.33430000,0.11654511,0.14925404
310.20000000,5.12212000,1.33942000,0.11661938,0.14934933
310.40000000,5.12150000,1.34249000,0.11669388,0.14944482
310.60000000,5.12150000,1.34249000,0.11676846,0.14954030
310.80000000,5.12087000,1.32041000,0.11684243,0.14963423
311.00000000,5.12162000,1.30825000,0.11691545,0.14972726
311.20000000,5.12025000,1.30582000,0.11698806,0.14982013
311.40000000,5.12025000,1.30582000,0.11706061,0.14991299
311.60000000,5.12050000,1.30265000,0.11713306,0.15000564
311.80000000,5.12062000,1.32240000,0.11720598,0.15009971
312.00000000,5.12187000,1.33385000,0.11727977,0.15019460
312.20000000,5.12187000,1.33385000,0.11735387,0.15028947
312.40000000,5.12137000,1.32115000,0.11742762,0.15038344
312.60000000,5.12112000,1.32982000,0.11750126,0.15047804
312.80000000,5.12162000,1.30844000,0.11757454,0.15057111
313.00000000,5.12150000,1.33772000,0.11764805,0.15066627
313.20000000,5.12150000,1.33772000,0.11772236,0.15076143
313.40000000,5.12187000,1.33456000,0.11779659,0.15085635
313.60000000,5.12125000,1.32307000,0.11787042,0.15095046
313.80000000,5.12112000,1.34009000,0.11794439,0.15104577
314.00000000,5.12112000,1.34009000,0.11801884,0.15114110
314.20000000,5.12162000,1.34243000,0.11809336,0.15123658
314.40000000,5.12100000,1.32720000,0.11816751,0.15133098
314.60000000,5.12137000,1.33676000,0.11824151,0.15142607
314.80000000,5.12137000,1.33676000,0.11831578,0.15152116
315.00000000,5.12162000,1.33852000,0.11839009,0.15161637
315.20000000,5.12150000,1.36348000,0.11846515,0.15171336
315.40000000,5.12175000,1.35926000,0.11854078,0.15181006
315.60000000,5.12212000,1.41321000,0.11861779,0.15191059
315.80000000,5.12212000,1.41321000,0.11869630,0.15201112
316.00000000,5.12162000,1.40908000,0.11877470,0.15211136
316.20000000,5.12175000,1.39894000,0.11885270,0.15221089
316.40000000,5.12250000,1.40633000,0.11893063,0.15231094
316.60000000,5.12250000,1.40633000,0.11900875,0.15241098
316.80000000,5.12200000,1.40054000,0.11908672,0.15251061
317.00000000,5.12175000,1.37158000,0.11916373,0.15260819
317.20000000,5.12237000,1.39456000,0.11924056,0.15270739
317.40000000,5.12162000,1.39024000,0.11931792,0.15280629
317.60000000,5.12162000,1.39024000,0.11939515,0.15290515
317.80000000,5.12000000,1.40803000,0.11947288,0.15300531
318.00000000,5.12200000,1.40707000,0.11955108,0.15310540
318.20000000,5.12162000,1.39884000,0.11962902,0.15320491
318.40000000,5.12162000,1.39884000,0.11970674,0.15330441
318.60000000,5.12162000,1.40419000,0.11978460,0.15340430
318.80000000,5.12175000,1.39651000,0.11986240,0.15350364
319.00000000,5.12162000,1.39350000,0.11993990,0.15360274
319.20000000,5.12050000,1.36844000,0.12001662,0.15370006
319.40000000,5.12050000,1.36844000,0.12009264,0.15379739
319.60000000,5.12112000,1.38288000,0.12016907,0.15389575
319.80000000,5.12087000,1.37040000,0.12024555,0.15399322
320.00000000,5.12100000,1.39865000,0.12032247,0.15409268
320.20000000,5.12000000,1.37827000,0.12039960,0.15419069
320.40000000,5.12000000,1.37827000,0.12047617,0.15428872
320.60000000,5.12100000,1.33353000,0.12055150,0.15438356
320.80000000,5.12075000,1.33452000,0.12062561,0.15447847
321.00000000,5.12037000,1.33465000,0.12069976,0.15457338
321.20000000,5.12037000,1.33465000,0.12077390,0.15466831
321.40000000,5.12125000,1.30204000,0.12084714,0.15476091
321.60000000,5.12012000,1.28038000,0.12091888,0.15485197
321.80000000,5.12087000,1.33452000,0.12099151,0.15494689
322.00000000,5.12137000,1.32864000,0.12106549,0.15504140
322.20000000,5.12137000,1.32864000,0.12113930,0.15513591
322.40000000,5.12150000,1.33200000,0.12121321,0.15523064
322.60000000,5.12075000,1.33638000,0.12128733,0.15532567
322.80000000,5.11975000,1.32192000,0.12136117,0.15541967
323.00000000,5.11975000,1.32192000,0.12143461,0.15551370
323.20000000,5.12137000,1.34060000,0.12150857,0.15560904
323.40000000,5.12075000,1.32816000,0.12158271,0.15570349
323.60000000,5.12025000,1.31974000,0.12165626,0.15579737
323.80000000,5.12150000,1.27580000,0.12172836,0.15588812
324.00000000,5.12150000,1.27580000,0.12179923,0.15597885
324.20000000,5.12050000,1.32044000,0.12187135,0.15607276
324.40000000,5.12050000,1.32707000,0.12194489,0.15616717
324.60000000,5.12212000,1.38323000,0.12202018,0.15626557
324.80000000,5.12212000,1.38323000,0.12209703,0.15636397
325.00000000,5.12175000,1.37843000,0.12217374,0.15646202
325.20000000,5.12137000,1.39052000,0.12225065,0.15656092
325.40000000,5.12100000,1.34249000,0.12232657,0.15665643
325.60000000,5.12225000,1.38492000,0.12240233,0.15675495
325.80000000,5.12225000,1.38492000,0.12247927,0.15685347
326.00000000,5.12200000,1.39660000,0.12255654,0.15695282
326.20000000,5.12175000,1.37683000,0.12263358,0.15705076
326.40000000,5.12162000,1.37609000,0.12271005,0.15714867
326.60000000,5.12262000,1.38550000,0.12278676,0.15724724
326.80000000,5.12262000,1.38550000,0.12286373,0.15734578
327.00000000,5.12075000,1.38198000,0.12294060,0.15744408
327.20000000,5.12162000,1.38371000,0.12301743,0.15754252
327.40000000,5.12187000,1.38163000,0.12309424,0.15764080
327.60000000,5.12187000,1.38163000,0.12317100,0.15773908
327.80000000,5.12125000,1.38275000,0.12324779,0.15783744
328.00000000,5.12187000,1.41334000,0.12332546,0.15793798
328.20000000,5.12200000,1.39798000,0.12340355,0.15803743
328.40000000,5.12312000,1.39750000,0.12348120,0.15813687
328.60000000,5.12312000,1.39750000,0.12355884,0.15823628
328.80000000,5.12162000,1.40451000,0.12363668,0.15833621
329.00000000,5.12250000,1.37664000,0.12371393,0.15843415
329.20000000,5.12262000,1.37596000,0.12379039,0.15853205
329.40000000,5.12262000,1.37596000,0.12386683,0.15862993
329.60000000,5.12175000,1.39932000,0.12394392,0.15872949
329.80000000,5.12300000,1.39705000,0.12402160,0.15882887
330.00000000,5.12162000,1.38732000,0.12409895,0.15892755
330.20000000,5.12162000,1.38732000,0.12417602,0.15902625
330.40000000,5.12225000,1.40566000,0.12425360,0.15912624
330.60000000,5.12175000,1.33027000,0.12432960,0.15922085
330.80000000,5.12075000,1.28105000,0.12440214,0.15931196
331.00000000,5.12075000,1.28105000,0.12447331,0.15940308
331.20000000,5.12125000,1.33766000,0.12454605,0.15949822
331.40000000,5.12100000,1.34182000,0.12462048,0.15959365
331.60000000,5.12025000,1.32227000,0.12469448,0.15968768
331.80000000,5.12037000,1.33728000,0.12476836,0.15978278
332.00000000,5.12037000,1.33728000,0.12484265,0.15987788
332.20000000,5.12025000,1.31760000,0.12491640,0.15997158
332.40000000,5.12025000,1.30153000,0.12498915,0.16006414
332.60000000,5.12037000,1.32224000,0.12506203,0.16015818
332.80000000,5.12037000,1.32224000,0.12513549,0.16025223
333.00000000,5.12162000,1.33520000,0.12520931,0.16034721
333.20000000,5.12137000,1.36246000,0.12528424,0.16044411
333.40000000,5.12112000,1.39382000,0.12536081,0.16054326
333.60000000,5.12150000,1.38278000,0.12543793,0.16064162
333.80000000,5.12150000,1.38278000,0.12551476,0.16073997
334.00000000,5.12100000,1.40732000,0.12559226,0.16084008
334.20000000,5.12187000,1.36774000,0.12566934,0.16093738
334.40000000,5.12212000,1.39625000,0.12574612,0.16103668
334.60000000,5.12037000,1.37705000,0.12582316,0.16113461
334.80000000,5.12037000,1.37705000,0.12589966,0.16123257
335.00000000,5.12187000,1.38876000,0.12597649,0.16133136
335.20000000,5.12200000,1.33827000,0.12605224,0.16142655
335.40000000,5.12112000,1.34076000,0.12612666,0.16152191
335.60000000,5.12112000,1.34076000,0.12620114,0.16161726
335.80000000,5.12025000,1.32739000,0.12627526,0.16171167
336.00000000,5.12062000,1.33881000,0.12634932,0.16180689
336.20000000,5.12112000,1.33660000,0.12642364,0.16190195
336.40000000,5.12050000,1.34268000,0.12649806,0.16199744
336.60000000,5.12050000,1.34268000,0.12657265,0.16209293
336.80000000,5.12075000,1.33126000,0.12664693,0.16218759
337.00000000,5.11987000,1.31868000,0.12672054,0.16228137
337.20000000,5.12037000,1.33824000,0.12679434,0.16237654
337.40000000,5.12037000,1.33824000,0.12686869,0.16247173
337.60000000,5.12100000,1.34019000,0.12694309,0.16256705
337.80000000,5.12100000,1.34009000,0.12701754,0.16266233
338.00000000,5.11912000,1.33302000,0.12709180,0.16275712
338.20000000,5.12000000,1.33164000,0.12716581,0.16285181
338.40000000,5.12000000,1.33164000,0.12723979,0.16294651
338.60000000,5.12025000,1.32160000,0.12731350,0.16304050
338.80000000,5.12025000,1.34998000,0.12738771,0.16313652
339.00000000,5.12112000,1.33027000,0.12746216,0.16323113
339.20000000,5.12062000,1.33468000,0.12753618,0.16332606
339.40000000,5.12062000,1.33468000,0.12761033,0.16342098
339.60000000,5.12062000,1.33264000,0.12768442,0.16351578
339.80000000,5.12175000,1.33097000,0.12775841,0.16361044
340.00000000,5.12100000,1.31222000,0.12783184,0.16370377
340.20000000,5.12100000,1.31222000,0.12790474,0.16379710
340.40000000,5.12050000,1.34032000,0.12797842,0.16389241
340.60000000,5.12037000,1.34876000,0.12805312,0.16398835
340.80000000,5.12137000,1.32972000,0.12812752,0.16408292
341.00000000,5.12062000,1.34182000,0.12820173,0.16417835
341.20000000,5.12062000,1.34182000,0.12827627,0.16427380
341.40000000,5.12187000,1.34921000,0.12835102,0.16436975
341.60000000,5.11987000,1.33238000,0.12842551,0.16446452
341.80000000,5.12125000,1.32438000,0.12849931,0.16455872
342.00000000,5.12125000,1.32438000,0.12857289,0.16465292
342.20000000,5.12137000,1.34684000,0.12864709,0.16474872
342.40000000,5.12112000,1.40067000,0.12872341,0.16484835
342.60000000,5.12150000,1.39033000,0.12880094,0.16494725
342.80000000,5.12187000,1.41420000,0.12887884,0.16504785
343.00000000,5.12187000,1.41420000,0.12895741,0.16514843
343.20000000,5.12087000,1.40544000,0.12903573,0.16524840
343.40000000,5.12150000,1.38995000,0.12911338,0.16534727
343.60000000,5.12062000,1.36534000,0.12918991,0.16544437
343.80000000,5.12062000,1.36534000,0.12926577,0.16554148
344.00000000,5.12075000,1.39612000,0.12934247,0.16564081
344.20000000,5.12237000,1.33312000,0.12941829,0.16573560
344.40000000,5.12000000,1.29676000,0.12949134,0.16582782
344.60000000,5.11887000,1.25107000,0.12956211,0.16591676
344.80000000,5.11887000,1.25107000,0.12963162,0.16600574
345.00000000,5.12075000,1.32665000,0.12970322,0.16610011
345.20000000,5.12162000,1.34620000,0.12977746,0.16619587
345.40000000,5.12112000,1.30896000,0.12985122,0.16628897
345.60000000,5.12112000,1.30896000,0.12992394,0.16638206
345.80000000,5.12012000,1.34240000,0.12999759,0.16647754
346.00000000,5.12125000,1.32956000,0.13007181,0.16657210
346.20000000,5.12087000,1.33100000,0.13014571,0.16666677
346.40000000,5.12087000,1.33100000,0.13021966,0.16676142
346.60000000,5.12000000,1.33574000,0.13029373,0.16685643
346.80000000,5.12125000,1.32995000,0.13036778,0.16695101
347.00000000,5.12037000,1.32761000,0.13044160,0.16704542
347.20000000,5.12037000,1.32761000,0.13051536,0.16713984
347.40000000,5.12075000,1.34092000,0.13058948,0.16723522
347.60000000,5.12125000,1.33974000,0.13066395,0.16733051
347.80000000,5.12100000,1.31840000,0.13073778,0.16742429
348.00000000,5.12150000,1.37507000,0.13081260,0.16752210
348.20000000,5.12150000,1.37507000,0.13088900,0.16761988
348.40000000,5.12000000,1.32969000,0.13096413,0.16771447
348.60000000,5.12150000,1.34355000,0.13103838,0.16781004
348.80000000,5.12162000,1.32249000,0.13111244,0.16790408
349.00000000,5.11975000,1.31446000,0.13118569,0.16799755
349.20000000,5.11975000,1.31446000,0.13125871,0.16809102
349.40000000,5.12012000,1.31008000,0.13133162,0.16818421
349.60000000,5.12137000,1.33225000,0.13140502,0.16827896
349.80000000,5.12100000,1.33948000,0.13147923,0.16837423
350.00000000,5.12100000,1.33948000,0.13155365,0.16846952
350.20000000,5.12162000,1.32643000,0.13162770,0.16856387
350.40000000,5.12137000,1.34857000,0.13170201,0.16865981
350.60000000,5.12225000,1.32492000,0.13177627,0.16875402
350.80000000,5.11975000,1.32985000,0.13185001,0.16884858
351.00000000,5.11975000,1.32985000,0.13192389,0.16894317
351.20000000,5.12100000,1.34025000,0.13199806,0.16903852
351.40000000,5.12237000,1.37993000,0.13207362,0.16913667
351.60000000,5.12150000,1.40787000,0.13215106,0.16923682
351.80000000,5.12150000,1.40787000,0.13222928,0.16933696
352.00000000,5.12125000,1.39376000,0.13230710,0.16943611
352.20000000,5.12200000,1.40998000,0.13238498,0.16953640
352.40000000,5.12150000,1.40128000,0.13246307,0.16963608
352.60000000,5.12150000,1.39920000,0.13254086,0.16973561
352.80000000,5.12150000,1.39920000,0.13261860,0.16983513
353.00000000,5.12112000,1.41481000,0.13269676,0.16993576
353.20000000,5.12125000,1.34403000,0.13277340,0.17003136
353.40000000,5.12137000,1.33440000,0.13284780,0.17012628
353.60000000,5.12137000,1.33440000,0.13292193,0.17022118
353.80000000,5.12087000,1.32729000,0.13299587,0.17031560
354.00000000,5.12150000,1.29910000,0.13306882,0.17040800
354.20000000,5.12100000,1.33526000,0.13314200,0.17050297
354.40000000,5.12112000,1.33084000,0.13321606,0.17059763
354.60000000,5.12112000,1.33084000,0.13328999,0.17069229
354.80000000,5.12125000,1.37574000,0.13336518,0.17079014
355.00000000,5.12100000,1.39884000,0.13344225,0.17088963
355.20000000,5.12137000,1.35558000,0.13351876,0.17098605
355.40000000,5.12137000,1.35558000,0.13359407,0.17108247
355.60000000,5.12112000,1.39078000,0.13367036,0.17118140
355.80000000,5.12175000,1.39824000,0.13374783,0.17128084
356.00000000,5.12012000,1.37660000,0.13382491,0.17137873
356.20000000,5.12175000,1.39014000,0.13390176,0.17147762
356.40000000,5.12175000,1.39014000,0.13397899,0.17157649
356.60000000,5.12100000,1.38563000,0.13405610,0.17167504
356.80000000,5.12062000,1.36185000,0.13413242,0.17177190
357.00000000,5.12125000,1.38825000,0.13420881,0.17187065
357.20000000,5.12125000,1.38825000,0.13428593,0.17196939
357.40000000,5.12125000,1.38438000,0.13436295,0.17206785
357.60000000,5.12062000,1.40576000,0.13444046,0.17216787
357.80000000,5.12287000,1.36486000,0.13451742,0.17226498
358.00000000,5.12287000,1.36486000,0.13459324,0.17236207
358.20000000,5.12175000,1.41456000,0.13467045,0.17246271
358.40000000,5.12250000,1.39798000,0.13474857,0.17256216
358.60000000,5.12200000,1.37942000,0.13482572,0.17266028
358.80000000,5.12150000,1.39638000,0.13490283,0.17275961
359.00000000,5.12150000,1.39638000,0.13498041,0.17285893
359.20000000,5.12137000,1.40281000,0.13505816,0.17295873
359.40000000,5.12200000,1.40985000,0.13513629,0.17305900
359.60000000,5.12087000,1.38684000,0.13521398,0.17315764
359.80000000,5.12087000,1.38684000,0.13529102,0.17325630
360.00000000,5.12200000,1.36902000,0.13536758,0.17335368
360.20000000,5.12187000,1.40940000,0.13544475,0.17345392
360.40000000,5.12050000,1.40403000,0.13552291,0.17355380
360.60000000,5.12200000,1.40233000,0.13560086,0.17365356
360.80000000,5.12200000,1.40233000,0.13567877,0.17375330
361.00000000,5.12112000,1.37516000,0.13575592,0.17385114
361.20000000,5.12250000,1.40348000,0.13583310,0.17395097
361.40000000,5.12162000,1.37107000,0.13591017,0.17404850
361.60000000,5.12162000,1.37107000,0.13598635,0.17414604
361.80000000,5.12200000,1.39852000,0.13606328,0.17424550
362.00000000,5.12075000,1.39350000,0.13614083,0.17434465
362.20000000,5.12250000,1.39094000,0.13621818,0.17444358
362.40000000,5.12137000,1.40944000,0.13629597,0.17454384
362.60000000,5.12137000,1.40944000,0.13637427,0.17464411
362.80000000,5.12250000,1.37020000,0.13645148,0.17474159
363.00000000,5.12212000,1.33868000,0.13652673,0.17483679
363.20000000,5.12025000,1.30803000,0.13660025,0.17492981
363.40000000,5.12100000,1.32860000,0.13667349,0.17502431
363.60000000,5.12100000,1.32860000,0.13674730,0.17511881
363.80000000,5.12150000,1.33814000,0.13682138,0.17521400
364.00000000,5.12175000,1.32822000,0.13689544,0.17530847
364.20000000,5.12112000,1.32208000,0.13696906,0.17540251
364.40000000,5.12112000,1.32208000,0.13704251,0.17549655
364.60000000,5.12125000,1.31785000,0.13711584,0.17559030
364.80000000,5.12212000,1.32691000,0.13718931,0.17568468
365.00000000,5.12137000,1.32902000,0.13726308,0.17577920
365.20000000,5.12050000,1.30662000,0.13733629,0.17587212
365.40000000,5.12050000,1.30662000,0.13740888,0.17596508
365.60000000,5.12200000,1.34784000,0.13748262,0.17606096
365.80000000,5.12212000,1.30828000,0.13755640,0.17615401
366.00000000,5.12100000,1.34169000,0.13763001,0.17624944
366.20000000,5.12100000,1.34169000,0.13770455,0.17634487
366.40000000,5.12125000,1.32496000,0.13777862,0.17643912
366.60000000,5.12175000,1.33900000,0.13785262,0.17653436
366.80000000,5.12087000,1.29126000,0.13792568,0.17662620
367.00000000,5.12125000,1.35414000,0.13799917,0.17672252
367.20000000,5.12125000,1.35414000,0.13807440,0.17681886
367.40000000,5.12212000,1.31664000,0.13814859,0.17691250
367.60000000,5.12112000,1.30684000,0.13822146,0.17700545
367.80000000,5.12087000,1.30150000,0.13829392,0.17709802
368.00000000,5.12087000,1.30150000,0.13836622,0.17719060
368.20000000,5.12150000,1.32860000,0.13843928,0.17728510
368.40000000,5.12150000,1.32160000,0.13851290,0.17737909
368.60000000,5.12062000,1.33465000,0.13858668,0.17747401
368.80000000,5.12050000,1.32153000,0.13866046,0.17756800
369.00000000,5.12050000,1.32153000,0.13873388,0.17766199
369.20000000,5.12087000,1.34467000,0.13880794,0.17775764
369.40000000,5.12162000,1.40896000,0.13888443,0.17785788
369.60000000,5.12225000,1.39200000,0.13896224,0.17795691
369.80000000,5.12225000,1.39200000,0.13903957,0.17805592
370.00000000,5.12162000,1.40201000,0.13911718,0.17815567
370.20000000,5.12225000,1.40915000,0.13919527,0.17825590
370.40000000,5.12150000,1.41644000,0.13927376,0.17835666
370.60000000,5.12187000,1.39987000,0.13935199,0.17845624
370.80000000,5.12187000,1.39987000,0.13942976,0.17855582
371.00000000,5.12162000,1.39750000,0.13950746,0.17865521
371.20000000,5.12100000,1.39708000,0.13958509,0.17875460
371.40000000,5.12225000,1.39747000,0.13966272,0.17885402
371.60000000,5.12225000,1.39747000,0.13974035,0.17895343
371.80000000,5.12137000,1.36537000,0.13981710,0.17905054
372.00000000,5.12100000,1.34742000,0.13989246,0.17914637
372.20000000,5.12087000,1.31984000,0.13996655,0.17924024
372.40000000,5.12087000,1.31984000,0.14003987,0.17933413
372.60000000,5.12200000,1.30876000,0.14011289,0.17942722
372.80000000,5.12087000,1.31536000,0.14018578,0.17952078
373.00000000,5.12162000,1.33804000,0.14025949,0.17961595
373.20000000,5.12100000,1.32889000,0.14033357,0.17971047
373.40000000,5.12100000,1.32889000,0.14040739,0.17980498
373.60000000,5.12062000,1.30345000,0.14048051,0.17989770
373.80000000,5.12187000,1.33027000,0.14055367,0.17999233
374.00000000,5.12175000,1.32883000,0.14062754,0.18008686
374.20000000,5.12175000,1.32883000,0.14070136,0.18018136
374.40000000,5.12037000,1.32582000,0.14077510,0.18027565
374.60000000,5.12050000,1.33558000,0.14084903,0.18037064
374.80000000,5.12100000,1.30681000,0.14092243,0.18046359
375.00000000,5.12075000,1.31657000,0.14099530,0.18055722
375.20000000,5.12075000,1.31657000,0.14106844,0.18065086
375.40000000,5.12087000,1.33267000,0.14114203,0.18074565
375.60000000,5.12100000,1.33347000,0.14121609,0.18084050
375.80000000,5.12137000,1.33347000,0.14129017,0.18093535
376.00000000,5.12137000,1.33347000,0.14136426,0.18103021
376.20000000,5.12212000,1.33264000,0.14143831,0.18112498
376.40000000,5.12037000,1.31638000,0.14151190,0.18121862
376.60000000,5.12150000,1.34342000,0.14158578,0.18131417
376.80000000,5.12075000,1.30908000,0.14165946,0.18140727
377.00000000,5.12075000,1.30908000,0.14173219,0.18150037
377.20000000,5.12075000,1.31820000,0.14180517,0.18159414
377.40000000,5.12150000,1.31222000,0.14187824,0.18168746
377.60000000,5.12050000,1.31616000,0.14195125,0.18178109
377.80000000,5.12162000,1.34800000,0.14202525,0.18187697
378.00000000,5.12162000,1.34800000,0.14210014,0.18197287
378.20000000,5.12200000,1.32630000,0.14217443,0.18206721
378.40000000,5.12162000,1.32886000,0.14224818,0.18216174
378.60000000,5.12150000,1.34179000,0.14232237,0.18225718
378.80000000,5.12150000,1.34179000,0.14239691,0.18235260
379.00000000,5.12025000,1.32675000,0.14247104,0.18244695
379.20000000,5.11987000,1.32348000,0.14254465,0.18254107
379.40000000,5.12025000,1.31884000,0.14261805,0.18263485
379.60000000,5.12025000,1.33353000,0.14269173,0.18272969
379.80000000,5.12025000,1.33353000,0.14276581,0.18282455
380.00000000,5.12175000,1.33337000,0.14283989,0.18291940
380.20000000,5.12187000,1.31750000,0.14291353,0.18301311
380.40000000,5.12100000,1.34105000,0.14298738,0.18310849
380.60000000,5.12100000,1.34105000,0.14306188,0.18320390
380.80000000,5.12250000,1.31392000,0.14313563,0.18329736
381.00000000,5.12112000,1.32214000,0.14320885,0.18339139
381.20000000,5.12100000,1.33164000,0.14328257,0.18348610
381.40000000,5.12075000,1.33097000,0.14335653,0.18358076
381.60000000,5.12075000,1.33097000,0.14343047,0.18367544
381.80000000,5.12162000,1.31968000,0.14350410,0.18376932
382.00000000,5.12212000,1.33091000,0.14357773,0.18386397
382.20000000,5.12012000,1.33491000,0.14365178,0.18395889
382.40000000,5.12012000,1.33491000,0.14372594,0.18405384
382.60000000,5.12112000,1.33414000,0.14380008,0.18414873
382.80000000,5.12100000,1.32748000,0.14387402,0.18424316
383.00000000,5.12175000,1.33100000,0.14394786,0.18433784
383.20000000,5.12137000,1.32352000,0.14402160,0.18443198
383.40000000,5.12137000,1.32352000,0.14409513,0.18452612
383.60000000,5.12137000,1.32972000,0.14416883,0.18462070
383.80000000,5.12125000,1.32636000,0.14424261,0.18471505
384.00000000,5.12150000,1.40182000,0.14431839,0.18481476
384.20000000,5.12200000,1.38665000,0.14439585,0.18491341
384.40000000,5.12200000,1.38665000,0.14447289,0.18501206
384.60000000,5.12250000,1.39996000,0.14455029,0.18511164
384.80000000,5.12112000,1.41472000,0.14462848,0.18521229
385.00000000,5.12262000,1.37801000,0.14470605,0.18531033
385.20000000,5.12262000,1.37801000,0.14478261,0.18540837
385.40000000,5.12250000,1.38588000,0.14485938,0.18550694
385.60000000,5.12075000,1.38214000,0.14493627,0.18560525
385.80000000,5.12112000,1.38822000,0.14501323,0.18570399
386.00000000,5.12162000,1.39344000,0.14509050,0.18580311
386.20000000,5.12162000,1.39344000,0.14516791,0.18590222
386.40000000,5.12150000,1.39699000,0.14524542,0.18600159
386.60000000,5.12137000,1.39033000,0.14532285,0.18610050
386.80000000,5.12200000,1.38521000,0.14539995,0.18619904
387.00000000,5.12200000,1.38521000,0.14547690,0.18629757
387.20000000,5.12137000,1.36620000,0.14555333,0.18639474
387.40000000,5.12087000,1.37568000,0.14562949,0.18649261
387.60000000,5.12237000,1.39113000,0.14570635,0.18659158
387.80000000,5.12237000,1.39113000,0.14578363,0.18669054
388.00000000,5.12162000,1.36579000,0.14586021,0.18678769
388.20000000,5.12150000,1.40259000,0.14593711,0.18688745
388.40000000,5.12112000,1.38208000,0.14601447,0.18698575
388.60000000,5.12162000,1.38838000,0.14609142,0.18708451
388.80000000,5.12162000,1.38838000,0.14616856,0.18718326
389.00000000,5.12100000,1.40512000,0.14624615,0.18728320
389.20000000,5.12087000,1.39641000,0.14632397,0.18738254
389.40000000,5.12212000,1.39760000,0.14640158,0.18748197
389.60000000,5.12212000,1.39760000,0.14647923,0.18758139
389.80000000,5.12212000,1.39984000,0.14655694,0.18768095
390.00000000,5.12075000,1.37398000,0.14663399,0.18777869
390.20000000,5.12187000,1.38006000,0.14671049,0.18787687
390.40000000,5.12187000,1.38006000,0.14678716,0.18797503
390.60000000,5.12137000,1.34265000,0.14686279,0.18807051
390.80000000,5.12037000,1.33392000,0.14693714,0.18816539
391.00000000,5.12087000,1.28147000,0.14700979,0.18825653
391.20000000,5.12112000,1.32864000,0.14708229,0.18835103
391.40000000,5.12112000,1.32864000,0.14715610,0.18844552
391.60000000,5.12037000,1.30006000,0.14722912,0.18853799
391.80000000,5.12100000,1.34332000,0.14730255,0.18863354
392.00000000,5.12150000,1.32928000,0.14737679,0.18872809
392.20000000,5.12100000,1.30214000,0.14744988,0.18882070
392.40000000,5.12100000,1.30214000,0.14752223,0.18891330
392.60000000,5.12000000,1.32912000,0.14759532,0.18900784
392.80000000,5.12137000,1.33667000,0.14766937,0.18910291
393.00000000,5.12112000,1.34182000,0.14774377,0.18919835
393.20000000,5.12112000,1.34182000,0.14781831,0.18929379
393.40000000,5.12125000,1.33798000,0.14789275,0.18938897
393.60000000,5.12187000,1.33721000,0.14796706,0.18948407
393.80000000,5.12025000,1.32908000,0.14804113,0.18957859
394.00000000,5.12075000,1.33644000,0.14811517,0.18967364
394.20000000,5.12075000,1.33644000,0.14818942,0.18976871
394.40000000,5.12150000,1.32723000,0.14826341,0.18986311
394.60000000,5.12112000,1.33302000,0.14833730,0.18995792
394.80000000,5.12100000,1.32320000,0.14841109,0.19005203
395.00000000,5.12100000,1.32320000,0.14848460,0.19014614
395.20000000,5.12087000,1.33206000,0.14855835,0.19024089
395.40000000,5.12137000,1.35593000,0.14863302,0.19033736
395.60000000,5.12237000,1.33126000,0.14870767,0.19043204
395.80000000,5.12075000,1.33334000,0.14878168,0.19052687
396.00000000,5.12075000,1.33334000,0.14885576,0.19062172
396.20000000,5.12200000,1.34912000,0.14893027,0.19071768
396.40000000,5.12137000,1.32038000,0.14900442,0.19081160
396.60000000,5.12137000,1.34227000,0.14907838,0.19090708
396.80000000,5.12137000,1.34227000,0.14915295,0.19100254
397.00000000,5.12062000,1.31920000,0.14922688,0.19109637
397.20000000,5.12112000,1.33011000,0.14930048,0.19119099
397.40000000,5.12187000,1.34256000,0.14937472,0.19128650
397.60000000,5.12100000,1.33228000,0.14944902,0.19138126
397.80000000,5.12100000,1.33228000,0.14952303,0.19147601
398.00000000,5.12075000,1.34236000,0.14959733,0.19157149
398.20000000,5.12125000,1.33164000,0.14967161,0.19166621
398.40000000,5.12137000,1.34534000,0.14974597,0.19176190
398.60000000,5.12100000,1.32588000,0.14982017,0.19185621
398.80000000,5.12100000,1.32588000,0.14989383,0.19195052
399.00000000,5.12150000,1.33756000,0.14996781,0.19204565
399.20000000,5.12100000,1.33171000,0.15004196,0.19214037
399.40000000,5.12225000,1.32688000,0.15011581,0.19223477
399.60000000,5.12225000,1.32688000,0.15018952,0.19232915
399.80000000,5.12125000,1.33884000,0.15026357,0.19242439
400.00000000,5.12200000,1.32384000,0.15033754,0.19251857
400.20000000,5.12200000,1.31702000,0.15041089,0.19261226
400.40000000,5.12200000,1.31702000,0.15048406,0.19270593
400.60000000,5.12087000,1.34169000,0.15055791,0.19280137
400.80000000,5.12150000,1.34057000,0.15063242,0.19289671
401.00000000,5.12087000,1.34236000,0.15070695,0.19299219
401.20000000,5.12087000,1.34236000,0.15078152,0.19308768
401.40000000,5.12187000,1.32329000,0.15085557,0.19318180
401.60000000,5.12125000,1.33171000,0.15092932,0.19327651
401.80000000,5.12037000,1.32188000,0.15100303,0.19337054
402.00000000,5.12162000,1.31558000,0.15107629,0.19346412
402.20000000,5.12162000,1.31558000,0.15114938,0.19355769
402.40000000,5.12112000,1.29212000,0.15122182,0.19364958
402.60000000,5.12025000,1.32368000,0.15129448,0.19374373
402.80000000,5.12100000,1.34473000,0.15136860,0.19383937
403.00000000,5.12100000,1.34473000,0.15144331,0.19393500
403.20000000,5.12037000,1.30041000,0.15151678,0.19402750
403.40000000,5.12137000,1.33667000,0.15159003,0.19412258
403.60000000,5.12162000,1.33129000,0.15166414,0.19421727
403.80000000,5.12075000,1.32752000,0.15173800,0.19431168
404.00000000,5.12075000,1.32752000,0.15181175,0.19440612
404.20000000,5.12200000,1.32736000,0.15188550,0.19450051
404.40000000,5.12025000,1.33856000,0.15195955,0.19459572
404.60000000,5.12075000,1.33273000,0.15203375,0.19469050
404.80000000,5.12075000,1.33273000,0.15210779,0.19478528
405.00000000,5.12050000,1.26588000,0.15217998,0.19487533
405.20000000,5.12162000,1.34147000,0.15225240,0.19497074
405.40000000,5.12087000,1.38412000,0.15232812,0.19506921
405.60000000,5.12212000,1.42044000,0.15240602,0.19517026
405.80000000,5.12212000,1.42044000,0.15248493,0.19527130
406.00000000,5.12175000,1.39363000,0.15256310,0.19537044
406.20000000,5.12175000,1.40211000,0.15264076,0.19547017
406.40000000,5.12137000,1.37868000,0.15271801,0.19556823
406.60000000,5.12137000,1.37868000,0.15279460,0.19566632
406.80000000,5.12237000,1.41731000,0.15287227,0.19576713
407.00000000,5.12100000,1.39801000,0.15295047,0.19586655
407.20000000,5.12062000,1.35708000,0.15302700,0.19596307
407.40000000,5.12100000,1.32310000,0.15310145,0.19605718
407.60000000,5.12100000,1.32310000,0.15317495,0.19615128
407.80000000,5.12062000,1.33251000,0.15324872,0.19624609
408.00000000,5.12287000,1.33622000,0.15332285,0.19634114
408.20000000,5.12150000,1.34454000,0.15339732,0.19643677
408.40000000,5.12150000,1.32681000,0.15347152,0.19653115
408.60000000,5.12150000,1.32681000,0.15354523,0.19662553
408.80000000,5.12112000,1.33577000,0.15361919,0.19672054
409.00000000,5.12137000,1.32928000,0.15369322,0.19681508
409.20000000,5.12087000,1.32739000,0.15376702,0.19690949
409.40000000,5.12087000,1.32739000,0.15384076,0.19700390
409.60000000,5.12100000,1.33078000,0.15391460,0.19709857
409.80000000,5.12200000,1.39747000,0.15399039,0.19719797
410.00000000,5.12150000,1.38800000,0.15406776,0.19729671
410.20000000,5.12125000,1.39049000,0.15414494,0.19739561
410.40000000,5.12125000,1.39049000,0.15422219,0.19749455
410.60000000,5.12300000,1.41216000,0.15430004,0.19759501
410.80000000,5.12237000,1.40028000,0.15437817,0.19769464
411.00000000,5.12287000,1.39075000,0.15445569,0.19779359
411.20000000,5.12287000,1.39075000,0.15453296,0.19789254
411.40000000,5.12287000,1.38681000,0.15461011,0.19799119
411.60000000,5.12150000,1.33641000,0.15468576,0.19808625
411.80000000,5.12150000,1.30230000,0.15475905,0.19817888
412.00000000,5.12150000,1.30230000,0.15483140,0.19827150
412.20000000,5.12025000,1.31958000,0.15490423,0.19836535
412.40000000,5.12075000,1.34060000,0.15497813,0.19846072
412.60000000,5.12200000,1.33289000,0.15505239,0.19855554
412.80000000,5.12200000,1.33289000,0.15512644,0.19865033
413.00000000,5.12050000,1.34457000,0.15520082,0.19874598
413.20000000,5.12175000,1.33459000,0.15527524,0.19884090
413.40000000,5.12125000,1.33094000,0.15534928,0.19893558
413.60000000,5.12187000,1.33200000,0.15542325,0.19903034
413.80000000,5.12187000,1.33200000,0.15549725,0.19912507
414.00000000,5.12062000,1.32057000,0.15557093,0.19921900
414.20000000,5.12112000,1.31353000,0.15564410,0.19931243
414.40000000,5.12125000,1.31968000,0.15571725,0.19940629
414.60000000,5.12125000,1.31968000,0.15579056,0.19950016
414.80000000,5.12125000,1.33030000,0.15586417,0.19959481
415.00000000,5.12287000,1.31475000,0.15593765,0.19968830
415.20000000,5.11975000,1.30550000,0.15601043,0.19978117
415.40000000,5.12187000,1.39292000,0.15608539,0.19988026
415.60000000,5.12187000,1.39292000,0.15616277,0.19997936
415.80000000,5.12237000,1.38444000,0.15623992,0.20007784
416.00000000,5.12187000,1.37846000,0.15631667,0.20017588
416.20000000,5.12100000,1.39676000,0.15639376,0.20027523
416.40000000,5.12112000,1.37584000,0.15647077,0.20037309
416.60000000,5.12112000,1.37584000,0.15654721,0.20047094
416.80000000,5.12087000,1.37756000,0.15662369,0.20056892
417.00000000,5.12087000,1.40160000,0.15670089,0.20066861
417.20000000,5.12125000,1.38393000,0.15677827,0.20076705
417.40000000,5.12125000,1.38393000,0.15685515,0.20086549
417.60000000,5.12125000,1.36774000,0.15693159,0.20096277
417.80000000,5.12112000,1.34483000,0.15700694,0.20105841
418.00000000,5.12025000,1.39248000,0.15708297,0.20115747
418.20000000,5.12225000,1.38800000,0.15716021,0.20125622
418.40000000,5.12225000,1.38800000,0.15723732,0.20135497
418.60000000,5.12287000,1.40483000,0.15731490,0.20145491
418.80000000,5.12187000,1.39353000,0.15739263,0.20155405
419.00000000,5.12212000,1.36979000,0.15746939,0.20165149
419.20000000,5.12212000,1.36979000,0.15754549,0.20174893
419.40000000,5.12162000,1.40083000,0.15762245,0.20184859
419.60000000,5.12200000,1.40240000,0.15770032,0.20194835
419.80000000,5.12200000,1.40614000,0.15777833,0.20204839
420.00000000,5.12225000,1.40569000,0.15785644,0.20214839
420.20000000,5.12225000,1.40569000,0.15793453,0.20224841
420.40000000,5.12287000,1.38934000,0.15801217,0.20234721
420.60000000,5.12037000,1.29494000,0.15808674,0.20243933
420.80000000,5.12200000,1.34336000,0.15816002,0.20253490
421.00000000,5.12200000,1.34336000,0.15823465,0.20263046
421.20000000,5.12162000,1.32275000,0.15830871,0.20272453
421.40000000,5.12087000,1.34192000,0.15838273,0.20282000
421.60000000,5.12225000,1.34108000,0.15845726,0.20291541
421.80000000,5.12112000,1.31132000,0.15853094,0.20300868
422.00000000,5.12112000,1.31132000,0.15860379,0.20310194
422.20000000,5.12087000,1.34361000,0.15867754,0.20319751
422.40000000,5.12125000,1.33696000,0.15875200,0.20329261
422.60000000,5.12162000,1.34374000,0.15882646,0.20338819
422.80000000,5.12162000,1.34374000,0.15890111,0.20348379
423.00000000,5.12200000,1.35718000,0.15897614,0.20358032
423.20000000,5.12112000,1.33875000,0.15905102,0.20367554
423.40000000,5.12137000,1.32003000,0.15912488,0.20376944
423.60000000,5.12137000,1.32003000,0.15919821,0.20386333
423.80000000,5.12137000,1.33590000,0.15927199,0.20395837
424.00000000,5.12212000,1.36563000,0.15934703,0.20405551
424.20000000,5.12150000,1.39004000,0.15942358,0.20415438
424.40000000,5.12150000,1.39004000,0.15950080,0.20425327
424.60000000,5.12212000,1.39590000,0.15957819,0.20435256
424.80000000,5.12125000,1.38329000,0.15965539,0.20445097
425.00000000,5.12212000,1.39088000,0.15973245,0.20454990
425.20000000,5.12137000,1.40713000,0.15981017,0.20464999
425.40000000,5.12137000,1.40713000,0.15988835,0.20475010
425.60000000,5.12225000,1.41724000,0.15996680,0.20485090
425.80000000,5.12125000,1.39894000,0.16004503,0.20495042
426.00000000,5.12162000,1.38624000,0.16012240,0.20504902
426.20000000,5.12162000,1.38624000,0.16019941,0.20514764
426.40000000,5.12225000,1.39628000,0.16027670,0.20524696
426.60000000,5.12150000,1.39465000,0.16035423,0.20534621
426.80000000,5.12337000,1.41360000,0.16043223,0.20544677
427.00000000,5.12212000,1.38985000,0.16051011,0.20554564
427.20000000,5.12212000,1.38985000,0.16058732,0.20564452
427.40000000,5.12212000,1.37737000,0.16066419,0.20574249
427.60000000,5.12125000,1.37881000,0.16074075,0.20584059
427.80000000,5.12250000,1.39971000,0.16081793,0.20594017
428.00000000,5.12250000,1.39152000,0.16089546,0.20603917
428.20000000,5.12250000,1.39152000,0.16097277,0.20613817
428.40000000,5.12250000,1.38659000,0.16104994,0.20623680
428.60000000,5.12125000,1.32761000,0.16112533,0.20633123
428.80000000,5.12112000,1.33120000,0.16119919,0.20642591
429.00000000,5.12112000,1.33120000,0.16127315,0.20652060
429.20000000,5.12125000,1.33251000,0.16134714,0.20661537
429.40000000,5.12087000,1.32483000,0.16142095,0.20670958
429.60000000,5.11987000,1.31433000,0.16149426,0.20680305
429.80000000,5.12075000,1.34467000,0.16156812,0.20689869
430.00000000,5.12075000,1.34467000,0.16164283,0.20699433
430.20000000,5.12112000,1.33971000,0.16171739,0.20708962
430.40000000,5.12125000,1.35504000,0.16179225,0.20718599
430.60000000,5.12050000,1.32115000,0.16186659,0.20727995
430.80000000,5.12050000,1.32115000,0.16193998,0.20737391
431.00000000,5.12087000,1.32147000,0.16201339,0.20746791
431.20000000,5.12175000,1.33776000,0.16208726,0.20756308
431.40000000,5.12200000,1.30380000,0.16216063,0.20765580
431.60000000,5.12000000,1.33747000,0.16223400,0.20775090
431.80000000,5.12000000,1.33747000,0.16230831,0.20784605
432.00000000,5.12175000,1.33388000,0.16238251,0.20794092
432.20000000,5.12125000,1.33017000,0.16245651,0.20803553
432.40000000,5.12087000,1.32736000,0.16253033,0.20812993
432.60000000,5.12087000,1.32736000,0.16260408,0.20822434
432.80000000,5.12100000,1.28896000,0.16267675,0.20831604
433.00000000,5.12200000,1.35971000,0.16275032,0.20841276
433.20000000,5.12162000,1.34204000,0.16282537,0.20850822
433.40000000,5.12162000,1.34204000,0.16289993,0.20860369
433.60000000,5.12150000,1.33312000,0.16297424,0.20869852
433.80000000,5.12162000,1.33942000,0.16304848,0.20879379
434.00000000,5.12137000,1.33424000,0.16312275,0.20888869
434.20000000,5.12162000,1.32313000,0.16319656,0.20898281
434.40000000,5.12162000,1.32313000,0.16327007,0.20907693
434.60000000,5.12137000,1.32192000,0.16334354,0.20917095
434.80000000,5.12112000,1.30812000,0.16341660,0.20926399
435.00000000,5.12112000,1.32153000,0.16348965,0.20935799
435.20000000,5.12112000,1.32153000,0.16356306,0.20945200
435.40000000,5.12175000,1.32720000,0.16363664,0.20954639
435.60000000,5.12087000,1.31961000,0.16371016,0.20964024
435.80000000,5.12062000,1.29961000,0.16378292,0.20973267
436.00000000,5.12200000,1.32684000,0.16385588,0.20982706
436.20000000,5.12200000,1.32684000,0.16392959,0.20992144
436.40000000,5.12150000,1.33206000,0.16400345,0.21001620
436.60000000,5.12175000,1.33190000,0.16407745,0.21011093
436.80000000,5.12087000,1.32976000,0.16415138,0.21020550
437.00000000,5.12087000,1.32976000,0.16422526,0.21030010
437.20000000,5.12200000,1.33347000,0.16429924,0.21039495
437.40000000,5.12137000,1.31360000,0.16437277,0.21048837
437.60000000,5.12037000,1.37580000,0.16444747,0.21058626
437.80000000,5.12275000,1.41788000,0.16452507,0.21068714
438.00000000,5.12275000,1.41788000,0.16460384,0.21078801
438.20000000,5.12225000,1.39033000,0.16468185,0.21088690
438.40000000,5.12125000,1.41977000,0.16475991,0.21098792
438.60000000,5.12275000,1.39612000,0.16483813,0.21108725
438.80000000,5.12275000,1.39612000,0.16491569,0.21118657
439.00000000,5.12200000,1.40044000,0.16499337,0.21128618
439.20000000,5.12125000,1.38112000,0.16507064,0.21138443
439.40000000,5.12225000,1.37564000,0.16514721,0.21148228
439.60000000,5.12125000,1.33923000,0.16522263,0.21157754
439.80000000,5.12125000,1.33923000,0.16529703,0.21167280
440.00000000,5.12137000,1.33286000,0.16537125,0.21176760
440.20000000,5.12087000,1.34032000,0.16544551,0.21186293
440.40000000,5.12100000,1.33894000,0.16551993,0.21195816
440.60000000,5.12100000,1.33894000,0.16559432,0.21205339
440.80000000,5.12075000,1.31904000,0.16566815,0.21214720
441.00000000,5.12100000,1.32419000,0.16574157,0.21224140
441.20000000,5.12200000,1.32240000,0.16581509,0.21233545
441.40000000,5.12025000,1.30128000,0.16588797,0.21242799
441.60000000,5.12025000,1.30128000,0.16596026,0.21252056
441.80000000,5.12200000,1.33132000,0.16603339,0.21261525
442.00000000,5.12125000,1.28924000,0.16610618,0.21270697
442.20000000,5.12212000,1.38748000,0.16618054,0.21280568
442.40000000,5.12212000,1.38748000,0.16625762,0.21290438
442.60000000,5.12200000,1.38748000,0.16633470,0.21300306
442.80000000,5.12075000,1.39158000,0.16641190,0.21310206
443.00000000,5.12225000,1.40736000,0.16648965,0.21320219
443.20000000,5.12287000,1.41180000,0.16656796,0.21330264
443.40000000,5.12287000,1.41180000,0.16664639,0.21340308
443.60000000,5.12200000,1.40412000,0.16672461,0.21350298
443.80000000,5.12250000,1.40137000,0.16680254,0.21360267
444.00000000,5.12200000,1.36038000,0.16687926,0.21369944
444.20000000,5.12200000,1.36038000,0.16695483,0.21379622
444.40000000,5.12175000,1.34201000,0.16702990,0.21389168
444.60000000,5.12187000,1.32096000,0.16710387,0.21398565
444.80000000,5.12200000,1.33772000,0.16717772,0.21408081
445.00000000,5.12175000,1.34502000,0.16725224,0.21417649
445.20000000,5.12175000,1.34502000,0.16732697,0.21427218
445.40000000,5.12212000,1.35856000,0.16740207,0.21436881
445.60000000,5.12137000,1.35465000,0.16747743,0.21446519
445.80000000,5.12237000,1.40521000,0.16755410,0.21456516
446.00000000,5.12237000,1.40521000,0.16763216,0.21466511
446.20000000,5.12112000,1.39532000,0.16770995,0.21476437
446.40000000,5.12225000,1.38451000,0.16778717,0.21486287
446.60000000,5.12225000,1.36643000,0.16786359,0.21496008
446.80000000,5.12225000,1.36643000,0.16793950,0.21505729
447.00000000,5.12212000,1.39148000,0.16801611,0.21515627
447.20000000,5.12150000,1.38835000,0.16809333,0.21525503
447.40000000,5.12200000,1.38976000,0.16817050,0.21535392
447.60000000,5.12300000,1.38448000,0.16824756,0.21545243
447.80000000,5.12300000,1.38448000,0.16832447,0.21555092
448.00000000,5.12187000,1.40355000,0.16840192,0.21565075
448.20000000,5.12125000,1.37785000,0.16847918,0.21574877
448.40000000,5.12187000,1.38396000,0.16855590,0.21584722
448.60000000,5.12187000,1.38396000,0.16863278,0.21594566
448.80000000,5.12162000,1.39276000,0.16870991,0.21604472
449.00000000,5.12100000,1.36956000,0.16878665,0.21614217
449.20000000,5.12312000,1.38601000,0.16886319,0.21624076
449.40000000,5.12150000,1.42553000,0.16894129,0.21634216
449.60000000,5.12150000,1.42553000,0.16902048,0.21644358
449.80000000,5.12225000,1.39734000,0.16909890,0.21654297
450.00000000,5.12125000,1.39292000,0.16917640,0.21664206
450.20000000,5.12175000,1.40400000,0.16925410,0.21674193
450.40000000,5.12175000,1.40400000,0.16933210,0.21684180
450.60000000,5.12162000,1.39539000,0.16940986,0.21694104
450.80000000,5.12075000,1.37267000,0.16948675,0.21703869
451.00000000,5.12162000,1.33465000,0.16956195,0.21713360
451.20000000,5.12050000,1.29280000,0.16963494,0.21722555
451.40000000,5.12050000,1.29280000,0.16970676,0.21731750
451.60000000,5.12125000,1.33894000,0.16977986,0.21741275
451.80000000,5.12175000,1.33632000,0.16985417,0.21750781
452.00000000,5.12187000,1.34598000,0.16992868,0.21760356
452.20000000,5.12162000,1.34470000,0.17000342,0.21769921
452.40000000,5.12162000,1.34470000,0.17007813,0.21779486
452.60000000,5.12137000,1.33280000,0.17015250,0.21788966
452.80000000,5.12112000,1.32096000,0.17022622,0.21798362
453.00000000,5.12175000,1.33996000,0.17030013,0.21807894
453.20000000,5.12175000,1.33996000,0.17037458,0.21817423
453.40000000,5.12025000,1.32169000,0.17044851,0.21826824
453.60000000,5.12087000,1.32160000,0.17052194,0.21836223
453.80000000,5.12087000,1.32643000,0.17059549,0.21845660
454.00000000,5.12212000,1.34339000,0.17066965,0.21855217
454.20000000,5.12212000,1.34339000,0.17074429,0.21864774
454.40000000,5.12225000,1.34441000,0.17081895,0.21874335
454.60000000,5.12075000,1.33536000,0.17089339,0.21883835
454.80000000,5.12187000,1.33875000,0.17096767,0.21893358
455.00000000,5.12187000,1.33875000,0.17104204,0.21902880
455.20000000,5.12087000,1.31961000,0.17111589,0.21912266
455.40000000,5.12150000,1.33139000,0.17118952,0.21921737
455.60000000,5.12150000,1.34182000,0.17126378,0.21931281
455.80000000,5.12112000,1.34633000,0.17133845,0.21940857
456.00000000,5.12112000,1.34633000,0.17141325,0.21950432
456.20000000,5.12087000,1.31657000,0.17148722,0.21959794
456.40000000,5.11975000,1.35206000,0.17156135,0.21969410
456.60000000,5.12087000,1.34630000,0.17163630,0.21978986
456.80000000,5.12087000,1.34630000,0.17171109,0.21988562
457.00000000,5.12137000,1.33369000,0.17178554,0.21998049
457.20000000,5.12150000,1.34633000,0.17185998,0.22007627
457.40000000,5.12212000,1.31120000,0.17193380,0.22016952
457.60000000,5.12075000,1.33526000,0.17200732,0.22026449
457.80000000,5.12075000,1.33526000,0.17208150,0.22035946
458.00000000,5.12100000,1.34665000,0.17215600,0.22045524
458.20000000,5.12100000,1.33993000,0.17223062,0.22055055
458.40000000,5.12162000,1.31196000,0.17230429,0.22064387
458.60000000,5.12112000,1.32752000,0.17237760,0.22073829
458.80000000,5.12112000,1.32752000,0.17245136,0.22083270
459.00000000,5.12075000,1.32300000,0.17252498,0.22092682
459.20000000,5.12187000,1.31568000,0.17259828,0.22102042
459.40000000,5.12212000,1.35257000,0.17267240,0.22111664
459.60000000,5.12212000,1.35257000,0.17274754,0.22121284
459.80000000,5.12112000,1.40707000,0.17282420,0.22131292
460.00000000,5.12112000,1.38364000,0.17290172,0.22141136
460.20000000,5.12250000,1.40028000,0.17297905,0.22151097
460.40000000,5.12150000,1.40419000,0.17305695,0.22161085
460.60000000,5.12150000,1.40419000,0.17313496,0.22171073
460.80000000,5.12125000,1.38876000,0.17321254,0.22180953
461.00000000,5.12237000,1.41315000,0.17329037,0.22191007
461.20000000,5.12225000,1.39056000,0.17336825,0.22200899
461.40000000,5.12225000,1.39056000,0.17344551,0.22210789
461.60000000,5.12087000,1.33059000,0.17352109,0.22220255
461.80000000,5.12200000,1.33036000,0.17359501,0.22229720
462.00000000,5.12237000,1.33657000,0.17366909,0.22239226
462.20000000,5.12087000,1.34054000,0.17374345,0.22248760
462.40000000,5.12087000,1.34054000,0.17381793,0.22258297
462.60000000,5.12200000,1.32275000,0.17389191,0.22267706
462.80000000,5.12187000,1.31696000,0.17396523,0.22277073
463.00000000,5.12100000,1.34099000,0.17403907,0.22286611
463.20000000,5.12162000,1.33792000,0.17411348,0.22296128
463.40000000,5.12162000,1.33792000,0.17418781,0.22305645
463.60000000,5.12150000,1.32665000,0.17426183,0.22315083
463.80000000,5.12200000,1.39964000,0.17433756,0.22325040
464.00000000,5.12112000,1.40035000,0.17441533,0.22335000
464.20000000,5.12112000,1.40035000,0.17449313,0.22344963
464.40000000,5.12237000,1.39088000,0.17457066,0.22354856
464.60000000,5.12162000,1.39324000,0.17464800,0.22364767
464.80000000,5.12187000,1.39747000,0.17472552,0.22374709
465.00000000,5.12187000,1.39747000,0.17480316,0.22384650
465.20000000,5.12212000,1.38358000,0.17488041,0.22394495
465.40000000,5.12325000,1.41420000,0.17495813,0.22404553
465.60000000,5.12075000,1.35491000,0.17503505,0.22414190
465.80000000,5.12075000,1.35491000,0.17511032,0.22423827
466.00000000,5.12112000,1.32512000,0.17518476,0.22433252
466.20000000,5.12100000,1.33715000,0.17525872,0.22442763
466.40000000,5.12150000,1.32928000,0.17533278,0.22452219
466.60000000,5.12200000,1.33465000,0.17540678,0.22461714
466.80000000,5.12200000,1.33465000,0.17548093,0.22471205
467.00000000,5.12025000,1.33084000,0.17555497,0.22480671
467.20000000,5.12087000,1.34105000,0.17562919,0.22490210
467.40000000,5.12150000,1.34976000,0.17570393,0.22499811
467.60000000,5.12150000,1.34976000,0.17577892,0.22509411
467.80000000,5.12100000,1.33510000,0.17585350,0.22518908
468.00000000,5.12162000,1.34940000,0.17592807,0.22528505
468.20000000,5.12062000,1.31619000,0.17600211,0.22537866
468.40000000,5.12100000,1.31843000,0.17607530,0.22547244
468.60000000,5.12100000,1.31843000,0.17614854,0.22556624
468.80000000,5.12237000,1.32684000,0.17622202,0.22566060
469.00000000,5.12075000,1.39920000,0.17629775,0.22576017
469.20000000,5.12350000,1.40688000,0.17637569,0.22586028
469.40000000,5.12350000,1.40688000,0.17645385,0.22596038
469.60000000,5.12287000,1.41433000,0.17653222,0.22606101
469.80000000,5.12275000,1.39097000,0.17661014,0.22615996
470.00000000,5.12200000,1.39996000,0.17668767,0.22625956
470.20000000,5.12212000,1.40009000,0.17676545,0.22635916
470.40000000,5.12212000,1.40009000,0.17684323,0.22645875
470.60000000,5.12137000,1.40230000,0.17692108,0.22655849
470.80000000,5.12125000,1.39753000,0.17699885,0.22665791
471.00000000,5.12200000,1.40800000,0.17707678,0.22675808
471.20000000,5.12200000,1.40800000,0.17715500,0.22685824
471.40000000,5.12212000,1.39632000,0.17723290,0.22695757
471.60000000,5.12175000,1.35155000,0.17730923,0.22705371
471.80000000,5.12162000,1.34444000,0.17738412,0.22714934
472.00000000,5.12112000,1.34345000,0.17745878,0.22724489
472.20000000,5.12112000,1.34345000,0.17753342,0.22734044
472.40000000,5.12100000,1.32192000,0.17760746,0.22743448
472.60000000,5.12187000,1.33478000,0.17768125,0.22752942
472.80000000,5.12100000,1.32342000,0.17775509,0.22762355
473.00000000,5.12125000,1.32624000,0.17782869,0.22771788
473.20000000,5.12125000,1.32624000,0.17790237,0.22781221
473.40000000,5.12125000,1.33987000,0.17797643,0.22790752
473.60000000,5.12150000,1.33779000,0.17805081,0.22800267
473.80000000,5.12100000,1.31737000,0.17812457,0.22809637
474.00000000,5.12100000,1.31737000,0.17819775,0.22819007
474.20000000,5.12150000,1.34252000,0.17827164,0.22828555
474.40000000,5.12050000,1.30934000,0.17834530,0.22837868
474.60000000,5.12100000,1.33558000,0.17841877,0.22847367
474.80000000,5.12100000,1.33558000,0.17849297,0.22856867
475.00000000,5.12137000,1.30832000,0.17856641,0.22866173
475.20000000,5.12137000,1.33398000,0.17863981,0.22875662
475.40000000,5.12150000,1.32854000,0.17871377,0.22885112
475.60000000,5.12062000,1.33030000,0.17878763,0.22894573
475.80000000,5.12062000,1.33030000,0.17886153,0.22904034
476.00000000,5.12037000,1.36467000,0.17893639,0.22913742
476.20000000,5.12175000,1.38051000,0.17901265,0.22923563
476.40000000,5.12212000,1.37337000,0.17908914,0.22933333
476.60000000,5.12150000,1.40752000,0.17916639,0.22943345
476.80000000,5.12150000,1.40752000,0.17924459,0.22953358
477.00000000,5.12200000,1.38454000,0.17932214,0.22963207
477.20000000,5.12175000,1.38742000,0.17939914,0.22973076
477.40000000,5.12125000,1.40204000,0.17947663,0.22983049
477.60000000,5.12125000,1.40204000,0.17955452,0.22993022
477.80000000,5.12150000,1.38761000,0.17963201,0.23002893
478.00000000,5.12187000,1.38761000,0.17970910,0.23012764
478.20000000,5.12187000,1.39760000,0.17978647,0.23022706
478.40000000,5.12187000,1.39760000,0.17986411,0.23032646
478.60000000,5.12087000,1.38803000,0.17994149,0.23042521
478.80000000,5.12237000,1.36105000,0.18001785,0.23052203
479.00000000,5.12150000,1.35081000,0.18009318,0.23061811
479.20000000,5.12150000,1.35081000,0.18016823,0.23071420
479.40000000,5.12162000,1.40313000,0.18024472,0.23081402
479.60000000,5.12212000,1.38809000,0.18032226,0.23091278
479.80000000,5.12250000,1.39494000,0.18039956,0.23101200
480.00000000,5.12175000,1.37625000,0.18047654,0.23110991
480.20000000,5.12175000,1.37625000,0.18055300,0.23120783
480.40000000,5.12312000,1.41670000,0.18063058,0.23130860
480.60000000,5.12112000,1.40172000,0.18070887,0.23140832
480.80000000,5.12225000,1.37942000,0.18078613,0.23150645
481.00000000,5.12225000,1.37942000,0.18086276,0.23160459
481.20000000,5.12237000,1.33836000,0.18093825,0.23169980
481.40000000,5.12175000,1.32390000,0.18101221,0.23179398
481.60000000,5.12225000,1.33987000,0.18108620,0.23188928
481.80000000,5.12112000,1.32924000,0.18116034,0.23198383
482.00000000,5.12112000,1.32924000,0.18123419,0.23207840
482.20000000,5.12250000,1.33462000,0.18130818,0.23217333
482.40000000,5.12150000,1.33788000,0.18138242,0.23226850
482.60000000,5.12150000,1.33811000,0.18145675,0.23236368
482.80000000,5.12212000,1.33955000,0.18153113,0.23245897
483.00000000,5.12212000,1.33955000,0.18160555,0.23255425
483.20000000,5.12112000,1.35836000,0.18168049,0.23265088
483.40000000,5.12200000,1.32016000,0.18175490,0.23274478
483.60000000,5.12112000,1.31392000,0.18182807,0.23283824
483.80000000,5.12112000,1.31392000,0.18190106,0.23293172
484.00000000,5.12237000,1.34764000,0.18197499,0.23302758
484.20000000,5.12187000,1.33049000,0.18204939,0.23312224
484.40000000,5.12237000,1.31462000,0.18212286,0.23321576
484.60000000,5.12175000,1.30694000,0.18219568,0.23330872
484.80000000,5.12175000,1.30694000,0.18226829,0.23340170
485.00000000,5.12212000,1.40723000,0.18234368,0.23350181
485.20000000,5.12175000,1.40944000,0.18242193,0.23360207
485.40000000,5.12200000,1.38198000,0.18249946,0.23370038
485.60000000,5.12200000,1.38198000,0.18257624,0.23379871
485.80000000,5.12275000,1.40249000,0.18265359,0.23389849
486.00000000,5.12250000,1.41036000,0.18273172,0.23399884
486.20000000,5.12275000,1.40179000,0.18280984,0.23409856
486.40000000,5.12212000,1.41030000,0.18288795,0.23419889
486.60000000,5.12212000,1.41030000,0.18296630,0.23429922
486.80000000,5.12225000,1.33171000,0.18304247,0.23439394
487.00000000,5.12087000,1.32499000,0.18311627,0.23448819
487.20000000,5.12162000,1.32908000,0.18318999,0.23458273
487.40000000,5.12162000,1.32908000,0.18326383,0.23467728
487.60000000,5.12200000,1.33574000,0.18333785,0.23477229
487.80000000,5.12137000,1.35142000,0.18341249,0.23486844
488.00000000,5.12237000,1.33731000,0.18348718,0.23496356
488.20000000,5.12137000,1.31705000,0.18356091,0.23505724
488.40000000,5.12137000,1.31705000,0.18363408,0.23515094
488.60000000,5.12225000,1.31936000,0.18370732,0.23524480
488.80000000,5.12225000,1.32912000,0.18378088,0.23533936
489.00000000,5.12200000,1.33321000,0.18385484,0.23543419
489.20000000,5.12125000,1.33443000,0.18392894,0.23552910
489.40000000,5.12125000,1.33443000,0.18400307,0.23562401
489.60000000,5.12087000,1.32681000,0.18407700,0.23571838
489.80000000,5.12112000,1.32544000,0.18415067,0.23581265
490.00000000,5.12100000,1.34310000,0.18422480,0.23590818
490.20000000,5.12100000,1.34310000,0.18429941,0.23600371
490.40000000,5.12075000,1.33868000,0.18437391,0.23609893
490.60000000,5.12137000,1.33446000,0.18444816,0.23619384
490.80000000,5.12100000,1.31481000,0.18452175,0.23628736
491.00000000,5.12100000,1.31481000,0.18459480,0.23638085
491.20000000,5.12000000,1.33904000,0.18466852,0.23647612
491.40000000,5.12237000,1.39433000,0.18474444,0.23657530
491.60000000,5.12175000,1.39408000,0.18482190,0.23667447
491.80000000,5.12187000,1.39430000,0.18489935,0.23677366
492.00000000,5.12187000,1.39430000,0.18497681,0.23687284
492.20000000,5.12137000,1.39164000,0.18505420,0.23697185
492.40000000,5.12287000,1.40016000,0.18513175,0.23707147
492.60000000,5.12275000,1.42028000,0.18521010,0.23717252
492.80000000,5.12275000,1.42028000,0.18528900,0.23727356
493.00000000,5.12187000,1.37619000,0.18536668,0.23737146
493.20000000,5.12187000,1.33654000,0.18544204,0.23746655
493.40000000,5.12250000,1.31568000,0.18551571,0.23756015
493.60000000,5.12250000,1.31568000,0.18558880,0.23765372
493.80000000,5.12050000,1.33795000,0.18566251,0.23774890
494.00000000,5.12175000,1.33491000,0.18573676,0.23784386
494.20000000,5.12212000,1.32540000,0.18581066,0.23793813
494.40000000,5.12100000,1.33916000,0.18588467,0.23803338
494.60000000,5.12100000,1.33916000,0.18595907,0.23812864
494.80000000,5.12187000,1.34649000,0.18603367,0.23822444
495.00000000,5.12237000,1.33744000,0.18610823,0.23831958
495.20000000,5.12187000,1.34912000,0.18618285,0.23841555
495.40000000,5.12187000,1.34912000,0.18625780,0.23851151
495.60000000,5.12112000,1.32748000,0.18633215,0.23860596
495.80000000,5.12262000,1.37472000,0.18640721,0.23870378
496.00000000,5.12362000,1.39788000,0.18648423,0.23880325
496.20000000,5.12312000,1.41472000,0.18656236,0.23890391
496.40000000,5.12312000,1.41472000,0.18664095,0.23900458
496.60000000,5.12312000,1.39846000,0.18671910,0.23910407
496.80000000,5.12225000,1.39164000,0.18679660,0.23920308
497.00000000,5.12250000,1.40889000,0.18687439,0.23930331
497.20000000,5.12200000,1.38726000,0.18695206,0.23940200
497.40000000,5.12200000,1.38726000,0.18702913,0.23950070
497.60000000,5.12250000,1.37824000,0.18710595,0.23959876
497.80000000,5.12300000,1.33750000,0.18718139,0.23969389
498.00000000,5.12062000,1.30873000,0.18725490,0.23978696
498.20000000,5.12062000,1.30873000,0.18732760,0.23988005
498.40000000,5.12137000,1.33065000,0.18740092,0.23997471
498.60000000,5.12175000,1.31667000,0.18747446,0.24006837
498.80000000,5.12150000,1.33724000,0.18754818,0.24016349
499.00000000,5.12187000,1.32793000,0.18762221,0.24025796
499.20000000,5.12187000,1.32793000,0.18769598,0.24035244
499.40000000,5.12262000,1.32752000,0.18776975,0.24044687
499.60000000,5.12175000,1.33907000,0.18784382,0.24054213
499.80000000,5.12212000,1.32323000,0.18791777,0.24063627
500.00000000,5.12212000,1.32323000,0.18799128,0.24073041
500.20000000,5.12237000,1.33200000,0.18806504,0.24082518
500.40000000,5.12250000,1.33283000,0.18813906,0.24091999
500.60000000,5.12175000,1.32464000,0.18821288,0.24101422
500.80000000,5.12262000,1.33334000,0.18828671,0.24110908
501.00000000,5.12262000,1.33334000,0.18836079,0.24120393
501.20000000,5.12187000,1.34332000,0.18843514,0.24129947
501.40000000,5.12087000,1.33408000,0.18850951,0.24139439
501.60000000,5.12262000,1.34006000,0.18858379,0.24148973
501.80000000,5.12262000,1.34006000,0.18865824,0.24158506
502.00000000,5.12187000,1.30880000,0.18873182,0.24167815
502.20000000,5.12150000,1.33315000,0.18880521,0.24177299
502.40000000,5.12175000,1.32380000,0.18887901,0.24186716
502.60000000,5.12175000,1.32380000,0.18895256,0.24196133
502.80000000,5.12212000,1.33843000,0.18902651,0.24205656
503.00000000,5.12262000,1.33372000,0.18910073,0.24215142
503.20000000,5.12125000,1.30819000,0.18917412,0.24224447
503.40000000,5.12175000,1.33049000,0.18924742,0.24233912
503.60000000,5.12175000,1.33049000,0.18932133,0.24243377
503.80000000,5.12200000,1.32982000,0.18939523,0.24252835
504.00000000,5.12112000,1.31952000,0.18946882,0.24262222
504.20000000,5.12187000,1.33443000,0.18954255,0.24271715
504.40000000,5.12175000,1.32384000,0.18961639,0.24281132
504.60000000,5.12175000,1.32384000,0.18968993,0.24290548
504.80000000,5.12100000,1.33459000,0.18976378,0.24300042
505.00000000,5.12225000,1.33084000,0.18983782,0.24309510
505.20000000,5.12225000,1.33084000,0.18991175,0.24318979
505.40000000,5.12237000,1.34755000,0.18998615,0.24328564
505.60000000,5.12137000,1.34147000,0.19006085,0.24338107
505.80000000,5.12237000,1.33072000,0.19013508,0.24347574
506.00000000,5.12225000,1.33254000,0.19020905,0.24357054
506.20000000,5.12225000,1.33254000,0.19028308,0.24366533
506.40000000,5.12125000,1.36844000,0.19035811,0.24376267
506.60000000,5.12175000,1.38396000,0.19043457,0.24386113
506.80000000,5.12212000,1.37862000,0.19051131,0.24395920
507.00000000,5.12225000,1.37827000,0.19058789,0.24405726
507.20000000,5.12225000,1.37827000,0.19066446,0.24415529
507.40000000,5.12125000,1.34512000,0.19074011,0.24425100
507.60000000,5.12275000,1.39020000,0.19081609,0.24434992
507.80000000,5.12325000,1.40857000,0.19089383,0.24445015
508.00000000,5.12325000,1.40857000,0.19097209,0.24455034
508.20000000,5.12137000,1.37552000,0.19104942,0.24464821
508.40000000,5.12312000,1.39020000,0.19112625,0.24474712
508.60000000,5.12262000,1.39036000,0.19120348,0.24484604
508.80000000,5.12225000,1.37635000,0.19128034,0.24494395
509.00000000,5.12225000,1.37635000,0.19135680,0.24504186
509.20000000,5.12175000,1.38844000,0.19143360,0.24514063
509.40000000,5.12200000,1.38080000,0.19151052,0.24523889
509.60000000,5.12350000,1.40300000,0.19158785,0.24533873
509.80000000,5.12350000,1.40300000,0.19166580,0.24543853
510.00000000,5.12187000,1.39856000,0.19174362,0.24553804
510.20000000,5.12287000,1.39718000,0.19182128,0.24563744
510.40000000,5.12237000,1.38998000,0.19189870,0.24573634
510.60000000,5.12287000,1.41212000,0.19197653,0.24583681
510.80000000,5.12287000,1.41212000,0.19205499,0.24593729
511.00000000,5.12287000,1.39308000,0.19213291,0.24603639
511.20000000,5.12225000,1.33865000,0.19220879,0.24613161
511.40000000,5.12100000,1.27772000,0.19228147,0.24622248
511.60000000,5.12100000,1.27772000,0.19235245,0.24631337
511.80000000,5.12150000,1.33366000,0.19242499,0.24640826
512.00000000,5.12275000,1.33865000,0.19249922,0.24650349
512.20000000,5.12212000,1.32908000,0.19257332,0.24659804
512.40000000,5.12187000,1.32329000,0.19264700,0.24669217
512.60000000,5.12187000,1.32329000,0.19272052,0.24678633
512.80000000,5.12300000,1.34080000,0.19279452,0.24688170
513.00000000,5.12125000,1.32320000,0.19286852,0.24697582
513.20000000,5.12137000,1.30924000,0.19294164,0.24706894
513.40000000,5.12162000,1.31305000,0.19301448,0.24716235
513.60000000,5.12162000,1.31305000,0.19308743,0.24725574
513.80000000,5.12100000,1.33014000,0.19316085,0.24735037
514.00000000,5.12237000,1.33676000,0.19323493,0.24744547
514.20000000,5.12175000,1.32483000,0.19330887,0.24753971
514.40000000,5.12175000,1.32483000,0.19338247,0.24763396
514.60000000,5.12187000,1.32316000,0.19345602,0.24772809
514.80000000,5.12200000,1.33180000,0.19352977,0.24782282
515.00000000,5.12137000,1.33369000,0.19360381,0.24791768
515.20000000,5.12137000,1.33369000,0.19367791,0.24801256
515.40000000,5.12212000,1.33238000,0.19375196,0.24810734
515.60000000,5.12187000,1.33462000,0.19382605,0.24820228
515.80000000,5.12175000,1.31139000,0.19389955,0.24829557
516.00000000,5.12250000,1.30512000,0.19397223,0.24838842
516.20000000,5.12250000,1.30512000,0.19404474,0.24848129
516.40000000,5.12337000,1.34080000,0.19411823,0.24857668
516.60000000,5.12200000,1.32057000,0.19419216,0.24867063
516.80000000,5.12250000,1.33798000,0.19426601,0.24876582
517.00000000,5.12250000,1.33798000,0.19434034,0.24886101
517.20000000,5.12250000,1.32137000,0.19441421,0.24895501
517.40000000,5.12187000,1.32800000,0.19448781,0.24904948
517.60000000,5.12200000,1.32608000,0.19456153,0.24914382
517.80000000,5.12200000,1.32608000,0.19463520,0.24923814
518.00000000,5.12150000,1.34764000,0.19470947,0.24933403
518.20000000,5.12287000,1.39792000,0.19478574,0.24943349
518.40000000,5.12262000,1.41616000,0.19486391,0.24953422
518.60000000,5.12137000,1.41670000,0.19494260,0.24963499
518.80000000,5.12137000,1.41670000,0.19502130,0.24973580
519.00000000,5.12350000,1.40025000,0.19509955,0.24983542
519.20000000,5.12200000,1.39171000,0.19517711,0.24993444
519.40000000,5.12287000,1.41398000,0.19525504,0.25003504
519.60000000,5.12287000,1.41398000,0.19533360,0.25013563
519.80000000,5.12200000,1.35612000,0.19541054,0.25023211
520.00000000,5.12237000,1.34662000,0.19548562,0.25032791
520.20000000,5.12187000,1.34953000,0.19556051,0.25042391
520.40000000,5.12175000,1.32966000,0.19563493,0.25051849
520.60000000,5.12175000,1.32966000,0.19570880,0.25061308
520.80000000,5.12175000,1.30768000,0.19578206,0.25070609
521.00000000,5.12137000,1.32864000,0.19585529,0.25080060
521.20000000,5.12125000,1.30640000,0.19592849,0.25089352
521.40000000,5.12037000,1.30505000,0.19600103,0.25098633
521.60000000,5.12037000,1.30505000,0.19607353,0.25107917
521.80000000,5.12225000,1.34080000,0.19614703,0.25117455
522.00000000,5.12162000,1.33475000,0.19622135,0.25126949
522.20000000,5.12137000,1.33648000,0.19629555,0.25136455
522.40000000,5.12137000,1.33648000,0.19636980,0.25145960
522.60000000,5.12062000,1.32435000,0.19644371,0.25155380
522.80000000,5.12125000,1.34073000,0.19651774,0.25164918
523.00000000,5.12200000,1.34585000,0.19659237,0.25174491
523.20000000,5.12125000,1.32784000,0.19666664,0.25183936
523.40000000,5.12125000,1.32784000,0.19674041,0.25193380
523.60000000,5.12125000,1.33676000,0.19681442,0.25202890
523.80000000,5.12175000,1.33340000,0.19688859,0.25212374
524.00000000,5.12112000,1.33702000,0.19696277,0.25221883
524.20000000,5.12112000,1.33702000,0.19703705,0.25231394
524.40000000,5.12137000,1.33257000,0.19711121,0.25240872
524.60000000,5.12125000,1.32505000,0.19718503,0.25250298
524.80000000,5.12212000,1.32588000,0.19725867,0.25259730
525.00000000,5.12175000,1.33539000,0.19733259,0.25269230
525.20000000,5.12175000,1.33539000,0.19740678,0.25278729
525.40000000,5.12175000,1.33596000,0.19748098,0.25288230
525.60000000,5.12050000,1.33350000,0.19755513,0.25297716
525.80000000,5.12187000,1.33030000,0.19762913,0.25307179
526.00000000,5.12187000,1.33030000,0.19770303,0.25316642
526.20000000,5.12162000,1.33606000,0.19777710,0.25326146
526.40000000,5.12175000,1.33593000,0.19785132,0.25335649
526.60000000,5.12162000,1.33552000,0.19792553,0.25345149
526.80000000,5.12112000,1.32505000,0.19799943,0.25354573
527.00000000,5.12112000,1.32505000,0.19807305,0.25363998
527.20000000,5.12112000,1.33056000,0.19814681,0.25373462
527.40000000,5.12112000,1.31120000,0.19822020,0.25382788
527.60000000,5.12112000,1.33104000,0.19829359,0.25392255
527.80000000,5.12112000,1.39744000,0.19836938,0.25402195
528.00000000,5.12112000,1.39744000,0.19844702,0.25412135
528.20000000,5.12162000,1.39532000,0.19852460,0.25422061
528.40000000,5.12212000,1.38838000,0.19860192,0.25431938
528.60000000,5.12200000,1.40995000,0.19867965,0.25441968
528.80000000,5.12200000,1.40995000,0.19875798,0.25452001
529.00000000,5.12300000,1.40828000,0.19883627,0.25462019
529.20000000,5.12187000,1.39152000,0.19891404,0.25471916
529.40000000,5.12100000,1.37529000,0.19899090,0.25481698
529.60000000,5.12100000,1.37529000,0.19906730,0.25491481
529.80000000,5.12200000,1.34022000,0.19914273,0.25501015
530.00000000,5.12187000,1.29990000,0.19921607,0.25510263
530.20000000,5.12200000,1.33584000,0.19928928,0.25519766
530.40000000,5.12125000,1.31276000,0.19936285,0.25529103
530.60000000,5.12125000,1.31276000,0.19943579,0.25538441
530.80000000,5.12137000,1.33318000,0.19950928,0.25547926
531.00000000,5.12275000,1.33081000,0.19958328,0.25557392
531.20000000,5.12137000,1.32806000,0.19965714,0.25566839
531.40000000,5.12137000,1.32806000,0.19973092,0.25576284
531.60000000,5.12087000,1.29801000,0.19980387,0.25585517
531.80000000,5.12137000,1.32649000,0.19987677,0.25594952
532.00000000,5.12125000,1.33481000,0.19995070,0.25604447
532.20000000,5.12125000,1.33481000,0.20002485,0.25613942
532.40000000,5.12187000,1.39715000,0.20010074,0.25623880
532.60000000,5.12150000,1.38598000,0.20017805,0.25633740
532.80000000,5.12187000,1.40675000,0.20025563,0.25643746
533.00000000,5.12162000,1.40310000,0.20033368,0.25653727
533.20000000,5.12162000,1.40310000,0.20041163,0.25663709
533.40000000,5.12200000,1.39782000,0.20048943,0.25673653
533.60000000,5.12212000,1.37910000,0.20056657,0.25683463
533.80000000,5.12150000,1.40780000,0.20064398,0.25693477
534.00000000,5.12150000,1.40780000,0.20072219,0.25703492
534.20000000,5.12200000,1.39065000,0.20079993,0.25713385
534.40000000,5.12212000,1.41014000,0.20087773,0.25723417
534.60000000,5.12262000,1.40547000,0.20095594,0.25733416
534.80000000,5.12212000,1.37385000,0.20103314,0.25743190
535.00000000,5.12212000,1.37385000,0.20110947,0.25752963
535.20000000,5.12200000,1.40118000,0.20118655,0.25762930
535.40000000,5.12175000,1.40963000,0.20126463,0.25772957
535.60000000,5.12150000,1.38246000,0.20134219,0.25782791
535.80000000,5.12150000,1.39718000,0.20141940,0.25792730
536.00000000,5.12150000,1.39718000,0.20149702,0.25802668
536.20000000,5.12162000,1.37740000,0.20157409,0.25812464
536.40000000,5.12050000,1.38320000,0.20165077,0.25822303
536.60000000,5.12137000,1.38195000,0.20172758,0.25832133
536.80000000,5.12137000,1.38195000,0.20180436,0.25841962
537.00000000,5.12112000,1.38211000,0.20188114,0.25851795
537.20000000,5.12225000,1.39552000,0.20195830,0.25861721
537.40000000,5.12137000,1.36969000,0.20203511,0.25871465
537.60000000,5.12212000,1.40547000,0.20211219,0.25881464
537.80000000,5.12212000,1.40547000,0.20219028,0.25891461
538.00000000,5.12162000,1.36102000,0.20226712,0.25901143
538.20000000,5.12162000,1.38278000,0.20234334,0.25910982
538.40000000,5.12337000,1.38784000,0.20242030,0.25920858
538.60000000,5.12337000,1.38784000,0.20249740,0.25930729
538.80000000,5.12137000,1.37072000,0.20257403,0.25940480
539.00000000,5.12162000,1.37356000,0.20265026,0.25950254
539.20000000,5.12350000,1.35020000,0.20272592,0.25959859
539.40000000,5.12187000,1.33878000,0.20280061,0.25969383
539.60000000,5.12187000,1.33878000,0.20287499,0.25978906
539.80000000,5.12175000,1.40038000,0.20295108,0.25988869
540.00000000,5.12250000,1.39728000,0.20302879,0.25998810
540.20000000,5.12212000,1.41356000,0.20310687,0.26008866
540.40000000,5.12212000,1.41356000,0.20318540,0.26018921
540.60000000,5.12162000,1.39190000,0.20326333,0.26028823
540.80000000,5.12225000,1.36848000,0.20334001,0.26038558
541.00000000,5.12175000,1.40374000,0.20341701,0.26048543
541.20000000,5.12125000,1.40137000,0.20349493,0.26058510
541.40000000,5.12125000,1.40137000,0.20357279,0.26068481
541.60000000,5.12275000,1.36979000,0.20364976,0.26078225
541.80000000,5.12150000,1.33260000,0.20372483,0.26087705
542.00000000,5.12237000,1.27795000,0.20379735,0.26096796
542.20000000,5.12175000,1.34425000,0.20387019,0.26106358
542.40000000,5.12175000,1.34425000,0.20394487,0.26115922
542.60000000,5.12225000,1.33513000,0.20401929,0.26125419
542.80000000,5.12175000,1.33792000,0.20409354,0.26134936
543.00000000,5.12162000,1.33798000,0.20416787,0.26144454
543.20000000,5.12162000,1.33798000,0.20424221,0.26153969
543.40000000,5.12062000,1.33267000,0.20431639,0.26163450
543.60000000,5.12212000,1.37616000,0.20439164,0.26173239
543.80000000,5.12162000,1.33836000,0.20446704,0.26182761
544.00000000,5.12225000,1.33270000,0.20454124,0.26192242
544.20000000,5.12225000,1.33270000,0.20461528,0.26201721
544.40000000,5.12137000,1.33088000,0.20468926,0.26211189
544.60000000,5.12200000,1.33843000,0.20476341,0.26220708
544.80000000,5.12075000,1.33561000,0.20483769,0.26230207
545.00000000,5.12075000,1.33561000,0.20491189,0.26239708
545.20000000,5.12162000,1.34470000,0.20498634,0.26249274
545.40000000,5.12225000,1.34083000,0.20506094,0.26258811
545.60000000,5.12112000,1.33491000,0.20513527,0.26268306
545.80000000,5.12125000,1.33228000,0.20520936,0.26277782
546.00000000,5.12125000,1.33228000,0.20528337,0.26287259
546.20000000,5.12137000,1.32508000,0.20535719,0.26296686
546.40000000,5.12225000,1.35062000,0.20543151,0.26306294
546.60000000,5.12262000,1.40611000,0.20550809,0.26316299
546.80000000,5.12262000,1.40611000,0.20558621,0.26326301
547.00000000,5.12187000,1.38265000,0.20566367,0.26336138
547.20000000,5.12212000,1.40793000,0.20574119,0.26346154
547.40000000,5.12237000,1.39958000,0.20581917,0.26356111
547.60000000,5.12237000,1.39958000,0.20589693,0.26366068
547.80000000,5.12212000,1.39072000,0.20597444,0.26375963
548.00000000,5.12262000,1.39366000,0.20605178,0.26385878
548.20000000,5.12275000,1.38281000,0.20612890,0.26395717
548.40000000,5.12275000,1.38281000,0.20620573,0.26405555
548.60000000,5.12237000,1.33798000,0.20628130,0.26415073
548.80000000,5.12200000,1.32934000,0.20635540,0.26424531
549.00000000,5.12262000,1.32867000,0.20642923,0.26433982
549.20000000,5.12137000,1.33360000,0.20650318,0.26443468
549.40000000,5.12137000,1.33360000,0.20657727,0.26452954
549.60000000,5.12137000,1.33862000,0.20665150,0.26462477
549.80000000,5.12225000,1.30755000,0.20672500,0.26471778
550.00000000,5.12150000,1.33020000,0.20679828,0.26481239
550.20000000,5.12125000,1.32483000,0.20687203,0.26490663
550.40000000,5.12125000,1.32483000,0.20694563,0.26500088
550.60000000,5.12212000,1.32275000,0.20701917,0.26509494
550.80000000,5.12025000,1.33184000,0.20709291,0.26518968
551.00000000,5.12175000,1.35212000,0.20716746,0.26528587
551.20000000,5.12175000,1.35212000,0.20724258,0.26538205
551.40000000,5.12150000,1.38425000,0.20731859,0.26548053
551.60000000,5.12250000,1.41296000,0.20739629,0.26558105
551.80000000,5.12200000,1.39612000,0.20747432,0.26568036
552.00000000,5.12200000,1.39504000,0.20755186,0.26577961
552.20000000,5.12200000,1.39504000,0.20762936,0.26587884
552.40000000,5.12150000,1.39846000,0.20770695,0.26597832
552.60000000,5.12200000,1.41427000,0.20778509,0.26607894
552.80000000,5.12250000,1.38044000,0.20786272,0.26617715
553.00000000,5.12250000,1.38044000,0.20793941,0.26627536
553.20000000,5.12212000,1.32627000,0.20801459,0.26636969
553.40000000,5.12087000,1.30217000,0.20808761,0.26646232
553.60000000,5.12187000,1.32563000,0.20816060,0.26655662
553.80000000,5.12150000,1.33532000,0.20823452,0.26665160
554.00000000,5.12150000,1.33532000,0.20830870,0.26674659
554.20000000,5.12187000,1.33596000,0.20838290,0.26684162
554.40000000,5.12125000,1.30809000,0.20845635,0.26693467
554.60000000,5.12175000,1.32780000,0.20852957,0.26702912
554.80000000,5.12175000,1.32780000,0.20860334,0.26712358
555.00000000,5.12225000,1.34416000,0.20867756,0.26721919
555.20000000,5.12100000,1.34982000,0.20875239,0.26731521
555.40000000,5.12187000,1.33984000,0.20882710,0.26741053
555.60000000,5.12212000,1.32435000,0.20890111,0.26750474
555.80000000,5.12212000,1.32435000,0.20897468,0.26759895
556.00000000,5.12162000,1.30368000,0.20904768,0.26769168
556.20000000,5.12137000,1.30825000,0.20912024,0.26778473
556.40000000,5.12100000,1.31657000,0.20919315,0.26787837
556.60000000,5.12100000,1.31657000,0.20926629,0.26797201
556.80000000,5.12100000,1.34102000,0.20934011,0.26806741
557.00000000,5.12212000,1.33657000,0.20941449,0.26816248
557.20000000,5.12112000,1.33193000,0.20948862,0.26825721
557.40000000,5.12112000,1.30121000,0.20956176,0.26834976
557.60000000,5.12112000,1.30121000,0.20963405,0.26844230
557.80000000,5.12050000,1.33724000,0.20970734,0.26853742
558.00000000,5.12125000,1.30972000,0.20978086,0.26863059
558.20000000,5.12225000,1.33468000,0.20985432,0.26872555
558.40000000,5.12062000,1.33161000,0.20992838,0.26882025
558.60000000,5.12062000,1.33161000,0.21000236,0.26891498
558.80000000,5.12200000,1.30211000,0.21007552,0.26900758
559.00000000,5.12025000,1.31612000,0.21014825,0.26910117
559.20000000,5.12150000,1.34377000,0.21022214,0.26919676
559.40000000,5.12150000,1.34377000,0.21029679,0.26929235
559.60000000,5.12200000,1.33116000,0.21037109,0.26938703
559.80000000,5.12087000,1.31027000,0.21044447,0.26948023
560.00000000,5.12137000,1.33475000,0.21051794,0.26957517
560.20000000,5.12137000,1.33475000,0.21059209,0.26967012
560.40000000,5.12200000,1.32598000,0.21066600,0.26976445
560.60000000,5.12200000,1.32793000,0.21073972,0.26985891
560.80000000,5.12137000,1.32460000,0.21081340,0.26995313
561.00000000,5.12137000,1.33532000,0.21088729,0.27004811
561.20000000,5.12137000,1.33532000,0.21096147,0.27014310
561.40000000,5.12187000,1.31049000,0.21103497,0.27023633
561.60000000,5.12200000,1.30316000,0.21110757,0.27032903
561.80000000,5.12212000,1.33654000,0.21118089,0.27042411
562.00000000,5.12212000,1.33654000,0.21125515,0.27051920
562.20000000,5.12225000,1.32912000,0.21132919,0.27061374
562.40000000,5.12150000,1.31571000,0.21140266,0.27070734
562.60000000,5.12175000,1.33052000,0.21147617,0.27080198
562.80000000,5.12175000,1.33052000,0.21155008,0.27089662
563.00000000,5.12112000,1.33180000,0.21162404,0.27099136
563.20000000,5.12200000,1.34220000,0.21169832,0.27108683
563.40000000,5.12150000,1.32486000,0.21177240,0.27118107
563.60000000,5.12112000,1.33248000,0.21184622,0.27127584
563.80000000,5.12112000,1.33248000,0.21192024,0.27137064
564.00000000,5.12212000,1.32256000,0.21199399,0.27146472
564.20000000,5.12187000,1.32041000,0.21206741,0.27155863
564.40000000,5.12112000,1.31017000,0.21214048,0.27165182
564.60000000,5.12125000,1.31932000,0.21221352,0.27174566
564.80000000,5.12125000,1.31932000,0.21228682,0.27183951
565.00000000,5.12125000,1.31286000,0.21235993,0.27193290
565.20000000,5.12175000,1.35091000,0.21243393,0.27202900
565.40000000,5.12212000,1.32982000,0.21250839,0.27212360
565.60000000,5.12212000,1.32982000,0.21258227,0.27221820
565.80000000,5.12137000,1.34790000,0.21265665,0.27231408
566.00000000,5.12162000,1.32736000,0.21273096,0.27240849
566.20000000,5.12125000,1.33238000,0.21280485,0.27250328
566.40000000,5.12212000,1.34576000,0.21287924,0.27259901
566.60000000,5.12212000,1.34576000,0.21295400,0.27269474
566.80000000,5.12175000,1.36832000,0.21302939,0.27279210
567.00000000,5.12262000,1.39321000,0.21310610,0.27289121
567.20000000,5.12225000,1.38339000,0.21318323,0.27298963
567.40000000,5.12225000,1.38339000,0.21326009,0.27308802
567.60000000,5.12087000,1.38595000,0.21333701,0.27318662
567.80000000,5.12225000,1.39187000,0.21341417,0.27328565
568.00000000,5.12237000,1.37766000,0.21349111,0.27338366
568.20000000,5.12225000,1.39312000,0.21356807,0.27348277
568.40000000,5.12225000,1.39312000,0.21364547,0.27358189
568.60000000,5.12287000,1.39264000,0.21372285,0.27368097
568.80000000,5.12237000,1.38272000,0.21379994,0.27377934
569.00000000,5.12237000,1.40835000,0.21387747,0.27387953
569.20000000,5.12237000,1.40835000,0.21395571,0.27397973
569.40000000,5.12225000,1.39132000,0.21403348,0.27407869
569.60000000,5.12137000,1.39401000,0.21411085,0.27417787
569.80000000,5.12275000,1.37993000,0.21418791,0.27427605
570.00000000,5.12250000,1.41017000,0.21426541,0.27437638
570.20000000,5.12250000,1.41017000,0.21434375,0.27447670
570.40000000,5.12237000,1.39193000,0.21442159,0.27457572
570.60000000,5.12175000,1.36771000,0.21449825,0.27467302
570.80000000,5.12200000,1.40307000,0.21457521,0.27477283
571.00000000,5.12200000,1.40307000,0.21465316,0.27487263
571.20000000,5.12162000,1.36518000,0.21473006,0.27496974
571.40000000,5.12125000,1.39635000,0.21480676,0.27506907
571.60000000,5.12175000,0.17424000,0.21485039,0.27508146
571.80000000,5.12200000,1.35027000,0.21489274,0.27517752
572.00000000,5.12200000,1.35027000,0.21496775,0.27527358
572.20000000,5.12200000,1.40588000,0.21504431,0.27537359
572.40000000,5.12187000,1.36822000,0.21512137,0.27547090
572.60000000,5.12100000,1.39555000,0.21519814,0.27557016
572.80000000,5.12100000,1.39555000,0.21527567,0.27566942
573.00000000,5.12100000,1.41568000,0.21535376,0.27577013
573.20000000,5.12237000,1.38182000,0.21543147,0.27586843
573.40000000,5.12175000,1.39318000,0.21550856,0.27596754
573.60000000,5.12175000,1.39318000,0.21558595,0.27606663
573.80000000,5.12150000,1.40172000,0.21566359,0.27616633
574.00000000,5.12075000,1.33628000,0.21573965,0.27626136
574.20000000,5.12062000,1.32105000,0.21581346,0.27635533
574.40000000,5.12162000,1.33024000,0.21588711,0.27644996
574.60000000,5.12162000,1.33024000,0.21596101,0.27654458
574.80000000,5.12137000,1.33907000,0.21603516,0.27663983
575.00000000,5.12137000,1.34032000,0.21610959,0.27673519
575.20000000,5.12250000,1.35625000,0.21618449,0.27683168
575.40000000,5.12250000,1.35625000,0.21625984,0.27692814
575.60000000,5.12075000,1.33257000,0.21633453,0.27702291
575.80000000,5.12100000,1.30272000,0.21640773,0.27711555
576.00000000,5.12000000,1.33561000,0.21648102,0.27721055
576.20000000,5.12137000,1.32467000,0.21655491,0.27730478
576.40000000,5.12137000,1.32467000,0.21662851,0.27739900
576.60000000,5.12125000,1.32054000,0.21670198,0.27749292
576.80000000,5.12100000,1.32643000,0.21677551,0.27758727
577.00000000,5.12137000,1.34051000,0.21684959,0.27768262
577.20000000,5.12137000,1.34051000,0.21692407,0.27777797
577.40000000,5.12087000,1.34076000,0.21699854,0.27787335
577.60000000,5.12212000,1.34963000,0.21707328,0.27796936
577.80000000,5.12212000,1.32720000,0.21714763,0.27806376
578.00000000,5.12087000,1.33520000,0.21722159,0.27815872
578.20000000,5.12087000,1.33520000,0.21729577,0.27825370
578.40000000,5.12187000,1.32998000,0.21736980,0.27834831
578.60000000,5.12150000,1.33113000,0.21744372,0.27844300
578.80000000,5.12175000,1.31958000,0.21751735,0.27853686
579.00000000,5.12175000,1.31958000,0.21759066,0.27863074
579.20000000,5.12200000,1.33321000,0.21766435,0.27872556
579.40000000,5.12087000,1.31440000,0.21773789,0.27881905
579.60000000,5.12100000,1.32460000,0.21781120,0.27891326
579.80000000,5.12100000,1.27001000,0.21788327,0.27900359
580.00000000,5.12100000,1.27001000,0.21795383,0.27909393
580.20000000,5.12162000,1.35952000,0.21802687,0.27919064
580.40000000,5.12200000,1.33785000,0.21810180,0.27928581
580.60000000,5.12137000,1.32851000,0.21817586,0.27938030
580.80000000,5.12187000,1.30572000,0.21824904,0.27947319
581.00000000,5.12187000,1.30572000,0.21832158,0.27956607
581.20000000,5.12150000,1.30579000,0.21839412,0.27965894
581.40000000,5.12125000,1.36288000,0.21846825,0.27975592
581.60000000,5.12300000,1.39955000,0.21854498,0.27985550
581.80000000,5.12300000,1.39955000,0.21862274,0.27995505
582.00000000,5.12150000,1.39033000,0.21870023,0.28005394
582.20000000,5.12100000,1.41961000,0.21877829,0.28015496
582.40000000,5.12375000,1.41321000,0.21885698,0.28025551
582.60000000,5.12250000,1.40694000,0.21893531,0.28035561
582.80000000,5.12250000,1.40694000,0.21901348,0.28045569
583.00000000,5.12162000,1.40332000,0.21909154,0.28055548
583.20000000,5.12025000,1.39622000,0.21916930,0.28065482
583.40000000,5.12287000,1.37238000,0.21924621,0.28075247
583.60000000,5.12287000,1.37238000,0.21932245,0.28085009
583.80000000,5.12125000,1.32883000,0.21939749,0.28094460
584.00000000,5.12125000,1.34857000,0.21947186,0.28104051
584.20000000,5.12037000,1.31872000,0.21954595,0.28113429
584.40000000,5.12012000,1.33232000,0.21961959,0.28122903
584.60000000,5.12012000,1.33232000,0.21969361,0.28132379
584.80000000,5.12062000,1.33187000,0.21976761,0.28141849
585.00000000,5.11987000,1.32864000,0.21984152,0.28151300
585.20000000,5.12150000,1.35344000,0.21991602,0.28160928
585.40000000,5.12150000,1.35344000,0.21999121,0.28170554
585.60000000,5.12087000,1.32675000,0.22006566,0.28179987
585.80000000,5.11925000,1.30972000,0.22013889,0.28189301
586.00000000,5.12025000,1.32451000,0.22021207,0.28198719
586.20000000,5.11937000,1.28918000,0.22028467,0.28207885
586.40000000,5.11937000,1.28918000,0.22035629,0.28217054
586.60000000,5.12062000,1.39289000,0.22043079,0.28226961
586.80000000,5.12125000,1.39977000,0.22050837,0.28236917
587.00000000,5.12100000,1.39449000,0.22058599,0.28246835
587.20000000,5.12100000,1.39449000,0.22066346,0.28256754
587.40000000,5.12125000,1.40633000,0.22074126,0.28266757
587.60000000,5.12137000,1.41174000,0.22081954,0.28276800
587.80000000,5.12187000,1.35193000,0.22089631,0.28286417
588.00000000,5.12175000,1.39328000,0.22097256,0.28296328
588.20000000,5.12175000,1.39328000,0.22104997,0.28306237
588.40000000,5.12062000,1.33600000,0.22112578,0.28315740
588.60000000,5.12137000,1.32857000,0.22119980,0.28325190
588.80000000,5.12175000,1.32284000,0.22127345,0.28334600
589.00000000,5.12175000,1.32284000,0.22134694,0.28344007
589.20000000,5.11975000,1.31568000,0.22142023,0.28353364
589.40000000,5.12075000,1.32553000,0.22149360,0.28362792
589.60000000,5.12075000,1.32646000,0.22156726,0.28372226
589.80000000,5.12075000,1.32646000,0.22164095,0.28381661
590.00000000,5.12162000,1.33638000,0.22171492,0.28391166
590.20000000,5.12100000,1.31459000,0.22178856,0.28400515
590.40000000,5.12012000,1.32016000,0.22186175,0.28409905
590.60000000,5.12137000,1.34204000,0.22193570,0.28419451
590.80000000,5.12137000,1.34204000,0.22201026,0.28428995
591.00000000,5.12062000,1.30585000,0.22208381,0.28438283
591.20000000,5.12112000,1.33699000,0.22215722,0.28447793
591.40000000,5.12087000,1.32281000,0.22223110,0.28457201
591.60000000,5.12087000,1.32281000,0.22230459,0.28466609
591.80000000,5.12100000,1.33900000,0.22237853,0.28476134
592.00000000,5.12150000,1.33273000,0.22245275,0.28485611
592.20000000,5.12012000,1.31529000,0.22252630,0.28494966
592.40000000,5.12075000,1.32854000,0.22259974,0.28504415
592.60000000,5.12075000,1.32854000,0.22267355,0.28513863
592.80000000,5.12050000,1.33200000,0.22274745,0.28523336
593.00000000,5.12075000,1.33542000,0.22282155,0.28532834
593.20000000,5.12100000,1.34483000,0.22289600,0.28542400
593.40000000,5.12100000,1.34483000,0.22297071,0.28551966
593.60000000,5.12150000,1.31891000,0.22304471,0.28561346
593.80000000,5.12087000,1.31078000,0.22311775,0.28570669
594.00000000,5.12100000,1.33523000,0.22319125,0.28580165
594.20000000,5.12075000,1.33036000,0.22326530,0.28589627
594.40000000,5.12075000,1.33036000,0.22333921,0.28599088
594.60000000,5.12025000,1.32537000,0.22341298,0.28608516
594.80000000,5.12150000,1.30486000,0.22348604,0.28617794
595.00000000,5.11987000,1.32678000,0.22355914,0.28627229
595.20000000,5.12150000,1.31670000,0.22363257,0.28636595
595.40000000,5.12150000,1.31670000,0.22370572,0.28645959
595.60000000,5.12025000,1.33689000,0.22377943,0.28655468
595.80000000,5.12125000,1.32940000,0.22385349,0.28664922
596.00000000,5.12062000,1.33667000,0.22392755,0.28674429
596.20000000,5.12062000,1.33667000,0.22400181,0.28683935
596.40000000,5.12050000,1.33801000,0.22407611,0.28693451
596.60000000,5.12100000,1.33017000,0.22415022,0.28702911
596.80000000,5.12025000,1.32809000,0.22422406,0.28712358
597.00000000,5.12137000,1.37513000,0.22429915,0.28722139
597.20000000,5.12137000,1.37513000,0.22437555,0.28731919
597.40000000,5.12050000,1.38380000,0.22445219,0.28741762
597.60000000,5.12150000,1.34960000,0.22452812,0.28751360
597.80000000,5.12062000,1.38803000,0.22460416,0.28761232
598.00000000,5.12062000,1.38803000,0.22468127,0.28771105
598.20000000,5.12150000,1.38182000,0.22475821,0.28780933
598.40000000,5.12112000,1.36732000,0.22483458,0.28790658
598.60000000,5.12087000,1.36678000,0.22491053,0.28800379
598.80000000,5.12250000,1.39241000,0.22498717,0.28810286
599.00000000,5.12250000,1.39241000,0.22506453,0.28820188
599.20000000,5.12050000,1.39104000,0.22514184,0.28830083
599.40000000,5.12162000,1.37760000,0.22521875,0.28839882
599.60000000,5.12112000,1.36963000,0.22529506,0.28849623
599.80000000,5.12112000,1.36963000,0.22537115,0.28859367
600.00000000,5.12212000,1.38899000,0.22544778,0.28869244
600.20000000,5.12012000,1.38902000,0.22552495,0.28879125
600.40000000,5.12137000,1.40265000,0.22560249,0.28889102
600.60000000,5.12137000,1.40265000,0.22568042,0.28899079
600.80000000,5.12162000,1.38652000,0.22575790,0.28908942
601.00000000,5.12175000,1.37766000,0.22583468,0.28918740
601.20000000,5.12050000,1.39545000,0.22591171,0.28928664
601.40000000,5.12087000,1.38870000,0.22598905,0.28938541
601.60000000,5.12087000,1.38870000,0.22606620,0.28948419
601.80000000,5.12125000,1.39379000,0.22614349,0.28958331
602.00000000,5.12075000,1.37721000,0.22622046,0.28968126
602.20000000,5.12062000,1.33308000,0.22629575,0.28977607
602.40000000,5.12062000,1.33308000,0.22636981,0.28987087
602.60000000,5.12037000,1.30723000,0.22644315,0.28996383
602.80000000,5.11975000,1.33334000,0.22651650,0.29005866
603.00000000,5.12075000,1.32841000,0.22659044,0.29015313
603.20000000,5.12075000,1.32841000,0.22666424,0.29024760
603.40000000,5.11987000,1.33705000,0.22673828,0.29034269
603.60000000,5.12050000,1.32489000,0.22681222,0.29043691
603.80000000,5.12050000,1.33760000,0.22688618,0.29053205
604.00000000,5.12137000,1.31840000,0.22695996,0.29062583
604.20000000,5.12137000,1.31840000,0.22703320,0.29071960
604.40000000,5.12087000,1.34012000,0.22710705,0.29081488
604.60000000,5.11912000,1.33715000,0.22718142,0.29090999
604.80000000,5.12137000,1.40496000,0.22725759,0.29100995
605.00000000,5.12237000,1.40873000,0.22733574,0.29111017
605.20000000,5.12237000,1.40873000,0.22741401,0.29121037
605.40000000,5.12137000,1.40624000,0.22749220,0.29131040
605.60000000,5.12162000,1.38982000,0.22756987,0.29140927
605.80000000,5.12200000,1.40038000,0.22764737,0.29150890
606.00000000,5.12200000,1.40038000,0.22772517,0.29160850
606.20000000,5.12112000,1.40966000,0.22780323,0.29170876
606.40000000,5.12100000,1.40028000,0.22788128,0.29180835
606.60000000,5.12087000,1.33062000,0.22795714,0.29190299
606.80000000,5.12100000,1.34118000,0.22803136,0.29199839
607.00000000,5.12100000,1.34118000,0.22810587,0.29209379
607.20000000,5.12150000,1.34624000,0.22818052,0.29218951
607.40000000,5.11975000,1.31296000,0.22825439,0.29228291
607.60000000,5.12175000,1.35673000,0.22832854,0.29237942
607.80000000,5.12175000,1.35673000,0.22840392,0.29247591
608.00000000,5.12062000,1.31478000,0.22847813,0.29256944
608.20000000,5.12150000,1.30652000,0.22855094,0.29266239
608.40000000,5.12225000,1.32128000,0.22862394,0.29275636
608.60000000,5.12062000,1.30166000,0.22869679,0.29284893
608.80000000,5.12062000,1.30166000,0.22876911,0.29294151
609.00000000,5.12112000,1.32979000,0.22884220,0.29303608
609.20000000,5.12050000,1.34192000,0.22891642,0.29313153
609.40000000,5.12137000,1.34428000,0.22899104,0.29322715
609.60000000,5.12137000,1.34428000,0.22906572,0.29332276
609.80000000,5.12050000,1.33628000,0.22914018,0.29341780
610.00000000,5.12100000,1.32064000,0.22921398,0.29351172
610.20000000,5.12025000,1.33724000,0.22928781,0.29360681
610.40000000,5.12012000,1.26636000,0.22936013,0.29369687
610.60000000,5.12012000,1.26636000,0.22943049,0.29378693
610.80000000,5.12087000,1.34067000,0.22950290,0.29388230
611.00000000,5.12162000,1.33372000,0.22957719,0.29397713
611.20000000,5.11937000,1.33379000,0.22965129,0.29407197
611.40000000,5.11937000,1.33379000,0.22972539,0.29416682
611.60000000,5.12062000,1.33232000,0.22979945,0.29426157
611.80000000,5.12037000,1.33888000,0.22987365,0.29435679
612.00000000,5.12062000,1.32588000,0.22994767,0.29445109
612.20000000,5.11975000,1.32883000,0.23002141,0.29454558
612.40000000,5.11975000,1.32883000,0.23009524,0.29464007
612.60000000,5.11987000,1.33824000,0.23016932,0.29473525
612.80000000,5.12087000,1.33056000,0.23024345,0.29482987
613.00000000,5.12012000,1.33184000,0.23031741,0.29492458
613.20000000,5.12050000,1.31705000,0.23039099,0.29501825
613.40000000,5.12050000,1.31705000,0.23046416,0.29511192
613.60000000,5.12050000,1.33177000,0.23053774,0.29520662
613.80000000,5.12012000,1.33142000,0.23061172,0.29530130
614.00000000,5.12012000,1.33142000,0.23068568,0.29539599
614.20000000,5.12062000,1.31868000,0.23075930,0.29548978
614.40000000,5.12100000,1.34499000,0.23083329,0.29558545
614.60000000,5.12100000,1.33238000,0.23090766,0.29568021
614.80000000,5.12075000,1.33328000,0.23098171,0.29577503
615.00000000,5.12075000,1.33328000,0.23105578,0.29586987
615.20000000,5.12137000,1.34198000,0.23113009,0.29596534
615.40000000,5.12225000,1.34041000,0.23120460,0.29606066
615.60000000,5.12025000,1.32726000,0.23127870,0.29615505
615.80000000,5.12025000,1.32726000,0.23135244,0.29624945
616.00000000,5.12100000,1.33120000,0.23142628,0.29634413
616.20000000,5.12062000,1.32934000,0.23150019,0.29643867
616.40000000,5.12050000,1.33980000,0.23157433,0.29653395
616.60000000,5.12037000,1.32617000,0.23164839,0.29662826
616.80000000,5.12037000,1.32617000,0.23172206,0.29672257
617.00000000,5.12037000,1.32118000,0.23179560,0.29681653
617.20000000,5.12037000,1.32275000,0.23186904,0.29691060
617.40000000,5.12050000,1.33593000,0.23194289,0.29700561
617.60000000,5.12050000,1.33593000,0.23201711,0.29710064
617.80000000,5.12187000,1.35123000,0.23209176,0.29719675
618.00000000,5.12112000,1.31715000,0.23216588,0.29729043
618.20000000,5.12087000,1.31612000,0.23223902,0.29738403
618.40000000,5.12050000,1.33120000,0.23231256,0.29747870
618.60000000,5.12050000,1.33120000,0.23238652,0.29757338
618.80000000,5.12087000,1.32854000,0.23246040,0.29766789
619.00000000,5.12175000,1.35280000,0.23253488,0.29776411
619.20000000,5.12112000,1.31753000,0.23260906,0.29785781
619.40000000,5.12050000,1.32665000,0.23268250,0.29795216
619.60000000,5.12050000,1.32665000,0.23275621,0.29804653
619.80000000,5.12150000,1.33398000,0.23283011,0.29814140
620.00000000,5.12087000,1.33510000,0.23290426,0.29823637
620.20000000,5.12162000,1.34825000,0.23297879,0.29833228
620.40000000,5.12162000,1.34825000,0.23305370,0.29842818
620.60000000,5.12150000,1.34352000,0.23312847,0.29852374
620.80000000,5.12087000,1.33532000,0.23320288,0.29861870
621.00000000,5.12037000,1.33164000,0.23327696,0.29871343
621.20000000,5.12162000,1.34528000,0.23335132,0.29880912
621.40000000,5.12162000,1.34528000,0.23342606,0.29890480
621.60000000,5.12062000,1.33644000,0.23350055,0.29899984
621.80000000,5.12025000,1.41616000,0.23357701,0.29910062
622.00000000,5.12400000,1.38880000,0.23365493,0.29919946
622.20000000,5.12400000,1.38880000,0.23373208,0.29929823
622.40000000,5.12075000,1.37296000,0.23380880,0.29939590
622.60000000,5.12200000,1.37302000,0.23388508,0.29949357
622.80000000,5.12162000,1.38739000,0.23396175,0.29959225
623.00000000,5.12100000,1.35737000,0.23403800,0.29968879
623.20000000,5.12100000,1.35737000,0.23411341,0.29978532
623.40000000,5.12050000,1.36480000,0.23418902,0.29988240
623.60000000,5.12112000,1.35395000,0.23426454,0.29997870
623.80000000,5.12125000,1.35984000,0.23433993,0.30007543
624.00000000,5.12125000,1.35984000,0.23441547,0.30017212
624.20000000,5.11975000,1.36134000,0.23449106,0.30026896
624.40000000,5.12200000,1.36432000,0.23456677,0.30036600
624.60000000,5.12112000,1.36124000,0.23464248,0.30046286
624.80000000,5.12287000,1.37107000,0.23471838,0.30056041
625.00000000,5.12287000,1.37107000,0.23479455,0.30065792
625.20000000,5.12050000,1.37532000,0.23487084,0.30075575
625.40000000,5.12187000,1.36972000,0.23494709,0.30085319
625.60000000,5.12175000,1.37408000,0.23502331,0.30095092
625.80000000,5.12087000,1.36099000,0.23509928,0.30104772
626.00000000,5.12087000,1.36099000,0.23517489,0.30114452
626.20000000,5.12100000,1.36547000,0.23525063,0.30124165
626.40000000,5.12150000,1.36860000,0.23532657,0.30133899
626.60000000,5.12137000,1.37187000,0.23540270,0.30143658
626.80000000,5.12137000,1.37187000,0.23547891,0.30153416
627.00000000,5.12150000,1.35635000,0.23555470,0.30163063
627.20000000,5.12112000,1.35795000,0.23563009,0.30172722
627.40000000,5.12112000,1.39148000,0.23570647,0.30182619
627.60000000,5.12087000,1.36457000,0.23578302,0.30192324
627.80000000,5.12087000,1.36457000,0.23585883,0.30202031
628.00000000,5.12150000,1.34595000,0.23593413,0.30211604
628.20000000,5.12087000,1.36371000,0.23600939,0.30221304
628.40000000,5.12137000,1.37635000,0.23608551,0.30231094
628.60000000,5.12137000,1.37635000,0.23616197,0.30240883
628.80000000,5.12125000,1.35574000,0.23623786,0.30250527
629.00000000,5.12137000,1.36275000,0.23631338,0.30260219
629.20000000,5.12075000,1.34665000,0.23638864,0.30269796
629.40000000,5.12075000,1.34665000,0.23646345,0.30279375
629.60000000,5.12112000,1.35977000,0.23653863,0.30289048
629.80000000,5.12200000,1.34854000,0.23661386,0.30298639
630.00000000,5.12050000,1.35241000,0.23668889,0.30308257
630.20000000,5.12050000,1.35241000,0.23676402,0.30317875
630.40000000,5.12050000,1.29763000,0.23683763,0.30327104
630.60000000,5.12087000,1.33171000,0.23691067,0.30336576
630.80000000,5.12125000,1.33897000,0.23698486,0.30346099
631.00000000,5.12075000,1.33516000,0.23705914,0.30355595
631.20000000,5.12075000,1.33516000,0.23713331,0.30365091
631.40000000,5.12112000,1.32966000,0.23720733,0.30374550
631.60000000,5.12150000,1.33740000,0.23728142,0.30384061
631.80000000,5.12050000,1.30220000,0.23735474,0.30393322
632.00000000,5.12050000,1.30220000,0.23742709,0.30402584
632.20000000,5.12112000,1.32937000,0.23750019,0.30412042
632.40000000,5.12237000,1.37200000,0.23757522,0.30421799
632.60000000,5.12037000,1.37472000,0.23765152,0.30431577
632.80000000,5.12137000,1.35913000,0.23772746,0.30441245
633.00000000,5.12137000,1.35913000,0.23780297,0.30450913
633.20000000,5.12162000,1.35939000,0.23787848,0.30460582
633.40000000,5.12150000,1.38256000,0.23795465,0.30470417
633.60000000,5.12187000,1.34649000,0.23803046,0.30479995
633.80000000,5.12125000,1.36073000,0.23810566,0.30489674
634.00000000,5.12125000,1.36073000,0.23818125,0.30499352
634.20000000,5.12112000,1.32758000,0.23825593,0.30508792
634.40000000,5.11975000,1.32460000,0.23832960,0.30518215
634.60000000,5.12187000,1.33353000,0.23840344,0.30527701
634.80000000,5.12187000,1.33353000,0.23847752,0.30537187
635.00000000,5.12175000,1.34236000,0.23855185,0.30546737
635.20000000,5.12200000,1.36044000,0.23862693,0.30556414
635.40000000,5.12150000,1.34185000,0.23870199,0.30565959
635.60000000,5.12150000,1.34243000,0.23877656,0.30575508
635.80000000,5.12150000,1.34243000,0.23885114,0.30585055
636.00000000,5.12075000,1.33676000,0.23892556,0.30594564
636.20000000,5.12175000,1.30512000,0.23899894,0.30603847
636.40000000,5.12125000,1.32969000,0.23907213,0.30613305
636.60000000,5.12125000,1.32969000,0.23914600,0.30622762
636.80000000,5.12050000,1.33516000,0.23922003,0.30632259
637.00000000,5.12150000,1.33411000,0.23929417,0.30641750
637.20000000,5.12237000,1.34873000,0.23936870,0.30651344
637.40000000,5.12150000,1.34380000,0.23944349,0.30660903
637.60000000,5.12150000,1.34380000,0.23951815,0.30670460
637.80000000,5.12050000,1.33395000,0.23959253,0.30679948
638.00000000,5.12125000,1.33478000,0.23966666,0.30689443
638.20000000,5.12150000,1.33772000,0.23974089,0.30698958
638.40000000,5.12150000,1.33772000,0.23981521,0.30708473
638.60000000,5.12112000,1.33660000,0.23988950,0.30717980
638.80000000,5.12112000,1.29459000,0.23996259,0.30727189
639.00000000,5.12175000,1.33664000,0.24003568,0.30736696
639.20000000,5.12137000,1.33161000,0.24010980,0.30746168
639.40000000,5.12137000,1.33161000,0.24018377,0.30755639
639.60000000,5.12100000,1.33110000,0.24025774,0.30765108
639.80000000,5.12162000,1.31942000,0.24033136,0.30774494
640.00000000,5.12225000,1.34531000,0.24040538,0.30784063
640.20000000,5.12100000,1.33302000,0.24047978,0.30793544
640.40000000,5.12100000,1.33302000,0.24055384,0.30803026
640.60000000,5.12175000,1.37148000,0.24062896,0.30812783
640.80000000,5.12212000,1.34489000,0.24070442,0.30822349
641.00000000,5.12100000,1.36867000,0.24077980,0.30832083
641.20000000,5.12100000,1.36867000,0.24085583,0.30841817
641.40000000,5.12050000,1.36716000,0.24093183,0.30851542
641.60000000,5.12175000,1.37561000,0.24100802,0.30861329
641.80000000,5.12225000,1.37507000,0.24108442,0.30871111
642.00000000,5.12150000,1.37276000,0.24116075,0.30880876
642.20000000,5.12150000,1.37276000,0.24123702,0.30890640
642.40000000,5.12112000,1.38883000,0.24131373,0.30900520
642.60000000,5.12175000,1.40131000,0.24139123,0.30910488
642.80000000,5.12087000,1.33820000,0.24146733,0.30920006
643.00000000,5.12087000,1.33820000,0.24154167,0.30929523
643.20000000,5.12075000,1.33520000,0.24161593,0.30939022
643.40000000,5.12237000,1.36198000,0.24169086,0.30948712
643.60000000,5.12225000,1.38464000,0.24176715,0.30958563
643.80000000,5.12225000,1.38464000,0.24184408,0.30968413
644.00000000,5.12237000,1.36883000,0.24192056,0.30978150
644.20000000,5.12137000,1.37081000,0.24199666,0.30987901
644.40000000,5.12137000,1.37811000,0.24207302,0.30997703
644.60000000,5.12137000,1.37811000,0.24214958,0.31007507
644.80000000,5.12200000,1.37283000,0.24222600,0.31017272
645.00000000,5.12162000,1.33862000,0.24230132,0.31026795
645.20000000,5.12212000,1.33088000,0.24237547,0.31036259
645.40000000,5.11987000,1.30812000,0.24244877,0.31045561
645.60000000,5.11987000,1.30812000,0.24252145,0.31054864
645.80000000,5.12062000,1.32320000,0.24259454,0.31064276
646.00000000,5.12112000,1.32771000,0.24266818,0.31073718
646.20000000,5.12037000,1.30342000,0.24274126,0.31082987
646.40000000,5.12037000,1.30342000,0.24281367,0.31092258
646.60000000,5.12125000,1.33926000,0.24288708,0.31101785
646.80000000,5.12137000,1.33756000,0.24296144,0.31111298
647.00000000,5.12100000,1.32627000,0.24303543,0.31120732
647.20000000,5.12162000,1.33827000,0.24310945,0.31130252
647.40000000,5.12162000,1.33827000,0.24318380,0.31139769
647.60000000,5.12037000,1.32281000,0.24325772,0.31149180
647.80000000,5.12212000,1.30582000,0.24333073,0.31158465
648.00000000,5.11975000,1.32822000,0.24340390,0.31167910
648.20000000,5.11975000,1.32822000,0.24347769,0.31177358
648.40000000,5.12187000,1.33395000,0.24355164,0.31186847
648.60000000,5.12162000,1.32310000,0.24362545,0.31196258
648.80000000,5.12112000,1.33964000,0.24369941,0.31205787
649.00000000,5.12150000,1.33568000,0.24377373,0.31215288
649.20000000,5.12150000,1.33568000,0.24384793,0.31224788
649.40000000,5.12112000,1.33504000,0.24392212,0.31234285
649.60000000,5.12175000,1.31200000,0.24399565,0.31243618
649.80000000,5.12150000,1.31411000,0.24406859,0.31252965
650.00000000,5.12162000,1.35136000,0.24414264,0.31262578
650.20000000,5.12162000,1.35136000,0.24421771,0.31272193
650.40000000,5.12262000,1.33625000,0.24429237,0.31281698
650.60000000,5.12187000,1.30876000,0.24436584,0.31291009
650.80000000,5.12225000,1.33308000,0.24443922,0.31300493
651.00000000,5.12225000,1.33308000,0.24451328,0.31309975
651.20000000,5.12150000,1.33763000,0.24458747,0.31319492
651.40000000,5.12225000,1.35433000,0.24466225,0.31329125
651.60000000,5.12162000,1.31459000,0.24473638,0.31338477
651.80000000,5.12175000,1.32822000,0.24480979,0.31347925
652.00000000,5.12175000,1.32822000,0.24488358,0.31357373
652.20000000,5.12150000,1.33875000,0.24495767,0.31366896
652.40000000,5.12162000,1.33334000,0.24503189,0.31376382
652.60000000,5.12237000,1.34393000,0.24510626,0.31385943
652.80000000,5.12237000,1.34393000,0.24518092,0.31395504
653.00000000,5.12200000,1.33072000,0.24525522,0.31404968
653.20000000,5.12050000,1.33379000,0.24532923,0.31414455
653.40000000,5.12162000,1.33062000,0.24540324,0.31423920
653.60000000,5.12150000,1.36652000,0.24547817,0.31433641
653.80000000,5.12150000,1.36652000,0.24555408,0.31443361
654.00000000,5.12137000,1.35328000,0.24562963,0.31452987
654.20000000,5.12150000,1.35500000,0.24570486,0.31462626
654.40000000,5.12187000,1.37017000,0.24578056,0.31472373
654.60000000,5.12187000,1.37017000,0.24585668,0.31482118
654.80000000,5.12100000,1.34691000,0.24593216,0.31491701
655.00000000,5.12275000,1.38300000,0.24600799,0.31501538
655.20000000,5.12112000,1.34812000,0.24608385,0.31511128
655.40000000,5.12187000,1.33737000,0.24615845,0.31520642
655.60000000,5.12187000,1.33737000,0.24623275,0.31530156
655.80000000,5.12175000,1.31862000,0.24630653,0.31539536
656.00000000,5.12200000,1.33238000,0.24638016,0.31549014
656.20000000,5.12187000,1.33808000,0.24645434,0.31558533
656.40000000,5.12187000,1.33808000,0.24652868,0.31568050
656.60000000,5.12087000,1.30988000,0.24660224,0.31577367
656.80000000,5.12150000,1.32748000,0.24667550,0.31586810
657.00000000,5.12175000,1.30006000,0.24674848,0.31596057
657.20000000,5.12112000,1.33564000,0.24682170,0.31605557
657.40000000,5.12112000,1.33564000,0.24689590,0.31615058
657.60000000,5.12137000,1.33123000,0.24696998,0.31624529
657.80000000,5.12250000,1.33545000,0.24704405,0.31634026
658.00000000,5.12050000,1.32099000,0.24711784,0.31643421
658.20000000,5.12050000,1.32099000,0.24719123,0.31652817
658.40000000,5.12150000,1.35913000,0.24726568,0.31662485
658.60000000,5.12162000,1.37532000,0.24734164,0.31672267
658.80000000,5.12087000,1.36012000,0.24741762,0.31681941
659.00000000,5.12087000,1.36012000,0.24749318,0.31691612
659.20000000,5.11987000,1.34627000,0.24756836,0.31701189
659.40000000,5.12187000,1.30758000,0.24764208,0.31710491
659.60000000,5.12175000,1.37408000,0.24771657,0.31720264
659.80000000,5.12125000,1.36377000,0.24779262,0.31729965
660.00000000,5.12125000,1.36377000,0.24786839,0.31739666
660.20000000,5.12200000,1.35929000,0.24794403,0.31749335
660.40000000,5.12112000,1.30540000,0.24801805,0.31758619
660.60000000,5.12062000,1.34144000,0.24809157,0.31768159
660.80000000,5.12062000,1.34144000,0.24816609,0.31777703
661.00000000,5.12250000,1.36496000,0.24824127,0.31787412
661.20000000,5.12150000,1.33740000,0.24831634,0.31796924
661.40000000,5.12112000,1.33369000,0.24839053,0.31806411
661.60000000,5.12150000,1.34182000,0.24846485,0.31815956
661.80000000,5.12150000,1.34182000,0.24853940,0.31825501
662.00000000,5.12187000,1.33187000,0.24861367,0.31834976
662.20000000,5.12212000,1.33206000,0.24868767,0.31844451
662.40000000,5.12150000,1.33872000,0.24876185,0.31853974
662.60000000,5.12150000,1.33872000,0.24883623,0.31863497
662.80000000,5.12175000,1.33894000,0.24891061,0.31873020
663.00000000,5.12100000,1.31353000,0.24898429,0.31882364
663.20000000,5.12175000,1.33027000,0.24905773,0.31891827
663.40000000,5.12162000,1.33664000,0.24913181,0.31901335
663.60000000,5.12162000,1.33664000,0.24920606,0.31910840
663.80000000,5.12037000,1.31795000,0.24927980,0.31920214
664.00000000,5.12087000,1.32931000,0.24935334,0.31929670
664.20000000,5.12150000,1.33974000,0.24942748,0.31939199
664.40000000,5.12150000,1.33974000,0.24950191,0.31948728
664.60000000,5.12062000,1.31580000,0.24957567,0.31958088
664.80000000,5.12187000,1.33811000,0.24964939,0.31967605
665.00000000,5.12100000,1.36995000,0.24972462,0.31977351
665.20000000,5.12187000,1.33820000,0.24979984,0.31986870
665.40000000,5.12187000,1.33820000,0.24987419,0.31996389
665.60000000,5.12137000,1.30105000,0.24994750,0.32005642
665.80000000,5.12087000,1.32960000,0.25002057,0.32015100
666.00000000,5.12137000,1.32716000,0.25009437,0.32024541
666.20000000,5.12187000,1.34528000,0.25016861,0.32034111
666.40000000,5.12187000,1.34528000,0.25024334,0.32043678
666.60000000,5.12050000,1.30716000,0.25031702,0.32052976
666.80000000,5.12137000,1.33353000,0.25039038,0.32062460
667.00000000,5.12087000,1.31936000,0.25046407,0.32071844
667.20000000,5.12087000,1.31936000,0.25053737,0.32081226
667.40000000,5.12000000,1.34764000,0.25061145,0.32090810
667.60000000,5.12050000,1.38070000,0.25068724,0.32100632
667.80000000,5.12162000,1.33993000,0.25076281,0.32110163
668.00000000,5.12112000,1.37171000,0.25083813,0.32119920
668.20000000,5.12112000,1.37171000,0.25091434,0.32129676
668.40000000,5.12112000,1.38092000,0.25099080,0.32139499
668.60000000,5.12125000,1.34758000,0.25106659,0.32149085
668.80000000,5.12212000,1.36905000,0.25114205,0.32158825
669.00000000,5.12212000,1.36905000,0.25121811,0.32168562
669.20000000,5.12100000,1.32348000,0.25129290,0.32177975
669.40000000,5.12100000,1.32896000,0.25136658,0.32187429
669.60000000,5.12200000,1.32505000,0.25144031,0.32196856
669.80000000,5.12200000,1.32505000,0.25151392,0.32206281
670.00000000,5.12150000,1.36787000,0.25158872,0.32216012
670.20000000,5.12187000,1.34134000,0.25166398,0.32225554
670.40000000,5.12200000,1.33433000,0.25173830,0.32235046
670.60000000,5.12225000,1.33302000,0.25181240,0.32244530
670.80000000,5.12225000,1.33302000,0.25188645,0.32254010
671.00000000,5.12062000,1.33875000,0.25196067,0.32263534
671.20000000,5.12225000,1.31846000,0.25203448,0.32272913
671.40000000,5.12150000,1.32809000,0.25210800,0.32282360
671.60000000,5.12150000,1.32809000,0.25218178,0.32291804
671.80000000,5.12025000,1.34908000,0.25225614,0.32301402
672.00000000,5.12212000,1.33414000,0.25233068,0.32310892
672.20000000,5.12187000,1.32931000,0.25240466,0.32320349
672.40000000,5.12187000,1.32931000,0.25247851,0.32329804
672.60000000,5.12150000,1.34528000,0.25255281,0.32339373
672.80000000,5.12125000,1.29350000,0.25262611,0.32348575
673.00000000,5.12225000,1.31798000,0.25269865,0.32357949
673.20000000,5.12062000,1.30524000,0.25277152,0.32367232
673.40000000,5.12062000,1.30524000,0.25284403,0.32376514
673.60000000,5.12062000,1.31772000,0.25291689,0.32385887
673.80000000,5.12137000,1.31350000,0.25298998,0.32395229
674.00000000,5.12087000,1.31590000,0.25306302,0.32404589
674.20000000,5.12112000,1.34473000,0.25313692,0.32414154
674.40000000,5.12112000,1.34473000,0.25321163,0.32423720
674.60000000,5.12200000,1.33203000,0.25328599,0.32433195
674.80000000,5.12162000,1.32038000,0.25335966,0.32442589
675.00000000,5.12250000,1.33849000,0.25343352,0.32452112
675.20000000,5.12250000,1.33849000,0.25350788,0.32461633
675.40000000,5.12187000,1.32176000,0.25358178,0.32471035
675.60000000,5.12125000,1.32796000,0.25365538,0.32480480
675.80000000,5.12075000,1.32156000,0.25372898,0.32489879
676.00000000,5.12112000,1.32601000,0.25380252,0.32499311
676.20000000,5.12112000,1.32601000,0.25387619,0.32508743
676.40000000,5.12175000,1.32633000,0.25394987,0.32518179
676.60000000,5.12212000,1.33385000,0.25402376,0.32527665
676.80000000,5.12062000,1.31283000,0.25409728,0.32537002
677.00000000,5.12062000,1.31283000,0.25417021,0.32546341
677.20000000,5.12175000,1.33545000,0.25424378,0.32555840
677.40000000,5.12112000,1.33721000,0.25431802,0.32565352
677.60000000,5.12175000,1.33619000,0.25439228,0.32574857
677.80000000,5.12150000,1.32803000,0.25446628,0.32584303
678.00000000,5.12150000,1.32803000,0.25454006,0.32593750
678.20000000,5.12150000,1.32268000,0.25461369,0.32603158
678.40000000,5.12150000,1.32502000,0.25468724,0.32612582
678.60000000,5.12100000,1.31539000,0.25476059,0.32621938
678.80000000,5.12100000,1.31539000,0.25483366,0.32631294
679.00000000,5.12137000,1.31993000,0.25490687,0.32640683
679.20000000,5.12125000,1.33353000,0.25498057,0.32650166
679.40000000,5.12012000,1.34985000,0.25505511,0.32659770
679.60000000,5.12287000,1.36572000,0.25513054,0.32669488
679.80000000,5.12287000,1.36572000,0.25520642,0.32679203
680.00000000,5.12187000,1.32832000,0.25528125,0.32688651
680.20000000,5.12150000,1.33747000,0.25535530,0.32698166
680.40000000,5.12200000,1.32022000,0.25542913,0.32707556
680.60000000,5.12112000,1.37017000,0.25550386,0.32717302
680.80000000,5.12112000,1.37017000,0.25557998,0.32727049
681.00000000,5.12200000,1.33123000,0.25565502,0.32736518
681.20000000,5.12137000,1.37635000,0.25573023,0.32746311
681.40000000,5.12262000,1.36713000,0.25580644,0.32756037
681.60000000,5.12262000,1.36713000,0.25588239,0.32765761
681.80000000,5.12112000,1.36275000,0.25595822,0.32775453
682.00000000,5.12050000,1.35577000,0.25603373,0.32785098
682.20000000,5.12212000,1.33305000,0.25610842,0.32794581
682.40000000,5.12112000,1.33580000,0.25618256,0.32804082
682.60000000,5.12112000,1.33580000,0.25625677,0.32813584
682.80000000,5.12125000,1.34092000,0.25633112,0.32823123
683.00000000,5.12212000,1.31062000,0.25640478,0.32832448
683.20000000,5.12287000,1.33676000,0.25647831,0.32841960
683.40000000,5.12287000,1.33676000,0.25655258,0.32851469
683.60000000,5.12212000,1.32307000,0.25662646,0.32860878
683.80000000,5.12037000,1.32163000,0.25669993,0.32870279
684.00000000,5.12125000,1.33680000,0.25677377,0.32879787
684.20000000,5.12112000,1.30172000,0.25684706,0.32889046
684.40000000,5.12112000,1.30172000,0.25691938,0.32898307
684.60000000,5.12225000,1.33219000,0.25699255,0.32907784
684.80000000,5.12187000,1.33228000,0.25706656,0.32917261
685.00000000,5.12150000,1.32038000,0.25714024,0.32926653
685.20000000,5.12150000,1.32038000,0.25721360,0.32936045
685.40000000,5.12175000,1.31852000,0.25728690,0.32945424
685.60000000,5.12150000,1.32921000,0.25736045,0.32954879
685.80000000,5.12150000,1.33273000,0.25743439,0.32964359
686.00000000,5.12150000,1.33273000,0.25750843,0.32973840
686.20000000,5.12225000,1.31603000,0.25758201,0.32983200
686.40000000,5.12087000,1.32150000,0.25765527,0.32992599
686.60000000,5.12062000,1.34425000,0.25772932,0.33002159
686.80000000,5.12062000,1.34425000,0.25780400,0.33011722
687.00000000,5.12175000,1.31692000,0.25787793,0.33021088
687.20000000,5.12075000,1.34118000,0.25795176,0.33030630
687.40000000,5.12250000,1.33561000,0.25802612,0.33040130
687.60000000,5.12150000,1.33680000,0.25810035,0.33049639
687.80000000,5.12150000,1.33680000,0.25817462,0.33059146
688.00000000,5.12062000,1.33068000,0.25824871,0.33068611
688.20000000,5.12100000,1.32323000,0.25832243,0.33078023
688.40000000,5.12137000,1.33241000,0.25839620,0.33087500
688.60000000,5.12075000,1.32294000,0.25846996,0.33096909
688.80000000,5.12075000,1.32294000,0.25854346,0.33106320
689.00000000,5.12150000,1.32326000,0.25861696,0.33115733
689.20000000,5.12212000,1.33824000,0.25869089,0.33125252
689.40000000,5.12150000,1.32780000,0.25876495,0.33134697
689.60000000,5.12150000,1.32780000,0.25883872,0.33144143
689.80000000,5.12200000,1.33216000,0.25891260,0.33153618
690.00000000,5.12100000,1.34947000,0.25898709,0.33163219
690.20000000,5.12237000,1.37004000,0.25906264,0.33172964
690.40000000,5.12125000,1.36844000,0.25913871,0.33182697
690.60000000,5.12125000,1.36844000,0.25921473,0.33192432
690.80000000,5.12212000,1.35036000,0.25929025,0.33202038
691.00000000,5.12137000,1.36976000,0.25936581,0.33211782
691.20000000,5.12212000,1.38192000,0.25944225,0.33221613
691.40000000,5.12212000,1.38192000,0.25951902,0.33231443
691.60000000,5.12175000,1.34563000,0.25959479,0.33241016
691.80000000,5.12187000,1.37267000,0.25967029,0.33250779
692.00000000,5.12112000,1.32288000,0.25974517,0.33260188
692.20000000,5.12075000,1.32099000,0.25981861,0.33269583
692.40000000,5.12075000,1.32099000,0.25989200,0.33278979
692.60000000,5.12137000,1.33465000,0.25996577,0.33288473
692.80000000,5.12175000,1.31561000,0.26003939,0.33297828
693.00000000,5.11975000,1.30300000,0.26011212,0.33307093
693.20000000,5.11975000,1.30300000,0.26018451,0.33316362
693.40000000,5.12175000,1.32972000,0.26025764,0.33325820
693.60000000,5.12087000,1.31379000,0.26033108,0.33335165
693.80000000,5.12125000,1.33318000,0.26040460,0.33344647
694.00000000,5.12112000,1.34819000,0.26047908,0.33354237
694.20000000,5.12112000,1.34819000,0.26055398,0.33363824
694.40000000,5.12012000,1.37353000,0.26062959,0.33373593
694.60000000,5.12112000,1.35740000,0.26070545,0.33383249
694.80000000,5.12137000,1.37001000,0.26078121,0.33392993
695.00000000,5.12137000,1.37001000,0.26085732,0.33402740
695.20000000,5.12237000,1.38528000,0.26093386,0.33412593
695.40000000,5.12075000,1.33734000,0.26100948,0.33422105
695.60000000,5.12112000,1.35388000,0.26108424,0.33431734
695.80000000,5.12112000,1.35388000,0.26115946,0.33441363
696.00000000,5.12062000,1.35433000,0.26123468,0.33450996
696.20000000,5.12125000,1.33481000,0.26130938,0.33460490
696.40000000,5.12100000,1.35587000,0.26138412,0.33470134
696.60000000,5.12100000,1.35587000,0.26145945,0.33479777
696.80000000,5.12087000,1.33328000,0.26153415,0.33489260
697.00000000,5.12075000,1.33702000,0.26160832,0.33498770
697.20000000,5.12150000,1.37686000,0.26168371,0.33508565
697.40000000,5.12225000,1.37174000,0.26176006,0.33518324
697.60000000,5.12225000,1.37174000,0.26183627,0.33528081
697.80000000,5.12100000,1.32838000,0.26191127,0.33537530
698.00000000,5.12162000,1.29395000,0.26198411,0.33546732
698.20000000,5.12025000,1.32816000,0.26205695,0.33556177
698.40000000,5.12025000,1.32816000,0.26213073,0.33565626
698.60000000,5.12250000,1.31923000,0.26220427,0.33575009
698.80000000,5.12075000,1.32336000,0.26227768,0.33584422
699.00000000,5.12112000,1.33107000,0.26235141,0.33593890
699.20000000,5.12150000,1.31299000,0.26242486,0.33603229
699.40000000,5.12150000,1.31299000,0.26249780,0.33612568
699.60000000,5.12125000,1.29536000,0.26257026,0.33621781
699.80000000,5.12050000,1.32854000,0.26264314,0.33631230
700.00000000,5.12125000,1.27155000,0.26271537,0.33640275
700.20000000,5.12137000,1.33846000,0.26278787,0.33649795
700.40000000,5.12137000,1.33846000,0.26286223,0.33659315
700.60000000,5.12100000,1.31849000,0.26293603,0.33668694
700.80000000,5.12150000,1.28073000,0.26300823,0.33677803
701.00000000,5.12087000,1.30576000,0.26308008,0.33687090
701.20000000,5.12087000,1.30576000,0.26315262,0.33696378
701.40000000,5.12150000,1.32601000,0.26322573,0.33705808
701.60000000,5.12037000,1.34028000,0.26329979,0.33715341
701.80000000,5.12087000,1.33084000,0.26337399,0.33724807
702.00000000,5.12162000,1.33344000,0.26344799,0.33734293
702.20000000,5.12162000,1.33344000,0.26352207,0.33743775
702.40000000,5.12025000,1.31776000,0.26359572,0.33753148
702.60000000,5.12087000,1.31020000,0.26366872,0.33762467
702.80000000,5.12162000,1.32995000,0.26374206,0.33771928
703.00000000,5.12162000,1.32995000,0.26381594,0.33781387
703.20000000,5.12100000,1.32361000,0.26388965,0.33790802
703.40000000,5.12112000,1.33206000,0.26396342,0.33800277
703.60000000,5.12137000,1.31635000,0.26403699,0.33809641
703.80000000,5.12187000,1.33676000,0.26411068,0.33819150
704.00000000,5.12187000,1.33676000,0.26418495,0.33828657
704.20000000,5.12037000,1.32822000,0.26425898,0.33838104
704.40000000,5.12137000,1.33177000,0.26433287,0.33847578
704.60000000,5.12162000,1.33433000,0.26440692,0.33857069
704.80000000,5.12137000,1.34304000,0.26448129,0.33866622
705.00000000,5.12137000,1.34304000,0.26455591,0.33876175
705.20000000,5.12125000,1.33632000,0.26463033,0.33885680
705.40000000,5.12137000,1.32032000,0.26470413,0.33895073
705.60000000,5.12200000,1.31328000,0.26477729,0.33904415
705.80000000,5.12200000,1.31328000,0.26485025,0.33913757
706.00000000,5.12125000,1.33836000,0.26492390,0.33923277
706.20000000,5.12187000,1.30460000,0.26499732,0.33932560
706.40000000,5.12312000,1.33750000,0.26507071,0.33942074
706.60000000,5.12137000,1.30684000,0.26514416,0.33951369
706.80000000,5.12137000,1.30684000,0.26521677,0.33960667
707.00000000,5.12262000,1.33046000,0.26529002,0.33970130
707.20000000,5.12112000,1.32953000,0.26536391,0.33979588
707.40000000,5.12162000,1.33798000,0.26543801,0.33989105
707.60000000,5.12162000,1.33798000,0.26551234,0.33998622
707.80000000,5.12137000,1.33712000,0.26558665,0.34008134
708.00000000,5.12200000,1.35795000,0.26566151,0.34017794
708.20000000,5.12175000,1.33772000,0.26573639,0.34027310
708.40000000,5.12137000,1.35766000,0.26581127,0.34036967
708.60000000,5.12137000,1.35766000,0.26588669,0.34046626
708.80000000,5.12212000,1.36937000,0.26596244,0.34056367
709.00000000,5.12187000,1.36019000,0.26603826,0.34066041
709.20000000,5.12075000,1.36028000,0.26611383,0.34075715
709.40000000,5.12075000,1.36028000,0.26618940,0.34085390
709.60000000,5.12100000,1.33955000,0.26626440,0.34094919
709.80000000,5.12175000,1.36627000,0.26633956,0.34104638
710.00000000,5.12137000,1.38880000,0.26641609,0.34114516
710.20000000,5.12137000,1.36268000,0.26649252,0.34124209
710.40000000,5.12137000,1.36268000,0.26656822,0.34133901
710.60000000,5.12100000,1.36832000,0.26664408,0.34143635
710.80000000,5.12187000,1.36995000,0.26672015,0.34153380
711.00000000,5.12112000,1.34025000,0.26679543,0.34162913
711.20000000,5.12112000,1.34025000,0.26686989,0.34172447
711.40000000,5.12175000,1.31539000,0.26694366,0.34181804
711.60000000,5.12162000,1.33929000,0.26701740,0.34191330
711.80000000,5.12125000,1.33388000,0.26709165,0.34200818
712.00000000,5.12125000,1.33388000,0.26716576,0.34210306
712.20000000,5.12137000,1.34220000,0.26724009,0.34219854
712.40000000,5.12187000,1.34928000,0.26731486,0.34229452
712.60000000,5.12200000,1.34521000,0.26738970,0.34239022
712.80000000,5.12200000,1.34521000,0.26746444,0.34248591
713.00000000,5.12175000,1.32665000,0.26753866,0.34258027
713.20000000,5.12125000,1.35270000,0.26761308,0.34267649
713.40000000,5.12125000,1.33670000,0.26768779,0.34277156
713.60000000,5.12112000,1.35984000,0.26776269,0.34286828
713.80000000,5.12112000,1.35984000,0.26783824,0.34296502
714.00000000,5.12187000,1.36716000,0.26791399,0.34306229
714.20000000,5.12275000,1.37142000,0.26799006,0.34315984
714.40000000,5.12150000,1.36099000,0.26806596,0.34325666
714.60000000,5.12175000,1.34409000,0.26814110,0.34335227
714.80000000,5.12175000,1.34409000,0.26821577,0.34344789
715.00000000,5.12212000,1.38108000,0.26829147,0.34354613
715.20000000,5.12175000,1.34800000,0.26836728,0.34364204
715.40000000,5.12250000,1.34713000,0.26844214,0.34373788
715.60000000,5.12250000,1.34713000,0.26851699,0.34383371
715.80000000,5.12175000,1.34675000,0.26859182,0.34392951
716.00000000,5.12162000,1.31411000,0.26866573,0.34402298
716.20000000,5.12150000,1.33200000,0.26873923,0.34411774
716.40000000,5.12212000,1.31280000,0.26881270,0.34421114
716.60000000,5.12212000,1.31280000,0.26888563,0.34430452
716.80000000,5.12137000,1.30921000,0.26895846,0.34439766
717.00000000,5.12262000,1.33852000,0.26903201,0.34449289
717.20000000,5.12225000,1.32073000,0.26910588,0.34458685
717.40000000,5.12225000,1.32073000,0.26917925,0.34468079
717.60000000,5.12112000,1.31190000,0.26925238,0.34477410
717.80000000,5.12137000,1.32224000,0.26932555,0.34486815
718.00000000,5.12112000,1.36416000,0.26940018,0.34496521
718.20000000,5.12287000,1.37584000,0.26947629,0.34506310
718.40000000,5.12287000,1.37584000,0.26955272,0.34516098
718.60000000,5.12187000,1.37609000,0.26962917,0.34525887
718.80000000,5.12212000,1.36121000,0.26970520,0.34535571
719.00000000,5.12212000,1.37398000,0.26978118,0.34545346
719.20000000,5.12212000,1.37398000,0.26985751,0.34555119
719.40000000,5.12175000,1.36246000,0.26993352,0.34564811
719.60000000,5.12175000,1.37689000,0.27000962,0.34574608
719.80000000,5.12275000,1.38988000,0.27008647,0.34584495
720.00000000,5.12175000,1.36665000,0.27016304,0.34594217
720.20000000,5.12175000,1.36665000,0.27023897,0.34603938
720.40000000,5.12150000,1.36582000,0.27031487,0.34613653
720.60000000,5.12150000,1.36777000,0.27039080,0.34623383
720.80000000,5.12175000,1.36620000,0.27046674,0.34633101
721.00000000,5.12137000,1.35907000,0.27054245,0.34642768
721.20000000,5.12137000,1.35907000,0.27061795,0.34652438
721.40000000,5.12250000,1.36649000,0.27069366,0.34662157
721.60000000,5.12112000,1.36358000,0.27076950,0.34671856
721.80000000,5.12162000,1.35075000,0.27084489,0.34681464
722.00000000,5.12162000,1.35075000,0.27091994,0.34691072
722.20000000,5.12162000,1.36451000,0.27099536,0.34700780
722.40000000,5.12237000,1.35446000,0.27107089,0.34710413
722.60000000,5.12087000,1.35840000,0.27114624,0.34720075
722.80000000,5.12075000,1.34406000,0.27122131,0.34729634
723.00000000,5.12075000,1.34406000,0.27129598,0.34739195
723.20000000,5.12150000,1.34150000,0.27137058,0.34748739
723.40000000,5.12250000,1.36972000,0.27144589,0.34758484
723.60000000,5.12087000,1.36518000,0.27152186,0.34768193
723.80000000,5.12087000,1.36518000,0.27159771,0.34777905
724.00000000,5.12175000,1.34348000,0.27167295,0.34787462
724.20000000,5.12225000,1.37824000,0.27174855,0.34797267
724.40000000,5.12187000,1.37004000,0.27182489,0.34807013
724.60000000,5.12187000,1.37004000,0.27190100,0.34816758
724.80000000,5.12162000,1.36320000,0.27197693,0.34826455
725.00000000,5.12150000,1.38067000,0.27205315,0.34836276
725.20000000,5.12162000,1.39382000,0.27213021,0.34846191
725.40000000,5.12162000,1.39382000,0.27220765,0.34856107
725.60000000,5.12212000,1.36348000,0.27228424,0.34865805
725.80000000,5.12137000,1.33600000,0.27235923,0.34875309
726.00000000,5.12175000,1.33219000,0.27243334,0.34884786
726.20000000,5.12175000,1.34032000,0.27250758,0.34894320
726.40000000,5.12175000,1.34032000,0.27258204,0.34903855
726.60000000,5.12212000,1.31852000,0.27265590,0.34913234
726.80000000,5.12175000,1.33894000,0.27272972,0.34922759
727.00000000,5.12150000,1.36278000,0.27280476,0.34932452
727.20000000,5.12150000,1.36278000,0.27288047,0.34942147
727.40000000,5.12187000,1.37392000,0.27295649,0.34951920
727.60000000,5.12175000,1.35488000,0.27303229,0.34961559
727.80000000,5.12237000,1.36832000,0.27310794,0.34971292
728.00000000,5.12150000,1.36099000,0.27318375,0.34980973
728.20000000,5.12150000,1.36099000,0.27325936,0.34990654
728.40000000,5.12137000,1.36550000,0.27333510,0.35000368
728.60000000,5.12175000,1.35388000,0.27341064,0.35009999
728.80000000,5.12175000,1.37516000,0.27348644,0.35019781
729.00000000,5.12175000,1.37516000,0.27356284,0.35029564
729.20000000,5.12212000,1.37820000,0.27363932,0.35039369
729.40000000,5.12237000,1.37200000,0.27371572,0.35049130
729.60000000,5.12225000,1.38678000,0.27379235,0.35058995
729.80000000,5.12175000,1.38051000,0.27386922,0.35068815
730.00000000,5.12175000,1.38051000,0.27394592,0.35078634
730.20000000,5.12137000,1.36668000,0.27402223,0.35088355
730.40000000,5.12112000,1.36732000,0.27409817,0.35098082
730.60000000,5.12200000,1.36883000,0.27417417,0.35107820
730.80000000,5.12187000,1.37459000,0.27425038,0.35117598
731.00000000,5.12187000,1.37459000,0.27432675,0.35127375
731.20000000,5.12112000,1.37014000,0.27440299,0.35137121
731.40000000,5.12137000,1.37315000,0.27447919,0.35146890
731.60000000,5.12212000,1.37680000,0.27455558,0.35156684
731.80000000,5.12212000,1.37680000,0.27463207,0.35166479
732.00000000,5.12200000,1.35052000,0.27470783,0.35176086
732.20000000,5.12175000,1.37398000,0.27478351,0.35185861
732.40000000,5.12237000,1.38288000,0.27486009,0.35195697
732.60000000,5.12150000,1.35353000,0.27493610,0.35205325
732.80000000,5.12150000,1.35353000,0.27501129,0.35214953
733.00000000,5.12150000,1.35548000,0.27508654,0.35224594
733.20000000,5.12112000,1.31174000,0.27516063,0.35233925
733.40000000,5.12175000,1.36620000,0.27523502,0.35243644
733.60000000,5.12175000,1.36620000,0.27531092,0.35253360
733.80000000,5.12062000,1.33296000,0.27538590,0.35262842
734.00000000,5.12150000,1.32227000,0.27545965,0.35272250
734.20000000,5.12312000,1.36992000,0.27553444,0.35281998
734.40000000,5.12212000,1.36044000,0.27561028,0.35291676
734.60000000,5.12212000,1.36044000,0.27568586,0.35301353
734.80000000,5.12137000,1.36979000,0.27576170,0.35311099
735.00000000,5.12287000,1.35500000,0.27583739,0.35320734
735.20000000,5.11962000,1.37660000,0.27591327,0.35330523
735.40000000,5.11962000,1.37660000,0.27598974,0.35340315
735.60000000,5.12175000,1.33289000,0.27606501,0.35349795
735.80000000,5.12075000,1.33753000,0.27613919,0.35359309
736.00000000,5.12137000,1.34892000,0.27621381,0.35368903
736.20000000,5.12137000,1.34892000,0.27628875,0.35378496
736.40000000,5.12012000,1.35312000,0.27636381,0.35388121
736.60000000,5.12137000,1.36819000,0.27643940,0.35397853
736.80000000,5.12162000,1.37852000,0.27651570,0.35407659
737.00000000,5.12175000,1.37788000,0.27659226,0.35417461
737.20000000,5.12175000,1.37788000,0.27666881,0.35427260
737.40000000,5.12075000,1.37907000,0.27674539,0.35437072
737.60000000,5.12237000,1.36323000,0.27682157,0.35446770
737.80000000,5.12225000,1.36819000,0.27689744,0.35456504
738.00000000,5.12225000,1.36819000,0.27697345,0.35466235
738.20000000,5.12125000,1.37027000,0.27704952,0.35475984
738.40000000,5.12225000,1.37168000,0.27712569,0.35485742
738.60000000,5.12225000,1.37817000,0.27720207,0.35495547
738.80000000,5.12225000,1.37817000,0.27727864,0.35505349
739.00000000,5.12087000,1.37955000,0.27735524,0.35515162
739.20000000,5.12162000,1.37488000,0.27743175,0.35524942
739.40000000,5.12175000,1.36534000,0.27750787,0.35534655
739.60000000,5.12162000,1.37452000,0.27758398,0.35544432
739.80000000,5.12162000,1.37452000,0.27766034,0.35554208
740.00000000,5.12100000,1.37936000,0.27773683,0.35564019
740.20000000,5.12087000,1.33219000,0.27781216,0.35573496
740.40000000,5.12187000,1.37910000,0.27788747,0.35583303
740.60000000,5.12025000,1.36473000,0.27796369,0.35593008
740.80000000,5.12025000,1.36473000,0.27803950,0.35602718
741.00000000,5.12250000,1.40896000,0.27811655,0.35612740
741.20000000,5.12150000,1.37043000,0.27819376,0.35622488
741.40000000,5.12150000,1.36816000,0.27826983,0.35632220
741.60000000,5.12150000,1.36816000,0.27834584,0.35641952
741.80000000,5.12137000,1.37411000,0.27842201,0.35651727
742.00000000,5.12200000,1.33523000,0.27849727,0.35661224
742.20000000,5.12125000,1.32729000,0.27857123,0.35670666
742.40000000,5.12175000,1.36956000,0.27864614,0.35680408
742.60000000,5.12175000,1.36956000,0.27872223,0.35690151
742.80000000,5.12200000,1.34867000,0.27879774,0.35699747
743.00000000,5.12275000,1.37462000,0.27887338,0.35709525
743.20000000,5.12162000,1.35219000,0.27894913,0.35719144
743.40000000,5.12162000,1.35219000,0.27902425,0.35728762
743.60000000,5.12162000,1.37020000,0.27909987,0.35738508
743.80000000,5.12112000,1.36016000,0.27917571,0.35748182
744.00000000,5.12100000,1.36540000,0.27925142,0.35757895
744.20000000,5.12150000,1.34832000,0.27932681,0.35767486
744.40000000,5.12150000,1.34832000,0.27940171,0.35777077
744.60000000,5.12175000,1.35564000,0.27947682,0.35786719
744.80000000,5.12125000,1.32467000,0.27955128,0.35796142
745.00000000,5.12162000,1.34147000,0.27962533,0.35805685
745.20000000,5.12112000,1.33100000,0.27969957,0.35815152
745.40000000,5.12112000,1.33100000,0.27977351,0.35824619
745.60000000,5.12125000,1.33776000,0.27984765,0.35834135
745.80000000,5.12200000,1.35801000,0.27992253,0.35843797
746.00000000,5.12225000,1.34595000,0.27999764,0.35853372
746.20000000,5.12225000,1.34595000,0.28007241,0.35862947
746.40000000,5.12200000,1.33641000,0.28014692,0.35872453
746.60000000,5.12150000,1.34003000,0.28022127,0.35881983
746.80000000,5.12037000,1.32057000,0.28029518,0.35891376
747.00000000,5.12150000,1.32201000,0.28036858,0.35900780
747.20000000,5.12150000,1.32201000,0.28044203,0.35910184
747.40000000,5.12150000,1.36080000,0.28051655,0.35919863
747.60000000,5.12137000,1.32153000,0.28059106,0.35929262
747.80000000,5.12087000,1.32665000,0.28066462,0.35938698
748.00000000,5.12087000,1.32665000,0.28073832,0.35948133
748.20000000,5.12087000,1.30636000,0.28081146,0.35957424
748.40000000,5.12062000,1.34729000,0.28088517,0.35967007
748.60000000,5.12087000,1.34848000,0.28096005,0.35976598
748.80000000,5.12112000,1.36278000,0.28103537,0.35986291
749.00000000,5.12112000,1.36278000,0.28111108,0.35995985
749.20000000,5.12175000,1.38768000,0.28118748,0.36005856
749.40000000,5.12137000,1.37139000,0.28126412,0.36015613
749.60000000,5.12250000,1.38380000,0.28134065,0.36025458
749.80000000,5.12250000,1.38380000,0.28141753,0.36035302
750.00000000,5.12212000,1.34905000,0.28149344,0.36044897
750.20000000,5.12087000,1.36867000,0.28156894,0.36054633
750.40000000,5.12150000,1.37504000,0.28164515,0.36064413
750.60000000,5.12112000,1.37481000,0.28172153,0.36074191
750.80000000,5.12112000,1.37481000,0.28179791,0.36083971
751.00000000,5.12175000,1.38550000,0.28187459,0.36093827
751.20000000,5.12175000,1.36048000,0.28195086,0.36103505
751.40000000,5.12187000,1.37763000,0.28202692,0.36113305
751.60000000,5.12187000,1.37763000,0.28210346,0.36123104
751.80000000,5.12125000,1.34003000,0.28217895,0.36132636
752.00000000,5.12162000,1.35587000,0.28225384,0.36142280
752.20000000,5.12125000,1.37644000,0.28232973,0.36152071
752.40000000,5.12037000,1.38336000,0.28240639,0.36161908
752.60000000,5.12037000,1.38336000,0.28248325,0.36171750
752.80000000,5.12212000,1.37216000,0.28255979,0.36181510
753.00000000,5.12137000,1.36400000,0.28263579,0.36191213
753.20000000,5.12200000,1.34412000,0.28271102,0.36200775
753.40000000,5.12200000,1.34412000,0.28278569,0.36210334
753.60000000,5.12012000,1.32169000,0.28285974,0.36219735
753.80000000,5.12137000,1.33478000,0.28293353,0.36229230
754.00000000,5.12187000,1.33241000,0.28300762,0.36238708
754.20000000,5.12087000,1.34243000,0.28308192,0.36248256
754.40000000,5.12087000,1.34243000,0.28315650,0.36257806
754.60000000,5.12212000,1.33891000,0.28323098,0.36267330
754.80000000,5.12125000,1.33187000,0.28330517,0.36276805
755.00000000,5.12225000,1.34297000,0.28337947,0.36286359
755.20000000,5.12225000,1.34297000,0.28345408,0.36295913
755.40000000,5.12175000,1.33961000,0.28352860,0.36305443
755.60000000,5.12225000,1.31788000,0.28360242,0.36314817
755.80000000,5.12150000,1.33251000,0.28367604,0.36324296
756.00000000,5.12150000,1.33251000,0.28375007,0.36333774
756.20000000,5.12175000,1.34412000,0.28382442,0.36343337
756.40000000,5.12212000,1.30979000,0.28389814,0.36352653
756.60000000,5.12125000,1.33043000,0.28397148,0.36362117
756.80000000,5.12175000,1.37267000,0.28404657,0.36371882
757.00000000,5.12175000,1.37267000,0.28412282,0.36381646
757.20000000,5.12187000,1.32796000,0.28419784,0.36391091
757.40000000,5.12087000,1.33328000,0.28427177,0.36400574
757.60000000,5.12100000,1.32547000,0.28434562,0.36410002
757.80000000,5.12100000,1.32547000,0.28441926,0.36419429
758.00000000,5.12087000,1.32438000,0.28449286,0.36428848
758.20000000,5.12087000,1.32768000,0.28456653,0.36438292
758.40000000,5.12162000,1.32950000,0.28464034,0.36447748
758.60000000,5.12075000,1.32716000,0.28471414,0.36457187
758.80000000,5.12075000,1.32716000,0.28478787,0.36466628
759.00000000,5.12187000,1.34803000,0.28486218,0.36476218
759.20000000,5.12200000,1.35321000,0.28493722,0.36485842
759.40000000,5.12087000,1.36160000,0.28501263,0.36495526
759.60000000,5.12212000,1.37728000,0.28508871,0.36505324
759.80000000,5.12212000,1.37728000,0.28516522,0.36515122
760.00000000,5.12187000,1.38233000,0.28524188,0.36524954
760.20000000,5.12112000,1.36966000,0.28531832,0.36534695
760.40000000,5.12062000,1.35488000,0.28539400,0.36544331
760.60000000,5.12062000,1.35488000,0.28546927,0.36553967
760.80000000,5.12050000,1.36067000,0.28554471,0.36563644
761.00000000,5.12062000,1.32198000,0.28561922,0.36573046
761.20000000,5.12112000,1.29734000,0.28569198,0.36582273
761.40000000,5.12075000,1.32486000,0.28576482,0.36591696
761.60000000,5.12075000,1.32486000,0.28583843,0.36601119
761.80000000,5.12125000,1.31798000,0.28591184,0.36610491
762.00000000,5.11987000,1.33001000,0.28598539,0.36619952
762.20000000,5.12162000,1.33641000,0.28605946,0.36629459
762.40000000,5.12162000,1.33641000,0.28613371,0.36638967
762.60000000,5.12250000,1.34774000,0.28620827,0.36648554
762.80000000,5.12200000,1.37948000,0.28628402,0.36658369
763.00000000,5.12250000,1.35334000,0.28635993,0.36667996
763.20000000,5.12212000,1.36998000,0.28643558,0.36677743
763.40000000,5.12212000,1.36998000,0.28651169,0.36687487
763.60000000,5.12137000,1.35427000,0.28658736,0.36697122
763.80000000,5.12225000,1.37804000,0.28666326,0.36706925
764.00000000,5.12212000,1.37974000,0.28673987,0.36716741
764.20000000,5.12212000,1.37974000,0.28681652,0.36726555
764.40000000,5.12137000,1.36563000,0.28689278,0.36736270
764.60000000,5.12212000,1.36112000,0.28696852,0.36745953
764.80000000,5.12175000,1.37372000,0.28704449,0.36755728
765.00000000,5.12375000,1.38060000,0.28712100,0.36765553
765.20000000,5.12375000,1.38060000,0.28719770,0.36775374
765.40000000,5.12162000,1.37062000,0.28727412,0.36785125
765.60000000,5.12225000,1.34508000,0.28734956,0.36794694
765.80000000,5.12212000,1.33590000,0.28742403,0.36804197
766.00000000,5.12212000,1.33590000,0.28749825,0.36813697
766.20000000,5.11987000,1.33606000,0.28757247,0.36823199
766.40000000,5.12050000,1.32252000,0.28764632,0.36832604
766.60000000,5.12062000,1.32979000,0.28771999,0.36842062
766.80000000,5.12225000,1.34668000,0.28779434,0.36851642
767.00000000,5.12225000,1.34668000,0.28786915,0.36861220
767.20000000,5.12050000,1.34131000,0.28794382,0.36870761
767.40000000,5.12150000,1.37667000,0.28801932,0.36880554
767.60000000,5.12200000,1.36179000,0.28809539,0.36890242
767.80000000,5.12200000,1.36179000,0.28817104,0.36899926
768.00000000,5.12037000,1.34371000,0.28824620,0.36909483
768.20000000,5.12062000,1.32192000,0.28832024,0.36918885
768.40000000,5.12075000,1.33036000,0.28839392,0.36928346
768.60000000,5.12075000,1.33036000,0.28846782,0.36937808
768.80000000,5.12050000,1.32864000,0.28854169,0.36947259
769.00000000,5.12175000,1.33462000,0.28861567,0.36956752
769.20000000,5.12150000,1.34163000,0.28869001,0.36966297
769.40000000,5.12237000,1.31289000,0.28876374,0.36975638
769.60000000,5.12237000,1.31289000,0.28883668,0.36984973
769.80000000,5.11987000,1.32137000,0.28890985,0.36994374
770.00000000,5.12225000,1.34268000,0.28898386,0.37003924
770.20000000,5.12087000,1.33193000,0.28905815,0.37013397
770.40000000,5.12087000,1.33193000,0.28913215,0.37022867
770.60000000,5.11950000,1.29699000,0.28920517,0.37032091
770.80000000,5.12012000,1.31952000,0.28927785,0.37041474
771.00000000,5.11987000,1.32540000,0.28935132,0.37050902
771.20000000,5.12162000,1.33024000,0.28942509,0.37060364
771.40000000,5.12162000,1.33024000,0.28949899,0.37069826
771.60000000,5.12112000,1.34160000,0.28957321,0.37079368
771.80000000,5.12100000,1.33161000,0.28964747,0.37088839
772.00000000,5.12112000,1.31529000,0.28972099,0.37098194
772.20000000,5.12112000,1.31529000,0.28979406,0.37107550
772.40000000,5.12162000,1.34300000,0.28986790,0.37117103
772.60000000,5.12150000,1.33049000,0.28994217,0.37126567
772.80000000,5.12112000,1.35696000,0.29001682,0.37136217
773.00000000,5.12037000,1.32265000,0.29009125,0.37145623
773.20000000,5.12037000,1.32265000,0.29016473,0.37155032
773.40000000,5.12175000,1.29628000,0.29023748,0.37164252
773.60000000,5.12137000,1.32672000,0.29031034,0.37173689
773.80000000,5.12125000,1.33673000,0.29038433,0.37183197
774.00000000,5.12162000,1.33449000,0.29045853,0.37192690
774.20000000,5.12162000,1.33449000,0.29053267,0.37202182
774.40000000,5.12150000,1.32780000,0.29060662,0.37211627
774.60000000,5.12150000,1.34761000,0.29068094,0.37221215
774.80000000,5.12262000,1.35033000,0.29075588,0.37230822
775.00000000,5.12262000,1.35033000,0.29083090,0.37240427
775.20000000,5.12112000,1.32198000,0.29090513,0.37249829
775.40000000,5.12075000,1.31120000,0.29097827,0.37259155
775.60000000,5.12087000,1.32880000,0.29105161,0.37268606
775.80000000,5.12137000,1.32124000,0.29112522,0.37278004
776.00000000,5.12137000,1.32124000,0.29119862,0.37287403
776.20000000,5.12162000,1.33081000,0.29127229,0.37296869
776.40000000,5.12162000,1.34684000,0.29134667,0.37306450
776.60000000,5.12162000,1.33475000,0.29142116,0.37315944
776.80000000,5.12162000,1.33475000,0.29149531,0.37325439
777.00000000,5.12137000,1.31113000,0.29156881,0.37334765
777.20000000,5.12175000,1.33564000,0.29164233,0.37344269
777.40000000,5.12300000,1.33196000,0.29171643,0.37353743
777.60000000,5.12125000,1.33980000,0.29179064,0.37363273
777.80000000,5.12125000,1.33980000,0.29186508,0.37372803
778.00000000,5.12162000,1.34313000,0.29193960,0.37382357
778.20000000,5.12162000,1.33302000,0.29201394,0.37391839
778.40000000,5.12112000,1.33932000,0.29208817,0.37401365
778.60000000,5.12112000,1.33932000,0.29216258,0.37410891
778.80000000,5.12125000,1.31958000,0.29223644,0.37420277
779.00000000,5.12137000,1.32220000,0.29230982,0.37429684
779.20000000,5.12237000,1.33648000,0.29238367,0.37439191
779.40000000,5.12150000,1.32953000,0.29245773,0.37448648
779.60000000,5.12150000,1.32953000,0.29253159,0.37458106
779.80000000,5.12200000,1.34489000,0.29260588,0.37467672
780.00000000,5.12125000,1.33379000,0.29268029,0.37477159
780.20000000,5.12112000,1.35580000,0.29275500,0.37486802
780.40000000,5.12212000,1.37632000,0.29283089,0.37496593
780.60000000,5.12212000,1.37632000,0.29290735,0.37506383
780.80000000,5.12150000,1.35740000,0.29298329,0.37516040
781.00000000,5.12200000,1.37360000,0.29305915,0.37525811
781.20000000,5.12162000,1.34505000,0.29313467,0.37535379
781.40000000,5.12162000,1.34505000,0.29320939,0.37544945
781.60000000,5.12062000,1.36816000,0.29328476,0.37554679
781.80000000,5.12225000,1.38041000,0.29336111,0.37564499
782.00000000,5.12237000,1.35315000,0.29343704,0.37574126
782.20000000,5.12237000,1.35315000,0.29351222,0.37583752
782.40000000,5.12187000,1.33772000,0.29358696,0.37593268
782.60000000,5.12175000,1.33808000,0.29366129,0.37602785
782.80000000,5.12112000,1.32540000,0.29373528,0.37612212
783.00000000,5.12112000,1.32540000,0.29380891,0.37621639
783.20000000,5.12062000,1.33200000,0.29388273,0.37631114
783.40000000,5.12200000,1.33616000,0.29395684,0.37640619
783.60000000,5.12187000,1.33878000,0.29403114,0.37650141
783.80000000,5.12075000,1.32848000,0.29410524,0.37659589
784.00000000,5.12075000,1.32848000,0.29417904,0.37669040
784.20000000,5.12212000,1.32604000,0.29425278,0.37678473
784.40000000,5.12162000,1.31974000,0.29432627,0.37687862
784.60000000,5.12237000,1.34528000,0.29440030,0.37697433
784.80000000,5.12237000,1.34528000,0.29447504,0.37707003
785.00000000,5.12200000,1.34412000,0.29454974,0.37716565
785.20000000,5.12225000,1.33488000,0.29462416,0.37726063
785.40000000,5.12300000,1.37232000,0.29469936,0.37735827
785.60000000,5.12275000,1.33980000,0.29477470,0.37745360
785.80000000,5.12275000,1.33980000,0.29484913,0.37754892
786.00000000,5.12225000,1.33676000,0.29492348,0.37764400
786.20000000,5.12125000,1.33939000,0.29499782,0.37773929
786.40000000,5.12225000,1.33939000,0.29507223,0.37783457
786.60000000,5.12225000,1.33939000,0.29514664,0.37792984
786.80000000,5.12125000,1.30764000,0.29522016,0.37802287
787.00000000,5.12225000,1.33740000,0.29529364,0.37811800
787.20000000,5.12162000,1.29235000,0.29536669,0.37820994
787.40000000,5.12175000,1.33462000,0.29543966,0.37830488
787.60000000,5.12175000,1.33462000,0.29551380,0.37839983
787.80000000,5.12250000,1.33644000,0.29558800,0.37849489
788.00000000,5.12150000,1.31657000,0.29566169,0.37858856
788.20000000,5.12275000,1.35440000,0.29573589,0.37868492
788.40000000,5.12237000,1.37849000,0.29581180,0.37878299
788.60000000,5.12237000,1.37849000,0.29588838,0.37888104
788.80000000,5.12125000,1.34732000,0.29596410,0.37897690
789.00000000,5.12250000,1.35878000,0.29603927,0.37907355
789.20000000,5.12162000,1.39756000,0.29611584,0.37917297
789.40000000,5.12162000,1.39756000,0.29619348,0.37927241
789.60000000,5.12312000,1.35337000,0.29626989,0.37936868
789.80000000,5.12175000,1.38774000,0.29634603,0.37946740
790.00000000,5.12175000,1.34774000,0.29642202,0.37956329
790.20000000,5.12287000,1.33734000,0.29649661,0.37965845
790.40000000,5.12287000,1.33734000,0.29657090,0.37975358
790.60000000,5.12187000,1.32432000,0.29664484,0.37984779
790.80000000,5.12212000,1.33228000,0.29671863,0.37994258
791.00000000,5.12262000,1.31366000,0.29679213,0.38003605
791.20000000,5.12262000,1.31366000,0.29686511,0.38012950
791.40000000,5.12200000,1.29273000,0.29693751,0.38022145
791.60000000,5.12150000,1.32960000,0.29701035,0.38031604
791.80000000,5.12225000,1.33484000,0.29708437,0.38041099
792.00000000,5.12112000,1.28780000,0.29715722,0.38050258
792.20000000,5.12112000,1.28780000,0.29722876,0.38059419
792.40000000,5.12175000,1.31932000,0.29730118,0.38068804
792.60000000,5.12150000,1.34745000,0.29737526,0.38078390
792.80000000,5.12237000,1.33360000,0.29744973,0.38087878
793.00000000,5.12237000,1.33360000,0.29752382,0.38097365
793.20000000,5.12225000,1.33824000,0.29759804,0.38106884
793.40000000,5.12125000,1.35360000,0.29767281,0.38116514
793.60000000,5.12250000,1.35689000,0.29774810,0.38126167
793.80000000,5.12212000,1.38112000,0.29782416,0.38135993
794.00000000,5.12212000,1.38112000,0.29790089,0.38145819
794.20000000,5.12237000,1.36716000,0.29797723,0.38155543
794.40000000,5.12150000,1.35846000,0.29805294,0.38165207
794.60000000,5.12175000,1.36048000,0.29812847,0.38174886
794.80000000,5.12237000,1.34620000,0.29820365,0.38184463
795.00000000,5.12237000,1.34620000,0.29827844,0.38194038
795.20000000,5.12075000,1.32473000,0.29835263,0.38203462
795.40000000,5.12200000,1.33302000,0.29842646,0.38212944
795.60000000,5.12187000,1.32800000,0.29850038,0.38222391
795.80000000,5.12187000,1.32800000,0.29857416,0.38231837
796.00000000,5.12112000,1.34137000,0.29864830,0.38241380
796.20000000,5.12237000,1.33507000,0.29872265,0.38250878
796.40000000,5.12212000,1.34131000,0.29879699,0.38260420
796.60000000,5.12200000,1.33049000,0.29887121,0.38269885
796.80000000,5.12200000,1.33049000,0.29894513,0.38279348
797.00000000,5.12112000,1.32243000,0.29901882,0.38288756
797.20000000,5.12225000,1.34761000,0.29909299,0.38298342
797.40000000,5.12150000,1.32256000,0.29916716,0.38307750
797.60000000,5.12150000,1.32256000,0.29924063,0.38317157
797.80000000,5.12125000,1.33184000,0.29931437,0.38326633
798.00000000,5.12275000,1.35478000,0.29938900,0.38336270
798.20000000,5.12162000,1.35004000,0.29946413,0.38345873
798.40000000,5.12162000,1.35004000,0.29953913,0.38355476
798.60000000,5.12150000,1.38185000,0.29961502,0.38365307
798.80000000,5.12237000,1.36076000,0.29969120,0.38374989
799.00000000,5.12287000,1.35884000,0.29976675,0.38384658
799.20000000,5.12187000,1.33846000,0.29984167,0.38394179
799.40000000,5.12187000,1.33846000,0.29991603,0.38403703
799.60000000,5.12337000,1.36992000,0.29999126,0.38413449
799.80000000,5.12212000,1.36553000,0.30006725,0.38423163
800.00000000,5.12187000,1.30643000,0.30014147,0.38432456
800.20000000,5.12187000,1.30643000,0.30021405,0.38441752
800.40000000,5.12275000,1.35369000,0.30028794,0.38451383
800.60000000,5.12275000,1.32729000,0.30036241,0.38460827
800.80000000,5.12300000,1.34313000,0.30043659,0.38470384
801.00000000,5.12300000,1.34313000,0.30051121,0.38479937
801.20000000,5.12137000,1.29641000,0.30058453,0.38489160
801.40000000,5.12175000,1.30960000,0.30065692,0.38498477
801.60000000,5.12262000,1.32937000,0.30073022,0.38507934
801.80000000,5.12200000,1.35283000,0.30080473,0.38517558
802.00000000,5.12200000,1.35283000,0.30087989,0.38527180
802.20000000,5.12125000,1.35075000,0.30095498,0.38536789
802.40000000,5.12200000,1.36732000,0.30103049,0.38546516
802.60000000,5.12175000,1.35724000,0.30110617,0.38556171
802.80000000,5.12212000,1.35932000,0.30118163,0.38565842
803.00000000,5.12212000,1.35932000,0.30125715,0.38575514
803.20000000,5.12312000,1.35792000,0.30133263,0.38585176
803.40000000,5.12300000,1.38236000,0.30140874,0.38595010
803.60000000,5.12212000,1.38201000,0.30148553,0.38604842
803.80000000,5.12212000,1.38201000,0.30156231,0.38614675
804.00000000,5.12300000,1.37520000,0.30163890,0.38624459
804.20000000,5.12237000,1.34329000,0.30171441,0.38634015
804.40000000,5.12212000,1.38256000,0.30179013,0.38643852
804.60000000,5.12300000,1.34896000,0.30186601,0.38653451
804.80000000,5.12300000,1.34896000,0.30194095,0.38663047
805.00000000,5.12212000,1.33955000,0.30201563,0.38672578
805.20000000,5.12250000,1.34297000,0.30209014,0.38682131
805.40000000,5.12187000,1.34204000,0.30216473,0.38691678
805.60000000,5.12187000,1.34204000,0.30223929,0.38701225
805.80000000,5.12200000,1.31734000,0.30231316,0.38710597
806.00000000,5.12237000,1.37369000,0.30238791,0.38720369
806.20000000,5.12175000,1.33705000,0.30246321,0.38729880
806.40000000,5.12187000,1.32524000,0.30253716,0.38739308
806.60000000,5.12187000,1.32524000,0.30261078,0.38748734
806.80000000,5.12150000,1.33683000,0.30268473,0.38758244
807.00000000,5.12162000,1.38320000,0.30276029,0.38768082
807.20000000,5.12125000,1.37024000,0.30283677,0.38777829
807.40000000,5.12125000,1.37024000,0.30291290,0.38787577
807.60000000,5.12237000,1.35299000,0.30298854,0.38797201
807.80000000,5.12125000,1.37296000,0.30306426,0.38806967
808.00000000,5.12175000,1.36873000,0.30314042,0.38816703
808.20000000,5.12162000,1.36697000,0.30321641,0.38826427
808.40000000,5.12162000,1.36697000,0.30329235,0.38836153
808.60000000,5.12262000,1.36617000,0.30336827,0.38845871
808.80000000,5.12175000,1.37747000,0.30344449,0.38855669
809.00000000,5.12125000,1.34659000,0.30352016,0.38865247
809.20000000,5.12250000,1.33123000,0.30359454,0.38874718
809.40000000,5.12250000,1.33123000,0.30366850,0.38884187
809.60000000,5.12150000,1.34851000,0.30374293,0.38893781
809.80000000,5.12212000,1.33280000,0.30381741,0.38903260
810.00000000,5.12087000,1.30332000,0.30389064,0.38912530
810.20000000,5.12087000,1.30332000,0.30396305,0.38921800
810.40000000,5.12112000,1.33497000,0.30403633,0.38931295
810.60000000,5.12087000,1.33273000,0.30411044,0.38940773
810.80000000,5.12062000,1.32403000,0.30418423,0.38950191
811.00000000,5.12175000,1.33846000,0.30425819,0.38959713
811.20000000,5.12175000,1.33846000,0.30433255,0.38969232
811.40000000,5.12075000,1.32784000,0.30440661,0.38978678
811.60000000,5.12212000,1.32332000,0.30448026,0.38988090
811.80000000,5.12087000,1.30796000,0.30455335,0.38997393
812.00000000,5.12087000,1.30796000,0.30462601,0.39006695
812.20000000,5.12087000,1.34316000,0.30469966,0.39016251
812.40000000,5.12225000,1.34585000,0.30477435,0.39025825
812.60000000,5.12212000,1.33948000,0.30484894,0.39035355
812.80000000,5.12100000,1.33244000,0.30492316,0.39044832
813.00000000,5.12100000,1.33244000,0.30499719,0.39054310
813.20000000,5.12200000,1.33158000,0.30507119,0.39063781
813.40000000,5.12112000,1.33974000,0.30514539,0.39073313
813.60000000,5.12225000,1.35152000,0.30522015,0.39082928
813.80000000,5.12225000,1.35152000,0.30529523,0.39092542
814.00000000,5.12175000,1.33388000,0.30536983,0.39102031
814.20000000,5.12212000,1.33040000,0.30544384,0.39111494
814.40000000,5.12150000,1.33865000,0.30551798,0.39121017
814.60000000,5.12150000,1.33865000,0.30559235,0.39130540
814.80000000,5.12200000,1.35126000,0.30566706,0.39140152
815.00000000,5.12200000,1.30496000,0.30574085,0.39149435
815.20000000,5.12175000,1.31904000,0.30581374,0.39158818
815.40000000,5.12175000,1.35072000,0.30588790,0.39168427
815.60000000,5.12175000,1.35072000,0.30596294,0.39178036
815.80000000,5.12212000,1.31968000,0.30603712,0.39187424
816.00000000,5.12212000,1.34774000,0.30611121,0.39197012
816.20000000,5.12212000,1.37932000,0.30618696,0.39206824
816.40000000,5.12212000,1.37932000,0.30626359,0.39216638
816.60000000,5.12287000,1.36694000,0.30633988,0.39226363
816.80000000,5.12212000,1.35680000,0.30641554,0.39236016
817.00000000,5.12262000,1.36723000,0.30649120,0.39245744
817.20000000,5.12262000,1.36723000,0.30656716,0.39255471
817.40000000,5.12250000,1.35856000,0.30664288,0.39265136
817.60000000,5.12200000,1.34531000,0.30671798,0.39274707
817.80000000,5.12250000,1.37449000,0.30679353,0.39284485
818.00000000,5.12212000,1.34300000,0.30686902,0.39294039
818.20000000,5.12212000,1.34300000,0.30694363,0.39303593
818.40000000,5.12187000,1.35472000,0.30701857,0.39313231
818.60000000,5.12212000,1.38128000,0.30709457,0.39323057
818.80000000,5.12200000,1.35248000,0.30717051,0.39332677
819.00000000,5.12150000,1.33321000,0.30724511,0.39342161
819.20000000,5.12150000,1.33321000,0.30731918,0.39351645
819.40000000,5.12225000,1.33369000,0.30739326,0.39361132
819.60000000,5.12150000,1.32844000,0.30746720,0.39370583
819.80000000,5.12212000,1.37091000,0.30754219,0.39380336
820.00000000,5.12212000,1.37091000,0.30761835,0.39390088
820.20000000,5.12200000,1.35468000,0.30769406,0.39399725
820.40000000,5.12212000,1.34867000,0.30776915,0.39409319
820.60000000,5.12175000,1.34681000,0.30784403,0.39418900
820.80000000,5.12187000,1.36982000,0.30791949,0.39428644
821.00000000,5.12187000,1.36982000,0.30799559,0.39438388
821.20000000,5.12137000,1.35270000,0.30807121,0.39448010
821.40000000,5.12150000,1.36451000,0.30814669,0.39457717
821.60000000,5.12187000,1.36848000,0.30822261,0.39467452
821.80000000,5.12187000,1.36848000,0.30829864,0.39477189
822.00000000,5.12300000,1.36716000,0.30837463,0.39486914
822.20000000,5.12162000,1.38496000,0.30845107,0.39496768
822.40000000,5.12287000,1.37104000,0.30852763,0.39506521
822.60000000,5.12187000,1.33059000,0.30860267,0.39515987
822.80000000,5.12187000,1.33059000,0.30867660,0.39525452
823.00000000,5.12175000,1.37248000,0.30875168,0.39535215
823.20000000,5.12175000,1.33737000,0.30882695,0.39544728
823.40000000,5.12162000,1.33907000,0.30890130,0.39554254
823.60000000,5.12175000,1.33014000,0.30897544,0.39563716
823.80000000,5.12175000,1.33014000,0.30904934,0.39573178
824.00000000,5.12212000,1.35152000,0.30912383,0.39582795
824.20000000,5.12312000,1.33088000,0.30919834,0.39592262
824.40000000,5.12162000,1.33907000,0.30927251,0.39601787
824.60000000,5.12162000,1.33907000,0.30934690,0.39611313
824.80000000,5.12200000,1.34054000,0.30942133,0.39620849
825.00000000,5.12137000,1.31132000,0.30949500,0.39630176
825.20000000,5.12162000,1.32985000,0.30956836,0.39639637
825.40000000,5.12225000,1.30553000,0.30964157,0.39648925
825.60000000,5.12225000,1.30553000,0.30971410,0.39658211
825.80000000,5.12125000,1.32976000,0.30978730,0.39667671
826.00000000,5.12225000,1.33068000,0.30986120,0.39677139
826.20000000,5.12250000,1.33072000,0.30993513,0.39686606
826.40000000,5.12250000,1.33072000,0.31000906,0.39696071
826.60000000,5.12112000,1.33270000,0.31008304,0.39705553
826.80000000,5.12262000,1.33289000,0.31015709,0.39715033
827.00000000,5.12100000,1.34080000,0.31023136,0.39724570
827.20000000,5.12175000,1.33555000,0.31030570,0.39734070
827.40000000,5.12175000,1.33555000,0.31037990,0.39743570
827.60000000,5.12162000,1.33814000,0.31045416,0.39753088
827.80000000,5.12100000,1.33488000,0.31052842,0.39762584
828.00000000,5.12175000,1.34345000,0.31060281,0.39772140
828.20000000,5.12175000,1.34345000,0.31067745,0.39781696
828.40000000,5.12137000,1.32041000,0.31075145,0.39791089
828.60000000,5.12150000,1.33491000,0.31082520,0.39800585
828.80000000,5.12187000,1.33436000,0.31089935,0.39810077
829.00000000,5.12187000,1.33436000,0.31097348,0.39819568
829.20000000,5.12125000,1.34044000,0.31104778,0.39829105
829.40000000,5.12262000,1.33552000,0.31112211,0.39838607
829.60000000,5.12275000,1.37488000,0.31119740,0.39848389
829.80000000,5.12275000,1.34620000,0.31127299,0.39857967
830.00000000,5.12275000,1.34620000,0.31134778,0.39867544
830.20000000,5.12187000,1.31872000,0.31142180,0.39876927
830.40000000,5.12287000,1.33350000,0.31149548,0.39886413
830.60000000,5.12175000,1.33334000,0.31156955,0.39895897
830.80000000,5.12175000,1.33334000,0.31164363,0.39905382
831.00000000,5.12162000,1.33072000,0.31171763,0.39914848
831.20000000,5.12187000,1.32016000,0.31179127,0.39924238
831.40000000,5.12125000,1.33161000,0.31186493,0.39933710
831.60000000,5.12050000,1.31523000,0.31193845,0.39943064
831.80000000,5.12050000,1.31523000,0.31201152,0.39952420
832.00000000,5.12212000,1.31792000,0.31208466,0.39961795
832.20000000,5.12162000,1.35532000,0.31215892,0.39971438
832.40000000,5.12250000,1.34288000,0.31223387,0.39980992
832.60000000,5.12250000,1.34288000,0.31230847,0.39990544
832.80000000,5.12175000,1.30736000,0.31238209,0.39999846
833.00000000,5.12262000,1.33817000,0.31245558,0.40009367
833.20000000,5.12287000,1.34880000,0.31253022,0.40018961
833.40000000,5.12150000,1.34534000,0.31260505,0.40028531
833.60000000,5.12150000,1.34534000,0.31267979,0.40038099
833.80000000,5.12087000,1.30544000,0.31275343,0.40047386
834.00000000,5.12187000,1.31980000,0.31282635,0.40056774
834.20000000,5.12175000,1.33142000,0.31289999,0.40066245
834.40000000,5.12175000,1.33142000,0.31297396,0.40075716
834.60000000,5.12125000,1.34828000,0.31304840,0.40085307
834.80000000,5.12175000,1.35452000,0.31312348,0.40094942
835.00000000,5.12150000,1.35939000,0.31319886,0.40104611
835.20000000,5.12125000,1.33948000,0.31327383,0.40114138
835.40000000,5.12125000,1.33948000,0.31334825,0.40123667
835.60000000,5.12162000,1.36937000,0.31342349,0.40133408
835.80000000,5.12200000,1.37785000,0.31349980,0.40143210
836.00000000,5.12212000,1.37520000,0.31357628,0.40152993
836.20000000,5.12212000,1.37520000,0.31365268,0.40162777
836.40000000,5.12250000,1.34672000,0.31372829,0.40172357
836.60000000,5.12150000,1.33520000,0.31380278,0.40181856
836.80000000,5.12250000,1.34854000,0.31387733,0.40191448
837.00000000,5.12100000,1.35286000,0.31395237,0.40201070
837.20000000,5.12100000,1.35286000,0.31402753,0.40210693
837.40000000,5.12162000,1.33878000,0.31410230,0.40220215
837.60000000,5.12062000,1.33388000,0.31417654,0.40229703
837.80000000,5.12175000,1.31907000,0.31425023,0.40239087
838.00000000,5.12087000,1.33033000,0.31432383,0.40248548
838.20000000,5.12087000,1.33033000,0.31439773,0.40258011
838.40000000,5.12112000,1.36608000,0.31447263,0.40267731
838.60000000,5.12300000,1.35052000,0.31454810,0.40277336
838.80000000,5.12087000,1.37641000,0.31462384,0.40287125
839.00000000,5.12087000,1.37641000,0.31470031,0.40296917
839.20000000,5.12200000,1.37836000,0.31477683,0.40306719
839.40000000,5.12037000,1.36563000,0.31485305,0.40316434
839.60000000,5.12175000,1.34924000,0.31492847,0.40326029
839.80000000,5.12037000,1.39574000,0.31500472,0.40335955
840.00000000,5.12037000,1.39574000,0.31508226,0.40345886
840.20000000,5.12275000,1.35936000,0.31515879,0.40355556
840.40000000,5.12212000,1.31414000,0.31523305,0.40364901
840.60000000,5.12000000,1.34140000,0.31530682,0.40374440
840.80000000,5.12000000,1.34140000,0.31538134,0.40383980
841.00000000,5.12062000,1.33510000,0.31545569,0.40393478
841.20000000,5.12200000,1.34054000,0.31553001,0.40403013
841.40000000,5.12137000,1.33753000,0.31560440,0.40412527
841.60000000,5.12137000,1.33856000,0.31567874,0.40422048
841.80000000,5.12137000,1.33856000,0.31575310,0.40431568
842.00000000,5.12037000,1.34112000,0.31582754,0.40441107
842.20000000,5.12150000,1.33161000,0.31590178,0.40450579
842.40000000,5.12100000,1.36956000,0.31597681,0.40460320
842.60000000,5.12100000,1.36956000,0.31605290,0.40470060
842.80000000,5.12025000,1.36896000,0.31612897,0.40479797
843.00000000,5.12137000,1.34083000,0.31620424,0.40489334
843.20000000,5.12125000,1.36508000,0.31627940,0.40499044
843.40000000,5.12125000,1.36508000,0.31635524,0.40508752
843.60000000,5.12062000,1.37529000,0.31643136,0.40518536
843.80000000,5.12200000,1.36492000,0.31650748,0.40528245
844.00000000,5.12175000,1.35331000,0.31658299,0.40537872
844.20000000,5.12062000,1.34259000,0.31665787,0.40547421
844.40000000,5.12062000,1.34259000,0.31673246,0.40556970
844.60000000,5.12112000,1.33875000,0.31680694,0.40566493
844.80000000,5.12175000,1.34505000,0.31688149,0.40576061
845.00000000,5.12175000,1.34880000,0.31695632,0.40585656
845.20000000,5.12175000,1.34880000,0.31703126,0.40595249
845.40000000,5.12075000,1.34211000,0.31710600,0.40604795
845.60000000,5.12137000,1.32313000,0.31718004,0.40614207
845.80000000,5.12137000,1.34342000,0.31725411,0.40623763
846.00000000,5.12137000,1.34342000,0.31732874,0.40633318
846.20000000,5.12137000,1.34086000,0.31740331,0.40642856
846.40000000,5.12137000,1.33187000,0.31747755,0.40652331
846.60000000,5.12187000,1.34044000,0.31755178,0.40661864
846.80000000,5.12062000,1.31827000,0.31762563,0.40671239
847.00000000,5.12062000,1.31827000,0.31769887,0.40680615
847.20000000,5.12100000,1.34460000,0.31777284,0.40690180
847.40000000,5.12137000,1.33440000,0.31784725,0.40699670
847.60000000,5.12050000,1.32924000,0.31792124,0.40709123
847.80000000,5.12050000,1.31203000,0.31799461,0.40718454
848.00000000,5.12050000,1.31203000,0.31806750,0.40727787
848.20000000,5.12187000,1.33923000,0.31814115,0.40737311
848.40000000,5.12050000,1.35420000,0.31821597,0.40746943
848.60000000,5.12100000,1.32547000,0.31829040,0.40756371
848.80000000,5.12100000,1.32547000,0.31836404,0.40765799
849.00000000,5.12175000,1.34073000,0.31843810,0.40775335
849.20000000,5.12100000,1.31286000,0.31851181,0.40784673
849.40000000,5.12087000,1.32774000,0.31858516,0.40794117
849.60000000,5.12112000,1.33603000,0.31865916,0.40803619
849.80000000,5.12112000,1.33603000,0.31873338,0.40813121
850.00000000,5.12050000,1.33939000,0.31880770,0.40822647
850.20000000,5.12100000,1.33788000,0.31888207,0.40832163
850.40000000,5.12100000,1.35299000,0.31895681,0.40841786
850.60000000,5.12100000,1.35299000,0.31903198,0.40851410
850.80000000,5.12125000,1.32995000,0.31910650,0.40860868
851.00000000,5.12062000,1.34611000,0.31918084,0.40870441
851.20000000,5.12025000,1.34886000,0.31925570,0.40880035
851.40000000,5.12112000,1.33980000,0.31933038,0.40889565
851.60000000,5.12112000,1.33980000,0.31940482,0.40899093
851.80000000,5.12025000,1.33027000,0.31947899,0.40908551
852.00000000,5.11937000,1.33104000,0.31955291,0.40918018
852.20000000,5.12100000,1.34800000,0.31962733,0.40927606
852.40000000,5.12100000,1.34800000,0.31970222,0.40937193
852.60000000,5.12087000,1.36499000,0.31977758,0.40946900
852.80000000,5.12025000,1.36857000,0.31985351,0.40956634
853.00000000,5.12087000,1.35577000,0.31992919,0.40966278
853.20000000,5.12175000,1.35161000,0.32000439,0.40975893
853.40000000,5.12175000,1.35161000,0.32007948,0.40985506
853.60000000,5.12100000,1.32547000,0.32015385,0.40994935
853.80000000,5.12175000,1.37929000,0.32022898,0.41004745
854.00000000,5.12075000,1.35996000,0.32030507,0.41014417
854.20000000,5.12050000,1.32512000,0.32037965,0.41023841
854.40000000,5.12050000,1.32512000,0.32045327,0.41033264
854.60000000,5.11987000,1.34259000,0.32052737,0.41042814
854.80000000,5.12162000,1.33724000,0.32060181,0.41052325
855.00000000,5.12075000,1.33894000,0.32067615,0.41061848
855.20000000,5.12075000,1.33894000,0.32075054,0.41071370
855.40000000,5.12062000,1.33564000,0.32082483,0.41080869
855.60000000,5.12075000,1.33552000,0.32089903,0.41090369
855.80000000,5.12112000,1.32835000,0.32097303,0.41099817
856.00000000,5.12112000,1.32835000,0.32104682,0.41109265
856.20000000,5.12100000,1.35763000,0.32112143,0.41118920
856.40000000,5.12087000,1.32972000,0.32119608,0.41128378
856.60000000,5.12100000,1.30630000,0.32126931,0.41137669
856.80000000,5.12112000,1.34364000,0.32134292,0.41147226
857.00000000,5.12112000,1.34364000,0.32141756,0.41156783
857.20000000,5.12100000,1.38873000,0.32149346,0.41166660
857.40000000,5.12087000,1.40822000,0.32157115,0.41176676
857.60000000,5.12125000,1.37180000,0.32164838,0.41186434
857.80000000,5.12125000,1.37180000,0.32172459,0.41196190
858.00000000,5.12087000,1.37552000,0.32180090,0.41205972
858.20000000,5.12012000,1.34502000,0.32187647,0.41215540
858.40000000,5.12187000,1.38438000,0.32195229,0.41225388
858.60000000,5.11987000,1.35193000,0.32202830,0.41235002
858.80000000,5.11987000,1.35193000,0.32210341,0.41244617
859.00000000,5.12075000,1.36672000,0.32217892,0.41254335
859.20000000,5.11950000,1.34400000,0.32225422,0.41263894
859.40000000,5.12125000,1.34326000,0.32232887,0.41273449
859.60000000,5.12125000,1.34326000,0.32240349,0.41283003
859.80000000,5.12137000,1.38188000,0.32247919,0.41292832
860.00000000,5.12100000,1.36601000,0.32255552,0.41302548
860.20000000,5.12087000,1.37107000,0.32263155,0.41312299
860.40000000,5.12087000,1.37107000,0.32270772,0.41322050
860.60000000,5.12050000,1.34748000,0.32278324,0.41331633
860.80000000,5.12075000,1.34595000,0.32285806,0.41341206
861.00000000,5.12100000,1.36870000,0.32293346,0.41350941
861.20000000,5.12087000,1.34288000,0.32300878,0.41360492
861.40000000,5.12087000,1.34288000,0.32308339,0.41370043
861.60000000,5.12062000,1.34784000,0.32315813,0.41379628
861.80000000,5.12037000,1.33328000,0.32323261,0.41389111
862.00000000,5.12087000,1.34230000,0.32330693,0.41398657
862.20000000,5.12087000,1.34230000,0.32338150,0.41408203
862.40000000,5.12012000,1.35321000,0.32345638,0.41417827
862.60000000,5.12087000,1.31593000,0.32353052,0.41427188
862.80000000,5.12150000,1.31523000,0.32360361,0.41436540
863.00000000,5.11950000,1.33260000,0.32367716,0.41446015
863.20000000,5.11950000,1.33260000,0.32375119,0.41455493
863.40000000,5.12100000,1.33488000,0.32382529,0.41464987
863.60000000,5.12075000,1.33321000,0.32389940,0.41474469
863.80000000,5.12087000,1.33548000,0.32397353,0.41483967
864.00000000,5.12062000,1.32179000,0.32404734,0.41493368
864.20000000,5.12062000,1.32179000,0.32412078,0.41502769
864.40000000,5.12112000,1.34201000,0.32419477,0.41512314
864.60000000,5.12075000,1.35398000,0.32426966,0.41521942
864.80000000,5.11987000,1.33395000,0.32434432,0.41531427
865.00000000,5.11987000,1.33395000,0.32441843,0.41540916
865.20000000,5.12162000,1.33238000,0.32449250,0.41550393
865.40000000,5.12100000,1.34038000,0.32456674,0.41559925
865.60000000,5.12025000,1.33724000,0.32464112,0.41569437
865.80000000,5.12162000,1.34320000,0.32471558,0.41578992
866.00000000,5.12162000,1.34320000,0.32479020,0.41588545
866.20000000,5.12075000,1.33660000,0.32486464,0.41598050
866.40000000,5.12037000,1.32624000,0.32493860,0.41607483
866.60000000,5.12100000,1.33683000,0.32501258,0.41616991
866.80000000,5.12100000,1.33683000,0.32508685,0.41626501
867.00000000,5.12175000,1.31107000,0.32516040,0.41635825
867.20000000,5.12062000,1.32099000,0.32523351,0.41645220
867.40000000,5.12062000,1.33504000,0.32530729,0.41654715
867.60000000,5.12062000,1.31734000,0.32538097,0.41664084
867.80000000,5.12062000,1.31734000,0.32545415,0.41673452
868.00000000,5.12025000,1.34227000,0.32552803,0.41682998
868.20000000,5.12037000,1.33641000,0.32560244,0.41692503
868.40000000,5.12087000,1.29868000,0.32567564,0.41701739
868.60000000,5.12087000,1.29868000,0.32574779,0.41710975
868.80000000,5.12037000,1.34467000,0.32582121,0.41720537
869.00000000,5.12000000,1.32892000,0.32589548,0.41729988
869.20000000,5.12025000,1.32416000,0.32596917,0.41739404
869.40000000,5.12100000,1.35100000,0.32604348,0.41749013
869.60000000,5.12100000,1.35100000,0.32611854,0.41758623
869.80000000,5.12112000,1.39363000,0.32619478,0.41768534
870.00000000,5.12087000,1.35904000,0.32627124,0.41778200
870.20000000,5.12062000,1.37270000,0.32634712,0.41787963
870.40000000,5.12062000,1.37270000,0.32642339,0.41797727
870.60000000,5.12137000,1.34835000,0.32649897,0.41807314
870.80000000,5.11975000,1.35088000,0.32657395,0.41816921
871.00000000,5.12037000,1.37318000,0.32664962,0.41826687
871.20000000,5.11975000,1.36998000,0.32672582,0.41836428
871.40000000,5.11975000,1.36998000,0.32680193,0.41846173
871.60000000,5.12137000,1.33609000,0.32687710,0.41855675
871.80000000,5.12025000,1.27561000,0.32694964,0.41864745
872.00000000,5.11987000,1.36470000,0.32702298,0.41874450
872.20000000,5.11987000,1.36470000,0.32709880,0.41884157
872.40000000,5.12162000,1.36652000,0.32717467,0.41893876
872.60000000,5.12037000,1.34848000,0.32725008,0.41903465
872.80000000,5.12037000,1.35283000,0.32732512,0.41913086
873.00000000,5.12037000,1.35283000,0.32740028,0.41922709
873.20000000,5.12137000,1.35014000,0.32747536,0.41932311
873.40000000,5.12050000,1.34393000,0.32755020,0.41941868
873.60000000,5.12025000,1.33651000,0.32762465,0.41951376
873.80000000,5.12212000,1.34649000,0.32769918,0.41960955
874.00000000,5.12212000,1.34649000,0.32777399,0.41970530
874.20000000,5.12012000,1.34288000,0.32784869,0.41980082
874.40000000,5.12100000,1.36457000,0.32792390,0.41989788
874.60000000,5.12162000,1.38960000,0.32800040,0.41999673
874.80000000,5.12162000,1.38960000,0.32807760,0.42009556
875.00000000,5.12087000,1.35958000,0.32815397,0.42019226
875.20000000,5.12062000,1.34291000,0.32822904,0.42028778
875.40000000,5.12162000,1.39497000,0.32830509,0.42038700
875.60000000,5.12100000,1.37926000,0.32838215,0.42048510
875.80000000,5.12100000,1.37926000,0.32845878,0.42058319
876.00000000,5.12037000,1.34828000,0.32853454,0.42067907
876.20000000,5.12025000,1.33574000,0.32860910,0.42077407
876.40000000,5.12050000,1.30915000,0.32868257,0.42086717
876.60000000,5.12050000,1.30915000,0.32875530,0.42096025
876.80000000,5.11937000,1.32857000,0.32882857,0.42105473
877.00000000,5.12012000,1.33424000,0.32890253,0.42114962
877.20000000,5.12037000,1.34992000,0.32897709,0.42124562
877.40000000,5.12025000,1.32896000,0.32905151,0.42134012
877.60000000,5.12025000,1.32896000,0.32912534,0.42143465
877.80000000,5.12112000,1.34176000,0.32919953,0.42153007
878.00000000,5.12012000,1.35139000,0.32927434,0.42162618
878.20000000,5.12087000,1.33564000,0.32934898,0.42172116
878.40000000,5.12025000,1.32060000,0.32942276,0.42181508
878.60000000,5.12025000,1.32060000,0.32949613,0.42190900
878.80000000,5.12062000,1.33696000,0.32956995,0.42200409
879.00000000,5.12087000,1.33964000,0.32964430,0.42209935
879.20000000,5.11987000,1.31548000,0.32971805,0.42219289
879.40000000,5.11987000,1.31548000,0.32979113,0.42228645
879.60000000,5.12087000,1.33948000,0.32986488,0.42238173
879.80000000,5.12112000,1.32192000,0.32993881,0.42247572
880.00000000,5.11975000,1.32476000,0.33001233,0.42256994
880.20000000,5.12062000,1.32134000,0.33008583,0.42266391
880.40000000,5.12062000,1.32134000,0.33015924,0.42275789
880.60000000,5.12100000,1.32086000,0.33023263,0.42285184
880.80000000,5.12112000,1.33312000,0.33030636,0.42294665
881.00000000,5.12062000,1.32467000,0.33038018,0.42304086
881.20000000,5.12062000,1.32467000,0.33045378,0.42313506
881.40000000,5.12000000,1.33065000,0.33052753,0.42322970
881.60000000,5.12087000,1.34134000,0.33060176,0.42332509
881.80000000,5.12025000,1.32329000,0.33067577,0.42341922
882.00000000,5.12125000,1.35539000,0.33075018,0.42351562
882.20000000,5.12125000,1.35539000,0.33082548,0.42361202
882.40000000,5.12062000,1.33299000,0.33090016,0.42370681
882.60000000,5.12037000,1.32752000,0.33097406,0.42380123
882.80000000,5.12075000,1.34374000,0.33104826,0.42389680
883.00000000,5.12075000,1.34374000,0.33112292,0.42399239
883.20000000,5.12175000,1.33376000,0.33119729,0.42408724
883.40000000,5.12050000,1.33129000,0.33127132,0.42418192
883.60000000,5.12050000,1.33587000,0.33134541,0.42427694
883.80000000,5.12137000,1.34668000,0.33141992,0.42437273
884.00000000,5.12137000,1.34668000,0.33149474,0.42446853
884.20000000,5.12175000,1.33248000,0.33156916,0.42456330
884.40000000,5.12125000,1.34243000,0.33164346,0.42465878
884.60000000,5.12075000,1.33961000,0.33171796,0.42475405
884.80000000,5.12075000,1.33961000,0.33179239,0.42484934
885.00000000,5.12150000,1.33715000,0.33186674,0.42494446
885.20000000,5.12175000,1.33926000,0.33194109,0.42503973
885.40000000,5.12162000,1.33987000,0.33201551,0.42513504
885.60000000,5.12162000,1.32928000,0.33208965,0.42522959
885.80000000,5.12162000,1.32928000,0.33216350,0.42532413
886.00000000,5.12075000,1.34473000,0.33223778,0.42541978
886.20000000,5.12112000,1.34313000,0.33231244,0.42551531
886.40000000,5.12075000,1.33296000,0.33238677,0.42561011
886.60000000,5.12075000,1.33296000,0.33246083,0.42570492
886.80000000,5.12137000,1.34486000,0.33253521,0.42580055
887.00000000,5.11950000,1.31219000,0.33260902,0.42589389
887.20000000,5.12162000,1.32348000,0.33268223,0.42598803
887.40000000,5.12125000,1.29632000,0.33275500,0.42608024
887.60000000,5.12125000,1.29632000,0.33282702,0.42617244
887.80000000,5.12087000,1.34371000,0.33290036,0.42626801
888.00000000,5.12112000,1.33168000,0.33297467,0.42636274
888.20000000,5.12175000,1.34320000,0.33304897,0.42645829
888.40000000,5.12175000,1.34320000,0.33312360,0.42655382
888.60000000,5.12062000,1.34560000,0.33319829,0.42664951
888.80000000,5.12037000,1.37865000,0.33327396,0.42674757
889.00000000,5.12100000,1.36473000,0.33335016,0.42684463
889.20000000,5.12100000,1.36473000,0.33342598,0.42694171
889.40000000,5.12175000,1.35628000,0.33350157,0.42703818
889.60000000,5.12100000,1.36662000,0.33357720,0.42713539
889.80000000,5.12137000,1.34214000,0.33365245,0.42723086
890.00000000,5.12175000,1.37340000,0.33372788,0.42732856
890.20000000,5.12175000,1.37340000,0.33380418,0.42742624
890.40000000,5.12100000,1.35312000,0.33387991,0.42752251
890.60000000,5.12262000,1.34467000,0.33395485,0.42761816
890.80000000,5.12150000,1.30147000,0.33402836,0.42771074
891.00000000,5.12150000,1.30147000,0.33410066,0.42780330
891.20000000,5.12062000,1.32470000,0.33417361,0.42789753
891.40000000,5.12150000,1.33267000,0.33424743,0.42799233
891.60000000,5.12175000,1.32028000,0.33432112,0.42808623
891.80000000,5.12087000,1.33894000,0.33439499,0.42818146
892.00000000,5.12087000,1.33894000,0.33446937,0.42827669
892.20000000,5.12087000,1.35436000,0.33454418,0.42837301
892.40000000,5.12062000,1.33187000,0.33461880,0.42846773
892.60000000,5.12062000,1.29379000,0.33469174,0.42855975
892.80000000,5.12062000,1.29379000,0.33476361,0.42865175
893.00000000,5.12000000,1.33907000,0.33483675,0.42874700
893.20000000,5.12162000,1.33456000,0.33491102,0.42884191
893.40000000,5.12050000,1.40982000,0.33498725,0.42894218
893.60000000,5.12087000,1.33184000,0.33506341,0.42903691
893.80000000,5.12087000,1.33184000,0.33513740,0.42913165
894.00000000,5.12162000,1.38009000,0.33521273,0.42922981
894.20000000,5.12112000,1.37328000,0.33528921,0.42932748
894.40000000,5.12112000,1.37040000,0.33536543,0.42942496
894.60000000,5.12125000,1.39571000,0.33544226,0.42952423
894.80000000,5.12125000,1.39571000,0.33551980,0.42962351
895.00000000,5.12137000,1.34672000,0.33559598,0.42971930
895.20000000,5.12125000,1.37507000,0.33567159,0.42981711
895.40000000,5.12175000,1.36400000,0.33574767,0.42991414
895.60000000,5.12175000,1.36400000,0.33582345,0.43001115
895.80000000,5.12050000,1.36182000,0.33589917,0.43010802
896.00000000,5.12175000,1.38790000,0.33597555,0.43020672
896.20000000,5.12037000,1.35100000,0.33605163,0.43030280
896.40000000,5.11975000,1.36163000,0.33612698,0.43039962
896.60000000,5.11975000,1.36163000,0.33620262,0.43049649
896.80000000,5.12175000,1.45222000,0.33628079,0.43059980
897.00000000,5.12212000,1.41731000,0.33636050,0.43070061
897.20000000,5.12150000,1.40780000,0.33643897,0.43080075
897.40000000,5.12150000,1.40780000,0.33651718,0.43090091
897.60000000,5.12262000,1.42825000,0.33659596,0.43100250
897.80000000,5.12100000,1.38243000,0.33667404,0.43110082
898.00000000,5.12100000,1.39961000,0.33675131,0.43120037
898.20000000,5.12100000,1.39961000,0.33682907,0.43129993
898.40000000,5.12137000,1.39257000,0.33690663,0.43139898
898.60000000,5.12137000,1.39452000,0.33698405,0.43149817
898.80000000,5.12137000,1.40675000,0.33706186,0.43159823
899.00000000,5.12187000,1.39520000,0.33713970,0.43169748
899.20000000,5.12187000,1.39520000,0.33721721,0.43179672
899.40000000,5.12112000,1.39936000,0.33729483,0.43189627
899.60000000,5.12212000,1.38838000,0.33737227,0.43199502
899.80000000,5.12100000,1.39520000,0.33744959,0.43209425
900.00000000,5.12100000,1.39520000,0.33752710,0.43219351
900.20000000,5.12212000,1.40316000,0.33760484,0.43229334
900.40000000,5.12237000,1.40595000,0.33768287,0.43239334
900.60000000,5.12125000,1.38758000,0.33776046,0.43249203
900.80000000,5.12125000,1.38758000,0.33783755,0.43259073
901.00000000,5.12125000,1.31497000,0.33791262,0.43268428
901.20000000,5.12225000,1.31065000,0.33798556,0.43277750
901.40000000,5.12075000,1.33529000,0.33805906,0.43287247
901.60000000,5.12100000,1.37062000,0.33813422,0.43296995
901.80000000,5.12100000,1.37062000,0.33821036,0.43306745
902.00000000,5.12137000,1.40198000,0.33828738,0.43316718
902.20000000,5.12212000,1.41379000,0.33836560,0.43326775
902.40000000,5.12137000,1.39865000,0.33844372,0.43336723
902.60000000,5.12100000,1.40083000,0.33852148,0.43346686
902.80000000,5.12100000,1.40083000,0.33859931,0.43356649
903.00000000,5.12087000,1.38857000,0.33867679,0.43366525
903.20000000,5.12087000,1.40803000,0.33875447,0.43376541
903.40000000,5.12162000,1.39606000,0.33883237,0.43386472
903.60000000,5.12162000,1.39606000,0.33890992,0.43396404
903.80000000,5.12250000,1.33996000,0.33898593,0.43405934
904.00000000,5.12075000,1.34598000,0.33906053,0.43415509
904.20000000,5.12200000,1.31619000,0.33913448,0.43424873
904.40000000,5.12250000,1.34784000,0.33920848,0.43434463
904.60000000,5.12250000,1.34784000,0.33928336,0.43444050
904.80000000,5.12137000,1.34652000,0.33935821,0.43453627
905.00000000,5.12087000,1.33606000,0.33943272,0.43463129
905.20000000,5.12087000,1.32582000,0.33950667,0.43472559
905.40000000,5.12087000,1.32582000,0.33958032,0.43481989
905.60000000,5.12112000,1.34054000,0.33965439,0.43491525
905.80000000,5.12150000,1.33398000,0.33972868,0.43501013
906.00000000,5.12112000,1.33110000,0.33980271,0.43510482
906.20000000,5.12187000,1.36348000,0.33987756,0.43520181
906.40000000,5.12187000,1.36348000,0.33995331,0.43529879
906.60000000,5.12125000,1.40694000,0.34003026,0.43539889
906.80000000,5.12250000,1.40032000,0.34010824,0.43549852
907.00000000,5.12250000,1.41068000,0.34018633,0.43559887
907.20000000,5.12187000,1.40617000,0.34026457,0.43569890
907.40000000,5.12187000,1.40617000,0.34034269,0.43579893
907.60000000,5.12162000,1.38998000,0.34042036,0.43589779
907.80000000,5.12087000,1.38678000,0.34049750,0.43599644
908.00000000,5.12187000,1.39475000,0.34057476,0.43609566
908.20000000,5.12187000,1.39475000,0.34065225,0.43619485
908.40000000,5.12062000,1.32659000,0.34072784,0.43628921
908.60000000,5.12137000,1.30396000,0.34080091,0.43638195
908.80000000,5.12050000,1.30825000,0.34087347,0.43647499
909.00000000,5.12087000,1.33299000,0.34094684,0.43656980
909.20000000,5.12087000,1.33299000,0.34102090,0.43666460
909.40000000,5.12050000,1.28892000,0.34109373,0.43675626
909.60000000,5.12000000,1.31734000,0.34116612,0.43684995
909.80000000,5.12100000,1.32208000,0.34123944,0.43694398
910.00000000,5.12100000,1.32208000,0.34131289,0.43703803
910.20000000,5.12162000,1.32409000,0.34138639,0.43713220
910.40000000,5.12050000,1.30800000,0.34145951,0.43722522
910.60000000,5.12050000,1.33075000,0.34153281,0.43731985
910.80000000,5.12025000,1.35993000,0.34160755,0.43741656
911.00000000,5.12025000,1.35993000,0.34168310,0.43751331
911.20000000,5.12200000,1.40620000,0.34175993,0.43761334
911.40000000,5.12175000,1.40422000,0.34183800,0.43771324
911.60000000,5.12225000,1.43427000,0.34191685,0.43781528
911.80000000,5.12225000,1.43427000,0.34199653,0.43791729
912.00000000,5.12100000,1.40582000,0.34207542,0.43801730
912.20000000,5.12237000,1.40300000,0.34215344,0.43811709
912.40000000,5.12075000,1.40579000,0.34223147,0.43821707
912.60000000,5.12212000,1.37942000,0.34230883,0.43831520
912.80000000,5.12212000,1.37942000,0.34238547,0.43841333
913.00000000,5.12162000,1.35094000,0.34246131,0.43850943
913.20000000,5.12187000,1.33840000,0.34253602,0.43860464
913.40000000,5.12200000,1.32550000,0.34261001,0.43869893
913.60000000,5.12200000,1.32550000,0.34268365,0.43879321
913.80000000,5.12087000,1.33536000,0.34275756,0.43888819
914.00000000,5.12100000,1.30569000,0.34283093,0.43898104
914.20000000,5.12037000,1.28819000,0.34290298,0.43907265
914.40000000,5.12037000,1.28819000,0.34297455,0.43916428
914.60000000,5.12150000,1.33414000,0.34304739,0.43925917
914.80000000,5.12062000,1.30422000,0.34312068,0.43935193
915.00000000,5.12087000,1.33334000,0.34319394,0.43944676
915.20000000,5.12112000,1.31603000,0.34326753,0.43954036
915.40000000,5.12112000,1.31603000,0.34334065,0.43963398
915.60000000,5.12162000,1.34844000,0.34341466,0.43972989
915.80000000,5.12100000,1.31497000,0.34348864,0.43982341
916.00000000,5.12087000,1.32915000,0.34356209,0.43991794
916.20000000,5.12087000,1.32915000,0.34363593,0.44001248
916.40000000,5.12075000,1.34092000,0.34371010,0.44010785
916.60000000,5.12112000,1.34358000,0.34378467,0.44020342
916.80000000,5.12150000,1.33289000,0.34385902,0.44029822
917.00000000,5.12087000,1.34883000,0.34393351,0.44039415
917.20000000,5.12087000,1.34883000,0.34400845,0.44049009
917.40000000,5.12112000,1.34188000,0.34408319,0.44058553
917.60000000,5.12087000,1.32892000,0.34415738,0.44068005
917.80000000,5.12100000,1.30096000,0.34423043,0.44077258
918.00000000,5.12100000,1.30096000,0.34430270,0.44086510
918.20000000,5.12012000,1.30675000,0.34437514,0.44095804
918.40000000,5.12100000,1.33718000,0.34444858,0.44105314
918.60000000,5.12087000,1.31843000,0.34452235,0.44114692
918.80000000,5.12112000,1.33209000,0.34459598,0.44124167
919.00000000,5.12112000,1.33209000,0.34466998,0.44133643
919.20000000,5.12187000,1.34073000,0.34474423,0.44143178
919.40000000,5.12075000,1.31833000,0.34481809,0.44152557
919.60000000,5.12200000,1.41500000,0.34489401,0.44162623
919.80000000,5.12200000,1.41500000,0.34497262,0.44172688
920.00000000,5.12150000,1.39820000,0.34505077,0.44182632
920.20000000,5.12062000,1.39884000,0.34512846,0.44192583
920.40000000,5.12200000,1.40400000,0.34520632,0.44202571
920.60000000,5.12200000,1.38012000,0.34528366,0.44212389
920.80000000,5.12200000,1.38012000,0.34536033,0.44222204
921.00000000,5.12062000,1.40867000,0.34543780,0.44232227
921.20000000,5.12275000,1.41206000,0.34551615,0.44242272
921.40000000,5.12175000,1.35139000,0.34559291,0.44251885
921.60000000,5.12175000,1.33913000,0.34566765,0.44261411
921.80000000,5.12175000,1.33913000,0.34574205,0.44270936
922.00000000,5.12112000,1.33673000,0.34581638,0.44280443
922.20000000,5.12112000,1.31344000,0.34588999,0.44289785
922.40000000,5.12062000,1.30025000,0.34596259,0.44299032
922.60000000,5.12062000,1.30025000,0.34603483,0.44308279
922.80000000,5.12050000,1.31212000,0.34610740,0.44317613
923.00000000,5.12187000,1.35081000,0.34618137,0.44327221
923.20000000,5.12100000,1.33680000,0.34625602,0.44336729
923.40000000,5.12112000,1.33510000,0.34633024,0.44346225
923.60000000,5.12112000,1.33510000,0.34640441,0.44355721
923.80000000,5.12125000,1.36236000,0.34647934,0.44365413
924.00000000,5.12175000,1.39174000,0.34655585,0.44375312
924.20000000,5.12137000,1.37529000,0.34663271,0.44385094
924.40000000,5.12137000,1.37529000,0.34670911,0.44394878
924.60000000,5.12200000,1.40585000,0.34678637,0.44404880
924.80000000,5.12250000,1.38601000,0.34686392,0.44414738
925.00000000,5.12112000,1.38502000,0.34694089,0.44424590
925.20000000,5.12187000,1.38729000,0.34701790,0.44434458
925.40000000,5.12187000,1.38729000,0.34709497,0.44444327
925.60000000,5.12200000,1.36224000,0.34717135,0.44454016
925.80000000,5.12100000,1.37443000,0.34724737,0.44463792
926.00000000,5.12100000,1.39955000,0.34732442,0.44473746
926.20000000,5.12100000,1.39955000,0.34740217,0.44483701
926.40000000,5.12112000,1.38390000,0.34747949,0.44493546
926.60000000,5.12212000,1.38588000,0.34755643,0.44503402
926.80000000,5.12050000,1.39667000,0.34763372,0.44513335
927.00000000,5.12100000,1.38265000,0.34771093,0.44523169
927.20000000,5.12100000,1.38265000,0.34778774,0.44533002
927.40000000,5.12050000,1.39820000,0.34786499,0.44542949
927.60000000,5.12187000,1.40179000,0.34794276,0.44552919
927.80000000,5.12087000,1.38937000,0.34802030,0.44562800
928.00000000,5.12087000,1.38937000,0.34809748,0.44572684
928.20000000,5.12187000,1.41446000,0.34817537,0.44582746
928.40000000,5.12175000,1.41014000,0.34825383,0.44592775
928.60000000,5.12075000,1.39705000,0.34833181,0.44602711
928.80000000,5.12212000,1.34832000,0.34840807,0.44612303
929.00000000,5.12212000,1.34832000,0.34848297,0.44621892
929.20000000,5.12087000,1.33612000,0.34855754,0.44631395
929.40000000,5.12050000,1.34425000,0.34863200,0.44640955
929.60000000,5.12175000,1.39065000,0.34870797,0.44650847
929.80000000,5.12175000,1.39065000,0.34878522,0.44660740
930.00000000,5.12212000,1.40041000,0.34886275,0.44670703
930.20000000,5.12212000,1.38505000,0.34894013,0.44680554
930.40000000,5.12112000,1.43548000,0.34901848,0.44690764
930.60000000,5.12112000,1.43548000,0.34909822,0.44700975
930.80000000,5.12162000,1.39721000,0.34917691,0.44710917
931.00000000,5.12275000,1.41971000,0.34925516,0.44721014
931.20000000,5.12112000,1.40428000,0.34933360,0.44731003
931.40000000,5.12112000,1.40428000,0.34941162,0.44740990
931.60000000,5.12075000,1.37235000,0.34948875,0.44750750
931.80000000,5.12062000,1.32291000,0.34956361,0.44760159
932.00000000,5.12075000,1.34633000,0.34963776,0.44769736
932.20000000,5.12175000,1.33900000,0.34971235,0.44779261
932.40000000,5.12175000,1.33900000,0.34978674,0.44788785
932.60000000,5.12125000,1.30384000,0.34986015,0.44798059
932.80000000,5.12137000,1.32336000,0.34993313,0.44807473
933.00000000,5.12187000,1.34025000,0.35000712,0.44817007
933.20000000,5.12162000,1.34185000,0.35008162,0.44826552
933.40000000,5.12162000,1.34185000,0.35015617,0.44836098
933.60000000,5.12187000,1.33097000,0.35023042,0.44845566
933.80000000,5.12200000,1.33478000,0.35030446,0.44855061
934.00000000,5.12150000,1.31532000,0.35037808,0.44864417
934.20000000,5.12150000,1.31532000,0.35045115,0.44873772
934.40000000,5.12100000,1.33100000,0.35052466,0.44883237
934.60000000,5.11987000,1.33980000,0.35059885,0.44892767
934.80000000,5.12175000,1.34432000,0.35067341,0.44902330
935.00000000,5.12162000,1.30419000,0.35074698,0.44911607
935.20000000,5.12162000,1.30419000,0.35081943,0.44920882
935.40000000,5.12025000,1.33878000,0.35089285,0.44930406
935.60000000,5.12212000,1.31040000,0.35096644,0.44939724
935.80000000,5.11962000,1.32188000,0.35103956,0.44949123
936.00000000,5.11962000,1.32188000,0.35111299,0.44958524
936.20000000,5.12075000,1.33772000,0.35118687,0.44968039
936.40000000,5.12087000,1.26553000,0.35125918,0.44977041
936.60000000,5.12175000,1.32348000,0.35133110,0.44986454
936.80000000,5.12087000,1.29824000,0.35140393,0.44995688
937.00000000,5.12087000,1.29824000,0.35147605,0.45004919
937.20000000,5.11987000,1.35030000,0.35154962,0.45014523
937.40000000,5.12100000,1.33459000,0.35162420,0.45024017
937.60000000,5.12187000,1.34512000,0.35169864,0.45033586
937.80000000,5.12187000,1.34512000,0.35177337,0.45043153
938.00000000,5.12075000,1.34464000,0.35184808,0.45052717
938.20000000,5.12112000,1.34294000,0.35192274,0.45062267
938.40000000,5.12025000,1.33708000,0.35199718,0.45071776
938.60000000,5.11975000,1.32966000,0.35207126,0.45081230
938.80000000,5.11975000,1.32966000,0.35214513,0.45090687
939.00000000,5.12062000,1.33145000,0.35221905,0.45100158
939.20000000,5.12150000,1.34569000,0.35229341,0.45109729
939.40000000,5.12112000,1.32752000,0.35236767,0.45119172
939.60000000,5.12112000,1.32752000,0.35244142,0.45128614
939.80000000,5.12125000,1.32572000,0.35251512,0.45138045
940.00000000,5.12212000,1.33283000,0.35258897,0.45147525
940.20000000,5.12087000,1.32656000,0.35266284,0.45156960
940.40000000,5.12062000,1.35500000,0.35273733,0.45166596
940.60000000,5.12062000,1.35500000,0.35281261,0.45176235
940.80000000,5.12187000,1.31084000,0.35288666,0.45185560
941.00000000,5.12187000,1.33392000,0.35296012,0.45195050
941.20000000,5.12225000,1.33836000,0.35303435,0.45204572
941.40000000,5.12225000,1.33836000,0.35310871,0.45214092
941.60000000,5.12175000,1.33804000,0.35318305,0.45223610
941.80000000,5.12137000,1.35273000,0.35325780,0.45233232
942.00000000,5.12162000,1.34566000,0.35333275,0.45242804
942.20000000,5.12162000,1.34566000,0.35340751,0.45252374
942.40000000,5.12062000,1.30825000,0.35348123,0.45261679
942.60000000,5.12087000,1.34643000,0.35355497,0.45271256
942.80000000,5.12112000,1.34524000,0.35362974,0.45280823
943.00000000,5.12050000,1.33059000,0.35370407,0.45290286
943.20000000,5.12050000,1.33059000,0.35377799,0.45299749
943.40000000,5.12087000,1.33177000,0.35385194,0.45309223
943.60000000,5.12187000,1.32976000,0.35392588,0.45318682
943.80000000,5.12125000,1.33756000,0.35399997,0.45328196
944.00000000,5.12125000,1.33756000,0.35407428,0.45337710
944.20000000,5.12150000,1.33731000,0.35414858,0.45347221
944.40000000,5.12075000,1.31238000,0.35422218,0.45356559
944.60000000,5.12312000,1.33360000,0.35429568,0.45366043
944.80000000,5.12000000,1.30528000,0.35436898,0.45375325
945.00000000,5.12000000,1.30528000,0.35444150,0.45384608
945.20000000,5.12100000,1.33251000,0.35451477,0.45394086
945.40000000,5.12112000,1.33171000,0.35458878,0.45403558
945.60000000,5.12112000,1.32473000,0.35466257,0.45412980
945.80000000,5.12112000,1.32473000,0.35473616,0.45422405
946.00000000,5.12225000,1.33654000,0.35481009,0.45431914
946.20000000,5.12250000,1.31516000,0.35488374,0.45441269
946.40000000,5.12162000,1.33641000,0.35495740,0.45450775
946.60000000,5.12162000,1.35318000,0.35503211,0.45460401
946.80000000,5.12162000,1.35318000,0.35510729,0.45470027
947.00000000,5.12175000,1.40832000,0.35518400,0.45480047
947.20000000,5.12250000,1.40697000,0.35526220,0.45490054
947.40000000,5.12125000,1.40140000,0.35534021,0.45500022
947.60000000,5.12175000,1.40406000,0.35541814,0.45510010
947.80000000,5.12175000,1.40406000,0.35549614,0.45519998
948.00000000,5.12175000,1.39705000,0.35557395,0.45529937
948.20000000,5.12225000,1.40688000,0.35565184,0.45539946
948.40000000,5.12237000,1.36336000,0.35572879,0.45549645
948.60000000,5.12237000,1.36336000,0.35580453,0.45559343
948.80000000,5.12150000,1.33840000,0.35587958,0.45568862
949.00000000,5.12062000,1.33795000,0.35595392,0.45578377
949.20000000,5.12025000,1.34512000,0.35602845,0.45587948
949.40000000,5.12337000,1.34934000,0.35610330,0.45597550
949.60000000,5.12337000,1.34934000,0.35617826,0.45607146
949.80000000,5.12075000,1.34512000,0.35625311,0.45616714
950.00000000,5.12137000,1.30825000,0.35632681,0.45626021
950.20000000,5.12200000,1.29382000,0.35639909,0.45635225
950.40000000,5.12200000,1.29382000,0.35647097,0.45644429
950.60000000,5.12187000,1.35792000,0.35654463,0.45654090
950.80000000,5.12237000,1.41321000,0.35662161,0.45664143
951.00000000,5.12200000,1.40867000,0.35669999,0.45674164
951.20000000,5.12275000,1.40297000,0.35677809,0.45684146
951.40000000,5.12275000,1.40297000,0.35685604,0.45694125
951.60000000,5.12125000,1.40704000,0.35693409,0.45704136
951.80000000,5.12262000,1.41014000,0.35701235,0.45714169
952.00000000,5.12250000,1.40752000,0.35709061,0.45724183
952.20000000,5.12250000,1.40752000,0.35716881,0.45734196
952.40000000,5.12200000,1.39881000,0.35724676,0.45744145
952.60000000,5.12087000,1.32710000,0.35732248,0.45753585
952.80000000,5.12175000,1.32960000,0.35739628,0.45763043
953.00000000,5.12175000,1.32960000,0.35747015,0.45772502
953.20000000,5.12200000,1.33929000,0.35754428,0.45782028
953.40000000,5.12137000,1.33283000,0.35761851,0.45791509
953.60000000,5.12162000,1.33065000,0.35769249,0.45800975
953.80000000,5.12162000,1.33065000,0.35776642,0.45810439
954.00000000,5.12125000,1.30940000,0.35783975,0.45819754
954.20000000,5.12200000,1.35059000,0.35791364,0.45829361
954.40000000,5.12125000,1.39273000,0.35798985,0.45839269
954.60000000,5.12250000,1.40832000,0.35806765,0.45849289
954.80000000,5.12250000,1.40832000,0.35814589,0.45859308
955.00000000,5.12212000,1.37715000,0.35822327,0.45869105
955.20000000,5.12237000,1.32217000,0.35829825,0.45878511
955.40000000,5.12175000,1.39219000,0.35837365,0.45888414
955.60000000,5.12150000,1.38860000,0.35845089,0.45898292
955.80000000,5.12150000,1.38860000,0.35852804,0.45908168
956.00000000,5.12125000,1.36515000,0.35860453,0.45917880
956.20000000,5.12212000,1.38128000,0.35868082,0.45927706
956.40000000,5.12175000,1.38256000,0.35875759,0.45937541
956.60000000,5.12175000,1.38256000,0.35883440,0.45947376
956.80000000,5.12200000,1.37888000,0.35891111,0.45957186
957.00000000,5.12237000,1.40704000,0.35898849,0.45967196
957.20000000,5.12200000,1.32921000,0.35906450,0.45976650
957.40000000,5.12112000,1.40672000,0.35914050,0.45986655
957.60000000,5.12112000,1.40672000,0.35921865,0.45996664
957.80000000,5.12250000,1.38960000,0.35929633,0.46006550
958.00000000,5.12262000,1.40777000,0.35937403,0.46016566
958.20000000,5.12237000,1.38166000,0.35945151,0.46026395
958.40000000,5.12237000,1.38166000,0.35952827,0.46036226
958.60000000,5.12275000,1.40780000,0.35960576,0.46046241
958.80000000,5.12187000,1.39116000,0.35968351,0.46056138
959.00000000,5.12262000,1.40902000,0.35976129,0.46066162
959.20000000,5.12187000,1.33907000,0.35983763,0.46075687
959.40000000,5.12187000,1.33907000,0.35991202,0.46085214
959.60000000,5.12212000,1.32160000,0.35998593,0.46094615
959.80000000,5.12200000,1.30934000,0.36005901,0.46103926
960.00000000,5.11975000,1.32460000,0.36013217,0.46113345
960.20000000,5.11975000,1.32460000,0.36020576,0.46122767
960.40000000,5.12175000,1.33260000,0.36027957,0.46132245
960.60000000,5.12100000,1.32678000,0.36035344,0.46141682
960.80000000,5.12112000,1.34742000,0.36042773,0.46151267
961.00000000,5.12137000,1.33430000,0.36050222,0.46160757
961.20000000,5.12137000,1.33430000,0.36057635,0.46170248
961.40000000,5.12125000,1.31129000,0.36064984,0.46179574
961.60000000,5.12062000,1.33072000,0.36072323,0.46189040
961.80000000,5.12150000,1.34291000,0.36079749,0.46198592
962.00000000,5.12212000,1.34825000,0.36087225,0.46208184
962.20000000,5.12212000,1.34825000,0.36094715,0.46217773
962.40000000,5.12100000,1.33532000,0.36102169,0.46227270
962.60000000,5.12075000,1.28806000,0.36109457,0.46236432
962.80000000,5.12112000,1.31744000,0.36116694,0.46245802
963.00000000,5.12112000,1.31744000,0.36124013,0.46255171
963.20000000,5.12012000,1.29731000,0.36131276,0.46264398
963.40000000,5.12100000,1.34105000,0.36138605,0.46273937
963.60000000,5.12125000,1.33686000,0.36146044,0.46283445
963.80000000,5.12100000,1.32329000,0.36153433,0.46292857
964.00000000,5.12100000,1.32329000,0.36160785,0.46302271
964.20000000,5.12200000,1.33177000,0.36168160,0.46311744
964.40000000,5.12162000,1.34060000,0.36175583,0.46321278
964.60000000,5.12037000,1.34128000,0.36183033,0.46330816
964.80000000,5.12037000,1.34128000,0.36190484,0.46340358
965.00000000,5.12175000,1.37516000,0.36198030,0.46350138
965.20000000,5.12062000,1.39779000,0.36205733,0.46360083
965.40000000,5.12262000,1.38918000,0.36213474,0.46369965
965.60000000,5.12200000,1.40182000,0.36221227,0.46379938
965.80000000,5.12200000,1.40182000,0.36229015,0.46389908
966.00000000,5.12100000,1.39299000,0.36236778,0.46399816
966.20000000,5.12112000,1.39280000,0.36244517,0.46409723
966.40000000,5.12137000,1.40652000,0.36252292,0.46419728
966.60000000,5.12137000,1.40652000,0.36260106,0.46429734
966.80000000,5.12212000,1.40742000,0.36267923,0.46439748
967.00000000,5.12325000,1.42864000,0.36275801,0.46449912
967.20000000,5.12250000,1.37228000,0.36283581,0.46459676
967.40000000,5.12150000,1.38902000,0.36291251,0.46469556
967.60000000,5.12150000,1.38902000,0.36298968,0.46479437
967.80000000,5.12187000,1.39824000,0.36306711,0.46489382
968.00000000,5.12100000,1.37468000,0.36314413,0.46499161
968.20000000,5.12175000,1.40140000,0.36322125,0.46509130
968.40000000,5.12175000,1.40140000,0.36329910,0.46519100
968.60000000,5.12225000,1.41286000,0.36337727,0.46529151
968.80000000,5.12200000,1.41715000,0.36345589,0.46539232
969.00000000,5.12212000,1.36713000,0.36353323,0.46548958
969.20000000,5.12187000,1.39734000,0.36361002,0.46558898
969.40000000,5.12187000,1.39734000,0.36368765,0.46568838
969.60000000,5.12162000,1.32876000,0.36376337,0.46578291
969.80000000,5.12187000,1.34470000,0.36383764,0.46587856
970.00000000,5.12175000,1.31750000,0.36391159,0.46597228
970.20000000,5.12175000,1.31750000,0.36398478,0.46606601
970.40000000,5.12200000,1.34355000,0.36405870,0.46616159
970.60000000,5.12200000,1.34272000,0.36413332,0.46625711
970.80000000,5.12200000,1.34569000,0.36420800,0.46635284
971.00000000,5.12200000,1.34569000,0.36428276,0.46644854
971.20000000,5.12062000,1.33696000,0.36435727,0.46654365
971.40000000,5.12175000,1.31382000,0.36443091,0.46663711
971.60000000,5.12175000,1.32931000,0.36450433,0.46673167
971.80000000,5.12162000,1.34880000,0.36457872,0.46682761
972.00000000,5.12162000,1.34880000,0.36465365,0.46692356
972.20000000,5.12175000,1.33814000,0.36472829,0.46701876
972.40000000,5.12237000,1.34064000,0.36480270,0.46711412
972.60000000,5.12162000,1.32928000,0.36487686,0.46720868
972.80000000,5.12162000,1.32928000,0.36495071,0.46730323
973.00000000,5.12112000,1.30006000,0.36502375,0.46739569
973.20000000,5.12087000,1.31961000,0.36509652,0.46748957
973.40000000,5.12200000,1.32800000,0.36517006,0.46758404
973.60000000,5.12175000,1.32150000,0.36524366,0.46767804
973.80000000,5.12175000,1.32150000,0.36531708,0.46777205
974.00000000,5.12212000,1.29356000,0.36538972,0.46786408
974.20000000,5.12200000,1.33939000,0.36546286,0.46795934
974.40000000,5.12087000,1.34448000,0.36553741,0.46805496
974.60000000,5.12087000,1.34448000,0.36561210,0.46815063
974.80000000,5.12312000,1.32374000,0.36568622,0.46824478
975.00000000,5.12112000,1.32588000,0.36575982,0.46833909
975.20000000,5.12137000,1.34883000,0.36583412,0.46843504
975.40000000,5.12162000,1.33939000,0.36590879,0.46853031
975.60000000,5.12162000,1.33939000,0.36598320,0.46862559
975.80000000,5.12187000,1.33360000,0.36605745,0.46872045
976.00000000,5.12150000,1.33305000,0.36613152,0.46881526
976.20000000,5.12062000,1.32985000,0.36620549,0.46890984
976.40000000,5.12237000,1.34457000,0.36627978,0.46900550
976.60000000,5.12237000,1.34457000,0.36635448,0.46910113
976.80000000,5.12125000,1.33702000,0.36642897,0.46919623
977.00000000,5.12087000,1.35136000,0.36650365,0.46929235
977.20000000,5.12150000,1.33987000,0.36657840,0.46938766
977.40000000,5.12150000,1.33987000,0.36665284,0.46948298
977.60000000,5.12200000,1.34716000,0.36672748,0.46957880
977.80000000,5.12125000,1.35148000,0.36680244,0.46967495
978.00000000,5.12237000,1.33913000,0.36687718,0.46977018
978.20000000,5.12050000,1.29600000,0.36695038,0.46986235
978.40000000,5.12050000,1.29600000,0.36702238,0.46995454
978.60000000,5.12162000,1.37939000,0.36709670,0.47005267
978.80000000,5.12175000,1.40505000,0.36717404,0.47015260
979.00000000,5.12087000,1.39801000,0.36725190,0.47025203
979.20000000,5.12087000,1.39801000,0.36732957,0.47035148
979.40000000,5.12187000,1.39500000,0.36740715,0.47045071
979.60000000,5.12137000,1.41702000,0.36748527,0.47055151
979.80000000,5.12200000,1.39267000,0.36756331,0.47065057
980.00000000,5.12125000,1.39875000,0.36764085,0.47075006
980.20000000,5.12125000,1.39875000,0.36771856,0.47084955
980.40000000,5.12112000,1.38294000,0.36779583,0.47094792
980.60000000,5.12125000,1.33798000,0.36787141,0.47104308
980.80000000,5.12100000,1.33212000,0.36794558,0.47113783
981.00000000,5.12100000,1.33212000,0.36801959,0.47123258
981.20000000,5.12150000,1.31859000,0.36809322,0.47132638
981.40000000,5.12162000,1.34614000,0.36816724,0.47142213
981.60000000,5.12150000,1.33795000,0.36824180,0.47151731
981.80000000,5.12187000,1.35756000,0.36831667,0.47161388
982.00000000,5.12187000,1.35756000,0.36839209,0.47171046
982.20000000,5.12187000,1.33392000,0.36846685,0.47180534
982.40000000,5.12175000,1.33264000,0.36854093,0.47190014
982.60000000,5.12137000,1.32966000,0.36861488,0.47199471
982.80000000,5.12137000,1.32966000,0.36868875,0.47208927
983.00000000,5.12037000,1.31760000,0.36876228,0.47218300
983.20000000,5.12137000,1.38646000,0.36883740,0.47228161
983.40000000,5.12137000,1.39862000,0.36891476,0.47238110
983.60000000,5.12187000,1.39696000,0.36899241,0.47248047
983.80000000,5.12187000,1.39696000,0.36907002,0.47257983
984.00000000,5.12087000,1.40028000,0.36914772,0.47267943
984.20000000,5.12137000,1.39884000,0.36922548,0.47277893
984.40000000,5.12187000,1.40592000,0.36930339,0.47287895
984.60000000,5.12187000,1.40592000,0.36938149,0.47297894
984.80000000,5.12087000,1.37440000,0.36945873,0.47307669
985.00000000,5.12100000,1.38332000,0.36953533,0.47317509
985.20000000,5.12137000,1.37408000,0.36961192,0.47327283
985.40000000,5.12137000,1.37408000,0.36968826,0.47337057
985.60000000,5.12175000,1.39929000,0.36976530,0.47347011
985.80000000,5.12187000,1.38156000,0.36984255,0.47356838
986.00000000,5.12100000,1.38560000,0.36991941,0.47366695
986.20000000,5.12212000,1.38387000,0.36999634,0.47376540
986.40000000,5.12212000,1.38387000,0.37007322,0.47386382
986.60000000,5.12075000,1.38448000,0.37015012,0.47396231
986.80000000,5.12187000,1.40227000,0.37022753,0.47406203
987.00000000,5.12037000,1.38732000,0.37030502,0.47416070
987.20000000,5.12037000,1.38732000,0.37038209,0.47425936
987.40000000,5.12062000,1.38646000,0.37045914,0.47435796
987.60000000,5.12012000,1.36966000,0.37053570,0.47445537
987.80000000,5.12075000,1.37910000,0.37061206,0.47455347
988.00000000,5.12162000,1.36316000,0.37068823,0.47465044
988.20000000,5.12162000,1.36316000,0.37076396,0.47474738
988.40000000,5.12025000,1.43273000,0.37084162,0.47484931
988.60000000,5.12237000,1.41356000,0.37092069,0.47494986
988.80000000,5.12175000,1.40316000,0.37099893,0.47504968
989.00000000,5.12175000,1.40316000,0.37107688,0.47514949
989.20000000,5.12162000,1.40067000,0.37115477,0.47524911
989.40000000,5.12125000,1.40275000,0.37123264,0.47534887
989.60000000,5.12037000,1.33161000,0.37130859,0.47544358
989.80000000,5.12100000,1.33164000,0.37138257,0.47553830
990.00000000,5.12100000,1.33164000,0.37145655,0.47563303
990.20000000,5.12212000,1.33644000,0.37153067,0.47572808
990.40000000,5.12087000,1.33094000,0.37160476,0.47582275
990.60000000,5.12112000,1.33257000,0.37167875,0.47591753
990.80000000,5.12112000,1.33257000,0.37175278,0.47601230
991.00000000,5.12037000,1.34048000,0.37182703,0.47610763
991.20000000,5.12050000,1.33315000,0.37190130,0.47620245
991.40000000,5.12087000,1.36640000,0.37197629,0.47629964
991.60000000,5.12150000,1.32547000,0.37205106,0.47639392
991.80000000,5.12150000,1.32547000,0.37212470,0.47648820
992.00000000,5.12137000,1.34166000,0.37219878,0.47658361
992.20000000,5.12000000,1.30892000,0.37227241,0.47667669
992.40000000,5.11987000,1.33708000,0.37234591,0.47677177
992.60000000,5.12075000,1.30745000,0.37241937,0.47686475
992.80000000,5.12075000,1.30745000,0.37249201,0.47695775
993.00000000,5.12100000,1.33766000,0.37256548,0.47705287
993.20000000,5.12025000,1.34502000,0.37264000,0.47714856
993.40000000,5.12187000,1.33868000,0.37271455,0.47724378
993.60000000,5.12187000,1.33868000,0.37278892,0.47733900
993.80000000,5.12125000,1.33737000,0.37286325,0.47743411
994.00000000,5.12025000,1.33334000,0.37293744,0.47752895
994.20000000,5.12125000,1.33888000,0.37301167,0.47762418
994.40000000,5.12112000,1.34371000,0.37308618,0.47771975
994.60000000,5.12112000,1.34371000,0.37316084,0.47781532
994.80000000,5.12100000,1.33174000,0.37323515,0.47791003
995.00000000,5.12037000,1.30166000,0.37330830,0.47800261
995.20000000,5.12100000,1.31430000,0.37338097,0.47809609
995.40000000,5.12100000,1.31430000,0.37345399,0.47818956
995.60000000,5.12062000,1.32630000,0.37352734,0.47828389
995.80000000,5.12075000,1.33116000,0.37360115,0.47837859
996.00000000,5.12187000,1.29568000,0.37367412,0.47847076
996.20000000,5.12112000,1.33548000,0.37374721,0.47856575
996.40000000,5.12112000,1.33548000,0.37382140,0.47866075
996.60000000,5.12175000,1.32889000,0.37389541,0.47875528
996.80000000,5.12187000,1.32528000,0.37396914,0.47884956
997.00000000,5.12112000,1.33014000,0.37404290,0.47894417
997.20000000,5.12112000,1.33014000,0.37411680,0.47903877
997.40000000,5.12100000,1.34048000,0.37419098,0.47913411
997.60000000,5.12062000,1.30944000,0.37426459,0.47922723
997.80000000,5.12050000,1.33094000,0.37433793,0.47932188
998.00000000,5.12050000,1.33094000,0.37441188,0.47941653
998.20000000,5.11987000,1.33894000,0.37448604,0.47951176
998.40000000,5.12087000,1.31833000,0.37455985,0.47960552
998.60000000,5.12087000,1.32268000,0.37463321,0.47969959
998.80000000,5.12112000,1.32800000,0.37470684,0.47979405
999.00000000,5.12112000,1.32800000,0.37478062,0.47988849
999.20000000,5.12012000,1.33296000,0.37485454,0.47998331
999.40000000,5.12200000,1.35280000,0.37492914,0.48007953
999.60000000,5.12075000,1.32729000,0.37500359,0.48017392
999.80000000,5.12075000,1.32729000,0.37507733,0.48026833
1000.00000000,5.12087000,1.31884000,0.37515083,0.48036213
1000.20000000,5.12100000,1.32979000,0.37522440,0.48045671
1000.40000000,5.12100000,1.33468000,0.37529842,0.48055164
1000.60000000,5.12087000,1.32736000,0.37537236,0.48064604
1000.80000000,5.12087000,1.32736000,0.37544610,0.48074045
1001.00000000,5.12075000,1.37568000,0.37552119,0.48083830
1001.20000000,5.12125000,1.40300000,0.37559837,0.48093811
1001.40000000,5.12212000,1.37398000,0.37567551,0.48103585
1001.60000000,5.12212000,1.37398000,0.37575184,0.48113359
1001.80000000,5.12187000,1.40393000,0.37582901,0.48123345
1002.00000000,5.12100000,1.40524000,0.37590704,0.48133340
1002.20000000,5.12112000,1.39827000,0.37598492,0.48143284
1002.40000000,5.12062000,1.36665000,0.37606172,0.48153004
1002.60000000,5.12062000,1.36665000,0.37613765,0.48162724
1002.80000000,5.12112000,1.35504000,0.37621325,0.48172362
1003.00000000,5.12112000,1.31824000,0.37628751,0.48181739
1003.20000000,5.12137000,1.32326000,0.37636088,0.48191151
1003.40000000,5.12137000,1.32326000,0.37643439,0.48200564
1003.60000000,5.12162000,1.32988000,0.37650809,0.48210025
1003.80000000,5.12237000,1.28560000,0.37658075,0.48219168
1004.00000000,5.12037000,1.32892000,0.37665337,0.48228619
1004.20000000,5.12062000,1.33888000,0.37672748,0.48238141
1004.40000000,5.12062000,1.33888000,0.37680186,0.48247665
1004.60000000,5.12162000,1.35728000,0.37687675,0.48257320
1004.80000000,5.12175000,1.40140000,0.37695338,0.48267287
1005.00000000,5.12037000,1.36700000,0.37703028,0.48277008
1005.20000000,5.12037000,1.36700000,0.37710623,0.48286732
1005.40000000,5.12137000,1.39136000,0.37718285,0.48296629
1005.60000000,5.12175000,1.40217000,0.37726045,0.48306604
1005.80000000,5.12175000,1.39318000,0.37733809,0.48316513
1006.00000000,5.12125000,1.38150000,0.37741517,0.48326340
1006.20000000,5.12125000,1.38150000,0.37749192,0.48336169
1006.40000000,5.12262000,1.39705000,0.37756910,0.48346105
1006.60000000,5.12075000,1.34163000,0.37764518,0.48355648
1006.80000000,5.12150000,1.35651000,0.37772012,0.48365297
1007.00000000,5.12125000,1.33190000,0.37779480,0.48374770
1007.20000000,5.12125000,1.33190000,0.37786880,0.48384244
1007.40000000,5.12112000,1.32358000,0.37794256,0.48393659
1007.60000000,5.12175000,1.34630000,0.37801672,0.48403235
1007.80000000,5.12150000,1.32300000,0.37809087,0.48412646
1008.00000000,5.12150000,1.32300000,0.37816437,0.48422055
1008.20000000,5.12075000,1.36867000,0.37823914,0.48431790
1008.40000000,5.12087000,1.35312000,0.37831474,0.48441416
1008.60000000,5.12200000,1.32256000,0.37838907,0.48450822
1008.80000000,5.12075000,1.32300000,0.37846256,0.48460231
1009.00000000,5.12075000,1.32300000,0.37853606,0.48469643
1009.20000000,5.12175000,1.36998000,0.37861086,0.48479387
1009.40000000,5.12125000,1.40560000,0.37868796,0.48489385
1009.60000000,5.12112000,1.36102000,0.37876481,0.48499065
1009.80000000,5.12112000,1.36102000,0.37884042,0.48508747
1010.00000000,5.12187000,1.37564000,0.37891644,0.48518532
1010.20000000,5.12125000,1.40051000,0.37899356,0.48528494
1010.40000000,5.12137000,1.36064000,0.37907026,0.48538172
1010.60000000,5.12125000,1.38617000,0.37914656,0.48548031
1010.80000000,5.12125000,1.38617000,0.37922357,0.48557892
1011.00000000,5.12200000,1.40051000,0.37930097,0.48567855
1011.20000000,5.12162000,1.40313000,0.37937885,0.48577836
1011.40000000,5.12175000,1.39881000,0.37945668,0.48587786
1011.60000000,5.12175000,1.39881000,0.37953440,0.48597735
1011.80000000,5.12087000,1.38864000,0.37961182,0.48607610
1012.00000000,5.12000000,1.40272000,0.37968936,0.48617588
1012.20000000,5.12162000,1.40243000,0.37976728,0.48627564
1012.40000000,5.12162000,1.40243000,0.37984520,0.48637536
1012.60000000,5.11975000,1.38656000,0.37992267,0.48647399
1012.80000000,5.12162000,1.40921000,0.38000033,0.48657423
1013.00000000,5.12150000,1.39363000,0.38007818,0.48667337
1013.20000000,5.12150000,1.39363000,0.38015561,0.48677249
1013.40000000,5.12125000,1.38105000,0.38023268,0.48687073
1013.60000000,5.12137000,1.40707000,0.38031013,0.48697082
1013.80000000,5.12200000,1.40774000,0.38038832,0.48707096
1014.00000000,5.12137000,1.39606000,0.38046620,0.48717026
1014.20000000,5.12137000,1.39606000,0.38054376,0.48726957
1014.40000000,5.12175000,1.41273000,0.38062178,0.48737006
1014.60000000,5.12150000,1.39916000,0.38069989,0.48746956
1014.80000000,5.12037000,1.37980000,0.38077709,0.48756769
1015.00000000,5.12212000,1.37088000,0.38085349,0.48766521
1015.20000000,5.12212000,1.37088000,0.38092965,0.48776271
1015.40000000,5.12087000,1.39308000,0.38100643,0.48786181
1015.60000000,5.12187000,1.38806000,0.38108368,0.48796054
1015.80000000,5.12112000,1.38819000,0.38116080,0.48805928
1016.00000000,5.12112000,1.38819000,0.38123792,0.48815799
1016.20000000,5.11987000,1.37568000,0.38131470,0.48825584
1016.40000000,5.12125000,1.41353000,0.38139218,0.48835638
1016.60000000,5.12112000,1.37334000,0.38146959,0.48845407
1016.80000000,5.12125000,1.39171000,0.38154640,0.48855306
1017.00000000,5.12125000,1.39171000,0.38162371,0.48865204
1017.20000000,5.12112000,1.38480000,0.38170084,0.48875054
1017.40000000,5.12100000,1.35033000,0.38177681,0.48884658
1017.60000000,5.12112000,1.36425000,0.38185222,0.48894362
1017.80000000,5.12112000,1.36425000,0.38192801,0.48904064
1018.00000000,5.12050000,1.38172000,0.38200429,0.48913889
1018.20000000,5.11987000,1.38902000,0.38208125,0.48923769
1018.40000000,5.12125000,1.38857000,0.38215841,0.48933644
1018.60000000,5.12050000,1.40544000,0.38223602,0.48943640
1018.80000000,5.12050000,1.40544000,0.38231410,0.48953636
1019.00000000,5.12125000,1.39244000,0.38239182,0.48963540
1019.20000000,5.12100000,1.39699000,0.38246930,0.48973478
1019.40000000,5.12212000,1.40534000,0.38254714,0.48983476
1019.60000000,5.12212000,1.40534000,0.38262522,0.48993471
1019.80000000,5.12087000,1.36934000,0.38270229,0.49003211
1020.00000000,5.12125000,1.38710000,0.38277886,0.49013078
1020.20000000,5.12137000,1.40230000,0.38285634,0.49023053
1020.40000000,5.12162000,1.40544000,0.38293434,0.49033050
1020.60000000,5.12162000,1.40544000,0.38301242,0.49043046
1020.80000000,5.12112000,1.40566000,0.38309050,0.49053045
1021.00000000,5.12162000,1.39942000,0.38316842,0.49063000
1021.20000000,5.12137000,1.40035000,0.38324619,0.49072960
1021.40000000,5.12137000,1.40035000,0.38332399,0.49082922
1021.60000000,5.12212000,1.40028000,0.38340179,0.49092883
1021.80000000,5.12162000,1.40105000,0.38347960,0.49102850
1022.00000000,5.12200000,1.39747000,0.38355734,0.49112791
1022.20000000,5.12200000,1.39747000,0.38363498,0.49122731
1022.40000000,5.12112000,1.32822000,0.38371069,0.49132178
1022.60000000,5.12112000,1.33376000,0.38378463,0.49141665
1022.80000000,5.12100000,1.32819000,0.38385858,0.49151111
1023.00000000,5.12100000,1.32819000,0.38393236,0.49160558
1023.20000000,5.12075000,1.33494000,0.38400634,0.49170053
1023.40000000,5.12125000,1.28816000,0.38407920,0.49179213
1023.60000000,5.11975000,1.29398000,0.38415093,0.49188415
1023.80000000,5.12050000,1.33216000,0.38422388,0.49197889
1024.00000000,5.12050000,1.33216000,0.38429789,0.49207363
1024.20000000,5.12050000,1.33488000,0.38437197,0.49216857
1024.40000000,5.12062000,1.32243000,0.38444579,0.49226261
1024.60000000,5.12000000,1.33676000,0.38451965,0.49235767
1024.80000000,5.12000000,1.33676000,0.38459392,0.49245273
1025.00000000,5.12025000,1.34198000,0.38466833,0.49254818
1025.20000000,5.12125000,1.33267000,0.38474262,0.49264299
1025.40000000,5.12175000,1.33696000,0.38481678,0.49273807
1025.60000000,5.12075000,1.34108000,0.38489117,0.49283345
1025.80000000,5.12075000,1.34108000,0.38496567,0.49292882
1026.00000000,5.12025000,1.32649000,0.38503977,0.49302317
1026.20000000,5.12100000,1.33840000,0.38511380,0.49311833
1026.40000000,5.11937000,1.32288000,0.38518772,0.49321242
1026.60000000,5.12112000,1.33305000,0.38526150,0.49330724
1026.80000000,5.12112000,1.33305000,0.38533556,0.49340206
1027.00000000,5.12137000,1.30809000,0.38540892,0.49349509
1027.20000000,5.12087000,1.30416000,0.38548148,0.49358786
1027.40000000,5.12112000,1.34115000,0.38555496,0.49368325
1027.60000000,5.12112000,1.34115000,0.38562947,0.49377866
1027.80000000,5.12250000,1.34233000,0.38570401,0.49387412
1028.00000000,5.12012000,1.32521000,0.38577811,0.49396838
1028.20000000,5.12125000,1.31440000,0.38585143,0.49406188
1028.40000000,5.12187000,1.37728000,0.38592620,0.49415986
1028.60000000,5.12187000,1.37728000,0.38600272,0.49425782
1028.80000000,5.12125000,1.32579000,0.38607780,0.49435213
1029.00000000,5.12137000,1.31705000,0.38615122,0.49444581
1029.20000000,5.12125000,1.33385000,0.38622485,0.49454068
1029.40000000,5.12125000,1.33385000,0.38629895,0.49463556
1029.60000000,5.12162000,1.33254000,0.38637302,0.49473034
1029.80000000,5.12125000,1.33107000,0.38644701,0.49482501
1030.00000000,5.12050000,1.33120000,0.38652096,0.49491969
1030.20000000,5.12112000,1.32672000,0.38659479,0.49501406
1030.40000000,5.12112000,1.32672000,0.38666850,0.49510841
1030.60000000,5.12075000,1.33820000,0.38674253,0.49520361
1030.80000000,5.12162000,1.29123000,0.38681557,0.49529545
1031.00000000,5.12125000,1.33942000,0.38688864,0.49539072
1031.20000000,5.12125000,1.33942000,0.38696305,0.49548599
1031.40000000,5.12112000,1.31619000,0.38703682,0.49557958
1031.60000000,5.11987000,1.33488000,0.38711046,0.49567452
1031.80000000,5.12100000,1.32822000,0.38718443,0.49576900
1032.00000000,5.12125000,1.36601000,0.38725927,0.49586616
1032.20000000,5.12125000,1.36601000,0.38733516,0.49596332
1032.40000000,5.12125000,1.39833000,0.38741195,0.49606280
1032.60000000,5.12225000,1.38259000,0.38748920,0.49616115
1032.80000000,5.12137000,1.40182000,0.38756654,0.49626086
1033.00000000,5.12287000,1.41273000,0.38764472,0.49636138
1033.20000000,5.12287000,1.41273000,0.38772321,0.49646187
1033.40000000,5.12150000,1.37411000,0.38780062,0.49655962
1033.60000000,5.12212000,1.39011000,0.38787741,0.49665852
1033.80000000,5.12212000,1.38297000,0.38795444,0.49675690
1034.00000000,5.12212000,1.38297000,0.38803127,0.49685528
1034.20000000,5.12187000,1.39718000,0.38810849,0.49695469
1034.40000000,5.12275000,1.40659000,0.38818638,0.49705477
1034.60000000,5.12312000,1.38793000,0.38826400,0.49715353
1034.80000000,5.12112000,1.33651000,0.38833968,0.49724859
1035.00000000,5.12112000,1.33651000,0.38841393,0.49734368
1035.20000000,5.12225000,1.32409000,0.38848784,0.49743788
1035.40000000,5.12237000,1.34112000,0.38856187,0.49753326
1035.60000000,5.12100000,1.34176000,0.38863639,0.49762870
1035.80000000,5.12100000,1.34176000,0.38871094,0.49772414
1036.00000000,5.12175000,1.33481000,0.38878529,0.49781910
1036.20000000,5.12175000,1.33507000,0.38885945,0.49791405
1036.40000000,5.12100000,1.33344000,0.38893357,0.49800889
1036.60000000,5.12100000,1.33344000,0.38900765,0.49810374
1036.80000000,5.12137000,1.35440000,0.38908232,0.49820010
1037.00000000,5.12262000,1.39027000,0.38915856,0.49829900
1037.20000000,5.12187000,1.36316000,0.38923504,0.49839597
1037.40000000,5.12187000,1.36316000,0.38931077,0.49849295
1037.60000000,5.12200000,1.40275000,0.38938760,0.49859275
1037.80000000,5.12237000,1.39878000,0.38946542,0.49869228
1038.00000000,5.12325000,1.40019000,0.38954317,0.49879186
1038.20000000,5.12087000,1.38630000,0.38962058,0.49889046
1038.40000000,5.12087000,1.38630000,0.38969759,0.49898907
1038.60000000,5.12137000,1.38300000,0.38977452,0.49908745
1038.80000000,5.12187000,1.33107000,0.38984991,0.49918215
1039.00000000,5.12250000,1.34144000,0.38992414,0.49927759
1039.20000000,5.12250000,1.34144000,0.38999867,0.49937302
1039.40000000,5.12187000,1.34083000,0.39007318,0.49946840
1039.60000000,5.12212000,1.33782000,0.39014758,0.49956356
1039.80000000,5.12100000,1.33059000,0.39022171,0.49965820
1040.00000000,5.12137000,1.26531000,0.39029381,0.49974820
1040.20000000,5.12137000,1.26531000,0.39036411,0.49983821
1040.40000000,5.12150000,1.33296000,0.39043628,0.49993302
1040.60000000,5.12150000,1.30931000,0.39050968,0.50002615
1040.80000000,5.12137000,1.34051000,0.39058329,0.50012150
1041.00000000,5.12137000,1.34051000,0.39065776,0.50021685
1041.20000000,5.12087000,1.30336000,0.39073120,0.50030957
1041.40000000,5.12250000,1.31884000,0.39080404,0.50040336
1041.60000000,5.12025000,1.33203000,0.39087767,0.50049813
1041.80000000,5.12237000,1.32499000,0.39095148,0.50059239
1042.00000000,5.12237000,1.32499000,0.39102509,0.50068665
1042.20000000,5.12200000,1.32851000,0.39109880,0.50078117
1042.40000000,5.12225000,1.34105000,0.39117295,0.50087655
1042.60000000,5.12087000,1.33196000,0.39124720,0.50097128
1042.80000000,5.12175000,1.33126000,0.39132118,0.50106598
1043.00000000,5.12175000,1.33126000,0.39139514,0.50116069
1043.20000000,5.12237000,1.32912000,0.39146904,0.50125523
1043.40000000,5.12137000,1.33254000,0.39154298,0.50135001
1043.60000000,5.12100000,1.29094000,0.39161585,0.50144183
1043.80000000,5.12100000,1.29094000,0.39168757,0.50153366
1044.00000000,5.12175000,1.33190000,0.39176043,0.50162838
1044.20000000,5.12075000,1.30908000,0.39183379,0.50172149
1044.40000000,5.12087000,1.33753000,0.39190730,0.50181661
1044.60000000,5.12037000,1.32742000,0.39198133,0.50191101
1044.80000000,5.12037000,1.32742000,0.39205507,0.50200541
1045.00000000,5.12050000,1.34035000,0.39212918,0.50210076
1045.20000000,5.12162000,1.37350000,0.39220456,0.50219846
1045.40000000,5.12175000,1.39315000,0.39228142,0.50229756
1045.60000000,5.12175000,1.39315000,0.39235881,0.50239668
1045.80000000,5.12237000,1.40291000,0.39243648,0.50249649
1046.00000000,5.12225000,1.38678000,0.39251397,0.50259512
1046.20000000,5.12112000,1.36742000,0.39259048,0.50269238
1046.40000000,5.12112000,1.36742000,0.39266645,0.50278966
1046.60000000,5.12212000,1.36745000,0.39274241,0.50288692
1046.80000000,5.12100000,1.35446000,0.39281802,0.50298329
1047.00000000,5.12262000,1.38291000,0.39289406,0.50308168
1047.20000000,5.12225000,1.38384000,0.39297092,0.50318013
1047.40000000,5.12225000,1.38384000,0.39304780,0.50327857
1047.60000000,5.12187000,1.39532000,0.39312499,0.50337784
1047.80000000,5.12225000,1.38128000,0.39320212,0.50347609
1048.00000000,5.12125000,1.31830000,0.39327711,0.50356985
1048.20000000,5.12125000,1.31830000,0.39335035,0.50366364
1048.40000000,5.12200000,1.40252000,0.39342593,0.50376341
1048.60000000,5.12175000,1.35404000,0.39350250,0.50385973
1048.80000000,5.12175000,1.38534000,0.39357859,0.50395827
1049.00000000,5.12175000,1.38534000,0.39365556,0.50405685
1049.20000000,5.12325000,1.40448000,0.39373305,0.50415676
1049.40000000,5.12212000,1.43238000,0.39381185,0.50425865
1049.60000000,5.12150000,1.39024000,0.39389026,0.50435755
1049.80000000,5.12212000,1.40451000,0.39396789,0.50445747
1050.00000000,5.12212000,1.40451000,0.39404592,0.50455737
1050.20000000,5.12125000,1.36793000,0.39412293,0.50465467
1050.40000000,5.12137000,1.28608000,0.39419665,0.50474614
1050.60000000,5.12075000,1.32524000,0.39426919,0.50484039
1050.80000000,5.12075000,1.32524000,0.39434281,0.50493464
1051.00000000,5.12025000,1.30038000,0.39441575,0.50502713
1051.20000000,5.12112000,1.32828000,0.39448877,0.50512162
1051.40000000,5.12175000,1.32969000,0.39456260,0.50521619
1051.60000000,5.12075000,1.32633000,0.39463638,0.50531052
1051.80000000,5.12075000,1.32633000,0.39471006,0.50540485
1052.00000000,5.12087000,1.32672000,0.39478376,0.50549920
1052.20000000,5.12050000,1.31376000,0.39485711,0.50559266
1052.40000000,5.12175000,1.34288000,0.39493090,0.50568816
1052.60000000,5.12025000,1.35363000,0.39500580,0.50578442
1052.80000000,5.12025000,1.35363000,0.39508101,0.50588073
1053.00000000,5.12287000,1.33612000,0.39515572,0.50597575
1053.20000000,5.12012000,1.31667000,0.39522941,0.50606941
1053.40000000,5.12162000,1.31977000,0.39530264,0.50616329
1053.60000000,5.12162000,1.31977000,0.39537596,0.50625716
1053.80000000,5.12100000,1.31996000,0.39544929,0.50635105
1054.00000000,5.12187000,1.34406000,0.39552329,0.50644666
1054.20000000,5.12150000,1.32601000,0.39559746,0.50654096
1054.40000000,5.12062000,1.33987000,0.39567151,0.50663626
1054.60000000,5.12062000,1.33987000,0.39574595,0.50673155
1054.80000000,5.12100000,1.31808000,0.39581978,0.50682528
1055.00000000,5.11987000,1.35558000,0.39589405,0.50692170
1055.20000000,5.12100000,1.40035000,0.39597060,0.50702130
1055.40000000,5.12100000,1.40035000,0.39604840,0.50712092
1055.60000000,5.12200000,1.40115000,0.39612622,0.50722058
1055.80000000,5.12112000,1.37590000,0.39620336,0.50731845
1056.00000000,5.12187000,1.39321000,0.39628028,0.50741757
1056.20000000,5.12212000,1.38736000,0.39635752,0.50751626
1056.40000000,5.12212000,1.38736000,0.39643459,0.50761495
1056.60000000,5.12150000,1.36867000,0.39651115,0.50771231
1056.80000000,5.12175000,1.36531000,0.39658709,0.50780944
1057.00000000,5.12187000,1.34118000,0.39666227,0.50790484
1057.20000000,5.12187000,1.34118000,0.39673678,0.50800025
1057.40000000,5.12187000,1.33331000,0.39681108,0.50809509
1057.60000000,5.12162000,1.31657000,0.39688468,0.50818873
1057.80000000,5.12100000,1.33385000,0.39695831,0.50828360
1058.00000000,5.12050000,1.32387000,0.39703213,0.50837775
1058.20000000,5.12050000,1.32387000,0.39710568,0.50847190
1058.40000000,5.12087000,1.30937000,0.39717883,0.50856503
1058.60000000,5.12062000,1.33564000,0.39725230,0.50866001
1058.80000000,5.12012000,1.37104000,0.39732748,0.50875751
1059.00000000,5.12012000,1.37104000,0.39740365,0.50885502
1059.20000000,5.12087000,1.39158000,0.39748039,0.50895398
1059.40000000,5.12037000,1.38374000,0.39755748,0.50905241
1059.60000000,5.12162000,1.39836000,0.39763476,0.50915188
1059.80000000,5.12212000,1.39481000,0.39771235,0.50925111
1060.00000000,5.12212000,1.39481000,0.39778984,0.50935032
1060.20000000,5.12137000,1.39865000,0.39786744,0.50944982
1060.40000000,5.12200000,1.39552000,0.39794505,0.50954910
1060.60000000,5.12225000,1.35692000,0.39802151,0.50964564
1060.80000000,5.12225000,1.35692000,0.39809689,0.50974216
1061.00000000,5.12137000,1.33244000,0.39817160,0.50983692
1061.20000000,5.12050000,1.32137000,0.39824532,0.50993090
1061.40000000,5.12125000,1.31734000,0.39831861,0.51002460
1061.60000000,5.12125000,1.31734000,0.39839180,0.51011830
1061.80000000,5.12112000,1.33033000,0.39846535,0.51021293
1062.00000000,5.12150000,1.33475000,0.39853938,0.51030786
1062.20000000,5.12075000,1.32396000,0.39861323,0.51040202
1062.40000000,5.12075000,1.30576000,0.39868628,0.51049489
1062.60000000,5.12075000,1.30576000,0.39875882,0.51058778
1062.80000000,5.12187000,1.32540000,0.39883191,0.51068204
1063.00000000,5.12037000,1.33356000,0.39890577,0.51077689
1063.20000000,5.12150000,1.32838000,0.39897971,0.51087138
1063.40000000,5.12150000,1.32838000,0.39905351,0.51096587
1063.60000000,5.12100000,1.32886000,0.39912732,0.51106038
1063.80000000,5.12087000,1.33868000,0.39920142,0.51115559
1064.00000000,5.12112000,1.32176000,0.39927532,0.51124962
1064.20000000,5.12175000,1.32707000,0.39934890,0.51134402
1064.40000000,5.12175000,1.32707000,0.39942262,0.51143843
1064.60000000,5.12200000,1.34256000,0.39949678,0.51153392
1064.80000000,5.12100000,1.30665000,0.39957037,0.51162684
1065.00000000,5.12050000,1.33072000,0.39964363,0.51172148
1065.20000000,5.12050000,1.33072000,0.39971756,0.51181612
1065.40000000,5.12050000,1.29481000,0.39979049,0.51190820
1065.60000000,5.12050000,1.33472000,0.39986353,0.51200315
1065.80000000,5.12175000,1.31158000,0.39993704,0.51209641
1066.00000000,5.11987000,1.33654000,0.40001060,0.51219145
1066.20000000,5.11987000,1.33654000,0.40008485,0.51228651
1066.40000000,5.12087000,1.34128000,0.40015924,0.51238190
1066.60000000,5.12012000,1.32262000,0.40023323,0.51247596
1066.80000000,5.12075000,1.33795000,0.40030714,0.51257112
1067.00000000,5.12075000,1.33891000,0.40038150,0.51266634
1067.20000000,5.12075000,1.33891000,0.40045588,0.51276157
1067.40000000,5.12100000,1.32825000,0.40052997,0.51285603
1067.60000000,5.12025000,1.29910000,0.40060295,0.51294844
1067.80000000,5.12150000,1.32864000,0.40067594,0.51304295
1068.00000000,5.12150000,1.32864000,0.40074976,0.51313744
1068.20000000,5.12037000,1.30220000,0.40082283,0.51323006
1068.40000000,5.12137000,1.33289000,0.40089603,0.51332487
1068.60000000,5.12112000,1.32742000,0.40096993,0.51341927
1068.80000000,5.12062000,1.33702000,0.40104394,0.51351436
1069.00000000,5.12062000,1.33702000,0.40111822,0.51360947
1069.20000000,5.12175000,1.33939000,0.40119256,0.51370475
1069.40000000,5.12200000,1.34611000,0.40126716,0.51380049
1069.60000000,5.12075000,1.34537000,0.40134193,0.51389618
1069.80000000,5.12075000,1.34537000,0.40141667,0.51399187
1070.00000000,5.12112000,1.33353000,0.40149108,0.51408673
1070.20000000,5.12175000,1.37504000,0.40156632,0.51418453
1070.40000000,5.12087000,1.30089000,0.40164065,0.51427707
1070.60000000,5.12187000,1.30892000,0.40171315,0.51437018
1070.80000000,5.12187000,1.30892000,0.40178586,0.51446329
1071.00000000,5.12150000,1.33715000,0.40185937,0.51455839
1071.20000000,5.12075000,1.32636000,0.40193335,0.51465271
1071.40000000,5.12012000,1.32172000,0.40200691,0.51474670
1071.60000000,5.12012000,1.32172000,0.40208034,0.51484072
1071.80000000,5.12187000,1.33683000,0.40215419,0.51493581
1072.00000000,5.12162000,1.34617000,0.40222872,0.51503156
1072.20000000,5.12112000,1.33280000,0.40230313,0.51512636
1072.40000000,5.12112000,1.32665000,0.40237700,0.51522072
1072.60000000,5.12112000,1.32665000,0.40245071,0.51531508
1072.80000000,5.12100000,1.33427000,0.40252462,0.51540998
1073.00000000,5.12125000,1.35894000,0.40259943,0.51550663
1073.20000000,5.12050000,1.38220000,0.40267558,0.51560493
1073.40000000,5.12050000,1.38220000,0.40275236,0.51570326
1073.60000000,5.12212000,1.40838000,0.40282988,0.51580344
1073.80000000,5.12162000,1.37996000,0.40290733,0.51590162
1074.00000000,5.12250000,1.41299000,0.40298492,0.51600215
1074.20000000,5.12250000,1.41299000,0.40306342,0.51610267
1074.40000000,5.12212000,1.40643000,0.40314173,0.51620274
1074.60000000,5.12287000,1.39766000,0.40321962,0.51630215
1074.80000000,5.12137000,1.37372000,0.40329661,0.51639987
1075.00000000,5.12250000,1.38000000,0.40337310,0.51649805
1075.20000000,5.12250000,1.38000000,0.40344977,0.51659623
1075.40000000,5.12250000,1.36742000,0.40352608,0.51669348
1075.60000000,5.12087000,1.39366000,0.40360278,0.51679264
1075.80000000,5.12275000,1.36902000,0.40367952,0.51689005
1076.00000000,5.12275000,1.36902000,0.40375558,0.51698744
1076.20000000,5.12212000,1.39452000,0.40383234,0.51708665
1076.40000000,5.12200000,1.38662000,0.40390960,0.51718526
1076.60000000,5.12075000,1.35084000,0.40398564,0.51728135
1076.80000000,5.12150000,1.39337000,0.40406187,0.51738046
1077.00000000,5.12150000,1.39337000,0.40413928,0.51747959
1077.20000000,5.12237000,1.38326000,0.40421640,0.51757799
1077.40000000,5.12175000,1.39520000,0.40429358,0.51767725
1077.60000000,5.12212000,1.39382000,0.40437106,0.51777641
1077.80000000,5.12212000,1.39382000,0.40444849,0.51787557
1078.00000000,5.12250000,1.37318000,0.40452535,0.51797327
1078.20000000,5.12262000,1.39878000,0.40460235,0.51807278
1078.40000000,5.12225000,1.39411000,0.40467993,0.51817197
1078.60000000,5.12262000,1.38038000,0.40475700,0.51827018
1078.80000000,5.12262000,1.38038000,0.40483369,0.51836839
1079.00000000,5.12250000,1.40540000,0.40491107,0.51846837
1079.20000000,5.12212000,1.40828000,0.40498923,0.51856858
1079.40000000,5.12350000,1.41788000,0.40506773,0.51866948
1079.60000000,5.12350000,1.41788000,0.40514650,0.51877036
1079.80000000,5.12287000,1.36992000,0.40522394,0.51886783
1080.00000000,5.12262000,1.38067000,0.40530035,0.51896606
1080.20000000,5.12262000,1.38585000,0.40537720,0.51906463
1080.40000000,5.12137000,1.34297000,0.40545300,0.51916016
1080.60000000,5.12137000,1.34297000,0.40552761,0.51925569
1080.80000000,5.12175000,1.35129000,0.40560245,0.51935182
1081.00000000,5.12212000,1.33952000,0.40567719,0.51944709
1081.20000000,5.12050000,1.30659000,0.40575069,0.51954001
1081.40000000,5.12050000,1.30659000,0.40582328,0.51963295
1081.60000000,5.12150000,1.32956000,0.40589651,0.51972753
1081.80000000,5.12187000,1.35062000,0.40597096,0.51982360
1082.00000000,5.12150000,1.32368000,0.40604524,0.51991778
1082.20000000,5.12262000,1.33584000,0.40611912,0.52001282
1082.40000000,5.12262000,1.33584000,0.40619333,0.52010784
1082.60000000,5.12125000,1.32547000,0.40626726,0.52020214
1082.80000000,5.12225000,1.32771000,0.40634096,0.52029658
1083.00000000,5.12150000,1.32848000,0.40641474,0.52039108
1083.20000000,5.12175000,1.33888000,0.40648883,0.52048632
1083.40000000,5.12175000,1.33888000,0.40656322,0.52058157
1083.60000000,5.12225000,1.33104000,0.40663738,0.52067625
1083.80000000,5.12137000,1.31091000,0.40671077,0.52076948
1084.00000000,5.12100000,1.31174000,0.40678362,0.52086278
1084.20000000,5.12100000,1.31174000,0.40685649,0.52095608
1084.40000000,5.12125000,1.32579000,0.40692976,0.52105038
1084.60000000,5.12075000,1.30502000,0.40700284,0.52114319
1084.80000000,5.12075000,1.31568000,0.40707563,0.52123676
1085.00000000,5.12050000,1.33228000,0.40714919,0.52133151
1085.20000000,5.12050000,1.33228000,0.40722320,0.52142627
1085.40000000,5.12137000,1.32240000,0.40729695,0.52152034
1085.60000000,5.12162000,1.34803000,0.40737112,0.52161624
1085.80000000,5.12200000,1.34422000,0.40744591,0.52171186
1086.00000000,5.12200000,1.34422000,0.40752059,0.52180750
1086.20000000,5.12237000,1.33766000,0.40759508,0.52190265
1086.40000000,5.12137000,1.31484000,0.40766876,0.52199617
1086.60000000,5.12137000,1.33513000,0.40774238,0.52209113
1086.80000000,5.12112000,1.32947000,0.40781639,0.52218569
1087.00000000,5.12112000,1.32947000,0.40789025,0.52228025
1087.20000000,5.12100000,1.31824000,0.40796380,0.52237400
1087.40000000,5.12050000,1.32528000,0.40803723,0.52246825
1087.60000000,5.12075000,1.36537000,0.40811197,0.52256536
1087.80000000,5.12075000,1.36537000,0.40818782,0.52266249
1088.00000000,5.12200000,1.40412000,0.40826475,0.52276237
1088.20000000,5.12162000,1.39769000,0.40834258,0.52286178
1088.40000000,5.12100000,1.40684000,0.40842049,0.52296185
1088.60000000,5.12187000,1.39619000,0.40849835,0.52306117
1088.80000000,5.12187000,1.39619000,0.40857591,0.52316047
1089.00000000,5.12100000,1.36227000,0.40865254,0.52325736
1089.20000000,5.12112000,1.40915000,0.40872952,0.52335762
1089.40000000,5.12250000,1.32966000,0.40880560,0.52345222
1089.60000000,5.12250000,1.32966000,0.40887947,0.52354679
1089.80000000,5.12112000,1.33321000,0.40895344,0.52364162
1090.00000000,5.12125000,1.32960000,0.40902741,0.52373619
1090.20000000,5.12087000,1.32432000,0.40910113,0.52383038
1090.40000000,5.12087000,1.32432000,0.40917470,0.52392458
1090.60000000,5.12162000,1.33907000,0.40924868,0.52401983
1090.80000000,5.12150000,1.33276000,0.40932290,0.52411463
1091.00000000,5.12125000,1.31164000,0.40939635,0.52420794
1091.20000000,5.12187000,1.32956000,0.40946972,0.52430252
1091.40000000,5.12187000,1.32956000,0.40954359,0.52439710
1091.60000000,5.12212000,1.40812000,0.40961963,0.52449724
1091.80000000,5.12037000,1.31756000,0.40969535,0.52459094
1092.00000000,5.12025000,1.33353000,0.40976899,0.52468577
1092.20000000,5.12025000,1.33353000,0.40984307,0.52478061
1092.40000000,5.12050000,1.37721000,0.40991837,0.52487856
1092.60000000,5.12087000,1.39257000,0.40999531,0.52497762
1092.80000000,5.12162000,1.39692000,0.41007279,0.52507698
1093.00000000,5.12137000,1.39718000,0.41015041,0.52517637
1093.20000000,5.12137000,1.39718000,0.41022803,0.52527576
1093.40000000,5.12187000,1.41190000,0.41030606,0.52537616
1093.60000000,5.12000000,1.38345000,0.41038371,0.52547456
1093.80000000,5.12125000,1.39126000,0.41046078,0.52557352
1094.00000000,5.12125000,1.39126000,0.41053808,0.52567248
1094.20000000,5.12137000,1.34838000,0.41061418,0.52576837
1094.40000000,5.12000000,1.31459000,0.41068815,0.52586186
1094.60000000,5.12050000,1.32473000,0.41076146,0.52595607
1094.80000000,5.12050000,1.33808000,0.41083543,0.52605123
1095.00000000,5.12050000,1.33808000,0.41090977,0.52614641
1095.20000000,5.12137000,1.33532000,0.41098403,0.52624139
1095.40000000,5.12137000,1.33558000,0.41105822,0.52633637
1095.60000000,5.12050000,1.31910000,0.41113196,0.52643019
1095.80000000,5.12050000,1.31910000,0.41120524,0.52652401
1096.00000000,5.12100000,1.33068000,0.41127885,0.52661866
1096.20000000,5.12125000,1.30336000,0.41135202,0.52671138
1096.40000000,5.12200000,1.33584000,0.41142533,0.52680637
1096.60000000,5.12000000,1.33785000,0.41149960,0.52690150
1096.80000000,5.12000000,1.33785000,0.41157392,0.52699668
1097.00000000,5.12200000,1.35302000,0.41164867,0.52709292
1097.20000000,5.12150000,1.33744000,0.41172340,0.52718806
1097.40000000,5.12200000,1.32387000,0.41179733,0.52728224
1097.60000000,5.12075000,1.32048000,0.41187078,0.52737616
1097.80000000,5.12075000,1.32048000,0.41194414,0.52747008
1098.00000000,5.12137000,1.32470000,0.41201762,0.52756429
1098.20000000,5.12050000,1.30134000,0.41209057,0.52765685
1098.40000000,5.12112000,1.33840000,0.41216389,0.52775205
1098.60000000,5.12112000,1.33840000,0.41223825,0.52784726
1098.80000000,5.12187000,1.33267000,0.41231244,0.52794204
1099.00000000,5.12062000,1.33507000,0.41238655,0.52803700
1099.20000000,5.12125000,1.35584000,0.41246130,0.52813343
1099.40000000,5.12087000,1.34617000,0.41253635,0.52822918
1099.60000000,5.12087000,1.34617000,0.41261114,0.52832492
1099.80000000,5.12100000,1.29286000,0.41268445,0.52841687
1100.00000000,5.12075000,1.33360000,0.41275740,0.52851172
1100.20000000,5.12075000,1.34790000,0.41283189,0.52860758
1100.40000000,5.12075000,1.34790000,0.41290677,0.52870346
1100.60000000,5.12150000,1.32112000,0.41298091,0.52879745
1100.80000000,5.12200000,1.31792000,0.41305422,0.52889119
1101.00000000,5.12162000,1.30204000,0.41312699,0.52898381
1101.20000000,5.12112000,1.29664000,0.41319918,0.52907604
1101.40000000,5.12112000,1.29664000,0.41327122,0.52916826
1101.60000000,5.12112000,1.33532000,0.41334433,0.52926326
1101.80000000,5.12237000,1.34080000,0.41341866,0.52935864
1102.00000000,5.12162000,1.33622000,0.41349302,0.52945369
1102.20000000,5.12162000,1.33622000,0.41356726,0.52954874
1102.40000000,5.12137000,1.32867000,0.41364128,0.52964326
1102.60000000,5.12225000,1.32649000,0.41371504,0.52973762
1102.80000000,5.12162000,1.32988000,0.41378883,0.52983222
1103.00000000,5.12162000,1.32988000,0.41386271,0.52992681
1103.20000000,5.12112000,1.30489000,0.41393590,0.53001962
1103.40000000,5.12125000,1.30016000,0.41400826,0.53011211
1103.60000000,5.12162000,1.34947000,0.41408186,0.53020810
1103.80000000,5.12162000,1.34947000,0.41415683,0.53030409
1104.00000000,5.12125000,1.33196000,0.41423131,0.53039881
1104.20000000,5.12037000,1.32649000,0.41430516,0.53049316
1104.40000000,5.12100000,1.34038000,0.41437924,0.53058849
1104.60000000,5.12112000,1.33475000,0.41445355,0.53068343
1104.80000000,5.12112000,1.33475000,0.41452770,0.53077837
1105.00000000,5.12150000,1.33888000,0.41460197,0.53087362
1105.20000000,5.12200000,1.34800000,0.41467660,0.53096950
1105.40000000,5.12112000,1.33785000,0.41475121,0.53106466
1105.60000000,5.12112000,1.33785000,0.41482554,0.53115981
1105.80000000,5.12100000,1.37948000,0.41490102,0.53125794
1106.00000000,5.12200000,1.40160000,0.41497827,0.53135762
1106.20000000,5.12025000,1.38614000,0.41505571,0.53145622
1106.40000000,5.12150000,1.36697000,0.41513218,0.53155345
1106.60000000,5.12150000,1.36697000,0.41520813,0.53165068
1106.80000000,5.12100000,1.37740000,0.41528436,0.53174865
1107.00000000,5.12125000,1.37891000,0.41536092,0.53184674
1107.20000000,5.12175000,1.38889000,0.41543781,0.53194554
1107.40000000,5.12175000,1.35449000,0.41551401,0.53204189
1107.60000000,5.12175000,1.35449000,0.41558926,0.53213826
1107.80000000,5.12237000,1.38121000,0.41566525,0.53223651
1108.00000000,5.12187000,1.38256000,0.41574202,0.53233487
1108.20000000,5.12237000,1.38355000,0.41581886,0.53243330
1108.40000000,5.12237000,1.38355000,0.41589572,0.53253174
1108.60000000,5.12250000,1.37907000,0.41597246,0.53262983
1108.80000000,5.12150000,1.39878000,0.41604963,0.53272934
1109.00000000,5.12212000,1.40620000,0.41612754,0.53282938
1109.20000000,5.12175000,1.40633000,0.41620567,0.53292942
1109.40000000,5.12175000,1.40633000,0.41628380,0.53302946
1109.60000000,5.12150000,1.39203000,0.41636153,0.53312849
1109.80000000,5.12237000,1.39321000,0.41643890,0.53322758
1110.00000000,5.12100000,1.39116000,0.41651624,0.53332653
1110.20000000,5.12100000,1.39116000,0.41659353,0.53342550
1110.40000000,5.12225000,1.42480000,0.41667175,0.53352687
1110.60000000,5.12237000,1.36716000,0.41674930,0.53362409
1110.80000000,5.12050000,1.33660000,0.41682441,0.53371915
1111.00000000,5.12162000,1.32060000,0.41689822,0.53381309
1111.20000000,5.12162000,1.32060000,0.41697158,0.53390700
1111.40000000,5.12025000,1.32656000,0.41704512,0.53400137
1111.60000000,5.12187000,1.33497000,0.41711905,0.53409632
1111.80000000,5.12087000,1.33088000,0.41719310,0.53419098
1112.00000000,5.12087000,1.33088000,0.41726704,0.53428562
1112.20000000,5.12037000,1.31299000,0.41734048,0.53437901
1112.40000000,5.12100000,1.34144000,0.41741421,0.53447442
1112.60000000,5.12100000,1.34556000,0.41748885,0.53457012
1112.80000000,5.12175000,1.36025000,0.41756401,0.53466688
1113.00000000,5.12175000,1.36025000,0.41763958,0.53476366
1113.20000000,5.12237000,1.41228000,0.41771660,0.53486410
1113.40000000,5.12062000,1.36835000,0.41779384,0.53496144
1113.60000000,5.12200000,1.40409000,0.41787085,0.53506133
1113.80000000,5.12200000,1.40409000,0.41794885,0.53516119
1114.00000000,5.12100000,1.40937000,0.41802701,0.53526145
1114.20000000,5.12200000,1.40675000,0.41810523,0.53536152
1114.40000000,5.12162000,1.41078000,0.41818350,0.53546187
1114.60000000,5.12162000,1.41078000,0.41826187,0.53556223
1114.80000000,5.12175000,1.39177000,0.41833972,0.53566122
1115.00000000,5.12100000,1.31132000,0.41841481,0.53575448
1115.20000000,5.12037000,1.33219000,0.41848824,0.53584922
1115.40000000,5.12025000,1.33068000,0.41856221,0.53594385
1115.60000000,5.12025000,1.33068000,0.41863613,0.53603849
1115.80000000,5.12112000,1.34086000,0.41871034,0.53613386
1116.00000000,5.12100000,1.32716000,0.41878445,0.53622826
1116.20000000,5.12137000,1.29001000,0.41885715,0.53632002
1116.40000000,5.12137000,1.29001000,0.41892882,0.53641176
1116.60000000,5.12050000,1.32697000,0.41900151,0.53650615
1116.80000000,5.12125000,1.32464000,0.41907517,0.53660037
1117.00000000,5.12112000,1.31587000,0.41914852,0.53669395
1117.20000000,5.12062000,1.33404000,0.41922213,0.53678883
1117.40000000,5.12062000,1.33404000,0.41929624,0.53688371
1117.60000000,5.12112000,1.33929000,0.41937050,0.53697898
1117.80000000,5.12125000,1.34348000,0.41944502,0.53707453
1118.00000000,5.12087000,1.32979000,0.41951928,0.53716911
1118.20000000,5.12087000,1.32979000,0.41959316,0.53726367
1118.40000000,5.12025000,1.33036000,0.41966705,0.53735831
1118.60000000,5.12162000,1.34012000,0.41974123,0.53745364
1118.80000000,5.12200000,1.33651000,0.41981558,0.53754869
1119.00000000,5.12025000,1.33129000,0.41988968,0.53764336
1119.20000000,5.12025000,1.33129000,0.41996365,0.53773806
1119.40000000,5.12150000,1.35452000,0.42003825,0.53783439
1119.60000000,5.12050000,1.32384000,0.42011265,0.53792854
1119.80000000,5.12037000,1.32739000,0.42018630,0.53802294
1120.00000000,5.12037000,1.32739000,0.42026004,0.53811733
1120.20000000,5.12037000,1.33846000,0.42033409,0.53821252
1120.40000000,5.12012000,1.33344000,0.42040831,0.53830735
1120.60000000,5.12075000,1.33216000,0.42048235,0.53840209
1120.80000000,5.12062000,1.31878000,0.42055599,0.53849589
1121.00000000,5.12062000,1.31878000,0.42062926,0.53858969
1121.20000000,5.12112000,1.33804000,0.42070306,0.53868484
1121.40000000,5.12037000,1.33939000,0.42077743,0.53878011
1121.60000000,5.12100000,1.39184000,0.42085330,0.53887910
1121.80000000,5.12150000,1.41971000,0.42093140,0.53898009
1122.00000000,5.12150000,1.41971000,0.42101027,0.53908108
1122.20000000,5.12162000,1.38953000,0.42108830,0.53917990
1122.40000000,5.12062000,1.40937000,0.42116605,0.53928013
1122.60000000,5.12025000,1.36243000,0.42124305,0.53937702
1122.80000000,5.12025000,1.36243000,0.42131874,0.53947391
1123.00000000,5.12037000,1.35398000,0.42139419,0.53957021
1123.20000000,5.12112000,1.40176000,0.42147074,0.53966991
1123.40000000,5.12100000,1.37865000,0.42154797,0.53976796
1123.60000000,5.12062000,1.40156000,0.42162520,0.53986764
1123.80000000,5.12062000,1.40156000,0.42170307,0.53996732
1124.00000000,5.12100000,1.41155000,0.42178121,0.54006772
1124.20000000,5.12112000,1.38726000,0.42185895,0.54016639
1124.40000000,5.12112000,1.38956000,0.42193609,0.54026523
1124.60000000,5.12112000,1.38956000,0.42201328,0.54036407
1124.80000000,5.12162000,1.39312000,0.42209058,0.54046316
1125.00000000,5.12087000,1.39849000,0.42216813,0.54056264
1125.20000000,5.12187000,1.40486000,0.42224600,0.54066258
1125.40000000,5.12187000,1.39440000,0.42232375,0.54076177
1125.60000000,5.12187000,1.39440000,0.42240122,0.54086095
1125.80000000,5.12125000,1.38444000,0.42247841,0.54095940
1126.00000000,5.12000000,1.34646000,0.42255427,0.54105518
1126.20000000,5.12125000,1.33094000,0.42262864,0.54114984
1126.40000000,5.12125000,1.33094000,0.42270258,0.54124450
1126.60000000,5.12075000,1.32816000,0.42277645,0.54133897
1126.80000000,5.12112000,1.34844000,0.42285080,0.54143489
1127.00000000,5.12150000,1.34105000,0.42292550,0.54153028
1127.20000000,5.12075000,1.33584000,0.42299986,0.54162528
1127.40000000,5.12075000,1.33584000,0.42307408,0.54172029
1127.60000000,5.12062000,1.40320000,0.42315016,0.54182009
1127.80000000,5.12100000,1.39776000,0.42322796,0.54191951
1128.00000000,5.12100000,1.39776000,0.42330562,0.54201894
1128.20000000,5.12175000,1.38512000,0.42338292,0.54211747
1128.40000000,5.12162000,1.40291000,0.42346037,0.54221727
1128.60000000,5.12187000,1.38659000,0.42353785,0.54231588
1128.80000000,5.12087000,1.39161000,0.42361502,0.54241486
1129.00000000,5.12087000,1.39161000,0.42369234,0.54251384
1129.20000000,5.12125000,1.35222000,0.42376855,0.54261002
1129.40000000,5.12112000,1.35465000,0.42384374,0.54270637
1129.60000000,5.12100000,1.34051000,0.42391861,0.54280171
1129.80000000,5.12100000,1.36675000,0.42399381,0.54289892
1130.00000000,5.12100000,1.36675000,0.42406974,0.54299613
1130.20000000,5.12050000,1.34099000,0.42414496,0.54309150
1130.40000000,5.12062000,1.29126000,0.42421807,0.54318333
1130.60000000,5.12050000,1.33232000,0.42429095,0.54327808
1130.80000000,5.12050000,1.33232000,0.42436497,0.54337282
1131.00000000,5.12000000,1.33155000,0.42443897,0.54346753
1131.20000000,5.12125000,1.34035000,0.42451319,0.54356287
1131.40000000,5.12112000,1.31030000,0.42458681,0.54365605
1131.60000000,5.12025000,1.33888000,0.42466040,0.54375126
1131.80000000,5.12025000,1.33888000,0.42473479,0.54384648
1132.00000000,5.12012000,1.29939000,0.42480807,0.54393889
1132.20000000,5.12100000,1.31324000,0.42488064,0.54403229
1132.40000000,5.12037000,1.34278000,0.42495442,0.54412778
1132.60000000,5.12037000,1.34278000,0.42502902,0.54422329
1132.80000000,5.12125000,1.33321000,0.42510335,0.54431811
1133.00000000,5.12075000,1.33449000,0.42517746,0.54441303
1133.20000000,5.12137000,1.31760000,0.42525113,0.54450674
1133.40000000,5.12037000,1.34988000,0.42532522,0.54460273
1133.60000000,5.12037000,1.34988000,0.42540022,0.54469877
1133.80000000,5.12212000,1.34406000,0.42547505,0.54479435
1134.00000000,5.12037000,1.32563000,0.42554921,0.54488864
1134.20000000,5.12112000,1.33676000,0.42562316,0.54498372
1134.40000000,5.12112000,1.33676000,0.42569743,0.54507880
1134.60000000,5.12125000,1.34777000,0.42577200,0.54517467
1134.80000000,5.12162000,1.34940000,0.42584692,0.54527066
1135.00000000,5.12162000,1.33068000,0.42592136,0.54536530
1135.20000000,5.12075000,1.34121000,0.42599558,0.54546069
1135.40000000,5.12075000,1.34121000,0.42607009,0.54555608
1135.60000000,5.12100000,1.32195000,0.42614407,0.54565010
1135.80000000,5.12050000,1.33472000,0.42621787,0.54574503
1136.00000000,5.12125000,1.39580000,0.42629372,0.54584431
1136.20000000,5.12125000,1.39488000,0.42637123,0.54594353
1136.40000000,5.12125000,1.39488000,0.42644873,0.54604273
1136.60000000,5.12037000,1.38060000,0.42652582,0.54614094
1136.80000000,5.12187000,1.39257000,0.42660286,0.54624001
1137.00000000,5.12225000,1.37216000,0.42667965,0.54633763
1137.20000000,5.12225000,1.37216000,0.42675589,0.54643521
1137.40000000,5.12037000,1.37344000,0.42683215,0.54653290
1137.60000000,5.12100000,1.37804000,0.42690858,0.54663092
1137.80000000,5.12150000,1.38704000,0.42698539,0.54672958
1138.00000000,5.12150000,1.37011000,0.42706198,0.54682704
1138.20000000,5.12150000,1.37011000,0.42713810,0.54692450
1138.40000000,5.12175000,1.38128000,0.42721452,0.54702274
1138.60000000,5.12062000,1.38700000,0.42729142,0.54712140
1138.80000000,5.12125000,1.35888000,0.42736769,0.54721805
1139.00000000,5.12125000,1.35888000,0.42744319,0.54731470
1139.20000000,5.12100000,1.38505000,0.42751941,0.54741323
1139.40000000,5.12162000,1.43158000,0.42759765,0.54751505
1139.60000000,5.12137000,1.37382000,0.42767557,0.54761278
1139.80000000,5.12162000,1.39868000,0.42775259,0.54771227
1140.00000000,5.12162000,1.39868000,0.42783029,0.54781177
1140.20000000,5.12212000,1.38755000,0.42790769,0.54791047
1140.40000000,5.12150000,1.40704000,0.42798532,0.54801056
1140.60000000,5.12162000,1.40851000,0.42806353,0.54811075
1140.80000000,5.12162000,1.40851000,0.42814178,0.54821095
1141.00000000,5.12175000,1.35731000,0.42821860,0.54830750
1141.20000000,5.12187000,1.39836000,0.42829515,0.54840698
1141.40000000,5.12212000,1.40585000,0.42837305,0.54850700
1141.60000000,5.12237000,1.40982000,0.42845126,0.54860730
1141.80000000,5.12237000,1.40982000,0.42852958,0.54870759
1142.00000000,5.12212000,1.41132000,0.42860795,0.54880800
1142.20000000,5.12262000,1.40457000,0.42868617,0.54890793
1142.40000000,5.12250000,1.40051000,0.42876409,0.54900757
1142.60000000,5.12250000,1.40051000,0.42884189,0.54910720
1142.80000000,5.12175000,1.40684000,0.42891987,0.54920728
1143.00000000,5.12212000,1.34793000,0.42899639,0.54930317
1143.20000000,5.12175000,1.33459000,0.42907091,0.54939811
1143.40000000,5.12100000,1.32976000,0.42914492,0.54949268
1143.60000000,5.12100000,1.32976000,0.42921879,0.54958727
1143.80000000,5.12112000,1.34563000,0.42929311,0.54968296
1144.00000000,5.12050000,1.32297000,0.42936724,0.54977706
1144.20000000,5.12075000,1.31116000,0.42944041,0.54987031
1144.40000000,5.12075000,1.31116000,0.42951325,0.54996355
1144.60000000,5.12025000,1.33286000,0.42958670,0.55005835
1144.80000000,5.12100000,1.33827000,0.42966089,0.55015353
1145.00000000,5.12087000,1.36950000,0.42973611,0.55025094
1145.20000000,5.12112000,1.40598000,0.42981321,0.55035094
1145.40000000,5.12112000,1.40598000,0.42989132,0.55045092
1145.60000000,5.12025000,1.38044000,0.42996872,0.55054912
1145.80000000,5.12150000,1.39283000,0.43004575,0.55064819
1146.00000000,5.12137000,1.36956000,0.43012249,0.55074561
1146.20000000,5.12137000,1.36956000,0.43019857,0.55084302
1146.40000000,5.12125000,1.40438000,0.43027563,0.55094292
1146.60000000,5.12150000,1.39740000,0.43035345,0.55104234
1146.80000000,5.12262000,1.40038000,0.43043117,0.55114197
1147.00000000,5.12262000,1.40038000,0.43050897,0.55124158
1147.20000000,5.12112000,1.38675000,0.43058639,0.55134023
1147.40000000,5.12200000,1.40492000,0.43066393,0.55144017
1147.60000000,5.12175000,1.34873000,0.43074043,0.55153610
1147.80000000,5.12137000,1.33344000,0.43081493,0.55163095
1148.00000000,5.12137000,1.33344000,0.43088901,0.55172582
1148.20000000,5.12262000,1.33728000,0.43096320,0.55182096
1148.40000000,5.12200000,1.34608000,0.43103773,0.55191671
1148.60000000,5.12187000,1.33628000,0.43111224,0.55201177
1148.80000000,5.12187000,1.33628000,0.43118648,0.55210682
1149.00000000,5.12125000,1.31347000,0.43126009,0.55220024
1149.20000000,5.12125000,1.33443000,0.43133364,0.55229517
1149.40000000,5.12162000,1.31356000,0.43140719,0.55238860
1149.60000000,5.12125000,1.33488000,0.43148076,0.55248355
1149.80000000,5.12125000,1.33488000,0.43155492,0.55257851
1150.00000000,5.12212000,1.35171000,0.43162955,0.55267465
1150.20000000,5.12125000,1.33299000,0.43170412,0.55276946
1150.40000000,5.12087000,1.32905000,0.43177807,0.55286399
1150.60000000,5.12025000,1.32355000,0.43185175,0.55295811
1150.80000000,5.12025000,1.32355000,0.43192528,0.55305223
1151.00000000,5.12012000,1.31059000,0.43199845,0.55314546
1151.20000000,5.12162000,1.33244000,0.43207187,0.55324023
1151.40000000,5.12100000,1.32377000,0.43214566,0.55333438
1151.60000000,5.12100000,1.32377000,0.43221920,0.55342855
1151.80000000,5.12162000,1.32985000,0.43229291,0.55352313
1152.00000000,5.12100000,1.32368000,0.43236662,0.55361726
1152.20000000,5.12012000,1.33436000,0.43244045,0.55371218
1152.40000000,5.12175000,1.29852000,0.43251359,0.55380455
1152.60000000,5.12175000,1.29852000,0.43258573,0.55389692
1152.80000000,5.12175000,1.33449000,0.43265887,0.55399183
1153.00000000,5.12062000,1.33542000,0.43273303,0.55408681
1153.20000000,5.12087000,1.32454000,0.43280692,0.55418102
1153.40000000,5.12087000,1.32454000,0.43288051,0.55427524
1153.60000000,5.12150000,1.30793000,0.43295363,0.55436825
1153.80000000,5.12062000,1.33785000,0.43302712,0.55446340
1154.00000000,5.12050000,1.30262000,0.43310047,0.55455604
1154.20000000,5.12100000,1.34352000,0.43317397,0.55465160
1154.40000000,5.12100000,1.34352000,0.43324861,0.55474715
1154.60000000,5.12050000,1.33670000,0.43332306,0.55484221
1154.80000000,5.12025000,1.33328000,0.43339723,0.55493705
1155.00000000,5.12162000,1.32752000,0.43347114,0.55503148
1155.20000000,5.12162000,1.32752000,0.43354489,0.55512591
1155.40000000,5.12175000,1.34499000,0.43361913,0.55522157
1155.60000000,5.12087000,1.34259000,0.43369378,0.55531707
1155.80000000,5.12125000,1.33609000,0.43376819,0.55541210
1156.00000000,5.12125000,1.33609000,0.43384242,0.55550713
1156.20000000,5.12087000,1.32988000,0.43391647,0.55560171
1156.40000000,5.12050000,1.33446000,0.43399048,0.55569660
1156.60000000,5.11987000,1.32204000,0.43406428,0.55579061
1156.80000000,5.12062000,1.32204000,0.43413772,0.55588463
1157.00000000,5.12062000,1.32204000,0.43421117,0.55597866
1157.20000000,5.12075000,1.32537000,0.43428471,0.55607292
1157.40000000,5.12075000,1.33251000,0.43435854,0.55616771
1157.60000000,5.12187000,1.34131000,0.43443281,0.55626313
1157.80000000,5.12187000,1.34131000,0.43450733,0.55635853
1158.00000000,5.12112000,1.32256000,0.43458132,0.55645259
1158.20000000,5.12062000,1.31750000,0.43465466,0.55654631
1158.40000000,5.12162000,1.34640000,0.43472866,0.55664208
1158.60000000,5.12162000,1.34640000,0.43480346,0.55673783
1158.80000000,5.12025000,1.32710000,0.43487772,0.55683222
1159.00000000,5.12075000,1.33664000,0.43495171,0.55692728
1159.20000000,5.12062000,1.32281000,0.43502559,0.55702136
1159.40000000,5.12062000,1.33814000,0.43509950,0.55711652
1159.60000000,5.12062000,1.33814000,0.43517384,0.55721170
1159.80000000,5.12075000,1.33737000,0.43524816,0.55730681
1160.00000000,5.12062000,1.33177000,0.43532231,0.55740153
1160.20000000,5.12075000,1.32972000,0.43539624,0.55749610
1160.40000000,5.12062000,1.33059000,0.43547013,0.55759073
1160.60000000,5.12062000,1.33059000,0.43554406,0.55768536
1160.80000000,5.12050000,1.34041000,0.43561825,0.55778070
1161.00000000,5.12150000,1.31718000,0.43569207,0.55787438
1161.20000000,5.12075000,1.33443000,0.43576573,0.55796929
1161.40000000,5.12075000,1.33443000,0.43583986,0.55806419
1161.60000000,5.12062000,1.33363000,0.43591398,0.55815904
1161.80000000,5.12075000,1.32000000,0.43598769,0.55825291
1162.00000000,5.11987000,1.33584000,0.43606146,0.55834791
1162.20000000,5.12062000,1.31417000,0.43613507,0.55844137
1162.40000000,5.12062000,1.31417000,0.43620808,0.55853482
1162.60000000,5.11975000,1.33382000,0.43628164,0.55862968
1162.80000000,5.12062000,1.30140000,0.43635484,0.55872225
1163.00000000,5.12112000,1.32892000,0.43642790,0.55881677
1163.20000000,5.12112000,1.32892000,0.43650173,0.55891127
1163.40000000,5.12012000,1.35334000,0.43657624,0.55900754
1163.60000000,5.12137000,1.38291000,0.43665224,0.55910589
1163.80000000,5.12062000,1.40707000,0.43672974,0.55920596
1164.00000000,5.12062000,1.40134000,0.43680776,0.55930562
1164.20000000,5.12062000,1.40134000,0.43688561,0.55940529
1164.40000000,5.12087000,1.40780000,0.43696364,0.55950542
1164.60000000,5.12125000,1.40867000,0.43704187,0.55960564
1164.80000000,5.12237000,1.38793000,0.43711956,0.55970438
1165.00000000,5.12237000,1.38793000,0.43719667,0.55980308
1165.20000000,5.12012000,1.33708000,0.43727236,0.55989817
1165.40000000,5.12012000,1.33865000,0.43734669,0.55999337
1165.60000000,5.12075000,1.33948000,0.43742108,0.56008863
1165.80000000,5.12037000,1.33836000,0.43749546,0.56018381
1166.00000000,5.12037000,1.33836000,0.43756982,0.56027900
1166.20000000,5.12075000,1.35587000,0.43764466,0.56037544
1166.40000000,5.12150000,1.39356000,0.43772103,0.56047456
1166.60000000,5.12100000,1.39088000,0.43779837,0.56057347
1166.80000000,5.12025000,1.34233000,0.43787430,0.56066893
1167.00000000,5.12025000,1.34233000,0.43794887,0.56076440
1167.20000000,5.12075000,1.37907000,0.43802447,0.56086249
1167.40000000,5.12137000,1.33257000,0.43809979,0.56095728
1167.60000000,5.12112000,1.37836000,0.43817509,0.56105531
1167.80000000,5.12112000,1.37836000,0.43825167,0.56115336
1168.00000000,5.12162000,1.36428000,0.43832785,0.56125040
1168.20000000,5.12137000,1.38848000,0.43840432,0.56134917
1168.40000000,5.12175000,1.39014000,0.43848150,0.56144806
1168.60000000,5.12237000,1.37782000,0.43855839,0.56154609
1168.80000000,5.12237000,1.37782000,0.43863493,0.56164408
1169.00000000,5.12112000,1.37516000,0.43871141,0.56174191
1169.20000000,5.12175000,1.40444000,0.43878862,0.56184183
1169.40000000,5.12250000,1.38937000,0.43886622,0.56194068
1169.60000000,5.12250000,1.38937000,0.43894341,0.56203950
1169.80000000,5.12150000,1.37497000,0.43902020,0.56213730
1170.00000000,5.12087000,1.36672000,0.43909636,0.56223452
1170.20000000,5.12162000,1.39817000,0.43917316,0.56233397
1170.40000000,5.12200000,1.38403000,0.43925044,0.56243243
1170.60000000,5.12200000,1.38403000,0.43932733,0.56253089
1170.80000000,5.12225000,1.40521000,0.43940481,0.56263084
1171.00000000,5.12125000,1.40118000,0.43948277,0.56273051
1171.20000000,5.12187000,1.35280000,0.43955927,0.56282674
1171.40000000,5.12187000,1.35280000,0.43963442,0.56292297
1171.60000000,5.12162000,1.33043000,0.43970896,0.56301759
1171.80000000,5.12075000,1.35190000,0.43978346,0.56311376
1172.00000000,5.12150000,1.28812000,0.43985680,0.56320538
1172.20000000,5.11975000,1.32198000,0.43992930,0.56329939
1172.40000000,5.11975000,1.32198000,0.44000274,0.56339340
1172.60000000,5.12037000,1.33673000,0.44007660,0.56348848
1172.80000000,5.12112000,1.33024000,0.44015068,0.56358309
1173.00000000,5.12075000,1.31987000,0.44022429,0.56367697
1173.20000000,5.12075000,1.31987000,0.44029762,0.56377085
1173.40000000,5.12125000,1.31081000,0.44037070,0.56386407
1173.60000000,5.12037000,1.33500000,0.44044419,0.56395902
1173.80000000,5.12112000,1.31392000,0.44051777,0.56405247
1174.00000000,5.12112000,1.31392000,0.44059077,0.56414592
1174.20000000,5.12087000,1.34140000,0.44066453,0.56424132
1174.40000000,5.12037000,1.34665000,0.44073919,0.56433712
1174.60000000,5.12200000,1.34377000,0.44081393,0.56443269
1174.80000000,5.12075000,1.32563000,0.44088808,0.56452697
1175.00000000,5.12075000,1.32563000,0.44096172,0.56462127
1175.20000000,5.12175000,1.35113000,0.44103608,0.56471739
1175.40000000,5.12187000,1.33884000,0.44111080,0.56481262
1175.60000000,5.12150000,1.33782000,0.44118515,0.56490778
1175.80000000,5.12150000,1.33782000,0.44125947,0.56500293
1176.00000000,5.12100000,1.32579000,0.44133346,0.56509724
1176.20000000,5.12125000,1.32860000,0.44140720,0.56519173
1176.40000000,5.12075000,1.33369000,0.44148115,0.56528657
1176.60000000,5.12025000,1.32985000,0.44155514,0.56538114
1176.80000000,5.12025000,1.32985000,0.44162902,0.56547574
1177.00000000,5.12137000,1.32684000,0.44170281,0.56557011
1177.20000000,5.12100000,1.33072000,0.44177663,0.56566476
1177.40000000,5.12150000,1.32816000,0.44185049,0.56575924
1177.60000000,5.12150000,1.32816000,0.44192428,0.56585370
1177.80000000,5.12087000,1.33593000,0.44199828,0.56594873
1178.00000000,5.12125000,1.32665000,0.44207224,0.56604309
1178.20000000,5.12150000,1.30217000,0.44214527,0.56613570
1178.40000000,5.12075000,1.33587000,0.44221854,0.56623071
1178.60000000,5.12075000,1.33587000,0.44229276,0.56632573
1178.80000000,5.12087000,1.34025000,0.44236710,0.56642105
1179.00000000,5.12112000,1.34121000,0.44244158,0.56651644
1179.20000000,5.12075000,1.32444000,0.44251563,0.56661064
1179.40000000,5.12075000,1.32444000,0.44258921,0.56670483
1179.60000000,5.12050000,1.31504000,0.44266253,0.56679837
1179.80000000,5.12150000,1.33830000,0.44273623,0.56689357
1180.00000000,5.12175000,1.29798000,0.44280946,0.56698587
1180.20000000,5.12012000,1.36252000,0.44288336,0.56708277
1180.40000000,5.12012000,1.36252000,0.44295906,0.56717971
1180.60000000,5.12300000,1.31478000,0.44303343,0.56727323
1180.80000000,5.12125000,1.33872000,0.44310714,0.56736845
1181.00000000,5.12112000,1.33257000,0.44318134,0.56746323
1181.20000000,5.12037000,1.33148000,0.44325534,0.56755792
1181.40000000,5.12037000,1.33148000,0.44332931,0.56765262
1181.60000000,5.12062000,1.39769000,0.44340512,0.56775205
1181.80000000,5.12200000,1.40310000,0.44348292,0.56785183
1182.00000000,5.12037000,1.39664000,0.44356069,0.56795115
1182.20000000,5.12037000,1.39664000,0.44363828,0.56805049
1182.40000000,5.12100000,1.39606000,0.44371586,0.56814981
1182.60000000,5.12212000,1.39619000,0.44379342,0.56824910
1182.80000000,5.12062000,1.38460000,0.44387066,0.56834757
1183.00000000,5.12237000,1.40489000,0.44394815,0.56844752
1183.20000000,5.12237000,1.40489000,0.44402620,0.56854747
1183.40000000,5.12200000,1.41267000,0.44410446,0.56864794
1183.60000000,5.12100000,1.38582000,0.44418220,0.56874651
1183.80000000,5.12100000,1.40249000,0.44425965,0.56884626
1184.00000000,5.12100000,1.40249000,0.44433757,0.56894603
1184.20000000,5.12200000,1.40988000,0.44441569,0.56904633
1184.40000000,5.12212000,1.40537000,0.44449389,0.56914630
1184.60000000,5.12175000,1.39728000,0.44457174,0.56924570
1184.80000000,5.12175000,1.39728000,0.44464937,0.56934511
1185.00000000,5.12225000,1.40208000,0.44472713,0.56944483
1185.20000000,5.12100000,1.37840000,0.44480437,0.56954286
1185.40000000,5.12075000,1.39408000,0.44488138,0.56964201
1185.60000000,5.12200000,1.39795000,0.44495894,0.56974146
1185.80000000,5.12200000,1.39795000,0.44503660,0.56984091
1186.00000000,5.12187000,1.31564000,0.44511198,0.56993447
1186.20000000,5.12062000,1.32252000,0.44518526,0.57002857
1186.40000000,5.12262000,1.34665000,0.44525940,0.57012438
1186.60000000,5.12262000,1.34665000,0.44533422,0.57022016
1186.80000000,5.12087000,1.34777000,0.44540906,0.57031602
1187.00000000,5.12087000,1.33859000,0.44548368,0.57041123
1187.20000000,5.12137000,1.31622000,0.44555743,0.57050485
1187.40000000,5.12137000,1.31622000,0.44563055,0.57059846
1187.60000000,5.12050000,1.32758000,0.44570399,0.57069288
1187.80000000,5.12075000,1.32403000,0.44577765,0.57078704
1188.00000000,5.12062000,1.34499000,0.44585179,0.57088270
1188.20000000,5.12062000,1.32598000,0.44592598,0.57097700
1188.40000000,5.12062000,1.32598000,0.44599964,0.57107133
1188.60000000,5.12187000,1.32076000,0.44607316,0.57116527
1188.80000000,5.12087000,1.34761000,0.44614729,0.57126113
1189.00000000,5.12175000,1.32505000,0.44622153,0.57135536
1189.20000000,5.12050000,1.33561000,0.44629543,0.57145035
1189.40000000,5.12050000,1.33561000,0.44636963,0.57154533
1189.60000000,5.12000000,1.31299000,0.44644321,0.57163872
1189.80000000,5.12125000,1.33321000,0.44651671,0.57173352
1190.00000000,5.11975000,1.27993000,0.44658930,0.57182453
1190.20000000,5.11975000,1.27993000,0.44666041,0.57191559
1190.40000000,5.12225000,1.33542000,0.44673306,0.57201055
1190.60000000,5.11975000,1.32240000,0.44680688,0.57210460
1190.80000000,5.12075000,1.30937000,0.44687999,0.57219771
1191.00000000,5.12025000,1.30598000,0.44695264,0.57229059
1191.20000000,5.12025000,1.30598000,0.44702519,0.57238348
1191.40000000,5.12137000,1.34508000,0.44709883,0.57247916
1191.60000000,5.12162000,1.33168000,0.44717319,0.57257387
1191.80000000,5.12075000,1.33760000,0.44724733,0.57266901
1192.00000000,5.12075000,1.33760000,0.44732164,0.57276414
1192.20000000,5.12100000,1.32275000,0.44739554,0.57285823
1192.40000000,5.12162000,1.31753000,0.44746888,0.57295193
1192.60000000,5.12025000,1.27187000,0.44754081,0.57304238
1192.80000000,5.12062000,1.32416000,0.44761292,0.57313656
1193.00000000,5.12062000,1.32416000,0.44768649,0.57323073
1193.20000000,5.12037000,1.33500000,0.44776035,0.57332569
1193.40000000,5.12137000,1.33472000,0.44783451,0.57342062
1193.60000000,5.12112000,1.33024000,0.44790854,0.57351524
1193.80000000,5.12112000,1.33024000,0.44798244,0.57360984
1194.00000000,5.12062000,1.33555000,0.44805649,0.57370484
1194.20000000,5.12112000,1.33932000,0.44813079,0.57380010
1194.40000000,5.12137000,1.32240000,0.44820473,0.57389416
1194.60000000,5.12050000,1.36307000,0.44827933,0.57399110
1194.80000000,5.12050000,1.36307000,0.44835505,0.57408807
1195.00000000,5.12212000,1.38374000,0.44843135,0.57418650
1195.20000000,5.12137000,1.35779000,0.44850751,0.57428309
1195.40000000,5.12212000,1.39766000,0.44858405,0.57438252
1195.60000000,5.12212000,1.39766000,0.44866169,0.57448196
1195.80000000,5.12237000,1.40787000,0.44873963,0.57458210
1196.00000000,5.12112000,1.39209000,0.44881740,0.57468114
1196.20000000,5.12262000,1.38416000,0.44889452,0.57477962
1196.40000000,5.12262000,1.38416000,0.44897142,0.57487807
1196.60000000,5.12137000,1.38528000,0.44904835,0.57497663
1196.80000000,5.12237000,1.40137000,0.44912575,0.57507633
1197.00000000,5.12262000,1.37971000,0.44920301,0.57517450
1197.20000000,5.12262000,1.39616000,0.44928011,0.57527383
1197.40000000,5.12262000,1.39616000,0.44935768,0.57537315
1197.60000000,5.12200000,1.36368000,0.44943434,0.57547015
1197.80000000,5.12162000,1.38006000,0.44951056,0.57556833
1198.00000000,5.12225000,1.38688000,0.44958741,0.57566700
1198.20000000,5.12225000,1.38688000,0.44966446,0.57576566
1198.40000000,5.12175000,1.37222000,0.44974111,0.57586327
1198.60000000,5.12162000,1.37846000,0.44981751,0.57596134
1198.80000000,5.12275000,1.38707000,0.44989433,0.57606003
1199.00000000,5.12275000,1.38707000,0.44997139,0.57615870
1199.20000000,5.12137000,1.39424000,0.45004865,0.57625790
1199.40000000,5.12312000,1.38179000,0.45012576,0.57635623
1199.60000000,5.12337000,1.37542000,0.45020235,0.57645406
1199.80000000,5.12112000,1.38153000,0.45027893,0.57655232
1200.00000000,5.12112000,1.38153000,0.45035569,0.57665060
1200.20000000,5.12212000,1.39590000,0.45043284,0.57674991
1200.40000000,5.12250000,1.40835000,0.45051073,0.57685009
1200.60000000,5.12137000,1.40086000,0.45058877,0.57694975
1200.80000000,5.12212000,1.39555000,0.45066644,0.57704903
1201.00000000,5.12212000,1.39555000,0.45074398,0.57714831
1201.20000000,5.12225000,1.40096000,0.45082166,0.57724797
1201.40000000,5.12187000,1.35689000,0.45089826,0.57734448
1201.60000000,5.12087000,1.33590000,0.45097306,0.57743949
1201.80000000,5.12087000,1.33590000,0.45104728,0.57753452
1202.00000000,5.12162000,1.31852000,0.45112101,0.57762832
1202.20000000,5.12200000,1.31398000,0.45119414,0.57772179
1202.40000000,5.12200000,1.34227000,0.45126792,0.57781727
1202.60000000,5.12150000,1.32851000,0.45134211,0.57791177
1202.80000000,5.12150000,1.32851000,0.45141592,0.57800629
1203.00000000,5.12237000,1.33532000,0.45148991,0.57810126
1203.20000000,5.12112000,1.32896000,0.45156392,0.57819580
1203.40000000,5.12162000,1.36608000,0.45163878,0.57829297
1203.60000000,5.12162000,1.36608000,0.45171468,0.57839014
1203.80000000,5.12137000,1.32739000,0.45178949,0.57848456
1204.00000000,5.12175000,1.36620000,0.45186432,0.57858175
1204.20000000,5.12175000,1.33683000,0.45193940,0.57867685
1204.40000000,5.12187000,1.32150000,0.45201324,0.57877086
1204.60000000,5.12187000,1.32150000,0.45208666,0.57886487
1204.80000000,5.12200000,1.32156000,0.45216008,0.57895887
1205.00000000,5.12150000,1.34940000,0.45223427,0.57905486
1205.20000000,5.12162000,1.32624000,0.45230859,0.57914920
1205.40000000,5.12162000,1.32624000,0.45238227,0.57924355
1205.60000000,5.12250000,1.34326000,0.45245643,0.57933911
1205.80000000,5.12175000,1.34425000,0.45253108,0.57943474
1206.00000000,5.12200000,1.32940000,0.45260535,0.57952931
1206.20000000,5.12200000,1.32940000,0.45267920,0.57962387
1206.40000000,5.12137000,1.32707000,0.45275300,0.57971825
1206.60000000,5.12087000,1.33203000,0.45282686,0.57981300
1206.80000000,5.12125000,1.33382000,0.45290091,0.57990787
1207.00000000,5.12150000,1.32044000,0.45297464,0.58000180
1207.20000000,5.12150000,1.32044000,0.45304800,0.58009573
1207.40000000,5.12162000,1.33856000,0.45312186,0.58019094
1207.60000000,5.12137000,1.33548000,0.45319614,0.58028595
1207.80000000,5.12250000,1.35152000,0.45327078,0.58038211
1208.00000000,5.12250000,1.35152000,0.45334586,0.58047825
1208.20000000,5.12187000,1.31942000,0.45342005,0.58057209
1208.40000000,5.12075000,1.31830000,0.45349332,0.58066587
1208.60000000,5.12175000,1.33619000,0.45356706,0.58076092
1208.80000000,5.12175000,1.33619000,0.45364129,0.58085597
1209.00000000,5.12200000,1.33606000,0.45371552,0.58095099
1209.20000000,5.12037000,1.29657000,0.45378865,0.58104320
1209.40000000,5.12087000,1.28499000,0.45386036,0.58113460
1209.60000000,5.12125000,1.30864000,0.45393241,0.58122768
1209.80000000,5.12125000,1.30864000,0.45400511,0.58132076
1210.00000000,5.12100000,1.29667000,0.45407748,0.58141299
1210.20000000,5.12125000,1.33625000,0.45415061,0.58150803
1210.40000000,5.12087000,1.31753000,0.45422433,0.58160175
1210.60000000,5.12137000,1.32332000,0.45429769,0.58169587
1210.80000000,5.12137000,1.32332000,0.45437120,0.58179000
1211.00000000,5.12100000,1.33036000,0.45444492,0.58188463
1211.20000000,5.12175000,1.30435000,0.45451810,0.58197741
1211.40000000,5.12112000,1.33097000,0.45459131,0.58207207
1211.60000000,5.12112000,1.33097000,0.45466525,0.58216673
1211.80000000,5.12037000,1.34064000,0.45473946,0.58226209
1212.00000000,5.12175000,1.33571000,0.45481381,0.58235711
1212.20000000,5.12187000,1.31091000,0.45488732,0.58245038
1212.40000000,5.12250000,1.34022000,0.45496096,0.58254573
1212.60000000,5.12250000,1.34022000,0.45503542,0.58264105
1212.80000000,5.12100000,1.33366000,0.45510970,0.58273591
1213.00000000,5.12087000,1.31593000,0.45518330,0.58282951
1213.20000000,5.12137000,1.33180000,0.45525684,0.58292424
1213.40000000,5.12137000,1.33180000,0.45533083,0.58301897
1213.60000000,5.12112000,1.32790000,0.45540471,0.58311342
1213.80000000,5.12150000,1.30937000,0.45547797,0.58320656
1214.00000000,5.12162000,1.33910000,0.45555154,0.58330183
1214.20000000,5.12237000,1.34198000,0.45562601,0.58339731
1214.40000000,5.12237000,1.34198000,0.45570057,0.58349277
1214.60000000,5.12162000,1.32057000,0.45577453,0.58358670
1214.80000000,5.12175000,1.31404000,0.45584771,0.58368017
1215.00000000,5.12112000,1.32454000,0.45592101,0.58377438
1215.20000000,5.12150000,1.32464000,0.45599459,0.58386860
1215.40000000,5.12150000,1.32464000,0.45606818,0.58396282
1215.60000000,5.12137000,1.31638000,0.45614155,0.58405648
1215.80000000,5.12237000,1.34275000,0.45621541,0.58415197
1216.00000000,5.12037000,1.33088000,0.45628968,0.58424661
1216.20000000,5.12037000,1.33088000,0.45636362,0.58434127
1216.40000000,5.12100000,1.32768000,0.45643747,0.58443571
1216.60000000,5.12125000,1.33865000,0.45651153,0.58453092
1216.80000000,5.12100000,1.29091000,0.45658457,0.58462275
1217.00000000,5.12200000,1.32201000,0.45665715,0.58471680
1217.20000000,5.12200000,1.32201000,0.45673060,0.58481085
1217.40000000,5.12187000,1.33788000,0.45680449,0.58490602
1217.60000000,5.12212000,1.40144000,0.45688058,0.58500571
1217.80000000,5.12150000,1.39849000,0.45695835,0.58510519
1218.00000000,5.12150000,1.39849000,0.45703605,0.58520470
1218.20000000,5.12325000,1.38400000,0.45711334,0.58530315
1218.40000000,5.12200000,1.36899000,0.45718981,0.58540055
1218.60000000,5.12262000,1.38934000,0.45726643,0.58549941
1218.80000000,5.12287000,1.41718000,0.45734439,0.58560024
1219.00000000,5.12287000,1.41718000,0.45742312,0.58570108
1219.20000000,5.12325000,1.41196000,0.45750171,0.58580152
1219.40000000,5.12162000,1.32768000,0.45757781,0.58589598
1219.60000000,5.12250000,1.33036000,0.45765164,0.58599063
1219.80000000,5.12250000,1.33036000,0.45772555,0.58608524
1220.00000000,5.12037000,1.32547000,0.45779933,0.58617952
1220.20000000,5.12150000,1.33724000,0.45787329,0.58627464
1220.40000000,5.12150000,1.29798000,0.45794649,0.58636697
1220.60000000,5.12150000,1.34140000,0.45801981,0.58646239
1220.80000000,5.12150000,1.34140000,0.45809433,0.58655781
1221.00000000,5.12187000,1.32406000,0.45816837,0.58665200
1221.20000000,5.12175000,1.37481000,0.45824334,0.58674980
1221.40000000,5.12187000,1.39225000,0.45832020,0.58684884
1221.60000000,5.12187000,1.39225000,0.45839755,0.58694788
1221.80000000,5.12200000,1.41353000,0.45847549,0.58704844
1222.00000000,5.12187000,1.40499000,0.45855378,0.58714840
1222.20000000,5.12262000,1.38816000,0.45863137,0.58724716
1222.40000000,5.12262000,1.38816000,0.45870849,0.58734593
1222.60000000,5.12275000,1.40105000,0.45878597,0.58744559
1222.80000000,5.12175000,1.38528000,0.45886336,0.58754414
1223.00000000,5.12200000,1.32848000,0.45893875,0.58763865
1223.20000000,5.12200000,1.34633000,0.45901305,0.58773442
1223.40000000,5.12200000,1.34633000,0.45908784,0.58783019
1223.60000000,5.12162000,1.30652000,0.45916153,0.58792313
1223.80000000,5.12162000,1.32534000,0.45923464,0.58801738
1224.00000000,5.12025000,1.32368000,0.45930822,0.58811151
1224.20000000,5.12025000,1.32368000,0.45938176,0.58820567
1224.40000000,5.12175000,1.32800000,0.45945542,0.58830010
1224.60000000,5.11962000,1.31532000,0.45952884,0.58839368
1224.80000000,5.12212000,1.33641000,0.45960250,0.58848874
1225.00000000,5.12162000,1.31830000,0.45967625,0.58858251
1225.20000000,5.12162000,1.31830000,0.45974948,0.58867627
1225.40000000,5.12037000,1.33734000,0.45982325,0.58877138
1225.60000000,5.12050000,1.31145000,0.45989683,0.58886465
1225.80000000,5.12075000,1.31702000,0.45996984,0.58895832
1226.00000000,5.12075000,1.31702000,0.46004301,0.58905199
1226.20000000,5.12112000,1.33664000,0.46011672,0.58914704
1226.40000000,5.12000000,1.32339000,0.46019061,0.58924119
1226.60000000,5.12225000,1.32051000,0.46026405,0.58933512
1226.80000000,5.12125000,1.43027000,0.46034047,0.58943685
1227.00000000,5.12125000,1.43027000,0.46041992,0.58953859
1227.20000000,5.12162000,1.39107000,0.46049830,0.58963753
1227.40000000,5.12125000,1.38291000,0.46057535,0.58973591
1227.60000000,5.12200000,1.37692000,0.46065201,0.58983387
1227.80000000,5.12200000,1.37692000,0.46072851,0.58993180
1228.00000000,5.12125000,1.38348000,0.46080519,0.59003023
1228.20000000,5.12212000,1.37763000,0.46088188,0.59012823
1228.40000000,5.12187000,1.36396000,0.46095804,0.59022527
1228.60000000,5.12250000,1.38009000,0.46103426,0.59032345
1228.80000000,5.12250000,1.38009000,0.46111093,0.59042162
1229.00000000,5.12125000,1.37267000,0.46118740,0.59051926
1229.20000000,5.12137000,1.36176000,0.46126336,0.59061614
1229.40000000,5.12262000,1.39667000,0.46133998,0.59071551
1229.60000000,5.12262000,1.39667000,0.46141757,0.59081487
1229.80000000,5.12225000,1.37731000,0.46149463,0.59091284
1230.00000000,5.12150000,1.36361000,0.46157076,0.59100986
1230.20000000,5.12250000,1.40649000,0.46164771,0.59110991
1230.40000000,5.12162000,1.38531000,0.46172526,0.59120845
1230.60000000,5.12162000,1.38531000,0.46180222,0.59130701
1230.80000000,5.12250000,1.39308000,0.46187940,0.59140611
1231.00000000,5.12200000,1.39200000,0.46195676,0.59150513
1231.20000000,5.12150000,1.37833000,0.46203372,0.59160318
1231.40000000,5.12187000,1.39532000,0.46211076,0.59170244
1231.60000000,5.12187000,1.39532000,0.46218828,0.59180170
1231.80000000,5.12212000,1.40003000,0.46226593,0.59190130
