# 5.0 sps, start/stop: 50/0 mA (5 s), channels: 4
# V min: 5.1195, V max: 5.1275
# I min: 1.32297, I max: 1.66963
Time,Voltage,Current,Capacity,Energy
0.00000000,5.12137000,1.47209000,0.00004089,0.00010480
0.20000000,5.12600000,1.50457000,0.00012358,0.00021192
0.40000000,5.12350000,1.42483000,0.00020495,0.00031331
0.60000000,5.12350000,1.42483000,0.00028411,0.00041474
0.80000000,5.12537000,1.52889000,0.00036615,0.00052355
1.00000000,5.12400000,1.41609000,0.00044796,0.00062430
1.20000000,5.12287000,1.39737000,0.00052611,0.00072373
1.40000000,5.12287000,1.39737000,0.00060374,0.00082317
1.60000000,5.12400000,1.39648000,0.00068135,0.00092254
1.80000000,5.12337000,1.45059000,0.00076043,0.00102574
2.00000000,5.12200000,1.45593000,0.00084117,0.00112931
2.20000000,5.12200000,1.45593000,0.00092206,0.00123293
2.40000000,5.12450000,1.43004000,0.00100222,0.00133474
2.60000000,5.12575000,1.44681000,0.00108213,0.00143771
2.80000000,5.12450000,1.43382000,0.00116215,0.00153976
3.00000000,5.12262000,1.46432000,0.00124266,0.00164395
3.20000000,5.12262000,1.46432000,0.00132401,0.00174816
3.40000000,5.12425000,1.41513000,0.00140399,0.00184884
3.60000000,5.12237000,1.39472000,0.00148204,0.00194806
3.80000000,5.12225000,1.42060000,0.00156025,0.00204913
4.00000000,5.12225000,1.42060000,0.00163917,0.00215021
4.20000000,5.12325000,1.40662000,0.00171770,0.00225028
4.40000000,5.12225000,1.39987000,0.00179566,0.00234988
4.60000000,5.12275000,1.45628000,0.00187500,0.00245350
4.80000000,5.12275000,1.45628000,0.00195590,0.00255710
5.00000000,5.12237000,1.38550000,0.00203484,0.00265571
5.20000000,5.12425000,1.42774000,0.00211299,0.00275732
5.40000000,5.12412000,1.41001000,0.00219181,0.00285763
5.60000000,5.12212000,1.39331000,0.00226968,0.00295675
5.80000000,5.12212000,1.39331000,0.00234709,0.00305588
6.00000000,5.12287000,1.37459000,0.00242397,0.00315369
6.20000000,5.12312000,1.43404000,0.00250199,0.00325575
6.40000000,5.12387000,1.41875000,0.00258124,0.00335671
6.60000000,5.12325000,1.40940000,0.00265980,0.00345700
6.80000000,5.12325000,1.40940000,0.00273810,0.00355729
7.00000000,5.12325000,1.40291000,0.00281622,0.00365708
7.20000000,5.12162000,1.40534000,0.00289422,0.00375707
7.40000000,5.12262000,1.47187000,0.00297415,0.00386179
7.60000000,5.12262000,1.47187000,0.00305592,0.00396655
7.80000000,5.12500000,1.44729000,0.00313700,0.00406954
8.00000000,5.12312000,1.42329000,0.00321674,0.00417079
8.20000000,5.12225000,1.38816000,0.00329484,0.00426960
8.40000000,5.12487000,1.50294000,0.00337515,0.00437658
8.60000000,5.12487000,1.50294000,0.00345864,0.00448354
8.80000000,5.12400000,1.41174000,0.00353961,0.00458397
9.00000000,5.12200000,1.46608000,0.00361955,0.00468830
9.20000000,5.12400000,1.37577000,0.00369849,0.00478621
9.40000000,5.12400000,1.37577000,0.00377492,0.00488410
9.60000000,5.12300000,1.34713000,0.00385055,0.00497995
9.80000000,5.12262000,1.44566000,0.00392813,0.00508280
10.00000000,5.12275000,1.52214000,0.00401057,0.00519115
10.20000000,5.12512000,1.41046000,0.00409203,0.00529155
10.40000000,5.12512000,1.41046000,0.00417039,0.00539192
10.60000000,5.12375000,1.39664000,0.00424837,0.00549128
10.80000000,5.12187000,1.42908000,0.00432686,0.00559298
11.00000000,5.12400000,1.44633000,0.00440673,0.00569591
11.20000000,5.12400000,1.44633000,0.00448708,0.00579882
11.40000000,5.12275000,1.50720000,0.00456912,0.00590607
11.60000000,5.12350000,1.45366000,0.00465137,0.00600958
11.80000000,5.12675000,1.49296000,0.00473322,0.00611581
12.00000000,5.12337000,1.48585000,0.00481597,0.00622154
12.20000000,5.12337000,1.48585000,0.00489851,0.00632728
12.40000000,5.12375000,1.51955000,0.00498200,0.00643541
12.60000000,5.12325000,1.45955000,0.00506475,0.00653926
12.80000000,5.12325000,1.50736000,0.00514716,0.00664652
13.00000000,5.12325000,1.50736000,0.00523090,0.00675379
13.20000000,5.12400000,1.49587000,0.00531433,0.00686027
13.40000000,5.12487000,1.44067000,0.00539590,0.00696276
13.60000000,5.12225000,1.40160000,0.00547485,0.00706251
13.80000000,5.12437000,1.41673000,0.00555314,0.00716335
14.00000000,5.12437000,1.41673000,0.00563184,0.00726417
14.20000000,5.12400000,1.38732000,0.00570974,0.00736287
14.40000000,5.12250000,1.43116000,0.00578803,0.00746470
14.60000000,5.12262000,1.43369000,0.00586761,0.00756670
14.80000000,5.12262000,1.43369000,0.00594725,0.00766871
15.00000000,5.12300000,1.42825000,0.00602675,0.00777031
15.20000000,5.12175000,1.35798000,0.00610415,0.00786693
15.40000000,5.12262000,1.43763000,0.00618180,0.00796921
15.60000000,5.12462000,1.47305000,0.00626266,0.00807405
15.80000000,5.12462000,1.47305000,0.00634449,0.00817886
16.00000000,5.12262000,1.38361000,0.00642384,0.00827733
16.20000000,5.12412000,1.46892000,0.00650308,0.00838187
16.40000000,5.12150000,1.54067000,0.00658668,0.00849146
16.60000000,5.12150000,1.54067000,0.00667227,0.00860110
16.80000000,5.12362000,1.49904000,0.00675671,0.00870778
17.00000000,5.12437000,1.42473000,0.00683793,0.00880919
17.20000000,5.12475000,1.57459000,0.00692124,0.00892127
17.40000000,5.12387000,1.50268000,0.00700672,0.00902821
17.60000000,5.12387000,1.50268000,0.00709020,0.00913512
17.80000000,5.12287000,1.44742000,0.00717215,0.00923808
18.00000000,5.12137000,1.32297000,0.00724910,0.00933222
18.20000000,5.12337000,1.42345000,0.00732539,0.00943351
18.40000000,5.12337000,1.42345000,0.00740447,0.00953477
18.60000000,5.12200000,1.43104000,0.00748377,0.00963660
18.80000000,5.12350000,1.49011000,0.00756491,0.00974263
19.00000000,5.12325000,1.43411000,0.00764614,0.00984468
19.20000000,5.12325000,1.43411000,0.00772581,0.00994672
19.40000000,5.12325000,1.47702000,0.00780667,0.01005184
19.60000000,5.12387000,1.59081000,0.00789189,0.01016511
19.80000000,5.12687000,1.65491000,0.00798205,0.01028289
20.00000000,5.12400000,1.52720000,0.00807044,0.01039157
20.20000000,5.12400000,1.52720000,0.00815529,0.01050025
20.40000000,5.12375000,1.47312000,0.00823863,0.01060510
20.60000000,5.12437000,1.44256000,0.00831962,0.01070773
20.80000000,5.12262000,1.43670000,0.00839960,0.01080995
21.00000000,5.12262000,1.43670000,0.00847942,0.01091219
21.20000000,5.12350000,1.44297000,0.00855941,0.01101486
21.40000000,5.12300000,1.44678000,0.00863968,0.01111781
21.60000000,5.12350000,1.42416000,0.00871943,0.01121913
21.80000000,5.12250000,1.39744000,0.00879780,0.01131855
22.00000000,5.12250000,1.39744000,0.00887544,0.01141798
22.20000000,5.12287000,1.41024000,0.00895343,0.01151834
22.40000000,5.12375000,1.50006000,0.00903427,0.01162508
22.60000000,5.12337000,1.43043000,0.00911568,0.01172687
22.80000000,5.12175000,1.40412000,0.00919441,0.01182675
23.00000000,5.12175000,1.40412000,0.00927242,0.01192664
23.20000000,5.12212000,1.42572000,0.00935103,0.01202810
23.40000000,5.12400000,1.41600000,0.00942996,0.01212885
23.60000000,5.12262000,1.45129000,0.00950961,0.01223210
23.80000000,5.12262000,1.45129000,0.00959024,0.01233538
24.00000000,5.12375000,1.44553000,0.00967070,0.01243823
24.20000000,5.12287000,1.42723000,0.00975050,0.01253979
24.40000000,5.12337000,1.41305000,0.00982940,0.01264034
24.60000000,5.12337000,1.46185000,0.00990926,0.01274436
24.80000000,5.12337000,1.46185000,0.00999047,0.01284836
25.00000000,5.12200000,1.43760000,0.01007101,0.01295066
25.20000000,5.12375000,1.45068000,0.01015124,0.01305389
25.40000000,5.12350000,1.39014000,0.01023015,0.01315282
25.60000000,5.12350000,1.39014000,0.01030738,0.01325171
25.80000000,5.12225000,1.45891000,0.01038652,0.01335553
26.00000000,5.12350000,1.41961000,0.01046648,0.01345658
26.20000000,5.12512000,1.50214000,0.01054764,0.01356346
26.40000000,5.12312000,1.50716000,0.01063123,0.01367070
26.60000000,5.12312000,1.50716000,0.01071497,0.01377796
26.80000000,5.12375000,1.43516000,0.01079670,0.01388012
27.00000000,5.12512000,1.44300000,0.01087665,0.01398282
27.20000000,5.12450000,1.48156000,0.01095788,0.01408827
27.40000000,5.12450000,1.48156000,0.01104019,0.01419371
27.60000000,5.12437000,1.48064000,0.01112248,0.01429908
27.80000000,5.12387000,1.49993000,0.01120527,0.01440583
28.00000000,5.12425000,1.50083000,0.01128862,0.01451265
28.20000000,5.12450000,1.47862000,0.01137139,0.01461789
28.40000000,5.12450000,1.47862000,0.01145353,0.01472310
28.60000000,5.12287000,1.44416000,0.01153472,0.01482585
28.80000000,5.12275000,1.44112000,0.01161487,0.01492840
29.00000000,5.12362000,1.49036000,0.01169630,0.01503446
29.20000000,5.12362000,1.49036000,0.01177909,0.01514050
29.40000000,5.12300000,1.42454000,0.01186006,0.01524185
29.60000000,5.12250000,1.50662000,0.01194149,0.01534908
29.80000000,5.12450000,1.50547000,0.01202515,0.01545623
30.00000000,5.12450000,1.50547000,0.01210879,0.01556333
30.20000000,5.12225000,1.48028000,0.01219173,0.01566872
30.40000000,5.12575000,1.48272000,0.01227403,0.01577424
30.60000000,5.12400000,1.58851000,0.01235935,0.01588729
30.80000000,5.12400000,1.43219000,0.01244326,0.01598921
31.00000000,5.12400000,1.43219000,0.01252282,0.01609113
31.20000000,5.12400000,1.44243000,0.01260267,0.01619378
31.40000000,5.12350000,1.43820000,0.01268269,0.01629613
31.60000000,5.12387000,1.45001000,0.01276292,0.01639932
31.80000000,5.12387000,1.45001000,0.01284347,0.01650251
32.00000000,5.12387000,1.41945000,0.01292318,0.01660351
32.20000000,5.12325000,1.45670000,0.01300307,0.01670715
32.40000000,5.12275000,1.45577000,0.01308398,0.01681075
32.60000000,5.12362000,1.43110000,0.01316417,0.01691259
32.80000000,5.12362000,1.43110000,0.01324367,0.01701442
33.00000000,5.12350000,1.44649000,0.01332361,0.01711736
33.20000000,5.12400000,1.40112000,0.01340271,0.01721706
33.40000000,5.12300000,1.43593000,0.01348151,0.01731923
33.60000000,5.12300000,1.43593000,0.01356129,0.01742140
33.80000000,5.12312000,1.44691000,0.01364137,0.01752433
34.00000000,5.12212000,1.45219000,0.01372190,0.01762770
34.20000000,5.12512000,1.44300000,0.01380232,0.01773039
34.40000000,5.12362000,1.42192000,0.01388190,0.01783158
34.60000000,5.12362000,1.42192000,0.01396089,0.01793275
34.80000000,5.12312000,1.41030000,0.01403957,0.01803311
35.00000000,5.12350000,1.41862000,0.01411815,0.01813404
35.20000000,5.12262000,1.42848000,0.01419723,0.01823567
35.40000000,5.12262000,1.42848000,0.01427659,0.01833731
35.60000000,5.12262000,1.36384000,0.01435416,0.01843439
35.80000000,5.12512000,1.50278000,0.01443379,0.01854131
36.00000000,5.12287000,1.33052000,0.01451249,0.01863600
36.20000000,5.12425000,1.43766000,0.01458938,0.01873832
36.40000000,5.12425000,1.43766000,0.01466925,0.01884064
36.60000000,5.12437000,1.41987000,0.01474863,0.01894169
36.80000000,5.12375000,1.43827000,0.01482802,0.01904403
37.00000000,5.12337000,1.38931000,0.01490657,0.01914289
37.20000000,5.12375000,1.47596000,0.01498616,0.01924792
37.40000000,5.12375000,1.47596000,0.01506815,0.01935296
37.60000000,5.12387000,1.50681000,0.01515101,0.01946020
37.80000000,5.12437000,1.40748000,0.01523196,0.01956039
38.00000000,5.12487000,1.48694000,0.01531236,0.01966622
38.20000000,5.12487000,1.48694000,0.01539497,0.01977204
38.40000000,5.12375000,1.45062000,0.01547657,0.01987525
38.60000000,5.12262000,1.45392000,0.01555725,0.01997871
38.80000000,5.12375000,1.46172000,0.01563824,0.02008274
39.00000000,5.12412000,1.49065000,0.01572025,0.02018883
39.20000000,5.12412000,1.49065000,0.01580307,0.02029490
39.40000000,5.12312000,1.45740000,0.01588496,0.02039860
39.60000000,5.12337000,1.45104000,0.01596575,0.02050187
39.80000000,5.12425000,1.47308000,0.01604697,0.02060671
40.00000000,5.12425000,1.47308000,0.01612881,0.02071152
40.20000000,5.12262000,1.47516000,0.01621070,0.02081654
40.40000000,5.12600000,1.60851000,0.01629636,0.02093102
40.60000000,5.12450000,1.46947000,0.01638186,0.02103561
40.80000000,5.12425000,1.50723000,0.01646455,0.02114288
41.00000000,5.12425000,1.50723000,0.01654828,0.02125016
41.20000000,5.12475000,1.50163000,0.01663186,0.02135702
41.40000000,5.12362000,1.46598000,0.01671430,0.02146134
41.60000000,5.12400000,1.41904000,0.01679443,0.02156233
41.80000000,5.12400000,1.41904000,0.01687327,0.02166330
42.00000000,5.12337000,1.42086000,0.01695216,0.02176443
42.20000000,5.12425000,1.43776000,0.01703156,0.02186673
42.40000000,5.12312000,1.41648000,0.01711085,0.02196752
42.60000000,5.12237000,1.44256000,0.01719026,0.02207015
42.80000000,5.12237000,1.44256000,0.01727041,0.02217282
43.00000000,5.12425000,1.47027000,0.01735132,0.02227745
43.20000000,5.12412000,1.47401000,0.01743310,0.02238236
43.40000000,5.12200000,1.36777000,0.01751204,0.02247966
43.60000000,5.12200000,1.36777000,0.01758803,0.02257698
43.80000000,5.12312000,1.44083000,0.01766605,0.02267952
44.00000000,5.12400000,1.42992000,0.01774579,0.02278127
44.20000000,5.12325000,1.42329000,0.01782505,0.02288254
44.40000000,5.12325000,1.42329000,0.01790412,0.02298381
44.60000000,5.12287000,1.40483000,0.01798268,0.02308381
44.80000000,5.12512000,1.45430000,0.01806210,0.02318731
45.00000000,5.12412000,1.42099000,0.01814197,0.02328844
45.20000000,5.12412000,1.42099000,0.01822091,0.02338955
45.40000000,5.12312000,1.39443000,0.01829912,0.02348879
45.60000000,5.12400000,1.50384000,0.01837962,0.02359583
45.80000000,5.12500000,1.50339000,0.01846316,0.02370281
46.00000000,5.12362000,1.39318000,0.01854362,0.02380195
46.20000000,5.12362000,1.39318000,0.01862102,0.02390111
46.40000000,5.12450000,1.43350000,0.01869954,0.02400311
46.60000000,5.12312000,1.45600000,0.01877980,0.02410673
46.80000000,5.12375000,1.43244000,0.01886003,0.02420866
47.00000000,5.12400000,1.42556000,0.01893942,0.02431012
47.20000000,5.12400000,1.42556000,0.01901862,0.02441154
47.40000000,5.12262000,1.44323000,0.01909831,0.02451424
47.60000000,5.12350000,1.39449000,0.01917713,0.02461342
47.80000000,5.12100000,1.42371000,0.01925542,0.02471468
48.00000000,5.12100000,1.42371000,0.01933451,0.02481602
48.20000000,5.12450000,1.41324000,0.01941332,0.02491662
48.40000000,5.12537000,1.59235000,0.01949681,0.02502991
48.60000000,5.12287000,1.40947000,0.01958019,0.02513022
48.80000000,5.12375000,1.43968000,0.01965933,0.02523267
49.00000000,5.12375000,1.43968000,0.01973932,0.02533511
49.20000000,5.12337000,1.48796000,0.01982064,0.02544099
49.40000000,5.12312000,1.40707000,0.01990106,0.02554108
49.60000000,5.12187000,1.39651000,0.01997893,0.02564043
49.80000000,5.12187000,1.39651000,0.02005652,0.02573983
50.00000000,5.12500000,1.44464000,0.02013544,0.02584261
50.20000000,5.12225000,1.46947000,0.02021639,0.02594717
50.40000000,5.12337000,1.40604000,0.02029626,0.02604724
50.60000000,5.12425000,1.39980000,0.02037420,0.02614686
50.80000000,5.12425000,1.39980000,0.02045197,0.02624646
51.00000000,5.12300000,1.42822000,0.02053052,0.02634809
51.20000000,5.12350000,1.38665000,0.02060871,0.02644673
51.40000000,5.12162000,1.41600000,0.02068657,0.02654746
51.60000000,5.12162000,1.41600000,0.02076523,0.02664822
51.80000000,5.12362000,1.55257000,0.02084769,0.02675873
52.00000000,5.12500000,1.38822000,0.02092938,0.02685752
52.20000000,5.12362000,1.40560000,0.02100699,0.02695758
52.40000000,5.12512000,1.57241000,0.02108971,0.02706950
52.60000000,5.12512000,1.57241000,0.02117707,0.02718139
52.80000000,5.12300000,1.42057000,0.02126020,0.02728251
53.00000000,5.12525000,1.50025000,0.02134134,0.02738929
53.20000000,5.12475000,1.41340000,0.02142227,0.02748989
53.40000000,5.12150000,1.33728000,0.02149868,0.02758502
53.60000000,5.12150000,1.33728000,0.02157297,0.02768018
53.80000000,5.12375000,1.43427000,0.02164996,0.02778222
54.00000000,5.12250000,1.40995000,0.02172897,0.02788255
54.20000000,5.12325000,1.45929000,0.02180867,0.02798639
54.40000000,5.12325000,1.45929000,0.02188974,0.02809022
54.60000000,5.12300000,1.45814000,0.02197078,0.02819396
54.80000000,5.12262000,1.43568000,0.02205116,0.02829612
55.00000000,5.12337000,1.39523000,0.02212980,0.02839542
55.20000000,5.12400000,1.43331000,0.02220837,0.02849742
55.40000000,5.12400000,1.43331000,0.02228800,0.02859940
55.60000000,5.12262000,1.46492000,0.02236851,0.02870363
55.80000000,5.12287000,1.40198000,0.02244814,0.02880341
56.00000000,5.12425000,1.49171000,0.02252852,0.02890957
56.20000000,5.12425000,1.49171000,0.02261139,0.02901573
56.40000000,5.12387000,1.46409000,0.02269350,0.02911992
56.60000000,5.12400000,1.42672000,0.02277380,0.02922144
56.80000000,5.12287000,1.61593000,0.02285832,0.02933641
57.00000000,5.12600000,1.53788000,0.02294592,0.02944590
57.20000000,5.12600000,1.53788000,0.02303136,0.02955538
57.40000000,5.12550000,1.49532000,0.02311562,0.02966180
57.60000000,5.12425000,1.47641000,0.02319817,0.02976688
57.80000000,5.12462000,1.45542000,0.02327961,0.02987047
58.00000000,5.12462000,1.45542000,0.02336046,0.02997403
58.20000000,5.12350000,1.51312000,0.02344292,0.03008172
58.40000000,5.12425000,1.49811000,0.02352657,0.03018837
58.60000000,5.12550000,1.49523000,0.02360972,0.03029481
58.80000000,5.12550000,1.49523000,0.02369278,0.03040121
59.00000000,5.12325000,1.49232000,0.02377577,0.03050740
59.20000000,5.12375000,1.48649000,0.02385852,0.03061317
59.40000000,5.12312000,1.43196000,0.02393958,0.03071506
59.60000000,5.12387000,1.47219000,0.02402025,0.03081983
59.80000000,5.12387000,1.47219000,0.02410204,0.03092460
60.00000000,5.12400000,1.46620000,0.02418366,0.03102898
60.20000000,5.12550000,1.51174000,0.02426639,0.03113652
60.40000000,5.12212000,1.44252000,0.02434845,0.03123915
60.60000000,5.12212000,1.44252000,0.02442859,0.03134184
60.80000000,5.12550000,1.53452000,0.02451128,0.03145102
61.00000000,5.12275000,1.46985000,0.02459474,0.03155562
61.20000000,5.12425000,1.57603000,0.02467935,0.03166782
61.40000000,5.12562000,1.53433000,0.02476575,0.03177705
61.60000000,5.12562000,1.53433000,0.02485099,0.03188626
61.80000000,5.12462000,1.55798000,0.02493688,0.03199713
62.00000000,5.12400000,1.43075000,0.02501990,0.03209896
62.20000000,5.12450000,1.54921000,0.02510268,0.03220923
62.40000000,5.12450000,1.54921000,0.02518875,0.03231950
62.60000000,5.12500000,1.42739000,0.02527143,0.03242108
62.80000000,5.12387000,1.40003000,0.02534997,0.03252070
63.00000000,5.12337000,1.44313000,0.02542895,0.03262337
63.20000000,5.12237000,1.38508000,0.02550751,0.03272191
63.40000000,5.12237000,1.38508000,0.02558446,0.03282053
63.60000000,5.12625000,1.50569000,0.02566476,0.03292767
63.80000000,5.12362000,1.47872000,0.02574766,0.03303293
64.00000000,5.12487000,1.45430000,0.02582913,0.03313644
64.20000000,5.12487000,1.45430000,0.02590992,0.03323991
64.40000000,5.12225000,1.43609000,0.02599021,0.03334209
64.60000000,5.12325000,1.42656000,0.02606973,0.03344361
64.80000000,5.12375000,1.43660000,0.02614926,0.03354580
65.00000000,5.12175000,1.43232000,0.02622895,0.03364769
65.20000000,5.12175000,1.43232000,0.02630853,0.03374966
65.40000000,5.12550000,1.40521000,0.02638735,0.03384965
65.60000000,5.12362000,1.44502000,0.02646652,0.03395251
65.80000000,5.12500000,1.47097000,0.02654752,0.03405721
66.00000000,5.12500000,1.47097000,0.02662924,0.03416190
66.20000000,5.12400000,1.54704000,0.02671308,0.03427201
66.40000000,5.12450000,1.52108000,0.02679830,0.03438026
66.60000000,5.12412000,1.50838000,0.02688245,0.03448762
66.80000000,5.12475000,1.51926000,0.02696655,0.03459576
67.00000000,5.12475000,1.51926000,0.02705096,0.03470389
67.20000000,5.12437000,1.44729000,0.02713336,0.03480690
67.40000000,5.12450000,1.47987000,0.02721467,0.03491218
67.60000000,5.12250000,1.42188000,0.02729528,0.03501337
67.80000000,5.12387000,1.44540000,0.02737492,0.03511623
68.00000000,5.12387000,1.44540000,0.02745522,0.03521906
68.20000000,5.12200000,1.37603000,0.02753360,0.03531697
68.40000000,5.12350000,1.47030000,0.02761266,0.03542160
68.60000000,5.12325000,1.48816000,0.02769484,0.03552749
68.80000000,5.12325000,1.48816000,0.02777751,0.03563338
69.00000000,5.12337000,1.41638000,0.02785820,0.03573419
69.20000000,5.12437000,1.49955000,0.02793919,0.03584092
69.40000000,5.12450000,1.42396000,0.02802040,0.03594226
69.60000000,5.12475000,1.43849000,0.02809992,0.03604465
69.80000000,5.12475000,1.43849000,0.02817983,0.03614702
70.00000000,5.12400000,1.47824000,0.02826085,0.03625220
70.20000000,5.12287000,1.42140000,0.02834140,0.03635337
70.40000000,5.12462000,1.43110000,0.02842063,0.03645523
70.60000000,5.12462000,1.43110000,0.02850014,0.03655706
70.80000000,5.12300000,1.55926000,0.02858320,0.03666807
71.00000000,5.12625000,1.60355000,0.02867106,0.03678217
71.20000000,5.12312000,1.48422000,0.02875683,0.03688778
71.40000000,5.12312000,1.48422000,0.02883929,0.03699342
71.60000000,5.12462000,1.50336000,0.02892228,0.03710041
71.80000000,5.12412000,1.51737000,0.02900619,0.03720840
72.00000000,5.12412000,1.41052000,0.02908752,0.03730879
72.20000000,5.12412000,1.41052000,0.02916588,0.03740915
72.40000000,5.12312000,1.42083000,0.02924453,0.03751027
72.60000000,5.12412000,1.46550000,0.02932470,0.03761456
72.80000000,5.12387000,1.43385000,0.02940524,0.03771659
73.00000000,5.12337000,1.45344000,0.02948544,0.03782001
73.20000000,5.12337000,1.45344000,0.02956619,0.03792341
73.40000000,5.12200000,1.41974000,0.02964600,0.03802442
73.60000000,5.12262000,1.43744000,0.02972537,0.03812674
73.80000000,5.12487000,1.41529000,0.02980461,0.03822748
74.00000000,5.12487000,1.41529000,0.02988324,0.03832820
74.20000000,5.12425000,1.51488000,0.02996463,0.03843599
74.40000000,5.12300000,1.53779000,0.03004943,0.03854543
74.60000000,5.12425000,1.45011000,0.03013242,0.03864863
74.80000000,5.12362000,1.39395000,0.03021143,0.03874782
75.00000000,5.12362000,1.39395000,0.03028887,0.03884702
75.20000000,5.12362000,1.40480000,0.03036661,0.03894696
75.40000000,5.12250000,1.45168000,0.03044596,0.03905026
75.60000000,5.12337000,1.41808000,0.03052567,0.03915117
75.80000000,5.12325000,1.41132000,0.03060427,0.03925159
76.00000000,5.12325000,1.41132000,0.03068267,0.03935199
76.20000000,5.12200000,1.33116000,0.03075885,0.03944669
76.40000000,5.12225000,1.40211000,0.03083478,0.03954643
76.60000000,5.12175000,1.40080000,0.03091264,0.03964608
76.80000000,5.12175000,1.40080000,0.03099046,0.03974576
77.00000000,5.12350000,1.43318000,0.03106918,0.03984773
77.20000000,5.12275000,1.41219000,0.03114822,0.03994823
77.40000000,5.12387000,1.44163000,0.03122749,0.04005079
77.60000000,5.12250000,1.42057000,0.03130700,0.04015186
77.80000000,5.12250000,1.42057000,0.03138592,0.04025296
78.00000000,5.12387000,1.38688000,0.03146390,0.04035162
78.20000000,5.12225000,1.53942000,0.03154519,0.04046120
78.40000000,5.12487000,1.48908000,0.03162931,0.04056719
78.60000000,5.12487000,1.48908000,0.03171204,0.04067315
78.80000000,5.12362000,1.43689000,0.03179332,0.04077537
79.00000000,5.12212000,1.49968000,0.03187489,0.04088214
79.20000000,5.12612000,1.39667000,0.03195534,0.04098152
79.40000000,5.12300000,1.48329000,0.03203534,0.04108706
79.60000000,5.12300000,1.48329000,0.03211775,0.04119257
79.80000000,5.12125000,1.45235000,0.03219929,0.04129592
80.00000000,5.12387000,1.42384000,0.03227919,0.04139722
80.20000000,5.12237000,1.42268000,0.03235826,0.04149843
80.40000000,5.12237000,1.42268000,0.03243729,0.04159964
80.60000000,5.12212000,1.40188000,0.03251575,0.04169943
80.80000000,5.12475000,1.50288000,0.03259644,0.04180635
81.00000000,5.12250000,1.45139000,0.03267850,0.04190964
81.20000000,5.12400000,1.41955000,0.03275825,0.04201067
81.40000000,5.12400000,1.41955000,0.03283712,0.04211166
81.60000000,5.12262000,1.44662000,0.03291673,0.04221458
81.80000000,5.12237000,1.40688000,0.03299600,0.04231467
82.00000000,5.12212000,1.42396000,0.03307463,0.04241597
82.20000000,5.12300000,1.45875000,0.03315471,0.04251976
82.40000000,5.12300000,1.45875000,0.03323575,0.04262353
82.60000000,5.12162000,1.47091000,0.03331713,0.04272823
82.80000000,5.12500000,1.46406000,0.03339865,0.04283244
83.00000000,5.12337000,1.39609000,0.03347810,0.04293178
83.20000000,5.12337000,1.39609000,0.03355566,0.04303112
83.40000000,5.12312000,1.39292000,0.03363314,0.04313025
83.60000000,5.12375000,1.47286000,0.03371274,0.04323503
83.80000000,5.12212000,1.41740000,0.03379303,0.04333586
84.00000000,5.12212000,1.41740000,0.03387177,0.04343672
84.20000000,5.12325000,1.41888000,0.03395056,0.04353767
84.40000000,5.12287000,1.39916000,0.03402883,0.04363725
84.60000000,5.12425000,1.43408000,0.03410754,0.04373932
84.80000000,5.12325000,1.44873000,0.03418761,0.04384240
85.00000000,5.12325000,1.44873000,0.03426810,0.04394551
85.20000000,5.12437000,1.48182000,0.03434950,0.04405091
85.40000000,5.12137000,1.43283000,0.03443047,0.04415290
85.60000000,5.12487000,1.44182000,0.03451032,0.04425553
85.80000000,5.12487000,1.44182000,0.03459042,0.04435813
86.00000000,5.12362000,1.42601000,0.03467008,0.04445960
86.20000000,5.12350000,1.46316000,0.03475033,0.04456369
86.40000000,5.12200000,1.53446000,0.03483360,0.04467285
86.60000000,5.12200000,1.53446000,0.03491885,0.04478206
86.80000000,5.12450000,1.44483000,0.03500161,0.04488489
87.00000000,5.12437000,1.46041000,0.03508231,0.04498882
87.20000000,5.12387000,1.47875000,0.03516395,0.04509405
87.40000000,5.12337000,1.43974000,0.03524502,0.04519650
87.60000000,5.12337000,1.43974000,0.03532501,0.04529896
87.80000000,5.12412000,1.48406000,0.03540622,0.04540461
88.00000000,5.12537000,1.53558000,0.03549010,0.04551390
88.20000000,5.12462000,1.48595000,0.03557403,0.04561966
88.40000000,5.12462000,1.48595000,0.03565659,0.04572539
88.60000000,5.12275000,1.45865000,0.03573838,0.04582916
88.80000000,5.12212000,1.41635000,0.03581824,0.04592993
89.00000000,5.12275000,1.46291000,0.03589822,0.04603403
89.20000000,5.12337000,1.53632000,0.03598153,0.04614335
89.40000000,5.12337000,1.53632000,0.03606688,0.04625268
89.60000000,5.12375000,1.50339000,0.03615132,0.04635968
89.80000000,5.12462000,1.53158000,0.03623563,0.04646866
90.00000000,5.12300000,1.50889000,0.03632008,0.04657602
90.20000000,5.12300000,1.50889000,0.03640391,0.04668341
90.40000000,5.12412000,1.52204000,0.03648810,0.04679167
90.60000000,5.12150000,1.51481000,0.03657246,0.04689950
90.80000000,5.12537000,1.51865000,0.03665672,0.04700758
91.00000000,5.12412000,1.49052000,0.03674031,0.04711366
91.20000000,5.12412000,1.49052000,0.03682312,0.04721970
91.40000000,5.12200000,1.36665000,0.03690248,0.04731691
91.60000000,5.12162000,1.44185000,0.03698050,0.04741956
91.80000000,5.12575000,1.40665000,0.03705962,0.04751965
92.00000000,5.12312000,1.45350000,0.03713907,0.04762307
92.20000000,5.12312000,1.45350000,0.03721982,0.04772649
92.40000000,5.12325000,1.39548000,0.03729896,0.04782578
92.60000000,5.12275000,1.43331000,0.03737754,0.04792776
92.80000000,5.12250000,1.43936000,0.03745733,0.04803016
93.00000000,5.12250000,1.43936000,0.03753730,0.04813262
93.20000000,5.12512000,1.51728000,0.03761943,0.04824062
93.40000000,5.12500000,1.43347000,0.03770139,0.04834263
93.60000000,5.12362000,1.50780000,0.03778309,0.04844992
93.80000000,5.12412000,1.47904000,0.03786606,0.04855518
94.00000000,5.12412000,1.47904000,0.03794823,0.04866044
94.20000000,5.12387000,1.52300000,0.03803162,0.04876879
94.40000000,5.12225000,1.48041000,0.03811505,0.04887411
94.60000000,5.12187000,1.56563000,0.03819966,0.04898548
94.80000000,5.12187000,1.56563000,0.03828664,0.04909693
95.00000000,5.12537000,1.34793000,0.03836757,0.04919283
95.20000000,5.12212000,1.45792000,0.03844551,0.04929660
95.40000000,5.12500000,1.40966000,0.03852517,0.04939694
95.60000000,5.12500000,1.40966000,0.03860348,0.04949724
95.80000000,5.12262000,1.43779000,0.03868258,0.04959955
96.00000000,5.12337000,1.45414000,0.03876291,0.04970304
96.20000000,5.12425000,1.44630000,0.03884348,0.04980597
96.40000000,5.12425000,1.44630000,0.03892383,0.04990891
96.60000000,5.12450000,1.47225000,0.03900490,0.05001370
96.80000000,5.12475000,1.55500000,0.03908899,0.05012433
97.00000000,5.12262000,1.43014000,0.03917191,0.05022606
97.20000000,5.12150000,1.40259000,0.03925060,0.05032583
97.40000000,5.12150000,1.40259000,0.03932852,0.05042562
97.60000000,5.12250000,1.38758000,0.03940602,0.05052433
97.80000000,5.12175000,1.46528000,0.03948527,0.05062860
98.00000000,5.12387000,1.49411000,0.03956747,0.05073493
98.20000000,5.12387000,1.49411000,0.03965048,0.05084128
98.40000000,5.12475000,1.40998000,0.03973115,0.05094160
98.60000000,5.12312000,1.40892000,0.03980945,0.05104186
98.80000000,5.12337000,1.42534000,0.03988818,0.05114327
99.00000000,5.12287000,1.39296000,0.03996647,0.05124238
99.20000000,5.12287000,1.39296000,0.04004385,0.05134152
99.40000000,5.12412000,1.49088000,0.04012396,0.05144760
99.60000000,5.12300000,1.40803000,0.04020449,0.05154780
99.80000000,5.12387000,1.48009000,0.04028471,0.05165313
100.00000000,5.12337000,1.42902000,0.04036552,0.05175482
100.20000000,5.12337000,1.42902000,0.04044491,0.05185649
100.40000000,5.12275000,1.37760000,0.04052287,0.05195450
100.60000000,5.12262000,1.43027000,0.04060087,0.05205624
100.80000000,5.12137000,1.42102000,0.04068007,0.05215732
101.00000000,5.12137000,1.42102000,0.04075902,0.05225848
101.20000000,5.12562000,1.48201000,0.04083966,0.05236391
101.40000000,5.12200000,1.44348000,0.04092092,0.05246663
101.60000000,5.12400000,1.47254000,0.04100192,0.05257141
101.80000000,5.12287000,1.43760000,0.04108276,0.05267369
102.00000000,5.12287000,1.43760000,0.04116262,0.05277599
102.20000000,5.12350000,1.41321000,0.04124181,0.05287653
102.40000000,5.12187000,1.48345000,0.04132228,0.05298213
102.60000000,5.12562000,1.58508000,0.04140751,0.05309497
102.80000000,5.12562000,1.58508000,0.04149557,0.05320780
103.00000000,5.12512000,1.50928000,0.04158153,0.05331522
103.20000000,5.12425000,1.50227000,0.04166518,0.05342210
103.40000000,5.12262000,1.49321000,0.04174839,0.05352838
103.60000000,5.12487000,1.53472000,0.04183250,0.05363762
103.80000000,5.12487000,1.53472000,0.04191776,0.05374686
104.00000000,5.12462000,1.45417000,0.04200078,0.05385034
104.20000000,5.12375000,1.55139000,0.04208427,0.05396075
104.40000000,5.12412000,1.50761000,0.04216924,0.05406804
104.60000000,5.12412000,1.50761000,0.04225300,0.05417530
104.80000000,5.12225000,1.46864000,0.04233567,0.05427979
105.00000000,5.12262000,1.51008000,0.04241842,0.05438728
105.20000000,5.12487000,1.52467000,0.04250272,0.05449580
105.40000000,5.12350000,1.48118000,0.04258621,0.05460120
105.60000000,5.12350000,1.48118000,0.04266850,0.05470661
105.80000000,5.12375000,1.43404000,0.04274948,0.05480865
106.00000000,5.12350000,1.43513000,0.04282918,0.05491080
106.20000000,5.12462000,1.44374000,0.04290914,0.05501356
106.40000000,5.12462000,1.44374000,0.04298935,0.05511628
106.60000000,5.12275000,1.36489000,0.04306737,0.05521338
106.80000000,5.12250000,1.43248000,0.04314507,0.05531533
107.00000000,5.12425000,1.45203000,0.04322520,0.05541867
107.20000000,5.12425000,1.45203000,0.04330587,0.05552201
107.40000000,5.12400000,1.51507000,0.04338829,0.05562980
107.60000000,5.12250000,1.48969000,0.04347175,0.05573581
107.80000000,5.12362000,1.52688000,0.04355555,0.05584446
108.00000000,5.12362000,1.52688000,0.04364037,0.05595316
108.20000000,5.12550000,1.49942000,0.04372444,0.05605985
108.40000000,5.12300000,1.48252000,0.04380727,0.05616534
108.60000000,5.12325000,1.47203000,0.04388934,0.05627009
108.80000000,5.12362000,1.48576000,0.04397150,0.05637582
109.00000000,5.12362000,1.48576000,0.04405404,0.05648150
109.20000000,5.12150000,1.39868000,0.04413417,0.05658104
109.40000000,5.12400000,1.39763000,0.04421184,0.05668051
109.60000000,5.12425000,1.41494000,0.04428997,0.05678121
109.80000000,5.12425000,1.41494000,0.04436858,0.05688187
110.00000000,5.12187000,1.50883000,0.04444979,0.05698919
110.20000000,5.12150000,1.43744000,0.04453163,0.05709152
110.40000000,5.12525000,1.47913000,0.04461265,0.05719679
110.60000000,5.12462000,1.43372000,0.04469356,0.05729884
110.80000000,5.12462000,1.43372000,0.04477321,0.05740079
111.00000000,5.11987000,1.51881000,0.04485523,0.05750886
111.20000000,5.12325000,1.48630000,0.04493870,0.05761463
111.40000000,5.12362000,1.43619000,0.04501988,0.05771683
111.60000000,5.12337000,1.40345000,0.04509876,0.05781669
111.80000000,5.12337000,1.40345000,0.04517673,0.05791651
112.00000000,5.12100000,1.42736000,0.04525537,0.05801813
112.20000000,5.12575000,1.51267000,0.04533703,0.05812576
112.40000000,5.12287000,1.38675000,0.04541757,0.05822443
112.60000000,5.12287000,1.38675000,0.04549461,0.05832312
112.80000000,5.12400000,1.47088000,0.04557399,0.05842774
113.00000000,5.12162000,1.40576000,0.04565390,0.05852778
113.20000000,5.12362000,1.42873000,0.04573263,0.05862942
113.40000000,5.12225000,1.45132000,0.04581264,0.05873267
113.60000000,5.12225000,1.45132000,0.04589327,0.05883596
113.80000000,5.12425000,1.48832000,0.04597492,0.05894188
114.00000000,5.12400000,1.43059000,0.04605600,0.05904367
114.20000000,5.12262000,1.41712000,0.04613511,0.05914449
114.40000000,5.12262000,1.41712000,0.04621383,0.05924534
114.60000000,5.12400000,1.42259000,0.04629272,0.05934659
114.80000000,5.12425000,1.46067000,0.04637281,0.05945054
115.00000000,5.12425000,1.43651000,0.04645328,0.05955276
115.20000000,5.12337000,1.42294000,0.04653271,0.05965402
115.40000000,5.12337000,1.42294000,0.04661176,0.05975527
115.60000000,5.12325000,1.39212000,0.04668996,0.05985433
115.80000000,5.12325000,1.39932000,0.04676750,0.05995389
116.00000000,5.12300000,1.39532000,0.04684513,0.06005317
116.20000000,5.12300000,1.39532000,0.04692265,0.06015246
116.40000000,5.12325000,1.39376000,0.04700012,0.06025162
116.60000000,5.12262000,1.48451000,0.04708007,0.06035729
116.80000000,5.12500000,1.51894000,0.04716350,0.06046539
117.00000000,5.12412000,1.47180000,0.04724658,0.06057014
117.20000000,5.12412000,1.47180000,0.04732835,0.06067487
117.40000000,5.12337000,1.45542000,0.04740966,0.06077845
117.60000000,5.12412000,1.49011000,0.04749148,0.06088448
117.80000000,5.12362000,1.50000000,0.04757454,0.06099123
118.00000000,5.12362000,1.50000000,0.04765787,0.06109798
118.20000000,5.12412000,1.50060000,0.04774122,0.06120478
118.40000000,5.12462000,1.51878000,0.04782509,0.06131287
118.60000000,5.12387000,1.47673000,0.04790830,0.06141796
118.80000000,5.12387000,1.47673000,0.04799034,0.06152305
119.00000000,5.12375000,1.45283000,0.04807172,0.06162645
119.20000000,5.12425000,1.54444000,0.04815497,0.06173638
119.40000000,5.12487000,1.52883000,0.04824034,0.06184520
119.60000000,5.12487000,1.49667000,0.04832438,0.06195173
119.80000000,5.12487000,1.49667000,0.04840753,0.06205822
120.00000000,5.12287000,1.58873000,0.04849324,0.06217130
120.20000000,5.12500000,1.42633000,0.04857699,0.06227279
120.40000000,5.12300000,1.50112000,0.04865831,0.06237960
120.60000000,5.12300000,1.50112000,0.04874170,0.06248643
120.80000000,5.12400000,1.50668000,0.04882525,0.06259365
121.00000000,5.12375000,1.46691000,0.04890785,0.06269803
121.20000000,5.12325000,1.54163000,0.04899142,0.06280775
121.40000000,5.12412000,1.45964000,0.04907479,0.06291163
121.60000000,5.12412000,1.45964000,0.04915588,0.06301548
121.80000000,5.12275000,1.52108000,0.04923868,0.06312373
122.00000000,5.12387000,1.39683000,0.04931973,0.06322311
122.20000000,5.12287000,1.42691000,0.04939817,0.06332464
122.40000000,5.12287000,1.42691000,0.04947744,0.06342617
122.60000000,5.12312000,1.46905000,0.04955789,0.06353068
122.80000000,5.12212000,1.41852000,0.04963810,0.06363160
123.00000000,5.12262000,1.42816000,0.04971717,0.06373319
123.20000000,5.12175000,1.45526000,0.04979727,0.06383672
123.40000000,5.12175000,1.45526000,0.04987812,0.06394031
123.60000000,5.12562000,1.53430000,0.04996116,0.06404949
123.80000000,5.12325000,1.41257000,0.05004302,0.06415002
124.00000000,5.12412000,1.45414000,0.05012265,0.06425351
124.20000000,5.12412000,1.45414000,0.05020343,0.06435702
124.40000000,5.12525000,1.46643000,0.05028456,0.06446134
124.60000000,5.12225000,1.38451000,0.05036375,0.06455987
124.80000000,5.12350000,1.51142000,0.05044420,0.06466741
125.00000000,5.12287000,1.37920000,0.05052449,0.06476554
125.20000000,5.12287000,1.37920000,0.05060111,0.06486369
125.40000000,5.12387000,1.40643000,0.05067849,0.06496376
125.60000000,5.12312000,1.38374000,0.05075600,0.06506222
125.80000000,5.12300000,1.49331000,0.05083591,0.06516847
126.00000000,5.12300000,1.49331000,0.05091888,0.06527475
126.20000000,5.12425000,1.40236000,0.05099931,0.06537455
126.40000000,5.12375000,1.42521000,0.05107785,0.06547594
126.60000000,5.12250000,1.45728000,0.05115792,0.06557962
126.80000000,5.12225000,1.36611000,0.05123635,0.06567681
127.00000000,5.12225000,1.36611000,0.05131225,0.06577401
127.20000000,5.12325000,1.42956000,0.05138990,0.06587574
127.40000000,5.12325000,1.45046000,0.05146990,0.06597895
127.60000000,5.12362000,1.39152000,0.05154885,0.06607798
127.80000000,5.12362000,1.39152000,0.05162615,0.06617699
128.00000000,5.12312000,1.46355000,0.05170546,0.06628115
128.20000000,5.12425000,1.50374000,0.05178789,0.06638814
128.40000000,5.12262000,1.43184000,0.05186943,0.06649001
128.60000000,5.12325000,1.41379000,0.05194848,0.06659061
128.80000000,5.12325000,1.41379000,0.05202702,0.06669121
129.00000000,5.12337000,1.44841000,0.05210653,0.06679429
129.20000000,5.12400000,1.54195000,0.05218959,0.06690403
129.40000000,5.12425000,1.48316000,0.05227362,0.06700959
129.60000000,5.12425000,1.48316000,0.05235602,0.06711515
129.80000000,5.12437000,1.54720000,0.05244020,0.06722526
130.00000000,5.12437000,1.51590000,0.05252528,0.06733313
130.20000000,5.12337000,1.47472000,0.05260836,0.06743807
130.40000000,5.12337000,1.47472000,0.05269028,0.06754302
130.60000000,5.12375000,1.48796000,0.05277258,0.06764893
130.80000000,5.12487000,1.52512000,0.05285628,0.06775743
131.00000000,5.12237000,1.46121000,0.05293923,0.06786139
131.20000000,5.12237000,1.41372000,0.05301909,0.06796196
131.40000000,5.12237000,1.41372000,0.05309763,0.06806251
131.60000000,5.12087000,1.43760000,0.05317683,0.06816484
131.80000000,5.12475000,1.51280000,0.05325879,0.06827246
132.00000000,5.12225000,1.46694000,0.05334156,0.06837682
132.20000000,5.12225000,1.46694000,0.05342306,0.06848119
132.40000000,5.12237000,1.47209000,0.05350470,0.06858592
132.60000000,5.12275000,1.50787000,0.05358747,0.06869324
132.80000000,5.12437000,1.48102000,0.05367050,0.06879864
133.00000000,5.12387000,1.52374000,0.05375396,0.06890708
133.20000000,5.12387000,1.52374000,0.05383862,0.06901550
133.40000000,5.12325000,1.49376000,0.05392243,0.06912179
133.60000000,5.12312000,1.45654000,0.05400439,0.06922542
133.80000000,5.12287000,1.43468000,0.05408470,0.06932750
134.00000000,5.12287000,1.43468000,0.05416440,0.06942958
134.20000000,5.12312000,1.46118000,0.05424484,0.06953355
134.40000000,5.12287000,1.46473000,0.05432612,0.06963776
134.60000000,5.12275000,1.45593000,0.05440725,0.06974139
134.80000000,5.12462000,1.38012000,0.05448603,0.06983962
135.00000000,5.12462000,1.38012000,0.05456270,0.06993781
135.20000000,5.12237000,1.45804000,0.05464154,0.07004161
135.40000000,5.12575000,1.49964000,0.05472370,0.07014830
135.60000000,5.12237000,1.45382000,0.05480574,0.07025173
135.80000000,5.12237000,1.45382000,0.05488651,0.07035517
136.00000000,5.12325000,1.41996000,0.05496633,0.07045621
136.20000000,5.12300000,1.38544000,0.05504426,0.07055479
136.40000000,5.12325000,1.38681000,0.05512127,0.07065341
136.60000000,5.12012000,1.46784000,0.05520056,0.07075779
136.80000000,5.12012000,1.46784000,0.05528211,0.07086228
137.00000000,5.12537000,1.39120000,0.05536153,0.07096123
137.20000000,5.12100000,1.43590000,0.05544006,0.07106341
137.40000000,5.12350000,1.44169000,0.05551999,0.07116599
137.60000000,5.12287000,1.42259000,0.05559955,0.07126721
137.80000000,5.12287000,1.42259000,0.05567859,0.07136842
138.00000000,5.12250000,1.44774000,0.05575832,0.07147144
138.20000000,5.12362000,1.47523000,0.05583951,0.07157643
138.40000000,5.12425000,1.44172000,0.05592054,0.07167904
138.60000000,5.12425000,1.44172000,0.05600063,0.07178161
138.80000000,5.12237000,1.44780000,0.05608090,0.07188465
139.00000000,5.12400000,1.53520000,0.05616376,0.07199394
139.20000000,5.12562000,1.48118000,0.05624755,0.07209934
139.40000000,5.12375000,1.42505000,0.05632828,0.07220075
139.60000000,5.12375000,1.42505000,0.05640745,0.07230212
139.80000000,5.12162000,1.41884000,0.05648644,0.07240311
140.00000000,5.12462000,1.44073000,0.05656588,0.07250557
140.20000000,5.12050000,1.38115000,0.05664426,0.07260379
140.40000000,5.12050000,1.38115000,0.05672099,0.07270211
140.60000000,5.12525000,1.38899000,0.05679794,0.07280093
140.80000000,5.12225000,1.57929000,0.05688039,0.07291331
141.00000000,5.12375000,1.47888000,0.05696534,0.07301855
141.20000000,5.12525000,1.53299000,0.05704900,0.07312768
141.40000000,5.12525000,1.53299000,0.05713417,0.07323679
141.60000000,5.12475000,1.50566000,0.05721858,0.07334395
141.80000000,5.12425000,1.54998000,0.05730346,0.07345424
142.00000000,5.12337000,1.49414000,0.05738802,0.07356056
142.20000000,5.12337000,1.49414000,0.05747102,0.07366688
142.40000000,5.12300000,1.61664000,0.05755743,0.07378191
142.60000000,5.12337000,1.37881000,0.05764064,0.07388003
142.80000000,5.12337000,1.40624000,0.05771800,0.07398009
143.00000000,5.12387000,1.40880000,0.05779620,0.07408035
143.20000000,5.12387000,1.40880000,0.05787447,0.07418060
143.40000000,5.12350000,1.43849000,0.05795356,0.07428299
143.60000000,5.12500000,1.46006000,0.05803407,0.07438687
143.80000000,5.12250000,1.44003000,0.05811463,0.07448932
144.00000000,5.12250000,1.44003000,0.05819463,0.07459177
144.20000000,5.12262000,1.43705000,0.05827455,0.07469406
144.40000000,5.12462000,1.43728000,0.05835439,0.07479631
144.60000000,5.12237000,1.46080000,0.05843490,0.07490024
144.80000000,5.12587000,1.39443000,0.05851421,0.07499951
145.00000000,5.12587000,1.39443000,0.05859168,0.07509874
145.20000000,5.12375000,1.42435000,0.05866997,0.07520011
145.40000000,5.12387000,1.42003000,0.05874899,0.07530113
145.60000000,5.12212000,1.44038000,0.05882844,0.07540360
145.80000000,5.12212000,1.44038000,0.05890846,0.07550612
146.00000000,5.12487000,1.45216000,0.05898881,0.07560946
146.20000000,5.12350000,1.44953000,0.05906941,0.07571263
146.40000000,5.12462000,1.43590000,0.05914956,0.07581483
146.60000000,5.12462000,1.43590000,0.05922934,0.07591699
146.80000000,5.12262000,1.47580000,0.05931022,0.07602203
147.00000000,5.12437000,1.49632000,0.05939278,0.07612847
147.20000000,5.12212000,1.47059000,0.05947519,0.07623313
147.40000000,5.12375000,1.47372000,0.05955698,0.07633800
147.60000000,5.12375000,1.47372000,0.05963885,0.07644289
147.80000000,5.12425000,1.47206000,0.05972068,0.07654763
148.00000000,5.12300000,1.44195000,0.05980162,0.07665023
148.20000000,5.12325000,1.41587000,0.05988101,0.07675098
148.40000000,5.12325000,1.41587000,0.05995966,0.07685175
148.60000000,5.12425000,1.47881000,0.06004007,0.07695699
148.80000000,5.12400000,1.46332000,0.06012180,0.07706114
149.00000000,5.12450000,1.50419000,0.06020423,0.07716819
149.20000000,5.12425000,1.48041000,0.06028713,0.07727355
149.40000000,5.12425000,1.48041000,0.06036938,0.07737891
149.60000000,5.12412000,1.52518000,0.06045287,0.07748743
149.80000000,5.12300000,1.53465000,0.06053786,0.07759668
150.00000000,5.12550000,1.50588000,0.06062232,0.07770388
150.20000000,5.12287000,1.48944000,0.06070553,0.07780985
150.40000000,5.12287000,1.48944000,0.06078827,0.07791588
150.60000000,5.12512000,1.52576000,0.06087203,0.07802445
150.80000000,5.12362000,1.49280000,0.06095588,0.07813068
151.00000000,5.12362000,1.53094000,0.06103987,0.07823963
151.20000000,5.12362000,1.53094000,0.06112492,0.07834859
151.40000000,5.12450000,1.48579000,0.06120872,0.07845429
151.60000000,5.12225000,1.50870000,0.06129190,0.07856169
151.80000000,5.12562000,1.48134000,0.06137496,0.07866709
152.00000000,5.12275000,1.46620000,0.06145683,0.07877141
152.20000000,5.12275000,1.46620000,0.06153829,0.07887573
152.40000000,5.12287000,1.43068000,0.06161876,0.07897753
152.60000000,5.12337000,1.42163000,0.06169799,0.07907869
152.80000000,5.12300000,1.47433000,0.06177843,0.07918359
153.00000000,5.12300000,1.47433000,0.06186034,0.07928853
153.20000000,5.12487000,1.49452000,0.06194281,0.07939490
153.40000000,5.12450000,1.56803000,0.06202788,0.07950648
153.60000000,5.12362000,1.49769000,0.06211304,0.07961304
153.80000000,5.12262000,1.55571000,0.06219785,0.07972373
154.00000000,5.12262000,1.55571000,0.06228428,0.07983449
154.20000000,5.12625000,1.54320000,0.06237036,0.07994431
154.40000000,5.12375000,1.48678000,0.06245453,0.08005008
154.60000000,5.12225000,1.53011000,0.06253833,0.08015894
154.80000000,5.12225000,1.53011000,0.06262334,0.08026789
155.00000000,5.12662000,1.47344000,0.06270677,0.08037273
155.20000000,5.12300000,1.42355000,0.06278724,0.08047403
155.40000000,5.12375000,1.40809000,0.06286590,0.08057423
155.60000000,5.12362000,1.44643000,0.06294519,0.08067716
155.80000000,5.12362000,1.44643000,0.06302555,0.08078009
156.00000000,5.12375000,1.45932000,0.06310626,0.08088396
156.20000000,5.12475000,1.48787000,0.06318813,0.08098982
156.40000000,5.12275000,1.53372000,0.06327206,0.08109895
156.60000000,5.12262000,1.39865000,0.06335352,0.08119846
156.80000000,5.12262000,1.39865000,0.06343122,0.08129797
157.00000000,5.12262000,1.45532000,0.06351050,0.08140151
157.20000000,5.12275000,1.42000000,0.06359037,0.08150255
157.40000000,5.12425000,1.49155000,0.06367124,0.08160870
157.60000000,5.12425000,1.49155000,0.06375411,0.08171484
157.80000000,5.12362000,1.52656000,0.06383794,0.08182350
158.00000000,5.12487000,1.43011000,0.06392007,0.08192527
158.20000000,5.12362000,1.39526000,0.06399856,0.08202456
158.40000000,5.12362000,1.39526000,0.06407607,0.08212384
158.60000000,5.12337000,1.48873000,0.06415618,0.08222977
158.80000000,5.12300000,1.47104000,0.06423840,0.08233444
159.00000000,5.12312000,1.44038000,0.06431927,0.08243693
159.20000000,5.12312000,1.44038000,0.06439929,0.08253943
159.40000000,5.12387000,1.43747000,0.06447923,0.08264171
159.60000000,5.12287000,1.44169000,0.06455921,0.08274431
159.80000000,5.12387000,1.45958000,0.06463980,0.08284816
160.00000000,5.12275000,1.40460000,0.06471936,0.08294809
160.20000000,5.12275000,1.40460000,0.06479739,0.08304805
160.40000000,5.12412000,1.42777000,0.06487607,0.08314962
160.60000000,5.12200000,1.40384000,0.06495472,0.08324953
160.80000000,5.12400000,1.45926000,0.06503426,0.08335338
161.00000000,5.12400000,1.45926000,0.06511533,0.08345719
161.20000000,5.12200000,1.41014000,0.06519503,0.08355755
161.40000000,5.12425000,1.51555000,0.06527630,0.08366541
161.60000000,5.12412000,1.46416000,0.06535907,0.08376960
161.80000000,5.12362000,1.38067000,0.06543809,0.08386785
162.00000000,5.12362000,1.38067000,0.06551480,0.08396613
162.20000000,5.12512000,1.43913000,0.06559312,0.08406850
162.40000000,5.12162000,1.42131000,0.06567258,0.08416966
162.60000000,5.12425000,1.46598000,0.06575278,0.08427399
162.80000000,5.12425000,1.46598000,0.06583423,0.08437830
163.00000000,5.12275000,1.43651000,0.06591485,0.08448050
163.20000000,5.12275000,1.42336000,0.06599429,0.08458179
163.40000000,5.12375000,1.38707000,0.06607236,0.08468047
163.60000000,5.12200000,1.47232000,0.06615179,0.08478521
163.80000000,5.12200000,1.47232000,0.06623358,0.08489000
164.00000000,5.12462000,1.41568000,0.06631381,0.08499070
164.20000000,5.12162000,1.41584000,0.06639246,0.08509146
164.40000000,5.12375000,1.43542000,0.06647166,0.08519361
164.60000000,5.12337000,1.44121000,0.06655157,0.08529616
164.80000000,5.12337000,1.44121000,0.06663163,0.08539871
165.00000000,5.12325000,1.46560000,0.06671238,0.08550300
165.20000000,5.12337000,1.52710000,0.06679551,0.08561172
165.40000000,5.12587000,1.51513000,0.06688002,0.08571958
165.60000000,5.12587000,1.51513000,0.06696419,0.08582740
165.80000000,5.12350000,1.47795000,0.06704733,0.08593256
166.00000000,5.12287000,1.52070000,0.06713063,0.08604080
166.20000000,5.12475000,1.50544000,0.06721469,0.08614791
166.40000000,5.12275000,1.46492000,0.06729720,0.08625214
166.60000000,5.12275000,1.46492000,0.06737858,0.08635635
166.80000000,5.12225000,1.49161000,0.06746071,0.08646250
167.00000000,5.12350000,1.49907000,0.06754378,0.08656918
167.20000000,5.12387000,1.50950000,0.06762735,0.08667660
167.40000000,5.12387000,1.50950000,0.06771121,0.08678402
167.60000000,5.12350000,1.48467000,0.06779438,0.08688965
167.80000000,5.12287000,1.44582000,0.06787579,0.08699252
168.00000000,5.12262000,1.41872000,0.06795536,0.08709346
168.20000000,5.12462000,1.49536000,0.06803630,0.08719989
168.40000000,5.12462000,1.49536000,0.06811938,0.08730629
168.60000000,5.12312000,1.48672000,0.06820222,0.08741209
168.80000000,5.12350000,1.57961000,0.06828739,0.08752449
169.00000000,5.12362000,1.52332000,0.06837358,0.08763290
169.20000000,5.12362000,1.52332000,0.06845821,0.08774133
169.40000000,5.12512000,1.60473000,0.06854510,0.08785552
169.60000000,5.12362000,1.44595000,0.06862984,0.08795840
169.80000000,5.12275000,1.44083000,0.06871003,0.08806092
170.00000000,5.12550000,1.55568000,0.06879327,0.08817166
170.20000000,5.12550000,1.55568000,0.06887970,0.08828235
170.40000000,5.12300000,1.46019000,0.06896347,0.08838624
170.60000000,5.12237000,1.42992000,0.06904375,0.08848803
170.80000000,5.12537000,1.43491000,0.06912333,0.08859017
171.00000000,5.12537000,1.43491000,0.06920305,0.08869231
171.20000000,5.12525000,1.56710000,0.06928644,0.08880381
171.40000000,5.12275000,1.44108000,0.06937000,0.08890637
171.60000000,5.12387000,1.42467000,0.06944960,0.08900775
171.80000000,5.12387000,1.42467000,0.06952875,0.08910910
172.00000000,5.12187000,1.47728000,0.06960936,0.08921424
172.20000000,5.12450000,1.50134000,0.06969210,0.08932109
172.40000000,5.12400000,1.47987000,0.06977491,0.08942640
172.60000000,5.12400000,1.47987000,0.06985712,0.08953169
172.80000000,5.12250000,1.48083000,0.06993937,0.08963704
173.00000000,5.12212000,1.45001000,0.07002078,0.08974021
173.20000000,5.12300000,1.48419000,0.07010228,0.08984582
173.40000000,5.12312000,1.47993000,0.07018462,0.08995112
173.60000000,5.12312000,1.47993000,0.07026684,0.09005641
173.80000000,5.12225000,1.44668000,0.07034813,0.09015931
174.00000000,5.12150000,1.49392000,0.07042982,0.09026566
174.20000000,5.12537000,1.47206000,0.07051220,0.09037045
174.40000000,5.12287000,1.44518000,0.07059324,0.09047327
174.60000000,5.12287000,1.44518000,0.07067353,0.09057609
174.80000000,5.12237000,1.52316000,0.07075598,0.09068449
175.00000000,5.12425000,1.40483000,0.07083731,0.09078448
175.20000000,5.12437000,1.48316000,0.07091754,0.09089004
175.40000000,5.12437000,1.48316000,0.07099993,0.09099558
175.60000000,5.12387000,1.51027000,0.07108308,0.09110306
175.80000000,5.12375000,1.47881000,0.07116611,0.09120828
176.00000000,5.12287000,1.46192000,0.07124780,0.09131234
176.20000000,5.12500000,1.54950000,0.07133145,0.09142263
176.40000000,5.12500000,1.54950000,0.07141754,0.09153288
176.60000000,5.12262000,1.43004000,0.07150030,0.09163461
176.80000000,5.12200000,1.40108000,0.07157894,0.09173430
177.00000000,5.12300000,1.40566000,0.07165691,0.09183432
177.20000000,5.12300000,1.40566000,0.07173500,0.09193431
177.40000000,5.12175000,1.49574000,0.07181559,0.09204076
177.60000000,5.12437000,1.50425000,0.07189893,0.09214780
177.80000000,5.12312000,1.47465000,0.07198167,0.09225272
178.00000000,5.12287000,1.45027000,0.07206292,0.09235591
178.20000000,5.12287000,1.45027000,0.07214349,0.09245908
178.40000000,5.12200000,1.42934000,0.07222348,0.09256073
178.60000000,5.12037000,1.45619000,0.07230364,0.09266429
178.80000000,5.12525000,1.41116000,0.07238328,0.09276474
179.00000000,5.12525000,1.41116000,0.07246168,0.09286512
179.20000000,5.12162000,1.41910000,0.07254030,0.09296607
179.40000000,5.12187000,1.47209000,0.07262061,0.09307087
179.60000000,5.12550000,1.43216000,0.07270128,0.09317282
179.80000000,5.12550000,1.43216000,0.07278085,0.09327473
180.00000000,5.12337000,1.45884000,0.07286115,0.09337853
180.20000000,5.12312000,1.42540000,0.07294127,0.09347995
180.40000000,5.12275000,1.43907000,0.07302084,0.09358234
180.60000000,5.12237000,1.42265000,0.07310033,0.09368355
180.80000000,5.12237000,1.42265000,0.07317937,0.09378479
181.00000000,5.12350000,1.41036000,0.07325806,0.09388517
181.20000000,5.12487000,1.48256000,0.07333842,0.09399067
181.40000000,5.12350000,1.53766000,0.07342232,0.09410009
181.60000000,5.12350000,1.53766000,0.07350774,0.09420949
181.80000000,5.12237000,1.43827000,0.07359041,0.09431181
182.00000000,5.12225000,1.42892000,0.07367005,0.09441350
182.20000000,5.12412000,1.48723000,0.07375106,0.09451935
182.40000000,5.12412000,1.48723000,0.07383368,0.09462516
182.60000000,5.12250000,1.41366000,0.07391426,0.09472577
182.80000000,5.12437000,1.47356000,0.07399446,0.09483059
183.00000000,5.12162000,1.41888000,0.07407481,0.09493156
183.20000000,5.12350000,1.54201000,0.07415705,0.09504129
183.40000000,5.12350000,1.54201000,0.07424272,0.09515102
183.60000000,5.12350000,1.43340000,0.07432537,0.09525301
183.80000000,5.12300000,1.42665000,0.07440482,0.09535451
184.00000000,5.12250000,1.37824000,0.07448273,0.09545256
184.20000000,5.12250000,1.37824000,0.07455930,0.09555062
184.40000000,5.12275000,1.40777000,0.07463669,0.09565077
184.60000000,5.12187000,1.43235000,0.07471558,0.09575270
184.80000000,5.12362000,1.44508000,0.07479551,0.09585555
185.00000000,5.12450000,1.45382000,0.07487603,0.09595902
185.20000000,5.12450000,1.45382000,0.07495680,0.09606250
185.40000000,5.12487000,1.43187000,0.07503696,0.09616438
185.60000000,5.12275000,1.45958000,0.07511728,0.09626825
185.80000000,5.12387000,1.45321000,0.07519819,0.09637170
186.00000000,5.12562000,1.48649000,0.07527985,0.09647752
186.20000000,5.12562000,1.48649000,0.07536243,0.09658329
186.40000000,5.12300000,1.39491000,0.07544247,0.09668255
186.60000000,5.12312000,1.42409000,0.07552078,0.09678388
186.80000000,5.12337000,1.38387000,0.07559877,0.09688235
187.00000000,5.12337000,1.38387000,0.07567566,0.09698081
187.20000000,5.12225000,1.49545000,0.07575564,0.09708726
187.40000000,5.12550000,1.41497000,0.07583648,0.09718794
187.60000000,5.12312000,1.44304000,0.07591587,0.09729063
187.80000000,5.12362000,1.44796000,0.07599618,0.09739367
188.00000000,5.12362000,1.44796000,0.07607662,0.09749673
188.20000000,5.12450000,1.45955000,0.07615738,0.09760058
188.40000000,5.12287000,1.45612000,0.07623837,0.09770420
188.60000000,5.12400000,1.45593000,0.07631926,0.09780782
188.80000000,5.12400000,1.45593000,0.07640015,0.09791142
189.00000000,5.12350000,1.52176000,0.07648286,0.09801969
189.20000000,5.12275000,1.49516000,0.07656667,0.09812609
189.40000000,5.12350000,1.41760000,0.07664758,0.09822694
189.60000000,5.12200000,1.47068000,0.07672781,0.09833156
189.80000000,5.12200000,1.47068000,0.07680951,0.09843622
190.00000000,5.12375000,1.44956000,0.07689063,0.09853936
190.20000000,5.12312000,1.43296000,0.07697070,0.09864132
190.40000000,5.12287000,1.44492000,0.07705064,0.09874412
190.60000000,5.11950000,1.42476000,0.07713035,0.09884543
190.80000000,5.11950000,1.42476000,0.07720951,0.09894685
191.00000000,5.12525000,1.44083000,0.07728911,0.09904937
191.20000000,5.12325000,1.49699000,0.07737071,0.09915591
191.40000000,5.12400000,1.43360000,0.07745212,0.09925793
191.60000000,5.12400000,1.43360000,0.07753176,0.09935997
191.80000000,5.12450000,1.43532000,0.07761145,0.09946208
192.00000000,5.12225000,1.45302000,0.07769169,0.09956548
192.20000000,5.12387000,1.41065000,0.07777123,0.09966587
192.40000000,5.12387000,1.41065000,0.07784960,0.09976625
192.60000000,5.12337000,1.42080000,0.07792825,0.09986738
192.80000000,5.12450000,1.45670000,0.07800818,0.09997102
193.00000000,5.12262000,1.37990000,0.07808698,0.10006919
193.20000000,5.12412000,1.42473000,0.07816488,0.10017059
193.40000000,5.12412000,1.42473000,0.07824404,0.10027196
193.60000000,5.12275000,1.44304000,0.07832370,0.10037463
193.80000000,5.12287000,1.42508000,0.07840337,0.10047603
194.00000000,5.12262000,1.46870000,0.07848375,0.10058052
194.20000000,5.12262000,1.46870000,0.07856534,0.10068505
194.40000000,5.12412000,1.49596000,0.07864769,0.10079146
194.60000000,5.12162000,1.41673000,0.07872860,0.10089232
194.80000000,5.12612000,1.46083000,0.07880854,0.10099633
195.00000000,5.12612000,1.46083000,0.07888969,0.10110024
195.20000000,5.12137000,1.47232000,0.07897117,0.10120507
195.40000000,5.12662000,1.52867000,0.07905453,0.10131387
195.60000000,5.12437000,1.47120000,0.07913786,0.10141855
195.80000000,5.12287000,1.41760000,0.07921810,0.10151941
196.00000000,5.12287000,1.41760000,0.07929686,0.10162029
196.20000000,5.12362000,1.40268000,0.07937520,0.10172011
196.40000000,5.12375000,1.44627000,0.07945434,0.10182303
196.60000000,5.12350000,1.55353000,0.07953767,0.10193357
196.80000000,5.12350000,1.55353000,0.07962397,0.10204413
197.00000000,5.12400000,1.43510000,0.07970699,0.10214621
197.20000000,5.12112000,1.39411000,0.07978558,0.10224539
197.40000000,5.12262000,1.48886000,0.07986566,0.10235135
197.60000000,5.12400000,1.44966000,0.07994729,0.10245452
197.80000000,5.12400000,1.44966000,0.08002782,0.10255767
198.00000000,5.12312000,1.41286000,0.08010734,0.10265823
198.20000000,5.12450000,1.45385000,0.08018697,0.10276166
198.40000000,5.12225000,1.35683000,0.08026504,0.10285819
198.60000000,5.12275000,1.43142000,0.08034250,0.10296003
198.80000000,5.12275000,1.43142000,0.08042202,0.10306192
199.00000000,5.12487000,1.44524000,0.08050193,0.10316471
199.20000000,5.12100000,1.44214000,0.08058213,0.10326732
199.40000000,5.12312000,1.42460000,0.08066176,0.10336869
199.60000000,5.12312000,1.42460000,0.08074091,0.10347005
199.80000000,5.12287000,1.42313000,0.08082001,0.10357129
200.00000000,5.12187000,1.41113000,0.08089874,0.10367167
200.20000000,5.12175000,1.42313000,0.08097747,0.10377294
200.40000000,5.12362000,1.40704000,0.08105609,0.10387307
200.60000000,5.12362000,1.40704000,0.08113425,0.10397320
200.80000000,5.12400000,1.55760000,0.08121661,0.10408406
201.00000000,5.12450000,1.49193000,0.08130131,0.10419025
201.20000000,5.12425000,1.47257000,0.08138366,0.10429505
201.40000000,5.12425000,1.47257000,0.08146547,0.10439982
201.60000000,5.12262000,1.44179000,0.08154643,0.10450242
201.80000000,5.12387000,1.52214000,0.08162876,0.10461073
202.00000000,5.12325000,1.44723000,0.08171124,0.10471370
202.20000000,5.12275000,1.51024000,0.08179339,0.10482115
202.40000000,5.12275000,1.51024000,0.08187729,0.10492867
202.60000000,5.12587000,1.55907000,0.08196255,0.10503966
202.80000000,5.12550000,1.54489000,0.08204877,0.10514962
203.00000000,5.12475000,1.49052000,0.08213309,0.10525571
203.20000000,5.12475000,1.49052000,0.08221590,0.10536176
203.40000000,5.12262000,1.43136000,0.08229706,0.10546360
203.60000000,5.12287000,1.43299000,0.08237663,0.10556556
203.80000000,5.12287000,1.43606000,0.08245632,0.10566774
204.00000000,5.12287000,1.44860000,0.08253645,0.10577081
204.20000000,5.12287000,1.44860000,0.08261693,0.10587391
204.40000000,5.12462000,1.53446000,0.08269979,0.10598309
204.60000000,5.12300000,1.40662000,0.08278149,0.10608321
204.80000000,5.12500000,1.45891000,0.08286109,0.10618706
205.00000000,5.12237000,1.44080000,0.08294163,0.10628957
205.20000000,5.12237000,1.44080000,0.08302168,0.10639209
205.40000000,5.12362000,1.41766000,0.08310108,0.10649298
205.60000000,5.12362000,1.49443000,0.08318197,0.10659932
205.80000000,5.12325000,1.45612000,0.08326393,0.10670293
206.00000000,5.12325000,1.45612000,0.08334483,0.10680652
206.20000000,5.12175000,1.46566000,0.08342599,0.10691081
206.40000000,5.12362000,1.41680000,0.08350606,0.10701164
206.60000000,5.12350000,1.50745000,0.08358728,0.10711891
206.80000000,5.12350000,1.50745000,0.08367103,0.10722618
207.00000000,5.12375000,1.51200000,0.08375491,0.10733379
207.20000000,5.12412000,1.48233000,0.08383808,0.10743923
207.40000000,5.12162000,1.56067000,0.08392261,0.10755025
207.60000000,5.12375000,1.46576000,0.08400668,0.10765456
207.80000000,5.12375000,1.46576000,0.08408811,0.10775892
208.00000000,5.12650000,1.55580000,0.08417204,0.10786961
208.20000000,5.12250000,1.54787000,0.08425825,0.10797973
208.40000000,5.12462000,1.45017000,0.08434153,0.10808295
208.60000000,5.12462000,1.45017000,0.08442210,0.10818617
208.80000000,5.12475000,1.46409000,0.08450305,0.10829032
209.00000000,5.12212000,1.55036000,0.08458678,0.10840068
209.20000000,5.12500000,1.41100000,0.08466904,0.10850112
209.40000000,5.12500000,1.41100000,0.08474743,0.10860151
209.60000000,5.12300000,1.42889000,0.08482632,0.10870319
209.80000000,5.12337000,1.45059000,0.08490630,0.10880636
210.00000000,5.12112000,1.44736000,0.08498680,0.10890936
210.20000000,5.12350000,1.56265000,0.08507041,0.10902056
210.40000000,5.12350000,1.56265000,0.08515723,0.10913183
210.60000000,5.12687000,1.55094000,0.08524372,0.10924215
210.80000000,5.12162000,1.41568000,0.08532612,0.10934285
211.00000000,5.12162000,1.39040000,0.08540407,0.10944176
211.20000000,5.12162000,1.39040000,0.08548131,0.10954070
211.40000000,5.12350000,1.47254000,0.08556084,0.10964550
211.60000000,5.12437000,1.40550000,0.08564078,0.10974551
211.80000000,5.12312000,1.39673000,0.08571862,0.10984490
212.00000000,5.12362000,1.43228000,0.08579721,0.10994682
212.20000000,5.12362000,1.43228000,0.08587678,0.11004871
212.40000000,5.12187000,1.45270000,0.08595692,0.11015209
212.60000000,5.12375000,1.41516000,0.08603658,0.11025281
212.80000000,5.12425000,1.46720000,0.08611665,0.11035723
213.00000000,5.12425000,1.46720000,0.08619816,0.11046162
213.20000000,5.12250000,1.49955000,0.08628057,0.11056831
213.40000000,5.12275000,1.47062000,0.08636307,0.11067295
213.60000000,5.12312000,1.45910000,0.08644445,0.11077686
213.80000000,5.12750000,1.50947000,0.08652691,0.11088436
214.00000000,5.12750000,1.50947000,0.08661077,0.11099175
214.20000000,5.12275000,1.48608000,0.08669398,0.11109755
214.40000000,5.12575000,1.52944000,0.08677775,0.11120638
214.60000000,5.12325000,1.44246000,0.08686030,0.11130902
214.80000000,5.12237000,1.43113000,0.08694012,0.11141083
215.00000000,5.12237000,1.43113000,0.08701963,0.11151265
215.20000000,5.12212000,1.43574000,0.08709926,0.11161484
215.40000000,5.12462000,1.42038000,0.08717860,0.11171591
215.60000000,5.12350000,1.41660000,0.08725741,0.11181671
215.80000000,5.12350000,1.41660000,0.08733611,0.11191752
216.00000000,5.12350000,1.51760000,0.08741761,0.11202551
216.20000000,5.12362000,1.52508000,0.08750213,0.11213405
216.40000000,5.12400000,1.46131000,0.08758509,0.11223804
216.60000000,5.12237000,1.50294000,0.08766743,0.11234497
216.80000000,5.12237000,1.50294000,0.08775092,0.11245192
217.00000000,5.12350000,1.46572000,0.08783338,0.11255624
217.20000000,5.12437000,1.47718000,0.08791513,0.11266135
217.40000000,5.12350000,1.41798000,0.08799555,0.11276226
217.60000000,5.12350000,1.41798000,0.08807433,0.11286314
217.80000000,5.12250000,1.44924000,0.08815397,0.11296626
218.00000000,5.12312000,1.41260000,0.08823347,0.11306677
218.20000000,5.12300000,1.45001000,0.08831299,0.11316994
218.40000000,5.12300000,1.45001000,0.08839354,0.11327313
218.60000000,5.12387000,1.45590000,0.08847426,0.11337671
218.80000000,5.12225000,1.46259000,0.08855533,0.11348080
219.00000000,5.12450000,1.51593000,0.08863807,0.11358870
219.20000000,5.12387000,1.47811000,0.08872124,0.11369389
219.40000000,5.12387000,1.47811000,0.08880335,0.11379909
219.60000000,5.12450000,1.44537000,0.08888456,0.11390192
219.80000000,5.12250000,1.51187000,0.08896671,0.11400955
220.00000000,5.12537000,1.39939000,0.08904758,0.11410916
220.20000000,5.12537000,1.39939000,0.08912532,0.11420873
220.40000000,5.12300000,1.42688000,0.08920383,0.11431027
220.60000000,5.12362000,1.46451000,0.08928414,0.11441449
220.80000000,5.12350000,1.47529000,0.08936580,0.11451947
221.00000000,5.12350000,1.47529000,0.08944777,0.11462445
221.20000000,5.12350000,1.57897000,0.08953261,0.11473681
221.40000000,5.12337000,1.41904000,0.08961588,0.11483778
221.60000000,5.12337000,1.46000000,0.08969586,0.11494166
221.80000000,5.12300000,1.43792000,0.08977635,0.11504398
222.00000000,5.12300000,1.43792000,0.08985624,0.11514632
222.20000000,5.12437000,1.49504000,0.08993771,0.11525271
222.40000000,5.12375000,1.40320000,0.09001822,0.11535253
222.60000000,5.12187000,1.35148000,0.09009474,0.11544867
222.80000000,5.12187000,1.35148000,0.09016982,0.11554485
223.00000000,5.12387000,1.41907000,0.09024678,0.11564582
223.20000000,5.12337000,1.44000000,0.09032620,0.11574825
223.40000000,5.12150000,1.48652000,0.09040749,0.11585406
223.60000000,5.12500000,1.45616000,0.09048923,0.11595771
223.80000000,5.12500000,1.45616000,0.09057013,0.11606136
224.00000000,5.12487000,1.46102000,0.09065116,0.11616533
224.20000000,5.12350000,1.45715000,0.09073222,0.11626901
224.40000000,5.12312000,1.43504000,0.09081256,0.11637112
224.60000000,5.12362000,1.46339000,0.09089307,0.11647526
224.80000000,5.12362000,1.46339000,0.09097437,0.11657939
225.00000000,5.12362000,1.41865000,0.09105443,0.11668036
225.20000000,5.12412000,1.45401000,0.09113422,0.11678383
225.40000000,5.12375000,1.38681000,0.09121314,0.11688252
225.60000000,5.12375000,1.38681000,0.09129018,0.11698120
225.80000000,5.12325000,1.42947000,0.09136841,0.11708292
226.00000000,5.12337000,1.45689000,0.09144859,0.11718661
226.20000000,5.12450000,1.44940000,0.09152932,0.11728977
226.40000000,5.12362000,1.48464000,0.09161082,0.11739542
226.60000000,5.12362000,1.48464000,0.09169330,0.11750110
226.80000000,5.12512000,1.47168000,0.09177542,0.11760579
227.00000000,5.12212000,1.42854000,0.09185598,0.11770739
227.20000000,5.12050000,1.43436000,0.09193550,0.11780940
227.40000000,5.12050000,1.43436000,0.09201519,0.11791150
227.60000000,5.12525000,1.37324000,0.09209318,0.11800921
227.80000000,5.12275000,1.43520000,0.09217119,0.11811134
228.00000000,5.12387000,1.39990000,0.09224995,0.11821097
228.20000000,5.12375000,1.43683000,0.09232874,0.11831321
228.40000000,5.12375000,1.43683000,0.09240857,0.11841546
228.60000000,5.12350000,1.49027000,0.09248988,0.11852153
228.80000000,5.12475000,1.45936000,0.09257181,0.11862540
229.00000000,5.12425000,1.52848000,0.09265481,0.11873418
229.20000000,5.12425000,1.52848000,0.09273972,0.11884296
229.40000000,5.12412000,1.47875000,0.09282326,0.11894820
229.60000000,5.12425000,1.51120000,0.09290631,0.11905573
229.80000000,5.12300000,1.48768000,0.09298961,0.11916158
230.00000000,5.12300000,1.48768000,0.09307226,0.11926745
230.20000000,5.12387000,1.48076000,0.09315472,0.11937281
230.40000000,5.12300000,1.44291000,0.09323593,0.11947549
230.60000000,5.12350000,1.44032000,0.09331602,0.11957798
230.80000000,5.12362000,1.49264000,0.09339749,0.11968420
231.00000000,5.12362000,1.49264000,0.09348042,0.11979038
231.20000000,5.12212000,1.50611000,0.09356371,0.11989758
231.40000000,5.12437000,1.41676000,0.09364490,0.11999838
231.60000000,5.12275000,1.54457000,0.09372716,0.12010827
231.80000000,5.12275000,1.54457000,0.09381297,0.12021822
232.00000000,5.12512000,1.38124000,0.09389425,0.12031652
232.20000000,5.12400000,1.44230000,0.09397268,0.12041917
232.40000000,5.12437000,1.43168000,0.09405251,0.12052106
232.60000000,5.12437000,1.43168000,0.09413205,0.12062292
232.80000000,5.12262000,1.42483000,0.09421140,0.12072432
233.00000000,5.12387000,1.38352000,0.09428941,0.12082278
233.20000000,5.12400000,1.49510000,0.09436937,0.12092921
233.40000000,5.12525000,1.51068000,0.09445286,0.12103675
233.60000000,5.12525000,1.51068000,0.09453679,0.12114422
233.80000000,5.12225000,1.43392000,0.09461858,0.12124630
234.00000000,5.12550000,1.47747000,0.09469945,0.12135143
234.20000000,5.12325000,1.39878000,0.09477935,0.12145097
234.40000000,5.12362000,1.43273000,0.09485800,0.12155292
234.60000000,5.12362000,1.43273000,0.09493760,0.12165486
234.80000000,5.12250000,1.40588000,0.09501645,0.12175491
235.00000000,5.12425000,1.45612000,0.09509595,0.12185852
235.20000000,5.12287000,1.47270000,0.09517731,0.12196330
235.40000000,5.12287000,1.47270000,0.09525912,0.12206812
235.60000000,5.12450000,1.45497000,0.09534045,0.12217167
235.80000000,5.12412000,1.42812000,0.09542053,0.12227331
236.00000000,5.12450000,1.45094000,0.09550051,0.12237655
236.20000000,5.12325000,1.45936000,0.09558135,0.12248040
236.40000000,5.12325000,1.45936000,0.09566242,0.12258426
236.60000000,5.12412000,1.45036000,0.09574325,0.12268747
236.80000000,5.12387000,1.45360000,0.09582391,0.12279091
237.00000000,5.12350000,1.43612000,0.09590418,0.12289310
237.20000000,5.12350000,1.43612000,0.09598397,0.12299526
237.40000000,5.12175000,1.44467000,0.09606399,0.12309809
237.60000000,5.12500000,1.47667000,0.09614514,0.12320318
237.80000000,5.12362000,1.40051000,0.09622506,0.12330283
238.00000000,5.12300000,1.40448000,0.09630298,0.12340276
238.20000000,5.12300000,1.40448000,0.09638100,0.12350272
238.40000000,5.12462000,1.44176000,0.09646007,0.12360533
238.60000000,5.12387000,1.45475000,0.09654052,0.12370886
238.80000000,5.12400000,1.49648000,0.09662250,0.12381535
239.00000000,5.12400000,1.49648000,0.09670564,0.12392186
239.20000000,5.12425000,1.44796000,0.09678743,0.12402489
239.40000000,5.12337000,1.43808000,0.09686760,0.12412725
239.60000000,5.12462000,1.46176000,0.09694815,0.12423128
239.80000000,5.12437000,1.47916000,0.09702984,0.12433656
240.00000000,5.12437000,1.47916000,0.09711202,0.12444182
240.20000000,5.12362000,1.45091000,0.09719341,0.12454505
240.40000000,5.12287000,1.43033000,0.09727344,0.12464683
240.60000000,5.12325000,1.39843000,0.09735202,0.12474634
240.80000000,5.12487000,1.45728000,0.09743134,0.12485006
241.00000000,5.12487000,1.45728000,0.09751230,0.12495374
241.20000000,5.12237000,1.45971000,0.09759333,0.12505758
241.40000000,5.12200000,1.48620000,0.09767516,0.12516338
241.60000000,5.12550000,1.43984000,0.09775644,0.12526588
241.80000000,5.12550000,1.43984000,0.09783643,0.12536835
242.00000000,5.12400000,1.44508000,0.09791657,0.12547120
242.20000000,5.12462000,1.45116000,0.09799702,0.12557447
242.40000000,5.12362000,1.44649000,0.09807751,0.12567740
242.60000000,5.12312000,1.51609000,0.09815981,0.12578528
242.80000000,5.12312000,1.51609000,0.09824403,0.12589319
243.00000000,5.12462000,1.46185000,0.09832675,0.12599720
243.20000000,5.12300000,1.40390000,0.09840636,0.12609709
243.40000000,5.12387000,1.45328000,0.09848572,0.12620052
243.60000000,5.12387000,1.45328000,0.09856646,0.12630391
243.80000000,5.12250000,1.43718000,0.09864675,0.12640615
244.00000000,5.12200000,1.40857000,0.09872580,0.12650640
244.20000000,5.12450000,1.41897000,0.09880434,0.12660740
244.40000000,5.12325000,1.47865000,0.09888483,0.12671261
244.60000000,5.12325000,1.47865000,0.09896698,0.12681788
244.80000000,5.12562000,1.51548000,0.09905015,0.12692570
245.00000000,5.12287000,1.49942000,0.09913390,0.12703239
245.20000000,5.12462000,1.50640000,0.09921739,0.12713961
245.40000000,5.12462000,1.50640000,0.09930108,0.12724680
245.60000000,5.12362000,1.45264000,0.09938328,0.12735018
245.80000000,5.12362000,1.52153000,0.09946589,0.12745845
246.00000000,5.12350000,1.54944000,0.09955120,0.12756871
246.20000000,5.12350000,1.54944000,0.09963728,0.12767900
246.40000000,5.12512000,1.48540000,0.09972158,0.12778471
246.60000000,5.12387000,1.50550000,0.09980466,0.12789187
246.80000000,5.12487000,1.49344000,0.09988796,0.12799817
247.00000000,5.12487000,1.49344000,0.09997093,0.12810443
247.20000000,5.12312000,1.47827000,0.10005348,0.12820963
247.40000000,5.12350000,1.44636000,0.10013472,0.12831251
247.60000000,5.12137000,1.42857000,0.10021458,0.12841416
247.80000000,5.12325000,1.48768000,0.10029558,0.12852002
248.00000000,5.12325000,1.48768000,0.10037823,0.12862589
248.20000000,5.12387000,1.49744000,0.10046115,0.12873247
248.40000000,5.12487000,1.54598000,0.10054569,0.12884245
248.60000000,5.12175000,1.51283000,0.10063066,0.12895006
248.80000000,5.12537000,1.53651000,0.10071536,0.12905944
249.00000000,5.12537000,1.53651000,0.10080073,0.12916877
249.20000000,5.12325000,1.42835000,0.10088308,0.12927034
249.40000000,5.11987000,1.46118000,0.10096335,0.12937435
249.60000000,5.12512000,1.54080000,0.10104674,0.12948403
249.80000000,5.12512000,1.54080000,0.10113234,0.12959369
250.00000000,5.12462000,1.50940000,0.10121706,0.12970110
250.20000000,5.12337000,1.48793000,0.10130032,0.12980695
250.40000000,5.12187000,1.38636000,0.10138016,0.12990560
250.60000000,5.12350000,1.42646000,0.10145830,0.13000711
250.80000000,5.12350000,1.42646000,0.10153755,0.13010862
251.00000000,5.12400000,1.44620000,0.10161734,0.13021152
251.20000000,5.12262000,1.42710000,0.10169716,0.13031307
251.40000000,5.12350000,1.47004000,0.10177763,0.13041768
251.60000000,5.12350000,1.47004000,0.10185930,0.13052228
251.80000000,5.12350000,1.48435000,0.10194137,0.13062793
252.00000000,5.12450000,1.54380000,0.10202548,0.13073774
252.20000000,5.12150000,1.36476000,0.10210628,0.13083482
252.40000000,5.12362000,1.43856000,0.10218415,0.13093719
252.60000000,5.12362000,1.43856000,0.10226407,0.13103955
252.80000000,5.12325000,1.45020000,0.10234431,0.13114278
253.00000000,5.12487000,1.41289000,0.10242384,0.13124330
253.20000000,5.12275000,1.47705000,0.10250412,0.13134840
253.40000000,5.12275000,1.47705000,0.10258617,0.13145351
253.60000000,5.12387000,1.40819000,0.10266632,0.13155375
253.80000000,5.12525000,1.45222000,0.10274578,0.13165707
254.00000000,5.12262000,1.50659000,0.10282796,0.13176426
254.20000000,5.12262000,1.50659000,0.10291166,0.13187149
254.40000000,5.12425000,1.48182000,0.10299468,0.13197695
254.60000000,5.12437000,1.41648000,0.10307518,0.13207775
254.80000000,5.12375000,1.43776000,0.10315447,0.13218007
255.00000000,5.12375000,1.43776000,0.10323434,0.13228238
255.20000000,5.12375000,1.42000000,0.10331373,0.13238340
255.40000000,5.12225000,1.39276000,0.10339186,0.13248250
255.60000000,5.12275000,1.47382000,0.10347149,0.13258737
255.80000000,5.12337000,1.50972000,0.10355436,0.13269480
256.00000000,5.12337000,1.50972000,0.10363823,0.13280226
256.20000000,5.12487000,1.50934000,0.10372210,0.13290966
256.40000000,5.12312000,1.45942000,0.10380456,0.13301351
256.60000000,5.12337000,1.49878000,0.10388674,0.13312016
256.80000000,5.12337000,1.49878000,0.10397000,0.13322685
257.00000000,5.12550000,1.51494000,0.10405372,0.13333464
257.20000000,5.12300000,1.45328000,0.10413617,0.13343808
257.40000000,5.12437000,1.49692000,0.10421812,0.13354460
257.60000000,5.12362000,1.43558000,0.10429957,0.13364676
257.80000000,5.12362000,1.43558000,0.10437933,0.13374889
258.00000000,5.12225000,1.45488000,0.10445962,0.13385245
258.20000000,5.12525000,1.40547000,0.10453907,0.13395247
258.40000000,5.12387000,1.48076000,0.10461925,0.13405785
258.60000000,5.12387000,1.48076000,0.10470151,0.13416325
258.80000000,5.12475000,1.51507000,0.10478473,0.13427109
259.00000000,5.12512000,1.42947000,0.10486652,0.13437280
259.20000000,5.12275000,1.46870000,0.10494703,0.13447729
259.40000000,5.12262000,1.47670000,0.10502884,0.13458236
259.60000000,5.12262000,1.47670000,0.10511088,0.13468748
259.80000000,5.12537000,1.43372000,0.10519173,0.13478952
260.00000000,5.12450000,1.47267000,0.10527246,0.13489433
260.20000000,5.12412000,1.43760000,0.10535330,0.13499662
260.40000000,5.12350000,1.49440000,0.10543474,0.13510297
260.60000000,5.12350000,1.49440000,0.10551777,0.13520932
260.80000000,5.12425000,1.45049000,0.10559957,0.13531254
261.00000000,5.12350000,1.50572000,0.10568169,0.13541968
261.20000000,5.12337000,1.44857000,0.10576375,0.13552276
261.40000000,5.12337000,1.44857000,0.10584423,0.13562585
261.60000000,5.12387000,1.47235000,0.10592536,0.13573062
261.80000000,5.12350000,1.42425000,0.10600582,0.13583195
262.00000000,5.12237000,1.53232000,0.10608795,0.13594099
262.20000000,5.12362000,1.42336000,0.10617005,0.13604228
262.40000000,5.12362000,1.42336000,0.10624913,0.13614358
262.60000000,5.12425000,1.42252000,0.10632818,0.13624481
262.80000000,5.12362000,1.51196000,0.10640969,0.13635242
263.00000000,5.12450000,1.42976000,0.10649141,0.13645418
263.20000000,5.12450000,1.42976000,0.10657084,0.13655594
263.40000000,5.12437000,1.44848000,0.10665079,0.13665903
263.60000000,5.12425000,1.45564000,0.10673146,0.13676263
263.80000000,5.12450000,1.45881000,0.10681242,0.13686642
264.00000000,5.12262000,1.48262000,0.10689412,0.13697190
264.20000000,5.12262000,1.48262000,0.10697649,0.13707743
264.40000000,5.12462000,1.53731000,0.10706038,0.13718682
264.60000000,5.12325000,1.48432000,0.10714431,0.13729243
264.80000000,5.12300000,1.44662000,0.10722573,0.13739536
265.00000000,5.12300000,1.44662000,0.10730610,0.13749832
265.20000000,5.12437000,1.46256000,0.10738691,0.13760240
265.40000000,5.12350000,1.48681000,0.10746883,0.13770820
265.60000000,5.12375000,1.43907000,0.10755011,0.13781061
265.80000000,5.12375000,1.43907000,0.10763006,0.13791302
266.00000000,5.12350000,1.46352000,0.10771068,0.13801717
266.20000000,5.12400000,1.46800000,0.10779211,0.13812163
266.40000000,5.12312000,1.48339000,0.10787410,0.13822718
266.60000000,5.12200000,1.44032000,0.10795531,0.13832964
266.80000000,5.12200000,1.44032000,0.10803533,0.13843212
267.00000000,5.12312000,1.47123000,0.10811621,0.13853681
267.20000000,5.12312000,1.41734000,0.10819644,0.13863767
267.40000000,5.12387000,1.43158000,0.10827558,0.13873955
267.60000000,5.12387000,1.43158000,0.10835511,0.13884141
267.80000000,5.12275000,1.44028000,0.10843489,0.13894385
268.00000000,5.12100000,1.42892000,0.10851459,0.13904558
268.20000000,5.12625000,1.50953000,0.10859621,0.13915297
268.40000000,5.12200000,1.40793000,0.10867725,0.13925313
268.60000000,5.12200000,1.40793000,0.10875547,0.13935332
268.80000000,5.12350000,1.44345000,0.10883467,0.13945606
269.00000000,5.12500000,1.45904000,0.10891530,0.13955987
269.20000000,5.12250000,1.45964000,0.10899637,0.13966371
269.40000000,5.12250000,1.45964000,0.10907746,0.13976761
269.60000000,5.12487000,1.40025000,0.10915691,0.13986724
269.80000000,5.12275000,1.40585000,0.10923485,0.13996728
270.00000000,5.12362000,1.45376000,0.10931429,0.14007073
270.20000000,5.12375000,1.49356000,0.10939616,0.14017702
270.40000000,5.12375000,1.49356000,0.10947913,0.14028330
270.60000000,5.12375000,1.43113000,0.10956037,0.14038513
270.80000000,5.12300000,1.46435000,0.10964080,0.14048934
271.00000000,5.12387000,1.38652000,0.10971999,0.14058802
271.20000000,5.12387000,1.38652000,0.10979702,0.14068663
271.40000000,5.12100000,1.39161000,0.10987419,0.14078566
271.60000000,5.12375000,1.41731000,0.10995222,0.14088646
271.80000000,5.12075000,1.40608000,0.11003065,0.14098655
272.00000000,5.12500000,1.41715000,0.11010907,0.14108742
272.20000000,5.12500000,1.41715000,0.11018780,0.14118827
272.40000000,5.12375000,1.48553000,0.11026843,0.14129399
272.60000000,5.12387000,1.46214000,0.11035031,0.14139802
272.80000000,5.12287000,1.41622000,0.11043026,0.14149879
273.00000000,5.12287000,1.41622000,0.11050894,0.14159956
273.20000000,5.12300000,1.49734000,0.11058988,0.14170613
273.40000000,5.12487000,1.40716000,0.11067056,0.14180628
273.60000000,5.12412000,1.47974000,0.11075075,0.14191160
273.80000000,5.12437000,1.44796000,0.11083207,0.14201465
274.00000000,5.12437000,1.44796000,0.11091252,0.14211769
274.20000000,5.12362000,1.51590000,0.11099484,0.14222560
274.40000000,5.12537000,1.51030000,0.11107891,0.14233307
274.60000000,5.12362000,1.41600000,0.11116019,0.14243384
274.80000000,5.12550000,1.56608000,0.11124303,0.14254532
275.00000000,5.12550000,1.56608000,0.11133003,0.14265676
275.20000000,5.12312000,1.51657000,0.11141566,0.14276471
275.40000000,5.12512000,1.45446000,0.11149819,0.14286823
275.60000000,5.12475000,1.53894000,0.11158134,0.14297777
275.80000000,5.12475000,1.53894000,0.11166684,0.14308730
276.00000000,5.12437000,1.43708000,0.11174950,0.14318956
276.20000000,5.12312000,1.43414000,0.11182926,0.14329160
276.40000000,5.12287000,1.38860000,0.11190767,0.14339046
276.60000000,5.12612000,1.59683000,0.11199060,0.14350415
276.80000000,5.12612000,1.59683000,0.11207931,0.14361775
277.00000000,5.12250000,1.48147000,0.11216482,0.14372320
277.20000000,5.12475000,1.40828000,0.11224509,0.14382343
277.40000000,5.12412000,1.47014000,0.11232505,0.14392805
277.60000000,5.12412000,1.47014000,0.11240672,0.14403265
277.80000000,5.12275000,1.44051000,0.11248757,0.14413519
278.00000000,5.12500000,1.47673000,0.11256861,0.14424030
278.20000000,5.12462000,1.47065000,0.11265048,0.14434494
278.40000000,5.12337000,1.45804000,0.11273183,0.14444870
278.60000000,5.12337000,1.45804000,0.11281283,0.14455244
278.80000000,5.12300000,1.48217000,0.11289451,0.14465793
279.00000000,5.12462000,1.51817000,0.11297785,0.14476594
279.20000000,5.12250000,1.44371000,0.11306012,0.14486866
279.40000000,5.12250000,1.44371000,0.11314033,0.14497144
279.60000000,5.12587000,1.42483000,0.11322001,0.14507285
279.80000000,5.12425000,1.52297000,0.11330189,0.14518124
280.00000000,5.12437000,1.36972000,0.11338225,0.14527871
280.20000000,5.12350000,1.43510000,0.11346016,0.14538083
280.40000000,5.12350000,1.43510000,0.11353989,0.14548297
280.60000000,5.12437000,1.43763000,0.11361968,0.14558526
280.80000000,5.12325000,1.41872000,0.11369903,0.14568622
281.00000000,5.12375000,1.45094000,0.11377874,0.14578948
281.20000000,5.12375000,1.45094000,0.11385935,0.14589270
281.40000000,5.12225000,1.45910000,0.11394018,0.14599659
281.60000000,5.12625000,1.42819000,0.11402038,0.14609819
281.80000000,5.12225000,1.53472000,0.11410269,0.14620737
282.00000000,5.12487000,1.46758000,0.11418608,0.14631183
282.20000000,5.12487000,1.46758000,0.11426762,0.14641626
282.40000000,5.12312000,1.45619000,0.11434883,0.14651990
282.60000000,5.12462000,1.47315000,0.11443020,0.14662476
282.80000000,5.12375000,1.48691000,0.11451243,0.14673057
283.00000000,5.12375000,1.48691000,0.11459503,0.14683641
283.20000000,5.12500000,1.58006000,0.11468023,0.14694889
283.40000000,5.12537000,1.50998000,0.11476606,0.14705632
283.60000000,5.12287000,1.57171000,0.11485166,0.14716815
283.80000000,5.12287000,1.57171000,0.11493898,0.14728001
284.00000000,5.12437000,1.48121000,0.11502378,0.14738544
284.20000000,5.12462000,1.44806000,0.11510515,0.14748846
284.40000000,5.12262000,1.45148000,0.11518570,0.14759177
284.60000000,5.12437000,1.41564000,0.11526534,0.14769252
284.80000000,5.12437000,1.41564000,0.11534398,0.14779327
285.00000000,5.12387000,1.40614000,0.11542237,0.14789331
285.20000000,5.12275000,1.44828000,0.11550166,0.14799638
285.40000000,5.12387000,1.52694000,0.11558430,0.14810504
285.60000000,5.12387000,1.52694000,0.11566913,0.14821372
285.80000000,5.12450000,1.36291000,0.11574941,0.14831072
286.00000000,5.12412000,1.44259000,0.11582734,0.14841338
286.20000000,5.12412000,1.46492000,0.11590810,0.14851764
286.40000000,5.12400000,1.46876000,0.11598959,0.14862216
286.60000000,5.12400000,1.46876000,0.11607119,0.14872667
286.80000000,5.12300000,1.49152000,0.11615342,0.14883280
287.00000000,5.12312000,1.40729000,0.11623394,0.14893297
287.20000000,5.12487000,1.44412000,0.11631315,0.14903576
287.40000000,5.12487000,1.44412000,0.11639338,0.14913854
287.60000000,5.12425000,1.40505000,0.11647252,0.14923855
287.80000000,5.12512000,1.45296000,0.11655191,0.14934196
288.00000000,5.12425000,1.47072000,0.11663312,0.14944658
288.20000000,5.12162000,1.51302000,0.11671600,0.14955420
288.40000000,5.12162000,1.51302000,0.11680006,0.14966189
288.60000000,5.12475000,1.38291000,0.11688050,0.14976032
288.80000000,5.12425000,1.45510000,0.11695934,0.14986386
289.00000000,5.12337000,1.48156000,0.11704091,0.14996933
289.20000000,5.12562000,1.48704000,0.11712337,0.15007519
289.40000000,5.12562000,1.48704000,0.11720598,0.15018103
289.60000000,5.12437000,1.42966000,0.11728700,0.15028277
289.80000000,5.12375000,1.51379000,0.11736877,0.15039051
290.00000000,5.12462000,1.48470000,0.11745206,0.15049618
290.20000000,5.12462000,1.48470000,0.11753454,0.15060182
290.40000000,5.12275000,1.49472000,0.11761730,0.15070823
290.60000000,5.12600000,1.44064000,0.11769884,0.15081073
290.80000000,5.12225000,1.48816000,0.11778020,0.15091665
291.00000000,5.12500000,1.47382000,0.11786247,0.15102156
291.20000000,5.12500000,1.47382000,0.11794435,0.15112645
291.40000000,5.12412000,1.45808000,0.11802579,0.15123024
291.60000000,5.12500000,1.38339000,0.11810472,0.15132869
291.80000000,5.12387000,1.40940000,0.11818230,0.15142899
292.00000000,5.12387000,1.40940000,0.11826060,0.15152927
292.20000000,5.12312000,1.52809000,0.11834220,0.15163805
292.40000000,5.12562000,1.48528000,0.11842590,0.15174376
292.60000000,5.12425000,1.46758000,0.11850793,0.15184821
292.80000000,5.12437000,1.44169000,0.11858874,0.15195082
293.00000000,5.12437000,1.44169000,0.11866883,0.15205339
293.20000000,5.12262000,1.43452000,0.11874873,0.15215551
293.40000000,5.12550000,1.38713000,0.11882711,0.15225422
293.60000000,5.12350000,1.44377000,0.11890574,0.15235696
293.80000000,5.12350000,1.44377000,0.11898595,0.15245967
294.00000000,5.12200000,1.39737000,0.11906487,0.15255911
294.20000000,5.12375000,1.48393000,0.11914491,0.15266470
294.40000000,5.12325000,1.44089000,0.11922616,0.15276724
294.60000000,5.12375000,1.45824000,0.11930669,0.15287101
294.80000000,5.12375000,1.45824000,0.11938770,0.15297477
295.00000000,5.12325000,1.40966000,0.11946736,0.15307511
295.20000000,5.12487000,1.46857000,0.11954731,0.15317959
295.40000000,5.12212000,1.42780000,0.11962777,0.15328116
295.60000000,5.12212000,1.42780000,0.11970709,0.15338276
295.80000000,5.12362000,1.45401000,0.11978714,0.15348625
296.00000000,5.12462000,1.47212000,0.11986842,0.15359099
296.20000000,5.12250000,1.43200000,0.11994909,0.15369287
296.40000000,5.12262000,1.56281000,0.12003228,0.15380406
296.60000000,5.12262000,1.56281000,0.12011911,0.15391528
296.80000000,5.12412000,1.51241000,0.12020453,0.15402294
297.00000000,5.12512000,1.42745000,0.12028619,0.15412451
297.20000000,5.12300000,1.44768000,0.12036606,0.15422751
297.40000000,5.12300000,1.44768000,0.12044648,0.15433052
297.60000000,5.12287000,1.41232000,0.12052593,0.15443100
297.80000000,5.12250000,1.38684000,0.12060368,0.15452964
298.00000000,5.12137000,1.37532000,0.12068041,0.15462747
298.20000000,5.12137000,1.37532000,0.12075681,0.15472533
298.40000000,5.12300000,1.39411000,0.12083374,0.15482455
298.60000000,5.12425000,1.46534000,0.12091317,0.15492883
298.80000000,5.12400000,1.46953000,0.12099470,0.15503341
299.00000000,5.12412000,1.45225000,0.12107586,0.15513677
299.20000000,5.12412000,1.45225000,0.12115654,0.15524008
299.40000000,5.12225000,1.50563000,0.12123870,0.15534728
299.60000000,5.12600000,1.50608000,0.12132236,0.15545446
299.80000000,5.12387000,1.37526000,0.12140240,0.15555233
300.00000000,5.12387000,1.37526000,0.12147880,0.15565015
300.20000000,5.12137000,1.51670000,0.12155913,0.15575813
300.40000000,5.12600000,1.48012000,0.12164238,0.15586345
300.60000000,5.12325000,1.44486000,0.12172363,0.15596626
300.80000000,5.12300000,1.44377000,0.12180387,0.15606898
301.00000000,5.12300000,1.44377000,0.12188408,0.15617171
301.20000000,5.12300000,1.43180000,0.12196395,0.15627361
301.40000000,5.12425000,1.43763000,0.12204366,0.15637594
301.60000000,5.12462000,1.45964000,0.12212414,0.15647981
301.80000000,5.12350000,1.47014000,0.12220552,0.15658442
302.00000000,5.12350000,1.47014000,0.12228720,0.15668905
302.20000000,5.12425000,1.46691000,0.12236878,0.15679342
302.40000000,5.12300000,1.40249000,0.12244849,0.15689325
302.60000000,5.12462000,1.45075000,0.12252774,0.15699650
302.80000000,5.12462000,1.45075000,0.12260834,0.15709973
303.00000000,5.12325000,1.55638000,0.12269187,0.15721052
303.20000000,5.12500000,1.44745000,0.12277531,0.15731353
303.40000000,5.12387000,1.55875000,0.12285882,0.15742442
303.60000000,5.12250000,1.50336000,0.12294388,0.15753138
303.80000000,5.12250000,1.50336000,0.12302740,0.15763837
304.00000000,5.12375000,1.47648000,0.12311017,0.15774345
304.20000000,5.12437000,1.55728000,0.12319444,0.15785423
304.40000000,5.12162000,1.41712000,0.12327706,0.15795503
304.60000000,5.12162000,1.41712000,0.12335579,0.15805586
304.80000000,5.12312000,1.45216000,0.12343549,0.15815920
305.00000000,5.12375000,1.45907000,0.12351636,0.15826301
305.20000000,5.12262000,1.47168000,0.12359777,0.15836777
305.40000000,5.12487000,1.45296000,0.12367901,0.15847119
305.60000000,5.12487000,1.45296000,0.12375973,0.15857459
305.80000000,5.12387000,1.45398000,0.12384048,0.15867809
306.00000000,5.12525000,1.45676000,0.12392133,0.15878174
306.20000000,5.12287000,1.36822000,0.12399980,0.15887909
306.40000000,5.12287000,1.36822000,0.12407582,0.15897645
306.60000000,5.12337000,1.50118000,0.12415552,0.15908326
306.80000000,5.12287000,1.41459000,0.12423652,0.15918387
307.00000000,5.12125000,1.43776000,0.12431575,0.15928622
307.20000000,5.12525000,1.37369000,0.12439384,0.15938400
307.40000000,5.12525000,1.37369000,0.12447016,0.15948175
307.60000000,5.12312000,1.39996000,0.12454721,0.15958138
307.80000000,5.12387000,1.44105000,0.12462612,0.15968391
308.00000000,5.12312000,1.45027000,0.12470644,0.15978711
308.20000000,5.12275000,1.44016000,0.12478673,0.15988957
308.40000000,5.12275000,1.44016000,0.12486674,0.15999205
308.60000000,5.12325000,1.56144000,0.12495011,0.16010318
308.80000000,5.12425000,1.46054000,0.12503406,0.16020709
309.00000000,5.12275000,1.47692000,0.12511565,0.16031218
309.20000000,5.12275000,1.47692000,0.12519770,0.16041728
309.40000000,5.12375000,1.43059000,0.12527847,0.16051906
309.60000000,5.12262000,1.43971000,0.12535820,0.16062150
309.80000000,5.12312000,1.38198000,0.12543658,0.16071984
310.00000000,5.12312000,1.38198000,0.12551336,0.16081818
310.20000000,5.12362000,1.41318000,0.12559100,0.16091874
310.40000000,5.12350000,1.52099000,0.12567250,0.16102696
310.60000000,5.12275000,1.43526000,0.12575462,0.16112908
310.80000000,5.12275000,1.43526000,0.12583436,0.16123118
311.00000000,5.12187000,1.34585000,0.12591161,0.16132696
311.20000000,5.12425000,1.46240000,0.12598962,0.16143104
311.40000000,5.12412000,1.46934000,0.12607106,0.16153558
311.60000000,5.12275000,1.46393000,0.12615254,0.16163974
311.80000000,5.12275000,1.46393000,0.12623387,0.16174393
312.00000000,5.12425000,1.51084000,0.12631650,0.16185143
312.20000000,5.12312000,1.43795000,0.12639841,0.16195376
312.40000000,5.12400000,1.49168000,0.12647979,0.16205992
312.60000000,5.12400000,1.49168000,0.12656266,0.16216608
312.80000000,5.12400000,1.46009000,0.12664465,0.16227000
313.00000000,5.12450000,1.46649000,0.12672595,0.16237436
313.20000000,5.12387000,1.46384000,0.12680734,0.16247855
313.40000000,5.12462000,1.47254000,0.12688891,0.16258336
313.60000000,5.12462000,1.47254000,0.12697072,0.16268812
313.80000000,5.12225000,1.41462000,0.12705092,0.16278880
314.00000000,5.12425000,1.44496000,0.12713035,0.16289162
314.20000000,5.12350000,1.48259000,0.12721167,0.16299712
314.40000000,5.12350000,1.48259000,0.12729404,0.16310263
314.60000000,5.12375000,1.44870000,0.12737546,0.16320570
314.80000000,5.12262000,1.45219000,0.12745604,0.16330906
315.00000000,5.12462000,1.46960000,0.12753720,0.16341364
315.20000000,5.12362000,1.40393000,0.12761702,0.16351354
315.40000000,5.12362000,1.40393000,0.12769502,0.16361342
315.60000000,5.12200000,1.44646000,0.12777420,0.16371632
315.80000000,5.12212000,1.45696000,0.12785485,0.16382000
316.00000000,5.12375000,1.50259000,0.12793706,0.16392693
316.20000000,5.12375000,1.50259000,0.12802053,0.16403389
316.40000000,5.12512000,1.48067000,0.12810340,0.16413924
316.60000000,5.12312000,1.46153000,0.12818513,0.16424321
316.80000000,5.12162000,1.43875000,0.12826569,0.16434562
317.00000000,5.12487000,1.46630000,0.12834639,0.16444999
317.20000000,5.12487000,1.46630000,0.12842785,0.16455435
317.40000000,5.12462000,1.47664000,0.12850960,0.16465941
317.60000000,5.12287000,1.41952000,0.12859005,0.16476043
317.80000000,5.12350000,1.41881000,0.12866889,0.16486138
318.00000000,5.12300000,1.40550000,0.12874734,0.16496138
318.20000000,5.12300000,1.40550000,0.12882543,0.16506138
318.40000000,5.12250000,1.39849000,0.12890331,0.16516093
318.60000000,5.12525000,1.49984000,0.12898382,0.16526767
318.80000000,5.12387000,1.40992000,0.12906465,0.16536800
319.00000000,5.12387000,1.40992000,0.12914298,0.16546833
319.20000000,5.12337000,1.44198000,0.12922220,0.16557091
319.40000000,5.12212000,1.47046000,0.12930310,0.16567557
319.60000000,5.12450000,1.38985000,0.12938255,0.16577447
319.80000000,5.12362000,1.43523000,0.12946103,0.16587661
320.00000000,5.12362000,1.43523000,0.12954076,0.16597873
320.20000000,5.12300000,1.42377000,0.12962018,0.16608008
320.40000000,5.12537000,1.44380000,0.12969983,0.16618284
320.60000000,5.12462000,1.44876000,0.12978018,0.16628596
320.80000000,5.12462000,1.44876000,0.12986067,0.16638905
321.00000000,5.12337000,1.43868000,0.12994088,0.16649140
321.20000000,5.12212000,1.44716000,0.13002104,0.16659437
321.40000000,5.12325000,1.49884000,0.13010287,0.16670107
321.60000000,5.12562000,1.53670000,0.13018719,0.16681047
321.80000000,5.12562000,1.53670000,0.13027256,0.16691981
322.00000000,5.12275000,1.49235000,0.13035670,0.16702597
322.20000000,5.12187000,1.46140000,0.13043875,0.16712997
322.40000000,5.12400000,1.47888000,0.13052043,0.16723522
322.60000000,5.12400000,1.47888000,0.13060259,0.16734048
322.80000000,5.12462000,1.42329000,0.13068320,0.16744178
323.00000000,5.12450000,1.40844000,0.13076186,0.16754200
323.20000000,5.12337000,1.42848000,0.13084067,0.16764365
323.40000000,5.12225000,1.47526000,0.13092133,0.16774860
323.60000000,5.12225000,1.47526000,0.13100328,0.16785360
323.80000000,5.12475000,1.37036000,0.13108233,0.16795113
324.00000000,5.12387000,1.43398000,0.13116023,0.16805316
324.20000000,5.12287000,1.45152000,0.13124038,0.16815643
324.40000000,5.12287000,1.45152000,0.13132102,0.16825973
324.60000000,5.12412000,1.44275000,0.13140142,0.16836244
324.80000000,5.12550000,1.43219000,0.13148128,0.16846435
325.00000000,5.12350000,1.43577000,0.13156094,0.16856652
325.20000000,5.12350000,1.43577000,0.13164071,0.16866871
325.40000000,5.12450000,1.47334000,0.13172152,0.16877354
325.60000000,5.12287000,1.46672000,0.13180318,0.16887791
325.80000000,5.12337000,1.41062000,0.13188311,0.16897826
326.00000000,5.12200000,1.53568000,0.13196495,0.16908751
326.20000000,5.12200000,1.53568000,0.13205027,0.16919682
326.40000000,5.12500000,1.45376000,0.13213331,0.16930027
326.60000000,5.12362000,1.45363000,0.13221407,0.16940372
326.80000000,5.12425000,1.41555000,0.13229377,0.16950447
327.00000000,5.12425000,1.41555000,0.13237241,0.16960523
327.20000000,5.12525000,1.42038000,0.13245118,0.16970634
327.40000000,5.12500000,1.49264000,0.13253210,0.16981256
327.60000000,5.12375000,1.45014000,0.13261385,0.16991580
327.80000000,5.12587000,1.46201000,0.13269474,0.17001988
328.00000000,5.12587000,1.46201000,0.13277596,0.17012389
328.20000000,5.12200000,1.54627000,0.13285953,0.17023396
328.40000000,5.12537000,1.45715000,0.13294295,0.17033769
328.60000000,5.12525000,1.46416000,0.13302410,0.17044191
328.80000000,5.12525000,1.46416000,0.13310544,0.17054613
329.00000000,5.12500000,1.46326000,0.13318676,0.17065027
329.20000000,5.12437000,1.48019000,0.13326852,0.17075560
329.40000000,5.12350000,1.45523000,0.13335006,0.17085916
329.60000000,5.12375000,1.48649000,0.13343178,0.17096495
329.80000000,5.12375000,1.48649000,0.13351436,0.17107077
330.00000000,5.12550000,1.50032000,0.13359733,0.17117750
330.20000000,5.12237000,1.42681000,0.13367864,0.17127902
330.40000000,5.12275000,1.44563000,0.13375843,0.17138188
330.60000000,5.12275000,1.44563000,0.13383874,0.17148480
330.80000000,5.12600000,1.48089000,0.13392003,0.17159014
331.00000000,5.12187000,1.40086000,0.13400008,0.17168978
331.20000000,5.12125000,1.37302000,0.13407713,0.17178748
331.40000000,5.12325000,1.41286000,0.13415452,0.17188802
331.60000000,5.12325000,1.41286000,0.13423301,0.17198855
331.80000000,5.12325000,1.39328000,0.13431096,0.17208769
332.00000000,5.12337000,1.47964000,0.13439076,0.17219300
332.20000000,5.12412000,1.42012000,0.13447131,0.17229407
332.40000000,5.12425000,1.45264000,0.13455111,0.17239745
332.60000000,5.12425000,1.45264000,0.13463181,0.17250081
332.80000000,5.12287000,1.46192000,0.13471277,0.17260481
333.00000000,5.12187000,1.43270000,0.13479318,0.17270678
333.20000000,5.12462000,1.49436000,0.13487448,0.17281314
333.40000000,5.12462000,1.49436000,0.13495750,0.17291947
333.60000000,5.12312000,1.46857000,0.13503981,0.17302400
333.80000000,5.12475000,1.51292000,0.13512263,0.17313168
334.00000000,5.12437000,1.47084000,0.13520551,0.17323633
334.20000000,5.12300000,1.44364000,0.13528647,0.17333905
334.40000000,5.12300000,1.44364000,0.13536667,0.17344180
334.60000000,5.12450000,1.47430000,0.13544772,0.17354672
334.80000000,5.12400000,1.45705000,0.13552915,0.17365040
335.00000000,5.12325000,1.44000000,0.13560962,0.17375286
335.20000000,5.12325000,1.44000000,0.13568962,0.17385532
335.40000000,5.12287000,1.44643000,0.13576980,0.17395822
335.60000000,5.12237000,1.45408000,0.13585037,0.17406177
335.80000000,5.12700000,1.53075000,0.13593328,0.17417067
336.00000000,5.12237000,1.45491000,0.13601622,0.17427418
336.20000000,5.12237000,1.45491000,0.13609705,0.17437775
336.40000000,5.12562000,1.44598000,0.13617763,0.17448069
336.60000000,5.12537000,1.48124000,0.13625894,0.17458609
336.80000000,5.12337000,1.49248000,0.13634154,0.17469229
337.00000000,5.12337000,1.49248000,0.13642446,0.17479852
337.20000000,5.12475000,1.46358000,0.13650657,0.17490270
337.40000000,5.12525000,1.45689000,0.13658769,0.17500639
337.60000000,5.12437000,1.51456000,0.13667023,0.17511419
337.80000000,5.12450000,1.49932000,0.13675395,0.17522090
338.00000000,5.12450000,1.49932000,0.13683725,0.17532760
338.20000000,5.12412000,1.45488000,0.13691931,0.17543115
338.40000000,5.12437000,1.41654000,0.13699907,0.17553196
338.60000000,5.12400000,1.46873000,0.13707922,0.17563648
338.80000000,5.12400000,1.46873000,0.13716081,0.17574100
339.00000000,5.12375000,1.39324000,0.13724031,0.17584013
339.20000000,5.12287000,1.43123000,0.13731877,0.17594199
339.40000000,5.12412000,1.44665000,0.13739871,0.17604495
339.60000000,5.12412000,1.44665000,0.13747908,0.17614787
339.80000000,5.12237000,1.48502000,0.13756052,0.17625355
340.00000000,5.12387000,1.49315000,0.13764324,0.17635980
340.20000000,5.12350000,1.43248000,0.13772451,0.17646174
340.40000000,5.12350000,1.43248000,0.13780409,0.17656369
340.60000000,5.12437000,1.43958000,0.13788387,0.17666615
340.80000000,5.12462000,1.40307000,0.13796284,0.17676599
341.00000000,5.12337000,1.42096000,0.13804128,0.17686710
341.20000000,5.12312000,1.45740000,0.13812124,0.17697080
341.40000000,5.12312000,1.45740000,0.13820220,0.17707448
341.60000000,5.12200000,1.46476000,0.13828337,0.17717875
341.80000000,5.12537000,1.52371000,0.13836639,0.17728715
342.00000000,5.12237000,1.40643000,0.13844778,0.17738725
342.20000000,5.12425000,1.42560000,0.13852645,0.17748871
342.40000000,5.12425000,1.42560000,0.13860565,0.17759012
342.60000000,5.12175000,1.44076000,0.13868527,0.17769262
342.80000000,5.12237000,1.43481000,0.13876514,0.17779474
343.00000000,5.12475000,1.52515000,0.13884737,0.17790330
343.20000000,5.12475000,1.52515000,0.13893210,0.17801185
343.40000000,5.12450000,1.46867000,0.13901526,0.17811637
343.60000000,5.12412000,1.45264000,0.13909641,0.17821973
343.80000000,5.12312000,1.43350000,0.13917658,0.17832172
344.00000000,5.12225000,1.49744000,0.13925799,0.17842825
344.20000000,5.12225000,1.49744000,0.13934118,0.17853484
344.40000000,5.12525000,1.45369000,0.13942316,0.17863828
344.60000000,5.12312000,1.42307000,0.13950307,0.17873951
344.80000000,5.12187000,1.41555000,0.13958192,0.17884021
345.00000000,5.12187000,1.41555000,0.13966056,0.17894095
345.20000000,5.12412000,1.41878000,0.13973929,0.17904191
345.40000000,5.12325000,1.42841000,0.13981838,0.17914352
345.60000000,5.12200000,1.43817000,0.13989801,0.17924586
345.80000000,5.12312000,1.43939000,0.13997794,0.17934827
346.00000000,5.12312000,1.43939000,0.14005791,0.17945069
346.20000000,5.12287000,1.47971000,0.14013899,0.17955596
346.40000000,5.12250000,1.48256000,0.14022128,0.17966147
346.60000000,5.12412000,1.50118000,0.14030416,0.17976831
346.80000000,5.12412000,1.50118000,0.14038756,0.17987514
347.00000000,5.12362000,1.54112000,0.14047207,0.17998477
347.20000000,5.12212000,1.43136000,0.14055463,0.18008666
347.40000000,5.12500000,1.41507000,0.14063370,0.18018734
347.60000000,5.12262000,1.38540000,0.14071149,0.18028590
347.80000000,5.12262000,1.38540000,0.14078846,0.18038448
348.00000000,5.12312000,1.43468000,0.14086680,0.18048658
348.20000000,5.12375000,1.43955000,0.14094664,0.18058900
348.40000000,5.12275000,1.44316000,0.14102671,0.18069170
348.60000000,5.12387000,1.42160000,0.14110629,0.18079287
348.80000000,5.12387000,1.42160000,0.14118526,0.18089401
349.00000000,5.12225000,1.48345000,0.14126596,0.18099958
349.20000000,5.12412000,1.47904000,0.14134825,0.18110480
349.40000000,5.12187000,1.45203000,0.14142967,0.18120809
349.60000000,5.12187000,1.45203000,0.14151034,0.18131144
349.80000000,5.12462000,1.42345000,0.14159021,0.18141273
350.00000000,5.12337000,1.43782000,0.14166969,0.18151503
350.20000000,5.12300000,1.44969000,0.14174990,0.18161818
350.40000000,5.12300000,1.44969000,0.14183044,0.18172134
350.60000000,5.12350000,1.44281000,0.14191079,0.18182398
350.80000000,5.12200000,1.43184000,0.14199064,0.18192585
351.00000000,5.12250000,1.47385000,0.14207135,0.18203071
351.20000000,5.12250000,1.43145000,0.14215206,0.18213255
351.40000000,5.12250000,1.43145000,0.14223158,0.18223441
351.60000000,5.12337000,1.49129000,0.14231277,0.18234052
351.80000000,5.12287000,1.37923000,0.14239250,0.18243862
352.00000000,5.12137000,1.40656000,0.14246989,0.18253867
352.20000000,5.12137000,1.40656000,0.14254803,0.18263879
352.40000000,5.12512000,1.50083000,0.14262879,0.18274558
352.60000000,5.12312000,1.46096000,0.14271106,0.18284954
352.80000000,5.12300000,1.39248000,0.14279032,0.18294861
353.00000000,5.12300000,1.39248000,0.14286768,0.18304768
353.20000000,5.12237000,1.40854000,0.14294549,0.18314790
353.40000000,5.12312000,1.51625000,0.14302673,0.18325578
353.60000000,5.12262000,1.47798000,0.14310991,0.18336095
353.80000000,5.12350000,1.45817000,0.14319147,0.18346472
354.00000000,5.12350000,1.45817000,0.14327248,0.18356848
354.20000000,5.12337000,1.50579000,0.14335481,0.18367564
354.40000000,5.12387000,1.44870000,0.14343688,0.18377874
354.60000000,5.12400000,1.47526000,0.14351810,0.18388373
354.80000000,5.12400000,1.47526000,0.14360006,0.18398870
355.00000000,5.12350000,1.43632000,0.14368094,0.18409091
355.20000000,5.12312000,1.45347000,0.14376121,0.18419432
355.40000000,5.12287000,1.45126000,0.14384189,0.18429760
355.60000000,5.12400000,1.44956000,0.14392247,0.18440076
355.80000000,5.12400000,1.44956000,0.14400300,0.18450392
356.00000000,5.12387000,1.54153000,0.14408609,0.18461360
356.20000000,5.12275000,1.51862000,0.14417109,0.18472166
356.40000000,5.12337000,1.47856000,0.14425435,0.18482686
356.60000000,5.12275000,1.48915000,0.14433679,0.18493281
356.80000000,5.12275000,1.48915000,0.14441952,0.18503880
357.00000000,5.12437000,1.52345000,0.14450320,0.18514724
357.20000000,5.12500000,1.43264000,0.14458531,0.18524917
357.40000000,5.12262000,1.47900000,0.14466619,0.18535439
357.60000000,5.12262000,1.47900000,0.14474836,0.18545962
357.80000000,5.12237000,1.48467000,0.14483068,0.18556527
358.00000000,5.12362000,1.51360000,0.14491397,0.18567298
358.20000000,5.12362000,1.48371000,0.14499723,0.18577854
358.40000000,5.12287000,1.47398000,0.14507938,0.18588342
358.60000000,5.12287000,1.47398000,0.14516127,0.18598830
358.80000000,5.12312000,1.43027000,0.14524195,0.18609005
359.00000000,5.12225000,1.53142000,0.14532421,0.18619904
359.20000000,5.12425000,1.39084000,0.14540539,0.18629803
359.40000000,5.12425000,1.39084000,0.14548266,0.18639704
359.60000000,5.12562000,1.53116000,0.14556382,0.18650595
359.80000000,5.12125000,1.42176000,0.14564585,0.18660715
360.00000000,5.12462000,1.41740000,0.14572472,0.18670797
360.20000000,5.12137000,1.47584000,0.14580508,0.18681294
360.40000000,5.12137000,1.47584000,0.14588707,0.18691795
360.60000000,5.12287000,1.37414000,0.14596624,0.18701569
360.80000000,5.12112000,1.43964000,0.14604440,0.18711813
361.00000000,5.12362000,1.44473000,0.14612452,0.18722094
361.20000000,5.12362000,1.44473000,0.14620479,0.18732374
361.40000000,5.12287000,1.44544000,0.14628507,0.18742660
361.60000000,5.12362000,1.45798000,0.14636572,0.18753032
361.80000000,5.12225000,1.46128000,0.14644681,0.18763428
362.00000000,5.12300000,1.42864000,0.14652708,0.18773593
362.20000000,5.12300000,1.42864000,0.14660645,0.18783757
362.40000000,5.12212000,1.40937000,0.14668529,0.18793780
362.60000000,5.12062000,1.42937000,0.14676414,0.18803946
362.80000000,5.12462000,1.43094000,0.14684359,0.18814130
363.00000000,5.12462000,1.43094000,0.14692309,0.18824314
363.20000000,5.12387000,1.54332000,0.14700571,0.18835295
363.40000000,5.12287000,1.46076000,0.14708916,0.18845686
363.60000000,5.12187000,1.45059000,0.14717003,0.18856005
363.80000000,5.12187000,1.45059000,0.14725061,0.18866325
364.00000000,5.12225000,1.42470000,0.14733048,0.18876462
364.20000000,5.12325000,1.49750000,0.14741166,0.18887119
364.40000000,5.12387000,1.45430000,0.14749365,0.18897469
364.60000000,5.12350000,1.45388000,0.14757443,0.18907815
364.80000000,5.12350000,1.45388000,0.14765520,0.18918159
365.00000000,5.12287000,1.50476000,0.14773739,0.18928866
365.20000000,5.12312000,1.51977000,0.14782140,0.18939681
365.40000000,5.12350000,1.48099000,0.14790476,0.18950220
365.60000000,5.12350000,1.48099000,0.14798704,0.18960756
365.80000000,5.12250000,1.58572000,0.14807222,0.18972043
366.00000000,5.12500000,1.51200000,0.14815827,0.18982803
366.20000000,5.12350000,1.45507000,0.14824069,0.18993159
366.40000000,5.12462000,1.45622000,0.14832156,0.19003524
366.60000000,5.12462000,1.45622000,0.14840246,0.19013881
366.80000000,5.12100000,1.41673000,0.14848226,0.19023971
367.00000000,5.12750000,1.48313000,0.14856281,0.19034524
367.20000000,5.12337000,1.49465000,0.14864553,0.19045160
367.40000000,5.12337000,1.49465000,0.14872857,0.19055799
367.60000000,5.12512000,1.43779000,0.14881002,0.19066029
367.80000000,5.12300000,1.42956000,0.14888967,0.19076202
368.00000000,5.12337000,1.46358000,0.14897004,0.19086619
368.20000000,5.12450000,1.46537000,0.14905140,0.19097048
368.40000000,5.12450000,1.46537000,0.14913281,0.19107474
368.60000000,5.12250000,1.43958000,0.14921350,0.19117716
368.80000000,5.12275000,1.42630000,0.14929311,0.19127863
369.00000000,5.12200000,1.44249000,0.14937280,0.19138124
369.20000000,5.12200000,1.44249000,0.14945293,0.19148394
369.40000000,5.12587000,1.56358000,0.14953644,0.19159522
369.60000000,5.12425000,1.47372000,0.14962080,0.19170009
369.80000000,5.12350000,1.55993000,0.14970507,0.19181109
370.00000000,5.12350000,1.48118000,0.14978955,0.19191649
370.20000000,5.12350000,1.48118000,0.14987184,0.19202195
370.40000000,5.12637000,1.51782000,0.14995514,0.19212991
370.60000000,5.12125000,1.46409000,0.15003797,0.19223412
370.80000000,5.12450000,1.43603000,0.15011853,0.19233633
371.00000000,5.12450000,1.43603000,0.15019831,0.19243855
371.20000000,5.12525000,1.48940000,0.15027957,0.19254449
371.40000000,5.12162000,1.43843000,0.15036090,0.19264683
371.60000000,5.12212000,1.42099000,0.15044033,0.19274793
371.80000000,5.12300000,1.44201000,0.15051986,0.19285054
372.00000000,5.12300000,1.44201000,0.15059997,0.19295313
372.20000000,5.12250000,1.43891000,0.15067999,0.19305554
372.40000000,5.12425000,1.48112000,0.15076111,0.19316095
372.60000000,5.12437000,1.48304000,0.15084344,0.19326650
372.80000000,5.12187000,1.45833000,0.15092515,0.19337024
373.00000000,5.12187000,1.45833000,0.15100617,0.19347401
373.20000000,5.12300000,1.39968000,0.15108556,0.19357362
373.40000000,5.12425000,1.52934000,0.15116692,0.19368241
373.60000000,5.12150000,1.44323000,0.15124949,0.19378507
373.80000000,5.12150000,1.44323000,0.15132967,0.19388776
374.00000000,5.12312000,1.43907000,0.15140973,0.19399016
374.20000000,5.12350000,1.45456000,0.15149011,0.19409367
374.40000000,5.12375000,1.46668000,0.15157126,0.19419805
374.60000000,5.12350000,1.42668000,0.15165163,0.19429957
374.80000000,5.12350000,1.42668000,0.15173089,0.19440108
375.00000000,5.12300000,1.42633000,0.15181014,0.19450256
375.20000000,5.12250000,1.44176000,0.15188981,0.19460513
375.40000000,5.12400000,1.46185000,0.15197046,0.19470917
375.60000000,5.12400000,1.46185000,0.15205168,0.19481320
375.80000000,5.12375000,1.42665000,0.15213191,0.19491469
376.00000000,5.12187000,1.41782000,0.15221093,0.19501560
376.20000000,5.12475000,1.53001000,0.15229281,0.19512450
376.40000000,5.12337000,1.47536000,0.15237629,0.19522949
376.60000000,5.12337000,1.47536000,0.15245826,0.19533448
376.80000000,5.12375000,1.39916000,0.15253811,0.19543406
377.00000000,5.12425000,1.42147000,0.15261646,0.19553522
377.20000000,5.12425000,1.42147000,0.15269543,0.19563636
377.40000000,5.12250000,1.49648000,0.15277648,0.19574284
377.60000000,5.12325000,1.42944000,0.15285776,0.19584455
377.80000000,5.12287000,1.49644000,0.15293903,0.19595105
378.00000000,5.12437000,1.51344000,0.15302264,0.19605876
378.20000000,5.12437000,1.51344000,0.15310672,0.19616647
378.40000000,5.12400000,1.53955000,0.15319152,0.19627605
378.60000000,5.12475000,1.41382000,0.15327356,0.19637670
378.80000000,5.12575000,1.46518000,0.15335353,0.19648101
379.00000000,5.12400000,1.46224000,0.15343485,0.19658507
379.20000000,5.12400000,1.46224000,0.15351609,0.19668914
379.40000000,5.12400000,1.45715000,0.15359718,0.19679283
379.60000000,5.12375000,1.44620000,0.15367783,0.19689575
379.80000000,5.12400000,1.46361000,0.15375866,0.19699991
380.00000000,5.12400000,1.46361000,0.15383997,0.19710409
380.20000000,5.12487000,1.42803000,0.15392029,0.19720571
380.40000000,5.12337000,1.45779000,0.15400045,0.19730944
380.60000000,5.12325000,1.48656000,0.15408224,0.19741526
380.80000000,5.12562000,1.46067000,0.15416411,0.19751925
381.00000000,5.12562000,1.46067000,0.15424526,0.19762321
381.20000000,5.12450000,1.45625000,0.15432628,0.19772684
381.40000000,5.12350000,1.41308000,0.15440599,0.19782738
381.60000000,5.12275000,1.40928000,0.15448439,0.19792764
381.80000000,5.12275000,1.40928000,0.15456268,0.19802794
382.00000000,5.12400000,1.45753000,0.15464231,0.19813166
382.20000000,5.12387000,1.45001000,0.15472308,0.19823484
382.40000000,5.12312000,1.49500000,0.15480488,0.19834120
382.60000000,5.12262000,1.46185000,0.15488702,0.19844521
382.80000000,5.12262000,1.46185000,0.15496823,0.19854918
383.00000000,5.12100000,1.45219000,0.15504918,0.19865255
383.20000000,5.12487000,1.40700000,0.15512860,0.19875266
383.40000000,5.12287000,1.47008000,0.15520852,0.19885726
383.60000000,5.12287000,1.47008000,0.15529019,0.19896185
383.80000000,5.12262000,1.46153000,0.15537162,0.19906581
384.00000000,5.12137000,1.46022000,0.15545278,0.19916973
384.20000000,5.12412000,1.47638000,0.15553436,0.19927479
384.40000000,5.12337000,1.47580000,0.15561636,0.19937980
384.60000000,5.12337000,1.47580000,0.15569835,0.19948480
384.80000000,5.12275000,1.43206000,0.15577912,0.19958671
385.00000000,5.12350000,1.44236000,0.15585897,0.19968934
385.20000000,5.12300000,1.48112000,0.15594018,0.19979472
385.40000000,5.12300000,1.48112000,0.15602246,0.19990013
385.60000000,5.12412000,1.45555000,0.15610403,0.20000371
385.80000000,5.12362000,1.49347000,0.15618595,0.20010998
386.00000000,5.12312000,1.48508000,0.15626869,0.20021563
386.20000000,5.12250000,1.47398000,0.15635089,0.20032050
386.40000000,5.12250000,1.47398000,0.15643277,0.20042541
386.60000000,5.12450000,1.49225000,0.15651517,0.20053156
386.80000000,5.12162000,1.43801000,0.15659656,0.20063388
387.00000000,5.12312000,1.48246000,0.15667769,0.20073939
387.20000000,5.12450000,1.43299000,0.15675867,0.20084138
387.40000000,5.12450000,1.43299000,0.15683828,0.20094333
387.60000000,5.12212000,1.43763000,0.15691802,0.20104559
387.80000000,5.12187000,1.44643000,0.15699814,0.20114856
388.00000000,5.12550000,1.47907000,0.15707940,0.20125385
388.20000000,5.12550000,1.47907000,0.15716157,0.20135908
388.40000000,5.12225000,1.44752000,0.15724286,0.20146212
388.60000000,5.12525000,1.43936000,0.15732306,0.20156453
388.80000000,5.12287000,1.41683000,0.15740239,0.20166535
389.00000000,5.12337000,1.41782000,0.15748113,0.20176624
389.20000000,5.12337000,1.41782000,0.15755990,0.20186714
389.40000000,5.12412000,1.46931000,0.15764010,0.20197171
389.60000000,5.12400000,1.42873000,0.15772060,0.20207336
389.80000000,5.12287000,1.44188000,0.15780034,0.20217595
390.00000000,5.12287000,1.44188000,0.15788045,0.20227855
390.20000000,5.12325000,1.44246000,0.15796057,0.20238118
390.40000000,5.12262000,1.40460000,0.15803965,0.20248112
390.60000000,5.12275000,1.42822000,0.15811834,0.20258278
390.80000000,5.12487000,1.53225000,0.15820058,0.20269184
391.00000000,5.12487000,1.53225000,0.15828570,0.20280084
391.20000000,5.12175000,1.45513000,0.15836868,0.20290438
391.40000000,5.12337000,1.47449000,0.15845006,0.20300932
391.60000000,5.12437000,1.45859000,0.15853154,0.20311310
391.80000000,5.12275000,1.43814000,0.15861200,0.20321542
392.00000000,5.12275000,1.43814000,0.15869190,0.20331776
392.20000000,5.12362000,1.43340000,0.15877166,0.20341976
392.40000000,5.12350000,1.41561000,0.15885080,0.20352044
392.60000000,5.12062000,1.39612000,0.15892891,0.20361973
392.80000000,5.12062000,1.39612000,0.15900647,0.20371907
393.00000000,5.12287000,1.43344000,0.15908507,0.20382108
393.20000000,5.12400000,1.39180000,0.15916355,0.20392010
393.40000000,5.12212000,1.41878000,0.15924162,0.20402103
393.60000000,5.12312000,1.47526000,0.15932201,0.20412600
393.80000000,5.12312000,1.47526000,0.15940397,0.20423101
394.00000000,5.12487000,1.41680000,0.15948430,0.20433180
394.20000000,5.12225000,1.42012000,0.15956310,0.20443284
394.40000000,5.12250000,1.41049000,0.15964173,0.20453319
394.60000000,5.12250000,1.41049000,0.15972009,0.20463357
394.80000000,5.12412000,1.44176000,0.15979932,0.20473614
395.00000000,5.12225000,1.39836000,0.15987821,0.20483563
395.20000000,5.12262000,1.42908000,0.15995675,0.20493730
395.40000000,5.12262000,1.42908000,0.16003615,0.20503897
395.60000000,5.12212000,1.48432000,0.16011708,0.20514459
395.80000000,5.12325000,1.40332000,0.16019729,0.20524445
396.00000000,5.12337000,1.45657000,0.16027673,0.20534809
396.20000000,5.12387000,1.45865000,0.16035771,0.20545190
396.40000000,5.12387000,1.45865000,0.16043874,0.20555571
396.60000000,5.12412000,1.46499000,0.16051996,0.20565996
396.80000000,5.12362000,1.49088000,0.16060206,0.20576602
397.00000000,5.12225000,1.51705000,0.16068562,0.20587395
397.20000000,5.12225000,1.51705000,0.16076990,0.20598190
397.40000000,5.12337000,1.47430000,0.16085299,0.20608682
397.60000000,5.12400000,1.49008000,0.16093533,0.20619285
397.80000000,5.12350000,1.41939000,0.16101615,0.20629386
398.00000000,5.12350000,1.41939000,0.16109501,0.20639486
398.20000000,5.12362000,1.48294000,0.16117563,0.20650038
398.40000000,5.12300000,1.43436000,0.16125666,0.20660244
398.60000000,5.12300000,1.46675000,0.16133725,0.20670678
398.80000000,5.12200000,1.39932000,0.16141686,0.20680633
399.00000000,5.12200000,1.39932000,0.16149460,0.20690588
399.20000000,5.12262000,1.39753000,0.16157229,0.20700528
399.40000000,5.12100000,1.49632000,0.16165268,0.20711179
399.60000000,5.12475000,1.42838000,0.16173392,0.20721346
399.80000000,5.12412000,1.43968000,0.16181359,0.20731591
400.00000000,5.12412000,1.43968000,0.16189357,0.20741839
400.20000000,5.12487000,1.41612000,0.16197290,0.20751915
400.40000000,5.12312000,1.46326000,0.16205288,0.20762329
400.60000000,5.12387000,1.43641000,0.16213343,0.20772551
400.80000000,5.12387000,1.43641000,0.16221323,0.20782772
401.00000000,5.12337000,1.55619000,0.16229636,0.20793845
401.20000000,5.12325000,1.40572000,0.16237863,0.20803849
401.40000000,5.12375000,1.45244000,0.16245802,0.20814186
401.60000000,5.12425000,1.47756000,0.16253941,0.20824702
401.80000000,5.12425000,1.47756000,0.16262150,0.20835214
402.00000000,5.12275000,1.40192000,0.16270149,0.20845190
402.20000000,5.12337000,1.45017000,0.16278071,0.20855509
402.40000000,5.12337000,1.44864000,0.16286123,0.20865817
402.60000000,5.12337000,1.44864000,0.16294171,0.20876126
402.80000000,5.12350000,1.39443000,0.16302069,0.20886047
403.00000000,5.12275000,1.40038000,0.16309832,0.20896013
403.20000000,5.12412000,1.48790000,0.16317855,0.20906598
403.40000000,5.12175000,1.42588000,0.16325949,0.20916741
403.60000000,5.12175000,1.42588000,0.16333870,0.20926887
403.80000000,5.12325000,1.44092000,0.16341834,0.20937140
404.00000000,5.12337000,1.45420000,0.16349876,0.20947487
404.20000000,5.12300000,1.48969000,0.16358053,0.20958087
404.40000000,5.12300000,1.48969000,0.16366329,0.20968686
404.60000000,5.12300000,1.45728000,0.16374515,0.20979054
404.80000000,5.12262000,1.48361000,0.16382685,0.20989612
405.00000000,5.12375000,1.44025000,0.16390806,0.20999858
405.20000000,5.12175000,1.49923000,0.16398972,0.21010522
405.40000000,5.12175000,1.49923000,0.16407301,0.21021193
405.60000000,5.12462000,1.44812000,0.16415488,0.21031493
405.80000000,5.12112000,1.39152000,0.16423376,0.21041397
406.00000000,5.12437000,1.45200000,0.16431274,0.21051731
406.20000000,5.12312000,1.43772000,0.16439301,0.21061961
406.40000000,5.12312000,1.43772000,0.16447289,0.21072191
406.60000000,5.12312000,1.42918000,0.16455252,0.21082362
406.80000000,5.12412000,1.41820000,0.16463162,0.21092449
407.00000000,5.12100000,1.34611000,0.16470840,0.21102023
407.20000000,5.12100000,1.34611000,0.16478319,0.21111604
407.40000000,5.12425000,1.50755000,0.16486245,0.21122328
407.60000000,5.12200000,1.45529000,0.16494476,0.21132685
407.80000000,5.12400000,1.47820000,0.16502624,0.21143205
408.00000000,5.12400000,1.51708000,0.16510944,0.21154001
408.20000000,5.12400000,1.51708000,0.16519373,0.21164794
408.40000000,5.12200000,1.41840000,0.16527527,0.21174883
408.60000000,5.12162000,1.41568000,0.16535399,0.21184955
408.80000000,5.12225000,1.42585000,0.16543292,0.21195099
409.00000000,5.12225000,1.42585000,0.16551214,0.21205244
409.20000000,5.12287000,1.44480000,0.16559188,0.21215524
409.40000000,5.12325000,1.46860000,0.16567280,0.21225978
409.60000000,5.12487000,1.45676000,0.16575406,0.21236340
409.80000000,5.12175000,1.48563000,0.16583580,0.21246909
410.00000000,5.12175000,1.48563000,0.16591833,0.21257483
410.20000000,5.12462000,1.55856000,0.16600289,0.21268572
410.40000000,5.12287000,1.49462000,0.16608770,0.21279206
410.60000000,5.12275000,1.50432000,0.16617101,0.21289909
410.80000000,5.12275000,1.50432000,0.16625458,0.21300610
411.00000000,5.12162000,1.55939000,0.16633968,0.21311709
411.20000000,5.12487000,1.50620000,0.16642484,0.21322429
411.40000000,5.12400000,1.45795000,0.16650718,0.21332804
411.60000000,5.12362000,1.51872000,0.16658986,0.21343612
411.80000000,5.12362000,1.51872000,0.16667424,0.21354418
412.00000000,5.12312000,1.40787000,0.16675553,0.21364434
412.20000000,5.12237000,1.43180000,0.16683441,0.21374621
412.40000000,5.12325000,1.44649000,0.16691436,0.21384913
412.60000000,5.12325000,1.44649000,0.16699472,0.21395206
412.80000000,5.12300000,1.45843000,0.16707542,0.21405585
413.00000000,5.12412000,1.44105000,0.16715596,0.21415838
413.20000000,5.12275000,1.43081000,0.16723573,0.21426018
413.40000000,5.12275000,1.43081000,0.16731522,0.21436201
413.60000000,5.12412000,1.50592000,0.16739680,0.21446919
413.80000000,5.12450000,1.45113000,0.16747894,0.21457242
414.00000000,5.12200000,1.45328000,0.16755961,0.21467585
414.20000000,5.12400000,1.42236000,0.16763949,0.21477707
414.40000000,5.12400000,1.42236000,0.16771851,0.21487823
414.60000000,5.12050000,1.40131000,0.16779695,0.21497800
414.80000000,5.12637000,1.49488000,0.16787740,0.21508435
415.00000000,5.12212000,1.41132000,0.16795813,0.21518475
415.20000000,5.12212000,1.41132000,0.16803653,0.21528519
415.40000000,5.12425000,1.45942000,0.16811627,0.21538902
415.60000000,5.12237000,1.48611000,0.16819810,0.21549475
415.80000000,5.12225000,1.42006000,0.16827882,0.21559578
416.00000000,5.12237000,1.37164000,0.16835637,0.21569336
416.20000000,5.12237000,1.37164000,0.16843257,0.21579092
416.40000000,5.12100000,1.49094000,0.16851209,0.21589704
416.60000000,5.12487000,1.40560000,0.16859255,0.21599705
416.80000000,5.12300000,1.44867000,0.16867183,0.21610013
417.00000000,5.12300000,1.44867000,0.16875231,0.21620320
417.20000000,5.12275000,1.45510000,0.16883297,0.21630675
417.40000000,5.12350000,1.44227000,0.16891346,0.21640937
417.60000000,5.12287000,1.43776000,0.16899346,0.21651164
417.80000000,5.12187000,1.49724000,0.16907499,0.21661815
418.00000000,5.12187000,1.49724000,0.16915817,0.21672469
418.20000000,5.12325000,1.41084000,0.16923895,0.21682509
418.40000000,5.12350000,1.49478000,0.16931966,0.21693152
418.60000000,5.12675000,1.60064000,0.16940564,0.21704549
418.80000000,5.12675000,1.60064000,0.16949457,0.21715939
419.00000000,5.12337000,1.45795000,0.16957953,0.21726312
419.20000000,5.12237000,1.43907000,0.16966000,0.21736550
419.40000000,5.12225000,1.47257000,0.16974088,0.21747027
419.60000000,5.12300000,1.48672000,0.16982308,0.21757606
419.80000000,5.12300000,1.48672000,0.16990568,0.21768189
420.00000000,5.12525000,1.47347000,0.16998790,0.21778670
420.20000000,5.12175000,1.41737000,0.17006820,0.21788759
420.40000000,5.12487000,1.36076000,0.17014537,0.21798438
420.60000000,5.12125000,1.42412000,0.17022273,0.21808568
420.80000000,5.12125000,1.42412000,0.17030185,0.21818702
421.00000000,5.12362000,1.45171000,0.17038173,0.21829031
421.20000000,5.12300000,1.42889000,0.17046175,0.21839200
421.40000000,5.12375000,1.52176000,0.17054371,0.21850029
421.60000000,5.12375000,1.52176000,0.17062826,0.21860858
421.80000000,5.12387000,1.43948000,0.17071051,0.21871101
422.00000000,5.12312000,1.43868000,0.17079046,0.21881335
422.20000000,5.12187000,1.44374000,0.17087053,0.21891606
422.40000000,5.12187000,1.44374000,0.17095074,0.21901880
422.60000000,5.12387000,1.46851000,0.17103163,0.21912329
422.80000000,5.12325000,1.43913000,0.17111240,0.21922568
423.00000000,5.12237000,1.48332000,0.17119358,0.21933121
423.20000000,5.12237000,1.48332000,0.17127599,0.21943678
423.40000000,5.12425000,1.43708000,0.17135711,0.21953901
423.60000000,5.12200000,1.46179000,0.17143763,0.21964304
423.80000000,5.12425000,1.47494000,0.17151921,0.21974803
424.00000000,5.12512000,1.47244000,0.17160108,0.21985285
424.20000000,5.12512000,1.47244000,0.17168288,0.21995764
424.40000000,5.12412000,1.50675000,0.17176564,0.22006486
424.60000000,5.12362000,1.43750000,0.17184742,0.22016715
424.80000000,5.12337000,1.47644000,0.17192836,0.22027221
425.00000000,5.12337000,1.47644000,0.17201039,0.22037724
425.20000000,5.12200000,1.45206000,0.17209174,0.22048057
425.40000000,5.12350000,1.40870000,0.17217120,0.22058078
425.60000000,5.12187000,1.44409000,0.17225045,0.22068356
425.80000000,5.12425000,1.47174000,0.17233144,0.22078830
426.00000000,5.12425000,1.47174000,0.17241320,0.22089302
426.20000000,5.12300000,1.40800000,0.17249320,0.22099320
426.40000000,5.12287000,1.46572000,0.17257302,0.22109746
426.60000000,5.12162000,1.46832000,0.17265452,0.22120191
426.80000000,5.12162000,1.46832000,0.17273610,0.22130643
427.00000000,5.12512000,1.39318000,0.17281558,0.22140554
427.20000000,5.12212000,1.41654000,0.17289363,0.22150630
427.40000000,5.12150000,1.44230000,0.17297304,0.22160895
427.60000000,5.12437000,1.47824000,0.17305417,0.22171416
427.80000000,5.12437000,1.47824000,0.17313629,0.22181934
428.00000000,5.12275000,1.45360000,0.17321773,0.22192276
428.20000000,5.12275000,1.52790000,0.17330055,0.22203144
428.40000000,5.12162000,1.41772000,0.17338238,0.22213229
428.60000000,5.12162000,1.41772000,0.17346114,0.22223318
428.80000000,5.12375000,1.45292000,0.17354088,0.22233657
429.00000000,5.12362000,1.62508000,0.17362638,0.22245220
429.20000000,5.12300000,1.42489000,0.17371110,0.22255360
429.40000000,5.12387000,1.55276000,0.17379381,0.22266410
429.60000000,5.12387000,1.55276000,0.17388008,0.22277461
429.80000000,5.12400000,1.44784000,0.17396343,0.22287763
430.00000000,5.12300000,1.38537000,0.17404213,0.22297621
430.20000000,5.12325000,1.44588000,0.17412077,0.22307908
430.40000000,5.12262000,1.41555000,0.17420026,0.22317979
430.60000000,5.12262000,1.41555000,0.17427890,0.22328054
430.80000000,5.12475000,1.49001000,0.17435961,0.22338657
431.00000000,5.12337000,1.44982000,0.17444127,0.22348976
431.20000000,5.12475000,1.49987000,0.17452321,0.22359652
431.40000000,5.12475000,1.49987000,0.17460653,0.22370324
431.60000000,5.12287000,1.47020000,0.17468903,0.22380785
431.80000000,5.12337000,1.43817000,0.17476982,0.22391020
432.00000000,5.12387000,1.39395000,0.17484849,0.22400936
432.20000000,5.12200000,1.47392000,0.17492816,0.22411422
432.40000000,5.12200000,1.47392000,0.17501004,0.22421912
432.60000000,5.12425000,1.45171000,0.17509131,0.22432240
432.80000000,5.12250000,1.43670000,0.17517154,0.22442463
433.00000000,5.12312000,1.43657000,0.17525135,0.22452685
433.20000000,5.12312000,1.43657000,0.17533116,0.22462904
433.40000000,5.12175000,1.42678000,0.17541070,0.22473056
433.60000000,5.12300000,1.36406000,0.17548822,0.22482759
433.80000000,5.12187000,1.46166000,0.17556672,0.22493157
434.00000000,5.12187000,1.46166000,0.17564792,0.22503557
434.20000000,5.12300000,1.48515000,0.17572978,0.22514124
434.40000000,5.12275000,1.46217000,0.17581165,0.22524527
434.60000000,5.12275000,1.47481000,0.17589323,0.22535020
434.80000000,5.12225000,1.43324000,0.17597401,0.22545217
435.00000000,5.12225000,1.43324000,0.17605363,0.22555413
435.20000000,5.12237000,1.55072000,0.17613652,0.22566444
435.40000000,5.12150000,1.40057000,0.17621850,0.22576409
435.60000000,5.12262000,1.42316000,0.17629694,0.22586534
435.80000000,5.12262000,1.42316000,0.17637600,0.22596658
436.00000000,5.12200000,1.39145000,0.17645419,0.22606559
436.20000000,5.12300000,1.47932000,0.17653393,0.22617083
436.40000000,5.12237000,1.45260000,0.17661537,0.22627418
436.60000000,5.12237000,1.45260000,0.17669607,0.22637750
436.80000000,5.12137000,1.44304000,0.17677651,0.22648020
437.00000000,5.12425000,1.41744000,0.17685596,0.22658104
437.20000000,5.12225000,1.46374000,0.17693600,0.22668520
437.40000000,5.12362000,1.57481000,0.17702040,0.22679727
437.60000000,5.12362000,1.57481000,0.17710789,0.22690932
437.80000000,5.12287000,1.43881000,0.17719160,0.22701167
438.00000000,5.12162000,1.46224000,0.17727219,0.22711575
438.20000000,5.12500000,1.55932000,0.17735612,0.22722674
438.40000000,5.12362000,1.48854000,0.17744078,0.22733267
438.60000000,5.12362000,1.48854000,0.17752348,0.22743857
438.80000000,5.12237000,1.47817000,0.17760589,0.22754377
439.00000000,5.12425000,1.50451000,0.17768874,0.22765084
439.20000000,5.12375000,1.49328000,0.17777201,0.22775710
439.40000000,5.12375000,1.49328000,0.17785497,0.22786336
439.60000000,5.12337000,1.47193000,0.17793734,0.22796809
439.80000000,5.12287000,1.49139000,0.17801965,0.22807420
440.00000000,5.12275000,1.46038000,0.17810165,0.22817815
440.20000000,5.12500000,1.49184000,0.17818365,0.22828434
440.40000000,5.12500000,1.49184000,0.17826653,0.22839047
440.60000000,5.12200000,1.50195000,0.17834969,0.22849736
440.80000000,5.12387000,1.51152000,0.17843340,0.22860492
441.00000000,5.12362000,1.48393000,0.17851661,0.22871052
441.20000000,5.12362000,1.48393000,0.17859905,0.22881610
441.40000000,5.12300000,1.45545000,0.17868070,0.22891968
441.60000000,5.12400000,1.48566000,0.17876239,0.22902542
441.80000000,5.12450000,1.58912000,0.17884781,0.22913848
442.00000000,5.12237000,1.53494000,0.17893458,0.22924768
442.20000000,5.12237000,1.53494000,0.17901986,0.22935692
442.40000000,5.12425000,1.51750000,0.17910465,0.22946490
442.60000000,5.12300000,1.48982000,0.17918819,0.22957092
442.80000000,5.12387000,1.49507000,0.17927110,0.22967732
443.00000000,5.12387000,1.49507000,0.17935416,0.22978375
443.20000000,5.12562000,1.52771000,0.17943813,0.22989246
443.40000000,5.12337000,1.50969000,0.17952250,0.22999986
443.60000000,5.12225000,1.51324000,0.17960647,0.23010754
443.80000000,5.12350000,1.52624000,0.17969090,0.23021615
444.00000000,5.12350000,1.52624000,0.17977569,0.23032475
444.20000000,5.12325000,1.50883000,0.17986000,0.23043212
444.40000000,5.12362000,1.55161000,0.17994501,0.23054256
444.60000000,5.12462000,1.52928000,0.18003059,0.23065140
444.80000000,5.12462000,1.52928000,0.18011555,0.23076022
445.00000000,5.12300000,1.45747000,0.18019851,0.23086394
445.20000000,5.12387000,1.51139000,0.18028098,0.23097147
445.40000000,5.12287000,1.56444000,0.18036642,0.23108282
445.60000000,5.12437000,1.47852000,0.18045095,0.23118805
445.80000000,5.12437000,1.47852000,0.18053309,0.23129321
446.00000000,5.12125000,1.57795000,0.18061799,0.23140549
446.20000000,5.12312000,1.54272000,0.18070468,0.23151526
446.40000000,5.12312000,1.52067000,0.18078977,0.23162346
446.60000000,5.12400000,1.47753000,0.18087305,0.23172861
446.80000000,5.12400000,1.47753000,0.18095514,0.23183372
447.00000000,5.12162000,1.49187000,0.18103762,0.23193995
447.20000000,5.12712000,1.66963000,0.18112544,0.23205873
447.40000000,5.12225000,1.51017000,0.18121377,0.23216617
447.60000000,5.12225000,1.51017000,0.18129767,0.23227365
447.80000000,5.12425000,1.51628000,0.18138174,0.23238153
448.00000000,5.12262000,1.49820000,0.18146547,0.23248815
448.20000000,5.12375000,1.39875000,0.18154594,0.23258769
448.40000000,5.12375000,1.39875000,0.18162365,0.23268721
448.60000000,5.12312000,1.43952000,0.18170249,0.23278965
448.80000000,5.12375000,1.41472000,0.18178178,0.23289029
449.00000000,5.12187000,1.50649000,0.18186292,0.23299746
449.20000000,5.12637000,1.51616000,0.18194688,0.23310541
449.40000000,5.12637000,1.51616000,0.18203111,0.23321325
449.60000000,5.12125000,1.42044000,0.18211269,0.23331440
449.80000000,5.12687000,1.54342000,0.18219502,0.23342424
450.00000000,5.12400000,1.45737000,0.18227837,0.23352795
450.20000000,5.12400000,1.45737000,0.18235934,0.23363167
450.40000000,5.12387000,1.41945000,0.18243925,0.23373267
450.60000000,5.12325000,1.46204000,0.18251929,0.23383669
450.80000000,5.12237000,1.42604000,0.18259951,0.23393814
451.00000000,5.12237000,1.42604000,0.18267874,0.23403961
451.20000000,5.12312000,1.48390000,0.18275957,0.23414524
451.40000000,5.12512000,1.60384000,0.18284534,0.23425940
451.60000000,5.12487000,1.54857000,0.18293291,0.23436962
451.80000000,5.12462000,1.58256000,0.18301988,0.23448225
452.00000000,5.12462000,1.58256000,0.18310780,0.23459488
452.20000000,5.12412000,1.51209000,0.18319377,0.23470247
452.40000000,5.12312000,1.58819000,0.18327988,0.23481553
452.60000000,5.12537000,1.55024000,0.18336706,0.23492589
452.80000000,5.12537000,1.55024000,0.18345319,0.23503619
453.00000000,5.12312000,1.41494000,0.18353555,0.23513686
453.20000000,5.12237000,1.44339000,0.18361495,0.23523955
453.40000000,5.12250000,1.40195000,0.18369399,0.23533931
453.60000000,5.12337000,1.47843000,0.18377400,0.23544451
453.80000000,5.12337000,1.47843000,0.18385613,0.23554970
454.00000000,5.12300000,1.45036000,0.18393749,0.23565293
454.20000000,5.12437000,1.49782000,0.18401938,0.23575951
454.40000000,5.12312000,1.41814000,0.18410038,0.23586041
454.60000000,5.12312000,1.41814000,0.18417917,0.23596130
454.80000000,5.12212000,1.41190000,0.18425778,0.23606174
455.00000000,5.12175000,1.38160000,0.18433538,0.23616005
455.20000000,5.12337000,1.43884000,0.18441372,0.23626242
455.40000000,5.12287000,1.44147000,0.18449373,0.23636498
455.60000000,5.12287000,1.44147000,0.18457381,0.23646756
455.80000000,5.12337000,1.40112000,0.18465277,0.23656724
456.00000000,5.12237000,1.40278000,0.18473066,0.23666704
456.20000000,5.12237000,1.41081000,0.18480882,0.23676741
456.40000000,5.12237000,1.41081000,0.18488719,0.23686775
456.60000000,5.12075000,1.40851000,0.18496551,0.23696803
456.80000000,5.12612000,1.48092000,0.18504577,0.23707340
457.00000000,5.12325000,1.41283000,0.18512615,0.23717394
457.20000000,5.12450000,1.46041000,0.18520596,0.23727788
457.40000000,5.12450000,1.46041000,0.18528710,0.23738180
457.60000000,5.12337000,1.43267000,0.18536746,0.23748373
457.80000000,5.12275000,1.43596000,0.18544715,0.23758590
458.00000000,5.12312000,1.46742000,0.18552779,0.23769031
458.20000000,5.12312000,1.46742000,0.18560932,0.23779472
458.40000000,5.12262000,1.42515000,0.18568967,0.23789612
458.60000000,5.12287000,1.48230000,0.18577043,0.23800157
458.80000000,5.12212000,1.42582000,0.18585121,0.23810300
459.00000000,5.12212000,1.42582000,0.18593042,0.23820447
459.20000000,5.12375000,1.41596000,0.18600936,0.23830522
459.40000000,5.12325000,1.43664000,0.18608860,0.23840744
459.60000000,5.12275000,1.43644000,0.18616841,0.23850960
459.80000000,5.12087000,1.43155000,0.18624807,0.23861142
460.00000000,5.12087000,1.43155000,0.18632761,0.23871331
460.20000000,5.12475000,1.39145000,0.18640602,0.23881229
460.40000000,5.12137000,1.47065000,0.18648552,0.23891694
460.60000000,5.12350000,1.41347000,0.18656564,0.23901752
460.80000000,5.12350000,1.41347000,0.18664417,0.23911809
461.00000000,5.12275000,1.44857000,0.18672367,0.23922113
461.20000000,5.12162000,1.48448000,0.18680514,0.23932682
461.40000000,5.12600000,1.51600000,0.18688849,0.23943467
461.60000000,5.12250000,1.48982000,0.18697198,0.23954067
461.80000000,5.12250000,1.48982000,0.18705475,0.23964667
462.00000000,5.12287000,1.41196000,0.18713535,0.23974715
462.20000000,5.12400000,1.44521000,0.18721472,0.23984999
462.40000000,5.12350000,1.46915000,0.18729567,0.23995454
462.60000000,5.12350000,1.46915000,0.18737729,0.24005907
462.80000000,5.12300000,1.42464000,0.18745768,0.24016045
463.00000000,5.12350000,1.41030000,0.18753643,0.24026078
463.20000000,5.12237000,1.47110000,0.18761646,0.24036546
463.40000000,5.12325000,1.52544000,0.18769970,0.24047401
463.60000000,5.12325000,1.52544000,0.18778445,0.24058251
463.80000000,5.12125000,1.42892000,0.18786651,0.24068422
464.00000000,5.12487000,1.43667000,0.18794611,0.24078646
464.20000000,5.12387000,1.42995000,0.18802574,0.24088822
464.40000000,5.12387000,1.42995000,0.18810518,0.24098996
464.60000000,5.12287000,1.41728000,0.18818427,0.24109080
464.80000000,5.12262000,1.45865000,0.18826416,0.24119460
465.00000000,5.12350000,1.50592000,0.18834651,0.24130172
465.20000000,5.12187000,1.41552000,0.18842766,0.24140242
465.40000000,5.12187000,1.41552000,0.18850630,0.24150316
465.60000000,5.12425000,1.39888000,0.18858448,0.24160270
465.80000000,5.12300000,1.42198000,0.18866284,0.24170388
466.00000000,5.12337000,1.43776000,0.18874227,0.24180616
466.20000000,5.12200000,1.44940000,0.18882247,0.24190927
466.40000000,5.12200000,1.44940000,0.18890299,0.24201241
466.60000000,5.12350000,1.48787000,0.18898458,0.24211827
466.80000000,5.12287000,1.49254000,0.18906737,0.24222446
467.00000000,5.12262000,1.43689000,0.18914875,0.24232669
467.20000000,5.12262000,1.43689000,0.18922857,0.24242894
467.40000000,5.12350000,1.39932000,0.18930736,0.24252851
467.60000000,5.12287000,1.42496000,0.18938581,0.24262989
467.80000000,5.12287000,1.45673000,0.18946586,0.24273356
468.00000000,5.12375000,1.44188000,0.18954637,0.24283617
468.20000000,5.12375000,1.44188000,0.18962648,0.24293874
468.40000000,5.12187000,1.43100000,0.18970628,0.24304059
468.60000000,5.12450000,1.47596000,0.18978703,0.24314562
468.80000000,5.12387000,1.49011000,0.18986942,0.24325167
469.00000000,5.12387000,1.49011000,0.18995220,0.24335768
469.20000000,5.12250000,1.50844000,0.19003550,0.24346503
469.40000000,5.12387000,1.56691000,0.19012092,0.24357653
469.60000000,5.12350000,1.47980000,0.19020555,0.24368183
469.80000000,5.12237000,1.40790000,0.19028577,0.24378200
470.00000000,5.12237000,1.40790000,0.19036398,0.24388218
470.20000000,5.12325000,1.49702000,0.19044468,0.24398871
470.40000000,5.12387000,1.46204000,0.19052687,0.24409276
470.60000000,5.12325000,1.44172000,0.19060753,0.24419535
470.80000000,5.12325000,1.44172000,0.19068763,0.24429799
471.00000000,5.12587000,1.59667000,0.19077203,0.24441160
471.20000000,5.12337000,1.48112000,0.19085752,0.24451699
471.40000000,5.12325000,1.50771000,0.19094055,0.24462428
471.60000000,5.12325000,1.50771000,0.19102431,0.24473158
471.80000000,5.12412000,1.50892000,0.19110810,0.24483890
472.00000000,5.12100000,1.46416000,0.19119069,0.24494311
472.20000000,5.12462000,1.47788000,0.19127241,0.24504830
472.40000000,5.12462000,1.47788000,0.19135452,0.24515347
472.60000000,5.12387000,1.54608000,0.19143851,0.24526349
472.80000000,5.12350000,1.55862000,0.19152476,0.24537443
473.00000000,5.12487000,1.53411000,0.19161067,0.24548362
473.20000000,5.12425000,1.54380000,0.19169616,0.24559349
473.40000000,5.12425000,1.54380000,0.19178193,0.24570337
473.60000000,5.12450000,1.45664000,0.19186528,0.24580700
473.80000000,5.12275000,1.43174000,0.19194551,0.24590888
474.00000000,5.12300000,1.47190000,0.19202616,0.24601364
474.20000000,5.12450000,1.42432000,0.19210662,0.24611501
474.40000000,5.12450000,1.42432000,0.19218574,0.24621638
474.60000000,5.12425000,1.50793000,0.19226720,0.24632366
474.80000000,5.12212000,1.36553000,0.19234701,0.24642083
475.00000000,5.12350000,1.42128000,0.19242443,0.24652196
475.20000000,5.12350000,1.42128000,0.19250339,0.24662305
475.40000000,5.12075000,1.39536000,0.19258163,0.24672233
475.60000000,5.12312000,1.42912000,0.19266008,0.24682401
475.80000000,5.12275000,1.43542000,0.19273965,0.24692614
476.00000000,5.12262000,1.36355000,0.19281740,0.24702315
476.20000000,5.12262000,1.36355000,0.19289316,0.24712016
476.40000000,5.12237000,1.46656000,0.19297177,0.24722455
476.60000000,5.12462000,1.51747000,0.19305466,0.24733254
476.80000000,5.12387000,1.52582000,0.19313920,0.24744112
477.00000000,5.12387000,1.52582000,0.19322396,0.24754972
477.20000000,5.12437000,1.50400000,0.19330812,0.24765674
477.40000000,5.12362000,1.54048000,0.19339269,0.24776638
477.60000000,5.12437000,1.49868000,0.19347711,0.24787303
477.80000000,5.12350000,1.49884000,0.19356038,0.24797968
478.00000000,5.12350000,1.49884000,0.19364365,0.24808636
478.20000000,5.12462000,1.47283000,0.19372619,0.24819119
478.40000000,5.12425000,1.44665000,0.19380729,0.24829412
478.60000000,5.12287000,1.49011000,0.19388887,0.24840014
478.80000000,5.12287000,1.49011000,0.19397165,0.24850621
479.00000000,5.12512000,1.47718000,0.19405408,0.24861132
479.20000000,5.12312000,1.46742000,0.19413587,0.24871574
479.40000000,5.12362000,1.43683000,0.19421654,0.24881797
479.60000000,5.12275000,1.44464000,0.19429659,0.24892075
479.80000000,5.12275000,1.44464000,0.19437684,0.24902356
480.00000000,5.12375000,1.44128000,0.19445701,0.24912614
480.20000000,5.12425000,1.44960000,0.19453731,0.24922927
480.40000000,5.12237000,1.39548000,0.19461634,0.24932855
480.60000000,5.12237000,1.39548000,0.19469387,0.24942781
480.80000000,5.12175000,1.40499000,0.19477166,0.24952782
481.00000000,5.12475000,1.52316000,0.19485299,0.24963620
481.20000000,5.12325000,1.41964000,0.19493474,0.24973723
481.40000000,5.12387000,1.44473000,0.19501431,0.24984004
481.60000000,5.12387000,1.44473000,0.19509457,0.24994282
481.80000000,5.12212000,1.37190000,0.19517281,0.25004040
482.00000000,5.12112000,1.47187000,0.19525180,0.25014516
482.20000000,5.12462000,1.39315000,0.19533139,0.25024432
482.40000000,5.12400000,1.57555000,0.19541385,0.25035645
482.60000000,5.12400000,1.57555000,0.19550138,0.25046857
482.80000000,5.12387000,1.43004000,0.19558487,0.25057033
483.00000000,5.12362000,1.43120000,0.19566435,0.25067216
483.20000000,5.12287000,1.43139000,0.19574386,0.25077401
483.40000000,5.12287000,1.43139000,0.19582339,0.25087584
483.60000000,5.12237000,1.40988000,0.19590231,0.25097615
483.80000000,5.12237000,1.40579000,0.19598052,0.25107619
484.00000000,5.12400000,1.38137000,0.19605794,0.25117450
484.20000000,5.12400000,1.38137000,0.19613469,0.25127278
484.40000000,5.12275000,1.45164000,0.19621338,0.25137609
484.60000000,5.12400000,1.42710000,0.19629335,0.25147762
484.80000000,5.12200000,1.35827000,0.19637072,0.25157424
485.00000000,5.12200000,1.35827000,0.19644618,0.25167086
485.20000000,5.12137000,1.39123000,0.19652255,0.25176986
485.40000000,5.12375000,1.41056000,0.19660038,0.25187023
485.60000000,5.12312000,1.44777000,0.19667978,0.25197325
485.80000000,5.12325000,1.43593000,0.19675988,0.25207542
486.00000000,5.12325000,1.43593000,0.19683965,0.25217758
486.20000000,5.12237000,1.44752000,0.19691975,0.25228056
486.40000000,5.12237000,1.48576000,0.19700123,0.25238627
486.60000000,5.12275000,1.42380000,0.19708205,0.25248757
486.80000000,5.12275000,1.42380000,0.19716115,0.25258887
487.00000000,5.12237000,1.39660000,0.19723950,0.25268823
487.20000000,5.12225000,1.40428000,0.19731730,0.25278813
487.40000000,5.12200000,1.37126000,0.19739440,0.25288569
487.60000000,5.12300000,1.43529000,0.19747236,0.25298782
487.80000000,5.12300000,1.43529000,0.19755209,0.25308993
488.00000000,5.12250000,1.40067000,0.19763087,0.25318959
488.20000000,5.12275000,1.42089000,0.19770925,0.25329069
488.40000000,5.12300000,1.45401000,0.19778911,0.25339415
488.60000000,5.12300000,1.45401000,0.19786988,0.25349760
488.80000000,5.12300000,1.43811000,0.19795022,0.25359995
489.00000000,5.12412000,1.44364000,0.19803027,0.25370266
489.20000000,5.12237000,1.41318000,0.19810963,0.25380322
489.40000000,5.12362000,1.41008000,0.19818805,0.25390357
489.60000000,5.12362000,1.41008000,0.19826639,0.25400390
489.80000000,5.12337000,1.45836000,0.19834607,0.25410767
490.00000000,5.12287000,1.46089000,0.19842716,0.25421160
490.20000000,5.12225000,1.51424000,0.19850980,0.25431935
490.40000000,5.12325000,1.51081000,0.19859383,0.25442685
490.60000000,5.12325000,1.51081000,0.19867776,0.25453434
490.80000000,5.12250000,1.48988000,0.19876111,0.25464038
491.00000000,5.12475000,1.54508000,0.19884542,0.25475032
491.20000000,5.12300000,1.47171000,0.19892922,0.25485504
491.40000000,5.12300000,1.47171000,0.19901098,0.25495977
491.60000000,5.12387000,1.51920000,0.19909406,0.25506788
491.80000000,5.12387000,1.52646000,0.19917866,0.25517650
492.00000000,5.12325000,1.54291000,0.19926392,0.25528628
492.20000000,5.12300000,1.42614000,0.19934640,0.25538776
492.40000000,5.12300000,1.42614000,0.19942563,0.25548925
492.60000000,5.12400000,1.50592000,0.19950707,0.25559643
492.80000000,5.12437000,1.48464000,0.19959014,0.25570208
493.00000000,5.12350000,1.56195000,0.19967477,0.25581322
493.20000000,5.12350000,1.56195000,0.19976155,0.25592437
493.40000000,5.12337000,1.49590000,0.19984649,0.25603086
493.60000000,5.12537000,1.47225000,0.19992894,0.25613563
493.80000000,5.12387000,1.48784000,0.20001116,0.25624150
494.00000000,5.12350000,1.49648000,0.20009406,0.25634799
494.20000000,5.12350000,1.49648000,0.20017720,0.25645450
494.40000000,5.12425000,1.49609000,0.20026032,0.25656098
494.60000000,5.12450000,1.45808000,0.20034238,0.25666474
494.80000000,5.12387000,1.48777000,0.20042421,0.25677062
495.00000000,5.12387000,1.48777000,0.20050687,0.25687646
495.20000000,5.12225000,1.54505000,0.20059111,0.25698645
495.40000000,5.12537000,1.46332000,0.20067468,0.25709057
495.60000000,5.12325000,1.47763000,0.20075637,0.25719572
495.80000000,5.12412000,1.44688000,0.20083761,0.25729869
496.00000000,5.12412000,1.44688000,0.20091799,0.25740159
496.20000000,5.12075000,1.45417000,0.20099857,0.25750510
496.40000000,5.12500000,1.48681000,0.20108027,0.25761090
496.60000000,5.12325000,1.43363000,0.20116139,0.25771291
496.80000000,5.12325000,1.43363000,0.20124104,0.25781491
497.00000000,5.12250000,1.38204000,0.20131925,0.25791325
497.20000000,5.12337000,1.45795000,0.20139814,0.25801696
497.40000000,5.12150000,1.47830000,0.20147970,0.25812211
497.60000000,5.12150000,1.47830000,0.20156183,0.25822733
497.80000000,5.12487000,1.40102000,0.20164181,0.25832705
498.00000000,5.12462000,1.44352000,0.20172082,0.25842978
498.20000000,5.12400000,1.40307000,0.20179990,0.25852963
498.40000000,5.12275000,1.48073000,0.20188000,0.25863499
498.60000000,5.12275000,1.48073000,0.20196226,0.25874039
498.80000000,5.12525000,1.49462000,0.20204491,0.25884672
499.00000000,5.12200000,1.48188000,0.20212759,0.25895219
499.20000000,5.12450000,1.51638000,0.20221088,0.25906011
499.40000000,5.12450000,1.51638000,0.20229512,0.25916801
499.60000000,5.12325000,1.48099000,0.20237838,0.25927340
499.80000000,5.12362000,1.50902000,0.20246144,0.25938076
500.00000000,5.12212000,1.54752000,0.20254634,0.25949090
500.20000000,5.12475000,1.46694000,0.20263008,0.25959532
500.40000000,5.12475000,1.46694000,0.20271157,0.25969972
500.60000000,5.12412000,1.49334000,0.20279380,0.25980601
500.80000000,5.12487000,1.47833000,0.20287635,0.25991120
501.00000000,5.12300000,1.48918000,0.20295878,0.26001716
501.20000000,5.12300000,1.48918000,0.20304151,0.26012313
501.40000000,5.12350000,1.53235000,0.20312544,0.26023217
501.60000000,5.12387000,1.47923000,0.20320910,0.26033742
501.80000000,5.12262000,1.51065000,0.20329215,0.26044495
502.00000000,5.12525000,1.52796000,0.20337656,0.26055372
502.20000000,5.12525000,1.52796000,0.20346144,0.26066243
502.40000000,5.12287000,1.53286000,0.20354647,0.26077154
502.60000000,5.12475000,1.48937000,0.20363042,0.26087751
502.80000000,5.12300000,1.46678000,0.20371253,0.26098188
503.00000000,5.12300000,1.46678000,0.20379402,0.26108626
503.20000000,5.12362000,1.47974000,0.20387587,0.26119155
503.40000000,5.12337000,1.49315000,0.20395845,0.26129780
503.60000000,5.12312000,1.43961000,0.20403991,0.26140024
503.80000000,5.12375000,1.46633000,0.20412064,0.26150459
504.00000000,5.12375000,1.46633000,0.20420210,0.26160892
504.20000000,5.12300000,1.44873000,0.20428307,0.26171204
504.40000000,5.12450000,1.45305000,0.20436368,0.26181543
504.60000000,5.12337000,1.43100000,0.20444379,0.26191726
504.80000000,5.12337000,1.43100000,0.20452329,0.26201907
505.00000000,5.12275000,1.39676000,0.20460184,0.26211846
505.20000000,5.12300000,1.36880000,0.20467866,0.26221586
505.40000000,5.12350000,1.46483000,0.20475737,0.26232008
505.60000000,5.12250000,1.41840000,0.20483746,0.26242099
505.80000000,5.12250000,1.41840000,0.20491626,0.26252195
506.00000000,5.12462000,1.45363000,0.20499604,0.26262537
506.20000000,5.12275000,1.41264000,0.20507566,0.26272589
506.40000000,5.12312000,1.45625000,0.20515535,0.26282952
506.60000000,5.12375000,1.41190000,0.20523502,0.26292999
506.80000000,5.12375000,1.41190000,0.20531346,0.26303045
507.00000000,5.12300000,1.42595000,0.20539229,0.26313194
507.20000000,5.12412000,1.45945000,0.20547244,0.26323579
507.40000000,5.12337000,1.42934000,0.20555268,0.26333750
507.60000000,5.12337000,1.42934000,0.20563209,0.26343921
507.80000000,5.12362000,1.47046000,0.20571264,0.26354383
508.00000000,5.12250000,1.44822000,0.20579371,0.26364685
508.20000000,5.12175000,1.44828000,0.20587417,0.26374987
508.40000000,5.12675000,1.57225000,0.20595808,0.26386182
508.60000000,5.12675000,1.57225000,0.20604542,0.26397368
508.80000000,5.12237000,1.49139000,0.20613053,0.26407981
509.00000000,5.12362000,1.49360000,0.20621344,0.26418613
509.20000000,5.12537000,1.50236000,0.20629666,0.26429308
509.40000000,5.12537000,1.50236000,0.20638013,0.26439995
509.60000000,5.12175000,1.50870000,0.20646377,0.26450736
509.80000000,5.12612000,1.43731000,0.20654560,0.26460961
510.00000000,5.12200000,1.41056000,0.20662471,0.26470996
510.20000000,5.12300000,1.43996000,0.20670389,0.26481241
510.40000000,5.12300000,1.43996000,0.20678389,0.26491489
510.60000000,5.12387000,1.38579000,0.20686238,0.26501351
510.80000000,5.12387000,1.49529000,0.20694241,0.26511995
511.00000000,5.12512000,1.44243000,0.20702401,0.26522262
511.20000000,5.12512000,1.44243000,0.20710415,0.26532525
511.40000000,5.12262000,1.43308000,0.20718402,0.26542721
511.60000000,5.12275000,1.41632000,0.20726317,0.26552797
511.80000000,5.12250000,1.44009000,0.20734252,0.26563043
512.00000000,5.12250000,1.44009000,0.20742252,0.26573292
512.20000000,5.12437000,1.45372000,0.20750291,0.26583638
512.40000000,5.12375000,1.39683000,0.20758209,0.26593577
512.60000000,5.12325000,1.42860000,0.20766057,0.26603742
512.80000000,5.12275000,1.43276000,0.20774006,0.26613936
513.00000000,5.12275000,1.43276000,0.20781965,0.26624134
513.20000000,5.12450000,1.49507000,0.20790098,0.26634775
513.40000000,5.12450000,1.44384000,0.20798262,0.26645050
513.60000000,5.12400000,1.42380000,0.20806228,0.26655183
513.80000000,5.12400000,1.42380000,0.20814138,0.26665315
514.00000000,5.12375000,1.45308000,0.20822129,0.26675655
514.20000000,5.12337000,1.45648000,0.20830211,0.26686016
514.40000000,5.12212000,1.40380000,0.20838156,0.26696003
514.60000000,5.12325000,1.41827000,0.20845995,0.26706095
514.80000000,5.12325000,1.41827000,0.20853875,0.26716182
515.00000000,5.12087000,1.44057000,0.20861816,0.26726437
515.20000000,5.12525000,1.43408000,0.20869801,0.26736640
515.40000000,5.12275000,1.35814000,0.20877557,0.26746303
515.60000000,5.12275000,1.35814000,0.20885102,0.26755967
515.80000000,5.12337000,1.46691000,0.20892950,0.26766405
516.00000000,5.12337000,1.44432000,0.20901036,0.26776683
516.20000000,5.12362000,1.44316000,0.20909057,0.26786955
516.40000000,5.12462000,1.48329000,0.20917186,0.26797513
516.60000000,5.12462000,1.48329000,0.20925427,0.26808068
516.80000000,5.12362000,1.42556000,0.20933507,0.26818214
517.00000000,5.12462000,1.46604000,0.20941539,0.26828646
517.20000000,5.12325000,1.43948000,0.20949610,0.26838889
517.40000000,5.12325000,1.43948000,0.20957607,0.26849132
517.60000000,5.12325000,1.52121000,0.20965831,0.26859960
517.80000000,5.12512000,1.42332000,0.20974010,0.26870086
518.00000000,5.12225000,1.38876000,0.20981822,0.26879967
518.20000000,5.12275000,1.41043000,0.20989597,0.26890002
518.40000000,5.12275000,1.41043000,0.20997433,0.26900038
518.60000000,5.12350000,1.44764000,0.21005372,0.26910338
518.80000000,5.12237000,1.51334000,0.21013597,0.26921108
519.00000000,5.12425000,1.42915000,0.21021771,0.26931279
519.20000000,5.12425000,1.42915000,0.21029710,0.26941447
519.40000000,5.12262000,1.42499000,0.21037639,0.26951587
519.60000000,5.12312000,1.45187000,0.21045630,0.26961920
519.80000000,5.12437000,1.44115000,0.21053666,0.26972179
520.00000000,5.12562000,1.50352000,0.21061846,0.26982883
520.20000000,5.12562000,1.50352000,0.21070199,0.26993581
520.40000000,5.12300000,1.43673000,0.21078366,0.27003806
520.60000000,5.12400000,1.46076000,0.21086414,0.27014200
520.80000000,5.12337000,1.38416000,0.21094317,0.27024049
521.00000000,5.12287000,1.36524000,0.21101954,0.27033763
521.20000000,5.12287000,1.36524000,0.21109539,0.27043481
521.40000000,5.12500000,1.51785000,0.21117548,0.27054282
521.60000000,5.12350000,1.47945000,0.21125873,0.27064810
521.80000000,5.12562000,1.43718000,0.21133975,0.27075041
522.00000000,5.12562000,1.43718000,0.21141959,0.27085267
522.20000000,5.12300000,1.48777000,0.21150084,0.27095857
522.40000000,5.12487000,1.44028000,0.21158218,0.27106102
522.60000000,5.12150000,1.38012000,0.21166052,0.27115919
522.80000000,5.12325000,1.47628000,0.21173987,0.27126423
523.00000000,5.12325000,1.47628000,0.21182188,0.27136929
523.20000000,5.12350000,1.41046000,0.21190207,0.27146967
523.40000000,5.12412000,1.43990000,0.21198125,0.27157215
523.60000000,5.12437000,1.45276000,0.21206160,0.27167554
523.80000000,5.12437000,1.45276000,0.21214231,0.27177890
524.00000000,5.12250000,1.38499000,0.21222113,0.27187747
524.20000000,5.12425000,1.45958000,0.21230015,0.27198138
524.40000000,5.12600000,1.52352000,0.21238301,0.27208985
524.60000000,5.12600000,1.52352000,0.21246765,0.27219825
524.80000000,5.12287000,1.40256000,0.21254893,0.27229804
525.00000000,5.12300000,1.45772000,0.21262838,0.27240178
525.20000000,5.12350000,1.47523000,0.21270986,0.27250675
525.40000000,5.12375000,1.40672000,0.21278991,0.27260686
525.60000000,5.12375000,1.40672000,0.21286806,0.27270696
525.80000000,5.12362000,1.47052000,0.21294798,0.27281162
526.00000000,5.12437000,1.45324000,0.21302920,0.27291505
526.20000000,5.12412000,1.51395000,0.21311162,0.27302279
526.40000000,5.12412000,1.51395000,0.21319573,0.27313056
526.60000000,5.12512000,1.57158000,0.21328144,0.27324240
526.80000000,5.12362000,1.49100000,0.21336651,0.27334849
527.00000000,5.12350000,1.51628000,0.21345005,0.27345639
527.20000000,5.12350000,1.51628000,0.21353428,0.27356429
527.40000000,5.12325000,1.53436000,0.21361902,0.27367349
527.60000000,5.12425000,1.53078000,0.21370417,0.27378246
527.80000000,5.12575000,1.53459000,0.21378932,0.27389166
528.00000000,5.12350000,1.48480000,0.21387319,0.27399732
528.20000000,5.12350000,1.48480000,0.21395568,0.27410299
528.40000000,5.12387000,1.54185000,0.21403975,0.27421270
528.60000000,5.12325000,1.49760000,0.21412418,0.27431931
528.80000000,5.12562000,1.53884000,0.21420853,0.27442886
529.00000000,5.12562000,1.53884000,0.21429402,0.27453838
529.20000000,5.12412000,1.50934000,0.21437869,0.27464579
529.40000000,5.12375000,1.51033000,0.21446257,0.27475326
529.60000000,5.12350000,1.47145000,0.21454540,0.27485800
529.80000000,5.12500000,1.54902000,0.21462930,0.27496826
530.00000000,5.12500000,1.54902000,0.21471535,0.27507849
530.20000000,5.12375000,1.52019000,0.21480061,0.27518670
530.40000000,5.12500000,1.49843000,0.21488446,0.27529334
530.60000000,5.12400000,1.52086000,0.21496833,0.27540159
530.80000000,5.12450000,1.49232000,0.21505203,0.27550780
531.00000000,5.12450000,1.49232000,0.21513494,0.27561400
531.20000000,5.12400000,1.47244000,0.21521729,0.27571879
531.40000000,5.12400000,1.50444000,0.21529998,0.27582587
531.60000000,5.12437000,1.49529000,0.21538331,0.27593229
531.80000000,5.12437000,1.49529000,0.21546638,0.27603868
532.00000000,5.12300000,1.46512000,0.21554861,0.27614294
532.20000000,5.12350000,1.47840000,0.21563038,0.27624813
532.40000000,5.12312000,1.52934000,0.21571392,0.27635695
532.60000000,5.12587000,1.48979000,0.21579779,0.27646302
532.80000000,5.12587000,1.48979000,0.21588056,0.27656903
533.00000000,5.12350000,1.47516000,0.21596292,0.27667400
533.20000000,5.12350000,1.47056000,0.21604474,0.27677866
533.40000000,5.12400000,1.51641000,0.21612771,0.27688657
533.60000000,5.12400000,1.51641000,0.21621196,0.27699451
533.80000000,5.12487000,1.51052000,0.21629604,0.27710200
534.00000000,5.12350000,1.50307000,0.21637975,0.27720898
534.20000000,5.12450000,1.43852000,0.21646146,0.27731136
534.40000000,5.12362000,1.40844000,0.21654054,0.27741159
534.60000000,5.12362000,1.40844000,0.21661879,0.27751181
534.80000000,5.12350000,1.41561000,0.21669724,0.27761253
535.00000000,5.12250000,1.42086000,0.21677603,0.27771369
535.20000000,5.12625000,1.51958000,0.21685770,0.27782188
535.40000000,5.12625000,1.51958000,0.21694213,0.27793001
535.60000000,5.12312000,1.41542000,0.21702365,0.27803074
535.80000000,5.12437000,1.44336000,0.21710306,0.27813343
536.00000000,5.12237000,1.41449000,0.21718245,0.27823406
536.20000000,5.12237000,1.41449000,0.21726103,0.27833471
536.40000000,5.12325000,1.49062000,0.21734173,0.27844080
536.60000000,5.12425000,1.44124000,0.21742317,0.27854336
536.80000000,5.12362000,1.42025000,0.21750266,0.27864443
537.00000000,5.12362000,1.42025000,0.21758156,0.27874550
537.20000000,5.12387000,1.45728000,0.21766149,0.27884917
537.40000000,5.12187000,1.46915000,0.21774278,0.27895371
537.60000000,5.12325000,1.42262000,0.21782311,0.27905491
537.80000000,5.12225000,1.41817000,0.21790202,0.27915581
538.00000000,5.12225000,1.41817000,0.21798080,0.27925669
538.20000000,5.12187000,1.35980000,0.21805797,0.27935346
538.40000000,5.12375000,1.45987000,0.21813629,0.27945729
538.60000000,5.12112000,1.49936000,0.21821850,0.27956394
538.80000000,5.12112000,1.49936000,0.21830179,0.27967066
539.00000000,5.12462000,1.44553000,0.21838360,0.27977352
539.20000000,5.12362000,1.36534000,0.21846168,0.27987069
539.40000000,5.12412000,1.44108000,0.21853963,0.27997328
539.60000000,5.12562000,1.44684000,0.21861985,0.28007628
539.80000000,5.12562000,1.44684000,0.21870023,0.28017925
540.00000000,5.12412000,1.48403000,0.21878164,0.28028486
540.20000000,5.12412000,1.43334000,0.21886268,0.28038686
540.40000000,5.12375000,1.47056000,0.21894335,0.28049151
540.60000000,5.12337000,1.46662000,0.21902493,0.28059587
540.80000000,5.12337000,1.46662000,0.21910641,0.28070023
541.00000000,5.12312000,1.44089000,0.21918718,0.28080275
541.20000000,5.12325000,1.47657000,0.21926822,0.28090781
541.40000000,5.12287000,1.45961000,0.21934978,0.28101167
541.60000000,5.12287000,1.45961000,0.21943087,0.28111554
541.80000000,5.12400000,1.44588000,0.21951158,0.28121842
542.00000000,5.12325000,1.45516000,0.21959216,0.28132198
542.20000000,5.12362000,1.40864000,0.21967171,0.28142216
542.40000000,5.12062000,1.43024000,0.21975057,0.28152388
542.60000000,5.12062000,1.43024000,0.21983003,0.28162568
542.80000000,5.12512000,1.37315000,0.21990790,0.28172340
543.00000000,5.12350000,1.42918000,0.21998574,0.28182510
543.20000000,5.12362000,1.41587000,0.22006477,0.28192585
543.40000000,5.12362000,1.41587000,0.22014343,0.28202664
543.60000000,5.12537000,1.42534000,0.22022235,0.28212805
543.80000000,5.12262000,1.43203000,0.22030172,0.28222994
544.00000000,5.12287000,1.44985000,0.22038178,0.28233315
544.20000000,5.12512000,1.44851000,0.22046229,0.28243626
544.40000000,5.12512000,1.44851000,0.22054276,0.28253932
544.60000000,5.12275000,1.54736000,0.22062598,0.28264948
544.80000000,5.12612000,1.43388000,0.22070879,0.28275154
545.00000000,5.12450000,1.49443000,0.22079013,0.28285790
545.20000000,5.12450000,1.49443000,0.22087316,0.28296429
545.40000000,5.12562000,1.55299000,0.22095781,0.28307481
545.60000000,5.12412000,1.52128000,0.22104320,0.28318312
545.80000000,5.12600000,1.58768000,0.22112956,0.28329615
546.00000000,5.12600000,1.58768000,0.22121777,0.28340912
546.20000000,5.12312000,1.44595000,0.22130203,0.28351202
546.40000000,5.12362000,1.43376000,0.22138203,0.28361407
546.60000000,5.12475000,1.43545000,0.22146173,0.28371624
546.80000000,5.12475000,1.42041000,0.22154106,0.28381734
547.00000000,5.12475000,1.42041000,0.22161997,0.28391840
547.20000000,5.12262000,1.41347000,0.22169869,0.28401898
547.40000000,5.12337000,1.37024000,0.22177601,0.28411648
547.60000000,5.12312000,1.39532000,0.22185283,0.28421576
547.80000000,5.12312000,1.39532000,0.22193035,0.28431508
548.00000000,5.12475000,1.44803000,0.22200933,0.28441813
548.20000000,5.12400000,1.47702000,0.22209058,0.28452323
548.40000000,5.12337000,1.43228000,0.22217140,0.28462515
548.60000000,5.12575000,1.45609000,0.22225163,0.28472881
548.80000000,5.12575000,1.45609000,0.22233252,0.28483239
549.00000000,5.12175000,1.45248000,0.22241332,0.28493578
549.20000000,5.12525000,1.40883000,0.22249280,0.28503608
549.40000000,5.12575000,1.47465000,0.22257290,0.28514106
549.60000000,5.12575000,1.47465000,0.22265482,0.28524599
549.80000000,5.12350000,1.39603000,0.22273456,0.28534536
550.00000000,5.12462000,1.45696000,0.22281381,0.28544904
550.20000000,5.12387000,1.44486000,0.22289442,0.28555184
550.40000000,5.12262000,1.48140000,0.22297570,0.28565724
550.60000000,5.12262000,1.48140000,0.22305800,0.28576265
550.80000000,5.12350000,1.49488000,0.22314068,0.28586907
551.00000000,5.12562000,1.54704000,0.22322517,0.28597917
551.20000000,5.12387000,1.50889000,0.22331006,0.28608655
551.40000000,5.12387000,1.50889000,0.22339389,0.28619394
551.60000000,5.12425000,1.40412000,0.22347481,0.28629388
551.80000000,5.12512000,1.40108000,0.22355273,0.28639358
552.00000000,5.12325000,1.50112000,0.22363334,0.28650042
552.20000000,5.12462000,1.50374000,0.22371681,0.28660745
552.40000000,5.12462000,1.50374000,0.22380035,0.28671446
552.60000000,5.12387000,1.42448000,0.22388169,0.28681585
552.80000000,5.12450000,1.44844000,0.22396150,0.28691894
553.00000000,5.12450000,1.60012000,0.22404618,0.28703283
553.20000000,5.12450000,1.60012000,0.22413507,0.28714673
553.40000000,5.12512000,1.54659000,0.22422248,0.28725677
553.60000000,5.12287000,1.51907000,0.22430764,0.28736489
553.80000000,5.12462000,1.57171000,0.22439350,0.28747675
554.00000000,5.12437000,1.51708000,0.22447929,0.28758472
554.20000000,5.12437000,1.51708000,0.22456358,0.28769271
554.40000000,5.12487000,1.51705000,0.22464786,0.28780068
554.60000000,5.12437000,1.52748000,0.22473243,0.28790945
554.80000000,5.12712000,1.45241000,0.22481520,0.28801288
555.00000000,5.12712000,1.45241000,0.22489589,0.28811622
555.20000000,5.12312000,1.37427000,0.22497441,0.28821398
555.40000000,5.12187000,1.48224000,0.22505376,0.28831952
555.60000000,5.12662000,1.45436000,0.22513533,0.28842302
555.80000000,5.12387000,1.45539000,0.22521616,0.28852660
556.00000000,5.12387000,1.45539000,0.22529701,0.28863015
556.20000000,5.12287000,1.37916000,0.22537575,0.28872826
556.40000000,5.12225000,1.45052000,0.22545435,0.28883151
556.60000000,5.12500000,1.43075000,0.22553439,0.28893335
556.80000000,5.12437000,1.45974000,0.22561468,0.28903725
557.00000000,5.12437000,1.45974000,0.22569578,0.28914114
557.20000000,5.12425000,1.45564000,0.22577676,0.28924471
557.40000000,5.12312000,1.43577000,0.22585708,0.28934690
557.60000000,5.12450000,1.47097000,0.22593782,0.28945160
557.80000000,5.12450000,1.47097000,0.22601954,0.28955628
558.00000000,5.12400000,1.46492000,0.22610109,0.28966051
558.20000000,5.12312000,1.43692000,0.22618170,0.28976279
558.40000000,5.12450000,1.43964000,0.22626160,0.28986525
558.60000000,5.12312000,1.40086000,0.22634051,0.28996493
558.80000000,5.12312000,1.40086000,0.22641833,0.29006457
559.00000000,5.12150000,1.49760000,0.22649884,0.29017119
559.20000000,5.12587000,1.50384000,0.22658222,0.29027823
559.40000000,5.12462000,1.53689000,0.22666668,0.29038762
559.60000000,5.12462000,1.53689000,0.22675206,0.29049695
559.80000000,5.12212000,1.44003000,0.22683476,0.29059947
560.00000000,5.12575000,1.54268000,0.22691761,0.29070927
560.20000000,5.12462000,1.45536000,0.22700089,0.29081285
560.40000000,5.12462000,1.45536000,0.22708174,0.29091645
560.60000000,5.12500000,1.53356000,0.22716477,0.29102557
560.80000000,5.12325000,1.50902000,0.22724928,0.29113296
561.00000000,5.12375000,1.47683000,0.22733222,0.29123805
561.20000000,5.12375000,1.47683000,0.22741427,0.29134312
561.40000000,5.12237000,1.45817000,0.22749580,0.29144693
561.60000000,5.12562000,1.58947000,0.22758045,0.29156002
561.80000000,5.12275000,1.46540000,0.22766531,0.29166427
562.00000000,5.12225000,1.48460000,0.22774726,0.29176989
562.20000000,5.12225000,1.48460000,0.22782973,0.29187553
562.40000000,5.12325000,1.47913000,0.22791206,0.29198079
562.60000000,5.12400000,1.53628000,0.22799582,0.29209012
562.80000000,5.12375000,1.48467000,0.22807974,0.29219577
563.00000000,5.12375000,1.48467000,0.22816222,0.29230144
563.20000000,5.12475000,1.52912000,0.22824593,0.29241022
563.40000000,5.12200000,1.40739000,0.22832750,0.29251037
563.60000000,5.12350000,1.48083000,0.22840773,0.29261573
563.80000000,5.12275000,1.55468000,0.22849205,0.29272635
564.00000000,5.12275000,1.55468000,0.22857842,0.29283702
564.20000000,5.12562000,1.43574000,0.22866149,0.29293917
564.40000000,5.12250000,1.43427000,0.22874121,0.29304125
564.60000000,5.12412000,1.46384000,0.22882172,0.29314538
564.80000000,5.12187000,1.47315000,0.22890330,0.29325018
565.00000000,5.12187000,1.47315000,0.22898514,0.29335503
565.20000000,5.12487000,1.47305000,0.22906698,0.29345984
565.40000000,5.12300000,1.56572000,0.22915139,0.29357125
565.60000000,5.12287000,1.46681000,0.22923563,0.29367561
565.80000000,5.12287000,1.46681000,0.22931712,0.29378004
566.00000000,5.12600000,1.38624000,0.22939637,0.29387867
566.20000000,5.12287000,1.44524000,0.22947502,0.29398153
566.40000000,5.12437000,1.43936000,0.22955515,0.29408396
566.60000000,5.12350000,1.43222000,0.22963491,0.29418587
566.80000000,5.12350000,1.43222000,0.22971448,0.29428774
567.00000000,5.12112000,1.45894000,0.22979479,0.29439156
567.20000000,5.12362000,1.54457000,0.22987822,0.29450149
567.40000000,5.12437000,1.45443000,0.22996153,0.29460501
567.60000000,5.12437000,1.45443000,0.23004233,0.29470843
567.80000000,5.12000000,1.38412000,0.23012118,0.29480692
568.00000000,5.12337000,1.42892000,0.23019932,0.29490862
568.20000000,5.12437000,1.47001000,0.23027984,0.29501323
568.40000000,5.12337000,1.49478000,0.23036220,0.29511959
568.60000000,5.12337000,1.49478000,0.23044524,0.29522596
568.80000000,5.12362000,1.40083000,0.23052568,0.29532564
569.00000000,5.12312000,1.45718000,0.23060507,0.29542933
569.20000000,5.12337000,1.42912000,0.23068524,0.29553105
569.40000000,5.12487000,1.44393000,0.23076505,0.29563383
569.60000000,5.12487000,1.44393000,0.23084527,0.29573655
569.80000000,5.12200000,1.35840000,0.23092311,0.29583319
570.00000000,5.12237000,1.43049000,0.23100058,0.29593497
570.20000000,5.12312000,1.42422000,0.23107988,0.29603631
570.40000000,5.12312000,1.42422000,0.23115900,0.29613765
570.60000000,5.12275000,1.47680000,0.23123958,0.29624275
570.80000000,5.12400000,1.47296000,0.23132152,0.29634758
571.00000000,5.12462000,1.48979000,0.23140382,0.29645361
571.20000000,5.12400000,1.45062000,0.23148550,0.29655684
571.40000000,5.12400000,1.45062000,0.23156609,0.29666005
571.60000000,5.12250000,1.44294000,0.23164646,0.29676272
571.80000000,5.12300000,1.39059000,0.23172517,0.29686166
572.00000000,5.12275000,1.49292000,0.23180527,0.29696788
572.20000000,5.12275000,1.49292000,0.23188821,0.29707412
572.40000000,5.12400000,1.51820000,0.23197185,0.29718217
572.60000000,5.12400000,1.41632000,0.23205337,0.29728293
572.80000000,5.12250000,1.45782000,0.23213320,0.29738668
573.00000000,5.12387000,1.43862000,0.23221366,0.29748906
573.20000000,5.12387000,1.43862000,0.23229358,0.29759142
573.40000000,5.12275000,1.48873000,0.23237490,0.29769737
573.60000000,5.12425000,1.44889000,0.23245650,0.29780045
573.80000000,5.12250000,1.43721000,0.23253667,0.29790270
574.00000000,5.12250000,1.43721000,0.23261651,0.29800498
574.20000000,5.12400000,1.42560000,0.23269604,0.29810641
574.40000000,5.12250000,1.35641000,0.23277332,0.29820294
574.60000000,5.12412000,1.41670000,0.23285035,0.29830377
574.80000000,5.12412000,1.43356000,0.23292952,0.29840579
575.00000000,5.12412000,1.43356000,0.23300916,0.29850780
575.20000000,5.12337000,1.44092000,0.23308901,0.29861033
575.40000000,5.12325000,1.46182000,0.23316964,0.29871435
575.60000000,5.12312000,1.55315000,0.23325339,0.29882486
575.80000000,5.12312000,1.55315000,0.23333968,0.29893539
576.00000000,5.12400000,1.47382000,0.23342376,0.29904027
576.20000000,5.12325000,1.43145000,0.23350446,0.29914211
576.40000000,5.12262000,1.48326000,0.23358542,0.29924764
576.60000000,5.12487000,1.42073000,0.23366609,0.29934877
576.80000000,5.12487000,1.42073000,0.23374502,0.29944985
577.00000000,5.12262000,1.43299000,0.23382429,0.29955179
577.20000000,5.12187000,1.39088000,0.23390273,0.29965073
577.40000000,5.12462000,1.45379000,0.23398175,0.29975420
577.60000000,5.12462000,1.45379000,0.23406252,0.29985766
577.80000000,5.12362000,1.44851000,0.23414314,0.29996070
578.00000000,5.12200000,1.44112000,0.23422340,0.30006326
578.20000000,5.12400000,1.46073000,0.23430401,0.30016722
578.40000000,5.12400000,1.46073000,0.23438516,0.30027113
578.60000000,5.12212000,1.40720000,0.23446483,0.30037125
578.80000000,5.12262000,1.45043000,0.23454420,0.30047447
579.00000000,5.12375000,1.41404000,0.23462377,0.30057511
579.20000000,5.12425000,1.45139000,0.23470337,0.30067840
579.40000000,5.12425000,1.45139000,0.23478400,0.30078168
579.60000000,5.12337000,1.49286000,0.23486579,0.30088791
579.80000000,5.12350000,1.43574000,0.23494714,0.30099008
580.00000000,5.12350000,1.41763000,0.23502640,0.30109096
580.20000000,5.12350000,1.41763000,0.23510515,0.30119183
580.40000000,5.12312000,1.44800000,0.23518475,0.30129488
580.60000000,5.12400000,1.50198000,0.23526670,0.30140175
580.80000000,5.12300000,1.55638000,0.23535165,0.30151251
581.00000000,5.12400000,1.48998000,0.23543627,0.30161855
581.20000000,5.12400000,1.48998000,0.23551905,0.30172455
581.40000000,5.12225000,1.47110000,0.23560130,0.30182925
581.60000000,5.12462000,1.46105000,0.23568275,0.30193326
581.80000000,5.12550000,1.51497000,0.23576542,0.30204111
582.00000000,5.12550000,1.51497000,0.23584958,0.30214893
582.20000000,5.12412000,1.47542000,0.23593265,0.30225392
582.40000000,5.12375000,1.49875000,0.23601527,0.30236059
582.60000000,5.12425000,1.47244000,0.23609780,0.30246540
582.80000000,5.12500000,1.56608000,0.23618220,0.30257687
583.00000000,5.12500000,1.56608000,0.23626921,0.30268833
583.20000000,5.12425000,1.45120000,0.23635302,0.30279163
583.40000000,5.12512000,1.52393000,0.23643566,0.30290012
583.60000000,5.12575000,1.61449000,0.23652284,0.30301506
583.80000000,5.12575000,1.61449000,0.23661253,0.30313000
584.00000000,5.12587000,1.53366000,0.23669998,0.30323912
584.20000000,5.12312000,1.51600000,0.23678470,0.30334703
584.40000000,5.12462000,1.47728000,0.23686784,0.30345216
584.60000000,5.12412000,1.42163000,0.23694837,0.30355334
584.80000000,5.12412000,1.42163000,0.23702735,0.30365449
585.00000000,5.12300000,1.44899000,0.23710709,0.30375761
585.20000000,5.12387000,1.44640000,0.23718751,0.30386053
585.40000000,5.12325000,1.47177000,0.23726857,0.30396525
585.60000000,5.12325000,1.47177000,0.23735034,0.30406999
585.80000000,5.12400000,1.50307000,0.23743297,0.30417697
586.00000000,5.12437000,1.57830000,0.23751857,0.30428928
586.20000000,5.12337000,1.52406000,0.23760474,0.30439773
586.40000000,5.12412000,1.56611000,0.23769058,0.30450918
586.60000000,5.12412000,1.56611000,0.23777759,0.30462065
586.80000000,5.12425000,1.51020000,0.23786304,0.30472811
587.00000000,5.12362000,1.49161000,0.23794643,0.30483423
587.20000000,5.12237000,1.50627000,0.23802970,0.30494139
587.40000000,5.12462000,1.49104000,0.23811296,0.30504752
587.60000000,5.12462000,1.49104000,0.23819579,0.30515361
587.80000000,5.12275000,1.42358000,0.23827676,0.30525491
588.00000000,5.12350000,1.47987000,0.23835741,0.30536021
588.20000000,5.12312000,1.45014000,0.23843880,0.30546339
588.40000000,5.12312000,1.45014000,0.23851936,0.30556658
588.60000000,5.12325000,1.46220000,0.23860026,0.30567062
588.80000000,5.12337000,1.48054000,0.23868200,0.30577598
589.00000000,5.12362000,1.39046000,0.23876175,0.30587493
589.20000000,5.12325000,1.44540000,0.23884052,0.30597778
589.40000000,5.12325000,1.44540000,0.23892082,0.30608064
589.60000000,5.12387000,1.48960000,0.23900235,0.30618663
589.80000000,5.12287000,1.54665000,0.23908669,0.30629667
590.00000000,5.12400000,1.53344000,0.23917225,0.30640580
590.20000000,5.12400000,1.53344000,0.23925744,0.30651497
590.40000000,5.12562000,1.51094000,0.23934201,0.30662249
590.60000000,5.12387000,1.48444000,0.23942521,0.30672811
590.80000000,5.12287000,1.48675000,0.23950775,0.30683389
591.00000000,5.12287000,1.48675000,0.23959034,0.30693973
591.20000000,5.12525000,1.52179000,0.23967391,0.30704805
591.40000000,5.12487000,1.50019000,0.23975786,0.30715479
591.60000000,5.12300000,1.52841000,0.23984199,0.30726354
591.80000000,5.12300000,1.52841000,0.23992690,0.30737233
592.00000000,5.12487000,1.51907000,0.24001155,0.30748044
592.20000000,5.12400000,1.55750000,0.24009701,0.30759129
592.40000000,5.12425000,1.47532000,0.24018125,0.30769627
592.60000000,5.12350000,1.52134000,0.24026449,0.30780453
592.80000000,5.12350000,1.52134000,0.24034901,0.30791281
593.00000000,5.12462000,1.51529000,0.24043336,0.30802065
593.20000000,5.12400000,1.48688000,0.24051676,0.30812647
593.40000000,5.12412000,1.47680000,0.24059908,0.30823154
593.60000000,5.12287000,1.48710000,0.24068141,0.30833735
593.80000000,5.12287000,1.48710000,0.24076403,0.30844317
594.00000000,5.12337000,1.53420000,0.24084795,0.30855235
594.20000000,5.12387000,1.49481000,0.24093209,0.30865875
594.40000000,5.12475000,1.50764000,0.24101550,0.30876606
594.60000000,5.12475000,1.50764000,0.24109925,0.30887333
594.80000000,5.12300000,1.43833000,0.24118109,0.30897564
595.00000000,5.12150000,1.44230000,0.24126110,0.30907829
595.20000000,5.12412000,1.42691000,0.24134080,0.30917982
595.40000000,5.12350000,1.40844000,0.24141956,0.30928005
595.60000000,5.12350000,1.40844000,0.24149781,0.30938024
595.80000000,5.12162000,1.49398000,0.24157843,0.30948660
596.00000000,5.12625000,1.52070000,0.24166217,0.30959482
596.20000000,5.12387000,1.45836000,0.24174493,0.30969861
596.40000000,5.12387000,1.45836000,0.24182595,0.30980235
596.60000000,5.12200000,1.41750000,0.24190583,0.30990318
596.80000000,5.12112000,1.42259000,0.24198472,0.31000441
597.00000000,5.12387000,1.34592000,0.24206162,0.31010016
597.20000000,5.12212000,1.46873000,0.24213981,0.31020465
597.40000000,5.12212000,1.46873000,0.24222141,0.31030920
597.60000000,5.12537000,1.39379000,0.24230092,0.31040837
597.80000000,5.12262000,1.42870000,0.24237932,0.31051002
598.00000000,5.12300000,1.43340000,0.24245883,0.31061201
598.20000000,5.12300000,1.43340000,0.24253846,0.31071404
598.40000000,5.12487000,1.54092000,0.24262108,0.31082369
598.60000000,5.12325000,1.51420000,0.24270594,0.31093144
598.80000000,5.12362000,1.53100000,0.24279053,0.31104039
599.00000000,5.12387000,1.44528000,0.24287321,0.31114325
599.20000000,5.12387000,1.44528000,0.24295350,0.31124609
599.40000000,5.12325000,1.49411000,0.24303515,0.31135242
599.60000000,5.12400000,1.48793000,0.24311798,0.31145827
599.80000000,5.12187000,1.48476000,0.24320056,0.31156389
600.00000000,5.12187000,1.48476000,0.24328305,0.31166957
600.20000000,5.12500000,1.50019000,0.24336596,0.31177635
600.40000000,5.12475000,1.55942000,0.24345095,0.31188735
600.60000000,5.12475000,1.49068000,0.24353567,0.31199345
600.80000000,5.12475000,1.49068000,0.24361849,0.31209950
601.00000000,5.12237000,1.45808000,0.24370040,0.31220324
601.20000000,5.12262000,1.44774000,0.24378112,0.31230627
601.40000000,5.12412000,1.61366000,0.24386616,0.31242112
601.60000000,5.12437000,1.48352000,0.24395219,0.31252670
601.80000000,5.12437000,1.48352000,0.24403461,0.31263227
602.00000000,5.12375000,1.53545000,0.24411847,0.31274152
602.20000000,5.12300000,1.43801000,0.24420106,0.31284389
602.40000000,5.12562000,1.57232000,0.24428468,0.31295583
602.60000000,5.12562000,1.57232000,0.24437203,0.31306772
602.80000000,5.12375000,1.47731000,0.24445675,0.31317285
603.00000000,5.12362000,1.54524000,0.24454071,0.31328283
603.20000000,5.12475000,1.50979000,0.24462557,0.31339028
603.40000000,5.12400000,1.42896000,0.24470720,0.31349197
603.60000000,5.12400000,1.42896000,0.24478659,0.31359366
603.80000000,5.12350000,1.40921000,0.24486543,0.31369393
604.00000000,5.12300000,1.43600000,0.24494446,0.31379612
604.20000000,5.12387000,1.44883000,0.24502459,0.31389922
604.40000000,5.12387000,1.44883000,0.24510508,0.31400234
604.60000000,5.12425000,1.44915000,0.24518558,0.31410541
604.80000000,5.12100000,1.46828000,0.24526662,0.31420989
605.00000000,5.12337000,1.51011000,0.24534936,0.31431734
605.20000000,5.12312000,1.45763000,0.24543179,0.31442106
605.40000000,5.12312000,1.45763000,0.24551277,0.31452481
605.60000000,5.12487000,1.43868000,0.24559323,0.31462721
605.80000000,5.12475000,1.45929000,0.24567372,0.31473107
606.00000000,5.12437000,1.39606000,0.24575304,0.31483043
606.20000000,5.12437000,1.39606000,0.24583060,0.31492972
606.40000000,5.12087000,1.43366000,0.24590920,0.31503176
606.60000000,5.12450000,1.45056000,0.24598932,0.31513501
606.80000000,5.12462000,1.41753000,0.24606899,0.31523589
607.00000000,5.12425000,1.49267000,0.24614983,0.31534212
607.20000000,5.12425000,1.49267000,0.24623275,0.31544837
607.40000000,5.12487000,1.48259000,0.24631540,0.31555385
607.60000000,5.12262000,1.49868000,0.24639821,0.31566054
607.80000000,5.12537000,1.55411000,0.24648301,0.31577115
608.00000000,5.12437000,1.50323000,0.24656794,0.31587813
608.20000000,5.12437000,1.50323000,0.24665145,0.31598512
608.40000000,5.12425000,1.50659000,0.24673506,0.31609233
608.60000000,5.12362000,1.52166000,0.24681918,0.31620063
608.80000000,5.12425000,1.50758000,0.24690332,0.31630792
609.00000000,5.12425000,1.50758000,0.24698708,0.31641520
609.20000000,5.12337000,1.43603000,0.24706884,0.31651736
609.40000000,5.12237000,1.48240000,0.24714991,0.31662286
609.60000000,5.12400000,1.45164000,0.24723141,0.31672617
609.80000000,5.12412000,1.45353000,0.24731211,0.31682962
610.00000000,5.12412000,1.45353000,0.24739286,0.31693303
610.20000000,5.12275000,1.39161000,0.24747189,0.31703205
610.40000000,5.12300000,1.40044000,0.24754945,0.31713170
610.60000000,5.12337000,1.45430000,0.24762875,0.31723519
610.80000000,5.12337000,1.45430000,0.24770954,0.31733870
611.00000000,5.12450000,1.43728000,0.24778986,0.31744098
611.20000000,5.12400000,1.48694000,0.24787109,0.31754682
611.40000000,5.12462000,1.43587000,0.24795228,0.31764901
611.60000000,5.12587000,1.50320000,0.24803392,0.31775603
611.80000000,5.12587000,1.50320000,0.24811743,0.31786300
612.00000000,5.12350000,1.45766000,0.24819968,0.31796674
612.20000000,5.12425000,1.44630000,0.24828035,0.31806968
612.40000000,5.12450000,1.45417000,0.24836091,0.31817318
612.60000000,5.12450000,1.45417000,0.24844170,0.31827669
612.80000000,5.12512000,1.40534000,0.24852113,0.31837667
613.00000000,5.12212000,1.41555000,0.24859949,0.31847743
613.20000000,5.12550000,1.47446000,0.24867977,0.31858240
613.40000000,5.12225000,1.41075000,0.24875991,0.31868276
613.60000000,5.12225000,1.41075000,0.24883829,0.31878320
613.80000000,5.12612000,1.55132000,0.24892057,0.31889360
614.00000000,5.12387000,1.48956000,0.24900504,0.31899963
614.20000000,5.12525000,1.46867000,0.24908721,0.31910418
614.40000000,5.12525000,1.46867000,0.24916880,0.31920867
614.60000000,5.12237000,1.45299000,0.24924996,0.31931208
614.80000000,5.12425000,1.49625000,0.24933188,0.31941858
615.00000000,5.12475000,1.46572000,0.24941416,0.31952290
615.20000000,5.12475000,1.46572000,0.24949559,0.31962720
615.40000000,5.12362000,1.43404000,0.24957614,0.31972924
615.60000000,5.12287000,1.52060000,0.24965821,0.31983747
615.80000000,5.12462000,1.45644000,0.24974091,0.31994113
616.00000000,5.12462000,1.45644000,0.24982182,0.32004479
616.20000000,5.12437000,1.47683000,0.24990330,0.32014986
616.40000000,5.12275000,1.47302000,0.24998524,0.32025472
616.60000000,5.12550000,1.47225000,0.25006705,0.32035949
616.80000000,5.12350000,1.47011000,0.25014879,0.32046410
617.00000000,5.12350000,1.47011000,0.25023046,0.32056873
617.20000000,5.12437000,1.48659000,0.25031259,0.32067454
617.40000000,5.12462000,1.54630000,0.25039684,0.32078457
617.60000000,5.12337000,1.47289000,0.25048070,0.32088939
617.80000000,5.12412000,1.48841000,0.25056296,0.32099532
618.00000000,5.12412000,1.48841000,0.25064565,0.32110126
618.20000000,5.12475000,1.50124000,0.25072870,0.32120806
618.40000000,5.12200000,1.45360000,0.25081077,0.32131150
618.60000000,5.12350000,1.48534000,0.25089241,0.32141719
618.80000000,5.12350000,1.48534000,0.25097493,0.32152288
619.00000000,5.12287000,1.45670000,0.25105665,0.32162648
619.20000000,5.12087000,1.40601000,0.25113617,0.32172658
619.40000000,5.12600000,1.53388000,0.25121784,0.32183576
619.60000000,5.12462000,1.46073000,0.25130102,0.32193972
619.80000000,5.12462000,1.46073000,0.25138217,0.32204366
620.00000000,5.12312000,1.46931000,0.25146356,0.32214821
620.20000000,5.12312000,1.51792000,0.25154654,0.32225620
620.40000000,5.12225000,1.49248000,0.25163016,0.32236238
620.60000000,5.12225000,1.49248000,0.25171308,0.32246862
620.80000000,5.12537000,1.51859000,0.25179672,0.32257670
621.00000000,5.12437000,1.48534000,0.25188016,0.32268239
621.20000000,5.12337000,1.47916000,0.25196251,0.32278767
621.40000000,5.12450000,1.50742000,0.25204547,0.32289496
621.60000000,5.12450000,1.50742000,0.25212922,0.32300219
621.80000000,5.12162000,1.43507000,0.25221095,0.32310433
622.00000000,5.12487000,1.44329000,0.25229091,0.32320705
622.20000000,5.12400000,1.48857000,0.25237235,0.32331298
622.40000000,5.12400000,1.48857000,0.25245505,0.32341892
622.60000000,5.12387000,1.46966000,0.25253722,0.32352352
622.80000000,5.12450000,1.49686000,0.25261962,0.32362998
623.00000000,5.12087000,1.44675000,0.25270139,0.32373298
623.20000000,5.12600000,1.45750000,0.25278206,0.32383675
623.40000000,5.12600000,1.45750000,0.25286303,0.32394048
623.60000000,5.12425000,1.48118000,0.25294466,0.32404587
623.80000000,5.12300000,1.47020000,0.25302665,0.32415050
624.00000000,5.12425000,1.44153000,0.25310753,0.32425310
624.20000000,5.12425000,1.44153000,0.25318761,0.32435568
624.40000000,5.12387000,1.51619000,0.25326977,0.32446360
624.60000000,5.12487000,1.50867000,0.25335380,0.32457093
624.80000000,5.12225000,1.42790000,0.25343537,0.32467252
625.00000000,5.12225000,1.42790000,0.25351470,0.32477411
625.20000000,5.12287000,1.46848000,0.25359515,0.32487860
625.40000000,5.12287000,1.44755000,0.25367615,0.32498159
625.60000000,5.12300000,1.40617000,0.25375542,0.32508165
625.80000000,5.12300000,1.40617000,0.25383354,0.32518170
626.00000000,5.12287000,1.48684000,0.25391390,0.32528748
626.20000000,5.12237000,1.42396000,0.25399476,0.32538879
626.40000000,5.12275000,1.44828000,0.25407454,0.32549183
626.60000000,5.12225000,1.43760000,0.25415471,0.32559410
626.80000000,5.12225000,1.43760000,0.25423457,0.32569639
627.00000000,5.12325000,1.47196000,0.25431539,0.32580115
627.20000000,5.12412000,1.48396000,0.25439750,0.32590674
627.40000000,5.12287000,1.44316000,0.25447881,0.32600942
627.60000000,5.12262000,1.44627000,0.25455907,0.32611232
627.80000000,5.12262000,1.44627000,0.25463942,0.32621523
628.00000000,5.12312000,1.45379000,0.25471998,0.32631868
628.20000000,5.12375000,1.46102000,0.25480095,0.32642261
628.40000000,5.12187000,1.43654000,0.25488143,0.32652481
628.60000000,5.12187000,1.43654000,0.25496124,0.32662703
628.80000000,5.12362000,1.47888000,0.25504223,0.32673226
629.00000000,5.12300000,1.42595000,0.25512292,0.32683371
629.20000000,5.12250000,1.41516000,0.25520184,0.32693440
629.40000000,5.12287000,1.45587000,0.25528159,0.32703799
629.60000000,5.12287000,1.45587000,0.25536247,0.32714161
629.80000000,5.12475000,1.42156000,0.25544240,0.32724276
630.00000000,5.12325000,1.46051000,0.25552245,0.32734667
630.20000000,5.12225000,1.47788000,0.25560408,0.32745181
630.40000000,5.12225000,1.47788000,0.25568618,0.32755701
630.60000000,5.12537000,1.49724000,0.25576882,0.32766353
630.80000000,5.12212000,1.42182000,0.25584991,0.32776473
631.00000000,5.12475000,1.38473000,0.25592787,0.32786324
631.20000000,5.12212000,1.44435000,0.25600645,0.32796599
631.40000000,5.12212000,1.44435000,0.25608669,0.32806876
631.60000000,5.12325000,1.43600000,0.25616670,0.32817092
631.80000000,5.12200000,1.40204000,0.25624554,0.32827069
632.00000000,5.12387000,1.50582000,0.25632631,0.32837786
632.20000000,5.12387000,1.50582000,0.25640997,0.32848503
632.40000000,5.12425000,1.51395000,0.25649385,0.32859278
632.60000000,5.12437000,1.46726000,0.25657666,0.32869717
632.80000000,5.12275000,1.45424000,0.25665782,0.32880066
633.00000000,5.12362000,1.40489000,0.25673724,0.32890063
633.20000000,5.12362000,1.40489000,0.25681529,0.32900059
633.40000000,5.12312000,1.39670000,0.25689311,0.32909997
633.60000000,5.12300000,1.39392000,0.25697062,0.32919918
633.80000000,5.12450000,1.52553000,0.25705172,0.32930776
634.00000000,5.12262000,1.44112000,0.25713413,0.32941029
634.20000000,5.12262000,1.44112000,0.25721419,0.32951284
634.40000000,5.12337000,1.43526000,0.25729409,0.32961496
634.60000000,5.12275000,1.49443000,0.25737547,0.32972130
634.80000000,5.12350000,1.48598000,0.25745826,0.32982704
635.00000000,5.12350000,1.48598000,0.25754081,0.32993281
635.20000000,5.12475000,1.46448000,0.25762277,0.33003703
635.40000000,5.12362000,1.45296000,0.25770381,0.33014043
635.60000000,5.12412000,1.50636000,0.25778601,0.33024764
635.80000000,5.12325000,1.56086000,0.25787121,0.33035870
636.00000000,5.12325000,1.56086000,0.25795793,0.33046976
636.20000000,5.12287000,1.51612000,0.25804340,0.33057766
636.40000000,5.12450000,1.48249000,0.25812670,0.33068318
636.60000000,5.12450000,1.43897000,0.25820785,0.33078560
636.80000000,5.12450000,1.43897000,0.25828779,0.33088799
637.00000000,5.12337000,1.44003000,0.25836776,0.33099047
637.20000000,5.12412000,1.42464000,0.25844734,0.33109187
637.40000000,5.12425000,1.42508000,0.25852649,0.33119329
637.60000000,5.12425000,1.42508000,0.25860567,0.33129471
637.80000000,5.12412000,1.38544000,0.25868374,0.33139329
638.00000000,5.12300000,1.35388000,0.25875983,0.33148964
638.20000000,5.12412000,1.55072000,0.25884051,0.33160000
638.40000000,5.12412000,1.55072000,0.25892666,0.33171037
638.60000000,5.12437000,1.46944000,0.25901056,0.33181490
638.80000000,5.12175000,1.46118000,0.25909196,0.33191887
639.00000000,5.12337000,1.46473000,0.25917324,0.33202305
639.20000000,5.12100000,1.55868000,0.25925722,0.33213391
639.40000000,5.12100000,1.55868000,0.25934381,0.33224487
639.60000000,5.12550000,1.41734000,0.25942648,0.33234574
639.80000000,5.12387000,1.47881000,0.25950693,0.33245097
640.00000000,5.12350000,1.52470000,0.25959036,0.33255947
640.20000000,5.12350000,1.52470000,0.25967507,0.33266796
640.40000000,5.12325000,1.49120000,0.25975884,0.33277408
640.60000000,5.12387000,1.51504000,0.25984235,0.33288188
640.80000000,5.12325000,1.47792000,0.25992549,0.33298707
641.00000000,5.12412000,1.41718000,0.26000591,0.33308792
641.20000000,5.12412000,1.41718000,0.26008464,0.33318881
641.40000000,5.12537000,1.46710000,0.26016476,0.33329319
641.60000000,5.12275000,1.50105000,0.26024721,0.33340001
641.80000000,5.12400000,1.45987000,0.26032945,0.33350391
642.00000000,5.12400000,1.45987000,0.26041056,0.33360779
642.20000000,5.12350000,1.38659000,0.26048963,0.33370648
642.40000000,5.12462000,1.45724000,0.26056862,0.33381017
642.60000000,5.12312000,1.40800000,0.26064821,0.33391037
642.80000000,5.12387000,1.44160000,0.26072737,0.33401296
643.00000000,5.12387000,1.44160000,0.26080745,0.33411555
643.20000000,5.12337000,1.42518000,0.26088709,0.33421697
643.40000000,5.12387000,1.43849000,0.26096663,0.33431932
643.60000000,5.12300000,1.40531000,0.26104563,0.33441932
643.80000000,5.12362000,1.42441000,0.26112423,0.33452069
644.00000000,5.12362000,1.42441000,0.26120337,0.33462207
644.20000000,5.12437000,1.50230000,0.26128466,0.33472898
644.40000000,5.12400000,1.41225000,0.26136562,0.33482950
644.60000000,5.12500000,1.42902000,0.26144455,0.33493122
644.80000000,5.12500000,1.42902000,0.26152394,0.33503289
645.00000000,5.12250000,1.38982000,0.26160224,0.33513181
645.20000000,5.12437000,1.48985000,0.26168223,0.33523781
645.40000000,5.12287000,1.46240000,0.26176424,0.33534189
645.60000000,5.12400000,1.43299000,0.26184466,0.33544387
645.80000000,5.12400000,1.43299000,0.26192427,0.33554583
646.00000000,5.12287000,1.42534000,0.26200367,0.33564725
646.20000000,5.12325000,1.39241000,0.26208194,0.33574634
646.40000000,5.12425000,1.42227000,0.26216013,0.33584757
646.60000000,5.12425000,1.42227000,0.26223914,0.33594881
646.80000000,5.12512000,1.43529000,0.26231852,0.33605096
647.00000000,5.12450000,1.43600000,0.26239828,0.33615313
647.20000000,5.12262000,1.41587000,0.26247750,0.33625386
647.40000000,5.12250000,1.49475000,0.26255835,0.33636021
647.60000000,5.12250000,1.49475000,0.26264139,0.33646661
647.80000000,5.12537000,1.51916000,0.26272511,0.33657474
648.00000000,5.12475000,1.37004000,0.26280536,0.33667225
648.20000000,5.12450000,1.46857000,0.26288421,0.33677678
648.40000000,5.12450000,1.46857000,0.26296580,0.33688128
648.60000000,5.12350000,1.41305000,0.26304585,0.33698183
648.80000000,5.12337000,1.46134000,0.26312569,0.33708583
649.00000000,5.12425000,1.48489000,0.26320753,0.33719150
649.20000000,5.12362000,1.36803000,0.26328678,0.33728885
649.40000000,5.12362000,1.36803000,0.26336278,0.33738621
649.60000000,5.12425000,1.43347000,0.26344060,0.33748820
649.80000000,5.12262000,1.42086000,0.26351989,0.33758934
650.00000000,5.12475000,1.50297000,0.26360110,0.33769631
650.20000000,5.12337000,1.48044000,0.26368398,0.33780166
650.40000000,5.12337000,1.48044000,0.26376622,0.33790701
650.60000000,5.12362000,1.52307000,0.26384965,0.33801542
650.80000000,5.12475000,1.53046000,0.26393447,0.33812435
651.00000000,5.12312000,1.47094000,0.26401785,0.33822901
651.20000000,5.12312000,1.47094000,0.26409957,0.33833365
651.40000000,5.12187000,1.50806000,0.26418232,0.33844097
651.60000000,5.12362000,1.45632000,0.26426466,0.33854460
651.80000000,5.12375000,1.45734000,0.26434559,0.33864831
652.00000000,5.12375000,1.45734000,0.26442656,0.33875201
652.20000000,5.12325000,1.49600000,0.26450859,0.33885846
652.40000000,5.12325000,1.49724000,0.26459174,0.33896501
652.60000000,5.12387000,1.45276000,0.26467368,0.33906840
652.80000000,5.12387000,1.45276000,0.26475439,0.33917176
653.00000000,5.12262000,1.49395000,0.26483625,0.33927808
653.20000000,5.12412000,1.42665000,0.26491737,0.33937959
653.40000000,5.12325000,1.50342000,0.26499877,0.33948658
653.60000000,5.12375000,1.50496000,0.26508233,0.33959368
653.80000000,5.12375000,1.50496000,0.26516594,0.33970080
654.00000000,5.12487000,1.51388000,0.26524980,0.33980849
654.20000000,5.12175000,1.47910000,0.26533294,0.33991377
654.40000000,5.12487000,1.50233000,0.26541575,0.34002071
654.60000000,5.12487000,1.50233000,0.26549922,0.34012762
654.80000000,5.12387000,1.52160000,0.26558321,0.34023591
655.00000000,5.12425000,1.50864000,0.26566739,0.34034328
655.20000000,5.12425000,1.50230000,0.26575102,0.34045018
655.40000000,5.12312000,1.49910000,0.26583440,0.34055685
655.60000000,5.12312000,1.49910000,0.26591768,0.34066352
655.80000000,5.12362000,1.48377000,0.26600054,0.34076911
656.00000000,5.12362000,1.44332000,0.26608185,0.34087181
656.20000000,5.12337000,1.45795000,0.26616244,0.34097556
656.40000000,5.12337000,1.45795000,0.26624343,0.34107932
656.60000000,5.12425000,1.44540000,0.26632408,0.34118217
656.80000000,5.12300000,1.39676000,0.26640303,0.34128157
657.00000000,5.12412000,1.48732000,0.26648314,0.34138739
657.20000000,5.12287000,1.47945000,0.26656555,0.34149266
657.40000000,5.12287000,1.47945000,0.26664775,0.34159794
657.60000000,5.12362000,1.42192000,0.26672834,0.34169913
657.80000000,5.12400000,1.51331000,0.26680987,0.34180682
658.00000000,5.12337000,1.43702000,0.26689183,0.34190907
658.20000000,5.12475000,1.45964000,0.26697229,0.34201296
658.40000000,5.12475000,1.45964000,0.26705338,0.34211682
658.60000000,5.12300000,1.44323000,0.26713402,0.34221951
658.80000000,5.12312000,1.44483000,0.26721424,0.34232234
659.00000000,5.12412000,1.43449000,0.26729422,0.34242443
659.20000000,5.12412000,1.43449000,0.26737392,0.34252651
659.40000000,5.12337000,1.47465000,0.26745473,0.34263144
659.60000000,5.12325000,1.43283000,0.26753549,0.34273338
659.80000000,5.12287000,1.46339000,0.26761594,0.34283757
660.00000000,5.12612000,1.46361000,0.26769724,0.34294177
660.20000000,5.12612000,1.46361000,0.26777856,0.34304590
660.40000000,5.12237000,1.38550000,0.26785770,0.34314452
660.60000000,5.12512000,1.44259000,0.26793626,0.34324717
660.80000000,5.12300000,1.45513000,0.26801675,0.34335071
661.00000000,5.12300000,1.45513000,0.26809759,0.34345425
661.20000000,5.12350000,1.47548000,0.26817899,0.34355922
661.40000000,5.12225000,1.50147000,0.26826169,0.34366605
661.60000000,5.12262000,1.46307000,0.26834404,0.34377018
661.80000000,5.12450000,1.46720000,0.26842543,0.34387460
662.00000000,5.12450000,1.46720000,0.26850694,0.34397902
662.20000000,5.12400000,1.54428000,0.26859060,0.34408891
662.40000000,5.12325000,1.50864000,0.26867540,0.34419624
662.60000000,5.12262000,1.51596000,0.26875942,0.34430410
662.80000000,5.12262000,1.51596000,0.26884364,0.34441198
663.00000000,5.12375000,1.49740000,0.26892734,0.34451850
663.20000000,5.12200000,1.43667000,0.26900884,0.34462071
663.40000000,5.12237000,1.43648000,0.26908865,0.34472291
663.60000000,5.12337000,1.39801000,0.26916739,0.34482239
663.80000000,5.12337000,1.39801000,0.26924506,0.34492188
664.00000000,5.12375000,1.44950000,0.26932415,0.34502503
664.20000000,5.12375000,1.45568000,0.26940485,0.34512861
664.40000000,5.12337000,1.46467000,0.26948597,0.34523283
664.60000000,5.12337000,1.46467000,0.26956734,0.34533707
664.80000000,5.12400000,1.44816000,0.26964826,0.34544009
665.00000000,5.12225000,1.46643000,0.26972922,0.34554447
665.20000000,5.12487000,1.47456000,0.26981091,0.34564943
665.40000000,5.12487000,1.47456000,0.26989283,0.34575435
665.60000000,5.12287000,1.42496000,0.26997337,0.34585573
665.80000000,5.12275000,1.46518000,0.27005365,0.34595997
666.00000000,5.12237000,1.43513000,0.27013422,0.34606207
666.20000000,5.12237000,1.43513000,0.27021395,0.34616417
666.40000000,5.12200000,1.43024000,0.27029354,0.34626595
666.60000000,5.12400000,1.39859000,0.27037212,0.34636548
666.80000000,5.12375000,1.47360000,0.27045190,0.34647034
667.00000000,5.12350000,1.48003000,0.27053395,0.34657566
667.20000000,5.12350000,1.48003000,0.27061617,0.34668098
667.40000000,5.12387000,1.53820000,0.27070001,0.34679043
667.60000000,5.12300000,1.42521000,0.27078233,0.34689184
667.80000000,5.12300000,1.44326000,0.27086201,0.34699455
668.00000000,5.12375000,1.44620000,0.27094227,0.34709746
668.20000000,5.12375000,1.44620000,0.27102262,0.34720039
668.40000000,5.12412000,1.45500000,0.27110320,0.34730392
668.60000000,5.12337000,1.43206000,0.27118340,0.34740583
668.80000000,5.12375000,1.43414000,0.27126302,0.34750789
669.00000000,5.12375000,1.43414000,0.27134269,0.34760993
669.20000000,5.12275000,1.38265000,0.27142094,0.34770830
669.40000000,5.12262000,1.38444000,0.27149780,0.34780683
669.60000000,5.12412000,1.43427000,0.27157610,0.34790889
669.80000000,5.12362000,1.42105000,0.27165541,0.34801002
670.00000000,5.12362000,1.42105000,0.27173436,0.34811114
670.20000000,5.12350000,1.40304000,0.27181281,0.34821099
670.40000000,5.12400000,1.47200000,0.27189267,0.34831574
670.60000000,5.12362000,1.51449000,0.27197563,0.34842351
670.80000000,5.12362000,1.51449000,0.27205976,0.34853132
671.00000000,5.12525000,1.55942000,0.27214515,0.34864229
671.20000000,5.12362000,1.49542000,0.27223001,0.34874873
671.40000000,5.12487000,1.45913000,0.27231208,0.34885253
671.60000000,5.12200000,1.54457000,0.27239551,0.34896241
671.80000000,5.12200000,1.54457000,0.27248132,0.34907234
672.00000000,5.12462000,1.42067000,0.27256369,0.34917344
672.20000000,5.12337000,1.49142000,0.27264458,0.34927952
672.40000000,5.12137000,1.50864000,0.27272792,0.34938683
672.60000000,5.12537000,1.49705000,0.27281141,0.34949340
672.80000000,5.12537000,1.49705000,0.27289458,0.34959997
673.00000000,5.12562000,1.47324000,0.27297709,0.34970483
673.20000000,5.12450000,1.42704000,0.27305765,0.34980640
673.40000000,5.12487000,1.43830000,0.27313724,0.34990878
673.60000000,5.12487000,1.43830000,0.27321715,0.35001110
673.80000000,5.12200000,1.45702000,0.27329757,0.35011478
674.00000000,5.12325000,1.42288000,0.27337757,0.35021602
674.20000000,5.12312000,1.42710000,0.27345674,0.35031757
674.40000000,5.12337000,1.43091000,0.27353613,0.35041939
674.60000000,5.12337000,1.43091000,0.27361562,0.35052125
674.80000000,5.12537000,1.40089000,0.27369428,0.35062096
675.00000000,5.12450000,1.42643000,0.27377282,0.35072246
675.20000000,5.12337000,1.42857000,0.27385213,0.35082411
675.40000000,5.12337000,1.42857000,0.27393149,0.35092576
675.60000000,5.12300000,1.44758000,0.27401138,0.35102878
675.80000000,5.12412000,1.45926000,0.27409213,0.35113261
676.00000000,5.12287000,1.42883000,0.27417235,0.35123427
676.20000000,5.12400000,1.43600000,0.27425193,0.35133647
676.40000000,5.12400000,1.43600000,0.27433171,0.35143865
676.60000000,5.12312000,1.39657000,0.27441039,0.35153799
676.80000000,5.12187000,1.46630000,0.27448992,0.35164230
677.00000000,5.12425000,1.38172000,0.27456903,0.35174064
677.20000000,5.12425000,1.38172000,0.27464579,0.35183894
677.40000000,5.12250000,1.40569000,0.27472322,0.35193893
677.60000000,5.12162000,1.41318000,0.27480152,0.35203949
677.80000000,5.12300000,1.42944000,0.27488048,0.35214119
678.00000000,5.12300000,1.42944000,0.27495990,0.35224289
678.20000000,5.12237000,1.46569000,0.27504032,0.35234720
678.40000000,5.12412000,1.49318000,0.27512251,0.35245343
678.60000000,5.12237000,1.43113000,0.27520374,0.35255525
678.80000000,5.12325000,1.51059000,0.27528545,0.35266274
679.00000000,5.12325000,1.51059000,0.27536937,0.35277021
679.20000000,5.12250000,1.51318000,0.27545337,0.35287788
679.40000000,5.12312000,1.41779000,0.27553478,0.35297878
679.60000000,5.12412000,1.54444000,0.27561707,0.35308869
679.80000000,5.12412000,1.54444000,0.27570287,0.35319864
680.00000000,5.12562000,1.54444000,0.27578867,0.35330851
680.20000000,5.12187000,1.40758000,0.27587067,0.35340872
680.40000000,5.12575000,1.50713000,0.27595164,0.35351601
680.60000000,5.12575000,1.50713000,0.27603537,0.35362327
680.80000000,5.12425000,1.48416000,0.27611846,0.35372891
681.00000000,5.12487000,1.48316000,0.27620088,0.35383446
681.20000000,5.12375000,1.50633000,0.27628392,0.35394164
681.40000000,5.12325000,1.52371000,0.27636809,0.35405007
681.60000000,5.12325000,1.52371000,0.27645274,0.35415857
681.80000000,5.12725000,1.51686000,0.27653720,0.35426649
682.00000000,5.12262000,1.55718000,0.27662259,0.35437729
682.20000000,5.12312000,1.50355000,0.27670761,0.35448428
682.40000000,5.12512000,1.50662000,0.27679123,0.35459152
682.60000000,5.12512000,1.50662000,0.27687493,0.35469872
682.80000000,5.12300000,1.46902000,0.27695759,0.35480327
683.00000000,5.12387000,1.42700000,0.27703803,0.35490481
683.20000000,5.12362000,1.45721000,0.27711815,0.35500851
683.40000000,5.12362000,1.45721000,0.27719910,0.35511223
683.60000000,5.12475000,1.53177000,0.27728213,0.35522124
683.80000000,5.12375000,1.51516000,0.27736677,0.35532905
684.00000000,5.12337000,1.52937000,0.27745134,0.35543788
684.20000000,5.12487000,1.50915000,0.27753574,0.35554530
684.40000000,5.12487000,1.50915000,0.27761958,0.35565270
684.60000000,5.12400000,1.50089000,0.27770320,0.35575951
684.80000000,5.12375000,1.58108000,0.27778881,0.35587203
685.00000000,5.12400000,1.49334000,0.27787421,0.35597830
685.20000000,5.12400000,1.49334000,0.27795717,0.35608456
685.40000000,5.12312000,1.44256000,0.27803872,0.35618721
685.60000000,5.12337000,1.45667000,0.27811926,0.35629082
685.80000000,5.12112000,1.39539000,0.27819848,0.35639007
686.00000000,5.12412000,1.50329000,0.27827900,0.35649705
686.20000000,5.12412000,1.50329000,0.27836252,0.35660401
686.40000000,5.12287000,1.48572000,0.27844554,0.35670972
686.60000000,5.12250000,1.42425000,0.27852638,0.35681103
686.80000000,5.12162000,1.38182000,0.27860432,0.35690932
687.00000000,5.12162000,1.38182000,0.27868109,0.35700763
687.20000000,5.12250000,1.41558000,0.27875880,0.35710835
687.40000000,5.12287000,1.46579000,0.27883883,0.35721269
687.60000000,5.12512000,1.48467000,0.27892079,0.35731837
687.80000000,5.12512000,1.48467000,0.27900327,0.35742400
688.00000000,5.12262000,1.43939000,0.27908450,0.35752641
688.20000000,5.12262000,1.41020000,0.27916365,0.35762678
688.40000000,5.12462000,1.40454000,0.27924184,0.35772675
688.60000000,5.12237000,1.44156000,0.27932090,0.35782931
688.80000000,5.12237000,1.44156000,0.27940098,0.35793189
689.00000000,5.12350000,1.43360000,0.27948085,0.35803389
689.20000000,5.12275000,1.41740000,0.27956004,0.35813475
689.40000000,5.12337000,1.45152000,0.27963974,0.35823804
689.60000000,5.12337000,1.45152000,0.27972038,0.35834133
689.80000000,5.12362000,1.46620000,0.27980142,0.35844567
690.00000000,5.12362000,1.51900000,0.27988435,0.35855373
690.20000000,5.12200000,1.54185000,0.27996937,0.35866341
690.40000000,5.12200000,1.54185000,0.28005503,0.35877313
690.60000000,5.12362000,1.51952000,0.28014007,0.35888129
690.80000000,5.12500000,1.44147000,0.28022232,0.35898387
691.00000000,5.12350000,1.50720000,0.28030422,0.35909110
691.20000000,5.12275000,1.48361000,0.28038730,0.35919666
691.40000000,5.12275000,1.48361000,0.28046973,0.35930225
691.60000000,5.12425000,1.52307000,0.28055324,0.35941063
691.80000000,5.12350000,1.46710000,0.28063630,0.35951504
692.00000000,5.12400000,1.45084000,0.28071736,0.35961827
692.20000000,5.12300000,1.40406000,0.28079666,0.35971818
692.40000000,5.12300000,1.40406000,0.28087466,0.35981808
692.60000000,5.12325000,1.41968000,0.28095310,0.35991912
692.80000000,5.12437000,1.45449000,0.28103294,0.36002258
693.00000000,5.12125000,1.39142000,0.28111199,0.36012155
693.20000000,5.12125000,1.39142000,0.28118929,0.36022060
693.40000000,5.12525000,1.42832000,0.28126762,0.36032221
693.60000000,5.12225000,1.43440000,0.28134714,0.36042429
693.80000000,5.12375000,1.49036000,0.28142838,0.36053032
694.00000000,5.12275000,1.40137000,0.28150871,0.36063003
694.20000000,5.12275000,1.40137000,0.28158656,0.36072975
694.40000000,5.12325000,1.43552000,0.28166537,0.36083191
694.60000000,5.12400000,1.52435000,0.28174758,0.36094037
694.80000000,5.12275000,1.49760000,0.28183153,0.36104692
695.00000000,5.12275000,1.49760000,0.28191473,0.36115350
695.20000000,5.12400000,1.51248000,0.28199834,0.36126113
695.40000000,5.12375000,1.50665000,0.28208221,0.36136834
695.60000000,5.12337000,1.54332000,0.28216693,0.36147818
695.80000000,5.12437000,1.48992000,0.28225118,0.36158422
696.00000000,5.12437000,1.48992000,0.28233396,0.36169026
696.20000000,5.12450000,1.50192000,0.28241706,0.36179714
696.40000000,5.12325000,1.51756000,0.28250094,0.36190512
696.60000000,5.12337000,1.45404000,0.28258348,0.36200859
696.80000000,5.12337000,1.45404000,0.28266426,0.36211211
697.00000000,5.12587000,1.49513000,0.28274618,0.36221851
697.20000000,5.12425000,1.50339000,0.28282948,0.36232550
697.40000000,5.12375000,1.60112000,0.28291571,0.36243944
697.60000000,5.12487000,1.52041000,0.28300242,0.36254766
697.80000000,5.12487000,1.52041000,0.28308689,0.36265585
698.00000000,5.12325000,1.49398000,0.28317062,0.36276215
698.20000000,5.12300000,1.43747000,0.28325205,0.36286443
698.40000000,5.12325000,1.40569000,0.28333103,0.36296446
698.60000000,5.12362000,1.52208000,0.28341235,0.36307277
698.80000000,5.12362000,1.52208000,0.28349691,0.36318111
699.00000000,5.12475000,1.43980000,0.28357919,0.36328358
699.20000000,5.12412000,1.44534000,0.28365933,0.36338642
699.40000000,5.12300000,1.41308000,0.28373873,0.36348696
699.60000000,5.12300000,1.41308000,0.28381724,0.36358754
699.80000000,5.12450000,1.40080000,0.28389540,0.36368722
700.00000000,5.12387000,1.40800000,0.28397342,0.36378744
700.20000000,5.12462000,1.48851000,0.28405388,0.36389338
700.40000000,5.12462000,1.48851000,0.28413658,0.36399929
700.60000000,5.12300000,1.41587000,0.28421725,0.36410003
700.80000000,5.12287000,1.40790000,0.28429569,0.36420019
701.00000000,5.12175000,1.40211000,0.28437375,0.36429993
701.20000000,5.12362000,1.46508000,0.28445339,0.36440418
701.40000000,5.12362000,1.46508000,0.28453478,0.36450844
701.60000000,5.12337000,1.55984000,0.28461881,0.36461946
701.80000000,5.12462000,1.47472000,0.28470310,0.36472439
702.00000000,5.12287000,1.46611000,0.28478479,0.36482870
702.20000000,5.12287000,1.46611000,0.28486624,0.36493302
702.40000000,5.12287000,1.42502000,0.28494655,0.36503442
702.60000000,5.12362000,1.43331000,0.28502595,0.36513640
702.80000000,5.12287000,1.44870000,0.28510601,0.36523948
703.00000000,5.12287000,1.44870000,0.28518649,0.36534255
703.20000000,5.12262000,1.48300000,0.28526793,0.36544807
703.40000000,5.12287000,1.39907000,0.28534798,0.36554761
703.60000000,5.12275000,1.43296000,0.28542665,0.36564956
703.80000000,5.12262000,1.43382000,0.28550628,0.36575157
704.00000000,5.12262000,1.43382000,0.28558594,0.36585360
704.20000000,5.12312000,1.43923000,0.28566575,0.36595598
704.40000000,5.12162000,1.44889000,0.28574597,0.36605910
704.60000000,5.12475000,1.40172000,0.28582516,0.36615887
704.80000000,5.12475000,1.40172000,0.28590303,0.36625856
705.00000000,5.12025000,1.36780000,0.28597996,0.36635586
705.20000000,5.12200000,1.43203000,0.28605773,0.36645771
705.40000000,5.12062000,1.45206000,0.28613785,0.36656107
705.60000000,5.12537000,1.48774000,0.28621951,0.36666698
705.80000000,5.12537000,1.48774000,0.28630216,0.36677282
706.00000000,5.12212000,1.39366000,0.28638220,0.36687199
706.20000000,5.12350000,1.44048000,0.28646093,0.36697448
706.40000000,5.12287000,1.46940000,0.28654176,0.36707903
706.60000000,5.12275000,1.47500000,0.28662354,0.36718397
706.80000000,5.12275000,1.47500000,0.28670549,0.36728895
707.00000000,5.12437000,1.48003000,0.28678757,0.36739427
707.20000000,5.12350000,1.52816000,0.28687113,0.36750300
707.40000000,5.12262000,1.55916000,0.28695689,0.36761393
707.60000000,5.12262000,1.55916000,0.28704351,0.36772490
707.80000000,5.12450000,1.48928000,0.28712819,0.36783086
708.00000000,5.12287000,1.49030000,0.28721096,0.36793691
708.20000000,5.12350000,1.50451000,0.28729415,0.36804396
708.40000000,5.12287000,1.52310000,0.28737825,0.36815233
708.60000000,5.12287000,1.52310000,0.28746286,0.36826073
708.80000000,5.12462000,1.53033000,0.28754768,0.36836961
709.00000000,5.12250000,1.49673000,0.28763177,0.36847608
709.20000000,5.12162000,1.46668000,0.28771408,0.36858041
709.40000000,5.12162000,1.46668000,0.28779557,0.36868477
709.60000000,5.12300000,1.48979000,0.28787769,0.36879076
709.80000000,5.12225000,1.45286000,0.28795943,0.36889416
710.00000000,5.12450000,1.49408000,0.28804129,0.36900050
710.20000000,5.12400000,1.62000000,0.28812779,0.36911579
710.40000000,5.12400000,1.62000000,0.28821779,0.36923106
710.60000000,5.12312000,1.51142000,0.28830478,0.36933861
710.80000000,5.12337000,1.50371000,0.28838853,0.36944560
711.00000000,5.12300000,1.52672000,0.28847271,0.36955423
711.20000000,5.12300000,1.52672000,0.28855753,0.36966287
711.40000000,5.12350000,1.48425000,0.28864116,0.36976847
711.60000000,5.12237000,1.46233000,0.28872301,0.36987253
711.80000000,5.12337000,1.56518000,0.28880711,0.36998390
712.00000000,5.12287000,1.44192000,0.28889064,0.37008649
712.20000000,5.12287000,1.44192000,0.28897075,0.37018906
712.40000000,5.12162000,1.46502000,0.28905150,0.37029331
712.60000000,5.12350000,1.46297000,0.28913283,0.37039742
712.80000000,5.12337000,1.48486000,0.28921471,0.37050308
713.00000000,5.12337000,1.48486000,0.28929721,0.37060872
713.20000000,5.12262000,1.47155000,0.28937933,0.37071342
713.40000000,5.12262000,1.49353000,0.28946169,0.37081968
713.60000000,5.12275000,1.45184000,0.28954351,0.37092298
713.80000000,5.12237000,1.49715000,0.28962542,0.37102949
714.00000000,5.12237000,1.49715000,0.28970860,0.37113600
714.20000000,5.12212000,1.49305000,0.28979166,0.37124222
714.40000000,5.12250000,1.53427000,0.28987575,0.37135138
714.60000000,5.12337000,1.50528000,0.28996018,0.37145849
714.80000000,5.12337000,1.50528000,0.29004381,0.37156562
715.00000000,5.12387000,1.51404000,0.29012768,0.37167336
715.20000000,5.12400000,1.53856000,0.29021248,0.37178288
715.40000000,5.12487000,1.48979000,0.29029660,0.37188892
715.60000000,5.12487000,1.48979000,0.29037936,0.37199494
715.80000000,5.12400000,1.52640000,0.29046315,0.37210357
716.00000000,5.12387000,1.54396000,0.29054843,0.37221344
716.20000000,5.12387000,1.47635000,0.29063233,0.37231847
716.40000000,5.12212000,1.49974000,0.29071500,0.37242516
716.60000000,5.12212000,1.49974000,0.29079832,0.37253193
716.80000000,5.12550000,1.45686000,0.29088045,0.37263559
717.00000000,5.12300000,1.50643000,0.29096276,0.37274279
717.20000000,5.12362000,1.39260000,0.29104329,0.37284189
717.40000000,5.12362000,1.39260000,0.29112066,0.37294095
717.60000000,5.12187000,1.42265000,0.29119886,0.37304219
717.80000000,5.12375000,1.48304000,0.29127957,0.37314774
718.00000000,5.12425000,1.44947000,0.29136103,0.37325089
718.20000000,5.12362000,1.46000000,0.29144185,0.37335478
718.40000000,5.12362000,1.46000000,0.29152296,0.37345867
718.60000000,5.12325000,1.43235000,0.29160330,0.37356058
718.80000000,5.12262000,1.43916000,0.29168307,0.37366296
719.00000000,5.12212000,1.55600000,0.29176626,0.37377366
719.20000000,5.12212000,1.55600000,0.29185271,0.37388440
719.40000000,5.12462000,1.48764000,0.29193725,0.37399029
719.60000000,5.12462000,1.45452000,0.29201898,0.37409378
719.80000000,5.12287000,1.42204000,0.29209889,0.37419497
720.00000000,5.12325000,1.42240000,0.29217790,0.37429618
720.20000000,5.12325000,1.42240000,0.29225692,0.37439739
720.40000000,5.12325000,1.42732000,0.29233608,0.37449896
720.60000000,5.12362000,1.41088000,0.29241492,0.37459933
720.80000000,5.12212000,1.43907000,0.29249408,0.37470171
721.00000000,5.12212000,1.45123000,0.29257437,0.37480496
721.20000000,5.12275000,1.45123000,0.29265499,0.37490822
721.40000000,5.12312000,1.46163000,0.29273591,0.37501224
721.60000000,5.12387000,1.51827000,0.29281868,0.37512026
721.80000000,5.12250000,1.43667000,0.29290076,0.37522247
722.00000000,5.12250000,1.43667000,0.29298058,0.37532469
722.20000000,5.12300000,1.41955000,0.29305992,0.37542571
722.40000000,5.12375000,1.48307000,0.29314055,0.37553122
722.60000000,5.12200000,1.42387000,0.29322129,0.37563254
722.80000000,5.12325000,1.43520000,0.29330071,0.37573466
723.00000000,5.12325000,1.43520000,0.29338045,0.37583673
723.20000000,5.12087000,1.43344000,0.29346013,0.37593875
723.40000000,5.12412000,1.39936000,0.29353882,0.37603830
723.60000000,5.12187000,1.45228000,0.29361803,0.37614161
723.80000000,5.12187000,1.45228000,0.29369871,0.37624495
724.00000000,5.12362000,1.43712000,0.29377897,0.37634720
724.20000000,5.12237000,1.43222000,0.29385868,0.37644909
724.40000000,5.12237000,1.44998000,0.29393874,0.37655225
724.60000000,5.12237000,1.45504000,0.29401943,0.37665577
724.80000000,5.12237000,1.45504000,0.29410027,0.37675930
725.00000000,5.12325000,1.53590000,0.29418335,0.37686859
725.20000000,5.12325000,1.45756000,0.29426650,0.37697232
725.40000000,5.12425000,1.56627000,0.29435050,0.37708380
725.60000000,5.12425000,1.56627000,0.29443751,0.37719526
725.80000000,5.12375000,1.50844000,0.29452292,0.37730259
726.00000000,5.12337000,1.50035000,0.29460650,0.37740941
726.20000000,5.12575000,1.56998000,0.29469179,0.37752117
726.40000000,5.12375000,1.50736000,0.29477727,0.37762844
726.60000000,5.12375000,1.50736000,0.29486101,0.37773572
726.80000000,5.12400000,1.49356000,0.29494437,0.37784201
727.00000000,5.12425000,1.45260000,0.29502621,0.37794539
727.20000000,5.12412000,1.51190000,0.29510855,0.37805299
727.40000000,5.12412000,1.51190000,0.29519255,0.37816058
727.60000000,5.12325000,1.42486000,0.29527413,0.37826196
727.80000000,5.12287000,1.43040000,0.29535344,0.37836375
728.00000000,5.12387000,1.39747000,0.29543199,0.37846320
728.20000000,5.12250000,1.40352000,0.29550980,0.37856305
728.40000000,5.12250000,1.40352000,0.29558777,0.37866294
728.60000000,5.12387000,1.49225000,0.29566821,0.37876910
728.80000000,5.12250000,1.52326000,0.29575197,0.37887748
729.00000000,5.12287000,1.39907000,0.29583315,0.37897702
729.20000000,5.12287000,1.39907000,0.29591087,0.37907656
729.40000000,5.12225000,1.36444000,0.29598764,0.37917363
729.60000000,5.12250000,1.43724000,0.29606546,0.37927591
729.80000000,5.12362000,1.42012000,0.29614483,0.37937696
730.00000000,5.12362000,1.42012000,0.29622373,0.37947801
730.20000000,5.12287000,1.41084000,0.29630237,0.37957841
730.40000000,5.12400000,1.43785000,0.29638150,0.37968070
730.60000000,5.12200000,1.45139000,0.29646175,0.37978395
730.80000000,5.12212000,1.41302000,0.29654132,0.37988447
731.00000000,5.12212000,1.41302000,0.29661982,0.37998505
731.20000000,5.12462000,1.44217000,0.29669913,0.38008766
731.40000000,5.12300000,1.54393000,0.29678208,0.38019754
731.60000000,5.12400000,1.42076000,0.29686443,0.38029865
731.80000000,5.12400000,1.42076000,0.29694336,0.38039972
732.00000000,5.12212000,1.42627000,0.29702245,0.38050123
732.20000000,5.12425000,1.38720000,0.29710060,0.38059992
732.40000000,5.12237000,1.43353000,0.29717895,0.38070189
732.60000000,5.12150000,1.46851000,0.29725957,0.38080635
732.80000000,5.12150000,1.46851000,0.29734115,0.38091083
733.00000000,5.12262000,1.40112000,0.29742086,0.38101053
733.20000000,5.12337000,1.43020000,0.29749951,0.38111226
733.40000000,5.12125000,1.41702000,0.29757860,0.38121305
733.60000000,5.12125000,1.41702000,0.29765732,0.38131389
733.80000000,5.12412000,1.43462000,0.29773653,0.38141599
734.00000000,5.12387000,1.44256000,0.29781646,0.38151861
734.20000000,5.12200000,1.39494000,0.29789527,0.38161784
734.40000000,5.12162000,1.40320000,0.29797300,0.38171765
734.60000000,5.12162000,1.40320000,0.29805096,0.38181749
734.80000000,5.12262000,1.39286000,0.29812862,0.38191660
735.00000000,5.12337000,1.41536000,0.29820663,0.38201729
735.20000000,5.12212000,1.42601000,0.29828556,0.38211874
735.40000000,5.12175000,1.46940000,0.29836599,0.38222326
735.60000000,5.12175000,1.46940000,0.29844762,0.38232785
735.80000000,5.12462000,1.46972000,0.29852926,0.38243240
736.00000000,5.12175000,1.41577000,0.29860941,0.38253318
736.20000000,5.12537000,1.50310000,0.29869049,0.38264018
736.40000000,5.12537000,1.50310000,0.29877400,0.38274710
736.60000000,5.12150000,1.42889000,0.29885544,0.38284877
736.80000000,5.12312000,1.42649000,0.29893476,0.38295028
737.00000000,5.12350000,1.41881000,0.29901380,0.38305125
737.20000000,5.12387000,1.41936000,0.29909263,0.38315226
737.40000000,5.12387000,1.41936000,0.29917149,0.38325322
737.60000000,5.12175000,1.40057000,0.29924982,0.38335287
737.80000000,5.12262000,1.42188000,0.29932822,0.38345404
738.00000000,5.12300000,1.45766000,0.29940821,0.38355776
738.20000000,5.12300000,1.45766000,0.29948919,0.38366147
738.40000000,5.12275000,1.43584000,0.29956956,0.38376363
738.60000000,5.12300000,1.45590000,0.29964989,0.38386724
738.80000000,5.12375000,1.50076000,0.29973202,0.38397402
739.00000000,5.12300000,1.44403000,0.29981382,0.38407677
739.20000000,5.12300000,1.44403000,0.29989404,0.38417950
739.40000000,5.12225000,1.36284000,0.29997201,0.38427648
739.60000000,5.12325000,1.43315000,0.30004968,0.38437846
739.80000000,5.12375000,1.45062000,0.30012978,0.38448169
740.00000000,5.12375000,1.45062000,0.30021037,0.38458492
740.20000000,5.12375000,1.45097000,0.30029097,0.38468817
740.40000000,5.12300000,1.40892000,0.30037041,0.38478838
740.60000000,5.12150000,1.45440000,0.30044995,0.38489188
740.80000000,5.12362000,1.47872000,0.30053143,0.38499711
741.00000000,5.12362000,1.47872000,0.30061358,0.38510232
741.20000000,5.12262000,1.49385000,0.30069615,0.38520864
741.40000000,5.12462000,1.61312000,0.30078245,0.38532341
741.60000000,5.12250000,1.60128000,0.30087174,0.38543733
741.80000000,5.12250000,1.60128000,0.30096070,0.38555130
742.00000000,5.12462000,1.49062000,0.30104659,0.38565739
742.20000000,5.12412000,1.50668000,0.30112985,0.38576458
742.40000000,5.12250000,1.48134000,0.30121285,0.38586997
742.60000000,5.12250000,1.48134000,0.30129514,0.38597538
742.80000000,5.12300000,1.49331000,0.30137777,0.38608165
743.00000000,5.12387000,1.50851000,0.30146116,0.38618895
743.20000000,5.12162000,1.53401000,0.30154567,0.38629812
743.40000000,5.12387000,1.46227000,0.30162890,0.38640218
743.60000000,5.12387000,1.46227000,0.30171014,0.38650621
743.80000000,5.12212000,1.46764000,0.30179152,0.38661063
744.00000000,5.12250000,1.45382000,0.30187268,0.38671408
744.20000000,5.12350000,1.46854000,0.30195385,0.38681858
744.40000000,5.12350000,1.46854000,0.30203544,0.38692308
744.60000000,5.12350000,1.51040000,0.30211819,0.38703055
744.80000000,5.12312000,1.45350000,0.30220052,0.38713397
745.00000000,5.12300000,1.49107000,0.30228231,0.38724005
745.20000000,5.12212000,1.43824000,0.30236368,0.38734237
745.40000000,5.12212000,1.43824000,0.30244358,0.38744470
745.60000000,5.12287000,1.51164000,0.30252552,0.38755226
745.80000000,5.12300000,1.43472000,0.30260737,0.38765435
746.00000000,5.12337000,1.43526000,0.30268709,0.38775648
746.20000000,5.12337000,1.43526000,0.30276683,0.38785857
746.40000000,5.12137000,1.47036000,0.30284754,0.38796321
746.60000000,5.12412000,1.41529000,0.30292769,0.38806388
746.80000000,5.12137000,1.52947000,0.30300949,0.38817270
747.00000000,5.12262000,1.47942000,0.30309307,0.38827796
747.20000000,5.12262000,1.47942000,0.30317526,0.38838325
747.40000000,5.12425000,1.46300000,0.30325700,0.38848735
747.60000000,5.12312000,1.52009000,0.30333986,0.38859551
747.80000000,5.12350000,1.47843000,0.30342315,0.38870072
748.00000000,5.12350000,1.47843000,0.30350529,0.38880594
748.20000000,5.12425000,1.47683000,0.30358738,0.38891103
748.40000000,5.12362000,1.48188000,0.30366956,0.38901647
748.60000000,5.12300000,1.46339000,0.30375138,0.38912061
748.80000000,5.12350000,1.49772000,0.30383363,0.38922718
749.00000000,5.12350000,1.49772000,0.30391684,0.38933373
749.20000000,5.12187000,1.47542000,0.30399942,0.38943870
749.40000000,5.12250000,1.52563000,0.30408279,0.38954727
749.60000000,5.12400000,1.49126000,0.30416659,0.38965340
749.80000000,5.12400000,1.49126000,0.30424944,0.38975952
750.00000000,5.12387000,1.50620000,0.30433270,0.38986668
750.20000000,5.12237000,1.55926000,0.30441785,0.38997766
750.40000000,5.12450000,1.46409000,0.30450183,0.39008186
750.60000000,5.12437000,1.51804000,0.30458467,0.39018990
750.80000000,5.12437000,1.51804000,0.30466901,0.39029789
751.00000000,5.12175000,1.57283000,0.30475486,0.39040985
751.20000000,5.12537000,1.52041000,0.30484079,0.39051804
751.40000000,5.12325000,1.41606000,0.30492236,0.39061880
751.60000000,5.12325000,1.41606000,0.30500103,0.39071957
751.80000000,5.12337000,1.44227000,0.30508042,0.39082214
752.00000000,5.12062000,1.42713000,0.30516013,0.39092373
752.20000000,5.12512000,1.50790000,0.30524166,0.39103101
752.40000000,5.12250000,1.41718000,0.30532291,0.39113183
752.60000000,5.12250000,1.41718000,0.30540164,0.39123271
752.80000000,5.12487000,1.47881000,0.30548209,0.39133791
753.00000000,5.12212000,1.43180000,0.30556294,0.39143975
753.20000000,5.12137000,1.45779000,0.30564320,0.39154345
753.40000000,5.12575000,1.48796000,0.30572503,0.39164938
753.60000000,5.12575000,1.48796000,0.30580769,0.39175524
753.80000000,5.12275000,1.49590000,0.30589058,0.39186170
754.00000000,5.12375000,1.44057000,0.30597215,0.39196420
754.20000000,5.12300000,1.50444000,0.30605395,0.39207124
754.40000000,5.12300000,1.50444000,0.30613753,0.39217830
754.60000000,5.12362000,1.54067000,0.30622212,0.39228792
754.80000000,5.12287000,1.51305000,0.30630695,0.39239557
755.00000000,5.12250000,1.45360000,0.30638935,0.39249898
755.20000000,5.12212000,1.49238000,0.30647119,0.39260515
755.40000000,5.12212000,1.49238000,0.30655410,0.39271136
755.60000000,5.12412000,1.48406000,0.30663677,0.39281696
755.80000000,5.12325000,1.47472000,0.30671896,0.39292190
756.00000000,5.12375000,1.44816000,0.30680015,0.39302495
756.20000000,5.12375000,1.44816000,0.30688061,0.39312800
756.40000000,5.12300000,1.47084000,0.30696169,0.39323266
756.60000000,5.12350000,1.48204000,0.30704371,0.39333811
756.80000000,5.12312000,1.43593000,0.30712477,0.39344029
757.00000000,5.12312000,1.43593000,0.30720454,0.39354246
757.20000000,5.12300000,1.38800000,0.30728299,0.39364123
757.40000000,5.12362000,1.45619000,0.30736199,0.39374484
757.60000000,5.12287000,1.50048000,0.30744412,0.39385160
757.80000000,5.12287000,1.50048000,0.30752748,0.39395834
758.00000000,5.12175000,1.50041000,0.30761084,0.39406514
758.20000000,5.12512000,1.41804000,0.30769191,0.39416605
758.40000000,5.12375000,1.46297000,0.30777194,0.39427014
758.60000000,5.12300000,1.49376000,0.30785407,0.39437643
758.80000000,5.12300000,1.49376000,0.30793705,0.39448274
759.00000000,5.12412000,1.47411000,0.30801949,0.39458763
759.20000000,5.12337000,1.42793000,0.30810011,0.39468922
759.40000000,5.12237000,1.44537000,0.30817992,0.39479205
759.60000000,5.12237000,1.44537000,0.30826022,0.39489489
759.80000000,5.12275000,1.44454000,0.30834049,0.39499768
760.00000000,5.12325000,1.44995000,0.30842090,0.39510085
760.20000000,5.12325000,1.51712000,0.30850331,0.39520880
760.40000000,5.12300000,1.53299000,0.30858804,0.39531787
760.60000000,5.12300000,1.53299000,0.30867321,0.39542696
760.80000000,5.12350000,1.47443000,0.30875675,0.39553184
761.00000000,5.12162000,1.53139000,0.30884024,0.39564088
761.20000000,5.12637000,1.50499000,0.30892458,0.39574794
761.40000000,5.12200000,1.48873000,0.30900774,0.39585385
761.60000000,5.12200000,1.48873000,0.30909045,0.39595978
761.80000000,5.12325000,1.41302000,0.30917105,0.39606031
762.00000000,5.12275000,1.42672000,0.30924994,0.39616180
762.20000000,5.12137000,1.36873000,0.30932759,0.39625915
762.40000000,5.12137000,1.36873000,0.30940363,0.39635652
762.60000000,5.12175000,1.52774000,0.30948409,0.39646523
762.80000000,5.12337000,1.42796000,0.30956619,0.39656678
763.00000000,5.12037000,1.42816000,0.30964553,0.39666845
763.20000000,5.12550000,1.42348000,0.30972474,0.39676978
763.40000000,5.12550000,1.42348000,0.30980382,0.39687106
763.60000000,5.12262000,1.48947000,0.30988474,0.39697704
763.80000000,5.12312000,1.47180000,0.30996699,0.39708175
764.00000000,5.12225000,1.52617000,0.31005027,0.39719033
764.20000000,5.12225000,1.52617000,0.31013506,0.39729890
764.40000000,5.12237000,1.39993000,0.31021634,0.39739852
764.60000000,5.12337000,1.40288000,0.31029419,0.39749830
764.80000000,5.12125000,1.54435000,0.31037606,0.39760822
765.00000000,5.12425000,1.45446000,0.31045936,0.39771173
765.20000000,5.12425000,1.45446000,0.31054016,0.39781519
765.40000000,5.12175000,1.44467000,0.31062070,0.39791798
765.60000000,5.12287000,1.47814000,0.31070188,0.39802317
765.80000000,5.12375000,1.39100000,0.31078158,0.39812211
766.00000000,5.12112000,1.44224000,0.31086028,0.39822469
766.20000000,5.12112000,1.44224000,0.31094041,0.39832727
766.40000000,5.12100000,1.49968000,0.31102213,0.39843403
766.60000000,5.12562000,1.48803000,0.31110512,0.39853989
766.80000000,5.12212000,1.41507000,0.31118576,0.39864056
767.00000000,5.12212000,1.41507000,0.31126438,0.39874126
767.20000000,5.12362000,1.41024000,0.31134286,0.39884159
767.40000000,5.12237000,1.41817000,0.31142143,0.39894250
767.60000000,5.12325000,1.44998000,0.31150110,0.39904567
767.80000000,5.12212000,1.41187000,0.31158059,0.39914612
768.00000000,5.12212000,1.41187000,0.31165903,0.39924659
768.20000000,5.12387000,1.44035000,0.31173826,0.39934903
768.40000000,5.12062000,1.48246000,0.31181945,0.39945455
768.60000000,5.12500000,1.47225000,0.31190152,0.39955935
768.80000000,5.12500000,1.47225000,0.31198331,0.39966408
769.00000000,5.12187000,1.43075000,0.31206395,0.39976587
769.20000000,5.12237000,1.48172000,0.31214485,0.39987128
769.40000000,5.12200000,1.50144000,0.31222772,0.39997809
769.60000000,5.12450000,1.45657000,0.31230989,0.40008176
769.80000000,5.12450000,1.45657000,0.31239081,0.40018537
770.00000000,5.12200000,1.47849000,0.31247234,0.40029058
770.20000000,5.12312000,1.44793000,0.31255363,0.40039360
770.40000000,5.12325000,1.49817000,0.31263546,0.40050021
770.60000000,5.12325000,1.49817000,0.31271869,0.40060679
770.80000000,5.12225000,1.46534000,0.31280101,0.40071108
771.00000000,5.12412000,1.49158000,0.31288315,0.40081722
771.20000000,5.12387000,1.53862000,0.31296732,0.40092672
771.40000000,5.12387000,1.53862000,0.31305280,0.40103621
771.60000000,5.12375000,1.44857000,0.31313578,0.40113928
771.80000000,5.12287000,1.43913000,0.31321599,0.40124169
772.00000000,5.12350000,1.43148000,0.31329573,0.40134355
772.20000000,5.12075000,1.42761000,0.31337515,0.40144508
772.40000000,5.12075000,1.42761000,0.31345446,0.40154669
772.60000000,5.12425000,1.44672000,0.31353431,0.40164966
772.80000000,5.12450000,1.40230000,0.31361344,0.40174941
773.00000000,5.12187000,1.40336000,0.31369138,0.40184924
773.20000000,5.12187000,1.40336000,0.31376934,0.40194910
773.40000000,5.12325000,1.47280000,0.31384924,0.40205387
773.60000000,5.12200000,1.45766000,0.31393064,0.40215760
773.80000000,5.12325000,1.45516000,0.31401155,0.40226114
774.00000000,5.12312000,1.46534000,0.31409268,0.40236540
774.20000000,5.12312000,1.46534000,0.31417408,0.40246965
774.40000000,5.12237000,1.42630000,0.31425441,0.40257113
774.60000000,5.12262000,1.46880000,0.31433483,0.40267561
774.80000000,5.12162000,1.42300000,0.31441515,0.40277683
775.00000000,5.12162000,1.42300000,0.31449421,0.40287809
775.20000000,5.12312000,1.33968000,0.31457095,0.40297340
775.40000000,5.12262000,1.40896000,0.31464730,0.40307364
775.60000000,5.12225000,1.45164000,0.31472676,0.40317691
775.80000000,5.12237000,1.41526000,0.31480640,0.40327760
776.00000000,5.12237000,1.41526000,0.31488502,0.40337827
776.20000000,5.12162000,1.45936000,0.31496488,0.40348212
776.40000000,5.12337000,1.49523000,0.31504695,0.40358850
776.60000000,5.12237000,1.39952000,0.31512736,0.40368806
776.80000000,5.12237000,1.39952000,0.31520511,0.40378760
777.00000000,5.12062000,1.44803000,0.31528421,0.40389063
777.20000000,5.12300000,1.45404000,0.31536482,0.40399411
777.40000000,5.12437000,1.45724000,0.31544569,0.40409777
777.60000000,5.12150000,1.45875000,0.31552669,0.40420153
777.80000000,5.12150000,1.45875000,0.31560773,0.40430536
778.00000000,5.12450000,1.51955000,0.31569046,0.40441349
778.20000000,5.12337000,1.51152000,0.31577466,0.40452102
778.40000000,5.12237000,1.46467000,0.31585733,0.40462523
778.60000000,5.12237000,1.46467000,0.31593870,0.40472945
778.80000000,5.12350000,1.47302000,0.31602030,0.40483427
779.00000000,5.12325000,1.57548000,0.31610498,0.40494637
779.20000000,5.12300000,1.43779000,0.31618868,0.40504866
779.40000000,5.12262000,1.46377000,0.31626928,0.40515280
779.60000000,5.12262000,1.46377000,0.31635060,0.40525696
779.80000000,5.12325000,1.47552000,0.31643225,0.40536196
780.00000000,5.12350000,1.44697000,0.31651343,0.40546492
780.20000000,5.12337000,1.49155000,0.31659506,0.40557106
780.40000000,5.12175000,1.41468000,0.31667579,0.40567169
780.60000000,5.12175000,1.41468000,0.31675438,0.40577237
780.80000000,5.12400000,1.47276000,0.31683459,0.40587718
781.00000000,5.12387000,1.50832000,0.31691739,0.40598449
781.20000000,5.12250000,1.37590000,0.31699751,0.40608238
781.40000000,5.12250000,1.37590000,0.31707395,0.40618026
781.60000000,5.12237000,1.37804000,0.31715045,0.40627831
781.80000000,5.12250000,1.41251000,0.31722796,0.40637877
782.00000000,5.12112000,1.36729000,0.31730518,0.40647602
782.20000000,5.12350000,1.40691000,0.31738224,0.40657614
782.40000000,5.12350000,1.40691000,0.31746040,0.40667624
782.60000000,5.12250000,1.43721000,0.31753941,0.40677848
782.80000000,5.12237000,1.47852000,0.31762040,0.40688369
783.00000000,5.12337000,1.42931000,0.31770117,0.40698540
783.20000000,5.12337000,1.42931000,0.31778058,0.40708710
783.40000000,5.12312000,1.42160000,0.31785977,0.40718824
783.60000000,5.12237000,1.46227000,0.31793988,0.40729228
783.80000000,5.12262000,1.45657000,0.31802096,0.40739591
784.00000000,5.12262000,1.45657000,0.31810188,0.40749954
784.20000000,5.12275000,1.45376000,0.31818272,0.40760294
784.40000000,5.12100000,1.45472000,0.31826351,0.40770644
784.60000000,5.12250000,1.43539000,0.31834379,0.40780856
784.80000000,5.12137000,1.42467000,0.31842324,0.40790990
785.00000000,5.12137000,1.42467000,0.31850239,0.40801125
785.20000000,5.12225000,1.45232000,0.31858230,0.40811455
785.40000000,5.12125000,1.36947000,0.31866068,0.40821198
785.60000000,5.12250000,1.40201000,0.31873767,0.40831173
785.80000000,5.12250000,1.40201000,0.31881556,0.40841147
786.00000000,5.12225000,1.42400000,0.31889406,0.40851278
786.20000000,5.12200000,1.44083000,0.31897364,0.40861529
786.40000000,5.12287000,1.42115000,0.31905314,0.40871641
786.60000000,5.12287000,1.42115000,0.31913209,0.40881750
786.80000000,5.12150000,1.45913000,0.31921210,0.40892134
787.00000000,5.12400000,1.46352000,0.31929328,0.40902544
787.20000000,5.12137000,1.47270000,0.31937484,0.40913021
787.40000000,5.12225000,1.38150000,0.31945413,0.40922849
787.60000000,5.12225000,1.38150000,0.31953088,0.40932675
787.80000000,5.12100000,1.41200000,0.31960848,0.40942720
788.00000000,5.12212000,1.48806000,0.31968903,0.40953308
788.20000000,5.12275000,1.49113000,0.31977179,0.40963917
788.40000000,5.12275000,1.49113000,0.31985463,0.40974526
788.60000000,5.12262000,1.47744000,0.31993709,0.40985039
788.80000000,5.12300000,1.47209000,0.32001902,0.40995512
789.00000000,5.12262000,1.52656000,0.32010232,0.41006374
789.20000000,5.12300000,1.47494000,0.32018569,0.41016869
789.40000000,5.12300000,1.47494000,0.32026763,0.41027361
789.60000000,5.12200000,1.45113000,0.32034891,0.41037686
789.80000000,5.12300000,1.48435000,0.32043045,0.41048246
790.00000000,5.12225000,1.46643000,0.32051242,0.41058679
790.20000000,5.12237000,1.44963000,0.32059342,0.41068992
790.40000000,5.12237000,1.44963000,0.32067396,0.41079304
790.60000000,5.12150000,1.39708000,0.32075303,0.41089244
790.80000000,5.12287000,1.44105000,0.32083187,0.41099500
791.00000000,5.12425000,1.59945000,0.32091633,0.41110884
791.20000000,5.12425000,1.59945000,0.32100518,0.41122264
791.40000000,5.12300000,1.41168000,0.32108883,0.41132305
791.60000000,5.12112000,1.43667000,0.32116795,0.41142526
791.80000000,5.12262000,1.34409000,0.32124519,0.41152090
792.00000000,5.12325000,1.52432000,0.32132487,0.41162937
792.20000000,5.12325000,1.52432000,0.32140955,0.41173781
792.40000000,5.12225000,1.41059000,0.32149108,0.41183815
792.60000000,5.12125000,1.46054000,0.32157083,0.41194208
792.80000000,5.12337000,1.40684000,0.32165048,0.41204218
793.00000000,5.12337000,1.40684000,0.32172864,0.41214226
793.20000000,5.12162000,1.45734000,0.32180820,0.41224595
793.40000000,5.12287000,1.37936000,0.32188700,0.41234408
793.60000000,5.12250000,1.45267000,0.32196567,0.41244739
793.80000000,5.12012000,1.39545000,0.32204478,0.41254662
794.00000000,5.12012000,1.39545000,0.32212230,0.41264589
794.20000000,5.12200000,1.37308000,0.32219921,0.41274356
794.40000000,5.12162000,1.54051000,0.32228014,0.41285320
794.60000000,5.12400000,1.42931000,0.32236264,0.41295492
794.80000000,5.12400000,1.42931000,0.32244204,0.41305661
795.00000000,5.12262000,1.39894000,0.32252060,0.41315616
795.20000000,5.12362000,1.40179000,0.32259840,0.41325585
795.40000000,5.12050000,1.49740000,0.32267894,0.41336234
795.60000000,5.12387000,1.40304000,0.32275950,0.41346219
795.80000000,5.12387000,1.40304000,0.32283745,0.41356202
796.00000000,5.12287000,1.46326000,0.32291707,0.41366614
796.20000000,5.12337000,1.45110000,0.32299802,0.41376936
796.40000000,5.12150000,1.38006000,0.32307667,0.41386753
796.60000000,5.12150000,1.38006000,0.32315334,0.41396573
796.80000000,5.12362000,1.51334000,0.32323371,0.41407343
797.00000000,5.12375000,1.53001000,0.32331825,0.41418231
797.20000000,5.12387000,1.46995000,0.32340158,0.41428692
797.40000000,5.12387000,1.46995000,0.32348324,0.41439151
797.60000000,5.12287000,1.48278000,0.32356526,0.41449702
797.80000000,5.12362000,1.49040000,0.32364785,0.41460310
798.00000000,5.12425000,1.50240000,0.32373099,0.41471002
798.20000000,5.12425000,1.50240000,0.32381445,0.41481695
798.40000000,5.12425000,1.52134000,0.32389844,0.41492517
798.60000000,5.12175000,1.54067000,0.32398350,0.41503481
798.80000000,5.12400000,1.43062000,0.32406604,0.41513663
799.00000000,5.12400000,1.40704000,0.32414486,0.41523676
799.20000000,5.12400000,1.40704000,0.32422303,0.41533687
799.40000000,5.12262000,1.45132000,0.32430243,0.41544014
799.60000000,5.12350000,1.51232000,0.32438475,0.41554775
799.80000000,5.12287000,1.49363000,0.32446825,0.41565404
800.00000000,5.12400000,1.49500000,0.32455127,0.41576044
800.20000000,5.12400000,1.49500000,0.32463432,0.41586683
800.40000000,5.12375000,1.43955000,0.32471584,0.41596929
800.60000000,5.12487000,1.46294000,0.32479646,0.41607338
800.80000000,5.12300000,1.52819000,0.32487955,0.41618212
801.00000000,5.12300000,1.52819000,0.32496445,0.41629086
801.20000000,5.12350000,1.48761000,0.32504822,0.41639673
801.40000000,5.12387000,1.50499000,0.32513135,0.41650383
801.60000000,5.12375000,1.49030000,0.32521455,0.41660986
801.80000000,5.12275000,1.46521000,0.32529665,0.41671411
802.00000000,5.12275000,1.46521000,0.32537805,0.41681836
802.20000000,5.12250000,1.43155000,0.32545852,0.41692022
802.40000000,5.12325000,1.38547000,0.32553677,0.41701882
802.60000000,5.12400000,1.44716000,0.32561545,0.41712181
802.80000000,5.12400000,1.44716000,0.32569585,0.41722481
803.00000000,5.12450000,1.51801000,0.32577821,0.41733281
803.20000000,5.12237000,1.38825000,0.32585894,0.41743158
803.40000000,5.12275000,1.41059000,0.32593669,0.41753196
803.60000000,5.12362000,1.44707000,0.32601607,0.41763493
803.80000000,5.12362000,1.44707000,0.32609646,0.41773789
804.00000000,5.12275000,1.43200000,0.32617644,0.41783979
804.20000000,5.12325000,1.41091000,0.32625541,0.41794015
804.40000000,5.12150000,1.36336000,0.32633247,0.41803713
804.60000000,5.12150000,1.36336000,0.32640821,0.41813415
804.80000000,5.12400000,1.44124000,0.32648612,0.41823670
805.00000000,5.12275000,1.39971000,0.32656503,0.41833629
805.20000000,5.12325000,1.40620000,0.32664297,0.41843635
805.40000000,5.12162000,1.42102000,0.32672151,0.41853744
805.60000000,5.12162000,1.42102000,0.32680045,0.41863854
805.80000000,5.12262000,1.45657000,0.32688039,0.41874218
806.00000000,5.12312000,1.43017000,0.32696057,0.41884394
806.20000000,5.12400000,1.43689000,0.32704021,0.41894620
806.40000000,5.12400000,1.43689000,0.32712004,0.41904844
806.60000000,5.12300000,1.41616000,0.32719929,0.41914920
806.80000000,5.12300000,1.44396000,0.32727874,0.41925194
807.00000000,5.12275000,1.42473000,0.32735843,0.41935331
807.20000000,5.12275000,1.42473000,0.32743758,0.41945467
807.40000000,5.12250000,1.44918000,0.32751741,0.41955782
807.60000000,5.12450000,1.46048000,0.32759823,0.41966174
807.80000000,5.12312000,1.50851000,0.32768070,0.41976907
808.00000000,5.12325000,1.47212000,0.32776350,0.41987382
808.20000000,5.12325000,1.47212000,0.32784528,0.41997855
808.40000000,5.12225000,1.47670000,0.32792720,0.42008364
808.60000000,5.12375000,1.48972000,0.32800960,0.42018968
808.80000000,5.12487000,1.51872000,0.32809316,0.42029778
809.00000000,5.12487000,1.51872000,0.32817754,0.42040582
809.20000000,5.12225000,1.42073000,0.32825919,0.42050693
809.40000000,5.12375000,1.45683000,0.32833912,0.42061059
809.60000000,5.12337000,1.42003000,0.32841903,0.42071163
809.80000000,5.12287000,1.44528000,0.32849863,0.42081446
810.00000000,5.12287000,1.44528000,0.32857892,0.42091734
810.20000000,5.12537000,1.47820000,0.32866013,0.42102250
810.40000000,5.12200000,1.44822000,0.32874142,0.42112553
810.60000000,5.12225000,1.43513000,0.32882151,0.42122763
810.80000000,5.12225000,1.43513000,0.32890124,0.42132974
811.00000000,5.12287000,1.44227000,0.32898117,0.42143239
811.20000000,5.12425000,1.48608000,0.32906251,0.42153812
811.40000000,5.12287000,1.51104000,0.32914576,0.42164564
811.60000000,5.12287000,1.46387000,0.32922840,0.42174979
811.80000000,5.12287000,1.46387000,0.32930973,0.42185396
812.00000000,5.12362000,1.46416000,0.32939106,0.42195814
812.20000000,5.12287000,1.47238000,0.32947263,0.42206291
812.40000000,5.12337000,1.39862000,0.32955238,0.42216243
812.60000000,5.12337000,1.39862000,0.32963008,0.42226193
812.80000000,5.12225000,1.46723000,0.32970969,0.42236632
813.00000000,5.12237000,1.37664000,0.32978868,0.42246427
813.20000000,5.12312000,1.56076000,0.32987028,0.42257540
813.40000000,5.12625000,1.58569000,0.32995768,0.42268829
813.60000000,5.12625000,1.58569000,0.33004577,0.42280114
813.80000000,5.12375000,1.47241000,0.33013072,0.42290592
814.00000000,5.12387000,1.49107000,0.33021304,0.42301204
814.20000000,5.12412000,1.44835000,0.33029469,0.42311511
814.40000000,5.12350000,1.45600000,0.33037537,0.42321872
814.60000000,5.12350000,1.45600000,0.33045626,0.42332234
814.80000000,5.12412000,1.46470000,0.33053739,0.42342658
815.00000000,5.12400000,1.41097000,0.33061727,0.42352698
815.20000000,5.12325000,1.44361000,0.33069656,0.42362970
815.40000000,5.12325000,1.44361000,0.33077676,0.42373243
815.60000000,5.12362000,1.43568000,0.33085674,0.42383460
815.80000000,5.12400000,1.60598000,0.33094123,0.42394890
816.00000000,5.12437000,1.55561000,0.33102905,0.42405957
816.20000000,5.12225000,1.44185000,0.33111232,0.42416215
816.40000000,5.12225000,1.44185000,0.33119242,0.42426476
816.60000000,5.12362000,1.46598000,0.33127319,0.42436906
816.80000000,5.12287000,1.43219000,0.33135370,0.42447099
817.00000000,5.12412000,1.60156000,0.33143797,0.42458497
817.20000000,5.12412000,1.60156000,0.33152694,0.42469895
817.40000000,5.12400000,1.43401000,0.33161126,0.42480098
817.60000000,5.12325000,1.48147000,0.33169225,0.42490642
817.80000000,5.12425000,1.56361000,0.33177684,0.42501770
818.00000000,5.12400000,1.48259000,0.33186145,0.42512321
818.20000000,5.12400000,1.48259000,0.33194382,0.42522873
818.40000000,5.12400000,1.49244000,0.33202646,0.42533492
818.60000000,5.12325000,1.49593000,0.33210947,0.42544138
818.80000000,5.12412000,1.50704000,0.33219288,0.42554864
819.00000000,5.12412000,1.50704000,0.33227661,0.42565585
819.20000000,5.12237000,1.46697000,0.33235922,0.42576023
819.40000000,5.12287000,1.44739000,0.33244017,0.42586324
819.60000000,5.12400000,1.47801000,0.33252144,0.42596842
819.80000000,5.12400000,1.47801000,0.33260355,0.42607357
820.00000000,5.12212000,1.45596000,0.33268505,0.42617716
820.20000000,5.12275000,1.44937000,0.33276575,0.42628029
820.40000000,5.12325000,1.46563000,0.33284672,0.42638458
820.60000000,5.12350000,1.43507000,0.33292730,0.42648670
820.80000000,5.12350000,1.43507000,0.33300702,0.42658881
821.00000000,5.12262000,1.44486000,0.33308702,0.42669162
821.20000000,5.12325000,1.42473000,0.33316673,0.42679298
821.40000000,5.12237000,1.45193000,0.33324664,0.42689627
821.60000000,5.12237000,1.45193000,0.33332730,0.42699959
821.80000000,5.12362000,1.43452000,0.33340748,0.42710166
822.00000000,5.12275000,1.42905000,0.33348703,0.42720336
822.20000000,5.12400000,1.42320000,0.33356625,0.42730465
822.40000000,5.12362000,1.43632000,0.33364569,0.42740686
822.60000000,5.12362000,1.43632000,0.33372548,0.42750907
822.80000000,5.12387000,1.46867000,0.33380618,0.42761358
823.00000000,5.12350000,1.43433000,0.33388681,0.42771562
823.20000000,5.12225000,1.45238000,0.33396700,0.42781895
823.40000000,5.12225000,1.45238000,0.33404769,0.42792226
823.60000000,5.12162000,1.45641000,0.33412849,0.42802592
823.80000000,5.12450000,1.44288000,0.33420902,0.42812860
824.00000000,5.12400000,1.47692000,0.33429013,0.42823370
824.20000000,5.12362000,1.51734000,0.33437330,0.42834168
824.40000000,5.12362000,1.51734000,0.33445760,0.42844968
824.60000000,5.12462000,1.52003000,0.33454197,0.42855784
824.80000000,5.12350000,1.48979000,0.33462558,0.42866385
825.00000000,5.12312000,1.42908000,0.33470666,0.42876553
825.20000000,5.12312000,1.42908000,0.33478605,0.42886723
825.40000000,5.12350000,1.45734000,0.33486623,0.42897093
825.60000000,5.12362000,1.43056000,0.33494645,0.42907274
825.80000000,5.12375000,1.43958000,0.33502617,0.42917518
826.00000000,5.12375000,1.46009000,0.33510672,0.42927909
826.20000000,5.12375000,1.46009000,0.33518784,0.42938296
826.40000000,5.12237000,1.44163000,0.33526844,0.42948555
826.60000000,5.12362000,1.45238000,0.33534883,0.42958890
826.80000000,5.12337000,1.38329000,0.33542760,0.42968733
827.00000000,5.12337000,1.38329000,0.33550445,0.42978576
827.20000000,5.12325000,1.53548000,0.33558552,0.42989505
827.40000000,5.12450000,1.42646000,0.33566780,0.42999653
827.60000000,5.12237000,1.37990000,0.33574575,0.43009472
827.80000000,5.12337000,1.45177000,0.33582441,0.43019803
828.00000000,5.12337000,1.45177000,0.33590507,0.43030135
828.20000000,5.12425000,1.56707000,0.33598892,0.43041286
828.40000000,5.12350000,1.51417000,0.33607451,0.43052061
828.60000000,5.12362000,1.48185000,0.33615774,0.43062606
828.80000000,5.12362000,1.48185000,0.33624006,0.43073155
829.00000000,5.12537000,1.50908000,0.33632314,0.43083894
829.20000000,5.12400000,1.45968000,0.33640561,0.43094281
829.40000000,5.12325000,1.59401000,0.33649043,0.43105625
829.60000000,5.12412000,1.49116000,0.33657613,0.43116238
829.80000000,5.12412000,1.49116000,0.33665897,0.43126847
830.00000000,5.12287000,1.39868000,0.33673925,0.43136797
830.20000000,5.12162000,1.44374000,0.33681820,0.43147074
830.40000000,5.12550000,1.47001000,0.33689914,0.43157527
830.60000000,5.11950000,1.40531000,0.33697901,0.43167519
830.80000000,5.11950000,1.40531000,0.33705708,0.43177520
831.00000000,5.12375000,1.39939000,0.33713499,0.43187479
831.20000000,5.12400000,1.58144000,0.33721779,0.43198732
831.40000000,5.12325000,1.45142000,0.33730204,0.43209059
831.60000000,5.12325000,1.45142000,0.33738267,0.43219390
831.80000000,5.12450000,1.60809000,0.33746766,0.43230833
832.00000000,5.12375000,1.41328000,0.33755159,0.43240888
832.20000000,5.12225000,1.45785000,0.33763134,0.43251259
832.40000000,5.12225000,1.45785000,0.33771233,0.43261632
832.60000000,5.12287000,1.44496000,0.33779297,0.43271914
832.80000000,5.12325000,1.45280000,0.33787346,0.43282253
833.00000000,5.12387000,1.44819000,0.33795404,0.43292557
833.20000000,5.12312000,1.44611000,0.33803444,0.43302847
833.40000000,5.12312000,1.44611000,0.33811478,0.43313136
833.60000000,5.12275000,1.51363000,0.33819699,0.43323910
833.80000000,5.12487000,1.42403000,0.33827860,0.43334041
834.00000000,5.12275000,1.52220000,0.33836043,0.43344872
834.20000000,5.12275000,1.52220000,0.33844500,0.43355705
834.40000000,5.12412000,1.42636000,0.33852691,0.43365856
834.60000000,5.12375000,1.39673000,0.33860533,0.43375794
834.80000000,5.12312000,1.45888000,0.33868465,0.43386174
835.00000000,5.12312000,1.45888000,0.33876570,0.43396554
835.20000000,5.12250000,1.49584000,0.33884777,0.43407202
835.40000000,5.12525000,1.58124000,0.33893325,0.43418459
835.60000000,5.12587000,1.53248000,0.33901974,0.43429364
835.80000000,5.12362000,1.47609000,0.33910331,0.43439868
836.00000000,5.12362000,1.47609000,0.33918532,0.43450372
836.20000000,5.12362000,1.47241000,0.33926722,0.43460850
836.40000000,5.12325000,1.43459000,0.33934797,0.43471057
836.60000000,5.12275000,1.49219000,0.33942927,0.43481673
836.80000000,5.12275000,1.49219000,0.33951217,0.43492293
837.00000000,5.12412000,1.46259000,0.33959424,0.43502703
837.20000000,5.12450000,1.52284000,0.33967717,0.43513538
837.40000000,5.12287000,1.53123000,0.33976201,0.43524432
837.60000000,5.12262000,1.38083000,0.33984290,0.43534257
837.80000000,5.12262000,1.38083000,0.33991961,0.43544084
838.00000000,5.12412000,1.54300000,0.34000083,0.43555062
838.20000000,5.12262000,1.43068000,0.34008343,0.43565240
838.40000000,5.12225000,1.40819000,0.34016229,0.43575260
838.60000000,5.12337000,1.52582000,0.34024379,0.43586118
838.80000000,5.12337000,1.52582000,0.34032856,0.43596972
839.00000000,5.12200000,1.43104000,0.34041069,0.43607156
839.20000000,5.12387000,1.42233000,0.34048995,0.43617275
839.40000000,5.12212000,1.43068000,0.34056920,0.43627453
839.60000000,5.12212000,1.43068000,0.34064868,0.43637633
839.80000000,5.12337000,1.49174000,0.34072986,0.43648247
840.00000000,5.12262000,1.44390000,0.34081141,0.43658521
840.20000000,5.12337000,1.48934000,0.34089289,0.43669115
840.40000000,5.12162000,1.47404000,0.34097520,0.43679601
840.60000000,5.12162000,1.47404000,0.34105709,0.43690088
840.80000000,5.12250000,1.47065000,0.34113889,0.43700554
841.00000000,5.12425000,1.42172000,0.34121923,0.43710670
841.20000000,5.12287000,1.47910000,0.34129981,0.43721194
841.40000000,5.12287000,1.47910000,0.34138199,0.43731718
841.60000000,5.12287000,1.42790000,0.34146274,0.43741878
841.80000000,5.12300000,1.43996000,0.34154240,0.43752125
842.00000000,5.12362000,1.44838000,0.34162263,0.43762431
842.20000000,5.12300000,1.40614000,0.34170192,0.43772436
842.40000000,5.12300000,1.40614000,0.34178004,0.43782440
842.60000000,5.12287000,1.39161000,0.34185776,0.43792343
842.80000000,5.12350000,1.42726000,0.34193606,0.43802497
843.00000000,5.12212000,1.39737000,0.34201452,0.43812438
843.20000000,5.12212000,1.39737000,0.34209215,0.43822383
843.40000000,5.12425000,1.38537000,0.34216945,0.43832244
843.60000000,5.12487000,1.45331000,0.34224830,0.43842586
843.80000000,5.12362000,1.46102000,0.34232926,0.43852983
844.00000000,5.12387000,1.43635000,0.34240974,0.43863205
844.20000000,5.12387000,1.43635000,0.34248954,0.43873425
844.40000000,5.12312000,1.48067000,0.34257056,0.43883963
844.60000000,5.12437000,1.43516000,0.34265156,0.43894172
844.80000000,5.12187000,1.45177000,0.34273175,0.43904500
845.00000000,5.12187000,1.45177000,0.34281241,0.43914828
845.20000000,5.12212000,1.51664000,0.34289486,0.43925626
845.40000000,5.12637000,1.54822000,0.34298000,0.43936646
845.60000000,5.12487000,1.42489000,0.34306258,0.43946789
845.80000000,5.12487000,1.42489000,0.34314174,0.43956927
846.00000000,5.12300000,1.46163000,0.34322192,0.43967329
846.20000000,5.12400000,1.51129000,0.34330451,0.43978087
846.40000000,5.12525000,1.42896000,0.34338618,0.43988259
846.60000000,5.12212000,1.44998000,0.34346615,0.43998574
846.80000000,5.12212000,1.44998000,0.34354670,0.44008894
847.00000000,5.12437000,1.43702000,0.34362690,0.44019119
847.20000000,5.12337000,1.43161000,0.34370658,0.44029306
847.40000000,5.12337000,1.45084000,0.34378665,0.44039630
847.60000000,5.12337000,1.45084000,0.34386725,0.44049954
847.80000000,5.12325000,1.44582000,0.34394772,0.44060241
848.00000000,5.12287000,1.43548000,0.34402775,0.44070456
848.20000000,5.12337000,1.45180000,0.34410795,0.44080789
848.40000000,5.12487000,1.50576000,0.34419011,0.44091507
848.60000000,5.12487000,1.50576000,0.34427376,0.44102220
848.80000000,5.12225000,1.42297000,0.34435512,0.44112345
849.00000000,5.12337000,1.42384000,0.34443419,0.44122476
849.20000000,5.12287000,1.45452000,0.34451415,0.44132825
849.40000000,5.12287000,1.45452000,0.34459495,0.44143176
849.60000000,5.12412000,1.44694000,0.34467555,0.44153473
849.80000000,5.12362000,1.46969000,0.34475657,0.44163931
850.00000000,5.12350000,1.45616000,0.34483784,0.44174291
850.20000000,5.12225000,1.42777000,0.34491795,0.44184448
850.40000000,5.12225000,1.42777000,0.34499727,0.44194603
850.60000000,5.12087000,1.39168000,0.34507559,0.44204510
850.80000000,5.12525000,1.54940000,0.34515729,0.44215534
851.00000000,5.12312000,1.47568000,0.34524132,0.44226034
851.20000000,5.12312000,1.47568000,0.34532330,0.44236539
851.40000000,5.12537000,1.47318000,0.34540521,0.44247022
851.60000000,5.12362000,1.40844000,0.34548526,0.44257041
851.80000000,5.12150000,1.43177000,0.34556415,0.44267229
852.00000000,5.12325000,1.43443000,0.34564377,0.44277436
852.20000000,5.12325000,1.43443000,0.34572346,0.44287643
852.40000000,5.12337000,1.45113000,0.34580361,0.44297971
852.60000000,5.12450000,1.52448000,0.34588627,0.44308818
852.80000000,5.12287000,1.44848000,0.34596885,0.44319124
853.00000000,5.12287000,1.44848000,0.34604932,0.44329432
853.20000000,5.12362000,1.47593000,0.34613056,0.44339932
853.40000000,5.12250000,1.41596000,0.34621089,0.44350008
853.60000000,5.12362000,1.56694000,0.34629374,0.44361158
853.80000000,5.12300000,1.47539000,0.34637825,0.44371655
854.00000000,5.12300000,1.47539000,0.34646022,0.44382155
854.20000000,5.12387000,1.47644000,0.34654221,0.44392660
854.40000000,5.12287000,1.46931000,0.34662404,0.44403115
854.60000000,5.12325000,1.50348000,0.34670662,0.44413813
854.80000000,5.12187000,1.50956000,0.34679031,0.44424552
855.00000000,5.12187000,1.50956000,0.34687418,0.44435293
855.20000000,5.12312000,1.45126000,0.34695642,0.44445619
855.40000000,5.12312000,1.37254000,0.34703486,0.44455381
855.60000000,5.12075000,1.42976000,0.34711270,0.44465550
855.80000000,5.12075000,1.42976000,0.34719214,0.44475723
856.00000000,5.12300000,1.41126000,0.34727105,0.44485767
856.20000000,5.12412000,1.48102000,0.34735139,0.44496303
856.40000000,5.12237000,1.49756000,0.34743413,0.44506964
856.60000000,5.12562000,1.52732000,0.34751816,0.44517837
856.80000000,5.12562000,1.52732000,0.34760301,0.44528702
857.00000000,5.12187000,1.50963000,0.34768737,0.44539449
857.20000000,5.12562000,1.51433000,0.34777137,0.44550229
857.40000000,5.12400000,1.44412000,0.34785355,0.44560507
857.60000000,5.12400000,1.44412000,0.34793377,0.44570780
857.80000000,5.12212000,1.39360000,0.34801260,0.44580698
858.00000000,5.12387000,1.49376000,0.34809280,0.44591324
858.20000000,5.12212000,1.45145000,0.34817462,0.44601650
858.40000000,5.12300000,1.46739000,0.34825569,0.44612091
858.60000000,5.12300000,1.46739000,0.34833722,0.44622535
858.80000000,5.12437000,1.48124000,0.34841912,0.44633076
859.00000000,5.12387000,1.43196000,0.34850004,0.44643266
859.20000000,5.12362000,1.45673000,0.34858029,0.44653632
859.40000000,5.12362000,1.45673000,0.34866122,0.44664001
859.60000000,5.12462000,1.50352000,0.34874344,0.44674700
859.80000000,5.12350000,1.42963000,0.34882492,0.44684872
860.00000000,5.12287000,1.44006000,0.34890463,0.44695118
860.20000000,5.12350000,1.47072000,0.34898549,0.44705583
860.40000000,5.12350000,1.47072000,0.34906720,0.44716047
860.60000000,5.12250000,1.40812000,0.34914716,0.44726066
860.80000000,5.12300000,1.43971000,0.34922627,0.44736310
861.00000000,5.12025000,1.46972000,0.34930709,0.44746762
861.20000000,5.12025000,1.46972000,0.34938874,0.44757224
861.40000000,5.12550000,1.48569000,0.34947083,0.44767795
861.60000000,5.12262000,1.40092000,0.34955102,0.44777762
861.80000000,5.12287000,1.45382000,0.34963032,0.44788106
862.00000000,5.12287000,1.45382000,0.34971108,0.44798453
862.20000000,5.12387000,1.47145000,0.34979234,0.44808921
862.40000000,5.12250000,1.43219000,0.34987300,0.44819112
862.60000000,5.12300000,1.41523000,0.34995209,0.44829181
862.80000000,5.12300000,1.41523000,0.35003072,0.44839249
863.00000000,5.12200000,1.41856000,0.35010943,0.44849341
863.20000000,5.12225000,1.44934000,0.35018910,0.44859655
863.40000000,5.12362000,1.46000000,0.35026991,0.44870045
863.60000000,5.12387000,1.46716000,0.35035122,0.44880486
863.80000000,5.12387000,1.46716000,0.35043273,0.44890923
864.00000000,5.12175000,1.45376000,0.35051387,0.44901265
864.20000000,5.12237000,1.42787000,0.35059391,0.44911422
864.40000000,5.12125000,1.44108000,0.35067361,0.44921676
864.60000000,5.12337000,1.48192000,0.35075480,0.44932221
864.80000000,5.12337000,1.48192000,0.35083713,0.44942768
865.00000000,5.12425000,1.46745000,0.35091906,0.44953211
865.20000000,5.12375000,1.47248000,0.35100072,0.44963688
865.40000000,5.12325000,1.42460000,0.35108120,0.44973825
865.60000000,5.12325000,1.42460000,0.35116034,0.44983965
865.80000000,5.12487000,1.50672000,0.35124177,0.44994687
866.00000000,5.12350000,1.46352000,0.35132427,0.45005101
866.20000000,5.12325000,1.49667000,0.35140650,0.45015753
866.40000000,5.12412000,1.55849000,0.35149137,0.45026844
866.60000000,5.12412000,1.55849000,0.35157795,0.45037931
866.80000000,5.12187000,1.46864000,0.35166203,0.45048388
867.00000000,5.12662000,1.45276000,0.35174318,0.45058723
867.20000000,5.12212000,1.43936000,0.35182352,0.45068963
867.40000000,5.12212000,1.43936000,0.35190349,0.45079205
867.60000000,5.12325000,1.43305000,0.35198328,0.45089400
867.80000000,5.12237000,1.52992000,0.35206558,0.45100287
868.00000000,5.12350000,1.52556000,0.35215045,0.45111143
868.20000000,5.12375000,1.47526000,0.35223381,0.45121641
868.40000000,5.12375000,1.47526000,0.35231577,0.45132140
868.60000000,5.12387000,1.44960000,0.35239702,0.45142452
868.80000000,5.12200000,1.44662000,0.35247747,0.45152745
869.00000000,5.12262000,1.42499000,0.35255723,0.45162881
869.20000000,5.12150000,1.37174000,0.35263492,0.45172638
869.40000000,5.12150000,1.37174000,0.35271113,0.45182399
869.60000000,5.12312000,1.47248000,0.35279013,0.45192878
869.80000000,5.12387000,1.49187000,0.35287248,0.45203494
870.00000000,5.12362000,1.50000000,0.35295558,0.45214168
870.20000000,5.12362000,1.50000000,0.35303892,0.45224841
870.40000000,5.12275000,1.47385000,0.35312152,0.45235330
870.60000000,5.12425000,1.54422000,0.35320536,0.45246318
870.80000000,5.12287000,1.44464000,0.35328838,0.45256598
871.00000000,5.12350000,1.51168000,0.35337050,0.45267355
871.20000000,5.12350000,1.51168000,0.35345449,0.45278113
871.40000000,5.12400000,1.50118000,0.35353818,0.45288798
871.60000000,5.12500000,1.55446000,0.35362306,0.45299863
871.80000000,5.12500000,1.45171000,0.35370656,0.45310196
872.00000000,5.12500000,1.45171000,0.35378721,0.45320525
872.20000000,5.12275000,1.45270000,0.35386789,0.45330862
872.40000000,5.12325000,1.46272000,0.35394887,0.45341269
872.60000000,5.12287000,1.48582000,0.35403078,0.45351842
872.80000000,5.12350000,1.43497000,0.35411191,0.45362054
873.00000000,5.12350000,1.43497000,0.35419163,0.45372264
873.20000000,5.12312000,1.49929000,0.35427314,0.45382935
873.40000000,5.12437000,1.43072000,0.35435453,0.45393114
873.60000000,5.12262000,1.44579000,0.35443443,0.45403401
873.80000000,5.12312000,1.44204000,0.35451465,0.45413662
874.00000000,5.12312000,1.44204000,0.35459476,0.45423923
874.20000000,5.12325000,1.46985000,0.35467565,0.45434382
874.40000000,5.12300000,1.42476000,0.35475605,0.45444523
874.60000000,5.12475000,1.44374000,0.35483573,0.45454799
874.80000000,5.12475000,1.44374000,0.35491594,0.45465074
875.00000000,5.12412000,1.43244000,0.35499583,0.45475271
875.20000000,5.12550000,1.42566000,0.35507523,0.45485412
875.40000000,5.12137000,1.42790000,0.35515449,0.45495568
875.60000000,5.12137000,1.42790000,0.35523382,0.45505731
875.80000000,5.12450000,1.39187000,0.35531215,0.45515634
876.00000000,5.12275000,1.47724000,0.35539184,0.45526143
876.20000000,5.12212000,1.46678000,0.35547362,0.45536578
876.40000000,5.12325000,1.40662000,0.35555344,0.45546587
876.60000000,5.12325000,1.40662000,0.35563158,0.45556597
876.80000000,5.12362000,1.41600000,0.35570999,0.45566671
877.00000000,5.12262000,1.38182000,0.35578771,0.45576503
877.20000000,5.12300000,1.42470000,0.35586567,0.45586640
877.40000000,5.12300000,1.42470000,0.35594482,0.45596777
877.60000000,5.12275000,1.40281000,0.35602336,0.45606759
877.80000000,5.12337000,1.45804000,0.35610283,0.45617132
878.00000000,5.12225000,1.43545000,0.35618320,0.45627344
878.20000000,5.12225000,1.43545000,0.35626295,0.45637556
878.40000000,5.12225000,1.43312000,0.35634263,0.45647753
878.60000000,5.12275000,1.46380000,0.35642310,0.45658169
878.80000000,5.12325000,1.54995000,0.35650682,0.45669203
879.00000000,5.12600000,1.56038000,0.35659321,0.45680313
879.20000000,5.12600000,1.56038000,0.35667990,0.45691418
879.40000000,5.12425000,1.46841000,0.35676404,0.45701865
879.60000000,5.12275000,1.40614000,0.35684388,0.45711873
879.80000000,5.12425000,1.41676000,0.35692230,0.45721956
880.00000000,5.12425000,1.41676000,0.35700101,0.45732038
880.20000000,5.12375000,1.45894000,0.35708089,0.45742420
880.40000000,5.12375000,1.42390000,0.35716097,0.45752553
880.60000000,5.12350000,1.44403000,0.35724063,0.45762829
880.80000000,5.12375000,1.42739000,0.35732039,0.45772987
881.00000000,5.12375000,1.42739000,0.35739969,0.45783143
881.20000000,5.12287000,1.47398000,0.35748029,0.45793634
881.40000000,5.12450000,1.46585000,0.35756195,0.45804063
881.60000000,5.12250000,1.45971000,0.35764321,0.45814448
881.80000000,5.12250000,1.45971000,0.35772431,0.45824831
882.00000000,5.12150000,1.46304000,0.35780550,0.45835244
882.20000000,5.12475000,1.58630000,0.35789020,0.45846531
882.40000000,5.12287000,1.43177000,0.35797403,0.45856717
882.60000000,5.12212000,1.40262000,0.35805277,0.45866695
882.80000000,5.12212000,1.40262000,0.35813069,0.45876677
883.00000000,5.12412000,1.39632000,0.35820844,0.45886613
883.20000000,5.12325000,1.46937000,0.35828804,0.45897069
883.40000000,5.12350000,1.46512000,0.35836956,0.45907492
883.60000000,5.12225000,1.51251000,0.35845227,0.45918253
883.80000000,5.12225000,1.51251000,0.35853630,0.45929019
884.00000000,5.12512000,1.41248000,0.35861755,0.45939072
884.20000000,5.12425000,1.42128000,0.35869626,0.45949185
884.40000000,5.12325000,1.47100000,0.35877660,0.45959652
884.60000000,5.12325000,1.47100000,0.35885832,0.45970116
884.80000000,5.12175000,1.47859000,0.35894026,0.45980640
885.00000000,5.12475000,1.44812000,0.35902155,0.45990945
885.20000000,5.12325000,1.43254000,0.35910157,0.46001138
885.40000000,5.12200000,1.40419000,0.35918037,0.46011127
885.60000000,5.12200000,1.40419000,0.35925838,0.46021113
885.80000000,5.12012000,1.41596000,0.35933672,0.46031192
886.00000000,5.12525000,1.38515000,0.35941453,0.46041047
886.20000000,5.12275000,1.44336000,0.35949310,0.46051317
886.40000000,5.12275000,1.44336000,0.35957328,0.46061583
886.60000000,5.12100000,1.41132000,0.35965258,0.46071625
886.80000000,5.12300000,1.44752000,0.35973199,0.46081924
887.00000000,5.12275000,1.46128000,0.35981279,0.46092321
887.20000000,5.12325000,1.47264000,0.35989429,0.46102799
887.40000000,5.12325000,1.47264000,0.35997610,0.46113275
887.60000000,5.12187000,1.48400000,0.36005823,0.46123836
887.80000000,5.12387000,1.47238000,0.36014035,0.46134314
888.00000000,5.12362000,1.48096000,0.36022239,0.46144852
888.20000000,5.12362000,1.48096000,0.36030467,0.46155391
888.40000000,5.12362000,1.46972000,0.36038663,0.46165846
888.60000000,5.12187000,1.48233000,0.36046863,0.46176396
888.80000000,5.12437000,1.39939000,0.36054868,0.46186356
889.00000000,5.12437000,1.39939000,0.36062642,0.46196312
889.20000000,5.12250000,1.46006000,0.36070585,0.46206701
889.40000000,5.12300000,1.46000000,0.36078697,0.46217091
889.60000000,5.12375000,1.51302000,0.36086955,0.46227858
889.80000000,5.12237000,1.42960000,0.36095129,0.46238029
890.00000000,5.12237000,1.42960000,0.36103071,0.46248202
890.20000000,5.12387000,1.44784000,0.36111064,0.46258505
890.40000000,5.12350000,1.42598000,0.36119047,0.46268653
890.60000000,5.12375000,1.40569000,0.36126913,0.46278656
890.80000000,5.12375000,1.40569000,0.36134722,0.46288659
891.00000000,5.12325000,1.50848000,0.36142817,0.46299392
891.20000000,5.12287000,1.44009000,0.36151007,0.46309638
891.40000000,5.12275000,1.35984000,0.36158785,0.46319313
891.60000000,5.12337000,1.52742000,0.36166805,0.46330182
891.80000000,5.12337000,1.52742000,0.36175291,0.46341050
892.00000000,5.12325000,1.38230000,0.36183373,0.46350885
892.20000000,5.12275000,1.43084000,0.36191188,0.46361064
892.40000000,5.12225000,1.40819000,0.36199074,0.46371083
892.60000000,5.12225000,1.40819000,0.36206897,0.46381100
892.80000000,5.12187000,1.47491000,0.36214906,0.46391598
893.00000000,5.12475000,1.45219000,0.36223037,0.46401929
893.20000000,5.12212000,1.39820000,0.36230954,0.46411874
893.40000000,5.12100000,1.40208000,0.36238733,0.46421846
893.60000000,5.12100000,1.40208000,0.36246522,0.46431822
893.80000000,5.12300000,1.41318000,0.36254342,0.46441874
894.00000000,5.12137000,1.39564000,0.36262145,0.46451808
894.20000000,5.12487000,1.45212000,0.36270055,0.46462144
894.40000000,5.12487000,1.45212000,0.36278122,0.46472477
894.60000000,5.12325000,1.43888000,0.36286153,0.46482716
894.80000000,5.12350000,1.39427000,0.36294023,0.46492634
895.00000000,5.12187000,1.41184000,0.36301818,0.46502681
895.20000000,5.12337000,1.42966000,0.36309711,0.46512854
895.40000000,5.12337000,1.42966000,0.36317653,0.46523026
895.60000000,5.12300000,1.47798000,0.36325730,0.46533540
895.80000000,5.12150000,1.52755000,0.36334079,0.46544407
896.00000000,5.12225000,1.48764000,0.36342454,0.46554990
896.20000000,5.12225000,1.48764000,0.36350719,0.46565578
896.40000000,5.12450000,1.37795000,0.36358679,0.46575384
896.60000000,5.12337000,1.43081000,0.36366481,0.46585564
896.80000000,5.12287000,1.41193000,0.36374377,0.46595610
897.00000000,5.12125000,1.40729000,0.36382209,0.46605620
897.20000000,5.12125000,1.40729000,0.36390027,0.46615634
897.40000000,5.12362000,1.47273000,0.36398027,0.46626112
897.60000000,5.12237000,1.41036000,0.36406036,0.46636147
897.80000000,5.12312000,1.47020000,0.36414037,0.46646608
898.00000000,5.12312000,1.47020000,0.36422205,0.46657069
898.20000000,5.12275000,1.46361000,0.36430354,0.46667484
898.40000000,5.12350000,1.48364000,0.36438541,0.46678041
898.60000000,5.12362000,1.45670000,0.36446709,0.46688408
898.80000000,5.12362000,1.45670000,0.36454802,0.46698774
899.00000000,5.12362000,1.48563000,0.36462975,0.46709344
899.20000000,5.12262000,1.46697000,0.36471176,0.46719783
899.40000000,5.12387000,1.50585000,0.36479434,0.46730497
899.60000000,5.12250000,1.44848000,0.36487641,0.46740802
899.80000000,5.12250000,1.44848000,0.36495688,0.46751104
900.00000000,5.12062000,1.51174000,0.36503911,0.46761865
900.20000000,5.12550000,1.48054000,0.36512222,0.46772397
900.40000000,5.12150000,1.36329000,0.36520122,0.46782094
900.60000000,5.12150000,1.36329000,0.36527696,0.46791790
900.80000000,5.12100000,1.48524000,0.36535608,0.46802362
901.00000000,5.12500000,1.41619000,0.36543668,0.46812435
901.20000000,5.12112000,1.45190000,0.36551635,0.46822762
901.40000000,5.12187000,1.39731000,0.36559549,0.46832702
901.60000000,5.12187000,1.39731000,0.36567312,0.46842643
901.80000000,5.12200000,1.41715000,0.36575130,0.46852724
902.00000000,5.12225000,1.47612000,0.36583167,0.46863228
902.20000000,5.12325000,1.43244000,0.36591246,0.46873421
902.40000000,5.12325000,1.43244000,0.36599204,0.46883613
902.60000000,5.12312000,1.44211000,0.36607189,0.46893873
902.80000000,5.12225000,1.42281000,0.36615147,0.46903996
903.00000000,5.12262000,1.45120000,0.36623131,0.46914321
903.20000000,5.12262000,1.49196000,0.36631306,0.46924935
903.40000000,5.12262000,1.49196000,0.36639595,0.46935553
903.60000000,5.12412000,1.47574000,0.36647838,0.46946053
903.80000000,5.12275000,1.48902000,0.36656074,0.46956646
904.00000000,5.12187000,1.42774000,0.36664176,0.46966802
904.20000000,5.12187000,1.42774000,0.36672108,0.46976959
904.40000000,5.12212000,1.43881000,0.36680070,0.46987194
904.60000000,5.12162000,1.47814000,0.36688173,0.46997717
904.80000000,5.12575000,1.44966000,0.36696306,0.47008031
905.00000000,5.12262000,1.52035000,0.36704556,0.47018848
905.20000000,5.12262000,1.52035000,0.36713002,0.47029665
905.40000000,5.12262000,1.44281000,0.36721233,0.47039929
905.60000000,5.12212000,1.47392000,0.36729335,0.47050417
905.80000000,5.12350000,1.45062000,0.36737459,0.47060740
906.00000000,5.12350000,1.45062000,0.36745518,0.47071061
906.20000000,5.12275000,1.48816000,0.36753681,0.47081648
906.40000000,5.12200000,1.47478000,0.36761912,0.47092141
906.60000000,5.12287000,1.50528000,0.36770190,0.47102851
906.80000000,5.12262000,1.46886000,0.36778451,0.47113301
907.00000000,5.12262000,1.46886000,0.36786611,0.47123750
907.20000000,5.12187000,1.50697000,0.36794878,0.47134476
907.40000000,5.12437000,1.57209000,0.36803431,0.47145664
907.60000000,5.12437000,1.49379000,0.36811947,0.47156296
907.80000000,5.12437000,1.49379000,0.36820246,0.47166922
908.00000000,5.12175000,1.47782000,0.36828500,0.47177441
908.20000000,5.12487000,1.50729000,0.36836792,0.47188166
908.40000000,5.12312000,1.43315000,0.36844960,0.47198364
908.60000000,5.12400000,1.49756000,0.36853101,0.47209021
908.80000000,5.12400000,1.49756000,0.36861421,0.47219678
909.00000000,5.12350000,1.49526000,0.36869734,0.47230318
909.20000000,5.12325000,1.45088000,0.36877918,0.47240638
909.40000000,5.12162000,1.46425000,0.36886015,0.47251054
909.60000000,5.12162000,1.46425000,0.36894150,0.47261470
909.80000000,5.12162000,1.38323000,0.36902060,0.47271312
910.00000000,5.12312000,1.39177000,0.36909768,0.47281214
910.20000000,5.12237000,1.47033000,0.36917718,0.47291674
910.40000000,5.12312000,1.44643000,0.36925821,0.47301966
910.60000000,5.12312000,1.44643000,0.36933856,0.47312256
910.80000000,5.12200000,1.51059000,0.36942070,0.47323006
911.00000000,5.12375000,1.48076000,0.36950380,0.47333541
911.20000000,5.12250000,1.46742000,0.36958569,0.47343981
911.40000000,5.12250000,1.46742000,0.36966721,0.47354420
911.60000000,5.12200000,1.46819000,0.36974876,0.47364867
911.80000000,5.12350000,1.50304000,0.36983129,0.47375564
912.00000000,5.12387000,1.45257000,0.36991339,0.47385901
912.20000000,5.12387000,1.45257000,0.36999409,0.47396237
912.40000000,5.12312000,1.47808000,0.37007550,0.47406754
912.60000000,5.12337000,1.49353000,0.37015804,0.47417380
912.80000000,5.12237000,1.43900000,0.37023950,0.47427618
913.00000000,5.12250000,1.39616000,0.37031826,0.47437551
913.20000000,5.12250000,1.39616000,0.37039582,0.47447483
913.40000000,5.12175000,1.47782000,0.37047565,0.47457996
913.60000000,5.12237000,1.52812000,0.37055915,0.47468874
913.80000000,5.12500000,1.35132000,0.37063914,0.47478492
914.00000000,5.12500000,1.35132000,0.37071421,0.47488107
914.20000000,5.12275000,1.42972000,0.37079146,0.47498278
914.40000000,5.12187000,1.44339000,0.37087127,0.47508551
914.60000000,5.12462000,1.45660000,0.37095182,0.47518916
914.80000000,5.12325000,1.43824000,0.37103224,0.47529149
915.00000000,5.12325000,1.43824000,0.37111214,0.47539383
915.20000000,5.12287000,1.53827000,0.37119482,0.47550331
915.40000000,5.12462000,1.44572000,0.37127771,0.47560617
915.60000000,5.12237000,1.45091000,0.37135817,0.47570939
915.80000000,5.12237000,1.45091000,0.37143878,0.47581262
916.00000000,5.12237000,1.40163000,0.37151801,0.47591237
916.20000000,5.12437000,1.44572000,0.37159711,0.47601521
916.40000000,5.12175000,1.46720000,0.37167802,0.47611963
916.60000000,5.12412000,1.49267000,0.37176024,0.47622586
916.80000000,5.12412000,1.49267000,0.37184317,0.47633204
917.00000000,5.12175000,1.36672000,0.37192259,0.47642926
917.20000000,5.12137000,1.42067000,0.37200002,0.47653036
917.40000000,5.12387000,1.44950000,0.37207975,0.47663345
917.60000000,5.12075000,1.40758000,0.37215911,0.47673356
917.80000000,5.12075000,1.40758000,0.37223731,0.47683371
918.00000000,5.12275000,1.46316000,0.37231705,0.47693782
918.20000000,5.12300000,1.43932000,0.37239768,0.47704022
918.40000000,5.12275000,1.43472000,0.37247751,0.47714230
918.60000000,5.12275000,1.43472000,0.37255722,0.47724437
918.80000000,5.12187000,1.41478000,0.37263637,0.47734501
919.00000000,5.12187000,1.40832000,0.37271479,0.47744516
919.20000000,5.12000000,1.38105000,0.37279227,0.47754342
919.40000000,5.12300000,1.51964000,0.37287285,0.47765155
919.60000000,5.12300000,1.51964000,0.37295727,0.47775965
919.80000000,5.12200000,1.44166000,0.37303953,0.47786223
920.00000000,5.12287000,1.44944000,0.37311984,0.47796536
920.20000000,5.12312000,1.48857000,0.37320145,0.47807128
920.40000000,5.12312000,1.48857000,0.37328415,0.47817719
920.60000000,5.12275000,1.40892000,0.37336463,0.47827745
920.80000000,5.12337000,1.48086000,0.37344491,0.47838287
921.00000000,5.12562000,1.59008000,0.37353021,0.47849598
921.20000000,5.12162000,1.46870000,0.37361518,0.47860045
921.40000000,5.12162000,1.46870000,0.37369677,0.47870497
921.60000000,5.12362000,1.54256000,0.37378042,0.47881474
921.80000000,5.12400000,1.47104000,0.37386413,0.47891945
922.00000000,5.12475000,1.49158000,0.37394642,0.47902562
922.20000000,5.12475000,1.49158000,0.37402929,0.47913175
922.40000000,5.12300000,1.44048000,0.37411073,0.47923423
922.60000000,5.12250000,1.45993000,0.37419130,0.47933809
922.80000000,5.12237000,1.48115000,0.37427300,0.47944351
923.00000000,5.12412000,1.45228000,0.37435448,0.47954686
923.20000000,5.12412000,1.45228000,0.37443516,0.47956151
923.40000000,5.12287000,1.45193000,0.37451584,0.47966481
923.60000000,5.12300000,1.45456000,0.37459657,0.47976830
923.80000000,5.12225000,1.45734000,0.37467746,0.47987197
924.00000000,5.12362000,1.45516000,0.37475836,0.47997553
924.20000000,5.12362000,1.45516000,0.37483920,0.48007905
924.40000000,5.12212000,1.49008000,0.37492102,0.48018516
924.60000000,5.12750000,1.49603000,0.37500396,0.48029170
924.80000000,5.12237000,1.47536000,0.37508650,0.48039667
925.00000000,5.12237000,1.47536000,0.37516847,0.48050164
925.20000000,5.12287000,1.46854000,0.37525024,0.48060614
925.40000000,5.12362000,1.52720000,0.37533346,0.48071482
925.60000000,5.12375000,1.43984000,0.37541587,0.48081729
925.80000000,5.12375000,1.43984000,0.37549586,0.48091970
926.00000000,5.12112000,1.46521000,0.37557656,0.48102400
926.20000000,5.12537000,1.52544000,0.37565963,0.48113254
926.40000000,5.12325000,1.51372000,0.37574406,0.48124025
926.60000000,5.12325000,1.51372000,0.37582815,0.48134797
926.80000000,5.12337000,1.46668000,0.37591094,0.48145232
927.00000000,5.12287000,1.50019000,0.37599335,0.48155909
927.20000000,5.12425000,1.45804000,0.37607553,0.48166285
927.40000000,5.12387000,1.50198000,0.37615775,0.48176974
927.60000000,5.12387000,1.50198000,0.37624119,0.48187662
927.80000000,5.12337000,1.45952000,0.37632346,0.48198043
928.00000000,5.12125000,1.44716000,0.37640420,0.48208342
928.20000000,5.12400000,1.47795000,0.37648545,0.48218860
928.40000000,5.12400000,1.47795000,0.37656756,0.48229380
928.60000000,5.12475000,1.39808000,0.37664745,0.48239328
928.80000000,5.12337000,1.42240000,0.37672579,0.48249449
929.00000000,5.12312000,1.42726000,0.37680495,0.48259604
929.20000000,5.12262000,1.46636000,0.37688533,0.48270037
929.40000000,5.12262000,1.46636000,0.37696679,0.48280471
929.60000000,5.12350000,1.44665000,0.37704771,0.48290768
929.80000000,5.12450000,1.52563000,0.37713028,0.48301617
930.00000000,5.12012000,1.38988000,0.37721126,0.48311501
930.20000000,5.12012000,1.38988000,0.37728848,0.48321394
930.40000000,5.12525000,1.47865000,0.37736816,0.48331915
930.60000000,5.12300000,1.46051000,0.37744980,0.48342306
930.80000000,5.12250000,1.49072000,0.37753178,0.48352914
931.00000000,5.12337000,1.52249000,0.37761548,0.48363748
931.20000000,5.12337000,1.52249000,0.37770006,0.48374587
931.40000000,5.12612000,1.41747000,0.37778173,0.48384668
931.60000000,5.12025000,1.50601000,0.37786294,0.48395386
931.80000000,5.12425000,1.43670000,0.37794468,0.48405611
932.00000000,5.12125000,1.49065000,0.37802599,0.48416214
932.20000000,5.12125000,1.49065000,0.37810881,0.48426823
932.40000000,5.12425000,1.46140000,0.37819081,0.48437221
932.60000000,5.12325000,1.42204000,0.37827090,0.48447342
932.80000000,5.12425000,1.46355000,0.37835106,0.48457758
933.00000000,5.12425000,1.46355000,0.37843237,0.48468169
933.20000000,5.12175000,1.49382000,0.37851452,0.48478800
933.40000000,5.12375000,1.48902000,0.37859737,0.48489398
933.60000000,5.12450000,1.53091000,0.37868126,0.48500295
933.80000000,5.12512000,1.39203000,0.37876245,0.48510204
934.00000000,5.12512000,1.39203000,0.37883979,0.48520108
934.20000000,5.12275000,1.42518000,0.37891804,0.48530248
934.40000000,5.12262000,1.47360000,0.37899857,0.48540735
934.60000000,5.12425000,1.45190000,0.37907983,0.48551069
934.80000000,5.12425000,1.45190000,0.37916049,0.48561398
935.00000000,5.12262000,1.41302000,0.37924007,0.48571455
935.20000000,5.12412000,1.45168000,0.37931965,0.48581786
935.40000000,5.12400000,1.44355000,0.37940007,0.48592059
935.60000000,5.12137000,1.35872000,0.37947791,0.48601724
935.80000000,5.12137000,1.35872000,0.37955340,0.48611393
936.00000000,5.12375000,1.44998000,0.37963142,0.48621706
936.20000000,5.12125000,1.43251000,0.37971148,0.48631897
936.40000000,5.12200000,1.52444000,0.37979362,0.48642742
936.60000000,5.12200000,1.52444000,0.37987831,0.48653589
936.80000000,5.12325000,1.39798000,0.37995949,0.48663534
937.00000000,5.12200000,1.41152000,0.38003753,0.48673579
937.20000000,5.12375000,1.44844000,0.38011698,0.48683886
937.40000000,5.12375000,1.44844000,0.38019745,0.48694190
937.60000000,5.12200000,1.48368000,0.38027889,0.48704749
937.80000000,5.12387000,1.41836000,0.38035951,0.48714841
938.00000000,5.12312000,1.44032000,0.38043891,0.48725090
938.20000000,5.12200000,1.43929000,0.38051890,0.48735329
938.40000000,5.12200000,1.43929000,0.38059886,0.48745570
938.60000000,5.12325000,1.41494000,0.38067815,0.48755637
938.80000000,5.12262000,1.35929000,0.38075521,0.48765311
939.00000000,5.12387000,1.45452000,0.38083337,0.48775662
939.20000000,5.12387000,1.45452000,0.38091418,0.48786011
939.40000000,5.12325000,1.45574000,0.38099502,0.48796368
939.60000000,5.12250000,1.40249000,0.38107441,0.48806345
939.80000000,5.12162000,1.43382000,0.38115320,0.48816544
940.00000000,5.12262000,1.42070000,0.38123249,0.48826652
940.20000000,5.12262000,1.42070000,0.38131142,0.48836761
940.40000000,5.12300000,1.49785000,0.38139249,0.48847418
940.60000000,5.12287000,1.46032000,0.38147466,0.48857809
940.80000000,5.12337000,1.45347000,0.38155560,0.48868152
941.00000000,5.12337000,1.45347000,0.38163635,0.48878495
941.20000000,5.12337000,1.56483000,0.38172019,0.48889628
941.40000000,5.12250000,1.44236000,0.38180372,0.48899889
941.60000000,5.12225000,1.43177000,0.38188356,0.48910075
941.80000000,5.12212000,1.35916000,0.38196109,0.48919744
942.00000000,5.12212000,1.35916000,0.38203659,0.48929418
942.20000000,5.12475000,1.42345000,0.38211389,0.48939548
942.40000000,5.12400000,1.49180000,0.38219487,0.48950166
942.60000000,5.12437000,1.42332000,0.38227584,0.48960296
942.80000000,5.12437000,1.42332000,0.38235492,0.48970424
943.00000000,5.12350000,1.46240000,0.38243508,0.48980829
943.20000000,5.12287000,1.45747000,0.38251618,0.48991199
943.40000000,5.12262000,1.41446000,0.38259596,0.49001263
943.60000000,5.12312000,1.44652000,0.38267543,0.49011556
943.80000000,5.12312000,1.44652000,0.38275579,0.49021847
944.00000000,5.12225000,1.44435000,0.38283610,0.49032127
944.20000000,5.12487000,1.46038000,0.38291678,0.49042519
944.40000000,5.12350000,1.46451000,0.38299803,0.49052941
944.60000000,5.12350000,1.46451000,0.38307939,0.49063360
944.80000000,5.12250000,1.44992000,0.38316035,0.49073679
945.00000000,5.12437000,1.49734000,0.38324222,0.49084332
945.20000000,5.12225000,1.45334000,0.38332418,0.49094672
945.40000000,5.12250000,1.40342000,0.38340353,0.49104657
945.60000000,5.12250000,1.40342000,0.38348150,0.49114642
945.80000000,5.12300000,1.41782000,0.38355987,0.49124731
946.00000000,5.12325000,1.48937000,0.38364062,0.49135331
946.20000000,5.12450000,1.46428000,0.38372267,0.49145753
946.40000000,5.12250000,1.47587000,0.38380434,0.49156253
946.60000000,5.12250000,1.47587000,0.38388633,0.49166755
946.80000000,5.12337000,1.40422000,0.38396634,0.49176746
947.00000000,5.12262000,1.47539000,0.38404633,0.49187244
947.20000000,5.12287000,1.49036000,0.38412871,0.49197848
947.40000000,5.12287000,1.49036000,0.38421151,0.49208453
947.60000000,5.12362000,1.43177000,0.38429268,0.49218639
947.80000000,5.12200000,1.39632000,0.38437123,0.49228571
948.00000000,5.12150000,1.44364000,0.38445012,0.49238845
948.20000000,5.12387000,1.48640000,0.38453151,0.49249423
948.40000000,5.12387000,1.48640000,0.38461409,0.49259997
948.60000000,5.12225000,1.43705000,0.38469530,0.49270224
948.80000000,5.12400000,1.45670000,0.38477568,0.49280587
949.00000000,5.12200000,1.42355000,0.38485569,0.49290714
949.20000000,5.12200000,1.42355000,0.38493477,0.49300845
949.40000000,5.12387000,1.46985000,0.38501514,0.49311303
949.60000000,5.12287000,1.41315000,0.38509523,0.49321357
949.80000000,5.12275000,1.46361000,0.38517514,0.49331771
950.00000000,5.12312000,1.40963000,0.38525495,0.49341802
950.20000000,5.12312000,1.40963000,0.38533326,0.49351831
950.40000000,5.12275000,1.45987000,0.38541297,0.49362219
950.60000000,5.12337000,1.41411000,0.38549280,0.49372281
950.80000000,5.12325000,1.47353000,0.38557302,0.49382766
951.00000000,5.12325000,1.47353000,0.38565488,0.49393251
951.20000000,5.12300000,1.42377000,0.38573536,0.49403382
951.40000000,5.12337000,1.43558000,0.38581478,0.49413599
951.60000000,5.12425000,1.42672000,0.38589429,0.49423752
951.80000000,5.12375000,1.43280000,0.38597372,0.49433949
952.00000000,5.12375000,1.43280000,0.38605332,0.49444142
952.20000000,5.12250000,1.53462000,0.38613575,0.49455061
952.40000000,5.12275000,1.54233000,0.38622122,0.49466035
952.60000000,5.12300000,1.46915000,0.38630488,0.49476489
952.80000000,5.12300000,1.46915000,0.38638650,0.49486951
953.00000000,5.12737000,1.53539000,0.38646995,0.49497878
953.20000000,5.12400000,1.47766000,0.38655365,0.49508390
953.40000000,5.12225000,1.47088000,0.38663555,0.49518854
953.60000000,5.12225000,1.47088000,0.38671727,0.49529318
953.80000000,5.12187000,1.49545000,0.38679967,0.49539963
954.00000000,5.12525000,1.59865000,0.38688562,0.49551341
954.20000000,5.12462000,1.46806000,0.38697080,0.49561789
954.40000000,5.12400000,1.42614000,0.38705120,0.49571939
954.60000000,5.12400000,1.42614000,0.38713043,0.49582087
954.80000000,5.12362000,1.40956000,0.38720920,0.49592118
955.00000000,5.12350000,1.46822000,0.38728913,0.49602566
955.20000000,5.12375000,1.44499000,0.38737006,0.49612849
955.40000000,5.12375000,1.44499000,0.38745033,0.49623134
955.60000000,5.12475000,1.46131000,0.38753106,0.49633532
955.80000000,5.12325000,1.45420000,0.38761205,0.49643879
956.00000000,5.12275000,1.44515000,0.38769259,0.49654163
956.20000000,5.12412000,1.37651000,0.38777097,0.49663960
956.40000000,5.12412000,1.37651000,0.38784744,0.49673756
956.60000000,5.12425000,1.41897000,0.38792509,0.49683854
956.80000000,5.12350000,1.42003000,0.38800395,0.49693958
957.00000000,5.12300000,1.40224000,0.38808235,0.49703935
957.20000000,5.12300000,1.40224000,0.38816025,0.49713909
957.40000000,5.12112000,1.43132000,0.38823896,0.49724098
957.60000000,5.12562000,1.50633000,0.38832056,0.49734820
957.80000000,5.12487000,1.44857000,0.38840264,0.49745129
958.00000000,5.12412000,1.43510000,0.38848275,0.49755343
958.20000000,5.12412000,1.43510000,0.38856247,0.49765558
958.40000000,5.12500000,1.48169000,0.38864350,0.49776103
958.60000000,5.12425000,1.58102000,0.38872857,0.49787359
958.80000000,5.12587000,1.50860000,0.38881439,0.49798099
959.00000000,5.12587000,1.50860000,0.38889820,0.49808833
959.20000000,5.12312000,1.49440000,0.38898162,0.49819469
959.40000000,5.12450000,1.49184000,0.38906457,0.49830083
959.60000000,5.12262000,1.44441000,0.38914614,0.49840361
959.80000000,5.12337000,1.40534000,0.38922529,0.49850362
960.00000000,5.12337000,1.40534000,0.38930337,0.49860363
960.20000000,5.12425000,1.47504000,0.38938338,0.49870860
960.40000000,5.12350000,1.46736000,0.38946511,0.49881295
960.60000000,5.12012000,1.53424000,0.38954849,0.49892205
960.80000000,5.12575000,1.53046000,0.38963362,0.49903100
961.00000000,5.12575000,1.53046000,0.38971865,0.49913989
961.20000000,5.12262000,1.45740000,0.38980164,0.49924360
961.40000000,5.12350000,1.48288000,0.38988332,0.49934912
961.60000000,5.12337000,1.44064000,0.38996453,0.49945163
961.80000000,5.12337000,1.44064000,0.39004456,0.49955413
962.00000000,5.12250000,1.43206000,0.39012436,0.49965602
962.20000000,5.12262000,1.41315000,0.39020339,0.49975659
962.40000000,5.12412000,1.41379000,0.39028192,0.49985724
962.60000000,5.12575000,1.52956000,0.39036368,0.49996613
962.80000000,5.12575000,1.52956000,0.39044865,0.50007497
963.00000000,5.12337000,1.35059000,0.39052866,0.50017105
963.20000000,5.12200000,1.42515000,0.39060576,0.50027247
963.40000000,5.12412000,1.48294000,0.39068654,0.50037801
963.60000000,5.12412000,1.48294000,0.39076893,0.50048353
963.80000000,5.12325000,1.41395000,0.39084940,0.50058416
964.00000000,5.12412000,1.44115000,0.39092871,0.50068670
964.20000000,5.12275000,1.45644000,0.39100919,0.50079032
964.40000000,5.12287000,1.44592000,0.39108982,0.50089320
964.60000000,5.12287000,1.44592000,0.39117014,0.50099613
964.80000000,5.12550000,1.49132000,0.39125173,0.50110224
965.00000000,5.12287000,1.54819000,0.39133617,0.50121244
965.20000000,5.12500000,1.51449000,0.39142124,0.50132025
965.40000000,5.12350000,1.45075000,0.39150361,0.50142348
965.60000000,5.12350000,1.45075000,0.39158420,0.50152674
965.80000000,5.12462000,1.58144000,0.39166843,0.50163925
966.00000000,5.12237000,1.42800000,0.39175203,0.50174087
966.20000000,5.12387000,1.48531000,0.39183295,0.50184657
966.40000000,5.12387000,1.48531000,0.39191547,0.50195226
966.60000000,5.12300000,1.45456000,0.39199713,0.50205574
966.80000000,5.12250000,1.45888000,0.39207806,0.50215957
967.00000000,5.12412000,1.54134000,0.39216140,0.50226926
967.20000000,5.12375000,1.39302000,0.39224291,0.50236840
967.40000000,5.12375000,1.39302000,0.39232030,0.50246751
967.60000000,5.12262000,1.49113000,0.39240042,0.50257361
967.80000000,5.12325000,1.44592000,0.39248200,0.50267653
968.00000000,5.12500000,1.40156000,0.39256110,0.50277629
968.20000000,5.12500000,1.40156000,0.39263896,0.50287604
968.40000000,5.12387000,1.41350000,0.39271716,0.50297662
968.60000000,5.12337000,1.50195000,0.39279814,0.50308345
968.80000000,5.12137000,1.42553000,0.39287946,0.50318485
969.00000000,5.12137000,1.42553000,0.39295866,0.50328634
969.20000000,5.12587000,1.51558000,0.39304036,0.50339418
969.40000000,5.12312000,1.42105000,0.39312193,0.50349529
969.60000000,5.12312000,1.43238000,0.39320119,0.50359721
969.80000000,5.12412000,1.48073000,0.39328211,0.50370259
970.00000000,5.12412000,1.48073000,0.39336437,0.50380796
970.20000000,5.12325000,1.43395000,0.39344534,0.50390999
970.40000000,5.12325000,1.48403000,0.39352639,0.50401562
970.60000000,5.12487000,1.48227000,0.39360879,0.50412113
970.80000000,5.12487000,1.48227000,0.39369114,0.50422662
971.00000000,5.12425000,1.46153000,0.39377291,0.50433064
971.20000000,5.12425000,1.60640000,0.39385813,0.50444496
971.40000000,5.12412000,1.52643000,0.39394515,0.50455360
971.60000000,5.12262000,1.48598000,0.39402883,0.50465932
971.80000000,5.12262000,1.48598000,0.39411139,0.50476505
972.00000000,5.12312000,1.48185000,0.39419383,0.50487051
972.20000000,5.12362000,1.52115000,0.39427724,0.50497875
972.40000000,5.12350000,1.46400000,0.39436016,0.50508293
972.60000000,5.12350000,1.46400000,0.39444150,0.50518709
972.80000000,5.12287000,1.42198000,0.39452166,0.50528825
973.00000000,5.12175000,1.44288000,0.39460124,0.50539091
973.20000000,5.12275000,1.47817000,0.39468238,0.50549608
973.40000000,5.12275000,1.47817000,0.39476450,0.50560129
973.60000000,5.12500000,1.40892000,0.39484470,0.50570153
973.80000000,5.12225000,1.40755000,0.39492293,0.50580167
974.00000000,5.12250000,1.48550000,0.39500330,0.50590734
974.20000000,5.12162000,1.41907000,0.39508398,0.50600828
974.40000000,5.12162000,1.41907000,0.39516282,0.50610928
974.60000000,5.12462000,1.50998000,0.39524418,0.50621672
974.80000000,5.12262000,1.39244000,0.39532480,0.50631579
975.00000000,5.12312000,1.45612000,0.39540393,0.50641939
975.20000000,5.12237000,1.44860000,0.39548462,0.50652245
975.40000000,5.12237000,1.44860000,0.39556509,0.50662552
975.60000000,5.12287000,1.49465000,0.39564685,0.50673187
975.80000000,5.12300000,1.37651000,0.39572660,0.50682984
976.00000000,5.12450000,1.56156000,0.39580822,0.50694098
976.20000000,5.12450000,1.56156000,0.39589497,0.50705209
976.40000000,5.12312000,1.40614000,0.39597741,0.50715212
976.60000000,5.12212000,1.43648000,0.39605637,0.50725436
976.80000000,5.12437000,1.42384000,0.39613582,0.50735566
977.00000000,5.12225000,1.47414000,0.39621632,0.50746053
977.20000000,5.12225000,1.47414000,0.39629822,0.50756544
977.40000000,5.12425000,1.42406000,0.39637872,0.50766675
977.60000000,5.12200000,1.43568000,0.39645816,0.50776893
977.80000000,5.12450000,1.48732000,0.39653936,0.50787479
978.00000000,5.12450000,1.48732000,0.39662198,0.50798065
978.20000000,5.12450000,1.43219000,0.39670308,0.50808255
978.40000000,5.12287000,1.43283000,0.39678267,0.50818450
978.60000000,5.12312000,1.43529000,0.39686234,0.50828666
978.80000000,5.12462000,1.51523000,0.39694429,0.50839451
979.00000000,5.12462000,1.51523000,0.39702847,0.50850234
979.20000000,5.12412000,1.45065000,0.39711086,0.50860555
979.40000000,5.12250000,1.44931000,0.39719141,0.50870868
979.60000000,5.12325000,1.42608000,0.39727129,0.50881015
979.80000000,5.12325000,1.42608000,0.39735051,0.50891162
980.00000000,5.12312000,1.47062000,0.39743098,0.50901623
980.20000000,5.12150000,1.50518000,0.39751364,0.50912340
980.40000000,5.12650000,1.56195000,0.39759884,0.50923462
980.60000000,5.12225000,1.44112000,0.39768225,0.50933714
980.80000000,5.12225000,1.44112000,0.39776232,0.50943972
981.00000000,5.12512000,1.44691000,0.39784254,0.50954268
981.20000000,5.12312000,1.47360000,0.39792366,0.50964754
981.40000000,5.12350000,1.47206000,0.39800549,0.50975229
981.60000000,5.12312000,1.44009000,0.39808638,0.50985476
981.80000000,5.12312000,1.44009000,0.39816639,0.50995723
982.00000000,5.12312000,1.40406000,0.39824539,0.51005716
982.20000000,5.12450000,1.40115000,0.39832331,0.51015685
982.40000000,5.12287000,1.52915000,0.39840471,0.51026565
982.60000000,5.12287000,1.52915000,0.39848966,0.51037442
982.80000000,5.12112000,1.47440000,0.39857310,0.51047937
983.00000000,5.12500000,1.45971000,0.39865460,0.51058321
983.20000000,5.12237000,1.49689000,0.39873673,0.51068971
983.40000000,5.12237000,1.49689000,0.39881989,0.51079628
983.60000000,5.12587000,1.49459000,0.39890298,0.51090263
983.80000000,5.12350000,1.48361000,0.39898571,0.51100818
984.00000000,5.12250000,1.42137000,0.39906641,0.51110931
984.20000000,5.12100000,1.44348000,0.39914598,0.51121198
984.40000000,5.12100000,1.44348000,0.39922618,0.51131471
984.60000000,5.12437000,1.51059000,0.39930824,0.51142223
984.80000000,5.12487000,1.48128000,0.39939134,0.51152764
985.00000000,5.12337000,1.47187000,0.39947337,0.51163237
985.20000000,5.12337000,1.47187000,0.39955515,0.51173709
985.40000000,5.12262000,1.44758000,0.39963624,0.51184011
985.60000000,5.12400000,1.49676000,0.39971803,0.51194663
985.80000000,5.12387000,1.49027000,0.39980100,0.51205268
986.00000000,5.12387000,1.49027000,0.39988379,0.51215872
986.20000000,5.12275000,1.47251000,0.39996609,0.51226352
986.40000000,5.12450000,1.45398000,0.40004738,0.51236700
986.60000000,5.12412000,1.51139000,0.40012976,0.51247455
986.80000000,5.12350000,1.49145000,0.40021317,0.51258068
987.00000000,5.12350000,1.49145000,0.40029603,0.51268681
987.20000000,5.12350000,1.46233000,0.40037808,0.51279086
987.40000000,5.12312000,1.56665000,0.40046221,0.51290237
987.60000000,5.12462000,1.50172000,0.40054745,0.51300925
987.80000000,5.12462000,1.50172000,0.40063088,0.51311611
988.00000000,5.12325000,1.41200000,0.40071181,0.51321659
988.20000000,5.12350000,1.51158000,0.40079302,0.51332414
988.40000000,5.12287000,1.44508000,0.40087515,0.51342694
988.60000000,5.12212000,1.42499000,0.40095488,0.51352832
988.80000000,5.12212000,1.42499000,0.40103404,0.51362967
989.00000000,5.12112000,1.40774000,0.40111273,0.51372983
989.20000000,5.12275000,1.43094000,0.40119158,0.51383162
989.40000000,5.12150000,1.38278000,0.40126974,0.51392998
989.60000000,5.12187000,1.53622000,0.40135082,0.51403926
989.80000000,5.12187000,1.53622000,0.40143617,0.51414857
990.00000000,5.12337000,1.48000000,0.40151995,0.51425390
990.20000000,5.12412000,1.39484000,0.40159981,0.51435318
990.40000000,5.12475000,1.43420000,0.40167839,0.51445526
990.60000000,5.12475000,1.43420000,0.40175807,0.51455730
990.80000000,5.12237000,1.41676000,0.40183727,0.51465812
991.00000000,5.12387000,1.44524000,0.40191677,0.51476094
991.20000000,5.12200000,1.42736000,0.40199656,0.51486250
991.40000000,5.12300000,1.46976000,0.40207704,0.51496707
991.60000000,5.12300000,1.46976000,0.40215869,0.51507162
991.80000000,5.12125000,1.43040000,0.40223925,0.51517342
992.00000000,5.12425000,1.44236000,0.40231905,0.51527607
992.20000000,5.12425000,1.53219000,0.40240167,0.51538512
992.40000000,5.12425000,1.53219000,0.40248680,0.51549415
992.60000000,5.12362000,1.44281000,0.40256944,0.51559677
992.80000000,5.12125000,1.42172000,0.40264901,0.51569796
993.00000000,5.12450000,1.40252000,0.40272746,0.51579779
993.20000000,5.12450000,1.40252000,0.40280537,0.51589757
993.40000000,5.12275000,1.46201000,0.40288494,0.51600164
993.60000000,5.12512000,1.48019000,0.40296667,0.51610696
993.80000000,5.12275000,1.45206000,0.40304812,0.51621027
994.00000000,5.12275000,1.45206000,0.40312879,0.51631359
994.20000000,5.12287000,1.41353000,0.40320839,0.51641416
994.40000000,5.12287000,1.38755000,0.40328620,0.51651286
994.60000000,5.12162000,1.52188000,0.40336702,0.51662119
994.80000000,5.12525000,1.49910000,0.40345093,0.51672791
995.00000000,5.12525000,1.49910000,0.40353422,0.51683459
995.20000000,5.12400000,1.47638000,0.40361687,0.51693965
995.40000000,5.12337000,1.45017000,0.40369816,0.51704283
995.60000000,5.12275000,1.42876000,0.40377813,0.51714448
995.80000000,5.12375000,1.46345000,0.40385847,0.51724863
996.00000000,5.12375000,1.46345000,0.40393978,0.51735272
996.20000000,5.12112000,1.36633000,0.40401838,0.51744995
996.40000000,5.12375000,1.46617000,0.40409706,0.51755429
996.60000000,5.12375000,1.40553000,0.40417683,0.51765431
996.80000000,5.12375000,1.40553000,0.40425492,0.51775433
997.00000000,5.12362000,1.50528000,0.40433577,0.51786140
997.20000000,5.12162000,1.41798000,0.40441697,0.51796234
997.40000000,5.12500000,1.43084000,0.40449611,0.51806418
997.60000000,5.12500000,1.43084000,0.40457560,0.51816602
997.80000000,5.12425000,1.47888000,0.40465642,0.51827124
998.00000000,5.12287000,1.42748000,0.40473716,0.51837283
998.20000000,5.12375000,1.40019000,0.40481570,0.51847247
998.40000000,5.12362000,1.41990000,0.40489404,0.51857351
998.60000000,5.12362000,1.41990000,0.40497292,0.51867455
998.80000000,5.12375000,1.46268000,0.40505299,0.51877864
999.00000000,5.12350000,1.39596000,0.40513240,0.51887798
999.20000000,5.12375000,1.44067000,0.40521120,0.51898050
999.40000000,5.12375000,1.44067000,0.40529123,0.51908302
999.60000000,5.12350000,1.45312000,0.40537162,0.51918639
999.80000000,5.12200000,1.45049000,0.40545227,0.51928961
1000.00000000,5.12375000,1.41139000,0.40553177,0.51939002
1000.20000000,5.12212000,1.46518000,0.40561167,0.51949425
1000.40000000,5.12212000,1.46518000,0.40569307,0.51959852
1000.60000000,5.12400000,1.47564000,0.40577476,0.51970348
1000.80000000,5.12125000,1.45673000,0.40585622,0.51980716
1001.00000000,5.12425000,1.49990000,0.40593834,0.51991390
1001.20000000,5.12400000,1.44214000,0.40602007,0.52001654
1001.40000000,5.12400000,1.44214000,0.40610019,0.52011914
1001.60000000,5.12275000,1.37129000,0.40617834,0.52021672
1001.80000000,5.12325000,1.46630000,0.40625716,0.52032108
1002.00000000,5.12450000,1.44838000,0.40633812,0.52042417
1002.20000000,5.12450000,1.44838000,0.40641859,0.52052721
1002.40000000,5.12237000,1.48313000,0.40650002,0.52063275
1002.60000000,5.12337000,1.42041000,0.40658067,0.52073380
1002.80000000,5.12225000,1.41209000,0.40665935,0.52083425
1003.00000000,5.12175000,1.43660000,0.40673848,0.52093644
1003.20000000,5.12175000,1.43660000,0.40681829,0.52103871
1003.40000000,5.12537000,1.40006000,0.40689709,0.52113833
1003.60000000,5.12312000,1.46278000,0.40697661,0.52124242
1003.80000000,5.12337000,1.45203000,0.40705758,0.52134574
1004.00000000,5.12337000,1.45203000,0.40713825,0.52144907
1004.20000000,5.12375000,1.44592000,0.40721875,0.52155194
1004.40000000,5.12225000,1.43926000,0.40729889,0.52165433
1004.60000000,5.12237000,1.39913000,0.40737774,0.52175387
1004.80000000,5.12337000,1.52934000,0.40745908,0.52186270
1005.00000000,5.12337000,1.52934000,0.40754405,0.52197152
1005.20000000,5.12325000,1.44169000,0.40762657,0.52207413
1005.40000000,5.12487000,1.59756000,0.40771100,0.52218780
1005.60000000,5.12262000,1.42505000,0.40779496,0.52228919
1005.80000000,5.12262000,1.42505000,0.40787413,0.52239058
1006.00000000,5.12275000,1.45011000,0.40795399,0.52249374
1006.20000000,5.12237000,1.44585000,0.40803444,0.52259666
1006.40000000,5.12512000,1.53696000,0.40811729,0.52270607
1006.60000000,5.12512000,1.53696000,0.40820268,0.52281548
1006.80000000,5.12537000,1.56553000,0.40828886,0.52292688
1007.00000000,5.12362000,1.45401000,0.40837274,0.52303034
1007.20000000,5.12312000,1.48265000,0.40845431,0.52313584
1007.40000000,5.12312000,1.48265000,0.40853668,0.52324137
1007.60000000,5.12462000,1.48371000,0.40861908,0.52334694
1007.80000000,5.12337000,1.49667000,0.40870187,0.52345343
1008.00000000,5.12250000,1.49376000,0.40878493,0.52355970
1008.20000000,5.12250000,1.43286000,0.40886623,0.52366164
1008.40000000,5.12250000,1.43286000,0.40894583,0.52376363
1008.60000000,5.12475000,1.40483000,0.40902466,0.52386362
1008.80000000,5.12475000,1.44608000,0.40910385,0.52396655
1009.00000000,5.12475000,1.51488000,0.40918610,0.52407437
1009.20000000,5.12425000,1.44787000,0.40926840,0.52417742
1009.40000000,5.12425000,1.44787000,0.40934883,0.52428047
1009.60000000,5.12437000,1.46185000,0.40942966,0.52438452
1009.80000000,5.12512000,1.41785000,0.40950965,0.52448539
1010.00000000,5.12212000,1.41132000,0.40958824,0.52458579
1010.20000000,5.12212000,1.41132000,0.40966665,0.52468621
1010.40000000,5.12300000,1.40432000,0.40974486,0.52478617
1010.60000000,5.12475000,1.45868000,0.40982439,0.52488997
1010.80000000,5.12350000,1.47849000,0.40990597,0.52499524
1011.00000000,5.12675000,1.50179000,0.40998876,0.52510218
1011.20000000,5.12675000,1.50179000,0.41007219,0.52520906
1011.40000000,5.12437000,1.45321000,0.41015428,0.52531248
1011.60000000,5.12375000,1.46854000,0.41023544,0.52541695
1011.80000000,5.12225000,1.44067000,0.41031625,0.52551945
1012.00000000,5.12225000,1.44067000,0.41039628,0.52562196
1012.20000000,5.12325000,1.46672000,0.41047705,0.52572633
1012.40000000,5.12350000,1.41443000,0.41055708,0.52582698
1012.60000000,5.12362000,1.45017000,0.41063665,0.52593018
1012.80000000,5.12350000,1.38272000,0.41071534,0.52602857
1013.00000000,5.12350000,1.38272000,0.41079216,0.52612697
1013.20000000,5.12387000,1.45817000,0.41087107,0.52623072
1013.40000000,5.12275000,1.43148000,0.41095134,0.52633259
1013.60000000,5.12412000,1.44169000,0.41103115,0.52643520
1013.80000000,5.12412000,1.44169000,0.41111124,0.52653776
1014.00000000,5.12225000,1.48550000,0.41119256,0.52664349
1014.20000000,5.12437000,1.52252000,0.41127611,0.52675184
1014.40000000,5.12387000,1.50006000,0.41136007,0.52685858
1014.60000000,5.12362000,1.51155000,0.41144373,0.52696615
1014.80000000,5.12362000,1.51155000,0.41152770,0.52707370
1015.00000000,5.12287000,1.48428000,0.41161092,0.52717931
1015.20000000,5.12325000,1.52620000,0.41169454,0.52728795
1015.40000000,5.12500000,1.48230000,0.41177811,0.52739346
1015.60000000,5.12500000,1.48230000,0.41186046,0.52749893
1015.80000000,5.12325000,1.46560000,0.41194235,0.52760322
1016.00000000,5.12325000,1.49795000,0.41202467,0.52770980
1016.20000000,5.12300000,1.52396000,0.41210861,0.52781824
1016.40000000,5.12200000,1.49440000,0.41219246,0.52792455
1016.60000000,5.12200000,1.49440000,0.41227548,0.52803090
1016.80000000,5.12412000,1.48323000,0.41235819,0.52813642
1017.00000000,5.12212000,1.42678000,0.41243902,0.52823793
1017.20000000,5.12275000,1.49209000,0.41252010,0.52834410
1017.40000000,5.12275000,1.49209000,0.41260300,0.52845030
1017.60000000,5.12462000,1.56342000,0.41268787,0.52856154
1017.80000000,5.12300000,1.43657000,0.41277121,0.52866377
1018.00000000,5.12362000,1.51248000,0.41285312,0.52877140
1018.20000000,5.12337000,1.60323000,0.41293967,0.52888548
1018.40000000,5.12337000,1.60323000,0.41302874,0.52899957
1018.60000000,5.12400000,1.57056000,0.41311690,0.52911132
1018.80000000,5.12275000,1.49148000,0.41320196,0.52921747
1019.00000000,5.12450000,1.56326000,0.41328681,0.52932874
1019.20000000,5.12450000,1.56326000,0.41337366,0.52943998
1019.40000000,5.12387000,1.51155000,0.41345907,0.52954754
1019.60000000,5.12300000,1.49836000,0.41354268,0.52965416
1019.80000000,5.12350000,1.44316000,0.41362439,0.52975685
1020.00000000,5.12350000,1.44316000,0.41370456,0.52985952
1020.20000000,5.12212000,1.50928000,0.41378658,0.52996696
1020.40000000,5.12537000,1.50560000,0.41387032,0.53007406
1020.60000000,5.12162000,1.48243000,0.41395332,0.53017957
1020.80000000,5.12462000,1.48169000,0.41403566,0.53028503
1021.00000000,5.12462000,1.48169000,0.41411798,0.53039048
1021.20000000,5.12400000,1.50332000,0.41420089,0.53049745
1021.40000000,5.12350000,1.51078000,0.41428462,0.53060491
1021.60000000,5.12125000,1.48070000,0.41436771,0.53071023
1021.80000000,5.12125000,1.48070000,0.41444998,0.53081563
1022.00000000,5.12512000,1.46656000,0.41453184,0.53092002
1022.20000000,5.12487000,1.54966000,0.41461563,0.53103027
1022.40000000,5.12262000,1.42201000,0.41469817,0.53113145
1022.60000000,5.12262000,1.41721000,0.41477704,0.53123228
1022.80000000,5.12262000,1.41721000,0.41485578,0.53133311
1023.00000000,5.12287000,1.37401000,0.41493331,0.53143088
1023.20000000,5.12325000,1.38972000,0.41501008,0.53152979
1023.40000000,5.12437000,1.52236000,0.41509097,0.53163814
1023.60000000,5.12437000,1.52236000,0.41517555,0.53174650
1023.80000000,5.12500000,1.51734000,0.41525998,0.53185450
1024.00000000,5.12475000,1.49708000,0.41534372,0.53196102
1024.20000000,5.12262000,1.47513000,0.41542628,0.53206601
1024.40000000,5.12475000,1.52899000,0.41550973,0.53217484
1024.60000000,5.12475000,1.52899000,0.41559467,0.53228359
1024.80000000,5.12100000,1.52537000,0.41567951,0.53239219
1025.00000000,5.12612000,1.47667000,0.41576290,0.53249724
1025.20000000,5.12175000,1.50924000,0.41584584,0.53260460
1025.40000000,5.12562000,1.43616000,0.41592766,0.53270683
1025.60000000,5.12562000,1.43616000,0.41600745,0.53280902
1025.80000000,5.12300000,1.45270000,0.41608769,0.53291242
1026.00000000,5.12475000,1.40307000,0.41616702,0.53301224
1026.20000000,5.12212000,1.43603000,0.41624589,0.53311440
1026.40000000,5.12212000,1.43603000,0.41632566,0.53321660
1026.60000000,5.12425000,1.45372000,0.41640594,0.53332007
1026.80000000,5.12475000,1.45920000,0.41648685,0.53342389
1027.00000000,5.12250000,1.43267000,0.41656718,0.53352581
1027.20000000,5.12325000,1.44060000,0.41664699,0.53362832
1027.40000000,5.12325000,1.44060000,0.41672703,0.53373083
1027.60000000,5.12337000,1.43996000,0.41680704,0.53383333
1027.80000000,5.12500000,1.43161000,0.41688681,0.53393523
1028.00000000,5.12450000,1.49603000,0.41696813,0.53404171
1028.20000000,5.12450000,1.49603000,0.41705124,0.53414819
1028.40000000,5.12475000,1.49488000,0.41713432,0.53425460
1028.60000000,5.12525000,1.51580000,0.41721795,0.53436248
1028.80000000,5.12425000,1.49670000,0.41730163,0.53446900
1029.00000000,5.12425000,1.49670000,0.41738478,0.53457555
1029.20000000,5.12537000,1.53564000,0.41746902,0.53468487
1029.40000000,5.12550000,1.49782000,0.41755328,0.53479148
1029.60000000,5.12500000,1.49267000,0.41763635,0.53489773
1029.80000000,5.12500000,1.49267000,0.41771927,0.53500399
1030.00000000,5.12562000,1.46211000,0.41780135,0.53510805
1030.20000000,5.12400000,1.44236000,0.41788203,0.53521068
1030.40000000,5.12325000,1.43075000,0.41796184,0.53531250
1030.60000000,5.12412000,1.34076000,0.41803883,0.53540792
1030.80000000,5.12412000,1.34076000,0.41811331,0.53550336
1031.00000000,5.12487000,1.52969000,0.41819305,0.53561224
1031.20000000,5.12475000,1.46620000,0.41827627,0.53571658
1031.40000000,5.12400000,1.49286000,0.41835846,0.53582282
1031.60000000,5.12400000,1.49286000,0.41844140,0.53592906
1031.80000000,5.12400000,1.46944000,0.41852369,0.53603366
1032.00000000,5.12500000,1.49276000,0.41860597,0.53613989
1032.20000000,5.12387000,1.48867000,0.41868879,0.53624578
1032.40000000,5.12150000,1.48198000,0.41877130,0.53635120
1032.60000000,5.12150000,1.48198000,0.41885364,0.53645669
1032.80000000,5.12525000,1.49651000,0.41893637,0.53656319
1033.00000000,5.12362000,1.47216000,0.41901884,0.53666800
1033.20000000,5.12625000,1.57820000,0.41910357,0.53678037
1033.40000000,5.12625000,1.57820000,0.41919125,0.53689267
1033.60000000,5.12362000,1.45769000,0.41927558,0.53699640
1033.80000000,5.12337000,1.44604000,0.41935624,0.53709932
1034.00000000,5.12450000,1.52521000,0.41943877,0.53720787
1034.20000000,5.12437000,1.58217000,0.41952509,0.53732048
1034.40000000,5.12437000,1.58217000,0.41961298,0.53743311
1034.60000000,5.12550000,1.47961000,0.41969803,0.53753841
1034.80000000,5.12400000,1.56416000,0.41978258,0.53764976
1035.00000000,5.12562000,1.51427000,0.41986810,0.53775756
1035.20000000,5.12512000,1.53049000,0.41995267,0.53786650
1035.40000000,5.12512000,1.53049000,0.42003770,0.53797545
1035.60000000,5.12537000,1.53596000,0.42012288,0.53808476
1035.80000000,5.12412000,1.47065000,0.42020640,0.53818944
1036.00000000,5.12500000,1.53062000,0.42028976,0.53829839
1036.20000000,5.12500000,1.53062000,0.42037480,0.53840734
1036.40000000,5.12462000,1.49232000,0.42045877,0.53851352
1036.60000000,5.12287000,1.44108000,0.42054025,0.53861606
1036.80000000,5.12350000,1.45065000,0.42062058,0.53871935
1037.00000000,5.12662000,1.44460000,0.42070100,0.53882221
1037.20000000,5.12662000,1.44460000,0.42078126,0.53892500
1037.40000000,5.12300000,1.43532000,0.42086125,0.53902713
1037.60000000,5.12300000,1.39641000,0.42093991,0.53912652
1037.80000000,5.12462000,1.44054000,0.42101872,0.53922905
1038.00000000,5.12462000,1.44054000,0.42109875,0.53933157
1038.20000000,5.12412000,1.52640000,0.42118116,0.53944025
1038.40000000,5.12662000,1.53110000,0.42126609,0.53954920
1038.60000000,5.12300000,1.46262000,0.42134925,0.53965330
1038.80000000,5.12462000,1.44819000,0.42143011,0.53975637
1039.00000000,5.12462000,1.44819000,0.42151056,0.53985942
1039.20000000,5.12337000,1.43862000,0.42159075,0.53996181
1039.40000000,5.12412000,1.39600000,0.42166949,0.54006112
1039.60000000,5.12212000,1.44416000,0.42174839,0.54016386
1039.80000000,5.12212000,1.44416000,0.42182862,0.54026665
1040.00000000,5.12487000,1.41267000,0.42190797,0.54036718
1040.20000000,5.12387000,1.47804000,0.42198827,0.54047241
1040.40000000,5.12575000,1.48342000,0.42207053,0.54057801
1040.60000000,5.12412000,1.50243000,0.42215347,0.54068494
1040.80000000,5.12412000,1.50243000,0.42223694,0.54079181
1041.00000000,5.12150000,1.51974000,0.42232089,0.54090001
1041.20000000,5.12600000,1.59481000,0.42240741,0.54101355
1041.40000000,5.12487000,1.52985000,0.42249420,0.54112244
1041.60000000,5.12487000,1.52985000,0.42257919,0.54123132
1041.80000000,5.12437000,1.56764000,0.42266524,0.54134288
1042.00000000,5.12387000,1.44860000,0.42274902,0.54144597
1042.20000000,5.12362000,1.45123000,0.42282957,0.54154924
1042.40000000,5.12362000,1.45123000,0.42291019,0.54165251
1042.60000000,5.12350000,1.44444000,0.42299063,0.54175529
1042.80000000,5.12312000,1.43350000,0.42307057,0.54185727
1043.00000000,5.12225000,1.38227000,0.42314879,0.54195561
1043.20000000,5.12312000,1.37644000,0.42322542,0.54205355
1043.40000000,5.12312000,1.37644000,0.42330189,0.54215144
1043.60000000,5.12037000,1.47872000,0.42338120,0.54225667
1043.80000000,5.12400000,1.50288000,0.42346402,0.54236363
1044.00000000,5.12412000,1.45369000,0.42354615,0.54246709
1044.20000000,5.12412000,1.45369000,0.42362691,0.54257052
1044.40000000,5.12325000,1.43795000,0.42370723,0.54267288
1044.60000000,5.12512000,1.47200000,0.42378806,0.54277762
1044.80000000,5.12300000,1.46649000,0.42386969,0.54288197
1045.00000000,5.12325000,1.46332000,0.42395107,0.54298609
1045.20000000,5.12325000,1.46332000,0.42403237,0.54309019
1045.40000000,5.12175000,1.43552000,0.42411289,0.54319239
1045.60000000,5.12637000,1.48652000,0.42419406,0.54329817
1045.80000000,5.12312000,1.50675000,0.42427720,0.54340538
1046.00000000,5.12312000,1.50675000,0.42436091,0.54351264
1046.20000000,5.12537000,1.51424000,0.42444483,0.54362040
1046.40000000,5.12400000,1.46060000,0.42452746,0.54372433
1046.60000000,5.12337000,1.51008000,0.42460998,0.54383181
1046.80000000,5.12450000,1.50956000,0.42469386,0.54393925
1047.00000000,5.12450000,1.50956000,0.42477773,0.54404667
1047.20000000,5.12350000,1.48771000,0.42486098,0.54415255
1047.40000000,5.12400000,1.55158000,0.42494541,0.54426296
1047.60000000,5.12375000,1.53449000,0.42503113,0.54437216
1047.80000000,5.12375000,1.53449000,0.42511638,0.54448138
1048.00000000,5.12437000,1.48438000,0.42520024,0.54458701
1048.20000000,5.12387000,1.47459000,0.42528243,0.54469197
1048.40000000,5.12487000,1.51273000,0.42536541,0.54479962
1048.60000000,5.12375000,1.51904000,0.42544963,0.54490772
1048.80000000,5.12375000,1.51904000,0.42553402,0.54501578
1049.00000000,5.12175000,1.48726000,0.42561753,0.54512162
1049.20000000,5.12412000,1.46265000,0.42569947,0.54522569
1049.40000000,5.12287000,1.50684000,0.42578196,0.54533294
1049.60000000,5.12425000,1.49980000,0.42586547,0.54543968
1049.80000000,5.12425000,1.49980000,0.42594880,0.54554637
1050.00000000,5.12200000,1.49190000,0.42603190,0.54565256
1050.20000000,5.12500000,1.51257000,0.42611536,0.54576016
1050.40000000,5.12162000,1.45132000,0.42619769,0.54586340
1050.60000000,5.12162000,1.45132000,0.42627832,0.54596670
1050.80000000,5.12475000,1.47152000,0.42635951,0.54607144
1051.00000000,5.12500000,1.59251000,0.42644462,0.54618477
1051.20000000,5.12375000,1.50662000,0.42653071,0.54629194
1051.40000000,5.12162000,1.49424000,0.42661406,0.54639823
1051.60000000,5.12162000,1.49424000,0.42669708,0.54650458
1051.80000000,5.12437000,1.45462000,0.42677899,0.54660810
1052.00000000,5.12400000,1.50636000,0.42686124,0.54671530
1052.20000000,5.12400000,1.47884000,0.42694416,0.54682055
1052.40000000,5.12400000,1.47884000,0.42702632,0.54692580
1052.60000000,5.12450000,1.46566000,0.42710811,0.54703010
1052.80000000,5.12387000,1.43180000,0.42718859,0.54713195
1053.00000000,5.12162000,1.41609000,0.42726770,0.54723275
1053.20000000,5.12500000,1.48233000,0.42734821,0.54733826
1053.40000000,5.12500000,1.48233000,0.42743057,0.54744373
1053.60000000,5.12262000,1.48272000,0.42751293,0.54754924
1053.80000000,5.12375000,1.52860000,0.42759658,0.54765801
1054.00000000,5.12325000,1.49091000,0.42768045,0.54776410
1054.20000000,5.12325000,1.49091000,0.42776328,0.54787022
1054.40000000,5.12487000,1.53308000,0.42784728,0.54797928
1054.60000000,5.12200000,1.48998000,0.42793125,0.54808537
1054.80000000,5.12662000,1.56291000,0.42801606,0.54819659
1055.00000000,5.12325000,1.56512000,0.42810295,0.54830795
1055.20000000,5.12325000,1.56512000,0.42818990,0.54841933
1055.40000000,5.12387000,1.51715000,0.42827552,0.54852727
1055.60000000,5.12250000,1.50140000,0.42835936,0.54863413
1055.80000000,5.12412000,1.51619000,0.42844319,0.54874203
1056.00000000,5.12337000,1.47219000,0.42852620,0.54884679
1056.20000000,5.12337000,1.47219000,0.42860799,0.54895152
1056.40000000,5.12212000,1.52163000,0.42869115,0.54905982
1056.60000000,5.12425000,1.52995000,0.42877591,0.54916870
1056.80000000,5.12425000,1.49795000,0.42886002,0.54927531
1057.00000000,5.12425000,1.49795000,0.42894324,0.54938189
1057.20000000,5.12262000,1.48451000,0.42902609,0.54948753
1057.40000000,5.12387000,1.48041000,0.42910845,0.54959287
1057.60000000,5.12312000,1.44832000,0.42918980,0.54969592
1057.80000000,5.12312000,1.44832000,0.42927026,0.54979903
1058.00000000,5.12550000,1.62000000,0.42935549,0.54991433
1058.20000000,5.12475000,1.50233000,0.42944222,0.55002123
1058.40000000,5.12325000,1.47923000,0.42952505,0.55012649
1058.60000000,5.12325000,1.47923000,0.42960722,0.55023175
1058.80000000,5.12325000,1.46044000,0.42968888,0.55033571
1059.00000000,5.12525000,1.54307000,0.42977231,0.55044552
1059.20000000,5.12412000,1.47878000,0.42985625,0.55055073
1059.40000000,5.12225000,1.45465000,0.42993774,0.55065422
1059.60000000,5.12225000,1.45465000,0.43001855,0.55075771
1059.80000000,5.12287000,1.42019000,0.43009841,0.55085877
1060.00000000,5.12325000,1.38886000,0.43017644,0.55095760
1060.20000000,5.12362000,1.44675000,0.43025520,0.55106056
1060.40000000,5.12362000,1.44675000,0.43033558,0.55116352
1060.60000000,5.12412000,1.45830000,0.43041627,0.55126730
1060.80000000,5.12387000,1.41248000,0.43049602,0.55136780
1061.00000000,5.12287000,1.45142000,0.43057557,0.55147110
1061.20000000,5.12437000,1.43776000,0.43065583,0.55157343
1061.40000000,5.12437000,1.43776000,0.43073570,0.55167574
1061.60000000,5.12362000,1.43673000,0.43081555,0.55177795
1061.80000000,5.12225000,1.44342000,0.43089555,0.55188069
1062.00000000,5.12475000,1.38694000,0.43097417,0.55197941
1062.20000000,5.12475000,1.38694000,0.43105123,0.55207810
1062.40000000,5.12337000,1.41996000,0.43112920,0.55217914
1062.60000000,5.12337000,1.42934000,0.43120834,0.55228083
1062.80000000,5.12250000,1.48307000,0.43128924,0.55238635
1063.00000000,5.12250000,1.50979000,0.43137238,0.55249376
1063.20000000,5.12250000,1.50979000,0.43145626,0.55260124
1063.40000000,5.12562000,1.44912000,0.43153845,0.55270438
1063.60000000,5.12462000,1.44876000,0.43161894,0.55280747
1063.80000000,5.12300000,1.39689000,0.43169799,0.55290686
1064.00000000,5.12400000,1.47116000,0.43177766,0.55301156
1064.20000000,5.12400000,1.47116000,0.43185939,0.55311623
1064.40000000,5.12262000,1.41974000,0.43193969,0.55321720
1064.60000000,5.12062000,1.39481000,0.43201787,0.55331648
1064.80000000,5.12512000,1.43196000,0.43209640,0.55341841
1065.00000000,5.12512000,1.43196000,0.43217595,0.55352028
1065.20000000,5.12175000,1.37177000,0.43225383,0.55361791
1065.40000000,5.12437000,1.42544000,0.43233153,0.55371935
1065.60000000,5.12400000,1.46262000,0.43241175,0.55382346
1065.80000000,5.12500000,1.56291000,0.43249580,0.55393471
1066.00000000,5.12500000,1.56291000,0.43258263,0.55404591
1066.20000000,5.12250000,1.44953000,0.43266630,0.55414906
1066.40000000,5.12362000,1.43305000,0.43274638,0.55425104
1066.60000000,5.12362000,1.41859000,0.43282559,0.55435198
1066.80000000,5.12362000,1.41859000,0.43290440,0.55445295
1067.00000000,5.12437000,1.43526000,0.43298367,0.55455509
1067.20000000,5.12375000,1.44083000,0.43306356,0.55465760
1067.40000000,5.12262000,1.40364000,0.43314258,0.55475753
1067.60000000,5.12600000,1.43571000,0.43322145,0.55485974
1067.80000000,5.12600000,1.43571000,0.43330121,0.55496191
1068.00000000,5.12362000,1.48649000,0.43338238,0.55506769
1068.20000000,5.12375000,1.49740000,0.43346527,0.55517424
1068.40000000,5.12300000,1.47756000,0.43354790,0.55527937
1068.60000000,5.12300000,1.47756000,0.43362999,0.55538451
1068.80000000,5.12350000,1.46732000,0.43371179,0.55548897
1069.00000000,5.12562000,1.53292000,0.43379513,0.55559806
1069.20000000,5.12375000,1.51318000,0.43387975,0.55570575
1069.40000000,5.12412000,1.50422000,0.43396356,0.55581280
1069.60000000,5.12412000,1.50422000,0.43404713,0.55591984
1069.80000000,5.12337000,1.50614000,0.43413075,0.55602701
1070.00000000,5.12350000,1.48816000,0.43421393,0.55613292
1070.20000000,5.12375000,1.54070000,0.43429806,0.55624256
1070.40000000,5.12475000,1.48524000,0.43438212,0.55634827
1070.60000000,5.12475000,1.48524000,0.43446463,0.55645395
1070.80000000,5.12287000,1.43564000,0.43454577,0.55655611
1071.00000000,5.12375000,1.44630000,0.43462582,0.55665904
1071.20000000,5.12325000,1.45145000,0.43470631,0.55676232
1071.40000000,5.12325000,1.45145000,0.43478695,0.55686561
1071.60000000,5.12400000,1.45820000,0.43486777,0.55696937
1071.80000000,5.12337000,1.42176000,0.43494777,0.55707053
1072.00000000,5.12250000,1.44700000,0.43502746,0.55717347
1072.20000000,5.12250000,1.44700000,0.43510785,0.55727643
1072.40000000,5.12300000,1.47072000,0.43518890,0.55738109
1072.60000000,5.12362000,1.46073000,0.43527033,0.55748503
1072.80000000,5.12312000,1.41324000,0.43535016,0.55758559
1073.00000000,5.12312000,1.41324000,0.43542867,0.55768614
1073.20000000,5.12287000,1.40342000,0.43550691,0.55778600
1073.40000000,5.12325000,1.45523000,0.43558632,0.55788956
1073.60000000,5.12387000,1.60214000,0.43567125,0.55800359
1073.80000000,5.12437000,1.55942000,0.43575907,0.55811458
1074.00000000,5.12437000,1.55942000,0.43584570,0.55822556
1074.20000000,5.12412000,1.52873000,0.43593148,0.55833435
1074.40000000,5.12375000,1.59830000,0.43601834,0.55844813
1074.60000000,5.12550000,1.48400000,0.43610396,0.55855377
1074.80000000,5.12550000,1.48400000,0.43618641,0.55865937
1075.00000000,5.12325000,1.49872000,0.43626926,0.55876605
1075.20000000,5.12525000,1.45097000,0.43635120,0.55886928
1075.40000000,5.12262000,1.42675000,0.43643113,0.55897081
1075.60000000,5.12362000,1.47132000,0.43651164,0.55907551
1075.80000000,5.12362000,1.47132000,0.43659338,0.55918019
1076.00000000,5.12250000,1.43347000,0.43667407,0.55928220
1076.20000000,5.12387000,1.49811000,0.43675550,0.55938887
1076.40000000,5.12662000,1.60089000,0.43684158,0.55950286
1076.60000000,5.12662000,1.60089000,0.43693052,0.55961678
1076.80000000,5.12350000,1.51670000,0.43701712,0.55972472
1077.00000000,5.12400000,1.52832000,0.43710170,0.55983346
1077.20000000,5.12275000,1.51939000,0.43718636,0.55994159
1077.40000000,5.12425000,1.47737000,0.43726961,0.56004674
1077.60000000,5.12425000,1.47737000,0.43735168,0.56015182
1077.80000000,5.12112000,1.51184000,0.43743471,0.56025940
1078.00000000,5.12325000,1.57132000,0.43752036,0.56037122
1078.20000000,5.12412000,1.52416000,0.43760634,0.56047970
1078.40000000,5.12412000,1.52416000,0.43769102,0.56058815
1078.60000000,5.12312000,1.48870000,0.43777471,0.56069405
1078.80000000,5.12187000,1.49616000,0.43785762,0.56080055
1079.00000000,5.12525000,1.47520000,0.43794016,0.56090553
1079.20000000,5.12362000,1.49766000,0.43802274,0.56101210
1079.40000000,5.12362000,1.49766000,0.43810594,0.56111868
1079.60000000,5.12375000,1.46624000,0.43818827,0.56122303
1079.80000000,5.12387000,1.52851000,0.43827146,0.56133183
1080.00000000,5.12512000,1.55228000,0.43835704,0.56144230
1080.20000000,5.12400000,1.51587000,0.43844227,0.56155018
1080.40000000,5.12400000,1.51587000,0.43852648,0.56165805
1080.60000000,5.12337000,1.57212000,0.43861226,0.56176992
1080.80000000,5.12350000,1.46800000,0.43869671,0.56187441
1081.00000000,5.12475000,1.41174000,0.43877670,0.56197489
1081.20000000,5.12475000,1.41174000,0.43885513,0.56207535
1081.40000000,5.12337000,1.40406000,0.43893334,0.56217522
1081.60000000,5.12137000,1.51299000,0.43901437,0.56228289
1081.80000000,5.12412000,1.50800000,0.43909829,0.56239022
1082.00000000,5.12412000,1.50800000,0.43918207,0.56249753
1082.20000000,5.12387000,1.43702000,0.43926387,0.56259977
1082.40000000,5.12237000,1.49113000,0.43934521,0.56270590
1082.60000000,5.12450000,1.44924000,0.43942689,0.56280904
1082.80000000,5.12400000,1.44131000,0.43950718,0.56291162
1083.00000000,5.12400000,1.44131000,0.43958725,0.56301419
1083.20000000,5.12400000,1.43561000,0.43966717,0.56311637
1083.40000000,5.12437000,1.39945000,0.43974592,0.56321597
1083.60000000,5.12450000,1.43244000,0.43982458,0.56331792
1083.80000000,5.12450000,1.43244000,0.43990416,0.56341988
1084.00000000,5.12487000,1.47206000,0.43998484,0.56352463
1084.20000000,5.12337000,1.41318000,0.44006499,0.56362519
1084.40000000,5.12337000,1.45337000,0.44014462,0.56372861
1084.60000000,5.12337000,1.45337000,0.44022536,0.56383205
1084.80000000,5.12475000,1.44905000,0.44030598,0.56393515
1085.00000000,5.12275000,1.41926000,0.44038566,0.56403614
1085.20000000,5.12300000,1.44419000,0.44046520,0.56413889
1085.40000000,5.12262000,1.54012000,0.44054810,0.56424846
1085.60000000,5.12262000,1.54012000,0.44063366,0.56435805
1085.80000000,5.12300000,1.40956000,0.44071559,0.56445835
1086.00000000,5.12325000,1.45331000,0.44079512,0.56456179
1086.20000000,5.12462000,1.51049000,0.44087745,0.56466930
1086.40000000,5.12462000,1.51049000,0.44096136,0.56477678
1086.60000000,5.12350000,1.49587000,0.44104487,0.56488321
1086.80000000,5.12275000,1.46812000,0.44112720,0.56498773
1087.00000000,5.12575000,1.43952000,0.44120797,0.56509018
1087.20000000,5.12450000,1.47507000,0.44128893,0.56519517
1087.40000000,5.12450000,1.47507000,0.44137088,0.56530013
1087.60000000,5.12337000,1.47312000,0.44145278,0.56540498
1087.80000000,5.12425000,1.45932000,0.44153423,0.56550880
1088.00000000,5.12262000,1.38828000,0.44161333,0.56560758
1088.20000000,5.12250000,1.46681000,0.44169264,0.56571193
1088.40000000,5.12250000,1.46681000,0.44177413,0.56581632
1088.60000000,5.12387000,1.47456000,0.44185583,0.56592131
1088.80000000,5.12662000,1.57030000,0.44194041,0.56603305
1089.00000000,5.12350000,1.42768000,0.44202369,0.56613465
1089.20000000,5.12350000,1.42768000,0.44210301,0.56623626
1089.40000000,5.12475000,1.57148000,0.44218632,0.56634809
1089.60000000,5.12337000,1.44016000,0.44226997,0.56645059
1089.80000000,5.12450000,1.41952000,0.44234941,0.56655159
1090.00000000,5.12312000,1.38156000,0.44242722,0.56664990
1090.20000000,5.12312000,1.38156000,0.44250397,0.56674824
1090.40000000,5.12500000,1.39107000,0.44258099,0.56684720
1090.60000000,5.12187000,1.39379000,0.44265834,0.56694637
1090.80000000,5.12300000,1.44902000,0.44273731,0.56704947
1091.00000000,5.12300000,1.44902000,0.44281781,0.56715255
1091.20000000,5.12200000,1.47120000,0.44289893,0.56725726
1091.40000000,5.12437000,1.46508000,0.44298049,0.56736152
1091.60000000,5.12400000,1.43587000,0.44306108,0.56746371
1091.80000000,5.12387000,1.39507000,0.44313971,0.56756299
1092.00000000,5.12387000,1.39507000,0.44321722,0.56766226
1092.20000000,5.12337000,1.45120000,0.44329628,0.56776549
1092.40000000,5.12162000,1.41942000,0.44337602,0.56786654
1092.60000000,5.12600000,1.49248000,0.44345690,0.56797280
1092.80000000,5.12600000,1.49248000,0.44353982,0.56807902
1093.00000000,5.12412000,1.44016000,0.44362128,0.56818150
1093.20000000,5.12387000,1.43545000,0.44370116,0.56828368
1093.40000000,5.12475000,1.43692000,0.44378095,0.56838593
1093.60000000,5.12350000,1.35436000,0.44385848,0.56848230
1093.80000000,5.12350000,1.35436000,0.44393373,0.56857868
1094.00000000,5.12387000,1.42880000,0.44401104,0.56868034
1094.20000000,5.12262000,1.49168000,0.44409216,0.56878651
1094.40000000,5.12437000,1.52198000,0.44417587,0.56889483
1094.60000000,5.12512000,1.48588000,0.44425943,0.56900060
1094.80000000,5.12512000,1.48588000,0.44434197,0.56910635
1095.00000000,5.12450000,1.49993000,0.44442491,0.56921309
1095.20000000,5.12350000,1.53824000,0.44450931,0.56932261
1095.40000000,5.12625000,1.52208000,0.44459432,0.56943097
1095.60000000,5.12625000,1.52208000,0.44467888,0.56953933
1095.80000000,5.12550000,1.52582000,0.44476354,0.56964793
1096.00000000,5.12450000,1.52208000,0.44484820,0.56975621
1096.20000000,5.12225000,1.40838000,0.44492961,0.56985641
1096.40000000,5.12225000,1.40838000,0.44500785,0.56995666
1096.60000000,5.12550000,1.47984000,0.44508808,0.57006202
1096.80000000,5.12575000,1.48684000,0.44517048,0.57016782
1097.00000000,5.12350000,1.46134000,0.44525238,0.57027181
1097.20000000,5.12262000,1.44096000,0.44533300,0.57037433
1097.40000000,5.12262000,1.44096000,0.44541305,0.57047686
1097.60000000,5.12325000,1.45753000,0.44549357,0.57058057
1097.80000000,5.12287000,1.41030000,0.44557323,0.57068093
1098.00000000,5.12412000,1.43036000,0.44565213,0.57078273
1098.20000000,5.12412000,1.43036000,0.44573160,0.57088450
1098.40000000,5.12275000,1.45318000,0.44581170,0.57098790
1098.60000000,5.12300000,1.41955000,0.44589150,0.57108889
1098.80000000,5.12237000,1.39779000,0.44596975,0.57118833
1099.00000000,5.12237000,1.39779000,0.44604741,0.57128781
1099.20000000,5.12375000,1.56566000,0.44612973,0.57139926
1099.40000000,5.12537000,1.46185000,0.44621383,0.57150326
1099.60000000,5.12212000,1.45548000,0.44629486,0.57160683
1099.80000000,5.12375000,1.47622000,0.44637630,0.57171188
1100.00000000,5.12375000,1.47622000,0.44645831,0.57181693
1100.20000000,5.12362000,1.41296000,0.44653857,0.57191746
1100.40000000,5.12262000,1.54041000,0.44662060,0.57202711
1100.60000000,5.12475000,1.45856000,0.44670391,0.57213092
1100.80000000,5.12475000,1.45856000,0.44678494,0.57223473
1101.00000000,5.12437000,1.52230000,0.44686774,0.57234308
1101.20000000,5.12450000,1.49939000,0.44695168,0.57244978
1101.40000000,5.12375000,1.43225000,0.44703311,0.57255170
1101.60000000,5.12375000,1.50464000,0.44711469,0.57265878
1101.80000000,5.12375000,1.50464000,0.44719828,0.57276582
1102.00000000,5.12225000,1.44400000,0.44728019,0.57286861
1102.20000000,5.12500000,1.43868000,0.44736026,0.57297098
1102.40000000,5.12350000,1.45110000,0.44744054,0.57307423
1102.60000000,5.12312000,1.43078000,0.44752059,0.57317604
1102.80000000,5.12312000,1.43078000,0.44760008,0.57327780
1103.00000000,5.12087000,1.38192000,0.44767821,0.57337621
1103.20000000,5.12700000,1.54448000,0.44775949,0.57348611
1103.40000000,5.12325000,1.43161000,0.44784216,0.57358797
1103.60000000,5.12325000,1.43161000,0.44792170,0.57368984
1103.80000000,5.12325000,1.39862000,0.44800032,0.57378938
1104.00000000,5.12412000,1.49302000,0.44808064,0.57389563
1104.20000000,5.12375000,1.49017000,0.44816351,0.57400167
1104.40000000,5.12375000,1.53971000,0.44824767,0.57411124
1104.60000000,5.12375000,1.53971000,0.44833321,0.57422083
1104.80000000,5.12450000,1.51388000,0.44841803,0.57432859
1105.00000000,5.12500000,1.50172000,0.44850180,0.57443545
1105.20000000,5.12337000,1.43072000,0.44858325,0.57453725
1105.40000000,5.12337000,1.43072000,0.44866274,0.57463907
1105.60000000,5.12400000,1.50956000,0.44874441,0.57474651
1105.80000000,5.12425000,1.48816000,0.44882768,0.57485242
1106.00000000,5.12400000,1.47507000,0.44890999,0.57495739
1106.20000000,5.12362000,1.49862000,0.44899260,0.57506403
1106.40000000,5.12362000,1.49862000,0.44907585,0.57517068
1106.60000000,5.12412000,1.51795000,0.44915965,0.57527871
1106.80000000,5.12412000,1.52390000,0.44924414,0.57538720
1107.00000000,5.12575000,1.58396000,0.44933047,0.57549996
1107.20000000,5.12575000,1.58396000,0.44941847,0.57561269
1107.40000000,5.12400000,1.45507000,0.44950289,0.57571626
1107.60000000,5.12487000,1.58147000,0.44958724,0.57582879
1107.80000000,5.12337000,1.50873000,0.44967307,0.57593619
1108.00000000,5.12525000,1.60233000,0.44975949,0.57605025
1108.20000000,5.12525000,1.60233000,0.44984851,0.57616427
1108.40000000,5.12337000,1.45686000,0.44993349,0.57626793
1108.60000000,5.12300000,1.44140000,0.45001400,0.57637049
1108.80000000,5.12325000,1.51420000,0.45009610,0.57647824
1109.00000000,5.12400000,1.52208000,0.45018044,0.57658656
1109.20000000,5.12400000,1.52208000,0.45026500,0.57669487
1109.40000000,5.12362000,1.53494000,0.45034991,0.57680410
1109.60000000,5.12350000,1.48710000,0.45043386,0.57690994
1109.80000000,5.12437000,1.53238000,0.45051773,0.57701900
1110.00000000,5.12437000,1.53238000,0.45060287,0.57712805
1110.20000000,5.12375000,1.48099000,0.45068657,0.57723344
1110.40000000,5.12362000,1.57932000,0.45077158,0.57734586
1110.60000000,5.12500000,1.55955000,0.45085877,0.57745687
1110.80000000,5.12300000,1.44534000,0.45094224,0.57755971
1111.00000000,5.12300000,1.44534000,0.45102254,0.57766257
1111.20000000,5.12425000,1.44729000,0.45110289,0.57776553
1111.40000000,5.12200000,1.42262000,0.45118261,0.57786673
1111.60000000,5.12375000,1.43584000,0.45126201,0.57796891
1111.80000000,5.12375000,1.43584000,0.45134178,0.57807106
1112.00000000,5.12212000,1.42627000,0.45142128,0.57817256
1112.20000000,5.12400000,1.47929000,0.45150199,0.57827783
1112.40000000,5.12362000,1.40352000,0.45158207,0.57837771
1112.60000000,5.12362000,1.40352000,0.45166004,0.57847757
1112.80000000,5.12300000,1.48204000,0.45174020,0.57858306
1113.00000000,5.12487000,1.44192000,0.45182142,0.57868566
1113.20000000,5.12312000,1.47161000,0.45190235,0.57879037
1113.40000000,5.12312000,1.47161000,0.45198411,0.57889512
1113.60000000,5.12487000,1.43913000,0.45206496,0.57899753
1113.80000000,5.12362000,1.46748000,0.45214570,0.57910198
1114.00000000,5.12462000,1.41651000,0.45222581,0.57920277
1114.20000000,5.12337000,1.44476000,0.45230529,0.57930558
1114.40000000,5.12337000,1.44476000,0.45238555,0.57940837
1114.60000000,5.12262000,1.46947000,0.45246650,0.57951298
1114.80000000,5.12550000,1.43734000,0.45254725,0.57961526
1115.00000000,5.12375000,1.48800000,0.45262851,0.57972116
1115.20000000,5.12375000,1.48800000,0.45271117,0.57982704
1115.40000000,5.12325000,1.44377000,0.45279261,0.57992974
1115.60000000,5.12200000,1.41811000,0.45287211,0.58003064
1115.80000000,5.12275000,1.44633000,0.45295168,0.58013357
1116.00000000,5.12400000,1.45177000,0.45303218,0.58023689
1116.20000000,5.12400000,1.45177000,0.45311283,0.58034020
1116.40000000,5.12362000,1.47929000,0.45319425,0.58044544
1116.60000000,5.12237000,1.42700000,0.45327498,0.58054698
1116.80000000,5.12312000,1.41984000,0.45335406,0.58064801
1117.00000000,5.12312000,1.41984000,0.45343294,0.58074906
1117.20000000,5.12425000,1.45814000,0.45351289,0.58085280
1117.40000000,5.12275000,1.45878000,0.45359391,0.58095660
1117.60000000,5.12287000,1.49411000,0.45367594,0.58106294
1117.80000000,5.12450000,1.41798000,0.45375683,0.58116386
1118.00000000,5.12450000,1.41798000,0.45383560,0.58126477
1118.20000000,5.12375000,1.36729000,0.45391297,0.58136207
1118.40000000,5.12400000,1.42947000,0.45399066,0.58146380
1118.60000000,5.12362000,1.44345000,0.45407046,0.58156653
1118.80000000,5.12425000,1.44502000,0.45415070,0.58166937
1119.00000000,5.12425000,1.44502000,0.45423098,0.58177222
1119.20000000,5.12462000,1.44230000,0.45431118,0.58187484
1119.40000000,5.12287000,1.54528000,0.45439417,0.58198479
1119.60000000,5.12312000,1.40489000,0.45447612,0.58208476
1119.80000000,5.12312000,1.40489000,0.45455417,0.58218479
1120.00000000,5.12662000,1.51587000,0.45463530,0.58229265
1120.20000000,5.12300000,1.46102000,0.45471799,0.58239663
1120.40000000,5.12412000,1.43356000,0.45479840,0.58249865
1120.60000000,5.12375000,1.41283000,0.45487746,0.58259919
1120.80000000,5.12375000,1.41283000,0.45495595,0.58269975
1121.00000000,5.12450000,1.46243000,0.45503582,0.58280380
1121.20000000,5.12262000,1.39296000,0.45511514,0.58290295
1121.40000000,5.12512000,1.55446000,0.45519701,0.58301360
1121.60000000,5.12512000,1.55446000,0.45528337,0.58312420
1121.80000000,5.12275000,1.50998000,0.45536849,0.58323166
1122.00000000,5.12400000,1.39894000,0.45544930,0.58333123
1122.20000000,5.12437000,1.57123000,0.45553180,0.58344305
1122.40000000,5.12387000,1.44608000,0.45561562,0.58354596
1122.60000000,5.12387000,1.44608000,0.45569595,0.58364890
1122.80000000,5.12500000,1.55817000,0.45577940,0.58375976
1123.00000000,5.12262000,1.46028000,0.45586325,0.58386368
1123.20000000,5.12387000,1.53689000,0.45594651,0.58397305
1123.40000000,5.12387000,1.53689000,0.45603189,0.58408243
1123.60000000,5.12425000,1.44310000,0.45611467,0.58418513
1123.80000000,5.12400000,1.56016000,0.45619809,0.58429617
1124.00000000,5.12425000,1.50310000,0.45628318,0.58440311
1124.20000000,5.12262000,1.42496000,0.45636451,0.58450449
1124.40000000,5.12262000,1.42496000,0.45644368,0.58460587
1124.60000000,5.12237000,1.47011000,0.45652410,0.58471046
1124.80000000,5.12262000,1.46598000,0.45660566,0.58481476
1125.00000000,5.12512000,1.38880000,0.45668496,0.58491362
1125.20000000,5.12512000,1.38880000,0.45676211,0.58501247
1125.40000000,5.12437000,1.53392000,0.45684330,0.58512159
1125.60000000,5.12200000,1.44812000,0.45692613,0.58522467
1125.80000000,5.12500000,1.43132000,0.45700612,0.58532655
1126.00000000,5.12500000,1.43132000,0.45708563,0.58542835
1126.20000000,5.12112000,1.39270000,0.45716408,0.58552748
1126.40000000,5.12450000,1.40934000,0.45724191,0.58562774
1126.60000000,5.12237000,1.43814000,0.45732101,0.58573008
1126.80000000,5.12337000,1.50729000,0.45740283,0.58583733
1127.00000000,5.12337000,1.50729000,0.45748657,0.58594460
1127.20000000,5.12412000,1.44025000,0.45756844,0.58604710
1127.40000000,5.12400000,1.54870000,0.45765147,0.58615730
1127.60000000,5.12300000,1.49164000,0.45773592,0.58626343
1127.80000000,5.12300000,1.49164000,0.45781879,0.58636964
1128.00000000,5.12687000,1.46064000,0.45790080,0.58647358
1128.20000000,5.12337000,1.48745000,0.45798269,0.58657942
1128.40000000,5.12325000,1.45088000,0.45806431,0.58668269
1128.60000000,5.12462000,1.49529000,0.45814615,0.58678912
1128.80000000,5.12462000,1.49529000,0.45822922,0.58689554
1129.00000000,5.12437000,1.49788000,0.45831236,0.58700214
1129.20000000,5.12425000,1.44249000,0.45839404,0.58710476
1129.40000000,5.12200000,1.46166000,0.45847471,0.58720874
1129.60000000,5.12200000,1.46166000,0.45855592,0.58731278
1129.80000000,5.12487000,1.41075000,0.45863570,0.58741317
1130.00000000,5.12337000,1.51168000,0.45871688,0.58752074
1130.20000000,5.12362000,1.43238000,0.45879866,0.58762270
1130.40000000,5.12500000,1.43360000,0.45887827,0.58772474
1130.60000000,5.12500000,1.43360000,0.45895792,0.58782678
1130.80000000,5.12487000,1.46032000,0.45903830,0.58793072
1131.00000000,5.12462000,1.45433000,0.45911927,0.58803420
1131.20000000,5.12312000,1.40828000,0.45919878,0.58813441
1131.40000000,5.12187000,1.36067000,0.45927570,0.58823120
1131.60000000,5.12187000,1.36067000,0.45935129,0.58832801
1131.80000000,5.12237000,1.49292000,0.45943056,0.58843429
1132.00000000,5.12562000,1.39600000,0.45951081,0.58853362
1132.20000000,5.12300000,1.53814000,0.45959231,0.58864306
1132.40000000,5.12300000,1.53814000,0.45967776,0.58875251
1132.60000000,5.12325000,1.42137000,0.45975997,0.58885364
1132.80000000,5.12312000,1.45699000,0.45983993,0.58895732
1133.00000000,5.12337000,1.43667000,0.45992030,0.58905955
1133.20000000,5.12312000,1.47798000,0.46000127,0.58916471
1133.40000000,5.12312000,1.47798000,0.46008338,0.58926987
1133.60000000,5.12275000,1.37462000,0.46016262,0.58936767
1133.80000000,5.12275000,1.46377000,0.46024146,0.58947183
1134.00000000,5.12312000,1.41312000,0.46032137,0.58957238
1134.20000000,5.12312000,1.41312000,0.46039988,0.58967289
1134.40000000,5.12150000,1.41379000,0.46047841,0.58977351
1134.60000000,5.12412000,1.42345000,0.46055722,0.58987484
1134.80000000,5.12537000,1.58150000,0.46064069,0.58998741
1135.00000000,5.12475000,1.41539000,0.46072394,0.59008815
1135.20000000,5.12475000,1.41539000,0.46080257,0.59018886
1135.40000000,5.12312000,1.40902000,0.46088102,0.59028913
1135.60000000,5.12350000,1.41068000,0.46095935,0.59038950
1135.80000000,5.12287000,1.45145000,0.46103885,0.59049277
1136.00000000,5.12287000,1.45145000,0.46111949,0.59059606
1136.20000000,5.12362000,1.48256000,0.46120099,0.59070155
1136.40000000,5.12337000,1.49548000,0.46128371,0.59080798
1136.60000000,5.12387000,1.49907000,0.46136689,0.59091467
1136.80000000,5.12437000,1.51520000,0.46145062,0.59102251
1137.00000000,5.12437000,1.51520000,0.46153480,0.59113033
1137.20000000,5.12350000,1.49852000,0.46161852,0.59123693
1137.40000000,5.12187000,1.39408000,0.46169887,0.59133613
1137.60000000,5.12350000,1.45385000,0.46177798,0.59143959
1137.80000000,5.12350000,1.45385000,0.46185875,0.59154303
1138.00000000,5.12287000,1.52803000,0.46194158,0.59165179
1138.20000000,5.12450000,1.57036000,0.46202764,0.59176354
1138.40000000,5.12400000,1.49232000,0.46211272,0.59186975
1138.60000000,5.12425000,1.43718000,0.46219409,0.59197204
1138.80000000,5.12425000,1.43718000,0.46227393,0.59207433
1139.00000000,5.12487000,1.62396000,0.46235897,0.59218988
1139.20000000,5.12300000,1.61468000,0.46244893,0.59230483
1139.40000000,5.12550000,1.51075000,0.46253575,0.59241237
1139.60000000,5.12537000,1.49331000,0.46261919,0.59251868
1139.80000000,5.12537000,1.49331000,0.46270215,0.59262492
1140.00000000,5.12262000,1.48220000,0.46278481,0.59273041
1140.20000000,5.12412000,1.49094000,0.46286739,0.59283652
1140.40000000,5.12512000,1.51728000,0.46295096,0.59294452
1140.60000000,5.12512000,1.51728000,0.46303525,0.59305248
1140.80000000,5.12325000,1.49824000,0.46311901,0.59315910
1141.00000000,5.12362000,1.53910000,0.46320338,0.59326865
1141.20000000,5.12487000,1.66297000,0.46329233,0.59338702
1141.40000000,5.12487000,1.66297000,0.46338472,0.59350539
1141.60000000,5.12512000,1.53334000,0.46347350,0.59361450
1141.80000000,5.12337000,1.58275000,0.46356006,0.59372720
1142.00000000,5.12650000,1.53750000,0.46364674,0.59383667
1142.20000000,5.12650000,1.53750000,0.46373215,0.59394606
1142.40000000,5.12275000,1.44028000,0.46381487,0.59404852
1142.60000000,5.12212000,1.51344000,0.46389692,0.59415625
1142.80000000,5.12475000,1.56499000,0.46398243,0.59426757
1143.00000000,5.12162000,1.48515000,0.46406715,0.59437321
1143.20000000,5.12162000,1.48515000,0.46414966,0.59447892
1143.40000000,5.12462000,1.54118000,0.46423373,0.59458857
1143.60000000,5.12275000,1.45273000,0.46431689,0.59469197
1143.80000000,5.12437000,1.51078000,0.46439921,0.59479949
1144.00000000,5.12437000,1.51078000,0.46448314,0.59490700
1144.20000000,5.12375000,1.48467000,0.46456635,0.59501265
1144.40000000,5.12337000,1.49344000,0.46464908,0.59511893
1144.60000000,5.12387000,1.47289000,0.46473147,0.59522373
1144.80000000,5.12287000,1.42003000,0.46481183,0.59532476
1145.00000000,5.12287000,1.42003000,0.46489072,0.59542579
1145.20000000,5.12262000,1.45347000,0.46497054,0.59552923
1145.40000000,5.12362000,1.51520000,0.46505301,0.59563703
1145.60000000,5.12275000,1.43334000,0.46513491,0.59573901
1145.80000000,5.12275000,1.43334000,0.46521454,0.59584103
1146.00000000,5.12450000,1.47689000,0.46529538,0.59594611
1146.20000000,5.12275000,1.41289000,0.46537565,0.59604661
1146.40000000,5.12150000,1.47142000,0.46545577,0.59615135
1146.60000000,5.12537000,1.47212000,0.46553754,0.59625615
1146.80000000,5.12537000,1.47212000,0.46561932,0.59636093
1147.00000000,5.12462000,1.52697000,0.46570263,0.59646961
1147.20000000,5.12487000,1.53104000,0.46578757,0.59657861
1147.40000000,5.12562000,1.50022000,0.46587177,0.59668537
1147.60000000,5.12362000,1.53382000,0.46595605,0.59679451
1147.80000000,5.12362000,1.53382000,0.46604127,0.59690368
1148.00000000,5.12437000,1.52198000,0.46612615,0.59701197
1148.20000000,5.12275000,1.51990000,0.46621065,0.59712014
1148.40000000,5.12412000,1.49049000,0.46629427,0.59722621
1148.60000000,5.12412000,1.49049000,0.46637707,0.59733231
1148.80000000,5.12537000,1.58944000,0.46646263,0.59744545
1149.00000000,5.12487000,1.55171000,0.46654988,0.59755587
1149.20000000,5.12387000,1.51740000,0.46663513,0.59766389
1149.40000000,5.12512000,1.52617000,0.46671968,0.59777252
1149.60000000,5.12512000,1.52617000,0.46680446,0.59788117
1149.80000000,5.12562000,1.46924000,0.46688767,0.59798571
1150.00000000,5.12300000,1.45244000,0.46696883,0.59808907
1150.20000000,5.12375000,1.53590000,0.46705184,0.59819837
1150.40000000,5.12375000,1.53590000,0.46713716,0.59830769
1150.60000000,5.12475000,1.45209000,0.46722016,0.59841099
1150.80000000,5.12200000,1.43939000,0.46730048,0.59851344
1151.00000000,5.12475000,1.42390000,0.46738002,0.59861479
1151.20000000,5.12325000,1.45395000,0.46745996,0.59871825
1151.40000000,5.12325000,1.45395000,0.46754073,0.59882170
1151.60000000,5.12300000,1.41705000,0.46762048,0.59892257
1151.80000000,5.12500000,1.44816000,0.46770007,0.59902565
1152.00000000,5.12362000,1.40400000,0.46777930,0.59912556
1152.20000000,5.12362000,1.40400000,0.46785730,0.59922545
1152.40000000,5.12262000,1.43088000,0.46793605,0.59932729
1152.60000000,5.12450000,1.44240000,0.46801586,0.59942994
1152.80000000,5.12375000,1.48528000,0.46809718,0.59953563
1153.00000000,5.12375000,1.48528000,0.46817970,0.59964131
1153.20000000,5.12250000,1.47401000,0.46826190,0.59974622
1153.40000000,5.12462000,1.40121000,0.46834177,0.59984595
1153.60000000,5.12475000,1.45110000,0.46842100,0.59994924
1153.80000000,5.12475000,1.45110000,0.46850162,0.60005250
1154.00000000,5.12362000,1.41808000,0.46858132,0.60015342
1154.20000000,5.12387000,1.46307000,0.46866135,0.60025753
1154.40000000,5.12362000,1.41676000,0.46874134,0.60035838
1154.60000000,5.12537000,1.43667000,0.46882061,0.60046065
1154.80000000,5.12537000,1.43667000,0.46890042,0.60056287
1155.00000000,5.12262000,1.41836000,0.46897973,0.60066383
1155.20000000,5.12487000,1.46905000,0.46905993,0.60076839
1155.40000000,5.12475000,1.42332000,0.46914028,0.60086970
1155.60000000,5.12475000,1.42332000,0.46921935,0.60097099
1155.80000000,5.12375000,1.38121000,0.46929725,0.60106928
1156.00000000,5.12400000,1.42304000,0.46937515,0.60117057
1156.20000000,5.12500000,1.42259000,0.46945420,0.60127181
1156.40000000,5.12375000,1.45795000,0.46953421,0.60137556
1156.60000000,5.12375000,1.45795000,0.46961521,0.60147929
1156.80000000,5.12237000,1.41200000,0.46969493,0.60157975
1157.00000000,5.12262000,1.43465000,0.46977400,0.60168185
1157.20000000,5.12412000,1.45635000,0.46985431,0.60178547
1157.40000000,5.12300000,1.45420000,0.46993516,0.60188894
1157.60000000,5.12300000,1.45420000,0.47001594,0.60199243
1157.80000000,5.12400000,1.45468000,0.47009675,0.60209596
1158.00000000,5.12400000,1.48636000,0.47017844,0.60220176
1158.20000000,5.12525000,1.53449000,0.47026236,0.60231099
1158.40000000,5.12525000,1.53449000,0.47034760,0.60242021
1158.60000000,5.12462000,1.53427000,0.47043285,0.60252939
1158.80000000,5.12337000,1.47456000,0.47051643,0.60263435
1159.00000000,5.12500000,1.48860000,0.47059874,0.60274029
1159.20000000,5.12400000,1.51433000,0.47068215,0.60284806
1159.40000000,5.12400000,1.51433000,0.47076628,0.60295587
1159.60000000,5.12600000,1.53126000,0.47085088,0.60306486
1159.80000000,5.12500000,1.55516000,0.47093661,0.60317559
1160.00000000,5.12612000,1.46396000,0.47102048,0.60327981
1160.20000000,5.12612000,1.46396000,0.47110181,0.60338400
1160.40000000,5.12425000,1.41843000,0.47118188,0.60348494
1160.60000000,5.12375000,1.41497000,0.47126058,0.60358562
1160.80000000,5.12287000,1.39456000,0.47133862,0.60368486
1161.00000000,5.12350000,1.43436000,0.47141721,0.60378693
1161.20000000,5.12350000,1.43436000,0.47149689,0.60388900
1161.40000000,5.12375000,1.41667000,0.47157609,0.60398981
1161.60000000,5.12375000,1.44390000,0.47165555,0.60409255
1161.80000000,5.12312000,1.42620000,0.47173527,0.60419403
1162.00000000,5.12312000,1.42620000,0.47181451,0.60429558
1162.20000000,5.12637000,1.49260000,0.47189558,0.60440178
1162.40000000,5.12287000,1.43270000,0.47197684,0.60450374
1162.60000000,5.12400000,1.56169000,0.47206002,0.60461487
1162.80000000,5.12362000,1.37516000,0.47214160,0.60471273
1163.00000000,5.12362000,1.37516000,0.47221800,0.60481059
1163.20000000,5.12387000,1.40220000,0.47229515,0.60491038
1163.40000000,5.12362000,1.46048000,0.47237466,0.60501430
1163.60000000,5.12312000,1.45804000,0.47245573,0.60511806
1163.80000000,5.12400000,1.44457000,0.47253636,0.60522086
1164.00000000,5.12400000,1.44457000,0.47261662,0.60532366
1164.20000000,5.12375000,1.38470000,0.47269521,0.60542221
1164.40000000,5.12412000,1.44748000,0.47277388,0.60552523
1164.60000000,5.12437000,1.42438000,0.47285365,0.60562661
1164.80000000,5.12437000,1.42438000,0.47293278,0.60572796
1165.00000000,5.12337000,1.44860000,0.47301259,0.60583105
1165.20000000,5.12362000,1.48864000,0.47309418,0.60593699
1165.40000000,5.12412000,1.41497000,0.47317484,0.60603769
1165.60000000,5.12412000,1.44128000,0.47325418,0.60614027
1165.80000000,5.12412000,1.44128000,0.47333425,0.60624282
1166.00000000,5.12300000,1.55475000,0.47341747,0.60635347
1166.20000000,5.12425000,1.44492000,0.47350079,0.60645630
1166.40000000,5.12337000,1.44688000,0.47358112,0.60655926
1166.60000000,5.12337000,1.44688000,0.47366150,0.60666223
1166.80000000,5.12400000,1.52691000,0.47374411,0.60677091
1167.00000000,5.12462000,1.52243000,0.47382881,0.60687926
1167.20000000,5.12400000,1.49142000,0.47391253,0.60698539
1167.40000000,5.12400000,1.49142000,0.47399539,0.60709152
1167.60000000,5.12325000,1.52931000,0.47407930,0.60720034
1167.80000000,5.12312000,1.52908000,0.47416425,0.60730917
1168.00000000,5.12487000,1.49964000,0.47424838,0.60741592
1168.20000000,5.12487000,1.49964000,0.47433170,0.60752264
1168.40000000,5.12412000,1.49206000,0.47441480,0.60762881
1168.60000000,5.12300000,1.46134000,0.47449684,0.60773280
1168.80000000,5.12387000,1.46409000,0.47457810,0.60783700
1169.00000000,5.12400000,1.43977000,0.47465876,0.60793946
1169.20000000,5.12400000,1.43977000,0.47473875,0.60804188
1169.40000000,5.12187000,1.48083000,0.47481988,0.60814732
1169.60000000,5.12637000,1.61411000,0.47490585,0.60826221
1169.80000000,5.12487000,1.49753000,0.47499228,0.60836880
1170.00000000,5.12487000,1.49753000,0.47507548,0.60847537
1170.20000000,5.12375000,1.48006000,0.47515819,0.60858070
1170.40000000,5.12412000,1.50051000,0.47524098,0.60868750
1170.60000000,5.12437000,1.47379000,0.47532360,0.60879238
1170.80000000,5.12387000,1.51235000,0.47540655,0.60890000
1171.00000000,5.12387000,1.51235000,0.47549057,0.60900763
1171.20000000,5.12375000,1.49024000,0.47557398,0.60911368
1171.40000000,5.12400000,1.49052000,0.47565678,0.60921975
1171.60000000,5.12350000,1.44249000,0.47573825,0.60932240
1171.80000000,5.12337000,1.45065000,0.47581861,0.60942562
1172.00000000,5.12337000,1.45065000,0.47589920,0.60952886
1172.20000000,5.12387000,1.48265000,0.47598069,0.60963439
1172.40000000,5.12500000,1.41996000,0.47606131,0.60973544
1172.60000000,5.12362000,1.49958000,0.47614241,0.60984215
1172.80000000,5.12362000,1.49958000,0.47622572,0.60994888
1173.00000000,5.12425000,1.45196000,0.47630771,0.61005218
1173.20000000,5.12262000,1.35683000,0.47638573,0.61014874
1173.40000000,5.12400000,1.46176000,0.47646402,0.61025277
1173.60000000,5.12412000,1.54352000,0.47654750,0.61036262
1173.80000000,5.12412000,1.54352000,0.47663326,0.61047246
1174.00000000,5.12350000,1.46051000,0.47671670,0.61057638
1174.20000000,5.12325000,1.39542000,0.47679603,0.61067566
1174.40000000,5.12262000,1.42131000,0.47687428,0.61077678
1174.60000000,5.12262000,1.42131000,0.47695324,0.61087791
1174.80000000,5.12262000,1.41417000,0.47703200,0.61097854
1175.00000000,5.12362000,1.43686000,0.47711120,0.61108079
1175.20000000,5.12337000,1.40547000,0.47719015,0.61118078
1175.40000000,5.12237000,1.41875000,0.47726860,0.61128171
1175.60000000,5.12237000,1.41875000,0.47734742,0.61138267
1175.80000000,5.12375000,1.48166000,0.47742799,0.61148808
1176.00000000,5.12187000,1.50969000,0.47751108,0.61159550
1176.20000000,5.12325000,1.50451000,0.47759481,0.61170256
1176.40000000,5.12325000,1.50451000,0.47767839,0.61180962
1176.60000000,5.12362000,1.50086000,0.47776187,0.61191640
1176.80000000,5.12275000,1.53676000,0.47784625,0.61202579
1177.00000000,5.12487000,1.53024000,0.47793145,0.61213469
1177.20000000,5.12387000,1.45865000,0.47801447,0.61223849
1177.40000000,5.12387000,1.45865000,0.47809551,0.61234229
1177.60000000,5.12350000,1.45734000,0.47817651,0.61244598
1177.80000000,5.12262000,1.45913000,0.47825752,0.61254981
1178.00000000,5.12375000,1.44339000,0.47833815,0.61265253
1178.20000000,5.12375000,1.44339000,0.47841833,0.61275523
1178.40000000,5.12325000,1.43625000,0.47849832,0.61285740
1178.60000000,5.12162000,1.41852000,0.47857762,0.61295836
1178.80000000,5.12425000,1.37398000,0.47865519,0.61305614
1179.00000000,5.12375000,1.46425000,0.47873403,0.61316034
1179.20000000,5.12375000,1.46425000,0.47881538,0.61326452
1179.40000000,5.12275000,1.51020000,0.47889800,0.61337196
1179.60000000,5.12212000,1.45161000,0.47898028,0.61347523
1179.80000000,5.12500000,1.48502000,0.47906185,0.61358093
1180.00000000,5.12500000,1.48502000,0.47914435,0.61368659
1180.20000000,5.12250000,1.42339000,0.47922514,0.61378788
1180.40000000,5.12362000,1.47808000,0.47930573,0.61389304
1180.60000000,5.12275000,1.55603000,0.47939002,0.61400375
1180.80000000,5.12275000,1.55603000,0.47947646,0.61411452
1181.00000000,5.12525000,1.51376000,0.47956173,0.61422227
1181.20000000,5.12512000,1.55763000,0.47964705,0.61433309
1181.40000000,5.12262000,1.44339000,0.47973041,0.61443580
1181.60000000,5.12325000,1.49632000,0.47981207,0.61454227
1181.80000000,5.12325000,1.49632000,0.47989520,0.61464877
1182.00000000,5.12450000,1.59644000,0.47998111,0.61476241
1182.20000000,5.12525000,1.48460000,0.48006669,0.61486802
1182.40000000,5.12200000,1.38134000,0.48014630,0.61496629
1182.60000000,5.12200000,1.38134000,0.48022304,0.61506458
1182.80000000,5.12350000,1.42300000,0.48030094,0.61516586
1183.00000000,5.12450000,1.46758000,0.48038124,0.61527026
1183.20000000,5.12150000,1.48969000,0.48046338,0.61537629
1183.40000000,5.12512000,1.42332000,0.48054430,0.61547761
1183.60000000,5.12512000,1.42332000,0.48062337,0.61557886
1183.80000000,5.12200000,1.42976000,0.48070263,0.61568061
1184.00000000,5.12375000,1.37190000,0.48078045,0.61577824
1184.20000000,5.12387000,1.50691000,0.48086042,0.61588548
1184.40000000,5.12387000,1.50691000,0.48094413,0.61599270
1184.60000000,5.12287000,1.40995000,0.48102516,0.61609305
1184.80000000,5.12450000,1.49337000,0.48110581,0.61619931
1185.00000000,5.12300000,1.42758000,0.48118694,0.61630088
1185.20000000,5.12275000,1.37740000,0.48126486,0.61639888
1185.40000000,5.12275000,1.37740000,0.48134138,0.61649694
1185.60000000,5.12575000,1.55030000,0.48142271,0.61660725
1185.80000000,5.12325000,1.44691000,0.48150596,0.61671021
1186.00000000,5.12362000,1.44355000,0.48158625,0.61681294
1186.20000000,5.12425000,1.42796000,0.48166602,0.61691457
1186.40000000,5.12425000,1.42796000,0.48174535,0.61701621
1186.60000000,5.12500000,1.48883000,0.48182637,0.61712218
1186.80000000,5.12475000,1.54092000,0.48191053,0.61723185
1187.00000000,5.12450000,1.46345000,0.48199398,0.61733601
1187.20000000,5.12450000,1.46345000,0.48207529,0.61744014
1187.40000000,5.12287000,1.58425000,0.48215995,0.61755286
1187.60000000,5.12287000,1.39366000,0.48224266,0.61765202
1187.80000000,5.12287000,1.45126000,0.48232169,0.61775527
1188.00000000,5.12237000,1.41257000,0.48240124,0.61785576
1188.20000000,5.12237000,1.41257000,0.48247972,0.61795628
1188.40000000,5.12337000,1.46144000,0.48255955,0.61806029
1188.60000000,5.12412000,1.39580000,0.48263892,0.61815958
1188.80000000,5.12200000,1.49427000,0.48271920,0.61826588
1189.00000000,5.12200000,1.49427000,0.48280221,0.61837222
1189.20000000,5.12350000,1.46153000,0.48288432,0.61847624
1189.40000000,5.12462000,1.45238000,0.48296526,0.61857957
1189.60000000,5.12250000,1.44003000,0.48304561,0.61868206
1189.80000000,5.12437000,1.42403000,0.48312516,0.61878341
1190.00000000,5.12437000,1.42403000,0.48320428,0.61888472
1190.20000000,5.12212000,1.42694000,0.48328347,0.61898626
1190.40000000,5.12375000,1.43817000,0.48336306,0.61908858
1190.60000000,5.12225000,1.40803000,0.48344212,0.61918875
1190.80000000,5.12225000,1.40803000,0.48352034,0.61928897
1191.00000000,5.12487000,1.44819000,0.48359968,0.61939203
1191.20000000,5.12375000,1.42419000,0.48367947,0.61949340
1191.40000000,5.12475000,1.56105000,0.48376239,0.61960451
1191.60000000,5.12475000,1.56105000,0.48384912,0.61971562
1191.80000000,5.12475000,1.46806000,0.48393326,0.61982010
1192.00000000,5.12387000,1.44454000,0.48401416,0.61992290
1192.20000000,5.12412000,1.44588000,0.48409445,0.62002580
1192.40000000,5.12312000,1.43779000,0.48417456,0.62012811
1192.60000000,5.12312000,1.43779000,0.48425443,0.62023040
1192.80000000,5.12237000,1.45020000,0.48433465,0.62033358
1193.00000000,5.12300000,1.42384000,0.48441449,0.62043489
1193.20000000,5.12287000,1.43827000,0.48449399,0.62053722
1193.40000000,5.12287000,1.43827000,0.48457390,0.62063958
1193.60000000,5.12400000,1.38412000,0.48465230,0.62073810
1193.80000000,5.12487000,1.43715000,0.48473066,0.62084035
1194.00000000,5.12237000,1.41142000,0.48480979,0.62094076
1194.20000000,5.12237000,1.41142000,0.48488820,0.62104121
1194.40000000,5.12400000,1.51315000,0.48496944,0.62114891
1194.60000000,5.12487000,1.53136000,0.48505401,0.62125787
1194.80000000,5.12275000,1.60220000,0.48514105,0.62137194
1195.00000000,5.12650000,1.54332000,0.48522843,0.62148183
1195.20000000,5.12650000,1.54332000,0.48531417,0.62159166
1195.40000000,5.12387000,1.47849000,0.48539811,0.62169689
1195.60000000,5.12462000,1.55491000,0.48548237,0.62180760
1195.80000000,5.12612000,1.63334000,0.48557093,0.62192387
1196.00000000,5.12562000,1.49027000,0.48565770,0.62202996
1196.20000000,5.12562000,1.49027000,0.48574049,0.62213601
1196.40000000,5.12325000,1.42800000,0.48582156,0.62223763
1196.60000000,5.12387000,1.46694000,0.48590197,0.62234205
1196.80000000,5.12525000,1.51644000,0.48598484,0.62245000
1197.00000000,5.12525000,1.51644000,0.48606909,0.62255790
1197.20000000,5.12312000,1.50364000,0.48615298,0.62266492
1197.40000000,5.12437000,1.49628000,0.48623631,0.62277142
1197.60000000,5.12487000,1.53584000,0.48632054,0.62288074
1197.80000000,5.12500000,1.50812000,0.48640509,0.62298809
1198.00000000,5.12500000,1.50812000,0.48648888,0.62309544
1198.20000000,5.12487000,1.50854000,0.48657267,0.62320277
1198.40000000,5.12300000,1.51209000,0.48665658,0.62331041
1198.60000000,5.12512000,1.49289000,0.48674005,0.62341667
1198.80000000,5.12512000,1.49289000,0.48682299,0.62352292
1199.00000000,5.12400000,1.50848000,0.48690636,0.62363029
1199.20000000,5.12462000,1.61555000,0.48699314,0.62374528
1199.40000000,5.12500000,1.52560000,0.48708039,0.62385389
1199.60000000,5.12587000,1.52416000,0.48716511,0.62396240
1199.80000000,5.12587000,1.52416000,0.48724978,0.62407088
1200.00000000,5.12425000,1.49833000,0.48733374,0.62417752
1200.20000000,5.12437000,1.52563000,0.48741774,0.62428608
1200.40000000,5.12375000,1.54304000,0.48750298,0.62439589
1200.60000000,5.12375000,1.54304000,0.48758871,0.62450575
1200.80000000,5.12600000,1.56006000,0.48767490,0.62461673
1201.00000000,5.12200000,1.52742000,0.48776067,0.62472548
1201.20000000,5.12625000,1.44992000,0.48784337,0.62482867
1201.40000000,5.12425000,1.49161000,0.48792508,0.62493483
1201.60000000,5.12425000,1.49161000,0.48800795,0.62504100
1201.80000000,5.12475000,1.46585000,0.48809010,0.62514532
1202.00000000,5.12425000,1.37846000,0.48816911,0.62524341
1202.20000000,5.12325000,1.39894000,0.48824626,0.62534296
1202.40000000,5.12362000,1.47846000,0.48832618,0.62544817
1202.60000000,5.12362000,1.47846000,0.48840832,0.62555339
1202.80000000,5.12450000,1.48956000,0.48849077,0.62565941
1203.00000000,5.12437000,1.51337000,0.48857418,0.62576710
1203.20000000,5.12362000,1.53734000,0.48865892,0.62587650
1203.40000000,5.12362000,1.53734000,0.48874433,0.62598587
1203.60000000,5.12200000,1.54489000,0.48882995,0.62609581
1203.80000000,5.12400000,1.48608000,0.48891414,0.62620155
1204.00000000,5.12287000,1.53504000,0.48899806,0.62631077
1204.20000000,5.12287000,1.53504000,0.48908334,0.62641998
1204.40000000,5.12262000,1.50204000,0.48916771,0.62652688
1204.60000000,5.12437000,1.44800000,0.48924965,0.62662992
1204.80000000,5.12350000,1.45328000,0.48933024,0.62673334
1205.00000000,5.12300000,1.43900000,0.48941058,0.62683573
1205.20000000,5.12300000,1.43900000,0.48949053,0.62693812
1205.40000000,5.12325000,1.39097000,0.48956914,0.62703709
1205.60000000,5.12275000,1.42435000,0.48964734,0.62713844
1205.80000000,5.12362000,1.36960000,0.48972495,0.62723591
1206.00000000,5.12362000,1.36960000,0.48980104,0.62733339
1206.20000000,5.12450000,1.45804000,0.48987959,0.62743717
1206.40000000,5.12475000,1.53513000,0.48996273,0.62754642
1206.60000000,5.12400000,1.39216000,0.49004404,0.62764549
1206.80000000,5.12400000,1.39216000,0.49012138,0.62774458
1207.00000000,5.12462000,1.52147000,0.49020232,0.62785283
1207.20000000,5.12262000,1.41788000,0.49028397,0.62795375
1207.40000000,5.12500000,1.36188000,0.49036118,0.62805064
1207.60000000,5.12250000,1.44688000,0.49043920,0.62815358
1207.80000000,5.12250000,1.44688000,0.49051959,0.62825657
1208.00000000,5.12487000,1.51654000,0.49060190,0.62836451
1208.20000000,5.12450000,1.47388000,0.49068497,0.62846940
1208.40000000,5.12375000,1.38723000,0.49076445,0.62856811
1208.60000000,5.12375000,1.38723000,0.49084151,0.62866680
1208.80000000,5.12200000,1.42297000,0.49091958,0.62876809
1209.00000000,5.12512000,1.49692000,0.49100068,0.62887462
1209.20000000,5.12412000,1.44956000,0.49108253,0.62897775
1209.40000000,5.12225000,1.42006000,0.49116224,0.62907878
1209.60000000,5.12225000,1.42006000,0.49124113,0.62917984
1209.80000000,5.12437000,1.42937000,0.49132029,0.62928152
1210.00000000,5.12137000,1.35676000,0.49139768,0.62937808
1210.20000000,5.12462000,1.43174000,0.49147514,0.62947995
1210.40000000,5.12262000,1.40358000,0.49155389,0.62957981
1210.60000000,5.12262000,1.40358000,0.49163187,0.62967968
1210.80000000,5.12300000,1.45830000,0.49171137,0.62978345
1211.00000000,5.12362000,1.45843000,0.49179239,0.62988724
1211.20000000,5.12400000,1.46896000,0.49187370,0.62999179
1211.40000000,5.12400000,1.46896000,0.49195531,0.63009632
1211.60000000,5.12362000,1.44518000,0.49203626,0.63019916
1211.80000000,5.12362000,1.40918000,0.49211555,0.63029944
1212.00000000,5.12387000,1.43331000,0.49219451,0.63040140
1212.20000000,5.12150000,1.42454000,0.49227389,0.63050273
1212.40000000,5.12150000,1.42454000,0.49235303,0.63060411
1212.60000000,5.12400000,1.49321000,0.49243408,0.63071043
1212.80000000,5.12662000,1.54790000,0.49251856,0.63082060
1213.00000000,5.12437000,1.48467000,0.49260280,0.63092626
1213.20000000,5.12437000,1.48467000,0.49268528,0.63103196
1213.40000000,5.12587000,1.57900000,0.49277038,0.63114433
1213.60000000,5.12387000,1.60803000,0.49285891,0.63125881
1213.80000000,5.12587000,1.52217000,0.49294586,0.63136713
1214.00000000,5.12387000,1.50726000,0.49303001,0.63147440
1214.20000000,5.12387000,1.50726000,0.49311375,0.63158167
1214.40000000,5.12437000,1.46947000,0.49319643,0.63168622
1214.60000000,5.12250000,1.40758000,0.49327635,0.63178634
1214.80000000,5.12125000,1.45510000,0.49335587,0.63188984
1215.00000000,5.12125000,1.45510000,0.49343671,0.63199342
1215.20000000,5.12537000,1.47120000,0.49351799,0.63209812
1215.40000000,5.12425000,1.47331000,0.49359979,0.63220298
1215.60000000,5.12412000,1.44931000,0.49368097,0.63230611
1215.80000000,5.12337000,1.44284000,0.49376131,0.63240878
1216.00000000,5.12337000,1.44284000,0.49384147,0.63251145
1216.20000000,5.12350000,1.44672000,0.49392173,0.63261441
1216.40000000,5.12425000,1.41862000,0.49400132,0.63271532
1216.60000000,5.12162000,1.40323000,0.49407971,0.63281514
1216.80000000,5.12162000,1.40323000,0.49415767,0.63291498
1217.00000000,5.12287000,1.46643000,0.49423738,0.63301934
1217.20000000,5.12387000,1.44556000,0.49431827,0.63312220
1217.40000000,5.12300000,1.45484000,0.49439883,0.63322571
1217.60000000,5.12312000,1.51900000,0.49448144,0.63333380
1217.80000000,5.12312000,1.51900000,0.49456583,0.63344190
1218.00000000,5.12412000,1.45907000,0.49464855,0.63354573
1218.20000000,5.12387000,1.54992000,0.49473214,0.63365603
1218.40000000,5.12562000,1.44864000,0.49481543,0.63375916
1218.60000000,5.12562000,1.44864000,0.49489591,0.63386221
1218.80000000,5.12175000,1.41456000,0.49497544,0.63396288
1219.00000000,5.12412000,1.40304000,0.49505371,0.63406272
1219.20000000,5.12312000,1.41136000,0.49513189,0.63416314
1219.40000000,5.12312000,1.41136000,0.49521030,0.63426357
1219.60000000,5.12312000,1.37667000,0.49528774,0.63436154
1219.80000000,5.12387000,1.46742000,0.49536674,0.63446595
1220.00000000,5.12337000,1.47635000,0.49544852,0.63457099
1220.20000000,5.12237000,1.45484000,0.49552994,0.63467449
1220.40000000,5.12237000,1.45484000,0.49561076,0.63477803
1220.60000000,5.12400000,1.42070000,0.49569064,0.63487914
1220.80000000,5.12412000,1.48774000,0.49577143,0.63498498
1221.00000000,5.12250000,1.40579000,0.49585180,0.63508500
1221.20000000,5.12250000,1.40579000,0.49592990,0.63518500
1221.40000000,5.12200000,1.41270000,0.49600819,0.63528557
1221.60000000,5.12525000,1.47398000,0.49608838,0.63539046
1221.80000000,5.12362000,1.47238000,0.49617022,0.63549525
1222.00000000,5.12425000,1.48016000,0.49625224,0.63560059
1222.20000000,5.12425000,1.48016000,0.49633447,0.63570594
1222.40000000,5.12462000,1.43334000,0.49641540,0.63580792
1222.60000000,5.12250000,1.41590000,0.49649455,0.63590863
1222.80000000,5.12125000,1.44240000,0.49657394,0.63601122
1223.00000000,5.12125000,1.44240000,0.49665408,0.63611386
1223.20000000,5.12325000,1.39932000,0.49673301,0.63621343
1223.40000000,5.12325000,1.46742000,0.49681264,0.63631783
1223.60000000,5.12237000,1.41011000,0.49689258,0.63641821
1223.80000000,5.12562000,1.51376000,0.49697379,0.63652598
1224.00000000,5.12562000,1.51376000,0.49705789,0.63663372
1224.20000000,5.12450000,1.47516000,0.49714092,0.63673869
1224.40000000,5.12375000,1.44332000,0.49722199,0.63684144
1224.60000000,5.12575000,1.44265000,0.49730215,0.63694415
1224.80000000,5.12575000,1.44265000,0.49738230,0.63704680
1225.00000000,5.12337000,1.43811000,0.49746232,0.63714912
1225.20000000,5.12250000,1.42124000,0.49754175,0.63725026
1225.40000000,5.12387000,1.43516000,0.49762109,0.63735240
1225.60000000,5.12437000,1.50659000,0.49770281,0.63745963
1225.80000000,5.12437000,1.50659000,0.49778651,0.63756684
1226.00000000,5.12350000,1.49356000,0.49786984,0.63767315
1226.20000000,5.12487000,1.43862000,0.49795129,0.63777552
1226.40000000,5.12325000,1.43251000,0.49803105,0.63787745
1226.60000000,5.12325000,1.43251000,0.49811063,0.63797941
1226.80000000,5.12462000,1.48601000,0.49819170,0.63808519
1227.00000000,5.12550000,1.50937000,0.49827491,0.63819264
1227.20000000,5.12562000,1.54329000,0.49835970,0.63830251
1227.40000000,5.12562000,1.54329000,0.49844544,0.63841231
1227.60000000,5.12262000,1.49324000,0.49852979,0.63851859
1227.80000000,5.12450000,1.49676000,0.49861284,0.63862509
1228.00000000,5.12287000,1.47171000,0.49869530,0.63872980
1228.20000000,5.12362000,1.51203000,0.49877818,0.63883740
1228.40000000,5.12362000,1.51203000,0.49886219,0.63894501
1228.60000000,5.12450000,1.56204000,0.49894758,0.63905619
1228.80000000,5.12450000,1.46160000,0.49903157,0.63916017
1229.00000000,5.12237000,1.45238000,0.49911251,0.63926350
1229.20000000,5.12237000,1.45238000,0.49919320,0.63936685
1229.40000000,5.12350000,1.48012000,0.49927466,0.63947218
1229.60000000,5.12337000,1.45209000,0.49935611,0.63957553
1229.80000000,5.12487000,1.54947000,0.49943948,0.63968580
1230.00000000,5.12387000,1.47369000,0.49952346,0.63979068
1230.20000000,5.12387000,1.47369000,0.49960533,0.63989552
1230.40000000,5.12250000,1.47980000,0.49968737,0.64000082
1230.60000000,5.12350000,1.56489000,0.49977195,0.64011218
1230.80000000,5.12362000,1.54073000,0.49985821,0.64022183
1231.00000000,5.12362000,1.54073000,0.49994381,0.64033148
1231.20000000,5.12412000,1.48172000,0.50002777,0.64043694
1231.40000000,5.12462000,1.51721000,0.50011107,0.64054489
1231.60000000,5.12312000,1.46745000,0.50019398,0.64064934
1231.80000000,5.12462000,1.47011000,0.50027558,0.64075398
1232.00000000,5.12462000,1.47011000,0.50035725,0.64085857
1232.20000000,5.12275000,1.49120000,0.50043951,0.64096475
1232.40000000,5.12637000,1.52057000,0.50052317,0.64107294
1232.60000000,5.12312000,1.50896000,0.50060732,0.64118031
1232.80000000,5.12312000,1.50896000,0.50069115,0.64128772
1233.00000000,5.12487000,1.44089000,0.50077309,0.64139026
1233.20000000,5.12387000,1.46435000,0.50085380,0.64149447
1233.40000000,5.12375000,1.46307000,0.50093511,0.64159858
1233.60000000,5.12362000,1.46092000,0.50101633,0.64170254
1233.80000000,5.12362000,1.46092000,0.50109750,0.64180649
1234.00000000,5.12312000,1.42700000,0.50117772,0.64190805
1234.20000000,5.12400000,1.44966000,0.50125762,0.64201118
1234.40000000,5.12212000,1.44019000,0.50133790,0.64211363
1234.60000000,5.12200000,1.40633000,0.50141697,0.64221367
1234.80000000,5.12200000,1.40633000,0.50149510,0.64231377
1235.00000000,5.12437000,1.39084000,0.50157280,0.64241272
1235.20000000,5.12287000,1.55068000,0.50165450,0.64252307
1235.40000000,5.12325000,1.42099000,0.50173705,0.64262418
1235.60000000,5.12325000,1.42099000,0.50181600,0.64272528
1235.80000000,5.12287000,1.42956000,0.50189518,0.64282699
1236.00000000,5.12262000,1.50809000,0.50197678,0.64293432
1236.20000000,5.12425000,1.50204000,0.50206039,0.64304119
1236.40000000,5.12287000,1.50656000,0.50214397,0.64314839
1236.60000000,5.12287000,1.50656000,0.50222766,0.64325561
1236.80000000,5.12437000,1.54752000,0.50231250,0.64336577
1237.00000000,5.12537000,1.52643000,0.50239789,0.64347437
1237.20000000,5.12225000,1.48896000,0.50248165,0.64358030
1237.40000000,5.12225000,1.48896000,0.50256437,0.64368629
1237.60000000,5.12562000,1.55859000,0.50264902,0.64379725
1237.80000000,5.12550000,1.43046000,0.50273205,0.64389905
1238.00000000,5.12400000,1.46697000,0.50281253,0.64400344
1238.20000000,5.12387000,1.37468000,0.50289147,0.64410127
1238.40000000,5.12387000,1.37468000,0.50296784,0.64419909
1238.60000000,5.12312000,1.43881000,0.50304599,0.64430148
1238.80000000,5.12400000,1.49449000,0.50312747,0.64440786
1239.00000000,5.12487000,1.46924000,0.50320980,0.64451244
1239.20000000,5.12487000,1.46924000,0.50329142,0.64461700
1239.40000000,5.12412000,1.49449000,0.50337375,0.64472332
1239.60000000,5.12212000,1.39334000,0.50345397,0.64482252
1239.80000000,5.12625000,1.42393000,0.50353222,0.64492387
1240.00000000,5.12437000,1.51830000,0.50361395,0.64503193
1240.20000000,5.12437000,1.51830000,0.50369830,0.64513998
1240.40000000,5.12425000,1.43129000,0.50378024,0.64524183
1240.60000000,5.12350000,1.38816000,0.50385855,0.64534063
1240.80000000,5.12450000,1.42809000,0.50393678,0.64544228
1241.00000000,5.12325000,1.38169000,0.50401483,0.64554059
1241.20000000,5.12325000,1.38169000,0.50409159,0.64563890
1241.40000000,5.12262000,1.45052000,0.50417027,0.64574212
1241.60000000,5.12387000,1.53564000,0.50425321,0.64585140
1241.80000000,5.12350000,1.45507000,0.50433629,0.64595494
1242.00000000,5.12350000,1.45507000,0.50441713,0.64605845
1242.20000000,5.12212000,1.36204000,0.50449538,0.64615539
1242.40000000,5.12425000,1.44697000,0.50457341,0.64625832
1242.60000000,5.12162000,1.43705000,0.50465352,0.64636054
1242.80000000,5.12162000,1.43705000,0.50473336,0.64646280
1243.00000000,5.12337000,1.44864000,0.50481351,0.64656589
1243.20000000,5.12387000,1.47699000,0.50489478,0.64667100
1243.40000000,5.12375000,1.41875000,0.50497522,0.64677196
1243.60000000,5.12375000,1.41875000,0.50505404,0.64687294
1243.80000000,5.12475000,1.53475000,0.50513608,0.64698220
1244.00000000,5.12537000,1.39609000,0.50521749,0.64708153
1244.20000000,5.12312000,1.42096000,0.50529574,0.64718265
1244.40000000,5.12375000,1.41539000,0.50537453,0.64728338
1244.60000000,5.12375000,1.41539000,0.50545316,0.64738407
1244.80000000,5.12237000,1.44044000,0.50553249,0.64748660
1245.00000000,5.12450000,1.44275000,0.50561258,0.64758925
1245.20000000,5.12312000,1.48563000,0.50569393,0.64769496
1245.40000000,5.12312000,1.48563000,0.50577646,0.64780067
1245.60000000,5.12287000,1.45414000,0.50585812,0.64790416
1245.80000000,5.12425000,1.48908000,0.50593988,0.64801011
1246.00000000,5.12275000,1.45036000,0.50602153,0.64811336
1246.20000000,5.12575000,1.49497000,0.50610334,0.64821979
1246.40000000,5.12575000,1.49497000,0.50618640,0.64832616
1246.60000000,5.12325000,1.40867000,0.50626705,0.64842637
1246.80000000,5.12200000,1.38764000,0.50634473,0.64852511
1247.00000000,5.12300000,1.43187000,0.50642305,0.64862699
1247.20000000,5.12300000,1.43187000,0.50650260,0.64872889
1247.40000000,5.12375000,1.47155000,0.50658325,0.64883361
1247.60000000,5.12400000,1.37907000,0.50666243,0.64893176
1247.80000000,5.12437000,1.43401000,0.50674057,0.64903382
1248.00000000,5.12412000,1.49894000,0.50682204,0.64914050
1248.20000000,5.12412000,1.49894000,0.50690532,0.64924716
1248.40000000,5.12350000,1.48889000,0.50698831,0.64935311
1248.60000000,5.12362000,1.51507000,0.50707176,0.64946095
1248.80000000,5.12487000,1.51203000,0.50715584,0.64956858
1249.00000000,5.12487000,1.51203000,0.50723984,0.64967620
1249.20000000,5.12462000,1.55033000,0.50732491,0.64978652
1249.40000000,5.12362000,1.48867000,0.50740933,0.64989245
1249.60000000,5.12312000,1.49148000,0.50749211,0.64999862
1249.80000000,5.12537000,1.53292000,0.50757612,0.65010774
1250.00000000,5.12537000,1.53292000,0.50766128,0.65021683
