# 5.0 sps, start/stop: 50/0 mA (5 s), channels: 4
# V min: 5.1205, V max: 5.13225
# I min: 1.71644, I max: 2.2599
Time,Voltage,Current,Capacity,Energy
0.00000000,5.12725000,2.17398000,0.00006039,0.00015479
0.20000000,5.12637000,2.16108000,0.00018081,0.00030873
0.40000000,5.12887000,2.16000000,0.00030084,0.00046260
0.60000000,5.12887000,2.16000000,0.00042084,0.00061633
0.80000000,5.12462000,2.05894000,0.00053803,0.00076291
1.00000000,5.12575000,2.00873000,0.00065102,0.00090606
1.20000000,5.13087000,2.14547000,0.00076641,0.00105895
1.40000000,5.12375000,2.03993000,0.00088268,0.00120412
1.60000000,5.12375000,2.03993000,0.00099601,0.00134932
1.80000000,5.12487000,2.04092000,0.00110936,0.00149464
2.00000000,5.12662000,1.95670000,0.00122041,0.00163396
2.20000000,5.12662000,2.17542000,0.00133519,0.00178886
2.40000000,5.12662000,2.17542000,0.00145604,0.00194380
2.60000000,5.12812000,2.20707000,0.00157778,0.00210089
2.80000000,5.12462000,2.25212000,0.00170165,0.00226134
3.00000000,5.12962000,1.99200000,0.00181954,0.00240326
3.20000000,5.12962000,1.99200000,0.00193021,0.00254505
3.40000000,5.12500000,2.08419000,0.00204343,0.00269352
3.60000000,5.12887000,2.17014000,0.00216161,0.00284805
3.80000000,5.12712000,2.08640000,0.00227985,0.00299662
4.00000000,5.12712000,2.08640000,0.00239576,0.00314518
4.20000000,5.12662000,2.07635000,0.00251139,0.00329305
4.40000000,5.12750000,1.84355000,0.00262028,0.00342432
4.60000000,5.12662000,2.11974000,0.00273037,0.00357526
4.80000000,5.12700000,2.11936000,0.00284812,0.00372618
5.00000000,5.12700000,2.11936000,0.00296586,0.00387704
5.20000000,5.12512000,2.13673000,0.00308409,0.00402920
5.40000000,5.12750000,2.12118000,0.00320236,0.00418027
5.60000000,5.12762000,2.13174000,0.00332050,0.00433208
5.80000000,5.12762000,2.13174000,0.00343893,0.00448382
6.00000000,5.12487000,2.13065000,0.00355733,0.00463550
6.20000000,5.12575000,2.01203000,0.00367240,0.00477879
6.40000000,5.12762000,2.02070000,0.00378442,0.00492266
6.60000000,5.12612000,2.00518000,0.00389625,0.00506542
6.80000000,5.12612000,2.00518000,0.00400765,0.00520820
7.00000000,5.12700000,2.11638000,0.00412214,0.00535895
7.20000000,5.12825000,2.14044000,0.00424039,0.00551140
7.40000000,5.12837000,2.11219000,0.00435851,0.00566185
7.60000000,5.12837000,2.11219000,0.00447586,0.00581223
7.80000000,5.12612000,2.14617000,0.00459415,0.00596498
8.00000000,5.12450000,2.07520000,0.00471141,0.00611279
8.20000000,5.12837000,2.10326000,0.00482747,0.00626252
8.40000000,5.12562000,2.11952000,0.00494477,0.00641341
8.60000000,5.12562000,2.11952000,0.00506252,0.00656432
8.80000000,5.12637000,1.99056000,0.00517669,0.00670602
9.00000000,5.12562000,2.00102000,0.00528757,0.00684847
9.20000000,5.12550000,1.86179000,0.00539487,0.00698101
9.40000000,5.12525000,2.05587000,0.00550369,0.00712735
9.60000000,5.12525000,2.05587000,0.00561791,0.00727367
9.80000000,5.12437000,2.00067000,0.00573059,0.00741608
10.00000000,5.12512000,2.15731000,0.00584609,0.00756968
10.20000000,5.12637000,2.10550000,0.00596450,0.00771959
10.40000000,5.12637000,2.10550000,0.00608147,0.00786952
10.60000000,5.12700000,2.12752000,0.00619906,0.00802100
10.80000000,5.12625000,2.13616000,0.00631749,0.00817302
11.00000000,5.12387000,2.15859000,0.00643679,0.00832672
11.20000000,5.12687000,2.14483000,0.00655633,0.00847945
11.40000000,5.12687000,2.14483000,0.00667549,0.00863214
11.60000000,5.12587000,2.12153000,0.00679400,0.00878317
11.80000000,5.12537000,2.00720000,0.00690869,0.00892612
12.00000000,5.12775000,2.19299000,0.00702536,0.00908230
12.20000000,5.12775000,2.19299000,0.00714719,0.00923842
12.40000000,5.12562000,1.92297000,0.00726152,0.00937533
12.60000000,5.12650000,2.07436000,0.00737256,0.00952306
12.80000000,5.12762000,2.12652000,0.00748925,0.00967448
13.00000000,5.12650000,2.13971000,0.00760776,0.00982683
13.20000000,5.12650000,2.13971000,0.00772663,0.00997917
13.40000000,5.12625000,2.11212000,0.00784474,0.01012951
13.60000000,5.12512000,2.03308000,0.00795988,0.01027425
13.80000000,5.12562000,2.13350000,0.00807562,0.01042613
14.00000000,5.12562000,2.13350000,0.00819415,0.01057799
14.20000000,5.12475000,1.94732000,0.00830750,0.01071663
14.40000000,5.12625000,2.03350000,0.00841808,0.01086139
14.60000000,5.12562000,2.10409000,0.00853301,0.01101122
14.80000000,5.12687000,1.84748000,0.00864278,0.01114277
15.00000000,5.12687000,1.84748000,0.00874542,0.01127434
15.20000000,5.12737000,2.02240000,0.00885292,0.01141828
15.40000000,5.12462000,2.15292000,0.00896890,0.01157158
15.60000000,5.12687000,2.17552000,0.00908913,0.01172649
15.80000000,5.12837000,1.89606000,0.00920223,0.01186155
16.00000000,5.12837000,1.89606000,0.00930757,0.01199653
16.20000000,5.12575000,2.14243000,0.00941975,0.01214897
16.40000000,5.12300000,2.07910000,0.00953701,0.01229698
16.60000000,5.12575000,2.11353000,0.00965347,0.01244745
16.80000000,5.12575000,2.11353000,0.00977089,0.01259794
17.00000000,5.12675000,2.05980000,0.00988682,0.01274461
17.20000000,5.12687000,2.18220000,0.01000465,0.01290006
17.40000000,5.12887000,2.06393000,0.01012260,0.01304708
17.60000000,5.12887000,2.06393000,0.01023726,0.01319396
17.80000000,5.12375000,2.05139000,0.01035158,0.01333999
18.00000000,5.12562000,1.91971000,0.01046188,0.01347663
18.20000000,5.12475000,2.15100000,0.01057496,0.01362973
18.40000000,5.12900000,2.06419000,0.01069205,0.01377678
18.60000000,5.12900000,2.06419000,0.01080673,0.01392363
18.80000000,5.12225000,1.97692000,0.01091898,0.01406437
19.00000000,5.12587000,2.11097000,0.01103253,0.01421465
19.20000000,5.12562000,1.97020000,0.01114590,0.01435491
19.40000000,5.12562000,1.97020000,0.01125535,0.01449520
19.60000000,5.12700000,2.13382000,0.01136935,0.01464709
19.80000000,5.12512000,2.07593000,0.01148629,0.01479494
20.00000000,5.12787000,2.12294000,0.01160293,0.01494614
20.20000000,5.12787000,2.12294000,0.01172087,0.01509725
20.40000000,5.12487000,2.09744000,0.01183810,0.01524658
20.60000000,5.12625000,2.10892000,0.01195494,0.01539665
20.80000000,5.12350000,2.06364000,0.01207085,0.01554361
21.00000000,5.12725000,2.10643000,0.01218668,0.01569361
21.20000000,5.12725000,2.10643000,0.01230371,0.01584358
21.40000000,5.12637000,2.13772000,0.01242160,0.01599582
21.60000000,5.12750000,2.06192000,0.01253826,0.01614259
21.80000000,5.12500000,1.84947000,0.01264691,0.01627424
22.00000000,5.12500000,1.84947000,0.01274965,0.01640588
22.20000000,5.12475000,2.14870000,0.01286072,0.01655886
22.40000000,5.12637000,2.14473000,0.01297998,0.01671159
22.60000000,5.12712000,2.10470000,0.01309802,0.01686141
22.80000000,5.12512000,2.11065000,0.01321511,0.01701165
23.00000000,5.12512000,2.11065000,0.01333237,0.01716194
23.20000000,5.12675000,2.12240000,0.01344995,0.01731301
23.40000000,5.12500000,2.08851000,0.01356692,0.01746170
23.60000000,5.12587000,2.10073000,0.01368329,0.01761125
23.80000000,5.12712000,2.13587000,0.01380097,0.01776335
24.00000000,5.12712000,2.13587000,0.01391963,0.01791540
24.20000000,5.12550000,2.09683000,0.01403721,0.01806468
24.40000000,5.12612000,2.17702000,0.01415593,0.01821968
24.60000000,5.12612000,1.97507000,0.01427126,0.01836030
24.80000000,5.12612000,1.97507000,0.01438099,0.01850096
25.00000000,5.12787000,2.16758000,0.01449606,0.01865535
25.20000000,5.12837000,2.14796000,0.01461594,0.01880828
25.40000000,5.12625000,2.11046000,0.01473423,0.01895848
25.60000000,5.12425000,1.99564000,0.01484829,0.01910051
25.80000000,5.12425000,1.99564000,0.01495915,0.01924262
26.00000000,5.12687000,2.08784000,0.01507258,0.01939131
26.20000000,5.12775000,2.14934000,0.01519028,0.01954431
26.40000000,5.12525000,2.08188000,0.01530782,0.01969250
26.60000000,5.12525000,2.08188000,0.01542348,0.01984077
26.80000000,5.12762000,2.09993000,0.01553964,0.01999031
27.00000000,5.12712000,2.12934000,0.01565712,0.02014197
27.20000000,5.12825000,2.05187000,0.01577326,0.02028812
27.40000000,5.12825000,2.01145000,0.01588613,0.02043138
27.60000000,5.12825000,2.01145000,0.01599788,0.02057455
27.80000000,5.12462000,2.03958000,0.01611041,0.02071981
28.00000000,5.12787000,2.08883000,0.01622509,0.02086852
28.20000000,5.12587000,2.12137000,0.01634204,0.02101954
28.40000000,5.12587000,2.12137000,0.01645989,0.02117064
28.60000000,5.12825000,1.95660000,0.01657317,0.02130997
28.80000000,5.12700000,2.09232000,0.01668564,0.02145882
29.00000000,5.12237000,1.89910000,0.01679651,0.02159393
29.20000000,5.12237000,1.89910000,0.01690202,0.02172913
29.40000000,5.12562000,2.15660000,0.01701468,0.02188275
29.60000000,5.12875000,2.11811000,0.01713342,0.02203358
29.80000000,5.12725000,2.09184000,0.01725036,0.02218254
30.00000000,5.12725000,2.09184000,0.01736657,0.02233154
30.20000000,5.12837000,2.15952000,0.01748467,0.02248531
30.40000000,5.12662000,2.16499000,0.01760479,0.02263953
30.60000000,5.12887000,2.13142000,0.01772414,0.02279129
30.80000000,5.12675000,2.05609000,0.01784046,0.02293770
31.00000000,5.12675000,2.05609000,0.01795468,0.02308399
31.20000000,5.12300000,2.03724000,0.01806839,0.02322912
31.40000000,5.12912000,2.13190000,0.01818420,0.02338088
31.60000000,5.12537000,2.11353000,0.01830213,0.02353134
31.80000000,5.12537000,2.11353000,0.01841954,0.02368183
32.00000000,5.12675000,2.09862000,0.01853655,0.02383136
32.20000000,5.13012000,2.08441000,0.01865274,0.02397972
32.40000000,5.12462000,2.04809000,0.01876753,0.02412554
32.60000000,5.12625000,1.95920000,0.01887885,0.02426503
32.80000000,5.12625000,1.95920000,0.01898769,0.02440452
33.00000000,5.12612000,2.11203000,0.01910078,0.02455494
33.20000000,5.12787000,2.17923000,0.01921998,0.02471007
33.40000000,5.12537000,1.97344000,0.01933534,0.02485055
33.60000000,5.12612000,2.16656000,0.01945034,0.02500480
33.80000000,5.12612000,2.16656000,0.01957070,0.02515909
34.00000000,5.12750000,2.13123000,0.01969008,0.02531080
34.20000000,5.12525000,2.14758000,0.01980894,0.02546370
34.40000000,5.12612000,2.17379000,0.01992898,0.02561846
34.60000000,5.12612000,2.17379000,0.02004974,0.02577320
34.80000000,5.12512000,1.99318000,0.02016549,0.02591513
35.00000000,5.12700000,2.05388000,0.02027791,0.02606138
35.20000000,5.12700000,2.05702000,0.02039210,0.02620789
35.40000000,5.12800000,2.08844000,0.02050725,0.02635663
35.60000000,5.12800000,2.08844000,0.02062328,0.02650534
35.80000000,5.12662000,2.14844000,0.02074097,0.02665832
36.00000000,5.12675000,2.09993000,0.02085898,0.02680781
36.20000000,5.12575000,1.86684000,0.02096917,0.02694071
36.40000000,5.12575000,1.86684000,0.02107288,0.02707363
36.60000000,5.12612000,2.03584000,0.02118129,0.02721864
36.80000000,5.12850000,2.05798000,0.02129501,0.02736512
37.00000000,5.12487000,2.02096000,0.02140831,0.02750902
37.20000000,5.12650000,2.12208000,0.02152340,0.02766011
37.40000000,5.12650000,2.12208000,0.02164129,0.02781121
37.60000000,5.12675000,2.15107000,0.02175999,0.02796441
37.80000000,5.12762000,2.13276000,0.02187898,0.02811628
38.00000000,5.12725000,2.13820000,0.02199762,0.02826855
38.20000000,5.12725000,2.13820000,0.02211641,0.02842082
38.40000000,5.12737000,2.04985000,0.02223274,0.02856676
38.60000000,5.12600000,2.13811000,0.02234908,0.02871901
38.80000000,5.12712000,2.15254000,0.02246826,0.02887230
39.00000000,5.12750000,2.17667000,0.02258852,0.02902732
39.20000000,5.12750000,2.17667000,0.02270944,0.02918233
39.40000000,5.12750000,2.10198000,0.02282829,0.02933203
39.60000000,5.12775000,2.16249000,0.02294675,0.02948601
39.80000000,5.12675000,2.14828000,0.02306650,0.02963898
40.00000000,5.12975000,2.09164000,0.02318427,0.02978800
40.20000000,5.12975000,2.09164000,0.02330047,0.02993692
40.40000000,5.12612000,1.99283000,0.02341393,0.03007879
40.60000000,5.12600000,2.14198000,0.02352879,0.03023129
40.80000000,5.12625000,2.10361000,0.02364672,0.03038106
41.00000000,5.12625000,2.10361000,0.02376359,0.03053085
41.20000000,5.12662000,2.03676000,0.02387860,0.03067591
41.40000000,5.12812000,2.09712000,0.02399343,0.03082527
41.60000000,5.12775000,2.09990000,0.02411001,0.03097482
41.80000000,5.12462000,2.03417000,0.02422485,0.03111960
42.00000000,5.12462000,2.03417000,0.02433786,0.03126447
42.20000000,5.12775000,2.15769000,0.02445430,0.03141813
42.40000000,5.12750000,2.05369000,0.02457128,0.03156437
42.60000000,5.12687000,2.04083000,0.02468502,0.03170969
42.80000000,5.12687000,2.04083000,0.02479839,0.03185502
43.00000000,5.12725000,2.06592000,0.02491247,0.03200211
43.20000000,5.12612000,2.16860000,0.02503010,0.03215645
43.40000000,5.12425000,2.13132000,0.02514954,0.03230813
43.60000000,5.12425000,2.13132000,0.02526795,0.03245987
43.80000000,5.12587000,1.97232000,0.02538194,0.03260030
44.00000000,5.12662000,2.11465000,0.02549546,0.03275084
44.20000000,5.12537000,2.05404000,0.02561126,0.03289705
44.40000000,5.12950000,2.01942000,0.02572441,0.03304092
44.60000000,5.12950000,2.01942000,0.02583660,0.03318461
44.80000000,5.12300000,2.05161000,0.02594969,0.03333075
45.00000000,5.12850000,2.05324000,0.02606371,0.03347689
45.20000000,5.12475000,2.10553000,0.02617923,0.03362675
45.40000000,5.12475000,2.10553000,0.02629620,0.03377662
45.60000000,5.12475000,2.09539000,0.02641290,0.03392578
45.80000000,5.12525000,1.97004000,0.02652583,0.03406598
46.00000000,5.12387000,1.88009000,0.02663277,0.03419977
46.20000000,5.12387000,1.88009000,0.02673722,0.03433364
46.40000000,5.12675000,2.18553000,0.02685016,0.03448922
46.60000000,5.12537000,2.16723000,0.02697107,0.03464352
46.80000000,5.12625000,2.14976000,0.02709098,0.03479663
47.00000000,5.12787000,2.08691000,0.02720867,0.03494526
47.20000000,5.12787000,2.08691000,0.02732461,0.03509383
47.40000000,5.12575000,2.16864000,0.02744282,0.03524818
47.60000000,5.12462000,2.15731000,0.02756298,0.03540171
47.80000000,5.12400000,1.99356000,0.02767828,0.03554359
48.00000000,5.12400000,1.99356000,0.02778904,0.03568561
48.20000000,5.12937000,2.13862000,0.02790382,0.03583786
48.40000000,5.12575000,2.18576000,0.02802394,0.03599347
48.60000000,5.12575000,2.17273000,0.02814501,0.03614822
48.80000000,5.12825000,2.15811000,0.02826531,0.03630194
49.00000000,5.12825000,2.15811000,0.02838521,0.03645557
49.20000000,5.12562000,2.14784000,0.02850482,0.03660851
49.40000000,5.12687000,2.15648000,0.02862438,0.03676204
49.60000000,5.12612000,2.20592000,0.02874556,0.03691915
49.80000000,5.12775000,2.15276000,0.02886663,0.03707246
50.00000000,5.12775000,2.15276000,0.02898623,0.03722572
50.20000000,5.12575000,2.07964000,0.02910380,0.03737383
50.40000000,5.12762000,2.12246000,0.02922052,0.03752500
50.60000000,5.12812000,2.12371000,0.02933847,0.03767625
50.80000000,5.12812000,2.12371000,0.02945646,0.03782745
51.00000000,5.12600000,2.14681000,0.02957508,0.03798035
51.20000000,5.12812000,2.06390000,0.02969205,0.03812724
51.40000000,5.12400000,2.06816000,0.02980683,0.03827447
51.60000000,5.12587000,2.11625000,0.02992306,0.03842513
51.80000000,5.12587000,2.11625000,0.03004063,0.03857582
52.00000000,5.12675000,2.08220000,0.03015725,0.03872407
52.20000000,5.12637000,2.06720000,0.03027251,0.03887120
52.40000000,5.12450000,2.17952000,0.03039048,0.03902633
52.60000000,5.12450000,2.17952000,0.03051156,0.03918152
52.80000000,5.12687000,2.15148000,0.03063187,0.03933472
53.00000000,5.12662000,2.10521000,0.03075011,0.03948463
53.20000000,5.12712000,2.09734000,0.03086685,0.03963398
53.40000000,5.12712000,2.15612000,0.03098500,0.03978752
53.60000000,5.12712000,2.15612000,0.03110478,0.03994100
53.80000000,5.12525000,2.08963000,0.03122272,0.04008973
54.00000000,5.12475000,1.95222000,0.03133499,0.04022873
54.20000000,5.12637000,2.08828000,0.03144723,0.04037741
54.40000000,5.12387000,1.93436000,0.03155897,0.04051507
54.60000000,5.12387000,1.93436000,0.03166643,0.04065280
54.80000000,5.12662000,2.18412000,0.03178084,0.04080830
55.00000000,5.12587000,2.11190000,0.03190017,0.04095865
55.20000000,5.12575000,2.13542000,0.03201815,0.04111067
55.40000000,5.12575000,2.13542000,0.03213679,0.04126273
55.60000000,5.12700000,2.06214000,0.03225338,0.04140954
55.80000000,5.12600000,2.09843000,0.03236896,0.04155897
56.00000000,5.12700000,2.08528000,0.03248517,0.04170746
56.20000000,5.12662000,2.14505000,0.03260268,0.04186019
56.40000000,5.12662000,2.14505000,0.03272185,0.04201296
56.60000000,5.12787000,2.13830000,0.03284083,0.04216518
56.80000000,5.12550000,1.92288000,0.03295364,0.04230207
57.00000000,5.12700000,2.02630000,0.03306334,0.04244636
57.20000000,5.12700000,2.02630000,0.03317591,0.04259058
57.40000000,5.12462000,1.90432000,0.03328510,0.04272618
57.60000000,5.12675000,2.15782000,0.03339793,0.04287981
57.80000000,5.12637000,2.09705000,0.03351613,0.04302912
58.00000000,5.12662000,2.14265000,0.03363389,0.04318168
58.20000000,5.12662000,2.14265000,0.03375293,0.04333424
58.40000000,5.12637000,2.07507000,0.03387009,0.04348198
58.60000000,5.12637000,2.10614000,0.03398623,0.04363194
58.80000000,5.12637000,2.10614000,0.03410324,0.04378193
59.00000000,5.12737000,2.09148000,0.03421984,0.04393078
59.20000000,5.12450000,2.09020000,0.03433600,0.04407959
59.40000000,5.12600000,2.11078000,0.03445269,0.04422981
59.60000000,5.12387000,1.95673000,0.03456568,0.04436906
59.80000000,5.12387000,1.95673000,0.03467439,0.04450849
60.00000000,5.13062000,2.10665000,0.03478726,0.04465841
60.20000000,5.12375000,2.06819000,0.03490323,0.04480567
60.40000000,5.12675000,2.11372000,0.03501939,0.04495618
60.60000000,5.12675000,2.11372000,0.03513682,0.04510662
60.80000000,5.12437000,2.10441000,0.03525399,0.04525641
61.00000000,5.12512000,1.93513000,0.03536620,0.04539418
61.20000000,5.12575000,2.16188000,0.03548001,0.04554815
61.40000000,5.12787000,2.12857000,0.03559919,0.04569975
61.60000000,5.12787000,2.12857000,0.03571744,0.04585127
61.80000000,5.12537000,2.10502000,0.03583504,0.04600111
62.00000000,5.12500000,2.07628000,0.03595119,0.04614893
62.20000000,5.12612000,1.98278000,0.03606394,0.04629010
62.40000000,5.12812000,2.09347000,0.03617717,0.04643920
62.60000000,5.12812000,2.09347000,0.03629347,0.04658828
62.80000000,5.12737000,2.15734000,0.03641155,0.04674189
63.00000000,5.12650000,2.04643000,0.03652832,0.04688760
63.20000000,5.12650000,2.03337000,0.03664165,0.04703238
63.40000000,5.12650000,2.03337000,0.03675461,0.04717714
63.60000000,5.12612000,2.07760000,0.03686881,0.04732507
63.80000000,5.12637000,2.14963000,0.03698623,0.04747810
64.00000000,5.12575000,2.10560000,0.03710443,0.04762804
64.20000000,5.12712000,2.11440000,0.03722165,0.04777861
64.40000000,5.12712000,2.11440000,0.03733912,0.04792916
64.60000000,5.12662000,2.14160000,0.03745734,0.04808162
64.80000000,5.12575000,2.09907000,0.03757514,0.04823105
65.00000000,5.12550000,2.09664000,0.03769169,0.04838031
65.20000000,5.12550000,2.09664000,0.03780817,0.04852954
65.40000000,5.12487000,1.78902000,0.03791610,0.04865694
65.60000000,5.12700000,2.14339000,0.03802533,0.04880960
65.80000000,5.12812000,2.11500000,0.03814362,0.04896014
66.00000000,5.12500000,1.97200000,0.03825715,0.04910051
66.20000000,5.12500000,1.97200000,0.03836671,0.04924093
66.40000000,5.12687000,2.15692000,0.03848140,0.04939454
66.60000000,5.12750000,2.15721000,0.03860124,0.04954818
66.80000000,5.12800000,2.16633000,0.03872133,0.04970247
67.00000000,5.12800000,2.16633000,0.03884169,0.04985666
67.20000000,5.12475000,2.00940000,0.03895768,0.04999978
67.40000000,5.12825000,2.11680000,0.03907229,0.05015045
67.60000000,5.12475000,2.05187000,0.03918809,0.05029659
67.80000000,5.12812000,2.18390000,0.03930575,0.05045214
68.00000000,5.12812000,2.18390000,0.03942708,0.05060763
68.20000000,5.12637000,2.08195000,0.03954557,0.05075588
68.40000000,5.12700000,2.07414000,0.03966102,0.05090359
68.60000000,5.12737000,2.07833000,0.03977637,0.05105159
68.80000000,5.12587000,2.02214000,0.03989027,0.05119556
69.00000000,5.12587000,2.02214000,0.04000261,0.05133953
69.20000000,5.12625000,2.12681000,0.04011786,0.05149096
69.40000000,5.12662000,2.02592000,0.04023321,0.05163521
69.60000000,5.12725000,2.12857000,0.04034862,0.05178679
69.80000000,5.12725000,2.12857000,0.04046687,0.05193834
70.00000000,5.12625000,2.13504000,0.04058530,0.05209047
70.20000000,5.13012000,2.04608000,0.04070145,0.05223609
70.40000000,5.12412000,2.00563000,0.04081399,0.05237882
70.60000000,5.12412000,2.00563000,0.04092542,0.05252169
70.80000000,5.12862000,2.05116000,0.04103811,0.05266776
71.00000000,5.12737000,2.15225000,0.04115487,0.05282093
71.20000000,5.12425000,1.96144000,0.04126914,0.05296053
71.40000000,5.12425000,1.96144000,0.04137811,0.05310018
71.60000000,5.12625000,2.13904000,0.04149201,0.05325249
71.80000000,5.12687000,2.06262000,0.04160872,0.05339935
72.00000000,5.12650000,2.05401000,0.04172307,0.05354557
72.20000000,5.12537000,2.12067000,0.04183903,0.05369653
72.40000000,5.12537000,2.12067000,0.04195685,0.05384751
72.60000000,5.12600000,2.12960000,0.04207491,0.05399919
72.80000000,5.12825000,2.12294000,0.04219304,0.05415033
73.00000000,5.12600000,2.05824000,0.04230918,0.05429687
73.20000000,5.12600000,2.05824000,0.04242353,0.05444340
73.40000000,5.12600000,2.13321000,0.04253996,0.05459526
73.60000000,5.12525000,2.08784000,0.04265721,0.05474398
73.80000000,5.12900000,1.92588000,0.04276870,0.05488111
74.00000000,5.12650000,2.12956000,0.04288135,0.05503274
74.20000000,5.12650000,2.12956000,0.04299966,0.05518438
74.40000000,5.12700000,2.12851000,0.04311794,0.05533597
74.60000000,5.12787000,2.14787000,0.04323673,0.05548893
74.80000000,5.12725000,2.13804000,0.04335578,0.05564118
75.00000000,5.12725000,2.13804000,0.04347456,0.05579341
75.20000000,5.12637000,1.98473000,0.04358908,0.05593476
75.40000000,5.12787000,2.09552000,0.04370242,0.05608395
75.60000000,5.12600000,2.03321000,0.04381711,0.05622874
75.80000000,5.12725000,2.03200000,0.04393003,0.05637344
76.00000000,5.12725000,2.03200000,0.04404292,0.05651810
76.20000000,5.12562000,2.11219000,0.04415804,0.05666850
76.40000000,5.12687000,2.11792000,0.04427554,0.05681928
76.60000000,5.12575000,1.92016000,0.04438771,0.05695597
76.80000000,5.12687000,2.11222000,0.04449972,0.05710638
77.00000000,5.12687000,2.11222000,0.04461707,0.05725676
77.20000000,5.12625000,2.10905000,0.04473432,0.05740692
77.40000000,5.12600000,1.93552000,0.04484667,0.05754475
77.60000000,5.12737000,2.02070000,0.04495657,0.05768865
77.80000000,5.12737000,2.02070000,0.04506883,0.05783254
78.00000000,5.12687000,2.10467000,0.04518342,0.05798240
78.20000000,5.12650000,2.14012000,0.04530133,0.05813478
78.40000000,5.12675000,2.12195000,0.04541973,0.05828590
78.60000000,5.12762000,2.10508000,0.04553714,0.05843582
78.80000000,5.12762000,2.10508000,0.04565409,0.05858564
79.00000000,5.12425000,1.85779000,0.04576417,0.05871792
79.20000000,5.12662000,2.07859000,0.04587352,0.05886591
79.40000000,5.12637000,2.11046000,0.04598988,0.05901618
79.60000000,5.12637000,2.11046000,0.04610713,0.05916648
79.80000000,5.12762000,2.10524000,0.04622423,0.05931633
80.00000000,5.12500000,2.04764000,0.04633959,0.05946209
80.20000000,5.12537000,2.08505000,0.04645438,0.05961056
80.40000000,5.12675000,2.00697000,0.04656805,0.05975346
80.60000000,5.12675000,2.00697000,0.04667955,0.05989634
80.80000000,5.12575000,2.12540000,0.04679434,0.06004768
81.00000000,5.12675000,2.09958000,0.04691170,0.06019721
81.20000000,5.12787000,2.15603000,0.04702991,0.06035077
81.40000000,5.12787000,2.15603000,0.04714969,0.06050423
81.60000000,5.12500000,1.97980000,0.04726457,0.06064519
81.80000000,5.12612000,2.11756000,0.04737839,0.06079590
82.00000000,5.12437000,1.97491000,0.04749207,0.06093654
82.20000000,5.12737000,2.15840000,0.04760688,0.06109025
82.40000000,5.12737000,2.15840000,0.04772679,0.06124395
82.60000000,5.12712000,2.10470000,0.04784521,0.06139383
82.80000000,5.12737000,2.16019000,0.04796368,0.06154766
83.00000000,5.12737000,1.81664000,0.04807415,0.06167703
83.20000000,5.12737000,1.81664000,0.04817507,0.06180632
83.40000000,5.12412000,2.13987000,0.04828498,0.06195876
83.60000000,5.12912000,2.06281000,0.04840172,0.06210559
83.80000000,5.12487000,2.11324000,0.04851772,0.06225601
84.00000000,5.12462000,1.91020000,0.04862948,0.06239196
84.20000000,5.12462000,1.91020000,0.04873560,0.06252799
84.40000000,5.12700000,2.15532000,0.04884853,0.06268145
84.60000000,5.12650000,2.11088000,0.04896704,0.06283174
84.80000000,5.12612000,2.01254000,0.04908158,0.06297502
85.00000000,5.12612000,2.01254000,0.04919339,0.06311833
85.20000000,5.12712000,2.11465000,0.04930803,0.06326888
85.40000000,5.12600000,2.10899000,0.04942535,0.06341904
85.60000000,5.12625000,1.96441000,0.04953850,0.06355890
85.80000000,5.12625000,1.96441000,0.04964764,0.06369878
86.00000000,5.12675000,2.12636000,0.04976127,0.06385012
86.20000000,5.12450000,1.96166000,0.04987483,0.06398984
86.40000000,5.12812000,2.08825000,0.04998732,0.06413849
86.60000000,5.12525000,2.11020000,0.05010395,0.06428870
86.80000000,5.12525000,2.11020000,0.05022118,0.06443903
87.00000000,5.12937000,2.09555000,0.05033801,0.06458826
87.20000000,5.12737000,2.04041000,0.05045290,0.06473359
87.40000000,5.12825000,2.16144000,0.05056961,0.06488754
87.60000000,5.12825000,2.16144000,0.05068969,0.06504147
87.80000000,5.12737000,2.11616000,0.05080852,0.06519219
88.00000000,5.12812000,2.12249000,0.05092626,0.06534331
88.20000000,5.12662000,2.04940000,0.05104214,0.06548924
88.40000000,5.12650000,2.09004000,0.05115713,0.06563805
88.60000000,5.12650000,2.09004000,0.05127324,0.06578684
88.80000000,5.12562000,1.91401000,0.05138446,0.06592317
89.00000000,5.12862000,2.09584000,0.05149585,0.06607240
89.20000000,5.12650000,1.96083000,0.05160853,0.06621201
89.40000000,5.12650000,1.96083000,0.05171747,0.06635156
89.60000000,5.12400000,2.06937000,0.05182942,0.06649887
89.80000000,5.12525000,2.12896000,0.05194604,0.06665045
90.00000000,5.12637000,2.18310000,0.05206582,0.06680592
90.20000000,5.12750000,1.96995000,0.05218118,0.06694621
90.40000000,5.12750000,1.96995000,0.05229062,0.06708654
90.60000000,5.12912000,2.05123000,0.05240232,0.06723250
90.80000000,5.12337000,1.98531000,0.05251445,0.06737388
91.00000000,5.12725000,2.16780000,0.05262981,0.06752827
91.20000000,5.12762000,1.96940000,0.05274473,0.06766852
91.40000000,5.12762000,1.96940000,0.05285415,0.06780867
91.60000000,5.12387000,2.08364000,0.05296673,0.06795698
91.80000000,5.12487000,2.01312000,0.05308053,0.06810039
92.00000000,5.12912000,2.20729000,0.05319776,0.06825764
92.20000000,5.12912000,2.20729000,0.05332039,0.06841489
92.40000000,5.12937000,2.17385000,0.05344209,0.06856971
92.60000000,5.12787000,2.05248000,0.05355949,0.06871583
92.80000000,5.12600000,1.94611000,0.05367056,0.06885435
93.00000000,5.12462000,1.99942000,0.05378016,0.06899666
93.20000000,5.12462000,1.99942000,0.05389124,0.06913905
93.40000000,5.12750000,2.16240000,0.05400684,0.06929300
93.60000000,5.12612000,2.03555000,0.05412345,0.06943800
93.80000000,5.12862000,2.06739000,0.05423742,0.06958526
94.00000000,5.12862000,2.06739000,0.05435228,0.06973238
94.20000000,5.12375000,2.02147000,0.05446586,0.06987627
94.40000000,5.12500000,2.11203000,0.05458068,0.07002658
94.60000000,5.12412000,1.93056000,0.05469297,0.07016405
94.80000000,5.12700000,2.09622000,0.05480482,0.07031332
95.00000000,5.12700000,2.09622000,0.05492128,0.07046257
95.20000000,5.12650000,1.96476000,0.05503409,0.07060247
95.40000000,5.12662000,1.99856000,0.05514418,0.07074470
95.60000000,5.12387000,2.14540000,0.05525929,0.07089737
95.80000000,5.12387000,2.14540000,0.05537848,0.07105014
96.00000000,5.12675000,2.12028000,0.05549697,0.07120107
96.20000000,5.12537000,2.11808000,0.05561470,0.07135196
96.40000000,5.12925000,1.97619000,0.05572843,0.07149262
96.60000000,5.12487000,2.04281000,0.05584007,0.07163803
96.80000000,5.12487000,2.04281000,0.05595356,0.07178343
97.00000000,5.12462000,2.04662000,0.05606715,0.07192919
97.20000000,5.12800000,2.20515000,0.05618526,0.07208619
97.40000000,5.12612000,2.12467000,0.05630553,0.07223747
97.60000000,5.12662000,2.08444000,0.05642245,0.07238589
97.80000000,5.12662000,2.08444000,0.05653825,0.07253431
98.00000000,5.12662000,2.14281000,0.05665568,0.07268687
98.20000000,5.12612000,2.03932000,0.05677185,0.07283208
98.40000000,5.12675000,1.93369000,0.05688221,0.07296977
98.60000000,5.12675000,1.93369000,0.05698964,0.07310752
98.80000000,5.12912000,2.10982000,0.05710196,0.07325774
99.00000000,5.12662000,2.06070000,0.05721780,0.07340444
99.20000000,5.12562000,2.09891000,0.05733335,0.07355387
99.40000000,5.12600000,1.93846000,0.05744550,0.07369188
99.60000000,5.12600000,1.93846000,0.05755319,0.07382990
99.80000000,5.12625000,2.13769000,0.05766642,0.07398205
100.00000000,5.12475000,1.99033000,0.05778108,0.07412381
100.20000000,5.12800000,2.09401000,0.05789454,0.07427295
100.40000000,5.12800000,2.09401000,0.05801087,0.07442205
100.60000000,5.12687000,2.14000000,0.05812848,0.07457437
100.80000000,5.12462000,1.96489000,0.05824251,0.07471418
101.00000000,5.12300000,1.83929000,0.05834818,0.07484505
101.20000000,5.12300000,1.83929000,0.05845036,0.07497600
101.40000000,5.12637000,2.11795000,0.05856028,0.07512684
101.60000000,5.12775000,2.07020000,0.05867662,0.07527414
101.80000000,5.12300000,1.99798000,0.05878963,0.07541630
102.00000000,5.12737000,2.05449000,0.05890220,0.07556261
102.20000000,5.12737000,2.05449000,0.05901633,0.07570885
102.40000000,5.12487000,2.07465000,0.05913103,0.07585654
102.60000000,5.12575000,2.08496000,0.05924658,0.07600501
102.80000000,5.12712000,2.10336000,0.05936292,0.07615479
103.00000000,5.12712000,2.10336000,0.05947977,0.07630456
103.20000000,5.12662000,2.05776000,0.05959536,0.07645106
103.40000000,5.12600000,2.10838000,0.05971109,0.07660115
103.60000000,5.12562000,1.94067000,0.05982356,0.07673931
103.80000000,5.12562000,1.94067000,0.05993137,0.07687753
104.00000000,5.12812000,2.06822000,0.06004273,0.07702468
104.20000000,5.12262000,2.09843000,0.06015847,0.07717416
104.40000000,5.12887000,2.08934000,0.06027480,0.07732286
104.60000000,5.12437000,2.00000000,0.06038839,0.07746521
104.80000000,5.12437000,2.00000000,0.06049950,0.07760762
105.00000000,5.12700000,1.94028000,0.06060896,0.07774580
105.20000000,5.12737000,2.25532000,0.06072550,0.07790644
105.40000000,5.12850000,1.98931000,0.06084341,0.07804814
105.60000000,5.12312000,1.90883000,0.06095169,0.07818396
105.80000000,5.12312000,1.90883000,0.06105773,0.07831985
106.00000000,5.12562000,2.00742000,0.06116652,0.07846280
106.20000000,5.12737000,2.18483000,0.06128297,0.07861843
106.40000000,5.12875000,2.12611000,0.06140272,0.07876988
106.60000000,5.12875000,2.12611000,0.06152084,0.07892119
106.80000000,5.12412000,2.14755000,0.06163955,0.07907417
107.00000000,5.12875000,2.02819000,0.06175554,0.07921850
107.20000000,5.12375000,2.00848000,0.06186767,0.07936154
107.40000000,5.12750000,2.01587000,0.06197946,0.07950510
107.60000000,5.12750000,2.01587000,0.06209145,0.07964858
107.80000000,5.12462000,2.12057000,0.06220635,0.07979959
108.00000000,5.12725000,2.09120000,0.06232335,0.07994850
108.20000000,5.12712000,2.03158000,0.06243787,0.08009317
108.40000000,5.12712000,2.03158000,0.06255073,0.08023788
108.60000000,5.12875000,2.18454000,0.06266785,0.08039343
108.80000000,5.12675000,1.98236000,0.06278360,0.08053460
109.00000000,5.12712000,2.10889000,0.06289724,0.08068479
109.20000000,5.12762000,1.92857000,0.06300939,0.08082213
109.40000000,5.12762000,1.92857000,0.06311654,0.08095942
109.60000000,5.12537000,2.08931000,0.06322814,0.08110828
109.80000000,5.12975000,2.15817000,0.06334613,0.08126196
110.00000000,5.12725000,1.98659000,0.06346126,0.08140343
110.20000000,5.12725000,1.98659000,0.06357163,0.08154486
110.40000000,5.12575000,2.05913000,0.06368401,0.08169140
110.60000000,5.12387000,2.11206000,0.06379987,0.08184174
110.80000000,5.12512000,1.96764000,0.06391320,0.08198184
111.00000000,5.12650000,2.13945000,0.06402729,0.08213417
111.20000000,5.12650000,2.13945000,0.06414614,0.08228649
111.40000000,5.12612000,1.92508000,0.06425905,0.08242351
111.60000000,5.12475000,2.10374000,0.06437096,0.08257330
111.80000000,5.12650000,2.11907000,0.06448826,0.08272418
112.00000000,5.12637000,2.02096000,0.06460326,0.08286807
112.20000000,5.12637000,2.02096000,0.06471554,0.08301196
112.40000000,5.12625000,2.07020000,0.06482918,0.08315936
112.60000000,5.12637000,1.94508000,0.06494071,0.08329785
112.80000000,5.12537000,1.94742000,0.06504884,0.08343648
113.00000000,5.12537000,1.94742000,0.06515703,0.08357518
113.20000000,5.12825000,2.08812000,0.06526913,0.08372383
113.40000000,5.12562000,1.97017000,0.06538186,0.08386405
113.60000000,5.12437000,1.93456000,0.06549032,0.08400174
113.80000000,5.12437000,1.93456000,0.06559780,0.08413954
114.00000000,5.12850000,2.10076000,0.06570989,0.08428901
114.20000000,5.12287000,1.90793000,0.06582124,0.08442485
114.40000000,5.12612000,2.02454000,0.06593048,0.08456900
114.60000000,5.12675000,2.02012000,0.06604283,0.08471285
114.80000000,5.12675000,2.02012000,0.06615506,0.08485658
115.00000000,5.12287000,1.97580000,0.06626606,0.08499728
115.20000000,5.12712000,1.92268000,0.06637435,0.08513409
115.40000000,5.12337000,2.13705000,0.06648712,0.08528616
115.60000000,5.12337000,2.13705000,0.06660584,0.08543841
115.80000000,5.12950000,2.11152000,0.06672386,0.08558871
116.00000000,5.12500000,2.10937000,0.06684111,0.08573894
116.20000000,5.12800000,2.08486000,0.06695761,0.08588743
116.40000000,5.12800000,2.08486000,0.06707344,0.08603589
116.60000000,5.12712000,2.11337000,0.06719006,0.08618633
116.80000000,5.12537000,2.02793000,0.06730509,0.08633075
117.00000000,5.12750000,1.93734000,0.06741524,0.08646864
117.20000000,5.12437000,2.14518000,0.06752864,0.08662131
117.40000000,5.12437000,2.14518000,0.06764782,0.08677406
117.60000000,5.12662000,2.14300000,0.06776693,0.08692660
117.80000000,5.12500000,1.94147000,0.06788039,0.08706482
118.00000000,5.12612000,1.98204000,0.06798938,0.08720594
118.20000000,5.12612000,1.98204000,0.06809949,0.08734706
118.40000000,5.12650000,1.98732000,0.06820975,0.08748849
118.60000000,5.12412000,2.08518000,0.06832288,0.08763693
118.80000000,5.12537000,1.96828000,0.06843547,0.08777712
119.00000000,5.12812000,2.09321000,0.06854829,0.08792620
119.20000000,5.12812000,2.09321000,0.06866458,0.08807517
119.40000000,5.12387000,2.00160000,0.06877833,0.08821767
119.60000000,5.12587000,1.99756000,0.06888941,0.08835984
119.80000000,5.12437000,2.10166000,0.06900328,0.08850941
120.00000000,5.12687000,2.10227000,0.06912006,0.08865911
120.20000000,5.12687000,2.10227000,0.06923685,0.08880874
120.40000000,5.12462000,2.00451000,0.06935093,0.08895143
120.60000000,5.12512000,2.13289000,0.06946585,0.08910331
120.80000000,5.12725000,2.08220000,0.06958294,0.08925159
121.00000000,5.12725000,2.08220000,0.06969862,0.08939980
121.20000000,5.12487000,2.08153000,0.06981428,0.08954793
121.40000000,5.12400000,2.03379000,0.06992859,0.08969280
121.60000000,5.12862000,2.03948000,0.07004174,0.08983795
121.80000000,5.12412000,1.99536000,0.07015382,0.08997995
122.00000000,5.12412000,1.99536000,0.07026467,0.09012203
122.20000000,5.12662000,2.13209000,0.07037932,0.09027386
122.40000000,5.12712000,1.98828000,0.07049378,0.09041537
122.60000000,5.12437000,2.13024000,0.07060818,0.09056698
122.80000000,5.12437000,2.13024000,0.07072653,0.09071862
123.00000000,5.12525000,2.05840000,0.07084288,0.09086508
123.20000000,5.12312000,2.07020000,0.07095756,0.09101253
123.40000000,5.12800000,2.14796000,0.07107473,0.09116540
123.60000000,5.12425000,1.94617000,0.07118846,0.09130391
123.80000000,5.12425000,1.94617000,0.07129658,0.09144252
124.00000000,5.12825000,2.00908000,0.07140645,0.09158545
124.20000000,5.12225000,1.91865000,0.07151555,0.09172213
124.40000000,5.12887000,2.15664000,0.07162875,0.09187575
124.60000000,5.12887000,2.15664000,0.07174857,0.09202919
124.80000000,5.12237000,1.99436000,0.07186387,0.09217117
125.00000000,5.12575000,1.98268000,0.07197434,0.09231234
125.20000000,5.12650000,2.16844000,0.07208965,0.09246673
125.40000000,5.12625000,1.94819000,0.07220400,0.09260543
125.60000000,5.12625000,1.94819000,0.07231224,0.09274409
125.80000000,5.12450000,2.17228000,0.07242669,0.09289879
126.00000000,5.12750000,2.18582000,0.07254775,0.09305448
126.20000000,5.12825000,2.09046000,0.07266654,0.09320337
126.40000000,5.12825000,2.09046000,0.07278267,0.09335215
126.60000000,5.12437000,1.94707000,0.07289483,0.09349070
126.80000000,5.12337000,2.00348000,0.07300457,0.09363336
127.00000000,5.12662000,2.08848000,0.07311823,0.09378206
127.20000000,5.12550000,1.97424000,0.07323108,0.09392261
127.40000000,5.12550000,1.97424000,0.07334076,0.09406311
127.60000000,5.12412000,2.12512000,0.07345464,0.09421443
127.80000000,5.12700000,1.90464000,0.07356657,0.09434996
128.00000000,5.12337000,2.06377000,0.07367681,0.09449682
128.20000000,5.12337000,2.06377000,0.07379146,0.09464375
128.40000000,5.12600000,1.98345000,0.07390388,0.09478493
128.60000000,5.12512000,2.03990000,0.07401564,0.09493015
128.80000000,5.12550000,2.09472000,0.07413049,0.09507927
129.00000000,5.12487000,2.09347000,0.07424683,0.09522828
129.20000000,5.12487000,2.09347000,0.07436314,0.09537733
129.40000000,5.12625000,1.92086000,0.07447465,0.09551405
129.60000000,5.12487000,2.14822000,0.07458768,0.09566705
129.80000000,5.12787000,2.07430000,0.07470497,0.09581478
130.00000000,5.12787000,2.07430000,0.07482021,0.09596243
130.20000000,5.12500000,2.15609000,0.07493772,0.09611594
130.40000000,5.12637000,1.98076000,0.07505263,0.09625690
130.60000000,5.12362000,1.99200000,0.07516298,0.09639865
130.80000000,5.12362000,1.99200000,0.07527365,0.09654043
131.00000000,5.12462000,2.08032000,0.07538677,0.09668857
131.20000000,5.12712000,2.10038000,0.07550290,0.09683810
131.40000000,5.12562000,2.14819000,0.07562092,0.09699101
131.60000000,5.12500000,1.97939000,0.07573557,0.09713190
131.80000000,5.12500000,1.97939000,0.07584554,0.09727285
132.00000000,5.12712000,2.04182000,0.07595724,0.09741823
132.20000000,5.12625000,2.10588000,0.07607245,0.09756815
132.40000000,5.12575000,2.07308000,0.07618854,0.09771573
132.60000000,5.12575000,2.07308000,0.07630371,0.09786338
132.80000000,5.12812000,1.83718000,0.07641232,0.09799415
133.00000000,5.12500000,1.99676000,0.07651882,0.09813627
133.20000000,5.12437000,2.10214000,0.07663268,0.09828595
133.40000000,5.12662000,1.96464000,0.07674565,0.09842583
133.60000000,5.12662000,1.96464000,0.07685479,0.09856572
133.80000000,5.12662000,2.03772000,0.07696597,0.09871081
134.00000000,5.12637000,2.11622000,0.07708136,0.09886143
134.20000000,5.12462000,1.98243000,0.07719521,0.09900253
134.40000000,5.12362000,2.05494000,0.07730736,0.09914876
134.60000000,5.12362000,2.05494000,0.07742152,0.09929501
134.80000000,5.12425000,2.07721000,0.07753630,0.09944290
135.00000000,5.12600000,1.95110000,0.07764820,0.09958178
135.20000000,5.12500000,2.02096000,0.07775854,0.09972563
135.40000000,5.12500000,2.02096000,0.07787081,0.09986957
135.60000000,5.12800000,2.16784000,0.07798717,0.10002386
135.80000000,5.12437000,1.93203000,0.07810105,0.10016138
136.00000000,5.12487000,2.07363000,0.07821232,0.10030898
136.20000000,5.12512000,1.91606000,0.07832315,0.10044537
136.40000000,5.12512000,1.91606000,0.07842959,0.10058186
136.60000000,5.12875000,2.08006000,0.07854060,0.10072987
136.80000000,5.12325000,2.00905000,0.07865418,0.10087291
137.00000000,5.12637000,1.98617000,0.07876516,0.10101433
137.20000000,5.12637000,1.98617000,0.07887550,0.10115564
137.40000000,5.12262000,1.99875000,0.07898620,0.10129794
137.60000000,5.12612000,2.16492000,0.07910185,0.10145207
137.80000000,5.12600000,1.96870000,0.07921668,0.10159218
138.00000000,5.12425000,1.94348000,0.07932535,0.10173050
138.20000000,5.12425000,1.94348000,0.07943332,0.10186884
138.40000000,5.12512000,1.98208000,0.07954236,0.10200996
138.60000000,5.12625000,2.02534000,0.07965368,0.10215415
138.80000000,5.12575000,1.95430000,0.07976423,0.10229328
139.00000000,5.12575000,1.95430000,0.07987280,0.10243239
139.20000000,5.12512000,1.88179000,0.07997936,0.10256639
139.40000000,5.12725000,2.16259000,0.08009170,0.10272032
139.60000000,5.12487000,2.09977000,0.08021010,0.10286978
139.80000000,5.12775000,2.09100000,0.08032651,0.10301870
140.00000000,5.12775000,2.09100000,0.08044268,0.10316754
140.20000000,5.12487000,2.05248000,0.08055777,0.10331371
140.40000000,5.12750000,2.04505000,0.08067159,0.10345931
140.60000000,5.12625000,1.93824000,0.08078224,0.10359731
140.80000000,5.12625000,1.93824000,0.08088992,0.10373527
141.00000000,5.12487000,2.02291000,0.08099995,0.10387923
141.20000000,5.12387000,2.00502000,0.08111184,0.10402194
141.40000000,5.12462000,1.98748000,0.08122274,0.10416340
141.60000000,5.12462000,1.98748000,0.08133316,0.10430485
141.80000000,5.12437000,2.01104000,0.08144423,0.10444806
142.00000000,5.12737000,2.16585000,0.08156025,0.10460223
142.20000000,5.12500000,2.02134000,0.08167656,0.10474611
142.40000000,5.12462000,2.02828000,0.08178905,0.10489047
142.60000000,5.12462000,2.02828000,0.08190173,0.10503491
142.80000000,5.12725000,2.09536000,0.08201628,0.10518413
143.00000000,5.12762000,1.97225000,0.08212927,0.10532451
143.20000000,5.12450000,2.13728000,0.08224342,0.10547662
143.40000000,5.12450000,2.13728000,0.08236216,0.10562885
143.60000000,5.12825000,2.02784000,0.08247786,0.10577319
143.80000000,5.12475000,2.09350000,0.08259234,0.10592223
144.00000000,5.12575000,2.04857000,0.08270740,0.10606807
144.20000000,5.12500000,1.93395000,0.08281802,0.10620573
144.40000000,5.12500000,1.93395000,0.08292546,0.10634334
144.60000000,5.12325000,1.94451000,0.08303320,0.10648179
144.80000000,5.12650000,2.09577000,0.08314543,0.10663097
145.00000000,5.12512000,1.88969000,0.08325614,0.10676549
145.20000000,5.12512000,1.88969000,0.08336112,0.10690003
145.40000000,5.12637000,2.12508000,0.08347264,0.10705136
145.60000000,5.12725000,2.13120000,0.08359087,0.10720303
145.80000000,5.12412000,1.93283000,0.08370376,0.10734071
146.00000000,5.12850000,2.11606000,0.08381623,0.10749143
146.20000000,5.12850000,2.11606000,0.08393379,0.10764196
146.40000000,5.12175000,1.99206000,0.08404790,0.10778382
146.60000000,5.12737000,1.91110000,0.08415632,0.10791984
146.80000000,5.12450000,2.02265000,0.08426560,0.10806380
147.00000000,5.12450000,2.02265000,0.08437796,0.10820779
147.20000000,5.12562000,2.04572000,0.08449097,0.10835345
147.40000000,5.12637000,2.05424000,0.08460486,0.10849970
147.60000000,5.12612000,2.13408000,0.08472120,0.10865176
147.80000000,5.13012000,2.10070000,0.08483884,0.10880144
148.00000000,5.13012000,2.10070000,0.08495554,0.10895089
148.20000000,5.12250000,1.99184000,0.08506922,0.10909269
148.40000000,5.12562000,2.12624000,0.08518362,0.10924403
148.60000000,5.12487000,1.81228000,0.08529302,0.10937303
148.80000000,5.12487000,1.81228000,0.08539370,0.10950200
149.00000000,5.12375000,2.07235000,0.08550161,0.10964953
149.20000000,5.12575000,1.92211000,0.08561257,0.10978638
149.40000000,5.12637000,1.98585000,0.08572112,0.10992777
149.60000000,5.12637000,1.98585000,0.08583144,0.11006916
149.80000000,5.12600000,1.99881000,0.08594213,0.11021149
150.00000000,5.12712000,2.10748000,0.08605619,0.11036153
150.20000000,5.12587000,2.00083000,0.08617031,0.11050397
150.40000000,5.12537000,1.93577000,0.08627966,0.11064177
150.60000000,5.12537000,1.93577000,0.08638721,0.11077959
150.80000000,5.12600000,2.03510000,0.08649751,0.11092446
151.00000000,5.12562000,1.96278000,0.08660856,0.11106422
151.20000000,5.12675000,1.98924000,0.08671834,0.11120587
151.40000000,5.12675000,1.98924000,0.08682885,0.11134743
151.60000000,5.12387000,2.08473000,0.08694202,0.11149596
151.80000000,5.12975000,2.03452000,0.08705644,0.11164080
152.00000000,5.12575000,2.10464000,0.08717142,0.11179063
152.20000000,5.12575000,2.10464000,0.08728834,0.11194041
152.40000000,5.12400000,2.10681000,0.08740533,0.11209040
152.60000000,5.12587000,2.00243000,0.08751947,0.11223299
152.80000000,5.12700000,1.94931000,0.08762924,0.11237168
153.00000000,5.12262000,2.04003000,0.08774006,0.11251682
153.20000000,5.12262000,2.04003000,0.08785339,0.11266205
153.40000000,5.12575000,1.89625000,0.08796273,0.11279708
153.60000000,5.12675000,2.09996000,0.08807374,0.11294663
153.80000000,5.12775000,2.04742000,0.08818894,0.11309245
154.00000000,5.12775000,2.04742000,0.08830269,0.11323820
154.20000000,5.12562000,2.05433000,0.08841663,0.11338433
154.40000000,5.12162000,1.96569000,0.08852830,0.11352425
154.60000000,5.12487000,2.14534000,0.08864249,0.11367710
154.80000000,5.13000000,2.01766000,0.08875813,0.11382086
155.00000000,5.13000000,2.01766000,0.08887022,0.11396442
155.20000000,5.12300000,1.95545000,0.08898059,0.11410374
155.40000000,5.12975000,2.15068000,0.08909464,0.11425687
155.60000000,5.12625000,1.95257000,0.08920862,0.11439585
155.80000000,5.12475000,2.17452000,0.08932327,0.11455062
156.00000000,5.12475000,2.17452000,0.08944407,0.11470542
156.20000000,5.12562000,1.85260000,0.08955594,0.11483732
156.40000000,5.12612000,2.18505000,0.08966809,0.11499284
156.60000000,5.12450000,2.00672000,0.08978453,0.11513567
156.80000000,5.12450000,2.00672000,0.08989602,0.11527856
157.00000000,5.12712000,2.09564000,0.09000997,0.11542777
157.20000000,5.12625000,1.98534000,0.09012333,0.11556913
157.40000000,5.12662000,1.99641000,0.09023394,0.11571130
157.60000000,5.12737000,1.89196000,0.09034195,0.11584604
157.80000000,5.12737000,1.89196000,0.09044705,0.11598066
158.00000000,5.12312000,2.08825000,0.09055762,0.11612931
158.20000000,5.12537000,1.97379000,0.09067045,0.11626980
158.40000000,5.12475000,2.06518000,0.09078264,0.11641679
158.60000000,5.12475000,2.06518000,0.09089738,0.11656381
158.80000000,5.12562000,1.95024000,0.09100892,0.11670269
159.00000000,5.12725000,2.12713000,0.09112218,0.11685418
159.20000000,5.12775000,2.16105000,0.09124129,0.11700810
159.40000000,5.12800000,1.96870000,0.09135601,0.11714831
159.60000000,5.12800000,1.96870000,0.09146538,0.11728843
159.80000000,5.12437000,1.82201000,0.09157068,0.11741816
160.00000000,5.12637000,2.00000000,0.09167684,0.11756050
160.20000000,5.12450000,2.01840000,0.09178847,0.11770416
160.40000000,5.12425000,2.03721000,0.09190112,0.11784915
160.60000000,5.12425000,2.03721000,0.09201430,0.11799418
160.80000000,5.12562000,2.08803000,0.09212889,0.11814292
161.00000000,5.12900000,2.00899000,0.09224270,0.11828588
161.20000000,5.12375000,1.98700000,0.09235370,0.11842729
161.40000000,5.12375000,1.98700000,0.09246408,0.11856875
161.60000000,5.12612000,2.03484000,0.09257580,0.11871370
161.80000000,5.12875000,2.05033000,0.09268928,0.11885963
162.00000000,5.12462000,2.07193000,0.09280379,0.11900721
162.20000000,5.12850000,1.98528000,0.09291649,0.11914862
162.40000000,5.12850000,1.98528000,0.09302678,0.11928997
162.60000000,5.12625000,1.99881000,0.09313745,0.11943220
162.80000000,5.12312000,1.91270000,0.09324610,0.11956844
163.00000000,5.12875000,1.96700000,0.09335387,0.11970856
163.20000000,5.12875000,1.96700000,0.09346315,0.11984857
163.40000000,5.12500000,1.93334000,0.09357149,0.11998617
163.60000000,5.12450000,1.97465000,0.09368005,0.12012679
163.80000000,5.12725000,2.08601000,0.09379284,0.12027534
164.00000000,5.12612000,2.01737000,0.09390683,0.12041897
164.20000000,5.12612000,2.01737000,0.09401890,0.12056261
164.40000000,5.12675000,1.96278000,0.09412946,0.12070242
164.60000000,5.12837000,1.98272000,0.09423906,0.12084358
164.80000000,5.12625000,1.96716000,0.09434878,0.12098364
165.00000000,5.12625000,1.96716000,0.09445807,0.12112366
165.20000000,5.12500000,2.07529000,0.09457036,0.12127142
165.40000000,5.12625000,1.93756000,0.09468182,0.12140935
165.60000000,5.12562000,2.06505000,0.09479301,0.12155636
165.80000000,5.12562000,2.06505000,0.09490773,0.12170338
166.00000000,5.12587000,1.91756000,0.09501836,0.12183995
166.20000000,5.12787000,1.94374000,0.09512562,0.12197828
166.40000000,5.12387000,1.86835000,0.09523151,0.12211124
166.60000000,5.12387000,1.86835000,0.09533531,0.12224431
166.80000000,5.12700000,1.98444000,0.09544233,0.12238565
167.00000000,5.12812000,2.07212000,0.09555501,0.12253313
167.20000000,5.12475000,2.16531000,0.09567272,0.12268729
167.40000000,5.12600000,1.92742000,0.09578640,0.12282451
167.60000000,5.12600000,1.92742000,0.09589348,0.12296175
167.80000000,5.12650000,1.93600000,0.09600080,0.12309964
168.00000000,5.12800000,1.99641000,0.09611003,0.12324167
168.20000000,5.12250000,1.92636000,0.09621900,0.12337872
168.40000000,5.12587000,1.95187000,0.09632673,0.12351768
168.60000000,5.12587000,1.95187000,0.09643517,0.12365670
168.80000000,5.12787000,2.13721000,0.09654875,0.12380891
169.00000000,5.12787000,2.01305000,0.09666404,0.12395221
169.20000000,5.12525000,2.01395000,0.09677590,0.12409557
169.40000000,5.12525000,2.01395000,0.09688778,0.12423893
169.60000000,5.12537000,2.08947000,0.09700177,0.12438766
169.80000000,5.12512000,1.97948000,0.09711479,0.12452865
170.00000000,5.12800000,2.03504000,0.09722631,0.12467351
170.20000000,5.12512000,1.91363000,0.09733599,0.12480972
170.40000000,5.12512000,1.91363000,0.09744231,0.12494601
170.60000000,5.12762000,2.08336000,0.09755333,0.12509431
170.80000000,5.12537000,1.93139000,0.09766486,0.12523186
171.00000000,5.12762000,2.01411000,0.09777445,0.12537530
171.20000000,5.12762000,2.01411000,0.09788635,0.12551867
171.40000000,5.12537000,2.06745000,0.09799972,0.12566588
171.60000000,5.12662000,2.13478000,0.09811645,0.12581787
171.80000000,5.12625000,2.10294000,0.09823417,0.12596766
172.00000000,5.12837000,1.96787000,0.09834725,0.12610783
172.20000000,5.12837000,1.96787000,0.09845657,0.12624790
172.40000000,5.12500000,2.03648000,0.09856780,0.12639282
172.60000000,5.12375000,2.05136000,0.09868135,0.12653888
172.80000000,5.12650000,2.01904000,0.09879442,0.12668264
173.00000000,5.12650000,2.01904000,0.09890659,0.12682639
173.20000000,5.12612000,2.09136000,0.09902077,0.12697536
173.40000000,5.12862000,1.88409000,0.09913120,0.12710943
173.60000000,5.12350000,2.07849000,0.09924127,0.12725744
173.80000000,5.12700000,2.17852000,0.09935952,0.12741256
174.00000000,5.12700000,2.17852000,0.09948055,0.12756765
174.20000000,5.12562000,1.98707000,0.09959626,0.12770913
174.40000000,5.12625000,2.12886000,0.09971059,0.12786074
174.60000000,5.12762000,2.10035000,0.09982807,0.12801030
174.80000000,5.12712000,2.12425000,0.09994542,0.12816157
175.00000000,5.12712000,2.12425000,0.10006343,0.12831284
175.20000000,5.12725000,1.96617000,0.10017705,0.12845275
175.40000000,5.12325000,1.89052000,0.10028418,0.12858730
175.60000000,5.12425000,1.94768000,0.10039080,0.12872591
175.80000000,5.12425000,1.94768000,0.10049901,0.12886460
176.00000000,5.12687000,2.00387000,0.10060877,0.12900721
176.20000000,5.12400000,1.97945000,0.10071942,0.12914821
176.40000000,5.12887000,2.05446000,0.10083147,0.12929447
176.60000000,5.12575000,1.95232000,0.10094277,0.12943346
176.80000000,5.12575000,1.95232000,0.10105123,0.12957236
177.00000000,5.12250000,2.01139000,0.10116134,0.12971560
177.20000000,5.12737000,2.09561000,0.10127542,0.12986484
177.40000000,5.12762000,2.11955000,0.10139251,0.13001579
177.60000000,5.12762000,2.11955000,0.10151026,0.13016666
177.80000000,5.12500000,1.93401000,0.10162286,0.13030442
178.00000000,5.12862000,2.10608000,0.10173508,0.13045436
178.20000000,5.12587000,1.97811000,0.10184853,0.13059519
178.40000000,5.12587000,1.97811000,0.10195843,0.13073597
178.60000000,5.12450000,2.13545000,0.10207269,0.13088805
178.80000000,5.12737000,1.94150000,0.10218594,0.13102618
179.00000000,5.12250000,2.07222000,0.10229744,0.13117361
179.20000000,5.12987000,1.95692000,0.10240936,0.13131303
179.40000000,5.12987000,1.95692000,0.10251807,0.13145231
179.60000000,5.12437000,2.02796000,0.10262876,0.13159665
179.80000000,5.12437000,1.95734000,0.10273947,0.13173606
180.00000000,5.12825000,2.17692000,0.10285431,0.13189111
180.20000000,5.12825000,2.17692000,0.10297525,0.13204611
180.40000000,5.12662000,2.05024000,0.10309267,0.13219209
180.60000000,5.12637000,2.03600000,0.10320618,0.13233699
180.80000000,5.12425000,1.97881000,0.10331770,0.13247783
181.00000000,5.12425000,1.97881000,0.10342763,0.13261878
181.20000000,5.12875000,1.98220000,0.10353766,0.13275995
181.40000000,5.12775000,2.06569000,0.10365010,0.13290699
181.60000000,5.12512000,1.98272000,0.10376256,0.13304811
181.80000000,5.12462000,1.96921000,0.10387233,0.13318827
182.00000000,5.12462000,1.96921000,0.10398173,0.13332839
182.20000000,5.12312000,1.81740000,0.10408692,0.13345778
182.40000000,5.12625000,1.95894000,0.10419182,0.13359723
182.60000000,5.12537000,2.03392000,0.10430273,0.13374202
182.80000000,5.12137000,1.97571000,0.10441411,0.13388255
183.00000000,5.12137000,1.97571000,0.10452387,0.13402324
183.20000000,5.12725000,1.96844000,0.10463343,0.13416340
183.40000000,5.12662000,2.20000000,0.10474922,0.13432012
183.60000000,5.12875000,2.01974000,0.10486643,0.13446399
183.80000000,5.12875000,2.01974000,0.10497864,0.13460769
184.00000000,5.12262000,2.05833000,0.10509192,0.13475430
184.20000000,5.12850000,1.97081000,0.10520384,0.13489455
184.40000000,5.12362000,1.92796000,0.10531214,0.13503181
184.60000000,5.12612000,2.09811000,0.10542398,0.13518119
184.80000000,5.12612000,2.09811000,0.10554054,0.13533055
185.00000000,5.12575000,1.96806000,0.10565349,0.13547070
185.20000000,5.12725000,2.09395000,0.10576632,0.13561975
185.40000000,5.12487000,1.99120000,0.10587980,0.13576148
185.60000000,5.12487000,1.99120000,0.10599042,0.13590321
185.80000000,5.12487000,2.08156000,0.10610355,0.13605140
186.00000000,5.12587000,2.01280000,0.10621728,0.13619476
186.20000000,5.12825000,2.14694000,0.10633283,0.13634760
186.40000000,5.12562000,2.02115000,0.10644861,0.13649149
186.60000000,5.12562000,2.02115000,0.10656090,0.13663544
186.80000000,5.12825000,1.94412000,0.10667104,0.13677378
187.00000000,5.12325000,1.92806000,0.10677861,0.13691104
187.20000000,5.12575000,2.01948000,0.10688826,0.13705481
187.40000000,5.12575000,2.01948000,0.10700045,0.13719857
187.60000000,5.12562000,1.98012000,0.10711155,0.13733957
187.80000000,5.12687000,2.01500000,0.10722253,0.13748310
188.00000000,5.12850000,2.08524000,0.10733642,0.13763151
188.20000000,5.12425000,1.99536000,0.10744977,0.13777352
188.40000000,5.12425000,1.99536000,0.10756063,0.13791559
188.60000000,5.12650000,2.00076000,0.10767163,0.13805788
188.80000000,5.12050000,1.81561000,0.10777764,0.13818718
189.00000000,5.12775000,2.11142000,0.10788672,0.13833756
189.20000000,5.12450000,1.96278000,0.10799990,0.13847725
189.40000000,5.12450000,1.96278000,0.10810894,0.13861708
189.60000000,5.12925000,2.00176000,0.10821907,0.13875955
189.80000000,5.12450000,2.02355000,0.10833088,0.13890359
190.00000000,5.12487000,2.02336000,0.10844329,0.13904761
190.20000000,5.12487000,2.02336000,0.10855570,0.13919157
190.40000000,5.12275000,2.00316000,0.10866755,0.13933424
190.60000000,5.12787000,2.02099000,0.10877933,0.13947810
190.80000000,5.12537000,1.95769000,0.10888985,0.13961746
191.00000000,5.12475000,2.09017000,0.10900229,0.13976623
191.20000000,5.12475000,2.09017000,0.10911841,0.13991508
191.40000000,5.12750000,2.04755000,0.10923335,0.14006090
191.60000000,5.12750000,2.14902000,0.10934992,0.14021394
191.80000000,5.12925000,2.00486000,0.10946531,0.14035677
192.00000000,5.12925000,2.00486000,0.10957669,0.14049941
192.20000000,5.12262000,2.04992000,0.10968932,0.14064541
192.40000000,5.12787000,2.06476000,0.10980362,0.14079245
192.60000000,5.12762000,2.09942000,0.10991929,0.14094197
192.80000000,5.12762000,2.09942000,0.11003592,0.14109142
193.00000000,5.12550000,1.87670000,0.11014637,0.14122496
193.20000000,5.12350000,1.99088000,0.11025380,0.14136675
193.40000000,5.12762000,2.04217000,0.11036583,0.14151219
193.60000000,5.12762000,2.04217000,0.11047929,0.14165755
193.80000000,5.12500000,1.84947000,0.11058739,0.14178929
194.00000000,5.12875000,2.14438000,0.11069833,0.14194189
194.20000000,5.12350000,1.94857000,0.11081202,0.14208061
194.40000000,5.12600000,1.85814000,0.11091776,0.14221290
194.60000000,5.12600000,1.85814000,0.11102099,0.14234515
194.80000000,5.12437000,2.02176000,0.11112877,0.14248913
195.00000000,5.12750000,2.17654000,0.11124539,0.14264408
195.20000000,5.12562000,2.03283000,0.11136232,0.14278879
195.40000000,5.12562000,2.03283000,0.11147525,0.14293363
195.60000000,5.12987000,2.15808000,0.11159166,0.14308719
195.80000000,5.12337000,1.95254000,0.11170585,0.14322632
196.00000000,5.13025000,2.13552000,0.11181941,0.14337827
196.20000000,5.12325000,2.06528000,0.11193609,0.14352523
196.40000000,5.12325000,2.06528000,0.11205083,0.14367225
196.60000000,5.12562000,2.03200000,0.11216465,0.14381693
196.80000000,5.12612000,2.09516000,0.11227929,0.14396611
197.00000000,5.12687000,1.94678000,0.11239156,0.14410474
197.20000000,5.12512000,2.11862000,0.11250449,0.14425555
197.40000000,5.12512000,2.11862000,0.11262219,0.14440642
197.60000000,5.12750000,2.05568000,0.11273815,0.14455268
197.80000000,5.12275000,2.09200000,0.11285336,0.14470164
198.00000000,5.12675000,2.14035000,0.11297093,0.14485405
198.20000000,5.12675000,2.14035000,0.11308983,0.14500641
198.40000000,5.12537000,2.10201000,0.11320768,0.14515605
198.60000000,5.12575000,1.95097000,0.11332026,0.14529497
198.80000000,5.12662000,2.09788000,0.11343273,0.14544430
199.00000000,5.12500000,1.95504000,0.11354531,0.14558346
199.20000000,5.12500000,1.95504000,0.11365392,0.14572271
199.40000000,5.12825000,1.91411000,0.11376140,0.14585891
199.60000000,5.12337000,2.11177000,0.11387323,0.14600922
199.80000000,5.12487000,2.10451000,0.11399035,0.14615902
200.00000000,5.12487000,2.10451000,0.11410726,0.14630888
200.20000000,5.12712000,2.15315000,0.11422553,0.14646214
200.40000000,5.12475000,2.03145000,0.11434177,0.14660679
200.60000000,5.12687000,1.84668000,0.11444950,0.14673819
200.80000000,5.12312000,2.06003000,0.11455802,0.14688477
201.00000000,5.12312000,2.06003000,0.11467246,0.14703145
201.20000000,5.12662000,1.97091000,0.11478443,0.14717180
201.40000000,5.12712000,2.14675000,0.11489881,0.14732462
201.60000000,5.12550000,1.98812000,0.11501367,0.14746615
201.80000000,5.12550000,1.98812000,0.11512412,0.14760772
202.00000000,5.12687000,2.08969000,0.11523739,0.14775641
202.20000000,5.12312000,2.03721000,0.11535203,0.14790148
202.40000000,5.12725000,1.94265000,0.11546258,0.14803979
202.60000000,5.12612000,2.02198000,0.11557271,0.14818375
202.80000000,5.12612000,2.02198000,0.11568504,0.14832776
203.00000000,5.12800000,2.11148000,0.11579986,0.14847801
203.20000000,5.12350000,2.02921000,0.11591488,0.14862242
203.40000000,5.12387000,1.94928000,0.11602539,0.14876114
203.60000000,5.12387000,1.94928000,0.11613369,0.14889987
203.80000000,5.12412000,2.01340000,0.11624376,0.14904321
204.00000000,5.12612000,2.12368000,0.11635868,0.14919451
204.20000000,5.12962000,2.05433000,0.11647474,0.14934066
204.40000000,5.12225000,1.90076000,0.11658460,0.14947589
204.60000000,5.12225000,1.90076000,0.11669020,0.14961121
204.80000000,5.12600000,2.12611000,0.11680206,0.14976259
205.00000000,5.12650000,1.88422000,0.11691345,0.14989676
205.20000000,5.12662000,1.99209000,0.11702113,0.15003860
205.40000000,5.12662000,1.99209000,0.11713180,0.15018032
205.60000000,5.12225000,2.00342000,0.11724279,0.15032297
205.80000000,5.12675000,2.17913000,0.11735897,0.15047815
206.00000000,5.12700000,1.97990000,0.11747450,0.15061913
206.20000000,5.12700000,1.97990000,0.11758449,0.15076013
206.40000000,5.12737000,2.11388000,0.11769821,0.15091062
206.60000000,5.12587000,1.99392000,0.11781231,0.15105262
206.80000000,5.12750000,2.04915000,0.11792462,0.15119858
207.00000000,5.12862000,2.12137000,0.11804047,0.15134969
207.20000000,5.12862000,2.12137000,0.11815832,0.15150062
207.40000000,5.12262000,2.02374000,0.11827346,0.15164469
207.60000000,5.12562000,2.02160000,0.11838584,0.15178862
207.80000000,5.12612000,2.11056000,0.11850062,0.15193888
208.00000000,5.12612000,2.11056000,0.11861787,0.15208922
208.20000000,5.12887000,2.06179000,0.11873377,0.15223598
208.40000000,5.12475000,2.02470000,0.11884728,0.15238008
208.60000000,5.12462000,2.01094000,0.11895938,0.15252324
208.80000000,5.12550000,1.86972000,0.11906718,0.15265634
209.00000000,5.12550000,1.86972000,0.11917105,0.15278938
209.20000000,5.12325000,1.89430000,0.11927561,0.15292421
209.40000000,5.12487000,2.05264000,0.11938525,0.15307037
209.60000000,5.12662000,2.07523000,0.11949991,0.15321813
209.80000000,5.12662000,2.07523000,0.11961520,0.15336590
210.00000000,5.12675000,2.11340000,0.11973155,0.15351640
210.20000000,5.12737000,1.98688000,0.11984545,0.15365787
210.40000000,5.12662000,2.09920000,0.11995895,0.15380736
210.60000000,5.12712000,2.10841000,0.12007583,0.15395750
210.80000000,5.12712000,2.10841000,0.12019296,0.15410762
211.00000000,5.12662000,1.98812000,0.12030675,0.15424915
211.20000000,5.12550000,2.00630000,0.12041771,0.15439197
211.40000000,5.12537000,1.88246000,0.12052573,0.15452597
211.60000000,5.12537000,1.88246000,0.12063031,0.15465992
211.80000000,5.12300000,2.02553000,0.12073887,0.15480418
212.00000000,5.12800000,1.98316000,0.12085022,0.15494527
212.20000000,5.12237000,1.93475000,0.12095905,0.15508304
212.40000000,5.12687000,2.17932000,0.12107333,0.15523822
212.60000000,5.12687000,2.17932000,0.12119440,0.15539342
212.80000000,5.12737000,2.00115000,0.12131053,0.15553593
213.00000000,5.12750000,2.05715000,0.12142326,0.15568234
213.20000000,5.12425000,2.02668000,0.12153670,0.15582657
213.40000000,5.12412000,1.93459000,0.12164673,0.15596425
213.60000000,5.12412000,1.93459000,0.12175421,0.15610201
213.80000000,5.12700000,2.17110000,0.12186826,0.15625665
214.00000000,5.12825000,2.02515000,0.12198482,0.15640074
214.20000000,5.12300000,2.14067000,0.12210054,0.15655306
214.40000000,5.12300000,2.14067000,0.12221946,0.15670547
214.60000000,5.12625000,2.08732000,0.12233691,0.15685405
214.80000000,5.12512000,1.99526000,0.12245031,0.15699606
215.00000000,5.12450000,1.96297000,0.12256026,0.15713590
215.20000000,5.12937000,2.12540000,0.12267383,0.15728732
215.40000000,5.12937000,2.12540000,0.12279191,0.15743858
215.60000000,5.12400000,1.97497000,0.12290581,0.15757921
215.80000000,5.12687000,2.01030000,0.12301651,0.15772233
216.00000000,5.12600000,2.03632000,0.12312892,0.15786731
216.20000000,5.12600000,2.03632000,0.12324204,0.15801230
216.40000000,5.12662000,1.93740000,0.12335243,0.15815017
216.60000000,5.12362000,2.10556000,0.12346473,0.15830009
216.80000000,5.12650000,2.01843000,0.12357929,0.15844385
217.00000000,5.12825000,2.04531000,0.12369217,0.15858953
217.20000000,5.12825000,2.04531000,0.12380580,0.15873508
217.40000000,5.12375000,1.91590000,0.12391583,0.15887149
217.60000000,5.12625000,2.08451000,0.12402695,0.15901990
217.80000000,5.12625000,2.07936000,0.12414261,0.15916795
218.00000000,5.12587000,2.05836000,0.12425755,0.15931449
218.20000000,5.12587000,2.05836000,0.12437190,0.15946110
218.40000000,5.12837000,2.01043000,0.12448493,0.15960415
218.60000000,5.12312000,2.12627000,0.12459983,0.15975544
218.80000000,5.12487000,1.99504000,0.12471432,0.15989745
219.00000000,5.12487000,1.99504000,0.12482515,0.16003955
219.20000000,5.12837000,2.10019000,0.12493891,0.16018900
219.40000000,5.12375000,2.01267000,0.12505315,0.16033230
219.60000000,5.12612000,1.94758000,0.12516316,0.16047096
219.80000000,5.12612000,1.94758000,0.12527136,0.16060957
220.00000000,5.12450000,1.89888000,0.12537821,0.16074479
220.20000000,5.12712000,2.08012000,0.12548873,0.16089285
220.40000000,5.12462000,2.11187000,0.12560518,0.16104316
220.60000000,5.12462000,2.11187000,0.12572250,0.16119344
220.80000000,5.12350000,1.95763000,0.12583555,0.16133279
221.00000000,5.12512000,1.93811000,0.12594376,0.16147076
221.20000000,5.12562000,1.90444000,0.12605050,0.16160637
221.40000000,5.12700000,2.13852000,0.12616280,0.16175865
221.60000000,5.12700000,2.13852000,0.12628161,0.16191089
221.80000000,5.12537000,1.90976000,0.12639406,0.16204687
222.00000000,5.12675000,1.97580000,0.12650199,0.16218746
222.20000000,5.12337000,2.02371000,0.12661309,0.16233147
222.40000000,5.12337000,2.02371000,0.12672552,0.16247554
222.60000000,5.12587000,1.96169000,0.12683622,0.16261517
222.80000000,5.12487000,1.94729000,0.12694481,0.16275377
223.00000000,5.12462000,1.95270000,0.12705314,0.16289287
223.20000000,5.12875000,2.13731000,0.12716675,0.16304511
223.40000000,5.12875000,2.13731000,0.12728549,0.16319727
223.60000000,5.12587000,1.99254000,0.12740021,0.16333909
223.80000000,5.12450000,1.96448000,0.12751013,0.16347904
224.00000000,5.12925000,2.03100000,0.12762111,0.16362372
224.20000000,5.12925000,2.03100000,0.12773395,0.16376823
224.40000000,5.12262000,2.04544000,0.12784718,0.16391383
224.60000000,5.12525000,1.94275000,0.12795796,0.16405219
224.80000000,5.12787000,2.17200000,0.12807226,0.16420683
225.00000000,5.12600000,1.97289000,0.12818740,0.16434728
225.20000000,5.12600000,1.97289000,0.12829700,0.16448771
225.40000000,5.12487000,1.96150000,0.12840629,0.16462736
225.60000000,5.12600000,2.04275000,0.12851752,0.16477278
225.80000000,5.12550000,1.89564000,0.12862692,0.16490772
226.00000000,5.12550000,1.89564000,0.12873223,0.16504270
226.20000000,5.12650000,1.99952000,0.12884043,0.16518509
226.40000000,5.12737000,2.09344000,0.12895413,0.16533406
226.60000000,5.12350000,1.92592000,0.12906577,0.16547118
226.80000000,5.12612000,2.12656000,0.12917834,0.16562258
227.00000000,5.12612000,2.12656000,0.12929649,0.16577402
227.20000000,5.12750000,2.12976000,0.12941472,0.16592567
227.40000000,5.12675000,1.97824000,0.12952883,0.16606651
227.60000000,5.12612000,1.98940000,0.12963904,0.16620804
227.80000000,5.12212000,1.90668000,0.12974726,0.16634368
228.00000000,5.12212000,1.90668000,0.12985319,0.16647942
228.20000000,5.12562000,1.90067000,0.12995895,0.16661479
228.40000000,5.12787000,2.00780000,0.13006752,0.16675767
228.60000000,5.12387000,1.98268000,0.13017837,0.16689877
228.80000000,5.12387000,1.98268000,0.13028851,0.16703993
229.00000000,5.12625000,2.08000000,0.13040137,0.16718804
229.20000000,5.12700000,2.02099000,0.13051528,0.16733188
229.40000000,5.12425000,2.08790000,0.13062942,0.16748047
229.60000000,5.12675000,1.97926000,0.13074240,0.16762141
229.80000000,5.12675000,1.97926000,0.13085235,0.16776229
230.00000000,5.12487000,2.05145000,0.13096432,0.16790840
230.20000000,5.12812000,1.96592000,0.13107591,0.16804835
230.40000000,5.12550000,2.05894000,0.13118771,0.16819492
230.60000000,5.12550000,2.05894000,0.13130210,0.16834144
230.80000000,5.12387000,1.99392000,0.13141468,0.16848343
231.00000000,5.12725000,1.94028000,0.13152396,0.16862155
231.20000000,5.12525000,2.17241000,0.13163820,0.16877619
231.40000000,5.12612000,2.08636000,0.13175650,0.16892473
231.60000000,5.12612000,2.08636000,0.13187241,0.16907326
231.80000000,5.12562000,2.00467000,0.13198605,0.16921603
232.00000000,5.12762000,1.98998000,0.13209701,0.16935775
232.20000000,5.12762000,2.16307000,0.13221238,0.16951179
232.40000000,5.12762000,2.16307000,0.13233255,0.16966580
232.60000000,5.12637000,2.14080000,0.13245210,0.16981830
232.80000000,5.12875000,1.96313000,0.13256610,0.16995806
233.00000000,5.12587000,1.89088000,0.13267315,0.17009268
233.20000000,5.12587000,1.89088000,0.13277820,0.17022719
233.40000000,5.12200000,1.99296000,0.13288609,0.17036911
233.60000000,5.12712000,1.90009000,0.13299423,0.17050437
233.80000000,5.12537000,2.00147000,0.13310260,0.17064684
234.00000000,5.12537000,2.00147000,0.13321380,0.17078930
234.20000000,5.12462000,2.13376000,0.13332866,0.17094120
234.40000000,5.12575000,2.01305000,0.13344385,0.17108453
234.60000000,5.12612000,1.99670000,0.13355523,0.17122664
234.80000000,5.12475000,2.02256000,0.13366688,0.17137060
235.00000000,5.12475000,2.02256000,0.13377925,0.17151463
235.20000000,5.12700000,2.08665000,0.13389339,0.17166312
235.40000000,5.12387000,1.98848000,0.13400659,0.17180463
235.60000000,5.12387000,1.92064000,0.13411517,0.17194132
235.80000000,5.12787000,2.16524000,0.13422867,0.17209553
236.00000000,5.12787000,2.16524000,0.13434896,0.17224959
236.20000000,5.12300000,2.12387000,0.13446810,0.17240080
236.40000000,5.12612000,2.03129000,0.13458353,0.17254542
236.60000000,5.12625000,1.86707000,0.13469181,0.17267835
236.80000000,5.12625000,1.86707000,0.13479554,0.17281120
237.00000000,5.12275000,1.97753000,0.13490233,0.17295194
237.20000000,5.12425000,1.92726000,0.13501080,0.17308916
237.40000000,5.12662000,1.99443000,0.13511974,0.17323121
237.60000000,5.12787000,1.95168000,0.13522935,0.17337021
237.80000000,5.12787000,1.95168000,0.13533778,0.17350909
238.00000000,5.12350000,2.06019000,0.13544922,0.17365577
238.20000000,5.12612000,2.00720000,0.13556220,0.17379867
238.40000000,5.12625000,1.92284000,0.13567137,0.17393558
238.60000000,5.12625000,1.92284000,0.13577819,0.17407249
238.80000000,5.12675000,1.94153000,0.13588554,0.17421072
239.00000000,5.12612000,2.14524000,0.13599906,0.17436346
239.20000000,5.12637000,1.93088000,0.13611228,0.17450093
239.40000000,5.12587000,1.97808000,0.13622087,0.17464175
239.60000000,5.12587000,1.97808000,0.13633076,0.17478254
239.80000000,5.12475000,2.08316000,0.13644357,0.17493087
240.00000000,5.12650000,2.00825000,0.13655722,0.17507382
240.20000000,5.12500000,1.95155000,0.13666722,0.17521273
240.40000000,5.12500000,1.95155000,0.13677564,0.17535162
240.60000000,5.12412000,1.98454000,0.13688497,0.17549289
240.80000000,5.12562000,2.08080000,0.13699790,0.17564104
241.00000000,5.12625000,1.94480000,0.13710972,0.17577944
241.20000000,5.12362000,1.98899000,0.13721899,0.17592098
241.40000000,5.12362000,1.98899000,0.13732949,0.17606259
241.60000000,5.12612000,2.09257000,0.13744287,0.17621153
241.80000000,5.12487000,1.93171000,0.13755465,0.17634912
242.00000000,5.12825000,2.14166000,0.13766780,0.17650166
242.20000000,5.12825000,2.14166000,0.13778678,0.17665415
242.40000000,5.12662000,2.01344000,0.13790220,0.17679739
242.60000000,5.12200000,1.92035000,0.13801148,0.17693408
242.80000000,5.12487000,2.04272000,0.13812156,0.17707947
243.00000000,5.12575000,2.08873000,0.13823632,0.17722817
243.20000000,5.12575000,2.08873000,0.13835236,0.17737694
243.40000000,5.12800000,1.97321000,0.13846520,0.17751737
243.60000000,5.12437000,1.90697000,0.13857298,0.17765306
243.80000000,5.12287000,1.96793000,0.13868061,0.17779308
244.00000000,5.12487000,2.07392000,0.13879289,0.17794070
244.20000000,5.12487000,2.07392000,0.13890811,0.17808834
244.40000000,5.12587000,1.97923000,0.13902069,0.17822927
244.60000000,5.12675000,2.14755000,0.13913533,0.17838219
244.80000000,5.12675000,2.14755000,0.13925463,0.17853501
245.00000000,5.12350000,1.98838000,0.13936952,0.17867665
245.20000000,5.12875000,1.95264000,0.13947899,0.17881567
245.40000000,5.12637000,2.01372000,0.13958917,0.17895898
245.60000000,5.12375000,1.92780000,0.13969866,0.17909617
245.80000000,5.12375000,1.92780000,0.13980576,0.17923345
246.00000000,5.12737000,1.99225000,0.13991465,0.17937525
246.20000000,5.12450000,2.05628000,0.14002711,0.17952167
246.40000000,5.12687000,2.05939000,0.14014143,0.17966831
246.60000000,5.12687000,2.05939000,0.14025584,0.17981492
246.80000000,5.12575000,2.00124000,0.14036864,0.17995727
247.00000000,5.12162000,1.95798000,0.14047861,0.18009663
247.20000000,5.12450000,1.99820000,0.14058851,0.18023889
247.40000000,5.12587000,1.97072000,0.14069876,0.18037919
247.60000000,5.12587000,1.97072000,0.14080824,0.18051954
247.80000000,5.12787000,1.92156000,0.14091636,0.18065629
248.00000000,5.12387000,1.97561000,0.14102461,0.18079698
248.20000000,5.12725000,1.92393000,0.14113294,0.18093398
248.40000000,5.12725000,1.92393000,0.14123982,0.18107090
248.60000000,5.12375000,2.07484000,0.14135090,0.18121862
248.80000000,5.12612000,1.94121000,0.14146245,0.18135679
249.00000000,5.12487000,1.93417000,0.14157010,0.18149455
249.20000000,5.12800000,2.02988000,0.14168022,0.18163912
249.40000000,5.12800000,2.02988000,0.14179299,0.18178359
249.60000000,5.12450000,2.05926000,0.14190657,0.18193022
249.80000000,5.12675000,2.12419000,0.14202278,0.18208137
250.00000000,5.12325000,1.87132000,0.14213377,0.18221453
250.20000000,5.12412000,2.15987000,0.14224575,0.18236824
250.40000000,5.12412000,2.15987000,0.14236574,0.18252195
250.60000000,5.12375000,1.97356000,0.14248056,0.18266239
250.80000000,5.12375000,2.00748000,0.14259114,0.18280538
251.00000000,5.12837000,2.18448000,0.14270758,0.18296097
251.20000000,5.12837000,2.18448000,0.14282894,0.18311656
251.40000000,5.12825000,1.82918000,0.14294043,0.18324671
251.60000000,5.12287000,1.96572000,0.14304585,0.18338664
251.80000000,5.12525000,1.88505000,0.14315281,0.18352081
252.00000000,5.12475000,1.93587000,0.14325895,0.18365860
252.20000000,5.12475000,1.93587000,0.14336650,0.18379645
252.40000000,5.12687000,2.00307000,0.14347591,0.18393904
252.60000000,5.12550000,1.95734000,0.14358592,0.18407835
252.80000000,5.12425000,1.92841000,0.14369386,0.18421559
253.00000000,5.12425000,1.92841000,0.14380100,0.18435291
253.20000000,5.12687000,2.12022000,0.14391346,0.18450388
253.40000000,5.12700000,2.07878000,0.14403010,0.18465191
253.60000000,5.12700000,2.05478000,0.14414492,0.18479815
253.80000000,5.12412000,1.94707000,0.14425608,0.18493672
254.00000000,5.12412000,1.94707000,0.14436425,0.18507530
254.20000000,5.12462000,2.06998000,0.14447584,0.18522263
254.40000000,5.12450000,2.01708000,0.14458937,0.18536633
254.60000000,5.12962000,2.09776000,0.14470367,0.18551579
254.80000000,5.12387000,2.04838000,0.14481884,0.18566156
255.00000000,5.12387000,2.04838000,0.14493264,0.18580735
255.20000000,5.12450000,2.00652000,0.14504527,0.18595021
255.40000000,5.12612000,2.11056000,0.14515964,0.18610047
255.60000000,5.12612000,2.07004000,0.14527576,0.18624785
255.80000000,5.12612000,2.07004000,0.14539077,0.18639528
256.00000000,5.12800000,1.98185000,0.14550332,0.18653626
256.20000000,5.12150000,1.95587000,0.14561270,0.18667545
256.40000000,5.12425000,1.95836000,0.14572143,0.18681483
256.60000000,5.12625000,1.96985000,0.14583054,0.18695508
256.80000000,5.12625000,1.96985000,0.14593998,0.18709531
257.00000000,5.12550000,2.02054000,0.14605082,0.18723916
257.20000000,5.12600000,1.96259000,0.14616147,0.18737885
257.40000000,5.12475000,1.98323000,0.14627107,0.18752001
257.60000000,5.12475000,1.98323000,0.14638125,0.18766128
257.80000000,5.12875000,1.89763000,0.14648905,0.18779629
258.00000000,5.12237000,2.01148000,0.14659764,0.18793955
258.20000000,5.12787000,2.14950000,0.14671322,0.18809264
258.40000000,5.12587000,1.92809000,0.14682649,0.18822990
258.60000000,5.12587000,1.92809000,0.14693361,0.18836719
258.80000000,5.12662000,1.93078000,0.14704080,0.18850457
259.00000000,5.12325000,1.94131000,0.14714836,0.18864271
259.20000000,5.12325000,1.94131000,0.14725621,0.18878093
259.40000000,5.12650000,2.12348000,0.14736912,0.18893213
259.60000000,5.12662000,2.00409000,0.14748377,0.18907484
259.80000000,5.12712000,1.98752000,0.14759465,0.18921635
260.00000000,5.12612000,2.02377000,0.14770607,0.18936043
260.20000000,5.12612000,2.02377000,0.14781851,0.18950453
260.40000000,5.12675000,2.16729000,0.14793492,0.18965883
260.60000000,5.12600000,1.93980000,0.14804901,0.18979700
260.80000000,5.12837000,1.85280000,0.14815436,0.18992897
261.00000000,5.12837000,1.85280000,0.14825729,0.19006078
261.20000000,5.12200000,2.01968000,0.14836486,0.19020458
261.40000000,5.12650000,2.15081000,0.14848071,0.19035771
261.60000000,5.12625000,1.89785000,0.14859317,0.19049279
261.80000000,5.12462000,2.04396000,0.14870267,0.19063827
262.00000000,5.12462000,2.04396000,0.14881622,0.19078371
262.20000000,5.12325000,1.92243000,0.14892640,0.19092052
262.40000000,5.12362000,1.95868000,0.14903421,0.19106002
262.60000000,5.12825000,1.82572000,0.14913933,0.19119006
262.80000000,5.12825000,1.82572000,0.14924076,0.19131996
263.00000000,5.12287000,1.92380000,0.14934491,0.19145692
263.20000000,5.12562000,2.18457000,0.14945903,0.19161234
263.40000000,5.12250000,1.91126000,0.14957280,0.19174850
263.60000000,5.12925000,1.91212000,0.14967901,0.19188472
263.80000000,5.12925000,1.91212000,0.14978524,0.19202080
264.00000000,5.12412000,2.00236000,0.14989397,0.19216340
264.20000000,5.12750000,2.13129000,0.15000880,0.19231518
264.40000000,5.12762000,2.03305000,0.15012447,0.19245997
264.60000000,5.12762000,2.03305000,0.15023742,0.19260462
264.80000000,5.12262000,1.93196000,0.15034756,0.19274219
265.00000000,5.12700000,2.12364000,0.15046022,0.19289331
265.20000000,5.12362000,1.89289000,0.15057179,0.19302803
265.40000000,5.12437000,2.15904000,0.15068434,0.19318169
265.60000000,5.12437000,2.15904000,0.15080429,0.19333539
265.80000000,5.12562000,2.02326000,0.15092046,0.19347946
266.00000000,5.12675000,2.16147000,0.15103670,0.19363333
266.20000000,5.12562000,1.94902000,0.15115088,0.19377208
266.40000000,5.12787000,1.99676000,0.15126049,0.19391429
266.60000000,5.12787000,1.99676000,0.15137142,0.19405636
266.80000000,5.12287000,1.96800000,0.15148155,0.19419651
267.00000000,5.12725000,2.03401000,0.15159272,0.19434131
267.20000000,5.12562000,1.90054000,0.15170201,0.19447660
267.40000000,5.12562000,1.90054000,0.15180760,0.19461187
267.60000000,5.12437000,1.97049000,0.15191513,0.19475214
267.80000000,5.12537000,2.08134000,0.15202768,0.19490029
268.00000000,5.12500000,1.86732000,0.15213736,0.19503321
268.20000000,5.12500000,1.86732000,0.15224110,0.19516611
268.40000000,5.12425000,2.06563000,0.15235035,0.19531324
268.60000000,5.12862000,1.96352000,0.15246227,0.19545304
268.80000000,5.12625000,2.04419000,0.15257360,0.19559858
269.00000000,5.12625000,2.04419000,0.15268716,0.19574412
269.20000000,5.12612000,1.96569000,0.15279855,0.19588399
269.40000000,5.12300000,2.03363000,0.15290964,0.19602879
269.60000000,5.12687000,2.02918000,0.15302250,0.19617326
269.80000000,5.12587000,2.01155000,0.15313474,0.19631646
270.00000000,5.12587000,2.01155000,0.15324649,0.19645969
270.20000000,5.12662000,2.13616000,0.15336171,0.19661173
270.40000000,5.12450000,1.91385000,0.15347421,0.19674798
270.60000000,5.12562000,1.93379000,0.15358109,0.19688564
270.80000000,5.12562000,1.93379000,0.15368852,0.19702326
271.00000000,5.12412000,1.90467000,0.15379514,0.19715881
271.20000000,5.12387000,1.95696000,0.15390241,0.19729811
271.40000000,5.12525000,1.96009000,0.15401122,0.19743772
271.60000000,5.12825000,2.02841000,0.15412201,0.19758220
271.80000000,5.12825000,2.02841000,0.15423470,0.19772659
272.00000000,5.12525000,2.11564000,0.15434981,0.19787717
272.20000000,5.12450000,1.82044000,0.15445915,0.19800683
272.40000000,5.12837000,2.03779000,0.15456632,0.19815198
272.60000000,5.12837000,2.03779000,0.15467953,0.19829698
272.80000000,5.12325000,1.92400000,0.15478958,0.19843394
273.00000000,5.12537000,1.99139000,0.15489834,0.19857576
273.20000000,5.12750000,1.94512000,0.15500769,0.19871420
273.40000000,5.12450000,2.07785000,0.15511944,0.19886209
273.60000000,5.12450000,2.07785000,0.15523487,0.19901009
273.80000000,5.12837000,2.04729000,0.15534946,0.19915575
274.00000000,5.12287000,1.87283000,0.15545835,0.19928905
274.20000000,5.12462000,1.86937000,0.15556230,0.19942211
274.40000000,5.12962000,2.11590000,0.15567300,0.19957285
274.60000000,5.12962000,2.11590000,0.15579055,0.19972336
274.80000000,5.12162000,1.95328000,0.15590359,0.19986242
275.00000000,5.12587000,2.05305000,0.15601487,0.20000862
275.20000000,5.12712000,1.81571000,0.15612234,0.20013792
275.40000000,5.12712000,1.81571000,0.15622321,0.20026712
275.60000000,5.12337000,1.91260000,0.15632678,0.20040329
275.80000000,5.12600000,2.02249000,0.15643608,0.20054731
276.00000000,5.12725000,2.13587000,0.15655159,0.20069929
276.20000000,5.12325000,2.06217000,0.15666821,0.20084603
276.40000000,5.12325000,2.06217000,0.15678277,0.20099294
276.60000000,5.12925000,1.92630000,0.15689356,0.20112998
276.80000000,5.12225000,1.92313000,0.15700049,0.20126692
277.00000000,5.12700000,2.14723000,0.15711356,0.20141982
277.20000000,5.12700000,2.14723000,0.15723285,0.20157266
277.40000000,5.12500000,1.91632000,0.15734572,0.20170912
277.60000000,5.12700000,1.97315000,0.15745376,0.20184952
277.80000000,5.12312000,1.95484000,0.15756288,0.20198870
278.00000000,5.12612000,1.95600000,0.15767151,0.20212796
278.20000000,5.12612000,1.95600000,0.15778018,0.20226720
278.40000000,5.12562000,2.10758000,0.15789305,0.20241729
278.60000000,5.12725000,1.91548000,0.15800481,0.20255362
278.80000000,5.12475000,1.94096000,0.15811193,0.20269178
279.00000000,5.12475000,1.94096000,0.15821976,0.20282996
279.20000000,5.12575000,1.96585000,0.15832828,0.20296981
279.40000000,5.12237000,1.90403000,0.15843578,0.20310534
279.60000000,5.12500000,1.81206000,0.15853900,0.20323436
279.80000000,5.12612000,2.03120000,0.15864576,0.20337897
280.00000000,5.12612000,2.03120000,0.15875861,0.20352355
280.20000000,5.12487000,1.76035000,0.15886393,0.20364887
280.40000000,5.12575000,1.99638000,0.15896828,0.20379091
280.60000000,5.12287000,2.10358000,0.15908217,0.20394058
280.80000000,5.12287000,2.10358000,0.15919903,0.20409032
281.00000000,5.12512000,2.04454000,0.15931426,0.20423590
281.20000000,5.12650000,1.95334000,0.15942531,0.20437492
281.40000000,5.12450000,1.97433000,0.15953441,0.20451544
281.60000000,5.12875000,2.14492000,0.15964884,0.20466823
281.80000000,5.12875000,2.14492000,0.15976800,0.20482084
282.00000000,5.12287000,1.88368000,0.15987990,0.20495492
282.20000000,5.12462000,2.16073000,0.15999225,0.20510883
282.40000000,5.12862000,2.05110000,0.16010924,0.20525493
282.60000000,5.12862000,2.05110000,0.16022319,0.20540090
282.80000000,5.12400000,2.02998000,0.16033656,0.20554540
283.00000000,5.12525000,1.97100000,0.16044770,0.20568577
283.20000000,5.12762000,1.99987000,0.16055800,0.20582819
283.40000000,5.12762000,1.99987000,0.16066910,0.20597052
283.60000000,5.12412000,2.02611000,0.16078093,0.20611473
283.80000000,5.12475000,2.01427000,0.16089317,0.20625823
284.00000000,5.12925000,2.20441000,0.16101035,0.20641514
284.20000000,5.12487000,1.93484000,0.16112533,0.20655286
284.40000000,5.12487000,1.93484000,0.16123282,0.20669063
284.60000000,5.12700000,2.11532000,0.16134533,0.20684122
284.80000000,5.12562000,1.95670000,0.16145844,0.20698050
285.00000000,5.12500000,1.97244000,0.16156758,0.20712090
285.20000000,5.12500000,1.97244000,0.16167716,0.20726132
285.40000000,5.12600000,2.13075000,0.16179114,0.20741300
285.60000000,5.12512000,1.92982000,0.16190393,0.20755037
285.80000000,5.12525000,2.08745000,0.16201552,0.20769902
286.00000000,5.12737000,2.00825000,0.16212929,0.20784204
286.20000000,5.12737000,2.00825000,0.16224086,0.20798501
286.40000000,5.12575000,2.08800000,0.16235465,0.20813366
286.60000000,5.12612000,2.00368000,0.16246831,0.20827624
286.80000000,5.12312000,1.99148000,0.16257928,0.20841794
287.00000000,5.12312000,1.99148000,0.16268992,0.20855973
287.20000000,5.12625000,1.86348000,0.16279700,0.20869231
287.40000000,5.12275000,1.87376000,0.16290081,0.20882573
287.60000000,5.12675000,1.98214000,0.16300792,0.20896691
287.80000000,5.12812000,2.00601000,0.16311870,0.20910978
288.00000000,5.12812000,2.00601000,0.16323015,0.20925258
288.20000000,5.12537000,2.04275000,0.16334262,0.20939791
288.40000000,5.12237000,1.98780000,0.16345457,0.20953940
288.60000000,5.12487000,1.96265000,0.16356431,0.20967910
288.80000000,5.12487000,1.96265000,0.16367335,0.20981884
289.00000000,5.12625000,1.96198000,0.16378236,0.20995858
289.20000000,5.12825000,1.93206000,0.16389053,0.21009614
289.40000000,5.12625000,2.03356000,0.16400069,0.21024086
289.60000000,5.12387000,1.97497000,0.16411204,0.21038141
289.80000000,5.12387000,1.97497000,0.16422176,0.21052201
290.00000000,5.12575000,2.04393000,0.16433339,0.21066753
290.20000000,5.12612000,1.90502000,0.16444308,0.21080314
290.40000000,5.12537000,1.96304000,0.16455053,0.21094288
290.60000000,5.12450000,1.93488000,0.16465881,0.21108059
290.80000000,5.12450000,1.93488000,0.16476630,0.21121837
291.00000000,5.12712000,2.11097000,0.16487868,0.21136861
291.20000000,5.12425000,1.94915000,0.16499147,0.21150736
291.40000000,5.12512000,1.92409000,0.16509906,0.21164432
291.60000000,5.12512000,1.92409000,0.16520595,0.21178135
291.80000000,5.12775000,2.16582000,0.16531956,0.21193555
292.00000000,5.12612000,1.89251000,0.16543229,0.21207020
292.20000000,5.12287000,1.90832000,0.16553787,0.21220598
292.40000000,5.12400000,1.93497000,0.16564463,0.21234368
292.60000000,5.12400000,1.93497000,0.16575212,0.21248144
292.80000000,5.12600000,1.96089000,0.16586034,0.21262104
293.00000000,5.12587000,2.05385000,0.16597186,0.21276719
293.20000000,5.12337000,2.05100000,0.16608589,0.21291314
293.40000000,5.12337000,2.05100000,0.16619983,0.21305914
293.60000000,5.12550000,1.91292000,0.16630994,0.21319532
293.80000000,5.12575000,1.91788000,0.16641635,0.21333187
294.00000000,5.12625000,2.07977000,0.16652740,0.21347995
294.20000000,5.12287000,1.98339000,0.16664026,0.21362107
294.40000000,5.12287000,1.98339000,0.16675045,0.21376229
294.60000000,5.12637000,1.87356000,0.16685759,0.21389570
294.80000000,5.12725000,2.04483000,0.16696643,0.21404127
295.00000000,5.12537000,1.98620000,0.16707841,0.21418266
295.20000000,5.12537000,1.98620000,0.16718875,0.21432398
295.40000000,5.12312000,1.98435000,0.16729904,0.21446528
295.60000000,5.12675000,2.15497000,0.16741402,0.21461878
295.80000000,5.12850000,2.16236000,0.16753395,0.21477280
296.00000000,5.12850000,2.16236000,0.16765408,0.21492673
296.20000000,5.12550000,1.78944000,0.16776385,0.21505411
296.40000000,5.12537000,2.14710000,0.16787320,0.21520693
296.60000000,5.12450000,2.02870000,0.16798920,0.21535132
296.80000000,5.12750000,2.04944000,0.16810248,0.21549727
297.00000000,5.12750000,2.04944000,0.16821634,0.21564311
297.20000000,5.12337000,1.87091000,0.16832523,0.21577628
297.40000000,5.12487000,1.91696000,0.16843045,0.21591282
297.60000000,5.12850000,1.97024000,0.16853843,0.21605316
297.80000000,5.12850000,1.97024000,0.16864789,0.21619336
298.00000000,5.12350000,1.93907000,0.16875648,0.21633149
298.20000000,5.12900000,1.99420000,0.16886574,0.21647340
298.40000000,5.12350000,2.06512000,0.16897850,0.21662051
298.60000000,5.12887000,2.13587000,0.16909519,0.21677265
298.80000000,5.12887000,2.13587000,0.16921385,0.21692468
299.00000000,5.12487000,1.93296000,0.16932687,0.21706228
299.20000000,5.12525000,1.96480000,0.16943514,0.21720204
299.40000000,5.12162000,2.01667000,0.16954574,0.21734549
299.60000000,5.12162000,2.01667000,0.16965778,0.21748910
299.80000000,5.12700000,1.97436000,0.16976864,0.21762958
300.00000000,5.12312000,1.85756000,0.16987508,0.21776189
300.20000000,5.12837000,1.99894000,0.16998221,0.21790410
300.40000000,5.12212000,2.12816000,0.17009685,0.21805549
300.60000000,5.12212000,2.12816000,0.17021508,0.21820697
300.80000000,5.12475000,1.94972000,0.17032835,0.21834579
301.00000000,5.12637000,1.95340000,0.17043677,0.21848485
301.20000000,5.12562000,1.94694000,0.17054512,0.21862345
301.40000000,5.12562000,1.94694000,0.17065328,0.21876206
301.60000000,5.12575000,2.00067000,0.17076294,0.21890452
301.80000000,5.12687000,1.95260000,0.17087275,0.21904352
302.00000000,5.12550000,2.03001000,0.17098338,0.21918794
302.20000000,5.12250000,1.97865000,0.17109473,0.21932872
302.40000000,5.12250000,1.97865000,0.17120465,0.21946964
302.60000000,5.12800000,1.95744000,0.17131399,0.21960899
302.80000000,5.12575000,1.98806000,0.17142359,0.21975044
303.00000000,5.12275000,1.93689000,0.17153261,0.21988825
303.20000000,5.12700000,2.07996000,0.17164419,0.22003636
303.40000000,5.12700000,2.07996000,0.17175975,0.22018441
303.60000000,5.12500000,2.01385000,0.17187346,0.22032787
303.80000000,5.12887000,2.09760000,0.17198767,0.22047718
304.00000000,5.12525000,1.90486000,0.17209885,0.22061278
304.20000000,5.12525000,1.90486000,0.17220468,0.22074839
304.40000000,5.12575000,2.09859000,0.17231588,0.22089779
304.60000000,5.12587000,2.04528000,0.17243099,0.22104341
304.80000000,5.12625000,2.01094000,0.17254366,0.22118658
305.00000000,5.12587000,2.01056000,0.17265537,0.22132971
305.20000000,5.12587000,2.01056000,0.17276707,0.22147285
305.40000000,5.12575000,1.96988000,0.17287764,0.22161309
305.60000000,5.12575000,1.97494000,0.17298721,0.22175373
305.80000000,5.12737000,1.94147000,0.17309600,0.22189199
306.00000000,5.12737000,1.94147000,0.17320386,0.22203017
306.20000000,5.12462000,1.94697000,0.17331188,0.22216885
306.40000000,5.12825000,1.97097000,0.17342071,0.22230915
306.60000000,5.12537000,2.13632000,0.17353480,0.22246123
306.80000000,5.12512000,1.95635000,0.17364848,0.22260048
307.00000000,5.12512000,1.95635000,0.17375717,0.22273984
307.20000000,5.12887000,2.06752000,0.17386894,0.22288702
307.40000000,5.12525000,1.95465000,0.17398067,0.22302605
307.60000000,5.12125000,1.94684000,0.17408905,0.22316452
307.80000000,5.12125000,1.94684000,0.17419720,0.22330309
308.00000000,5.12475000,2.09980000,0.17430961,0.22345262
308.20000000,5.12712000,1.97491000,0.17442280,0.22359323
308.40000000,5.12625000,1.92332000,0.17453108,0.22373017
308.60000000,5.12362000,2.02838000,0.17464085,0.22387451
308.80000000,5.12362000,2.02838000,0.17475354,0.22401893
309.00000000,5.12637000,1.98643000,0.17486506,0.22416037
309.20000000,5.12650000,2.03017000,0.17497663,0.22430492
309.40000000,5.12662000,1.83884000,0.17508411,0.22443585
309.60000000,5.12662000,1.83884000,0.17518626,0.22456677
309.80000000,5.12600000,2.02643000,0.17529363,0.22471106
310.00000000,5.12675000,2.07225000,0.17540748,0.22485853
310.20000000,5.12400000,2.01411000,0.17552099,0.22500187
310.40000000,5.12400000,2.01411000,0.17563289,0.22514523
310.60000000,5.12487000,2.16646000,0.17574902,0.22529945
310.80000000,5.12512000,1.95625000,0.17586354,0.22543878
311.00000000,5.12825000,2.07676000,0.17597556,0.22558670
311.20000000,5.12825000,2.07676000,0.17609094,0.22573456
311.40000000,5.12637000,2.05177000,0.17620562,0.22588052
311.60000000,5.12175000,1.95616000,0.17631695,0.22601974
311.80000000,5.12437000,1.94268000,0.17642525,0.22615812
312.00000000,5.12862000,2.05065000,0.17653618,0.22630419
312.20000000,5.12862000,2.05065000,0.17665010,0.22645012
312.40000000,5.12375000,2.01808000,0.17676312,0.22659385
312.60000000,5.12800000,1.94134000,0.17687311,0.22673200
312.80000000,5.12375000,2.10131000,0.17698540,0.22688163
313.00000000,5.12687000,2.10444000,0.17710223,0.22703148
313.20000000,5.12687000,2.10444000,0.17721914,0.22718136
313.40000000,5.12775000,2.01404000,0.17733355,0.22732470
313.60000000,5.12450000,1.97830000,0.17744444,0.22746553
313.80000000,5.12537000,1.89769000,0.17755211,0.22760062
314.00000000,5.12537000,1.89769000,0.17765754,0.22773566
314.20000000,5.12362000,1.91344000,0.17776340,0.22787189
314.40000000,5.12612000,2.00758000,0.17787232,0.22801485
314.60000000,5.12712000,1.98972000,0.17798336,0.22815649
314.80000000,5.12537000,2.14723000,0.17809827,0.22830934
315.00000000,5.12537000,2.14723000,0.17821756,0.22846216
315.20000000,5.12412000,1.98259000,0.17833228,0.22860336
315.40000000,5.12812000,2.12307000,0.17844633,0.22875445
315.60000000,5.12375000,1.85286000,0.17855677,0.22888630
315.80000000,5.12375000,1.85286000,0.17865970,0.22901814
316.00000000,5.12312000,2.05248000,0.17876819,0.22916426
316.20000000,5.12562000,1.90035000,0.17887799,0.22929948
316.40000000,5.12337000,2.04016000,0.17898745,0.22944471
316.60000000,5.12525000,1.94144000,0.17909805,0.22958291
316.80000000,5.12525000,1.94144000,0.17920590,0.22972112
317.00000000,5.12562000,2.14627000,0.17931945,0.22987397
317.20000000,5.12775000,1.92553000,0.17943256,0.23001104
317.40000000,5.12525000,2.00275000,0.17954168,0.23015360
317.60000000,5.12525000,2.00275000,0.17965294,0.23029616
317.80000000,5.12487000,1.82560000,0.17975928,0.23042609
318.00000000,5.12437000,2.08102000,0.17986780,0.23057426
318.20000000,5.12662000,1.95926000,0.17998003,0.23071378
318.40000000,5.12700000,2.13580000,0.18009378,0.23086587
318.60000000,5.12700000,2.13580000,0.18021244,0.23101793
318.80000000,5.12625000,2.04656000,0.18032861,0.23116366
319.00000000,5.12675000,2.00131000,0.18044105,0.23130604
319.20000000,5.12250000,1.86249000,0.18054838,0.23143855
319.40000000,5.12312000,1.90563000,0.18065305,0.23157414
319.60000000,5.12312000,1.90563000,0.18075892,0.23170984
319.80000000,5.12687000,2.11648000,0.18087065,0.23186051
320.00000000,5.12575000,2.09219000,0.18098755,0.23200946
320.20000000,5.12737000,2.10630000,0.18110418,0.23215945
320.40000000,5.12737000,2.10630000,0.18122119,0.23230932
320.60000000,5.12312000,1.98457000,0.18133483,0.23245064
320.80000000,5.12687000,1.99408000,0.18144535,0.23259260
321.00000000,5.12587000,2.10969000,0.18155934,0.23274280
321.20000000,5.12587000,2.10969000,0.18167655,0.23289304
321.40000000,5.12762000,2.17945000,0.18179569,0.23304820
321.60000000,5.12587000,1.93926000,0.18191010,0.23318620
321.80000000,5.12362000,2.12256000,0.18202293,0.23333725
322.00000000,5.12812000,2.03244000,0.18213834,0.23348201
322.20000000,5.12812000,2.03244000,0.18225126,0.23362662
322.40000000,5.12300000,2.12083000,0.18236662,0.23377769
322.60000000,5.12850000,2.17584000,0.18248598,0.23393250
322.80000000,5.12287000,1.98467000,0.18260155,0.23407371
323.00000000,5.12287000,1.98467000,0.18271181,0.23421503
323.20000000,5.12675000,1.96550000,0.18282153,0.23435503
323.40000000,5.12850000,1.95248000,0.18293037,0.23449400
323.60000000,5.12462000,2.12611000,0.18304366,0.23464532
323.80000000,5.12462000,2.12611000,0.18316178,0.23479675
324.00000000,5.12800000,2.16464000,0.18328096,0.23495082
324.20000000,5.12450000,2.01001000,0.18339693,0.23509395
324.40000000,5.12737000,2.10384000,0.18351120,0.23524372
324.60000000,5.12537000,2.14694000,0.18362928,0.23539655
324.80000000,5.12537000,2.14694000,0.18374855,0.23554940
325.00000000,5.12612000,1.84473000,0.18385943,0.23568071
325.20000000,5.12500000,2.03059000,0.18396708,0.23582523
325.40000000,5.12425000,2.02480000,0.18407973,0.23596933
325.60000000,5.12425000,2.02480000,0.18419222,0.23611353
325.80000000,5.12737000,2.09875000,0.18430676,0.23626300
326.00000000,5.12775000,2.09942000,0.18442338,0.23641242
326.20000000,5.12450000,2.12390000,0.18454069,0.23656363
326.40000000,5.12600000,2.03820000,0.18465631,0.23670874
326.60000000,5.12600000,2.03820000,0.18476954,0.23685392
326.80000000,5.12862000,2.17171000,0.18488648,0.23700852
327.00000000,5.12562000,2.01862000,0.18500288,0.23715223
327.20000000,5.12575000,2.05532000,0.18511604,0.23729852
327.40000000,5.12450000,1.93043000,0.18522676,0.23743591
327.60000000,5.12450000,1.93043000,0.18533401,0.23757327
327.80000000,5.12325000,1.97971000,0.18544262,0.23771418
328.00000000,5.12450000,2.15846000,0.18555757,0.23786789
328.20000000,5.12725000,2.05488000,0.18567461,0.23801422
328.40000000,5.12725000,2.05488000,0.18578877,0.23816055
328.60000000,5.12725000,2.07590000,0.18590351,0.23830838
328.80000000,5.12737000,1.94780000,0.18601528,0.23844702
329.00000000,5.12487000,2.13072000,0.18612857,0.23859867
329.20000000,5.12450000,1.91433000,0.18624093,0.23873492
329.40000000,5.12450000,1.91433000,0.18634729,0.23887117
329.60000000,5.12450000,2.08304000,0.18645832,0.23901948
329.80000000,5.12612000,2.10537000,0.18657467,0.23916931
330.00000000,5.12412000,1.94489000,0.18668718,0.23930773
330.20000000,5.12412000,1.94489000,0.18679523,0.23944623
330.40000000,5.12737000,2.13049000,0.18690843,0.23959784
330.60000000,5.12350000,1.96851000,0.18702229,0.23973798
330.80000000,5.12587000,2.00659000,0.18713271,0.23988083
331.00000000,5.12675000,2.13324000,0.18724771,0.24003273
331.20000000,5.12675000,2.13324000,0.18736622,0.24018462
331.40000000,5.12637000,1.99702000,0.18748095,0.24032669
331.60000000,5.12225000,1.91865000,0.18758972,0.24046329
331.80000000,5.12612000,2.07635000,0.18770069,0.24061112
332.00000000,5.12612000,2.07635000,0.18781604,0.24075897
332.20000000,5.12712000,2.09465000,0.18793190,0.24090807
332.40000000,5.12475000,1.98048000,0.18804510,0.24104916
332.60000000,5.12962000,2.10777000,0.18815866,0.24119933
332.80000000,5.12225000,1.96476000,0.18827179,0.24133911
333.00000000,5.12225000,1.96476000,0.18838094,0.24147896
333.20000000,5.12487000,1.99763000,0.18849101,0.24162115
333.40000000,5.12487000,2.01868000,0.18860257,0.24176483
333.60000000,5.12525000,1.96550000,0.18871325,0.24190475
333.80000000,5.12525000,1.96550000,0.18882244,0.24204473
334.00000000,5.12775000,2.14457000,0.18893661,0.24219739
334.20000000,5.12525000,1.93859000,0.18905003,0.24233538
334.40000000,5.12512000,1.71644000,0.18915156,0.24245756
334.60000000,5.12512000,1.71644000,0.18924692,0.24257975
334.80000000,5.12562000,2.13920000,0.18935402,0.24273211
335.00000000,5.12800000,2.16537000,0.18947359,0.24288629
335.20000000,5.12650000,1.88755000,0.18958617,0.24302068
335.40000000,5.12425000,2.05833000,0.18969578,0.24316718
335.60000000,5.12425000,2.05833000,0.18981013,0.24331375
335.80000000,5.12700000,2.06934000,0.18992479,0.24346104
336.00000000,5.12475000,1.90777000,0.19003526,0.24359688
336.20000000,5.12700000,2.09065000,0.19014633,0.24374576
336.40000000,5.12700000,2.09065000,0.19026248,0.24389461
336.60000000,5.12650000,2.12806000,0.19037966,0.24404612
336.80000000,5.12600000,2.07513000,0.19049642,0.24419389
337.00000000,5.12700000,2.16582000,0.19061422,0.24434805
337.20000000,5.12500000,1.99113000,0.19072969,0.24448978
337.40000000,5.12500000,1.99113000,0.19084031,0.24463160
337.60000000,5.12837000,2.08524000,0.19095354,0.24477994
337.80000000,5.12200000,2.03334000,0.19106795,0.24492475
338.00000000,5.12762000,2.02035000,0.19118055,0.24506864
338.20000000,5.12762000,2.02035000,0.19129279,0.24521251
338.40000000,5.12737000,2.08480000,0.19140683,0.24536104
338.60000000,5.12950000,2.00387000,0.19152040,0.24550363
338.80000000,5.12337000,2.06867000,0.19163353,0.24565094
339.00000000,5.12725000,1.99763000,0.19174648,0.24579320
339.20000000,5.12725000,1.99763000,0.19185746,0.24593537
339.40000000,5.12425000,1.90278000,0.19196580,0.24607094
339.60000000,5.13000000,2.03472000,0.19207518,0.24621571
339.80000000,5.12250000,1.84928000,0.19218307,0.24634727
340.00000000,5.12250000,1.84928000,0.19228580,0.24647888
340.20000000,5.12412000,1.95376000,0.19239144,0.24661795
340.40000000,5.12487000,2.04352000,0.19250248,0.24676346
340.60000000,5.12662000,2.11228000,0.19261792,0.24691385
340.80000000,5.12625000,2.14844000,0.19273627,0.24706681
341.00000000,5.12625000,2.14844000,0.19285563,0.24721978
341.20000000,5.12650000,2.14652000,0.19297493,0.24737257
341.40000000,5.12500000,2.00294000,0.19309020,0.24751518
341.60000000,5.12637000,1.93504000,0.19319959,0.24765295
341.80000000,5.12637000,1.93504000,0.19330709,0.24779067
342.00000000,5.12412000,2.02678000,0.19341714,0.24793494
342.20000000,5.12500000,2.13875000,0.19353285,0.24808725
342.40000000,5.12762000,2.13945000,0.19365169,0.24823959
342.60000000,5.12662000,2.01187000,0.19376700,0.24838284
342.80000000,5.12662000,2.01187000,0.19387877,0.24852612
343.00000000,5.12787000,1.94249000,0.19398861,0.24866440
343.20000000,5.12550000,1.93660000,0.19409637,0.24880222
343.40000000,5.12375000,2.11699000,0.19420897,0.24895299
343.60000000,5.12775000,2.08537000,0.19432570,0.24910151
343.80000000,5.12775000,2.08537000,0.19444155,0.24925000
344.00000000,5.12700000,2.00396000,0.19455515,0.24939268
344.20000000,5.12612000,1.96140000,0.19466529,0.24953233
344.40000000,5.12637000,1.99260000,0.19477513,0.24967420
344.60000000,5.12637000,1.99260000,0.19488583,0.24981611
344.80000000,5.12762000,2.02620000,0.19499746,0.24996038
345.00000000,5.12675000,1.96921000,0.19510844,0.25010056
345.20000000,5.12525000,1.97411000,0.19521798,0.25024108
345.40000000,5.12937000,2.05657000,0.19532994,0.25038760
345.60000000,5.12937000,2.05657000,0.19544420,0.25053400
345.80000000,5.12550000,2.07628000,0.19555900,0.25068189
346.00000000,5.12837000,2.16592000,0.19567684,0.25083603
346.20000000,5.12400000,2.00755000,0.19579277,0.25097890
346.40000000,5.12400000,2.00755000,0.19590430,0.25112182
346.60000000,5.12575000,1.98665000,0.19601525,0.25126325
346.80000000,5.12587000,2.07798000,0.19612816,0.25141114
347.00000000,5.12412000,2.02988000,0.19624226,0.25155560
347.20000000,5.12412000,2.02988000,0.19635503,0.25170018
347.40000000,5.12812000,2.06259000,0.19646871,0.25184708
347.60000000,5.12787000,2.07456000,0.19658363,0.25199472
347.80000000,5.12400000,2.05222000,0.19669827,0.25214077
348.00000000,5.12825000,2.05152000,0.19681226,0.25228689
348.20000000,5.12825000,2.05152000,0.19692623,0.25243292
348.40000000,5.12525000,1.99296000,0.19703858,0.25257480
348.60000000,5.12550000,2.04352000,0.19715070,0.25272025
348.80000000,5.12500000,2.04595000,0.19726430,0.25286589
349.00000000,5.12500000,2.04595000,0.19737796,0.25301155
349.20000000,5.12612000,2.14070000,0.19749426,0.25316392
349.40000000,5.12487000,1.94745000,0.19760782,0.25330263
349.60000000,5.12825000,2.20998000,0.19772330,0.25346004
349.80000000,5.12825000,2.20998000,0.19784608,0.25361736
350.00000000,5.12550000,1.99196000,0.19796280,0.25375912
350.20000000,5.12400000,2.01702000,0.19807416,0.25390273
350.40000000,5.12637000,2.05299000,0.19818722,0.25404892
350.60000000,5.12675000,2.13008000,0.19830341,0.25420059
350.80000000,5.12675000,2.13008000,0.19842175,0.25435224
351.00000000,5.12600000,1.99958000,0.19853646,0.25449463
351.20000000,5.12712000,2.13139000,0.19865121,0.25464637
351.40000000,5.12600000,2.02128000,0.19876657,0.25479027
351.60000000,5.12587000,2.05708000,0.19887985,0.25493672
351.80000000,5.12587000,2.05708000,0.19899414,0.25508319
352.00000000,5.12650000,2.02627000,0.19910756,0.25522745
352.20000000,5.12612000,2.17056000,0.19922414,0.25538207
352.40000000,5.12887000,2.11795000,0.19934327,0.25553294
352.60000000,5.12887000,2.11795000,0.19946093,0.25568370
352.80000000,5.12525000,1.99929000,0.19957530,0.25582610
353.00000000,5.12825000,2.13820000,0.19969023,0.25597833
353.20000000,5.12587000,1.91862000,0.19980292,0.25611487
353.40000000,5.12412000,2.06249000,0.19991350,0.25626166
353.60000000,5.12412000,2.06249000,0.20002809,0.25640842
353.80000000,5.12350000,2.00972000,0.20014120,0.25655168
354.00000000,5.13225000,2.18649000,0.20025777,0.25670727
354.20000000,5.12350000,1.99212000,0.20037384,0.25684903
354.40000000,5.12350000,1.99212000,0.20048451,0.25699090
354.60000000,5.12775000,2.16803000,0.20060007,0.25714524
354.80000000,5.12537000,1.91452000,0.20071347,0.25728160
355.00000000,5.12837000,2.12867000,0.20082579,0.25743320
355.20000000,5.12750000,2.11664000,0.20094371,0.25758393
355.40000000,5.12750000,2.11664000,0.20106130,0.25773464
355.60000000,5.12650000,2.11065000,0.20117873,0.25788492
355.80000000,5.12650000,2.02252000,0.20129354,0.25802887
356.00000000,5.12437000,2.07254000,0.20140729,0.25817638
356.20000000,5.12437000,2.07254000,0.20152243,0.25832394
356.40000000,5.12625000,2.18739000,0.20164076,0.25847973
356.60000000,5.12825000,2.13868000,0.20176093,0.25863200
356.80000000,5.12600000,2.07769000,0.20187805,0.25877985
357.00000000,5.12375000,1.99638000,0.20199122,0.25892192
357.20000000,5.12375000,1.99638000,0.20210213,0.25906404
357.40000000,5.12575000,2.12140000,0.20221651,0.25921516
357.60000000,5.12875000,1.90793000,0.20232844,0.25935098
357.80000000,5.12575000,2.06198000,0.20243871,0.25949781
358.00000000,5.12675000,2.09264000,0.20255412,0.25964681
358.20000000,5.12675000,2.09264000,0.20267038,0.25979581
358.40000000,5.12637000,2.02361000,0.20278472,0.25993993
358.60000000,5.12775000,2.09708000,0.20289918,0.26008927
358.80000000,5.12737000,2.09603000,0.20301566,0.26023853
359.00000000,5.12737000,2.09603000,0.20313210,0.26038781
359.20000000,5.12762000,2.15056000,0.20325006,0.26054092
359.40000000,5.12625000,2.05286000,0.20336683,0.26068701
359.60000000,5.12375000,1.98544000,0.20347900,0.26082830
359.80000000,5.12375000,1.98544000,0.20358930,0.26096966
360.00000000,5.12637000,2.08473000,0.20370236,0.26111810
360.20000000,5.12650000,1.99542000,0.20381570,0.26126021
360.40000000,5.12762000,2.17667000,0.20393159,0.26141522
360.60000000,5.12762000,2.17667000,0.20405252,0.26157015
360.80000000,5.12475000,1.99852000,0.20416850,0.26171249
361.00000000,5.12800000,2.20227000,0.20428518,0.26186933
361.20000000,5.12750000,1.97033000,0.20440109,0.26200966
361.40000000,5.12812000,2.01059000,0.20451167,0.26215286
361.60000000,5.12812000,2.01059000,0.20462337,0.26229603
361.80000000,5.12687000,2.18608000,0.20473994,0.26245174
362.00000000,5.12837000,1.94864000,0.20485480,0.26259043
362.20000000,5.12437000,2.09276000,0.20496706,0.26273937
362.40000000,5.12437000,2.09276000,0.20508332,0.26288834
362.60000000,5.12500000,1.97929000,0.20519644,0.26302929
362.80000000,5.12737000,1.98288000,0.20530650,0.26317040
363.00000000,5.12400000,2.11308000,0.20542027,0.26332088
363.20000000,5.12725000,2.17670000,0.20553943,0.26347589
363.40000000,5.12725000,2.17670000,0.20566036,0.26363096
363.60000000,5.12962000,2.02067000,0.20577695,0.26377479
363.80000000,5.12475000,1.97587000,0.20588797,0.26391553
364.00000000,5.12862000,2.05782000,0.20600002,0.26406211
364.20000000,5.12862000,2.05782000,0.20611434,0.26420859
364.40000000,5.12487000,2.06473000,0.20622886,0.26435557
364.60000000,5.12550000,2.10371000,0.20634465,0.26450530
364.80000000,5.12475000,1.99200000,0.20645841,0.26464718
365.00000000,5.12812000,2.03113000,0.20657017,0.26479185
365.20000000,5.12812000,2.03113000,0.20668301,0.26493635
365.40000000,5.12237000,1.98608000,0.20679460,0.26507780
365.60000000,5.12800000,2.16428000,0.20690989,0.26523182
365.80000000,5.12375000,2.02953000,0.20702638,0.26537630
366.00000000,5.12550000,1.95091000,0.20713695,0.26551518
366.20000000,5.12550000,1.95091000,0.20724533,0.26565406
366.40000000,5.12550000,1.90166000,0.20735235,0.26578945
366.60000000,5.12612000,2.17158000,0.20746549,0.26594406
366.80000000,5.12612000,1.97574000,0.20758070,0.26608472
367.00000000,5.12612000,1.97574000,0.20769046,0.26622543
367.20000000,5.12787000,2.14396000,0.20780490,0.26637796
367.40000000,5.12237000,1.93798000,0.20791828,0.26651602
367.60000000,5.12900000,2.06240000,0.20802941,0.26666278
367.80000000,5.12350000,1.89862000,0.20813943,0.26679788
368.00000000,5.12350000,1.89862000,0.20824491,0.26693305
368.20000000,5.12587000,1.97737000,0.20835258,0.26707383
368.40000000,5.12600000,2.09379000,0.20846567,0.26722286
368.60000000,5.12462000,2.03244000,0.20858028,0.26736752
368.80000000,5.12462000,2.03244000,0.20869320,0.26751223
369.00000000,5.12662000,2.08617000,0.20880760,0.26766071
369.20000000,5.12450000,2.11686000,0.20892435,0.26781149
369.40000000,5.12825000,1.97302000,0.20903796,0.26795191
369.60000000,5.12437000,1.98668000,0.20914795,0.26809331
369.80000000,5.12437000,1.98668000,0.20925832,0.26823474
370.00000000,5.12562000,2.00796000,0.20936929,0.26837766
370.20000000,5.12500000,2.00358000,0.20948072,0.26852041
370.40000000,5.12975000,2.11248000,0.20959505,0.26867092
370.60000000,5.12975000,2.11248000,0.20971241,0.26882125
370.80000000,5.12387000,1.99187000,0.20982642,0.26896304
371.00000000,5.12512000,2.03795000,0.20993836,0.26910819
371.20000000,5.12825000,2.13788000,0.21005436,0.26926040
371.40000000,5.12625000,2.03347000,0.21017023,0.26940518
371.60000000,5.12625000,2.03347000,0.21028320,0.26954999
371.80000000,5.12712000,2.21574000,0.21040123,0.26970781
372.00000000,5.12837000,1.95600000,0.21051711,0.26984706
372.20000000,5.12575000,1.86963000,0.21062338,0.26998016
372.40000000,5.12575000,1.86963000,0.21072725,0.27011327
372.60000000,5.12600000,2.07286000,0.21083676,0.27026076
372.80000000,5.12325000,1.95798000,0.21094873,0.27040022
373.00000000,5.12812000,2.08803000,0.21106112,0.27054894
373.20000000,5.12812000,2.08803000,0.21117712,0.27069763
373.40000000,5.12737000,2.11862000,0.21129397,0.27084849
373.60000000,5.12700000,2.18307000,0.21141347,0.27100392
373.80000000,5.12612000,2.00329000,0.21152975,0.27114655
374.00000000,5.12437000,2.10531000,0.21164388,0.27129639
374.20000000,5.12437000,2.10531000,0.21176084,0.27144631
374.40000000,5.12712000,1.99648000,0.21187478,0.27158842
374.60000000,5.12500000,1.99894000,0.21198577,0.27173074
374.80000000,5.12650000,2.00028000,0.21209685,0.27187317
375.00000000,5.12650000,2.00028000,0.21220798,0.27201557
375.20000000,5.12587000,2.08246000,0.21232139,0.27216387
375.40000000,5.12750000,2.13657000,0.21243859,0.27231598
375.60000000,5.12587000,2.19705000,0.21255896,0.27247241
375.80000000,5.12625000,2.01132000,0.21267586,0.27261561
376.00000000,5.12625000,2.01132000,0.21278760,0.27275882
376.20000000,5.12650000,1.90937000,0.21289651,0.27289467
376.40000000,5.12300000,2.04950000,0.21300648,0.27304062
376.60000000,5.12700000,2.05267000,0.21312043,0.27318678
376.80000000,5.12700000,2.05267000,0.21323447,0.27333294
377.00000000,5.12662000,2.06121000,0.21334874,0.27347965
377.20000000,5.12462000,1.97228000,0.21346078,0.27362013
377.40000000,5.12862000,2.05008000,0.21357251,0.27376605
377.60000000,5.12450000,2.13417000,0.21368874,0.27391794
377.80000000,5.12450000,2.13417000,0.21380731,0.27406986
378.00000000,5.12512000,1.97792000,0.21392153,0.27421067
378.20000000,5.12575000,2.04595000,0.21403331,0.27435631
378.40000000,5.12525000,1.97366000,0.21414496,0.27449680
378.60000000,5.12525000,1.97366000,0.21425461,0.27463731
378.80000000,5.12575000,2.09971000,0.21436776,0.27478687
379.00000000,5.12850000,1.95356000,0.21448035,0.27492589
379.20000000,5.12375000,1.98329000,0.21458971,0.27506710
379.40000000,5.12637000,2.06396000,0.21470213,0.27521405
379.60000000,5.12637000,2.06396000,0.21481680,0.27536094
379.80000000,5.12400000,2.12748000,0.21493323,0.27551246
380.00000000,5.12787000,1.93654000,0.21504611,0.27565025
380.20000000,5.12312000,2.01737000,0.21515595,0.27579379
380.40000000,5.12887000,2.04780000,0.21526887,0.27593967
380.60000000,5.12887000,2.04780000,0.21538263,0.27608542
380.80000000,5.12450000,2.04224000,0.21549625,0.27623076
381.00000000,5.12400000,1.94691000,0.21560706,0.27636935
381.20000000,5.12550000,1.92652000,0.21571465,0.27650650
381.40000000,5.12550000,1.92652000,0.21582168,0.27664362
381.60000000,5.12475000,1.98048000,0.21593021,0.27678467
381.80000000,5.12787000,2.00265000,0.21604085,0.27692720
382.00000000,5.12425000,2.06032000,0.21615371,0.27707387
382.20000000,5.12537000,1.95875000,0.21626535,0.27721330
382.40000000,5.12537000,1.95875000,0.21637417,0.27735276
382.60000000,5.12625000,2.09107000,0.21648667,0.27750165
382.80000000,5.12662000,2.04275000,0.21660149,0.27764705
383.00000000,5.12475000,1.95702000,0.21671260,0.27778634
383.20000000,5.12475000,1.95702000,0.21682132,0.27792565
383.40000000,5.12512000,1.93782000,0.21692951,0.27806362
383.60000000,5.12650000,1.93603000,0.21703712,0.27820151
383.80000000,5.12800000,2.03049000,0.21714730,0.27834613
384.00000000,5.12225000,1.99737000,0.21725919,0.27848822
384.20000000,5.12225000,1.99737000,0.21737015,0.27863042
384.40000000,5.12575000,1.92249000,0.21747904,0.27876730
384.60000000,5.12637000,2.14198000,0.21759194,0.27891982
384.80000000,5.12662000,1.92784000,0.21770499,0.27905708
385.00000000,5.12662000,1.92784000,0.21781209,0.27919428
385.20000000,5.12400000,2.09872000,0.21792394,0.27934371
385.40000000,5.12625000,2.07606000,0.21803990,0.27949147
385.60000000,5.12462000,2.00224000,0.21815319,0.27963398
385.80000000,5.12600000,1.92064000,0.21826216,0.27977072
386.00000000,5.12600000,1.92064000,0.21836886,0.27990746
386.20000000,5.12600000,1.93776000,0.21847604,0.28004542
386.40000000,5.12625000,1.96585000,0.21858447,0.28018540
386.60000000,5.12662000,2.01475000,0.21869505,0.28032885
386.80000000,5.12662000,2.01475000,0.21880698,0.28047226
387.00000000,5.12500000,1.96473000,0.21891752,0.28061202
387.20000000,5.12150000,1.92908000,0.21902568,0.28074939
387.40000000,5.12700000,1.97686000,0.21913418,0.28089015
387.60000000,5.12700000,1.97686000,0.21924400,0.28103091
387.80000000,5.12637000,2.09347000,0.21935707,0.28118000
388.00000000,5.12775000,2.10534000,0.21947370,0.28132998
388.20000000,5.12900000,2.00147000,0.21958778,0.28147255
388.40000000,5.12425000,1.97328000,0.21969819,0.28161299
388.60000000,5.12425000,1.97328000,0.21980782,0.28175348
388.80000000,5.12612000,2.11152000,0.21992128,0.28190386
389.00000000,5.12775000,1.84204000,0.22003110,0.28203499
389.20000000,5.12525000,1.90985000,0.22013532,0.28217094
389.40000000,5.12525000,1.90985000,0.22024143,0.28230689
389.60000000,5.12525000,2.08598000,0.22035242,0.28245532
389.80000000,5.12337000,1.88758000,0.22046280,0.28258968
390.00000000,5.12487000,1.94070000,0.22056914,0.28272785
390.20000000,5.12625000,1.92198000,0.22067643,0.28286469
390.40000000,5.12625000,1.92198000,0.22078321,0.28300152
390.60000000,5.12587000,2.03356000,0.22089309,0.28314637
390.80000000,5.12850000,2.14435000,0.22100914,0.28329901
391.00000000,5.12512000,1.92435000,0.22112216,0.28343599
391.20000000,5.12512000,1.92435000,0.22122907,0.28357288
391.40000000,5.12187000,2.07104000,0.22134005,0.28372034
391.60000000,5.12625000,1.94211000,0.22145153,0.28385861
391.80000000,5.12637000,2.14457000,0.22156505,0.28401139
392.00000000,5.12925000,2.08208000,0.22168245,0.28415972
392.20000000,5.12925000,2.08208000,0.22179812,0.28430791
392.40000000,5.12462000,2.06275000,0.22191326,0.28445476
392.60000000,5.12575000,2.05798000,0.22202772,0.28460124
392.80000000,5.12462000,1.89068000,0.22213741,0.28473581
393.00000000,5.12462000,1.89068000,0.22224245,0.28487041
393.20000000,5.12587000,2.10412000,0.22235341,0.28502017
393.40000000,5.12462000,1.95232000,0.22246609,0.28515915
393.60000000,5.12525000,1.94505000,0.22257435,0.28529765
393.80000000,5.12700000,1.95849000,0.22268278,0.28543711
394.00000000,5.12700000,1.95849000,0.22279159,0.28557649
394.20000000,5.12400000,2.02371000,0.22290221,0.28572063
394.40000000,5.12812000,2.11344000,0.22301713,0.28587101
394.60000000,5.12325000,1.98576000,0.22313099,0.28601231
394.80000000,5.12325000,1.98576000,0.22324131,0.28615375
395.00000000,5.12850000,2.11574000,0.22335524,0.28630436
395.20000000,5.12537000,2.06729000,0.22347144,0.28645159
395.40000000,5.12750000,2.06892000,0.22358633,0.28659891
395.60000000,5.12700000,2.00115000,0.22369939,0.28674141
395.80000000,5.12700000,2.00115000,0.22381057,0.28688379
396.00000000,5.12287000,2.09155000,0.22392425,0.28703275
396.20000000,5.12775000,2.04179000,0.22403907,0.28717807
396.40000000,5.12425000,1.97555000,0.22415066,0.28731869
396.60000000,5.12500000,1.97827000,0.22426049,0.28745950
396.80000000,5.12500000,1.97827000,0.22437039,0.28760033
397.00000000,5.12550000,2.11568000,0.22448411,0.28775102
397.20000000,5.12825000,2.00329000,0.22459853,0.28789361
397.40000000,5.12475000,1.87200000,0.22470618,0.28802685
397.60000000,5.12475000,1.87200000,0.22481018,0.28816014
397.80000000,5.12662000,2.12236000,0.22492113,0.28831132
398.00000000,5.12875000,2.11446000,0.22503882,0.28846180
398.20000000,5.12387000,1.99504000,0.22515297,0.28860390
398.40000000,5.12850000,1.99014000,0.22526367,0.28874566
398.60000000,5.12850000,1.99014000,0.22537424,0.28888729
398.80000000,5.12400000,2.01296000,0.22548543,0.28903069
399.00000000,5.12912000,2.03123000,0.22559777,0.28917528
399.20000000,5.12500000,2.03750000,0.22571079,0.28932031
399.40000000,5.12500000,2.03750000,0.22582399,0.28946538
399.60000000,5.12662000,1.97980000,0.22593558,0.28960631
399.80000000,5.12512000,2.06323000,0.22604788,0.28975320
400.00000000,5.12587000,2.08051000,0.22616299,0.28990126
400.20000000,5.12412000,1.94044000,0.22627468,0.29003936
400.40000000,5.12412000,1.94044000,0.22638248,0.29017750
400.60000000,5.12562000,1.93680000,0.22649018,0.29031547
400.80000000,5.12912000,2.07596000,0.22660165,0.29046321
401.00000000,5.12412000,1.86454000,0.22671111,0.29059591
401.20000000,5.12537000,2.16140000,0.22682294,0.29074977
401.40000000,5.12537000,2.16140000,0.22694302,0.29090375
401.60000000,5.12937000,2.14038000,0.22706251,0.29105616
401.80000000,5.12687000,1.96390000,0.22717652,0.29119587
402.00000000,5.12212000,1.86070000,0.22728276,0.29132824
402.20000000,5.12212000,1.86070000,0.22738613,0.29146072
402.40000000,5.12625000,2.05091000,0.22749479,0.29160670
402.60000000,5.12487000,1.97417000,0.22760659,0.29174722
402.80000000,5.12837000,1.89177000,0.22771398,0.29188197
403.00000000,5.12837000,1.89177000,0.22781908,0.29201666
403.20000000,5.12637000,2.17440000,0.22793203,0.29217146
403.40000000,5.12587000,1.95564000,0.22804675,0.29231070
403.60000000,5.12637000,2.07683000,0.22815877,0.29245857
403.80000000,5.12525000,1.95644000,0.22827080,0.29259784
404.00000000,5.12525000,1.95644000,0.22837949,0.29273713
404.20000000,5.12612000,1.97014000,0.22848856,0.29287745
404.40000000,5.12800000,1.90064000,0.22859608,0.29301277
404.60000000,5.12612000,2.15488000,0.22870874,0.29316619
404.80000000,5.12612000,2.15488000,0.22882845,0.29331968
405.00000000,5.12875000,2.08550000,0.22894624,0.29346808
405.20000000,5.12337000,1.97974000,0.22905917,0.29360909
405.40000000,5.12800000,1.99548000,0.22916959,0.29375121
405.60000000,5.12800000,1.99548000,0.22928045,0.29389329
405.80000000,5.12637000,2.00534000,0.22939158,0.29403594
406.00000000,5.12175000,1.83667000,0.22949830,0.29416665
406.20000000,5.12412000,1.91366000,0.22960248,0.29430291
406.40000000,5.12687000,1.90272000,0.22970849,0.29443840
406.60000000,5.12687000,1.90272000,0.22981420,0.29457387
406.80000000,5.12625000,2.14851000,0.22992673,0.29472682
407.00000000,5.12575000,1.87372000,0.23003846,0.29486015
407.20000000,5.12325000,2.08553000,0.23014844,0.29500855
407.40000000,5.12325000,2.08553000,0.23026430,0.29515707
407.60000000,5.12737000,2.02182000,0.23037840,0.29530099
407.80000000,5.12512000,1.97734000,0.23048948,0.29544172
408.00000000,5.12450000,2.07913000,0.23060216,0.29558972
408.20000000,5.12512000,2.05152000,0.23071690,0.29573575
408.40000000,5.12512000,2.05152000,0.23083088,0.29588179
408.60000000,5.12537000,1.92700000,0.23094139,0.29601893
408.80000000,5.12412000,2.03676000,0.23105150,0.29616397
409.00000000,5.12725000,2.05779000,0.23116523,0.29631051
409.20000000,5.12725000,2.05779000,0.23127955,0.29645703
409.40000000,5.12675000,2.19286000,0.23139763,0.29661321
409.60000000,5.12775000,2.00515000,0.23151424,0.29675599
409.80000000,5.12712000,2.03235000,0.23162639,0.29690068
410.00000000,5.12575000,2.03555000,0.23173939,0.29704559
410.20000000,5.12575000,2.03555000,0.23185248,0.29719045
410.40000000,5.12375000,2.07465000,0.23196665,0.29733816
410.60000000,5.12625000,2.01676000,0.23208030,0.29748180
410.80000000,5.12812000,1.97056000,0.23219106,0.29762206
411.00000000,5.12475000,2.06297000,0.23230310,0.29776889
411.20000000,5.12475000,2.06297000,0.23241771,0.29791581
411.40000000,5.12750000,2.03110000,0.23253143,0.29806039
411.60000000,5.12512000,2.14448000,0.23264742,0.29821303
411.80000000,5.12475000,1.90272000,0.23275984,0.29834846
412.00000000,5.12475000,1.90272000,0.23286555,0.29848390
412.20000000,5.12512000,1.87254000,0.23297042,0.29861711
412.40000000,5.12212000,2.01334000,0.23307836,0.29876055
412.60000000,5.12975000,2.14713000,0.23319393,0.29891336
412.80000000,5.12425000,1.94838000,0.23330769,0.29905203
413.00000000,5.12425000,1.94838000,0.23341594,0.29919075
413.20000000,5.12637000,1.97401000,0.23352489,0.29933129
413.40000000,5.12600000,1.99699000,0.23363520,0.29947346
413.60000000,5.12587000,2.09347000,0.23374882,0.29962250
413.80000000,5.12587000,2.09347000,0.23386512,0.29977156
414.00000000,5.12637000,2.01811000,0.23397934,0.29991527
414.20000000,5.12737000,1.99257000,0.23409074,0.30005705
414.40000000,5.12300000,1.95344000,0.23420035,0.30019604
414.60000000,5.12675000,2.09561000,0.23431283,0.30034526
414.80000000,5.12675000,2.09561000,0.23442925,0.30049449
415.00000000,5.12725000,1.83068000,0.23453831,0.30062476
415.20000000,5.12350000,1.93065000,0.23464280,0.30076225
415.40000000,5.12712000,2.11148000,0.23475508,0.30091260
415.60000000,5.12712000,2.11148000,0.23487238,0.30106286
415.80000000,5.12375000,1.85811000,0.23498265,0.30119513
416.00000000,5.12500000,2.10841000,0.23509283,0.30134525
416.20000000,5.12650000,1.95376000,0.23520567,0.30148436
416.40000000,5.12650000,1.95376000,0.23531421,0.30162345
416.60000000,5.12600000,2.12048000,0.23542738,0.30177438
416.80000000,5.12450000,1.87840000,0.23553846,0.30190812
417.00000000,5.12637000,2.02518000,0.23564690,0.30205231
417.20000000,5.12250000,2.00355000,0.23575880,0.30219485
417.40000000,5.12250000,2.00355000,0.23587011,0.30233753
417.60000000,5.12725000,2.01529000,0.23598175,0.30248102
417.80000000,5.12650000,2.20297000,0.23609892,0.30263786
418.00000000,5.12587000,1.97366000,0.23621494,0.30277837
418.20000000,5.12587000,1.97366000,0.23632459,0.30291898
418.40000000,5.12962000,2.16134000,0.23643945,0.30307287
418.60000000,5.12650000,1.98336000,0.23655458,0.30321406
418.80000000,5.12550000,1.96284000,0.23666419,0.30335381
419.00000000,5.12612000,1.87273000,0.23677074,0.30348714
419.20000000,5.12612000,1.87273000,0.23687478,0.30362053
419.40000000,5.12825000,2.02246000,0.23698298,0.30376441
419.60000000,5.12250000,2.01577000,0.23709515,0.30390793
419.80000000,5.12625000,2.08572000,0.23720908,0.30405643
420.00000000,5.12625000,2.08572000,0.23732496,0.30420497
420.20000000,5.12775000,1.92953000,0.23743649,0.30434237
420.40000000,5.12700000,1.99593000,0.23754553,0.30448456
420.60000000,5.12900000,1.95651000,0.23765532,0.30462376
420.80000000,5.12262000,1.99990000,0.23776522,0.30476604
421.00000000,5.12262000,1.99990000,0.23787633,0.30490842
421.20000000,5.12562000,1.88300000,0.23798418,0.30504241
421.40000000,5.12337000,1.93366000,0.23809020,0.30518014
421.60000000,5.12850000,2.01673000,0.23819994,0.30532379
421.80000000,5.12850000,2.01673000,0.23831198,0.30546740
422.00000000,5.12712000,2.13155000,0.23842721,0.30561915
422.20000000,5.12600000,1.94121000,0.23854034,0.30575742
422.40000000,5.12812000,1.98089000,0.23864929,0.30589840
422.60000000,5.12425000,2.05606000,0.23876142,0.30604473
422.80000000,5.12425000,2.05606000,0.23887565,0.30619114
423.00000000,5.12712000,1.97376000,0.23898759,0.30633172
423.20000000,5.12825000,2.16502000,0.23910255,0.30648588
423.40000000,5.12675000,2.08060000,0.23922049,0.30663408
423.60000000,5.12862000,1.89689000,0.23933097,0.30676920
423.80000000,5.12862000,1.89689000,0.23943636,0.30690423
424.00000000,5.12525000,2.03120000,0.23954547,0.30704886
424.20000000,5.12675000,2.11366000,0.23966061,0.30719925
424.40000000,5.12287000,1.92064000,0.23977267,0.30733590
424.60000000,5.12287000,1.92064000,0.23987937,0.30747265
424.80000000,5.12637000,1.96259000,0.23998724,0.30761238
425.00000000,5.12612000,1.95766000,0.24009614,0.30775181
425.20000000,5.12812000,1.97820000,0.24020546,0.30789265
425.40000000,5.12600000,2.10176000,0.24031880,0.30804228
425.60000000,5.12600000,2.10176000,0.24043556,0.30819199
425.80000000,5.12850000,2.10108000,0.24055231,0.30834166
426.00000000,5.12900000,2.03958000,0.24066733,0.30848676
426.20000000,5.12200000,2.02035000,0.24078010,0.30863048
426.40000000,5.12200000,2.02035000,0.24089234,0.30877438
426.60000000,5.12825000,2.02256000,0.24100465,0.30891835
426.80000000,5.12487000,1.88966000,0.24111332,0.30905289
427.00000000,5.12637000,1.96227000,0.24122032,0.30919263
427.20000000,5.12737000,1.96262000,0.24132934,0.30933239
427.40000000,5.12737000,1.96262000,0.24143838,0.30947217
427.60000000,5.12762000,2.16387000,0.24155300,0.30962629
427.80000000,5.12812000,2.08579000,0.24167105,0.30977484
428.00000000,5.12800000,2.14825000,0.24178866,0.30992784
428.20000000,5.12800000,2.14825000,0.24190801,0.31008081
428.40000000,5.12675000,1.94336000,0.24202166,0.31021914
428.60000000,5.12512000,1.97232000,0.24213043,0.31035961
428.80000000,5.12787000,1.98752000,0.24224043,0.31050116
429.00000000,5.12787000,1.98752000,0.24235084,0.31064274
429.20000000,5.12862000,2.02198000,0.24246222,0.31078662
429.40000000,5.12337000,1.91574000,0.24257160,0.31092308
429.60000000,5.12875000,2.17196000,0.24268515,0.31107779
429.80000000,5.12875000,2.17196000,0.24280581,0.31123240
430.00000000,5.12525000,2.02003000,0.24292226,0.31137629
430.20000000,5.12862000,1.99590000,0.24303381,0.31151837
430.40000000,5.12550000,1.99334000,0.24314462,0.31166024
430.60000000,5.12437000,2.02377000,0.24325621,0.31180428
430.80000000,5.12437000,2.02377000,0.24336864,0.31194840
431.00000000,5.12725000,2.17414000,0.24348525,0.31210318
431.20000000,5.12587000,1.94409000,0.24359964,0.31224169
431.40000000,5.12987000,2.10476000,0.24371211,0.31239165
431.60000000,5.12987000,2.10476000,0.24382904,0.31254151
431.80000000,5.12625000,2.11430000,0.24394624,0.31269203
432.00000000,5.12587000,1.98988000,0.24406024,0.31283381
432.20000000,5.13000000,2.13132000,0.24417472,0.31298560
432.40000000,5.12775000,2.10944000,0.24429252,0.31313583
432.60000000,5.12775000,2.10944000,0.24440971,0.31328603
432.80000000,5.12662000,1.94067000,0.24452222,0.31342421
433.00000000,5.12675000,2.04627000,0.24463296,0.31356983
433.20000000,5.12362000,2.00316000,0.24474545,0.31371238
433.40000000,5.12650000,1.99638000,0.24485655,0.31385452
433.60000000,5.12650000,1.99638000,0.24496746,0.31399668
433.80000000,5.12712000,2.10000000,0.24508124,0.31414623
434.00000000,5.12725000,2.03289000,0.24519605,0.31429094
434.20000000,5.12550000,2.00841000,0.24530831,0.31443392
434.40000000,5.12550000,2.00841000,0.24541988,0.31457685
434.60000000,5.12387000,2.12096000,0.24553459,0.31472789
434.80000000,5.12750000,2.04118000,0.24565020,0.31487321
435.00000000,5.12587000,2.04768000,0.24576378,0.31501908
435.20000000,5.12900000,2.12825000,0.24587978,0.31517068
435.40000000,5.12900000,2.12825000,0.24599802,0.31532219
435.60000000,5.12537000,2.04588000,0.24611396,0.31546781
435.80000000,5.12487000,2.09824000,0.24622908,0.31561719
436.00000000,5.12600000,1.87865000,0.24633955,0.31575094
436.20000000,5.12600000,1.87865000,0.24644392,0.31588472
436.40000000,5.12725000,2.08742000,0.24655409,0.31603339
436.60000000,5.12775000,1.94992000,0.24666623,0.31617217
436.80000000,5.12437000,2.05382000,0.24677745,0.31631841
437.00000000,5.12687000,1.87760000,0.24688666,0.31645211
437.20000000,5.12687000,1.87760000,0.24699097,0.31658580
437.40000000,5.12662000,1.90009000,0.24709590,0.31672114
437.60000000,5.12825000,2.14627000,0.24720830,0.31687395
437.80000000,5.12650000,2.12176000,0.24732686,0.31702502
438.00000000,5.12650000,2.12176000,0.24744473,0.31717610
438.20000000,5.12650000,1.98070000,0.24755869,0.31731713
438.40000000,5.12662000,1.91033000,0.24766678,0.31745317
438.60000000,5.12725000,2.00169000,0.24777544,0.31759571
438.80000000,5.12525000,1.89497000,0.24788368,0.31773060
439.00000000,5.12525000,1.89497000,0.24798896,0.31786550
439.20000000,5.12562000,1.99619000,0.24809705,0.31800764
439.40000000,5.12650000,2.12598000,0.24821155,0.31815897
439.60000000,5.12537000,1.93929000,0.24832448,0.31829702
439.80000000,5.12537000,1.93929000,0.24843221,0.31843505
440.00000000,5.12462000,1.88716000,0.24853850,0.31856939
440.20000000,5.12537000,1.98396000,0.24864604,0.31871065
440.40000000,5.12625000,2.06729000,0.24875857,0.31885783
440.60000000,5.12625000,2.06729000,0.24887342,0.31900501
440.80000000,5.12575000,2.07398000,0.24898845,0.31915258
441.00000000,5.12325000,1.94457000,0.24910008,0.31929108
441.20000000,5.12787000,1.93852000,0.24920794,0.31942914
441.40000000,5.12712000,2.06627000,0.24931919,0.31957628
441.60000000,5.12712000,2.06627000,0.24943398,0.31972336
441.80000000,5.12525000,1.97939000,0.24954636,0.31986426
442.00000000,5.12525000,1.81536000,0.24965177,0.31999353
442.20000000,5.12712000,2.01462000,0.24975816,0.32013700
442.40000000,5.12712000,2.01462000,0.24987008,0.32028039
442.60000000,5.12462000,1.93072000,0.24997968,0.32041781
442.80000000,5.12475000,2.00012000,0.25008887,0.32056016
443.00000000,5.12437000,1.85651000,0.25019599,0.32069235
443.20000000,5.12662000,2.13200000,0.25030679,0.32084416
443.40000000,5.12662000,2.13200000,0.25042523,0.32099604
443.60000000,5.12937000,2.04937000,0.25054138,0.32114189
443.80000000,5.12400000,2.00432000,0.25065398,0.32128466
444.00000000,5.12862000,2.05356000,0.25076670,0.32143094
444.20000000,5.12862000,2.05356000,0.25088079,0.32157709
444.40000000,5.12437000,1.87974000,0.25099005,0.32171087
444.60000000,5.12412000,2.11788000,0.25110109,0.32186173
444.80000000,5.12862000,2.11126000,0.25121857,0.32201202
445.00000000,5.12550000,1.98211000,0.25133227,0.32215312
445.20000000,5.12550000,1.98211000,0.25144239,0.32229421
445.40000000,5.12475000,2.03452000,0.25155396,0.32243908
445.60000000,5.12700000,1.98496000,0.25166561,0.32258036
445.80000000,5.12462000,2.01516000,0.25177673,0.32272379
446.00000000,5.12462000,2.01516000,0.25188868,0.32286728
446.20000000,5.12662000,2.16649000,0.25200484,0.32302155
446.40000000,5.12725000,2.04761000,0.25212190,0.32316738
446.60000000,5.12775000,2.11078000,0.25223741,0.32331765
446.80000000,5.12587000,2.02729000,0.25235235,0.32346198
447.00000000,5.12587000,2.02729000,0.25246498,0.32360636
447.20000000,5.12762000,1.99792000,0.25257679,0.32374861
447.40000000,5.12625000,2.09014000,0.25269035,0.32389739
447.60000000,5.12525000,1.95500000,0.25280272,0.32403656
447.80000000,5.12650000,2.10902000,0.25291560,0.32418672
448.00000000,5.12650000,2.10902000,0.25303277,0.32433687
448.20000000,5.12575000,1.92035000,0.25314470,0.32447361
448.40000000,5.12712000,2.06681000,0.25325545,0.32462082
448.60000000,5.12812000,2.04521000,0.25336968,0.32476649
448.80000000,5.12812000,2.04521000,0.25348330,0.32491217
449.00000000,5.12875000,2.07846000,0.25359785,0.32506009
449.20000000,5.12412000,1.95052000,0.25370976,0.32519899
449.40000000,5.12700000,2.10201000,0.25382233,0.32534866
449.60000000,5.12687000,2.04329000,0.25393748,0.32549416
449.80000000,5.12687000,2.04329000,0.25405100,0.32563957
450.00000000,5.12400000,1.95670000,0.25416211,0.32577884
450.20000000,5.12462000,1.97382000,0.25427129,0.32591940
450.40000000,5.12700000,2.08153000,0.25438394,0.32606762
450.60000000,5.12700000,2.08153000,0.25449958,0.32621580
450.80000000,5.12575000,2.17891000,0.25461792,0.32637088
451.00000000,5.12450000,2.01824000,0.25473451,0.32651462
451.20000000,5.12787000,1.93392000,0.25484429,0.32665224
451.40000000,5.12350000,1.98230000,0.25495308,0.32679330
451.60000000,5.12350000,1.98230000,0.25506320,0.32693447
451.80000000,5.12737000,2.04480000,0.25517507,0.32707995
452.00000000,5.12275000,1.92169000,0.25528525,0.32721683
452.20000000,5.12825000,2.04294000,0.25539538,0.32736234
452.40000000,5.12825000,2.04294000,0.25550887,0.32750773
452.60000000,5.12425000,1.93075000,0.25561925,0.32764509
452.80000000,5.12225000,1.93670000,0.25572668,0.32778309
453.00000000,5.13025000,2.13427000,0.25583977,0.32793516
453.20000000,5.12475000,2.05571000,0.25595615,0.32808148
453.40000000,5.12475000,2.05571000,0.25607036,0.32822785
453.60000000,5.12637000,1.84332000,0.25617867,0.32835902
453.80000000,5.12375000,1.98412000,0.25628498,0.32850030
454.00000000,5.12675000,1.89116000,0.25639263,0.32863496
454.20000000,5.12675000,1.89116000,0.25649769,0.32876952
454.40000000,5.12287000,1.86560000,0.25660205,0.32890232
454.60000000,5.12500000,2.09465000,0.25671206,0.32905146
454.80000000,5.12650000,2.18236000,0.25683086,0.32920684
455.00000000,5.12650000,2.18236000,0.25695210,0.32936224
455.20000000,5.12687000,1.96054000,0.25706718,0.32950186
455.40000000,5.12737000,2.07046000,0.25717916,0.32964924
455.60000000,5.12512000,2.12624000,0.25729573,0.32980059
455.80000000,5.12512000,2.12624000,0.25741386,0.32995198
456.00000000,5.12650000,2.03494000,0.25752944,0.33009692
456.20000000,5.12812000,2.14352000,0.25764551,0.33024952
456.40000000,5.12575000,2.09440000,0.25776323,0.33039866
456.60000000,5.12725000,1.91596000,0.25787463,0.33053510
456.80000000,5.12725000,1.91596000,0.25798107,0.33067143
457.00000000,5.12325000,2.06972000,0.25809179,0.33081884
457.20000000,5.12800000,2.08912000,0.25820731,0.33096757
457.40000000,5.12575000,2.08774000,0.25832333,0.33111623
457.60000000,5.12675000,2.05116000,0.25843830,0.33126228
457.80000000,5.12675000,2.05116000,0.25855226,0.33140834
458.00000000,5.12712000,2.00400000,0.25866490,0.33155096
458.20000000,5.12400000,2.04345000,0.25877733,0.33169642
458.40000000,5.12525000,2.00598000,0.25888981,0.33183922
458.60000000,5.12525000,2.00598000,0.25900126,0.33198203
458.80000000,5.12600000,1.90249000,0.25910983,0.33211746
459.00000000,5.12525000,2.09676000,0.25922092,0.33226676
459.20000000,5.12675000,2.13004000,0.25933833,0.33241840
459.40000000,5.12600000,2.19772000,0.25945854,0.33257487
459.60000000,5.12600000,2.19772000,0.25958064,0.33273134
459.80000000,5.12600000,1.95609000,0.25969602,0.33287063
460.00000000,5.12712000,1.95977000,0.25980480,0.33301014
460.20000000,5.12537000,1.88569000,0.25991161,0.33314437
460.40000000,5.12537000,1.88569000,0.26001638,0.33327871
460.60000000,5.12937000,2.02451000,0.26012499,0.33342281
460.80000000,5.12475000,2.07766000,0.26023894,0.33357074
461.00000000,5.12637000,2.10592000,0.26035515,0.33372076
461.20000000,5.12925000,2.08147000,0.26047147,0.33386904
461.40000000,5.12925000,2.08147000,0.26058711,0.33401718
461.60000000,5.12412000,1.98665000,0.26070011,0.33415874
461.80000000,5.13050000,1.97788000,0.26081023,0.33429955
462.00000000,5.12587000,1.96761000,0.26091983,0.33443963
462.20000000,5.12587000,1.96761000,0.26102914,0.33457972
462.40000000,5.12625000,2.12380000,0.26114279,0.33473091
462.60000000,5.12537000,1.90784000,0.26125478,0.33486676
462.80000000,5.12712000,2.16348000,0.26136788,0.33502088
463.00000000,5.12912000,2.07667000,0.26148566,0.33516882
463.20000000,5.12912000,2.07667000,0.26160103,0.33531656
463.40000000,5.12212000,2.01113000,0.26171458,0.33545971
463.60000000,5.12500000,2.04224000,0.26182717,0.33560514
463.80000000,5.12712000,2.05008000,0.26194085,0.33575112
464.00000000,5.12712000,2.11683000,0.26205659,0.33590186
464.20000000,5.12712000,2.11683000,0.26217420,0.33605259
464.40000000,5.12675000,2.13516000,0.26229231,0.33620456
464.60000000,5.12437000,1.99830000,0.26240713,0.33634693
464.80000000,5.12987000,2.00643000,0.26251837,0.33648989
465.00000000,5.12987000,2.00643000,0.26262984,0.33663269
465.20000000,5.12462000,2.03619000,0.26274213,0.33677770
465.40000000,5.12750000,2.04572000,0.26285552,0.33692341
465.60000000,5.12812000,2.02515000,0.26296860,0.33706765
465.80000000,5.12812000,2.02515000,0.26308111,0.33721178
466.00000000,5.12437000,1.94556000,0.26319140,0.33735034
466.20000000,5.12787000,2.09910000,0.26330376,0.33749976
466.40000000,5.12512000,1.96441000,0.26341663,0.33763959
466.60000000,5.12637000,2.16822000,0.26353143,0.33779397
466.80000000,5.12637000,2.16822000,0.26365188,0.33794831
467.00000000,5.12537000,2.02236000,0.26376829,0.33809239
467.20000000,5.12937000,2.00265000,0.26388009,0.33823495
467.40000000,5.12550000,2.11555000,0.26399449,0.33838555
467.60000000,5.12550000,2.11555000,0.26411202,0.33853616
467.80000000,5.12562000,2.06176000,0.26422805,0.33868303
468.00000000,5.12887000,1.99862000,0.26434084,0.33882525
468.20000000,5.12362000,1.90918000,0.26444939,0.33896111
468.40000000,5.12362000,1.90918000,0.26455546,0.33909708
468.60000000,5.12787000,2.13580000,0.26466782,0.33924911
468.80000000,5.12512000,1.97091000,0.26478189,0.33938941
469.00000000,5.12500000,1.96252000,0.26489116,0.33952918
469.20000000,5.12812000,2.05910000,0.26500287,0.33967584
469.40000000,5.12812000,2.05910000,0.26511726,0.33982244
469.60000000,5.12612000,2.04182000,0.26523118,0.33996782
469.80000000,5.12637000,2.12566000,0.26534694,0.34011915
470.00000000,5.12600000,1.92563000,0.26545948,0.34025625
470.20000000,5.12600000,1.92563000,0.26556646,0.34039340
470.40000000,5.12837000,2.05808000,0.26567711,0.34053994
470.60000000,5.12650000,2.07824000,0.26579201,0.34068786
470.80000000,5.12462000,1.99049000,0.26590503,0.34082960
471.00000000,5.12712000,2.16960000,0.26602059,0.34098410
471.20000000,5.12712000,2.16960000,0.26614112,0.34113857
471.40000000,5.12612000,2.16486000,0.26626153,0.34129269
471.60000000,5.12600000,1.99440000,0.26637706,0.34143472
471.80000000,5.12737000,2.13968000,0.26649190,0.34158710
472.00000000,5.12575000,2.02035000,0.26660745,0.34173093
472.20000000,5.12575000,2.02035000,0.26671969,0.34187484
472.40000000,5.12862000,2.12588000,0.26683487,0.34202616
472.60000000,5.12500000,1.97660000,0.26694882,0.34216696
472.80000000,5.12862000,2.11648000,0.26706252,0.34231771
473.00000000,5.12862000,2.11648000,0.26718010,0.34246834
473.20000000,5.12400000,2.05081000,0.26729586,0.34261439
473.40000000,5.12775000,2.13216000,0.26741206,0.34276621
473.60000000,5.12662000,2.07712000,0.26752898,0.34291411
473.80000000,5.12687000,2.02195000,0.26764284,0.34305809
474.00000000,5.12687000,2.02195000,0.26775517,0.34320200
474.20000000,5.12437000,2.11430000,0.26787007,0.34335246
474.40000000,5.12375000,1.96281000,0.26798332,0.34349223
474.60000000,5.12712000,2.15376000,0.26809767,0.34364560
474.80000000,5.12712000,2.15376000,0.26821732,0.34379904
475.00000000,5.12962000,1.93001000,0.26833076,0.34393640
475.20000000,5.12412000,2.06332000,0.26844169,0.34408337
475.40000000,5.12875000,2.06716000,0.26855642,0.34423055
475.60000000,5.12612000,2.08070000,0.26867164,0.34437868
475.80000000,5.12612000,2.08070000,0.26878724,0.34452681
476.00000000,5.12562000,2.16000000,0.26890503,0.34468063
476.20000000,5.12737000,1.92486000,0.26901850,0.34481767
476.40000000,5.12612000,2.16371000,0.26913207,0.34497172
476.60000000,5.12612000,2.16371000,0.26925228,0.34512576
476.80000000,5.12600000,1.96128000,0.26936686,0.34526551
477.00000000,5.13025000,2.04918000,0.26947826,0.34541137
477.20000000,5.12500000,2.04307000,0.26959194,0.34555680
477.40000000,5.12612000,1.99318000,0.26970406,0.34569871
477.60000000,5.12612000,1.99318000,0.26981479,0.34584062
477.80000000,5.12637000,1.90134000,0.26992297,0.34597594
478.00000000,5.12437000,2.03964000,0.27003244,0.34612118
478.20000000,5.12712000,2.06435000,0.27014644,0.34626819
478.40000000,5.12712000,2.06435000,0.27026113,0.34641514
478.60000000,5.12550000,1.95510000,0.27037278,0.34655432
478.80000000,5.12562000,2.14758000,0.27048674,0.34670717
479.00000000,5.12425000,1.89014000,0.27059890,0.34684169
479.20000000,5.12350000,1.93145000,0.27070506,0.34697913
479.40000000,5.12350000,1.93145000,0.27081236,0.34711672
479.60000000,5.12900000,2.01526000,0.27092199,0.34726022
479.80000000,5.12700000,2.06368000,0.27103529,0.34740712
480.00000000,5.12500000,2.12665000,0.27115169,0.34755849
480.20000000,5.12500000,2.12665000,0.27126984,0.34770992
480.40000000,5.12687000,2.03040000,0.27138531,0.34785443
480.60000000,5.12425000,2.06198000,0.27149899,0.34800123
480.80000000,5.12612000,1.99494000,0.27161168,0.34814326
481.00000000,5.12612000,1.99494000,0.27172251,0.34828526
481.20000000,5.12475000,2.09641000,0.27183616,0.34843453
481.40000000,5.12662000,2.14256000,0.27195391,0.34858714
481.60000000,5.12825000,2.08115000,0.27207123,0.34873525
481.80000000,5.12425000,2.11257000,0.27218773,0.34888560
482.00000000,5.12425000,2.11257000,0.27230509,0.34903596
482.20000000,5.12437000,1.99987000,0.27241933,0.34917846
482.40000000,5.13025000,2.20675000,0.27253618,0.34933558
482.60000000,5.12637000,1.96396000,0.27265203,0.34947541
482.80000000,5.12637000,1.96396000,0.27276114,0.34961525
483.00000000,5.12675000,2.18169000,0.27287630,0.34977063
483.20000000,5.12775000,2.14348000,0.27299644,0.34992335
483.40000000,5.13000000,2.12156000,0.27311491,0.35007431
483.60000000,5.12312000,1.99347000,0.27322922,0.35021616
483.80000000,5.12312000,1.99347000,0.27333997,0.35035809
484.00000000,5.12650000,2.02688000,0.27345164,0.35050243
484.20000000,5.12725000,1.96828000,0.27356262,0.35064256
484.40000000,5.12587000,2.04256000,0.27367403,0.35078797
484.60000000,5.12587000,2.04256000,0.27378751,0.35093347
484.80000000,5.12887000,2.01321000,0.27390017,0.35107680
485.00000000,5.12575000,2.11139000,0.27401474,0.35122713
485.20000000,5.12662000,1.92960000,0.27412699,0.35136457
485.40000000,5.12837000,1.84332000,0.27423179,0.35149587
485.60000000,5.12837000,1.84332000,0.27433420,0.35162710
485.80000000,5.12575000,1.97388000,0.27444023,0.35176754
486.00000000,5.12287000,2.06883000,0.27455253,0.35191484
486.20000000,5.12650000,1.90358000,0.27466288,0.35205036
486.40000000,5.12562000,2.16652000,0.27477593,0.35220459
486.60000000,5.12562000,2.16652000,0.27489630,0.35235881
486.80000000,5.12512000,1.96588000,0.27501109,0.35249877
487.00000000,5.12600000,1.96083000,0.27512016,0.35263843
487.20000000,5.12837000,2.14470000,0.27523420,0.35279119
487.40000000,5.12837000,2.14470000,0.27535335,0.35294388
487.60000000,5.12587000,1.82704000,0.27546368,0.35307391
487.80000000,5.12425000,1.96160000,0.27556892,0.35321361
488.00000000,5.12762000,1.95667000,0.27567776,0.35335286
488.20000000,5.12412000,1.98428000,0.27578723,0.35349408
488.40000000,5.12412000,1.98428000,0.27589747,0.35363542
488.60000000,5.12862000,2.10553000,0.27601107,0.35378528
488.80000000,5.12437000,2.00758000,0.27612533,0.35392829
489.00000000,5.12900000,2.03881000,0.27623773,0.35407353
489.20000000,5.12900000,2.03881000,0.27635099,0.35421868
489.40000000,5.12612000,2.02073000,0.27646376,0.35436255
489.60000000,5.12625000,2.08473000,0.27657780,0.35451096
489.80000000,5.12537000,2.09014000,0.27669377,0.35465972
490.00000000,5.12450000,1.99251000,0.27680718,0.35480153
490.20000000,5.12450000,1.99251000,0.27691787,0.35494343
490.40000000,5.12737000,2.14390000,0.27703277,0.35509605
490.60000000,5.12575000,1.96790000,0.27714699,0.35523611
490.80000000,5.12437000,1.99155000,0.27725697,0.35537785
491.00000000,5.12437000,1.99155000,0.27736761,0.35551964
491.20000000,5.12587000,1.99110000,0.27747824,0.35566138
491.40000000,5.12562000,2.01254000,0.27758946,0.35580472
491.60000000,5.12812000,1.91171000,0.27769846,0.35594088
491.80000000,5.12500000,2.15171000,0.27781134,0.35609404
492.00000000,5.12500000,2.15171000,0.27793087,0.35624718
492.20000000,5.12425000,1.92025000,0.27804398,0.35638398
492.40000000,5.12925000,2.11219000,0.27815600,0.35653427
492.60000000,5.12312000,1.98316000,0.27826976,0.35667538
492.80000000,5.12312000,1.98316000,0.27837993,0.35681651
493.00000000,5.12362000,2.10320000,0.27849344,0.35696631
493.20000000,5.12837000,2.08249000,0.27860971,0.35711454
493.40000000,5.12500000,2.05673000,0.27872469,0.35726094
493.60000000,5.12375000,1.88284000,0.27883412,0.35739493
493.80000000,5.12375000,1.88284000,0.27893872,0.35752907
494.00000000,5.12950000,2.09388000,0.27904919,0.35767813
494.20000000,5.12537000,2.10025000,0.27916569,0.35782763
494.40000000,5.12775000,1.94598000,0.27927809,0.35796622
494.60000000,5.12775000,1.94598000,0.27938620,0.35810477
494.80000000,5.12625000,1.99414000,0.27949565,0.35824668
495.00000000,5.12362000,1.93472000,0.27960478,0.35838446
495.20000000,5.12762000,2.02550000,0.27971479,0.35852871
495.40000000,5.12762000,2.02550000,0.27982731,0.35867288
495.60000000,5.12450000,2.05779000,0.27994074,0.35881946
495.80000000,5.12875000,2.01958000,0.28005400,0.35896322
496.00000000,5.12525000,1.91667000,0.28016334,0.35909968
496.20000000,5.12600000,2.14777000,0.28027624,0.35925258
496.40000000,5.12600000,2.14777000,0.28039556,0.35940547
496.60000000,5.12525000,2.10262000,0.28051363,0.35955514
496.80000000,5.12525000,1.96211000,0.28062654,0.35969476
497.00000000,5.12325000,1.97196000,0.28073582,0.35983508
497.20000000,5.12325000,1.97196000,0.28084537,0.35997544
497.40000000,5.12500000,2.03126000,0.28095657,0.36012008
497.60000000,5.12662000,1.97833000,0.28106795,0.36026088
497.80000000,5.12462000,1.95088000,0.28117709,0.36039978
498.00000000,5.12625000,2.13027000,0.28129046,0.36055145
498.20000000,5.12625000,2.13027000,0.28140881,0.36070316
498.40000000,5.12750000,2.13452000,0.28152727,0.36085514
498.60000000,5.12637000,2.02534000,0.28164282,0.36099940
498.80000000,5.12850000,2.05520000,0.28175617,0.36114579
499.00000000,5.12850000,2.05520000,0.28187035,0.36129206
499.20000000,5.12412000,1.98598000,0.28198261,0.36143345
499.40000000,5.12600000,2.01353000,0.28209370,0.36157684
499.60000000,5.12750000,2.05072000,0.28220660,0.36172281
499.80000000,5.12487000,2.11305000,0.28232226,0.36187321
500.00000000,5.12487000,2.11305000,0.28243965,0.36202365
500.20000000,5.12587000,2.01072000,0.28255420,0.36216680
500.40000000,5.12587000,2.04585000,0.28266688,0.36231246
500.60000000,5.12625000,2.00016000,0.28277927,0.36245488
500.80000000,5.12700000,2.11801000,0.28289367,0.36260570
501.00000000,5.12700000,2.11801000,0.28301133,0.36275644
501.20000000,5.12425000,1.99216000,0.28312550,0.36289822
501.40000000,5.12425000,1.96531000,0.28323543,0.36303821
501.60000000,5.12825000,2.06521000,0.28334739,0.36318530
501.80000000,5.12825000,2.06521000,0.28346213,0.36333238
502.00000000,5.12750000,2.14409000,0.28357905,0.36348502
502.20000000,5.12600000,2.13068000,0.28369780,0.36363669
502.40000000,5.12512000,2.05625000,0.28381410,0.36378307
502.60000000,5.12537000,1.95840000,0.28392562,0.36392248
502.80000000,5.12537000,1.95840000,0.28403442,0.36406189
503.00000000,5.12550000,2.03228000,0.28414527,0.36420660
503.20000000,5.12675000,1.99990000,0.28425727,0.36434896
503.40000000,5.12525000,2.01420000,0.28436878,0.36449234
503.60000000,5.12525000,2.01420000,0.28448068,0.36463580
503.80000000,5.12812000,2.17904000,0.28459716,0.36479087
504.00000000,5.12400000,1.92012000,0.28471102,0.36492764
504.20000000,5.12837000,2.13168000,0.28482357,0.36507946
504.40000000,5.12800000,2.10307000,0.28494120,0.36522924
504.60000000,5.12800000,2.10307000,0.28505804,0.36537883
504.80000000,5.12112000,2.03913000,0.28517310,0.36552408
505.00000000,5.12875000,2.11766000,0.28528857,0.36567485
505.20000000,5.12600000,2.03056000,0.28540380,0.36581941
505.40000000,5.12600000,2.03056000,0.28551661,0.36596400
505.60000000,5.12687000,1.97872000,0.28562797,0.36610492
505.80000000,5.12762000,2.18128000,0.28574353,0.36626023
506.00000000,5.12650000,2.01932000,0.28586021,0.36640404
506.20000000,5.12762000,2.16425000,0.28597642,0.36655817
506.40000000,5.12762000,2.16425000,0.28609666,0.36671232
506.60000000,5.12825000,2.16016000,0.28621678,0.36686617
506.80000000,5.12787000,2.18876000,0.28633759,0.36702197
507.00000000,5.12500000,2.02835000,0.28645473,0.36716634
507.20000000,5.12775000,2.13814000,0.28657046,0.36731862
507.40000000,5.12775000,2.13814000,0.28668925,0.36747079
507.60000000,5.12412000,1.97328000,0.28680345,0.36761140
507.80000000,5.13075000,2.15398000,0.28691810,0.36776473
508.00000000,5.12512000,1.93638000,0.28703172,0.36790257
508.20000000,5.12512000,1.93638000,0.28713930,0.36804045
508.40000000,5.12687000,2.11894000,0.28725195,0.36819133
508.60000000,5.12700000,2.16707000,0.28737100,0.36834563
508.80000000,5.12637000,2.01468000,0.28748716,0.36848907
509.00000000,5.12637000,2.01468000,0.28759909,0.36863255
509.20000000,5.12750000,2.17904000,0.28771558,0.36878762
509.40000000,5.12375000,1.92185000,0.28782949,0.36892448
509.60000000,5.12737000,2.06803000,0.28794032,0.36907175
509.80000000,5.12662000,2.03328000,0.28805425,0.36921653
510.00000000,5.12662000,2.03328000,0.28816721,0.36936136
510.20000000,5.12862000,2.22294000,0.28828544,0.36951964
510.40000000,5.12662000,2.02953000,0.28840356,0.36966414
510.60000000,5.12650000,1.97500000,0.28851480,0.36980477
510.80000000,5.12650000,1.97500000,0.28862452,0.36994545
511.00000000,5.12862000,2.17414000,0.28873978,0.37010021
511.20000000,5.12512000,2.13657000,0.28885952,0.37025237
511.40000000,5.12775000,2.05209000,0.28897587,0.37039852
511.60000000,5.12575000,2.07856000,0.28909061,0.37054649
511.80000000,5.12575000,2.07856000,0.28920608,0.37069455
512.00000000,5.12862000,1.99264000,0.28931917,0.37083643
512.20000000,5.12637000,2.05670000,0.28943166,0.37098287
512.40000000,5.12650000,2.12188000,0.28954773,0.37113395
512.60000000,5.12650000,2.12188000,0.28966561,0.37128498
512.80000000,5.12475000,1.99769000,0.28978004,0.37142730
513.00000000,5.12950000,2.18953000,0.28989635,0.37158315
513.20000000,5.12487000,2.08892000,0.29001520,0.37173186
513.40000000,5.12600000,1.94905000,0.29012736,0.37187063
513.60000000,5.12600000,1.94905000,0.29023565,0.37200938
513.80000000,5.12562000,1.97008000,0.29034451,0.37214966
514.00000000,5.12687000,2.17382000,0.29045962,0.37230445
514.20000000,5.12687000,1.97308000,0.29057481,0.37244495
514.40000000,5.12687000,1.97308000,0.29068443,0.37258541
514.60000000,5.12562000,2.02064000,0.29079536,0.37272939
514.80000000,5.13037000,2.08630000,0.29090944,0.37287780
515.00000000,5.12162000,1.88131000,0.29101966,0.37301174
515.20000000,5.12637000,2.17830000,0.29113242,0.37316684
515.40000000,5.12637000,2.17830000,0.29125344,0.37332192
515.60000000,5.12612000,2.03881000,0.29137058,0.37346708
515.80000000,5.12625000,2.07769000,0.29148493,0.37361510
516.00000000,5.12950000,1.99788000,0.29159814,0.37375744
516.20000000,5.12950000,1.99788000,0.29170913,0.37389962
516.40000000,5.12400000,2.17363000,0.29182501,0.37405437
516.60000000,5.12600000,1.96886000,0.29194008,0.37419464
516.80000000,5.12937000,2.16832000,0.29205500,0.37434897
517.00000000,5.12462000,2.00825000,0.29217101,0.37449191
517.20000000,5.12462000,2.00825000,0.29228258,0.37463494
517.40000000,5.12825000,2.06876000,0.29239583,0.37478219
517.60000000,5.12450000,2.14006000,0.29251275,0.37493458
517.80000000,5.12712000,2.07881000,0.29262994,0.37508261
518.00000000,5.12712000,2.07881000,0.29274543,0.37523056
518.20000000,5.12437000,1.90252000,0.29285602,0.37536602
518.40000000,5.12637000,2.01536000,0.29296485,0.37550960
518.60000000,5.12925000,2.02531000,0.29307709,0.37565373
518.80000000,5.12387000,2.14960000,0.29319306,0.37580670
519.00000000,5.12387000,2.14960000,0.29331248,0.37595976
519.20000000,5.12662000,1.95910000,0.29342661,0.37609929
519.40000000,5.12787000,2.05721000,0.29353818,0.37624575
519.60000000,5.12612000,2.13465000,0.29365462,0.37639773
519.80000000,5.12612000,1.85984000,0.29376557,0.37653015
520.00000000,5.12612000,1.85984000,0.29386890,0.37666256
520.20000000,5.12612000,2.15913000,0.29398054,0.37681624
520.40000000,5.12487000,2.02288000,0.29409670,0.37696026
520.60000000,5.12587000,2.15865000,0.29421286,0.37711394
520.80000000,5.12587000,2.15865000,0.29433278,0.37726762
521.00000000,5.12600000,2.00755000,0.29444851,0.37741056
521.20000000,5.12625000,2.15104000,0.29456403,0.37756376
521.40000000,5.12800000,2.01472000,0.29467974,0.37770725
521.60000000,5.12400000,2.02326000,0.29479191,0.37785124
521.80000000,5.12400000,2.02326000,0.29490431,0.37799529
522.00000000,5.12625000,2.01411000,0.29501646,0.37813863
522.20000000,5.12425000,1.99148000,0.29512773,0.37828043
522.40000000,5.12662000,1.96912000,0.29523774,0.37842064
522.60000000,5.12662000,1.96912000,0.29534714,0.37856092
522.80000000,5.12925000,2.03308000,0.29545831,0.37870560
523.00000000,5.12362000,1.95984000,0.29556923,0.37884514
523.20000000,5.12662000,2.12646000,0.29568273,0.37899655
523.40000000,5.12662000,2.12646000,0.29580087,0.37914792
523.60000000,5.12512000,1.96022000,0.29591439,0.37928758
523.80000000,5.12962000,2.12476000,0.29602786,0.37943878
524.00000000,5.12387000,2.00025000,0.29614244,0.37958113
524.20000000,5.12450000,1.82784000,0.29624878,0.37971123
524.40000000,5.12450000,1.82784000,0.29635033,0.37984136
524.60000000,5.12625000,2.18211000,0.29646171,0.37999667
524.80000000,5.12437000,1.90060000,0.29657512,0.38013197
525.00000000,5.12562000,2.10163000,0.29668630,0.38028158
525.20000000,5.12562000,2.10163000,0.29680305,0.38043124
525.40000000,5.12712000,2.00547000,0.29691714,0.38057400
525.60000000,5.12512000,2.04451000,0.29702964,0.38071953
525.80000000,5.12512000,1.92016000,0.29713977,0.38085621
526.00000000,5.12512000,1.92016000,0.29724644,0.38099298
526.20000000,5.12862000,2.00105000,0.29735537,0.38113539
526.40000000,5.12400000,2.17337000,0.29747132,0.38129011
526.60000000,5.12562000,1.95664000,0.29758605,0.38142943
526.80000000,5.12675000,2.04124000,0.29769710,0.38157478
527.00000000,5.12675000,2.04124000,0.29781050,0.38172013
527.20000000,5.12700000,2.02851000,0.29792355,0.38186465
527.40000000,5.12950000,1.98624000,0.29803507,0.38200599
527.60000000,5.12350000,1.91388000,0.29814341,0.38214218
527.80000000,5.12350000,1.91388000,0.29824973,0.38227846
528.00000000,5.12675000,2.09203000,0.29836101,0.38242741
528.20000000,5.12637000,2.01750000,0.29847516,0.38257116
528.40000000,5.12987000,2.05126000,0.29858818,0.38271709
528.60000000,5.12250000,1.95644000,0.29869951,0.38285629
528.80000000,5.12250000,1.95644000,0.29880820,0.38299570
529.00000000,5.13062000,2.15200000,0.29892232,0.38314887
529.20000000,5.12462000,2.03046000,0.29903850,0.38329352
529.40000000,5.12937000,2.06393000,0.29915223,0.38344039
529.60000000,5.12337000,2.04758000,0.29926644,0.38358609
529.80000000,5.12337000,2.04758000,0.29938020,0.38373189
530.00000000,5.12675000,1.93865000,0.29949093,0.38386998
530.20000000,5.12875000,1.97382000,0.29959961,0.38401043
530.40000000,5.12312000,2.03923000,0.29971108,0.38415553
530.60000000,5.12312000,2.03923000,0.29982437,0.38430076
530.80000000,5.12775000,1.98899000,0.29993627,0.38444249
531.00000000,5.13050000,2.07321000,0.30004910,0.38459006
531.20000000,5.12500000,1.91910000,0.30016000,0.38472666
531.40000000,5.12500000,1.87862000,0.30026549,0.38486038
531.60000000,5.12500000,1.87862000,0.30036986,0.38499416
531.80000000,5.12725000,2.00313000,0.30047769,0.38513681
532.00000000,5.12737000,1.91120000,0.30058642,0.38527291
532.20000000,5.12725000,2.14393000,0.30069906,0.38542559
532.40000000,5.12725000,2.14393000,0.30081817,0.38557824
532.60000000,5.12650000,1.94966000,0.30093188,0.38571711
532.80000000,5.12850000,2.14057000,0.30104550,0.38586943
533.00000000,5.12325000,1.94016000,0.30115885,0.38600757
533.20000000,5.12662000,1.97203000,0.30126752,0.38614799
533.40000000,5.12662000,1.97203000,0.30137708,0.38628841
533.60000000,5.12712000,1.94115000,0.30148578,0.38642661
533.80000000,5.12600000,1.83500000,0.30159067,0.38655727
534.00000000,5.12675000,2.09955000,0.30169997,0.38670677
534.20000000,5.12625000,1.96544000,0.30181288,0.38684671
534.40000000,5.12625000,1.96544000,0.30192207,0.38698665
534.60000000,5.12637000,2.04060000,0.30203335,0.38713191
534.80000000,5.12562000,1.89638000,0.30214271,0.38726693
535.00000000,5.12612000,1.97958000,0.30225038,0.38740787
535.20000000,5.12612000,1.97958000,0.30236036,0.38754879
535.40000000,5.12550000,1.95395000,0.30246962,0.38768790
535.60000000,5.12587000,1.98748000,0.30257910,0.38782943
535.80000000,5.12725000,1.99056000,0.30268961,0.38797118
536.00000000,5.12625000,2.02473000,0.30280114,0.38811534
536.20000000,5.12625000,2.02473000,0.30291363,0.38825951
536.40000000,5.12700000,2.13334000,0.30302913,0.38841143
536.60000000,5.12712000,1.96940000,0.30314309,0.38855167
536.80000000,5.12462000,2.04467000,0.30325459,0.38869720
537.00000000,5.12462000,2.04467000,0.30336819,0.38884276
537.20000000,5.12587000,1.97817000,0.30347993,0.38898355
537.40000000,5.12425000,1.95926000,0.30358931,0.38912300
537.60000000,5.12437000,1.94928000,0.30369788,0.38926173
537.80000000,5.12650000,1.94371000,0.30380602,0.38940012
538.00000000,5.12650000,1.94371000,0.30391400,0.38953854
538.20000000,5.12725000,2.02867000,0.30402434,0.38968293
538.40000000,5.12450000,1.93564000,0.30413446,0.38982069
538.60000000,5.12450000,2.18361000,0.30424889,0.38997611
538.80000000,5.12450000,2.18361000,0.30437020,0.39013152
539.00000000,5.12425000,1.92867000,0.30448443,0.39026888
539.20000000,5.12800000,2.07667000,0.30459569,0.39041680
539.40000000,5.12862000,1.95132000,0.30470758,0.39055580
539.60000000,5.12862000,1.95132000,0.30481598,0.39069468
539.80000000,5.12450000,2.05395000,0.30492724,0.39084093
540.00000000,5.12662000,1.99142000,0.30503961,0.39098276
540.20000000,5.12787000,2.13964000,0.30515436,0.39113514
540.40000000,5.12787000,2.13964000,0.30527323,0.39128747
540.60000000,5.12600000,2.16592000,0.30539283,0.39144171
540.80000000,5.12700000,2.11168000,0.30551165,0.39159201
541.00000000,5.12487000,1.95769000,0.30562469,0.39173143
541.20000000,5.12737000,2.10288000,0.30573749,0.39188118
541.40000000,5.12737000,2.10288000,0.30585431,0.39203102
541.60000000,5.13025000,2.05529000,0.30596982,0.39217731
541.80000000,5.12487000,1.97814000,0.30608186,0.39231808
542.00000000,5.12362000,1.97113000,0.30619156,0.39245835
542.20000000,5.12575000,2.03673000,0.30630289,0.39260334
542.40000000,5.12575000,2.03673000,0.30641604,0.39274837
542.60000000,5.12700000,2.20272000,0.30653380,0.39290526
542.80000000,5.12812000,2.02035000,0.30665111,0.39304900
543.00000000,5.12237000,1.84137000,0.30675838,0.39318000
543.20000000,5.12237000,1.84137000,0.30686068,0.39331117
543.40000000,5.12887000,2.10928000,0.30697042,0.39346134
543.60000000,5.12600000,2.02355000,0.30708522,0.39360543
543.80000000,5.12712000,2.16899000,0.30720168,0.39375987
544.00000000,5.12637000,1.99542000,0.30731736,0.39390194
544.20000000,5.12637000,1.99542000,0.30742821,0.39404400
544.40000000,5.12612000,2.02246000,0.30753982,0.39418798
544.60000000,5.12562000,2.06713000,0.30765342,0.39433508
544.80000000,5.12350000,1.98979000,0.30776611,0.39447667
545.00000000,5.12350000,1.98979000,0.30787666,0.39461839
545.20000000,5.12800000,1.84515000,0.30798318,0.39474973
545.40000000,5.12500000,2.10604000,0.30809294,0.39489965
545.60000000,5.12550000,2.05600000,0.30820855,0.39504603
545.80000000,5.12625000,2.06444000,0.30832301,0.39519302
546.00000000,5.12625000,2.06444000,0.30843770,0.39534000
546.20000000,5.12612000,1.99625000,0.30855049,0.39548218
546.40000000,5.12825000,2.10998000,0.30866456,0.39563236
546.60000000,5.12462000,2.13836000,0.30878257,0.39578456
546.80000000,5.12462000,2.13836000,0.30890136,0.39593685
547.00000000,5.12787000,2.07548000,0.30901842,0.39608462
547.20000000,5.12625000,2.13340000,0.30913533,0.39623651
547.40000000,5.12600000,1.92752000,0.30924813,0.39637382
547.60000000,5.12900000,2.00604000,0.30935740,0.39651672
547.80000000,5.12900000,2.00604000,0.30946884,0.39665947
548.00000000,5.12350000,2.10729000,0.30958310,0.39680953
548.20000000,5.12712000,2.03043000,0.30969804,0.39695404
548.40000000,5.12425000,2.14672000,0.30981407,0.39710682
548.60000000,5.12425000,2.14672000,0.30993333,0.39725964
548.80000000,5.12562000,1.97171000,0.31004773,0.39740006
549.00000000,5.12762000,2.11840000,0.31016135,0.39755094
549.20000000,5.12812000,2.18176000,0.31028080,0.39770627
549.40000000,5.12587000,1.98825000,0.31039663,0.39784782
549.60000000,5.12587000,1.98825000,0.31050709,0.39798940
549.80000000,5.12712000,2.03289000,0.31061879,0.39813408
550.00000000,5.12437000,1.92441000,0.31072871,0.39827113
550.20000000,5.12737000,2.04880000,0.31083908,0.39841703
550.40000000,5.12500000,2.01769000,0.31095204,0.39856065
550.60000000,5.12500000,2.01769000,0.31106413,0.39870428
550.80000000,5.12525000,2.00220000,0.31117580,0.39884679
551.00000000,5.12500000,1.97286000,0.31128621,0.39898721
551.20000000,5.12462000,1.85792000,0.31139262,0.39911945
551.40000000,5.12462000,1.85792000,0.31149584,0.39925178
551.60000000,5.12825000,2.00675000,0.31160319,0.39939467
551.80000000,5.12650000,2.01494000,0.31171491,0.39953808
552.00000000,5.12462000,2.05180000,0.31182787,0.39968412
552.20000000,5.12462000,2.05180000,0.31194186,0.39983020
552.40000000,5.12625000,2.06976000,0.31205635,0.39997755
552.60000000,5.12575000,2.12140000,0.31217277,0.40012869
552.80000000,5.12962000,2.20028000,0.31229282,0.40028545
553.00000000,5.12687000,1.98336000,0.31240903,0.40042668
553.20000000,5.12687000,1.98336000,0.31251922,0.40056781
553.40000000,5.12350000,2.01846000,0.31263038,0.40071155
553.60000000,5.12725000,1.97132000,0.31274121,0.40085193
553.80000000,5.12725000,1.99142000,0.31285128,0.40099374
554.00000000,5.12725000,1.99142000,0.31296192,0.40113557
554.20000000,5.12775000,2.19299000,0.31307815,0.40129169
554.40000000,5.12562000,1.96540000,0.31319366,0.40143157
554.60000000,5.12462000,1.93484000,0.31330200,0.40156929
554.80000000,5.12462000,1.93484000,0.31340949,0.40170708
555.00000000,5.12775000,1.95174000,0.31351745,0.40184605
555.20000000,5.12650000,2.05670000,0.31362880,0.40199240
555.40000000,5.12325000,2.05923000,0.31374313,0.40213910
555.60000000,5.12937000,2.02041000,0.31385645,0.40228304
555.80000000,5.12937000,2.02041000,0.31396870,0.40242689
556.00000000,5.12637000,2.02377000,0.31408104,0.40257086
556.20000000,5.12200000,1.92406000,0.31419070,0.40270788
556.40000000,5.12762000,1.99116000,0.31429945,0.40284969
556.60000000,5.12762000,2.11993000,0.31441365,0.40300066
556.80000000,5.12762000,2.11993000,0.31453142,0.40315164
557.00000000,5.12762000,2.02816000,0.31464665,0.40329597
557.20000000,5.12387000,1.93424000,0.31475672,0.40343372
557.40000000,5.12750000,2.03667000,0.31486702,0.40357876
557.60000000,5.12750000,2.03667000,0.31498017,0.40372367
557.80000000,5.12287000,1.96832000,0.31509142,0.40386380
558.00000000,5.12600000,1.96275000,0.31520061,0.40400358
558.20000000,5.12750000,2.11308000,0.31531383,0.40415403
558.40000000,5.12625000,1.95084000,0.31542672,0.40429293
558.60000000,5.12625000,1.95084000,0.31553510,0.40443174
558.80000000,5.12325000,1.88729000,0.31564171,0.40456614
559.00000000,5.12725000,2.01200000,0.31575003,0.40470943
559.20000000,5.12775000,2.08326000,0.31586378,0.40485780
559.40000000,5.12775000,2.08326000,0.31597952,0.40500606
559.60000000,5.12425000,1.90252000,0.31609024,0.40514156
559.80000000,5.12800000,2.12201000,0.31620203,0.40529262
560.00000000,5.12525000,1.95619000,0.31631531,0.40543185
560.20000000,5.12462000,2.03020000,0.31642604,0.40557635
560.40000000,5.12462000,2.03020000,0.31653883,0.40572091
560.60000000,5.12662000,2.04300000,0.31665198,0.40586640
560.80000000,5.12737000,2.12316000,0.31676770,0.40601760
561.00000000,5.12750000,2.04339000,0.31688344,0.40616312
561.20000000,5.12750000,2.04339000,0.31699696,0.40630862
561.40000000,5.12687000,2.04579000,0.31711055,0.40645428
561.60000000,5.12637000,2.10764000,0.31722593,0.40660436
561.80000000,5.12700000,1.95792000,0.31733886,0.40674382
562.00000000,5.12837000,2.08992000,0.31745130,0.40689268
562.20000000,5.12837000,2.08992000,0.31756740,0.40704135
562.40000000,5.12200000,1.83417000,0.31767641,0.40717195
562.60000000,5.12650000,2.01952000,0.31778345,0.40731571
562.80000000,5.12537000,1.92886000,0.31789313,0.40745305
563.00000000,5.12675000,1.91350000,0.31799986,0.40758930
563.20000000,5.12675000,1.91350000,0.31810617,0.40772559
563.40000000,5.12825000,2.03644000,0.31821589,0.40787056
563.60000000,5.12550000,1.94688000,0.31832654,0.40800914
563.80000000,5.12487000,2.09318000,0.31843876,0.40815813
564.00000000,5.12487000,2.09318000,0.31855505,0.40830724
564.20000000,5.12912000,2.00425000,0.31866887,0.40844989
564.40000000,5.12437000,2.04313000,0.31878129,0.40859542
564.60000000,5.12850000,1.98288000,0.31889313,0.40873666
564.80000000,5.12850000,1.98288000,0.31900329,0.40887777
565.00000000,5.12375000,1.92796000,0.31911192,0.40901505
565.20000000,5.12687000,2.00528000,0.31922118,0.40915781
565.40000000,5.12587000,2.02217000,0.31933305,0.40930177
565.60000000,5.12412000,1.93558000,0.31944299,0.40943953
565.80000000,5.12412000,1.93558000,0.31955052,0.40957734
566.00000000,5.12637000,1.91590000,0.31965751,0.40971377
566.20000000,5.12725000,2.17228000,0.31977107,0.40986844
566.40000000,5.12650000,1.87372000,0.31988346,0.41000185
566.60000000,5.12650000,1.87372000,0.31998755,0.41013527
566.80000000,5.12675000,1.96441000,0.32009417,0.41027512
567.00000000,5.12587000,1.97417000,0.32020357,0.41041567
567.20000000,5.12575000,2.06185000,0.32031568,0.41056245
567.40000000,5.12575000,2.06185000,0.32043023,0.41070922
567.60000000,5.12512000,1.98310000,0.32054259,0.41085046
567.80000000,5.12800000,2.06793000,0.32065512,0.41099767
568.00000000,5.12562000,1.90438000,0.32076546,0.41113326
568.20000000,5.12612000,1.94233000,0.32087231,0.41127154
568.40000000,5.12612000,1.94233000,0.32098022,0.41140981
568.60000000,5.12537000,1.94416000,0.32108818,0.41154831
568.80000000,5.12900000,2.03043000,0.32119858,0.41169284
569.00000000,5.12537000,2.02502000,0.32131124,0.41183700
569.20000000,5.12537000,2.02502000,0.32142374,0.41198108
569.40000000,5.12287000,2.03692000,0.32153657,0.41212606
569.60000000,5.12487000,1.95024000,0.32164732,0.41226494
569.80000000,5.12700000,1.95868000,0.32175590,0.41240445
570.00000000,5.12862000,2.05126000,0.32186729,0.41255057
570.20000000,5.12862000,2.05126000,0.32198125,0.41269668
570.40000000,5.12862000,1.91641000,0.32209146,0.41283306
570.60000000,5.12375000,1.90995000,0.32219775,0.41296899
570.80000000,5.12437000,1.94729000,0.32230490,0.41310763
571.00000000,5.12600000,2.05510000,0.32241607,0.41325394
571.20000000,5.12600000,2.05510000,0.32253025,0.41340031
571.40000000,5.12787000,2.13788000,0.32264672,0.41355251
571.60000000,5.12600000,1.91747000,0.32275937,0.41368897
571.80000000,5.12387000,1.98214000,0.32286769,0.41383003
572.00000000,5.12387000,1.98214000,0.32297781,0.41397111
572.20000000,5.12462000,1.92588000,0.32308636,0.41410822
572.40000000,5.12600000,1.94841000,0.32319398,0.41424693
572.60000000,5.12587000,2.00192000,0.32330371,0.41438946
572.80000000,5.12600000,2.10377000,0.32341776,0.41453923
573.00000000,5.12600000,2.10377000,0.32353464,0.41468900
573.20000000,5.12575000,1.97091000,0.32364782,0.41482934
573.40000000,5.12662000,2.00828000,0.32375836,0.41497242
573.60000000,5.12975000,2.03673000,0.32387072,0.41511753
573.80000000,5.12975000,2.03673000,0.32398387,0.41526246
574.00000000,5.12350000,1.96147000,0.32409493,0.41540214
574.20000000,5.12700000,1.95449000,0.32420371,0.41554126
574.40000000,5.12525000,2.04016000,0.32431467,0.41568649
574.60000000,5.12650000,1.86137000,0.32442305,0.41581902
574.80000000,5.12650000,1.86137000,0.32452645,0.41595149
575.00000000,5.12400000,2.11532000,0.32463692,0.41610207
575.20000000,5.12537000,1.99177000,0.32475100,0.41624391
575.40000000,5.12737000,2.01801000,0.32486239,0.41638762
575.60000000,5.12737000,2.01801000,0.32497450,0.41653126
575.80000000,5.12487000,2.13126000,0.32508976,0.41668307
576.00000000,5.12837000,1.82352000,0.32519961,0.41681286
576.20000000,5.12475000,2.04758000,0.32530714,0.41695865
576.40000000,5.12662000,2.09017000,0.32542208,0.41710748
576.60000000,5.12662000,2.09017000,0.32553820,0.41725624
576.80000000,5.12437000,1.79299000,0.32564607,0.41738382
577.00000000,5.12312000,1.92217000,0.32574926,0.41752065
577.20000000,5.12550000,2.01123000,0.32585853,0.41766383
577.40000000,5.12550000,2.01123000,0.32597026,0.41780704
577.60000000,5.12687000,2.11811000,0.32608496,0.41795781
577.80000000,5.12512000,1.97734000,0.32619873,0.41809859
578.00000000,5.12612000,1.98595000,0.32630882,0.41823998
578.20000000,5.12825000,2.02531000,0.32642024,0.41838424
578.40000000,5.12825000,2.02531000,0.32653276,0.41852833
578.60000000,5.12237000,2.00864000,0.32664481,0.41867132
578.80000000,5.12550000,2.14691000,0.32676025,0.41882419
579.00000000,5.12687000,1.93600000,0.32687366,0.41896205
579.20000000,5.12687000,1.93600000,0.32698122,0.41909984
579.40000000,5.12475000,1.95065000,0.32708918,0.41923869
579.60000000,5.12475000,1.99958000,0.32719891,0.41938100
579.80000000,5.12450000,1.95564000,0.32730877,0.41952019
580.00000000,5.12450000,1.95564000,0.32741742,0.41965942
580.20000000,5.12575000,2.14659000,0.32753137,0.41981226
580.40000000,5.12650000,1.99145000,0.32764632,0.41995404
580.60000000,5.12612000,2.14000000,0.32776108,0.42010635
580.80000000,5.12437000,1.98476000,0.32787566,0.42024761
581.00000000,5.12437000,1.98476000,0.32798592,0.42038897
581.20000000,5.12800000,1.92544000,0.32809454,0.42052603
581.40000000,5.12537000,2.17094000,0.32820833,0.42068058
581.60000000,5.12562000,1.94076000,0.32832254,0.42081874
581.80000000,5.12562000,1.94076000,0.32843036,0.42095690
582.00000000,5.12562000,1.98777000,0.32853948,0.42109844
582.20000000,5.12662000,1.95920000,0.32864912,0.42123792
582.40000000,5.12600000,2.09148000,0.32876164,0.42138677
582.60000000,5.12425000,1.96537000,0.32887433,0.42152665
582.80000000,5.12425000,1.96537000,0.32898352,0.42166660
583.00000000,5.12712000,2.08224000,0.32909595,0.42181494
583.20000000,5.12925000,2.15209000,0.32921357,0.42196820
583.40000000,5.12750000,1.97526000,0.32932822,0.42210887
583.60000000,5.12750000,1.97526000,0.32943796,0.42224948
583.80000000,5.12537000,2.10636000,0.32955134,0.42239938
584.00000000,5.12387000,1.86016000,0.32966152,0.42253179
584.20000000,5.12537000,1.84380000,0.32976441,0.42266305
584.40000000,5.12550000,1.97430000,0.32987046,0.42280360
584.60000000,5.12550000,1.97430000,0.32998015,0.42294413
584.80000000,5.12500000,1.88083000,0.33008723,0.42307806
585.00000000,5.12712000,2.02601000,0.33019576,0.42322225
585.20000000,5.12425000,1.97635000,0.33030693,0.42336291
585.40000000,5.12425000,1.97635000,0.33041673,0.42350364
585.60000000,5.12687000,2.04864000,0.33052854,0.42364945
585.80000000,5.12450000,1.91881000,0.33063874,0.42378608
586.00000000,5.12700000,2.06019000,0.33074927,0.42393279
586.20000000,5.12787000,1.92921000,0.33086009,0.42407018
586.40000000,5.12787000,1.92921000,0.33096727,0.42420749
586.60000000,5.12425000,1.96195000,0.33107535,0.42434717
586.80000000,5.12600000,2.00761000,0.33118562,0.42449015
587.00000000,5.12775000,2.02704000,0.33129769,0.42463451
587.20000000,5.12775000,2.02704000,0.33141031,0.42477878
587.40000000,5.12437000,2.03315000,0.33152309,0.42492353
587.60000000,5.12625000,1.98227000,0.33163463,0.42506471
587.80000000,5.12787000,2.15043000,0.33174943,0.42521787
588.00000000,5.12575000,2.02460000,0.33186540,0.42536200
588.20000000,5.12575000,2.02460000,0.33197788,0.42550613
588.40000000,5.12575000,1.97443000,0.33208896,0.42564677
588.60000000,5.12850000,2.10339000,0.33220223,0.42579654
588.80000000,5.12662000,2.08905000,0.33231869,0.42594528
589.00000000,5.12662000,2.08905000,0.33243475,0.42609397
589.20000000,5.12462000,2.06393000,0.33255011,0.42624097
589.40000000,5.12800000,1.99360000,0.33266282,0.42638289
589.60000000,5.12537000,2.00060000,0.33277377,0.42652530
589.80000000,5.12250000,1.94860000,0.33288347,0.42666394
590.00000000,5.12250000,1.94860000,0.33299172,0.42680267
590.20000000,5.12612000,2.15808000,0.33310580,0.42695631
590.40000000,5.12587000,1.96185000,0.33322024,0.42709598
590.60000000,5.12662000,2.00160000,0.33333034,0.42723850
590.80000000,5.12662000,2.00160000,0.33344154,0.42738107
591.00000000,5.12850000,2.16787000,0.33355736,0.42753542
591.20000000,5.12625000,2.05891000,0.33367477,0.42768199
591.40000000,5.12575000,1.97817000,0.33378691,0.42782282
591.60000000,5.12575000,1.97817000,0.33389681,0.42796365
591.80000000,5.12587000,2.12876000,0.33401089,0.42811522
592.00000000,5.12637000,2.13936000,0.33412945,0.42826749
592.20000000,5.12462000,1.91241000,0.33424200,0.42840363
592.40000000,5.12562000,2.01552000,0.33435110,0.42854711
592.60000000,5.12562000,2.01552000,0.33446308,0.42869066
592.80000000,5.12800000,1.87782000,0.33457123,0.42882423
593.00000000,5.12112000,1.85673000,0.33467496,0.42895642
593.20000000,5.12625000,2.13619000,0.33478588,0.42910851
593.40000000,5.12625000,2.13619000,0.33490456,0.42926063
593.60000000,5.12687000,1.94675000,0.33501797,0.42939921
593.80000000,5.12550000,1.97036000,0.33512678,0.42953948
594.00000000,5.12575000,2.13728000,0.33524088,0.42969165
594.20000000,5.12625000,2.00876000,0.33535605,0.42983467
594.40000000,5.12625000,2.00876000,0.33546765,0.42997773
594.60000000,5.12750000,1.97852000,0.33557840,0.43011860
594.80000000,5.12637000,1.97222000,0.33568815,0.43025900
595.00000000,5.12575000,2.08931000,0.33580097,0.43040774
595.20000000,5.12575000,2.08931000,0.33591704,0.43055655
595.40000000,5.12812000,2.03574000,0.33603162,0.43070147
595.60000000,5.12550000,1.99881000,0.33614369,0.43084367
595.80000000,5.12225000,2.04448000,0.33625601,0.43098920
596.00000000,5.12525000,1.96803000,0.33636747,0.43112929
596.20000000,5.12525000,1.96803000,0.33647680,0.43126946
596.40000000,5.12787000,1.98182000,0.33658652,0.43141049
596.60000000,5.12387000,1.86755000,0.33669345,0.43154340
596.80000000,5.12400000,2.12576000,0.33680437,0.43169476
597.00000000,5.12662000,1.98467000,0.33691855,0.43183608
597.20000000,5.12662000,1.98467000,0.33702881,0.43197737
597.40000000,5.12600000,2.10944000,0.33714254,0.43212758
597.60000000,5.12687000,2.01798000,0.33725719,0.43227125
597.80000000,5.12600000,2.00441000,0.33736892,0.43241395
598.00000000,5.12600000,2.00441000,0.33748028,0.43255672
598.20000000,5.12825000,2.01574000,0.33759195,0.43270018
598.40000000,5.12425000,2.07948000,0.33770570,0.43284826
598.60000000,5.12737000,2.06729000,0.33782089,0.43299534
598.80000000,5.12250000,1.92838000,0.33793188,0.43313254
599.00000000,5.12250000,1.92838000,0.33803901,0.43326984
599.20000000,5.12650000,2.04467000,0.33814938,0.43341544
599.40000000,5.12712000,2.09465000,0.33826436,0.43356453
599.60000000,5.12462000,1.96364000,0.33837709,0.43370429
599.80000000,5.12462000,1.96364000,0.33848618,0.43384414
600.00000000,5.12762000,2.01792000,0.33859678,0.43398785
600.20000000,5.12762000,2.06755000,0.33871026,0.43413513
600.40000000,5.12875000,2.05222000,0.33882470,0.43428115
600.60000000,5.12325000,2.00499000,0.33893740,0.43442382
600.80000000,5.12325000,2.00499000,0.33904879,0.43456653
601.00000000,5.12487000,1.96678000,0.33915912,0.43470658
601.20000000,5.12687000,1.96352000,0.33926829,0.43484646
601.40000000,5.12900000,2.02364000,0.33937905,0.43499061
601.60000000,5.12437000,1.88700000,0.33948767,0.43512491
601.80000000,5.12437000,1.88700000,0.33959251,0.43525925
602.00000000,5.12562000,2.16531000,0.33970507,0.43541333
602.20000000,5.12337000,1.88588000,0.33981760,0.43554752
602.40000000,5.12725000,1.92716000,0.33992352,0.43568476
602.60000000,5.12725000,1.92716000,0.34003059,0.43582198
602.80000000,5.12662000,2.12166000,0.34014305,0.43597302
603.00000000,5.12587000,2.09868000,0.34026029,0.43612243
603.20000000,5.12387000,1.94428000,0.34037259,0.43626080
603.40000000,5.12387000,1.94428000,0.34048061,0.43639923
603.60000000,5.12637000,1.81014000,0.34058490,0.43652803
603.80000000,5.12325000,2.04016000,0.34069185,0.43667327
604.00000000,5.12562000,1.90048000,0.34080131,0.43680856
604.20000000,5.12487000,1.92982000,0.34090771,0.43694593
604.40000000,5.12487000,1.92982000,0.34101492,0.43708335
604.60000000,5.12725000,2.01731000,0.34112456,0.43722691
604.80000000,5.12375000,2.04057000,0.34123728,0.43737220
605.00000000,5.12650000,1.96691000,0.34134860,0.43751225
605.20000000,5.12650000,1.96691000,0.34145787,0.43765224
605.40000000,5.12462000,1.92268000,0.34156592,0.43778906
605.60000000,5.12362000,2.03312000,0.34167580,0.43793378
605.80000000,5.12475000,1.94508000,0.34178631,0.43807222
606.00000000,5.12475000,1.94508000,0.34189437,0.43821070
606.20000000,5.12612000,1.93878000,0.34200225,0.43834880
606.40000000,5.12850000,1.95417000,0.34211039,0.43848782
606.60000000,5.12187000,1.91017000,0.34221773,0.43862384
606.80000000,5.12700000,1.96764000,0.34232545,0.43876395
607.00000000,5.12700000,1.96764000,0.34243476,0.43890406
607.20000000,5.12687000,1.98265000,0.34254449,0.43904519
607.40000000,5.12525000,2.10624000,0.34265807,0.43919518
607.60000000,5.12725000,2.11344000,0.34277529,0.43934568
607.80000000,5.12725000,2.11344000,0.34289270,0.43949619
608.00000000,5.12737000,2.09568000,0.34300962,0.43964543
608.20000000,5.12737000,1.97427000,0.34312267,0.43978605
608.40000000,5.12825000,1.86297000,0.34322926,0.43991860
608.60000000,5.12300000,1.93616000,0.34333479,0.44005636
608.80000000,5.12300000,1.93616000,0.34344236,0.44019424
609.00000000,5.12737000,1.88803000,0.34354859,0.44032870
609.20000000,5.12762000,1.98662000,0.34365622,0.44047006
609.40000000,5.12300000,1.93289000,0.34376509,0.44060759
609.60000000,5.12300000,1.93289000,0.34387247,0.44074513
609.80000000,5.12350000,1.92291000,0.34397958,0.44088208
610.00000000,5.12775000,2.12694000,0.34409208,0.44103349
610.20000000,5.12550000,1.88131000,0.34420342,0.44116739
610.40000000,5.12450000,1.88083000,0.34430792,0.44130126
610.60000000,5.12450000,1.88083000,0.34441241,0.44143515
610.80000000,5.12575000,1.91353000,0.34451781,0.44157138
611.00000000,5.12587000,2.02563000,0.34462723,0.44171562
611.20000000,5.12687000,1.94665000,0.34473757,0.44185424
611.40000000,5.12687000,1.94665000,0.34484572,0.44199281
611.60000000,5.12525000,1.97331000,0.34495461,0.44213321
611.80000000,5.12275000,2.00134000,0.34506501,0.44227573
612.00000000,5.12737000,1.94646000,0.34517467,0.44241434
612.20000000,5.12375000,2.07881000,0.34528649,0.44256228
612.40000000,5.12375000,2.07881000,0.34540198,0.44271022
612.60000000,5.12387000,1.84934000,0.34551109,0.44284185
612.80000000,5.12475000,1.98732000,0.34561767,0.44298342
613.00000000,5.12925000,2.13779000,0.34573225,0.44313572
613.20000000,5.12925000,2.13779000,0.34585102,0.44328786
613.40000000,5.12412000,1.99292000,0.34596576,0.44342973
613.60000000,5.12537000,1.93142000,0.34607477,0.44356721
613.80000000,5.12500000,1.91600000,0.34618164,0.44370359
614.00000000,5.12775000,1.93884000,0.34628872,0.44384167
614.20000000,5.12775000,1.93884000,0.34639643,0.44397959
614.40000000,5.12175000,2.09436000,0.34650847,0.44412870
614.60000000,5.12612000,1.83123000,0.34661751,0.44425908
614.80000000,5.12525000,1.89564000,0.34672104,0.44439402
615.00000000,5.12525000,1.89564000,0.34682635,0.44452900
615.20000000,5.12687000,1.89392000,0.34693162,0.44466381
615.40000000,5.12512000,2.14348000,0.34704377,0.44481646
615.60000000,5.12762000,1.92044000,0.34715665,0.44495323
615.80000000,5.12762000,1.92044000,0.34726334,0.44508983
616.00000000,5.12125000,1.98809000,0.34737191,0.44523136
616.20000000,5.12550000,1.91926000,0.34748045,0.44536795
616.40000000,5.12412000,2.10147000,0.34759214,0.44551762
616.60000000,5.12812000,1.82864000,0.34770131,0.44564787
616.80000000,5.12812000,1.82864000,0.34780290,0.44577799
617.00000000,5.12362000,2.03811000,0.34791031,0.44592315
617.20000000,5.12800000,1.98425000,0.34802204,0.44606438
617.40000000,5.12462000,2.10563000,0.34813565,0.44621425
617.60000000,5.12462000,2.10563000,0.34825263,0.44636413
617.80000000,5.12500000,1.96409000,0.34836568,0.44650387
618.00000000,5.12262000,1.83203000,0.34847112,0.44663430
618.20000000,5.12600000,2.00278000,0.34857765,0.44677692
618.40000000,5.12725000,1.95155000,0.34868749,0.44691590
618.60000000,5.12725000,1.95155000,0.34879591,0.44705478
618.80000000,5.12400000,2.03312000,0.34890659,0.44719958
619.00000000,5.12775000,2.13622000,0.34902241,0.44735168
619.20000000,5.12637000,2.00172000,0.34913735,0.44749420
619.40000000,5.12637000,2.00172000,0.34924856,0.44763672
619.60000000,5.12637000,2.11097000,0.34936280,0.44778700
619.80000000,5.12575000,2.07427000,0.34947906,0.44793464
620.00000000,5.12475000,1.94179000,0.34959061,0.44807288
620.20000000,5.12562000,2.01833000,0.34970062,0.44821656
620.40000000,5.12562000,2.01833000,0.34981275,0.44836022
620.60000000,5.12487000,2.06585000,0.34992619,0.44850732
620.80000000,5.12687000,1.93001000,0.35003719,0.44864474
621.00000000,5.12637000,2.10038000,0.35014915,0.44879429
621.20000000,5.12700000,2.11478000,0.35026623,0.44894488
621.40000000,5.12700000,2.11478000,0.35038372,0.44909538
621.60000000,5.12412000,1.88067000,0.35049471,0.44922928
621.80000000,5.12612000,2.11340000,0.35060565,0.44937978
622.00000000,5.12750000,2.12358000,0.35072335,0.44953102
622.20000000,5.12750000,2.12358000,0.35084132,0.44968223
622.40000000,5.12700000,2.06368000,0.35095764,0.44982925
622.60000000,5.12950000,2.05760000,0.35107212,0.44997573
622.80000000,5.12537000,1.97884000,0.35118424,0.45011660
623.00000000,5.12575000,2.03699000,0.35129579,0.45026162
623.20000000,5.12575000,2.03699000,0.35140896,0.45040663
623.40000000,5.12575000,2.10889000,0.35152412,0.45055677
623.60000000,5.12600000,2.14326000,0.35164224,0.45070935
623.80000000,5.12575000,1.87075000,0.35175374,0.45084253
624.00000000,5.12575000,1.87075000,0.35185767,0.45097562
624.20000000,5.12212000,2.00038000,0.35196520,0.45111806
624.40000000,5.12675000,2.10403000,0.35207921,0.45126788
624.60000000,5.12687000,2.11424000,0.35219638,0.45141833
624.80000000,5.12350000,1.97456000,0.35230996,0.45155884
625.00000000,5.12350000,1.97456000,0.35241966,0.45169945
625.20000000,5.12737000,2.13990000,0.35253395,0.45185182
625.40000000,5.12662000,1.92534000,0.35264687,0.45198883
625.60000000,5.12350000,2.08512000,0.35275827,0.45213720
625.80000000,5.12350000,2.08512000,0.35287411,0.45228563
626.00000000,5.12525000,1.96822000,0.35298671,0.45242589
626.20000000,5.13087000,2.11097000,0.35310002,0.45257618
626.40000000,5.12600000,2.02710000,0.35321496,0.45272050
626.60000000,5.12600000,2.02710000,0.35332758,0.45286483
626.80000000,5.12637000,1.94246000,0.35343785,0.45300307
627.00000000,5.12412000,2.09427000,0.35354998,0.45315223
627.20000000,5.12800000,2.13513000,0.35366746,0.45330429
627.40000000,5.12737000,2.09808000,0.35378505,0.45345371
627.60000000,5.12737000,2.09808000,0.35390161,0.45360311
627.80000000,5.12700000,1.97964000,0.35401488,0.45374415
628.00000000,5.12962000,2.05094000,0.35412684,0.45389014
628.20000000,5.12525000,2.02137000,0.35423996,0.45403403
628.40000000,5.12525000,2.02137000,0.35435226,0.45417796
628.60000000,5.12675000,2.16406000,0.35446852,0.45433206
628.80000000,5.12687000,1.95337000,0.35458289,0.45447109
629.00000000,5.12462000,1.99177000,0.35469248,0.45461285
629.20000000,5.12462000,1.99177000,0.35480313,0.45475474
629.40000000,5.12925000,2.13388000,0.35491774,0.45490664
629.60000000,5.12512000,2.02809000,0.35503335,0.45505111
629.80000000,5.12887000,2.06195000,0.35514696,0.45519785
630.00000000,5.12400000,1.89782000,0.35525695,0.45533291
630.20000000,5.12400000,1.89782000,0.35536239,0.45546805
630.40000000,5.12675000,2.13817000,0.35547450,0.45562030
630.60000000,5.12700000,2.13584000,0.35559322,0.45577245
630.80000000,5.12887000,2.05072000,0.35570951,0.45591839
631.00000000,5.12412000,2.00758000,0.35582224,0.45606127
631.20000000,5.12412000,2.00758000,0.35593378,0.45620423
631.40000000,5.12712000,2.09475000,0.35604773,0.45635329
631.60000000,5.12337000,2.02764000,0.35616224,0.45649770
631.80000000,5.12812000,2.07219000,0.35627612,0.45664529
632.00000000,5.12812000,2.07219000,0.35639125,0.45679279
632.20000000,5.12500000,2.08636000,0.35650676,0.45694136
632.40000000,5.12700000,2.08691000,0.35662269,0.45708991
632.60000000,5.12500000,1.98848000,0.35673589,0.45723149
632.80000000,5.12637000,2.04009000,0.35684780,0.45737674
633.00000000,5.12637000,2.04009000,0.35696113,0.45752203
633.20000000,5.12775000,2.08323000,0.35707567,0.45767035
633.40000000,5.12600000,1.89878000,0.35718628,0.45780554
633.60000000,5.12625000,2.00723000,0.35729478,0.45794845
633.80000000,5.12625000,2.00723000,0.35740630,0.45809140
634.00000000,5.12787000,2.09414000,0.35752022,0.45824053
634.20000000,5.12712000,2.02476000,0.35763464,0.45838465
634.40000000,5.12512000,2.02816000,0.35774722,0.45852901
634.60000000,5.12487000,2.05452000,0.35786063,0.45867525
634.80000000,5.12487000,2.05452000,0.35797477,0.45882146
635.00000000,5.12375000,1.97465000,0.35808669,0.45896208
635.20000000,5.12725000,2.07286000,0.35819912,0.45910970
635.40000000,5.12750000,2.08310000,0.35831456,0.45925804
635.60000000,5.12750000,2.08310000,0.35843029,0.45940630
635.80000000,5.12412000,1.95692000,0.35854251,0.45954567
636.00000000,5.12800000,2.15164000,0.35865664,0.45969883
636.20000000,5.12525000,2.01584000,0.35877240,0.45984236
636.40000000,5.12650000,1.92256000,0.35888180,0.45997925
636.60000000,5.12650000,1.92256000,0.35898861,0.46011611
636.80000000,5.12525000,1.93545000,0.35909578,0.46025388
637.00000000,5.12525000,2.12009000,0.35920843,0.46040482
637.20000000,5.12587000,2.00224000,0.35932294,0.46054736
637.40000000,5.12587000,2.00224000,0.35943418,0.46068990
637.60000000,5.12575000,1.98864000,0.35954503,0.46083156
637.80000000,5.12887000,2.15760000,0.35966021,0.46098516
638.00000000,5.12550000,1.94160000,0.35977407,0.46112337
638.20000000,5.12600000,2.10780000,0.35988656,0.46127344
638.40000000,5.12600000,2.10780000,0.36000366,0.46142356
638.60000000,5.12787000,2.00582000,0.36011792,0.46156643
638.80000000,5.12862000,2.13008000,0.36023281,0.46171808
639.00000000,5.12575000,1.99609000,0.36034743,0.46186018
639.20000000,5.12575000,1.99609000,0.36045832,0.46200241
639.40000000,5.13025000,2.04732000,0.36057064,0.46214819
639.60000000,5.12700000,2.02566000,0.36068378,0.46229236
639.80000000,5.12412000,1.98092000,0.36079507,0.46243333
640.00000000,5.12412000,1.98092000,0.36090512,0.46257437
640.20000000,5.12625000,2.12508000,0.36101918,0.46272567
640.40000000,5.12625000,1.94457000,0.36113222,0.46286417
640.60000000,5.12812000,2.14307000,0.36124577,0.46301673
640.80000000,5.12537000,1.98092000,0.36136032,0.46315774
641.00000000,5.12537000,1.98092000,0.36147037,0.46329880
641.20000000,5.12712000,1.94441000,0.36157941,0.46343728
641.40000000,5.12762000,2.11977000,0.36169230,0.46358818
641.60000000,5.12550000,2.05241000,0.36180820,0.46373429
641.80000000,5.12550000,2.05241000,0.36192222,0.46388051
642.00000000,5.12950000,1.98745000,0.36203444,0.46402190
642.20000000,5.12237000,1.96265000,0.36214416,0.46416162
642.40000000,5.12562000,2.11884000,0.36225754,0.46431250
642.60000000,5.12700000,2.09324000,0.36237454,0.46446156
642.80000000,5.12700000,2.09324000,0.36249083,0.46461060
643.00000000,5.12675000,1.93545000,0.36260274,0.46474839
643.20000000,5.12575000,1.98796000,0.36271172,0.46488994
643.40000000,5.12675000,1.98390000,0.36282205,0.46503121
643.60000000,5.12675000,1.98390000,0.36293227,0.46517247
643.80000000,5.12662000,2.07161000,0.36304492,0.46532000
644.00000000,5.12775000,1.95158000,0.36315668,0.46545891
644.20000000,5.12462000,2.11123000,0.36326953,0.46560922
644.40000000,5.12612000,2.06992000,0.36338568,0.46575659
644.60000000,5.12612000,2.06992000,0.36350067,0.46590401
644.80000000,5.12775000,2.12444000,0.36361718,0.46605523
645.00000000,5.12512000,2.04601000,0.36373303,0.46620081
645.20000000,5.12300000,1.93516000,0.36384362,0.46633850
645.40000000,5.12662000,2.06604000,0.36395476,0.46648561
645.60000000,5.12662000,2.06604000,0.36406954,0.46663269
645.80000000,5.12562000,1.93632000,0.36418072,0.46677056
646.00000000,5.12650000,2.03977000,0.36429116,0.46691575
646.20000000,5.12500000,1.98140000,0.36440286,0.46705679
646.40000000,5.12500000,1.98140000,0.36451294,0.46719785
646.60000000,5.12600000,1.95904000,0.36462240,0.46733731
646.80000000,5.12550000,1.97872000,0.36473178,0.46747830
647.00000000,5.13025000,2.12252000,0.36484570,0.46762938
647.20000000,5.12475000,1.97532000,0.36495953,0.46776997
647.40000000,5.12475000,1.97532000,0.36506927,0.46791064
647.60000000,5.12725000,1.99827000,0.36517965,0.46805296
647.80000000,5.12800000,2.11440000,0.36529389,0.46820353
648.00000000,5.12737000,2.03993000,0.36540929,0.46834880
648.20000000,5.12737000,2.03993000,0.36552262,0.46849400
648.40000000,5.12487000,2.00128000,0.36563487,0.46863648
648.60000000,5.12600000,2.16195000,0.36575052,0.46879042
648.80000000,5.12650000,1.98963000,0.36586584,0.46893210
649.00000000,5.12712000,1.93782000,0.36597494,0.46907009
649.20000000,5.12712000,1.93782000,0.36608259,0.46920798
649.40000000,5.12337000,2.16540000,0.36619657,0.46936216
649.60000000,5.12625000,2.11625000,0.36631551,0.46951290
649.80000000,5.12887000,2.16860000,0.36643453,0.46966738
650.00000000,5.12887000,2.16860000,0.36655501,0.46982177
650.20000000,5.12575000,1.97267000,0.36667004,0.46996221
650.40000000,5.12587000,1.98499000,0.36677998,0.47010352
650.60000000,5.12587000,2.12345000,0.36689410,0.47025470
650.80000000,5.12587000,2.12345000,0.36701207,0.47040596
651.00000000,5.12887000,1.98374000,0.36712616,0.47054716
651.20000000,5.12500000,2.15318000,0.36724107,0.47070050
651.40000000,5.12725000,2.06150000,0.36735815,0.47084730
651.60000000,5.12662000,2.15766000,0.36747535,0.47100093
651.80000000,5.12662000,2.15766000,0.36759522,0.47115449
652.00000000,5.12400000,1.98131000,0.36771019,0.47129552
652.20000000,5.12525000,1.94444000,0.36781924,0.47143396
652.40000000,5.12600000,1.92579000,0.36792674,0.47157106
652.60000000,5.12600000,1.92579000,0.36803373,0.47170818
652.80000000,5.12650000,2.05065000,0.36814419,0.47185416
653.00000000,5.12537000,1.76649000,0.36825022,0.47197994
653.20000000,5.12662000,2.02412000,0.36835552,0.47212406
653.40000000,5.12662000,2.02412000,0.36846797,0.47226813
653.60000000,5.12475000,2.13321000,0.36858345,0.47242012
653.80000000,5.12975000,2.09296000,0.36870084,0.47256912
654.00000000,5.12575000,2.01795000,0.36881503,0.47271280
654.20000000,5.12650000,1.96566000,0.36892569,0.47285275
654.40000000,5.12650000,1.96566000,0.36903489,0.47299266
654.60000000,5.12450000,2.02048000,0.36914562,0.47313651
654.80000000,5.12625000,2.06483000,0.36925910,0.47328360
655.00000000,5.12912000,1.99424000,0.36937185,0.47342553
655.20000000,5.12412000,1.93318000,0.36948095,0.47356311
655.40000000,5.12412000,1.93318000,0.36958835,0.47370074
655.60000000,5.12587000,2.20761000,0.36970337,0.47385798
655.80000000,5.12812000,2.00716000,0.36982044,0.47400082
656.00000000,5.12400000,1.99139000,0.36993152,0.47414254
656.20000000,5.12400000,1.99139000,0.37004215,0.47428438
656.40000000,5.12825000,2.09120000,0.37015555,0.47443333
656.60000000,5.12862000,1.97766000,0.37026858,0.47457405
656.80000000,5.12300000,1.99299000,0.37037887,0.47471597
657.00000000,5.12700000,2.06595000,0.37049162,0.47486308
657.20000000,5.12700000,2.06595000,0.37060640,0.47501022
657.40000000,5.12787000,2.05638000,0.37072091,0.47515662
657.60000000,5.12600000,1.92803000,0.37083158,0.47529393
657.80000000,5.12775000,2.12585000,0.37094419,0.47544533
658.00000000,5.12775000,2.12585000,0.37106229,0.47559679
658.20000000,5.12950000,1.97596000,0.37117623,0.47573740
658.40000000,5.12350000,2.11484000,0.37128987,0.47588802
658.60000000,5.12812000,1.84387000,0.37139983,0.47601923
658.80000000,5.12325000,1.95152000,0.37150526,0.47615809
659.00000000,5.12325000,1.95152000,0.37161368,0.47629703
659.20000000,5.12625000,2.13132000,0.37172709,0.47644877
659.40000000,5.12612000,2.04515000,0.37184310,0.47659440
659.60000000,5.12675000,2.13705000,0.37195927,0.47674657
659.80000000,5.12675000,2.13705000,0.37207800,0.47689869
660.00000000,5.12525000,1.93734000,0.37219118,0.47703667
660.20000000,5.12775000,1.98275000,0.37230007,0.47717783
660.40000000,5.12625000,2.12304000,0.37241412,0.47732897
660.60000000,5.12562000,2.05097000,0.37253006,0.47747498
660.80000000,5.12562000,2.05097000,0.37264400,0.47762097
661.00000000,5.12500000,1.96361000,0.37275552,0.47776082
661.20000000,5.12800000,2.18281000,0.37287070,0.47791619
661.40000000,5.12487000,2.01619000,0.37298734,0.47805972
661.60000000,5.12575000,1.99753000,0.37309883,0.47820193
661.80000000,5.12575000,1.99753000,0.37320980,0.47834418
662.00000000,5.12737000,2.19718000,0.37332632,0.47850057
662.20000000,5.12462000,1.97657000,0.37344226,0.47864133
662.40000000,5.12775000,1.98310000,0.37355225,0.47878257
662.60000000,5.12775000,1.98310000,0.37366242,0.47892383
662.80000000,5.12887000,2.17577000,0.37377795,0.47907874
663.00000000,5.12625000,1.93180000,0.37389205,0.47921629
663.20000000,5.12650000,2.00483000,0.37400140,0.47935904
663.40000000,5.12662000,2.12624000,0.37411615,0.47951043
663.60000000,5.12662000,2.12624000,0.37423427,0.47966186
663.80000000,5.12787000,2.15196000,0.37435311,0.47981509
664.00000000,5.12650000,1.95465000,0.37446719,0.47995423
664.20000000,5.12550000,2.10982000,0.37458009,0.48010443
664.40000000,5.12550000,2.10982000,0.37469730,0.48025466
664.60000000,5.12687000,1.97500000,0.37481077,0.48039521
664.80000000,5.12375000,2.09427000,0.37492380,0.48054428
665.00000000,5.12512000,2.15654000,0.37504188,0.48069779
665.20000000,5.12987000,2.14528000,0.37516138,0.48085064
665.40000000,5.12987000,2.14528000,0.37528056,0.48100334
665.60000000,5.12512000,2.00816000,0.37539593,0.48114634
665.80000000,5.12700000,2.14224000,0.37551122,0.48129894
666.00000000,5.12875000,1.93171000,0.37562439,0.48143654
666.20000000,5.12875000,1.93171000,0.37573170,0.48157401
666.40000000,5.12387000,2.03510000,0.37584189,0.48171888
666.60000000,5.12537000,1.98032000,0.37595343,0.48185991
666.80000000,5.12775000,2.06963000,0.37606593,0.48200731
667.00000000,5.12775000,2.06963000,0.37618091,0.48215471
667.20000000,5.12775000,2.12947000,0.37629755,0.48230634
667.40000000,5.12700000,2.05475000,0.37641378,0.48245265
667.60000000,5.12662000,2.05260000,0.37652787,0.48259880
667.80000000,5.12662000,2.05260000,0.37664191,0.48274496
668.00000000,5.12687000,2.14620000,0.37675854,0.48289779
668.20000000,5.12725000,1.99145000,0.37687347,0.48303953
668.40000000,5.12450000,1.96377000,0.37698334,0.48317937
668.60000000,5.12712000,2.16396000,0.37709800,0.48333346
668.80000000,5.12712000,2.16396000,0.37721822,0.48348758
669.00000000,5.12775000,2.07430000,0.37733595,0.48363527
669.20000000,5.12637000,2.14176000,0.37745306,0.48378781
669.40000000,5.12812000,2.12700000,0.37757164,0.48393931
669.60000000,5.12825000,2.10480000,0.37768919,0.48408923
669.80000000,5.12825000,2.10480000,0.37780612,0.48423900
670.00000000,5.12337000,1.92531000,0.37791807,0.48437614
670.20000000,5.12850000,2.03260000,0.37802801,0.48452094
670.40000000,5.12925000,2.08160000,0.37814230,0.48466923
670.60000000,5.12925000,2.08160000,0.37825794,0.48481741
670.80000000,5.12525000,1.99721000,0.37837124,0.48495964
671.00000000,5.12762000,2.12944000,0.37848587,0.48511127
671.20000000,5.12687000,2.16374000,0.37860512,0.48526537
671.40000000,5.12762000,1.95721000,0.37871960,0.48540475
671.60000000,5.12762000,1.95721000,0.37882833,0.48554415
671.80000000,5.12787000,2.02956000,0.37893907,0.48568856
672.00000000,5.12325000,2.00774000,0.37905122,0.48583148
672.20000000,5.12525000,1.90851000,0.37916000,0.48596734
672.40000000,5.12525000,1.90851000,0.37926603,0.48610320
672.60000000,5.12562000,2.02460000,0.37937529,0.48624739
672.80000000,5.12762000,2.11830000,0.37949037,0.48639821
673.00000000,5.12637000,1.93811000,0.37960304,0.48653621
673.20000000,5.12675000,2.12889000,0.37971602,0.48668780
673.40000000,5.12675000,2.12889000,0.37983429,0.48683934
673.60000000,5.12500000,2.12291000,0.37995239,0.48699059
673.80000000,5.12987000,1.97446000,0.38006621,0.48713112
674.00000000,5.12437000,2.06697000,0.38017847,0.48727823
674.20000000,5.12625000,2.03545000,0.38029243,0.48742315
674.40000000,5.12625000,2.03545000,0.38040551,0.48756807
674.60000000,5.12650000,2.04640000,0.38051889,0.48771374
674.80000000,5.12512000,2.06691000,0.38063315,0.48786089
675.00000000,5.12600000,2.06006000,0.38074779,0.48800756
675.20000000,5.12600000,2.06006000,0.38086224,0.48815424
675.40000000,5.12675000,2.05027000,0.38097641,0.48830029
675.60000000,5.12887000,2.02812000,0.38108970,0.48844470
675.80000000,5.12650000,1.98438000,0.38120116,0.48858595
676.00000000,5.12500000,2.06761000,0.38131372,0.48873312
676.20000000,5.12500000,2.06761000,0.38142858,0.48888035
676.40000000,5.12700000,2.07148000,0.38154356,0.48902778
676.60000000,5.12412000,1.87404000,0.38165316,0.48916121
676.80000000,5.12650000,2.15360000,0.38176503,0.48931455
677.00000000,5.12650000,2.15360000,0.38188468,0.48946791
677.20000000,5.12712000,2.06515000,0.38200187,0.48961482
677.40000000,5.12187000,1.91657000,0.38211247,0.48975129
677.60000000,5.12687000,1.96880000,0.38222040,0.48989151
677.80000000,5.12787000,1.93772000,0.38232891,0.49002951
678.00000000,5.12787000,1.93772000,0.38243656,0.49016752
678.20000000,5.12800000,2.03628000,0.38254695,0.49031246
678.40000000,5.12487000,1.91817000,0.38265680,0.49044904
678.60000000,5.12662000,2.13321000,0.38276934,0.49060093
678.80000000,5.12425000,2.02726000,0.38288490,0.49074521
679.00000000,5.12425000,2.02726000,0.38299753,0.49088963
679.20000000,5.12925000,1.98793000,0.38310906,0.49103114
679.40000000,5.12512000,1.91120000,0.38321737,0.49116718
679.60000000,5.12475000,2.11676000,0.38332926,0.49131785
679.80000000,5.12475000,2.11676000,0.38344686,0.49146862
680.00000000,5.12850000,2.05545000,0.38356275,0.49161494
680.20000000,5.12525000,2.06019000,0.38367708,0.49176166
680.40000000,5.12775000,2.12560000,0.38379335,0.49191304
680.60000000,5.12775000,2.12560000,0.38391144,0.49206435
680.80000000,5.12525000,2.02592000,0.38402676,0.49220865
681.00000000,5.12812000,2.00112000,0.38413862,0.49235114
681.20000000,5.12700000,1.95401000,0.38424848,0.49249029
681.40000000,5.12687000,2.14505000,0.38436235,0.49264303
681.60000000,5.12687000,2.14505000,0.38448152,0.49279577
681.80000000,5.12687000,2.00096000,0.38459668,0.49293825
682.00000000,5.12687000,2.02249000,0.38470844,0.49308224
682.20000000,5.12612000,1.96800000,0.38481929,0.49322236
682.40000000,5.12612000,1.96800000,0.38492862,0.49336250
682.60000000,5.12700000,2.01888000,0.38503937,0.49350620
682.80000000,5.12512000,2.00707000,0.38515120,0.49364914
683.00000000,5.12750000,1.94262000,0.38526092,0.49378748
683.20000000,5.12750000,1.94262000,0.38536884,0.49392571
683.40000000,5.12325000,1.98019000,0.38547781,0.49406673
683.60000000,5.12737000,2.16451000,0.38559294,0.49422088
683.80000000,5.12775000,2.06595000,0.38571045,0.49436798
684.00000000,5.12637000,2.08896000,0.38582586,0.49451671
684.20000000,5.12637000,2.08896000,0.38594192,0.49466543
684.40000000,5.12587000,1.96073000,0.38605441,0.49480509
684.60000000,5.12850000,2.02960000,0.38616525,0.49494960
684.80000000,5.12650000,2.12844000,0.38628075,0.49510115
685.00000000,5.12650000,2.12844000,0.38639900,0.49525265
685.20000000,5.12500000,2.13036000,0.38651730,0.49540435
685.40000000,5.12700000,1.96489000,0.38663106,0.49554421
685.60000000,5.12487000,1.97996000,0.38674064,0.49568518
685.80000000,5.12625000,2.07401000,0.38685325,0.49583284
686.00000000,5.12625000,2.07401000,0.38696847,0.49598060
686.20000000,5.12962000,2.03248000,0.38708254,0.49612527
686.40000000,5.12462000,1.85497000,0.38719052,0.49625735
686.60000000,5.12675000,2.15251000,0.38730184,0.49641056
686.80000000,5.12487000,2.01420000,0.38741758,0.49655393
687.00000000,5.12487000,2.01420000,0.38752948,0.49669730
687.20000000,5.12487000,1.97849000,0.38764039,0.49683818
687.40000000,5.12675000,2.04739000,0.38775222,0.49698389
687.60000000,5.12437000,1.99555000,0.38786453,0.49712592
687.80000000,5.12437000,1.99555000,0.38797539,0.49726803
688.00000000,5.12725000,2.02057000,0.38808695,0.49741191
688.20000000,5.12700000,2.11667000,0.38820187,0.49756260
688.40000000,5.12575000,1.84595000,0.38831194,0.49769396
688.60000000,5.12387000,2.09916000,0.38842153,0.49784335
688.80000000,5.12387000,2.09916000,0.38853815,0.49799282
689.00000000,5.12675000,1.93952000,0.38865034,0.49813081
689.20000000,5.12237000,1.95539000,0.38875853,0.49827005
689.40000000,5.12700000,2.08432000,0.38887074,0.49841847
689.60000000,5.12700000,2.08432000,0.38898654,0.49856685
689.80000000,5.12575000,2.13059000,0.38910362,0.49871853
690.00000000,5.12575000,1.92982000,0.38921641,0.49885596
690.20000000,5.12750000,2.03664000,0.38932659,0.49900091
690.40000000,5.12437000,2.01712000,0.38943919,0.49914448
690.60000000,5.12437000,2.01712000,0.38955125,0.49928806
690.80000000,5.12512000,1.89324000,0.38965988,0.49942294
691.00000000,5.12962000,2.03932000,0.38976911,0.49956810
691.20000000,5.12500000,1.99958000,0.38988130,0.49971043
691.40000000,5.12500000,1.99958000,0.38999239,0.49985275
691.60000000,5.12462000,1.96438000,0.39010250,0.49999255
691.80000000,5.12400000,1.91808000,0.39021035,0.50012910
692.00000000,5.12575000,1.97932000,0.39031861,0.50027001
692.20000000,5.12575000,1.97932000,0.39042857,0.50041095
692.40000000,5.12687000,2.15260000,0.39054335,0.50056418
692.60000000,5.12500000,1.94201000,0.39065709,0.50070245
692.80000000,5.12637000,1.93961000,0.39076491,0.50084055
693.00000000,5.12637000,1.93961000,0.39087267,0.50097866
693.20000000,5.12675000,2.07510000,0.39098419,0.50112638
693.40000000,5.12562000,1.88387000,0.39109416,0.50126044
693.60000000,5.12375000,1.99606000,0.39120193,0.50140256
693.80000000,5.12637000,2.13132000,0.39131658,0.50155431
694.00000000,5.12637000,2.13132000,0.39143499,0.50170603
694.20000000,5.12550000,1.84176000,0.39154535,0.50183712
694.40000000,5.12450000,1.95891000,0.39165093,0.50197658
694.60000000,5.12587000,1.95491000,0.39175964,0.50211575
694.80000000,5.12587000,1.95491000,0.39186825,0.50225492
695.00000000,5.12550000,1.99113000,0.39197786,0.50239669
695.20000000,5.12662000,1.96988000,0.39208789,0.50253695
695.40000000,5.12637000,1.97616000,0.39219750,0.50267772
695.60000000,5.12875000,2.01004000,0.39230823,0.50282090
695.80000000,5.12875000,2.01004000,0.39241990,0.50296395
696.00000000,5.12412000,2.04582000,0.39253256,0.50310953
696.20000000,5.12362000,1.96902000,0.39264408,0.50324980
696.40000000,5.12912000,2.08400000,0.39275667,0.50339826
696.60000000,5.12237000,2.01209000,0.39287045,0.50354141
696.80000000,5.12237000,2.01209000,0.39298223,0.50368475
697.00000000,5.12925000,1.87065000,0.39309009,0.50381790
697.20000000,5.12512000,2.09971000,0.39320037,0.50396737
697.40000000,5.12525000,1.96556000,0.39331330,0.50410729
697.60000000,5.12525000,1.96556000,0.39342250,0.50424726
697.80000000,5.12737000,2.15398000,0.39353693,0.50440061
698.00000000,5.12600000,2.10371000,0.39365520,0.50455039
698.20000000,5.12612000,1.97702000,0.39376855,0.50469116
698.40000000,5.12675000,1.97132000,0.39387823,0.50483153
698.60000000,5.12675000,1.97132000,0.39398774,0.50497189
698.80000000,5.12637000,2.00067000,0.39409808,0.50511436
699.00000000,5.12725000,2.14793000,0.39421332,0.50526721
699.20000000,5.12375000,1.89571000,0.39432564,0.50540212
699.40000000,5.12375000,1.89571000,0.39443096,0.50553708
699.60000000,5.12587000,1.88649000,0.39453602,0.50567145
699.80000000,5.12862000,1.96198000,0.39464292,0.50581112
700.00000000,5.12537000,1.98960000,0.39475269,0.50595278
700.20000000,5.12637000,1.98489000,0.39486309,0.50609410
700.40000000,5.12637000,1.98489000,0.39497336,0.50623549
700.60000000,5.12875000,1.88547000,0.39508087,0.50636963
700.80000000,5.12250000,2.03430000,0.39518975,0.50651443
701.00000000,5.12500000,1.78838000,0.39529594,0.50664173
701.20000000,5.12500000,1.78838000,0.39539529,0.50676905
701.40000000,5.12562000,2.10531000,0.39550345,0.50691894
701.60000000,5.12625000,1.94940000,0.39561608,0.50705774
701.80000000,5.12637000,1.95200000,0.39572445,0.50719679
702.00000000,5.12887000,1.98659000,0.39583386,0.50733830
702.20000000,5.12887000,1.98659000,0.39594422,0.50747964
702.40000000,5.12275000,1.95667000,0.39605376,0.50761899
702.60000000,5.12762000,2.11670000,0.39616691,0.50776973
702.80000000,5.12725000,2.00118000,0.39628129,0.50791223
703.00000000,5.12725000,2.00118000,0.39639247,0.50805467
703.20000000,5.12475000,1.86099000,0.39649975,0.50818715
703.40000000,5.12537000,1.94851000,0.39660557,0.50832594
703.60000000,5.12850000,1.95203000,0.39671392,0.50846498
703.80000000,5.12450000,1.99910000,0.39682367,0.50860726
704.00000000,5.12450000,1.99910000,0.39693474,0.50874958
704.20000000,5.12587000,1.95184000,0.39704448,0.50888852
704.40000000,5.12525000,1.93644000,0.39715249,0.50902636
704.60000000,5.12500000,1.94368000,0.39726027,0.50916471
704.80000000,5.12500000,1.94368000,0.39736826,0.50930306
705.00000000,5.12487000,1.96147000,0.39747673,0.50944273
705.20000000,5.12687000,1.94905000,0.39758536,0.50958149
705.40000000,5.12575000,2.04243000,0.39769623,0.50972689
705.60000000,5.12575000,2.04243000,0.39780970,0.50987235
705.80000000,5.12787000,1.95654000,0.39792078,0.51001164
706.00000000,5.12575000,2.07968000,0.39803290,0.51015973
706.20000000,5.12687000,2.11670000,0.39814947,0.51031040
706.40000000,5.12537000,1.97881000,0.39826323,0.51045127
706.60000000,5.12537000,1.97881000,0.39837316,0.51059213
706.80000000,5.12525000,1.89590000,0.39848079,0.51072707
707.00000000,5.12487000,1.92454000,0.39858692,0.51086408
707.20000000,5.12550000,1.99500000,0.39869579,0.51100610
707.40000000,5.12550000,1.99500000,0.39880663,0.51114820
707.60000000,5.12862000,2.08822000,0.39892005,0.51129676
707.80000000,5.12212000,1.85302000,0.39902953,0.51142870
708.00000000,5.12650000,1.92403000,0.39913445,0.51156568
708.20000000,5.12600000,1.89596000,0.39924056,0.51170066
708.40000000,5.12600000,1.89596000,0.39934589,0.51183559
708.60000000,5.12400000,2.13718000,0.39945792,0.51198772
708.80000000,5.12512000,1.88598000,0.39956968,0.51212201
709.00000000,5.12700000,2.01734000,0.39967810,0.51226567
709.20000000,5.12700000,2.01734000,0.39979018,0.51240928
709.40000000,5.12562000,1.97145000,0.39990098,0.51254959
709.60000000,5.12450000,1.89276000,0.40000831,0.51268432
709.80000000,5.12487000,1.88019000,0.40011312,0.51281812
710.00000000,5.12375000,1.85670000,0.40021692,0.51295025
710.20000000,5.12375000,1.85670000,0.40032007,0.51308244
710.40000000,5.12625000,1.96124000,0.40042613,0.51322207
710.60000000,5.12587000,2.03177000,0.40053704,0.51336674
710.80000000,5.12675000,1.98704000,0.40064868,0.51350823
711.00000000,5.12675000,1.98704000,0.40075907,0.51364967
711.20000000,5.12525000,1.89427000,0.40086688,0.51378462
711.40000000,5.12937000,2.10876000,0.40097808,0.51393470
711.60000000,5.12425000,1.85292000,0.40108812,0.51406663
711.80000000,5.12637000,2.00636000,0.40119532,0.51420948
712.00000000,5.12637000,2.00636000,0.40130679,0.51435228
712.20000000,5.12450000,1.90457000,0.40141543,0.51448782
712.40000000,5.12387000,1.99740000,0.40152381,0.51463002
712.60000000,5.12600000,2.02576000,0.40163557,0.51477425
712.80000000,5.12537000,1.89756000,0.40174455,0.51490933
713.00000000,5.12537000,1.89756000,0.40184997,0.51504448
713.20000000,5.12837000,1.97104000,0.40195743,0.51518476
713.40000000,5.12412000,1.86128000,0.40206388,0.51531722
713.60000000,5.12475000,2.05334000,0.40217262,0.51546337
713.80000000,5.12475000,2.05334000,0.40228670,0.51560955
714.00000000,5.12562000,1.94208000,0.40239768,0.51574789
714.20000000,5.12862000,1.83110000,0.40250249,0.51587818
714.40000000,5.12337000,1.90902000,0.40260639,0.51601402
714.60000000,5.12475000,2.01785000,0.40271546,0.51615765
714.80000000,5.12475000,2.01785000,0.40282757,0.51630132
715.00000000,5.12625000,1.98556000,0.40293877,0.51644273
715.20000000,5.12787000,2.06832000,0.40305138,0.51659004
715.40000000,5.12762000,1.93875000,0.40316269,0.51672811
715.60000000,5.12762000,1.93875000,0.40327040,0.51686612
715.80000000,5.12562000,2.01651000,0.40338027,0.51700976
716.00000000,5.12837000,2.10230000,0.40349468,0.51715950
716.20000000,5.12475000,1.90614000,0.40360602,0.51729517
716.40000000,5.12475000,1.90614000,0.40371192,0.51743089
716.60000000,5.12637000,1.85772000,0.40381647,0.51756317
716.80000000,5.12700000,1.91888000,0.40392138,0.51769976
717.00000000,5.12512000,1.83840000,0.40402574,0.51783062
717.20000000,5.12512000,1.83840000,0.40412788,0.51796153
717.40000000,5.12687000,1.95318000,0.40423320,0.51810057
717.60000000,5.12537000,1.95936000,0.40434188,0.51824003
717.80000000,5.12475000,1.81622000,0.40444676,0.51836926
718.00000000,5.12300000,1.92323000,0.40455063,0.51850610
718.20000000,5.12300000,1.92323000,0.40465748,0.51864301
718.40000000,5.12562000,1.92137000,0.40476427,0.51877984
718.60000000,5.12725000,1.92678000,0.40487117,0.51891691
718.80000000,5.12200000,1.97107000,0.40497944,0.51905713
719.00000000,5.12200000,1.97107000,0.40508894,0.51919748
719.20000000,5.12675000,1.89097000,0.40519622,0.51933207
719.40000000,5.12475000,2.05920000,0.40530595,0.51947873
719.60000000,5.12800000,1.99331000,0.40541852,0.51962061
719.80000000,5.12487000,1.98348000,0.40552899,0.51976180
720.00000000,5.12487000,1.98348000,0.40563918,0.51990297
720.20000000,5.12475000,2.12553000,0.40575332,0.52005429
720.40000000,5.12562000,2.02313000,0.40586856,0.52019836
720.60000000,5.12712000,1.96841000,0.40597943,0.52033853
720.80000000,5.12712000,1.96841000,0.40608879,0.52047864
721.00000000,5.12500000,1.80371000,0.40619357,0.52060708
721.20000000,5.12700000,2.01686000,0.40629970,0.52075063
721.40000000,5.12487000,2.07129000,0.40641326,0.52089805
721.60000000,5.12412000,1.77891000,0.40652021,0.52102465
721.80000000,5.12412000,1.77891000,0.40661904,0.52115120
722.00000000,5.12225000,1.91174000,0.40672156,0.52128738
722.20000000,5.12862000,1.93235000,0.40682834,0.52142497
722.40000000,5.12662000,1.98019000,0.40693702,0.52156593
722.60000000,5.12550000,1.86460000,0.40704382,0.52169867
722.80000000,5.12550000,1.86460000,0.40714741,0.52183140
723.00000000,5.12525000,2.03488000,0.40725572,0.52197624
723.20000000,5.12500000,1.96518000,0.40736684,0.52211609
723.40000000,5.12387000,1.95622000,0.40747577,0.52225531
723.60000000,5.12387000,1.95622000,0.40758444,0.52239457
723.80000000,5.12562000,1.88969000,0.40769127,0.52252908
724.00000000,5.12487000,1.94905000,0.40779791,0.52266780
724.20000000,5.12450000,2.02150000,0.40790820,0.52281177
724.40000000,5.12800000,1.91907000,0.40801766,0.52294845
724.60000000,5.12800000,1.91907000,0.40812427,0.52308500
724.80000000,5.12287000,1.94896000,0.40823172,0.52322380
725.00000000,5.12775000,1.80195000,0.40833591,0.52335206
725.20000000,5.12487000,1.99648000,0.40844142,0.52349417
725.40000000,5.12487000,1.99648000,0.40855234,0.52363631
725.60000000,5.12612000,1.96108000,0.40866227,0.52377595
725.80000000,5.12700000,1.95392000,0.40877102,0.52391500
726.00000000,5.12387000,2.10300000,0.40888371,0.52406477
726.20000000,5.12750000,1.99510000,0.40899755,0.52420685
726.40000000,5.12750000,1.99510000,0.40910839,0.52434891
726.60000000,5.12662000,1.91363000,0.40921696,0.52448509
726.80000000,5.12400000,1.98032000,0.40932513,0.52462606
727.00000000,5.12525000,1.93382000,0.40943386,0.52476372
727.20000000,5.12775000,2.06032000,0.40954480,0.52491045
727.40000000,5.12775000,2.06032000,0.40965927,0.52505706
727.60000000,5.12325000,2.01993000,0.40977261,0.52520079
727.80000000,5.12337000,1.96048000,0.40988317,0.52534036
728.00000000,5.12575000,2.01203000,0.40999352,0.52548360
728.20000000,5.12575000,2.01203000,0.41010530,0.52562688
728.40000000,5.12750000,1.91801000,0.41021447,0.52576339
728.60000000,5.12412000,2.04969000,0.41032468,0.52590938
728.80000000,5.12850000,1.89766000,0.41043433,0.52604455
729.00000000,5.12850000,1.89766000,0.41053976,0.52617953
729.20000000,5.12137000,1.94470000,0.41064649,0.52631796
729.40000000,5.12512000,1.96787000,0.41075517,0.52645807
729.60000000,5.12637000,1.87705000,0.41086197,0.52659172
729.80000000,5.12537000,2.05324000,0.41097115,0.52673788
730.00000000,5.12537000,2.05324000,0.41108522,0.52688407
730.20000000,5.12625000,1.99840000,0.41119776,0.52702628
730.40000000,5.12362000,1.86864000,0.41130518,0.52715931
730.60000000,5.12587000,1.97961000,0.41141208,0.52730024
730.80000000,5.12612000,1.94572000,0.41152111,0.52743877
731.00000000,5.12612000,1.94572000,0.41162921,0.52757729
731.20000000,5.12587000,2.01478000,0.41173922,0.52772071
731.40000000,5.12537000,1.93529000,0.41184895,0.52785848
731.60000000,5.12412000,1.99539000,0.41195813,0.52800049
731.80000000,5.12412000,1.99539000,0.41206899,0.52814261
732.00000000,5.12837000,2.14204000,0.41218392,0.52829506
732.20000000,5.12412000,1.94310000,0.41229739,0.52843340
732.40000000,5.12600000,2.07123000,0.41240890,0.52858086
732.60000000,5.12600000,2.07123000,0.41252397,0.52872841
732.80000000,5.12937000,1.89580000,0.41263417,0.52886340
733.00000000,5.12675000,2.02960000,0.41274321,0.52900784
733.20000000,5.12387000,1.94006000,0.41285347,0.52914591
733.40000000,5.12387000,1.94006000,0.41296125,0.52928401
733.60000000,5.12537000,1.93958000,0.41306902,0.52942215
733.80000000,5.12787000,1.94854000,0.41317703,0.52956092
734.00000000,5.12762000,1.97401000,0.41328599,0.52970145
734.20000000,5.12575000,1.90502000,0.41339374,0.52983707
734.40000000,5.12575000,1.90502000,0.41349957,0.52997264
734.60000000,5.12387000,1.77939000,0.41360192,0.53009926
734.80000000,5.12337000,1.87369000,0.41370339,0.53023266
735.00000000,5.12612000,1.99539000,0.41381086,0.53037472
735.20000000,5.12612000,1.99539000,0.41392172,0.53051679
735.40000000,5.12650000,1.96841000,0.41403182,0.53065698
735.60000000,5.12762000,2.09702000,0.41414475,0.53080626
735.80000000,5.12550000,1.90668000,0.41425597,0.53094203
736.00000000,5.12712000,1.95075000,0.41436312,0.53108095
736.20000000,5.12712000,1.95075000,0.41447149,0.53121976
736.40000000,5.12337000,2.05462000,0.41458275,0.53136601
736.60000000,5.12500000,1.98444000,0.41469495,0.53150724
736.80000000,5.12425000,1.82451000,0.41480075,0.53163716
737.00000000,5.12687000,1.93904000,0.41490530,0.53177523
737.20000000,5.12687000,1.93904000,0.41501302,0.53191320
737.40000000,5.12312000,1.95132000,0.41512109,0.53205209
737.60000000,5.12462000,1.94150000,0.41522922,0.53219030
737.80000000,5.12550000,1.98915000,0.41533841,0.53233190
738.00000000,5.12550000,1.98915000,0.41544891,0.53247353
738.20000000,5.12650000,1.95846000,0.41555857,0.53261292
738.40000000,5.12437000,2.00105000,0.41566856,0.53275542
738.60000000,5.12750000,2.00841000,0.41577993,0.53289831
738.80000000,5.12225000,1.86905000,0.41588764,0.53303127
739.00000000,5.12225000,1.86905000,0.41599147,0.53316432
739.20000000,5.12512000,1.93872000,0.41609724,0.53330236
739.40000000,5.12662000,1.81744000,0.41620158,0.53343170
739.60000000,5.12400000,2.11424000,0.41631080,0.53358217
739.80000000,5.12400000,2.11424000,0.41642825,0.53373265
740.00000000,5.12475000,1.93376000,0.41654070,0.53387030
740.20000000,5.12500000,1.95500000,0.41664872,0.53400941
740.40000000,5.12337000,1.87190000,0.41675502,0.53414261
740.60000000,5.12337000,1.87190000,0.41685902,0.53427583
740.80000000,5.12412000,1.94262000,0.41696498,0.53441412
741.00000000,5.12550000,2.11126000,0.41707758,0.53456437
741.20000000,5.12375000,1.90902000,0.41718926,0.53470030
741.40000000,5.12687000,1.92038000,0.41729563,0.53483704
741.60000000,5.12687000,1.92038000,0.41740232,0.53497375
741.80000000,5.12550000,1.94080000,0.41750957,0.53511196
742.00000000,5.12725000,2.10777000,0.41762203,0.53526207
742.20000000,5.12775000,2.13257000,0.41773982,0.53541395
742.40000000,5.12775000,2.13257000,0.41785830,0.53556568
742.60000000,5.12275000,2.02761000,0.41797386,0.53571008
742.80000000,5.12762000,2.05244000,0.41808719,0.53585618
743.00000000,5.12512000,2.08377000,0.41820209,0.53600451
743.20000000,5.12512000,2.08377000,0.41831785,0.53615280
743.40000000,5.12387000,2.02390000,0.41843195,0.53629692
743.60000000,5.12725000,1.94025000,0.41854207,0.53643497
743.80000000,5.12287000,1.98076000,0.41865099,0.53657606
744.00000000,5.12862000,1.99734000,0.41876149,0.53671834
744.20000000,5.12862000,1.99734000,0.41887245,0.53686049
744.40000000,5.12437000,2.06220000,0.41898522,0.53700737
744.60000000,5.12825000,2.02416000,0.41909873,0.53715140
744.80000000,5.12312000,1.99500000,0.41921037,0.53729335
745.00000000,5.12662000,1.95046000,0.41931997,0.53743223
745.20000000,5.12662000,1.95046000,0.41942832,0.53757101
745.40000000,5.12300000,2.01465000,0.41953847,0.53771447
745.60000000,5.12700000,1.89472000,0.41964706,0.53784939
745.80000000,5.12687000,2.09011000,0.41975775,0.53799822
746.00000000,5.12687000,2.09011000,0.41987387,0.53814702
746.20000000,5.12600000,2.07430000,0.41998955,0.53829467
746.40000000,5.12475000,2.03379000,0.42010366,0.53843943
746.60000000,5.12487000,1.96204000,0.42021465,0.53857915
746.80000000,5.12712000,2.09593000,0.42032738,0.53872840
747.00000000,5.12712000,2.09593000,0.42044382,0.53887765
747.20000000,5.12725000,1.97974000,0.42055703,0.53901857
747.40000000,5.12512000,1.88742000,0.42066445,0.53915286
747.60000000,5.12275000,1.98259000,0.42077195,0.53929392
747.80000000,5.12275000,1.98259000,0.42088209,0.53943513
748.00000000,5.12812000,2.08112000,0.42099498,0.53958327
748.20000000,5.12500000,1.85955000,0.42110444,0.53971570
748.40000000,5.12775000,2.13760000,0.42121547,0.53986791
748.60000000,5.12687000,2.11059000,0.42133348,0.54001820
748.80000000,5.12687000,2.11059000,0.42145073,0.54016847
749.00000000,5.12637000,1.94896000,0.42156350,0.54030726
749.20000000,5.12737000,2.00966000,0.42167346,0.54045029
749.40000000,5.12400000,1.82486000,0.42177997,0.54058019
749.60000000,5.12537000,2.04422000,0.42188745,0.54072571
749.80000000,5.12537000,2.04422000,0.42200101,0.54087110
750.00000000,5.12100000,1.97769000,0.42211273,0.54101200
750.20000000,5.12962000,1.97894000,0.42222264,0.54115282
750.40000000,5.12325000,1.99328000,0.42233298,0.54129465
750.60000000,5.12325000,1.99328000,0.42244372,0.54143660
750.80000000,5.12725000,1.96681000,0.42255372,0.54157662
751.00000000,5.12575000,1.88892000,0.42266082,0.54171112
751.20000000,5.12687000,2.00153000,0.42276889,0.54185352
751.40000000,5.12262000,2.02086000,0.42288062,0.54199730
751.60000000,5.12262000,2.02086000,0.42299289,0.54214108
751.80000000,5.12262000,1.90467000,0.42310194,0.54227672
752.00000000,5.12750000,2.04038000,0.42321152,0.54242197
752.20000000,5.12537000,1.97667000,0.42332311,0.54256268
752.40000000,5.12537000,1.97667000,0.42343292,0.54270354
752.60000000,5.13075000,2.08592000,0.42354577,0.54285196
752.80000000,5.12325000,1.96659000,0.42365834,0.54299199
753.00000000,5.12662000,2.01657000,0.42376898,0.54313550
753.20000000,5.12375000,2.10153000,0.42388338,0.54328505
753.40000000,5.12375000,2.10153000,0.42400013,0.54343481
753.60000000,5.13100000,2.04214000,0.42411523,0.54358018
753.80000000,5.12512000,2.09984000,0.42423028,0.54372965
754.00000000,5.12512000,1.97820000,0.42434356,0.54387046
754.20000000,5.12512000,1.97820000,0.42445346,0.54401131
754.40000000,5.12662000,2.04460000,0.42456521,0.54415696
754.60000000,5.12875000,2.08192000,0.42467983,0.54430516
754.80000000,5.12550000,2.12016000,0.42479656,0.54445618
755.00000000,5.12862000,2.14067000,0.42491491,0.54460866
755.20000000,5.12862000,2.14067000,0.42503384,0.54476108
755.40000000,5.12625000,1.89529000,0.42514595,0.54489603
755.60000000,5.12687000,2.16409000,0.42525871,0.54505015
755.80000000,5.12762000,2.03254000,0.42537528,0.54519480
756.00000000,5.12375000,2.00835000,0.42548753,0.54533772
756.20000000,5.12375000,2.00835000,0.42559911,0.54548070
756.40000000,5.12612000,2.14300000,0.42571442,0.54563335
756.60000000,5.12862000,2.11667000,0.42583275,0.54578405
756.80000000,5.12612000,2.14134000,0.42595102,0.54593650
757.00000000,5.12612000,2.14134000,0.42606999,0.54608899
757.20000000,5.12712000,2.05379000,0.42618652,0.54623524
757.40000000,5.12700000,2.03734000,0.42630016,0.54638025
757.60000000,5.12500000,2.11187000,0.42641542,0.54653058
757.80000000,5.13037000,2.13427000,0.42653336,0.54668266
758.00000000,5.13037000,2.13427000,0.42665194,0.54683455
758.20000000,5.12400000,2.02579000,0.42676749,0.54697883
758.40000000,5.12800000,2.14380000,0.42688331,0.54713142
758.60000000,5.12500000,2.00246000,0.42699849,0.54727396
758.80000000,5.12500000,2.00246000,0.42710974,0.54741654
759.00000000,5.12662000,2.16544000,0.42722551,0.54757064
759.20000000,5.12375000,2.01868000,0.42734174,0.54771435
759.40000000,5.12562000,2.13024000,0.42745698,0.54786605
759.60000000,5.12750000,2.13158000,0.42757537,0.54801786
759.80000000,5.12750000,2.13158000,0.42769379,0.54816960
760.00000000,5.12575000,2.10345000,0.42781143,0.54831934
760.20000000,5.12525000,2.01795000,0.42792591,0.54846299
760.40000000,5.12550000,1.91878000,0.42803527,0.54859958
760.60000000,5.12587000,1.95734000,0.42814294,0.54873893
760.80000000,5.12587000,1.95734000,0.42825168,0.54887827
761.00000000,5.12537000,2.09184000,0.42836415,0.54902720
761.20000000,5.12637000,2.08470000,0.42848017,0.54917563
761.40000000,5.12637000,2.09990000,0.42859641,0.54932515
761.60000000,5.12637000,2.09990000,0.42871307,0.54947457
761.80000000,5.12350000,2.02454000,0.42882764,0.54961866
762.00000000,5.12412000,2.09465000,0.42894206,0.54976773
762.20000000,5.12575000,2.05993000,0.42905746,0.54991438
762.40000000,5.12575000,2.05993000,0.42917190,0.55006105
762.60000000,5.12650000,2.07260000,0.42928670,0.55020867
762.80000000,5.12825000,1.98425000,0.42939939,0.55034989
763.00000000,5.12437000,2.06441000,0.42951185,0.55049682
763.20000000,5.12437000,2.06441000,0.42962654,0.55064382
763.40000000,5.12675000,2.15088000,0.42974363,0.55079698
763.60000000,5.12725000,2.10467000,0.42986184,0.55094681
763.80000000,5.12537000,2.04051000,0.42997698,0.55109203
764.00000000,5.12412000,2.11443000,0.43009240,0.55124251
764.20000000,5.12412000,2.11443000,0.43020987,0.55139304
764.40000000,5.12587000,1.95113000,0.43032280,0.55153192
764.60000000,5.12487000,1.94438000,0.43043101,0.55167036
764.80000000,5.12650000,2.13888000,0.43054443,0.55182265
765.00000000,5.12650000,2.13888000,0.43066326,0.55197495
765.20000000,5.12675000,2.11366000,0.43078139,0.55212546
765.40000000,5.12687000,2.01958000,0.43089620,0.55226927
765.60000000,5.12700000,2.15395000,0.43101213,0.55242262
765.80000000,5.12625000,2.04528000,0.43112877,0.55256824
766.00000000,5.12625000,2.04528000,0.43124240,0.55271386
766.20000000,5.12612000,1.95414000,0.43135350,0.55285300
766.40000000,5.12675000,2.09523000,0.43146598,0.55300220
766.60000000,5.12675000,1.88460000,0.43157653,0.55313639
766.80000000,5.12675000,1.88460000,0.43168123,0.55327050
767.00000000,5.12362000,2.11392000,0.43179230,0.55342103
767.20000000,5.12712000,2.14608000,0.43191063,0.55357382
767.40000000,5.12612000,1.92950000,0.43202384,0.55371125
767.60000000,5.12825000,2.06422000,0.43213478,0.55385828
767.80000000,5.12825000,2.06422000,0.43224946,0.55400516
768.00000000,5.12325000,1.97286000,0.43236160,0.55414562
768.20000000,5.12625000,2.06444000,0.43247375,0.55429264
768.40000000,5.12725000,2.15526000,0.43259096,0.55444612
768.60000000,5.12662000,2.11520000,0.43270959,0.55459673
768.80000000,5.12662000,2.11520000,0.43282710,0.55474740
769.00000000,5.12875000,2.14390000,0.43294540,0.55489995
769.20000000,5.12325000,2.01846000,0.43306103,0.55504364
769.40000000,5.12550000,2.08150000,0.43317491,0.55519181
769.60000000,5.12550000,2.08150000,0.43329055,0.55534005
769.80000000,5.12750000,2.13203000,0.43340759,0.55549195
770.00000000,5.12962000,2.09481000,0.43352501,0.55564101
770.20000000,5.12362000,2.09968000,0.43364152,0.55579043
770.40000000,5.12750000,2.17481000,0.43376026,0.55594531
770.60000000,5.12750000,2.17481000,0.43388108,0.55610020
770.80000000,5.12787000,2.18547000,0.43400220,0.55625586
771.00000000,5.12825000,2.14448000,0.43412247,0.55640852
771.20000000,5.12537000,2.16880000,0.43424229,0.55656291
771.40000000,5.12537000,2.16880000,0.43436278,0.55671734
771.60000000,5.12687000,2.12156000,0.43448195,0.55686835
771.80000000,5.12500000,1.97232000,0.43459567,0.55700879
772.00000000,5.12650000,2.05193000,0.43470746,0.55715485
772.20000000,5.12512000,1.90249000,0.43481730,0.55729027
772.40000000,5.12512000,1.90249000,0.43492300,0.55742574
772.60000000,5.12675000,1.84992000,0.43502723,0.55755737
772.80000000,5.12337000,2.13392000,0.43513789,0.55770922
773.00000000,5.12625000,2.17427000,0.43525756,0.55786402
773.20000000,5.12625000,2.17427000,0.43537836,0.55801890
773.40000000,5.12862000,2.07347000,0.43549635,0.55816652
773.60000000,5.12612000,2.05862000,0.43561113,0.55831310
773.80000000,5.12675000,2.17993000,0.43572887,0.55846833
774.00000000,5.12675000,2.17993000,0.43584997,0.55862354
774.20000000,5.12637000,2.18390000,0.43597119,0.55877912
774.40000000,5.12925000,2.19619000,0.43609286,0.55893548
774.60000000,5.12625000,2.14569000,0.43621347,0.55908825
774.80000000,5.12687000,2.12502000,0.43633210,0.55923956
775.00000000,5.12687000,2.12502000,0.43645016,0.55939088
775.20000000,5.12687000,2.12960000,0.43656834,0.55954256
775.40000000,5.12837000,2.17904000,0.43668802,0.55969768
775.60000000,5.12537000,2.14352000,0.43680810,0.55985027
775.80000000,5.12537000,2.14352000,0.43692718,0.56000286
776.00000000,5.12550000,1.94915000,0.43704087,0.56014164
776.20000000,5.12637000,2.11760000,0.43715383,0.56029243
776.40000000,5.12712000,2.13984000,0.43727209,0.56044481
776.60000000,5.12712000,2.13984000,0.43739097,0.56059706
776.80000000,5.12275000,2.09289000,0.43750855,0.56074612
777.00000000,5.12800000,2.12800000,0.43762580,0.56089763
777.20000000,5.12625000,2.05276000,0.43774193,0.56104376
777.40000000,5.12562000,1.97424000,0.43785379,0.56118431
777.60000000,5.12562000,1.97424000,0.43796347,0.56132489
777.80000000,5.12687000,2.10710000,0.43807684,0.56147494
778.00000000,5.12737000,2.15520000,0.43819524,0.56162843
778.20000000,5.12775000,2.16665000,0.43831529,0.56178274
778.40000000,5.12712000,2.09808000,0.43843375,0.56193214
778.60000000,5.12712000,2.09808000,0.43855031,0.56208154
778.80000000,5.12687000,2.10304000,0.43866701,0.56223127
779.00000000,5.12612000,2.10124000,0.43878380,0.56238093
779.20000000,5.12837000,2.17321000,0.43890253,0.56253572
779.40000000,5.12837000,2.17321000,0.43902326,0.56269051
779.60000000,5.12800000,2.15616000,0.43914353,0.56284403
779.80000000,5.12662000,2.13580000,0.43926275,0.56299618
780.00000000,5.12912000,2.12659000,0.43938115,0.56314754
780.20000000,5.12462000,2.11276000,0.43949891,0.56329792
780.40000000,5.12462000,2.11276000,0.43961628,0.56344836
780.60000000,5.12687000,2.13638000,0.43973431,0.56360051
780.80000000,5.12762000,2.12441000,0.43985267,0.56375178
781.00000000,5.12700000,2.13577000,0.43997101,0.56390387
781.20000000,5.12700000,2.13577000,0.44008966,0.56405590
781.40000000,5.12525000,2.13974000,0.44020842,0.56420833
781.60000000,5.12925000,2.15555000,0.44032774,0.56436182
781.80000000,5.12687000,2.12732000,0.44044671,0.56451331
782.00000000,5.12712000,2.10652000,0.44056431,0.56466331
782.20000000,5.12712000,2.10652000,0.44068134,0.56481337
782.40000000,5.12887000,2.02528000,0.44079611,0.56495755
782.60000000,5.12575000,2.12147000,0.44091130,0.56510855
782.80000000,5.12450000,1.94736000,0.44102433,0.56524715
783.00000000,5.12712000,2.03987000,0.44113508,0.56539241
783.20000000,5.12712000,2.03987000,0.44124841,0.56553760
783.40000000,5.12500000,2.06067000,0.44136231,0.56568432
783.60000000,5.12625000,2.01766000,0.44147560,0.56582798
783.80000000,5.12662000,2.10998000,0.44159026,0.56597822
784.00000000,5.12662000,2.10998000,0.44170748,0.56612842
784.20000000,5.12537000,1.82716000,0.44181684,0.56625849
784.40000000,5.12537000,2.03161000,0.44192403,0.56640317
784.60000000,5.12750000,2.12576000,0.44203951,0.56655445
784.80000000,5.12387000,2.13529000,0.44215787,0.56670641
785.00000000,5.12387000,2.13529000,0.44227650,0.56685842
785.20000000,5.12587000,2.13465000,0.44239511,0.56701044
785.40000000,5.12737000,2.12960000,0.44251356,0.56716207
785.60000000,5.12662000,2.14099000,0.44263219,0.56731452
785.80000000,5.12662000,2.14099000,0.44275113,0.56746698
786.00000000,5.12725000,2.15440000,0.44287045,0.56762036
786.20000000,5.12587000,2.14054000,0.44298975,0.56777287
786.40000000,5.12975000,1.99056000,0.44310451,0.56791454
786.60000000,5.12437000,2.04560000,0.44321662,0.56806013
786.80000000,5.12437000,2.04560000,0.44333027,0.56820582
787.00000000,5.12800000,2.14518000,0.44344668,0.56835855
787.20000000,5.12625000,1.97472000,0.44356112,0.56849911
787.40000000,5.12475000,2.11737000,0.44367479,0.56864981
787.60000000,5.12475000,2.11737000,0.44379242,0.56880051
787.80000000,5.12425000,2.10371000,0.44390967,0.56895025
788.00000000,5.12487000,1.87808000,0.44402028,0.56908391
788.20000000,5.12425000,1.96547000,0.44412704,0.56922390
788.40000000,5.12825000,2.07014000,0.44423914,0.56937135
788.60000000,5.12825000,2.07014000,0.44435415,0.56951878
788.80000000,5.12762000,2.10643000,0.44447017,0.56966873
789.00000000,5.12550000,2.15737000,0.44458861,0.56982247
789.20000000,5.13100000,2.15532000,0.44470840,0.56997607
789.40000000,5.13100000,2.15532000,0.44482814,0.57012946
789.60000000,5.12425000,1.98326000,0.44494310,0.57027065
789.80000000,5.12550000,2.12198000,0.44505714,0.57042179
790.00000000,5.12837000,2.09990000,0.44517441,0.57057127
790.20000000,5.12525000,2.09164000,0.44529084,0.57072016
790.40000000,5.12525000,2.09164000,0.44540705,0.57086910
790.60000000,5.12687000,2.07776000,0.44552286,0.57101709
790.80000000,5.12812000,1.86560000,0.44563240,0.57114985
791.00000000,5.12400000,2.12329000,0.44574320,0.57130096
791.20000000,5.12400000,2.12329000,0.44586116,0.57145214
791.40000000,5.12637000,2.15635000,0.44598004,0.57160575
791.60000000,5.12900000,2.17644000,0.44610040,0.57176064
791.80000000,5.12412000,2.10041000,0.44621920,0.57191012
792.00000000,5.12412000,2.10041000,0.44633589,0.57205961
792.20000000,5.12437000,2.14681000,0.44645387,0.57221256
792.40000000,5.12937000,2.21200000,0.44657494,0.57237007
792.60000000,5.12712000,2.12140000,0.44669532,0.57252115
792.80000000,5.12750000,2.15984000,0.44681424,0.57267496
793.00000000,5.12750000,2.15984000,0.44693423,0.57282878
793.20000000,5.12762000,2.11254000,0.44705291,0.57297922
793.40000000,5.12725000,2.10073000,0.44716994,0.57312873
793.60000000,5.12450000,2.14137000,0.44728778,0.57328114
793.80000000,5.12450000,2.14137000,0.44740674,0.57343369
794.00000000,5.12912000,2.14569000,0.44752583,0.57358647
794.20000000,5.12662000,2.13680000,0.44764479,0.57373866
794.40000000,5.12825000,2.11737000,0.44776296,0.57388930
794.60000000,5.12212000,2.00716000,0.44787753,0.57403209
794.80000000,5.12212000,2.00716000,0.44798904,0.57417500
795.00000000,5.12662000,2.02793000,0.44810112,0.57431937
795.20000000,5.12575000,1.99308000,0.44821282,0.57446133
795.40000000,5.12812000,2.14124000,0.44832766,0.57461383
795.60000000,5.12812000,2.14124000,0.44844662,0.57476629
795.80000000,5.12625000,2.15862000,0.44856606,0.57491998
796.00000000,5.12650000,2.16032000,0.44868603,0.57507377
796.20000000,5.12537000,2.10851000,0.44880461,0.57522392
796.40000000,5.12737000,2.15241000,0.44892297,0.57537720
796.60000000,5.12737000,2.15241000,0.44904255,0.57553041
796.80000000,5.12512000,1.96348000,0.44915688,0.57567027
797.00000000,5.12837000,2.22089000,0.44927311,0.57582843
797.20000000,5.12750000,2.08710000,0.44939277,0.57597706
797.40000000,5.12737000,2.10454000,0.44950921,0.57612693
797.60000000,5.12737000,2.10454000,0.44962613,0.57627679
797.80000000,5.12687000,2.17225000,0.44974493,0.57643146
798.00000000,5.12662000,2.15254000,0.44986506,0.57658477
798.20000000,5.12800000,2.10044000,0.44998320,0.57673437
798.40000000,5.12800000,2.10044000,0.45009989,0.57688393
798.60000000,5.12687000,2.05116000,0.45021521,0.57703001
798.80000000,5.12775000,2.09280000,0.45033032,0.57717909
799.00000000,5.12875000,2.16432000,0.45044858,0.57733319
799.20000000,5.12650000,2.14361000,0.45056824,0.57748582
799.40000000,5.12650000,2.14361000,0.45068733,0.57763845
799.60000000,5.12662000,1.99750000,0.45080236,0.57778060
799.80000000,5.12375000,1.96803000,0.45091251,0.57792068
800.00000000,5.12500000,1.96921000,0.45102188,0.57806085
800.20000000,5.12500000,1.96921000,0.45113128,0.57820112
800.40000000,5.12862000,2.16675000,0.45124617,0.57835534
800.60000000,5.12450000,1.84832000,0.45135770,0.57848699
800.80000000,5.12862000,2.04787000,0.45146593,0.57863277
801.00000000,5.12537000,2.14787000,0.45158248,0.57878567
801.20000000,5.12537000,2.14787000,0.45170180,0.57893871
801.40000000,5.13000000,2.21766000,0.45182307,0.57909660
801.60000000,5.12637000,2.04080000,0.45194136,0.57924187
801.80000000,5.12512000,2.02025000,0.45205416,0.57938568
802.00000000,5.12512000,2.02025000,0.45216640,0.57952957
802.20000000,5.12825000,2.12947000,0.45228167,0.57968115
802.40000000,5.12512000,2.11689000,0.45239963,0.57983195
802.60000000,5.12912000,2.16236000,0.45251849,0.57998583
802.80000000,5.12375000,2.02732000,0.45263487,0.58013011
803.00000000,5.12375000,2.02732000,0.45274750,0.58027457
803.20000000,5.13050000,2.10710000,0.45286235,0.58042455
803.40000000,5.12512000,2.06528000,0.45297825,0.58057150
803.60000000,5.12287000,1.92220000,0.45308901,0.58070827
803.80000000,5.12462000,2.13990000,0.45320185,0.58086057
804.00000000,5.12462000,2.13990000,0.45332073,0.58101296
804.20000000,5.12725000,1.98259000,0.45343524,0.58115409
804.40000000,5.12512000,2.02524000,0.45354657,0.58129834
804.60000000,5.12825000,2.09168000,0.45366093,0.58144732
804.80000000,5.12825000,2.09168000,0.45377713,0.58159626
805.00000000,5.12687000,2.14688000,0.45389487,0.58174912
805.20000000,5.12662000,1.94870000,0.45400864,0.58188787
805.40000000,5.12625000,2.19641000,0.45412378,0.58204425
805.60000000,5.12625000,2.19641000,0.45424580,0.58220067
805.80000000,5.12762000,1.94700000,0.45436090,0.58233931
806.00000000,5.12687000,1.99545000,0.45447041,0.58248126
806.20000000,5.12187000,2.01612000,0.45458184,0.58262468
806.40000000,5.12537000,2.09145000,0.45469594,0.58277356
806.60000000,5.12537000,2.09145000,0.45481213,0.58292246
806.80000000,5.12612000,2.07638000,0.45492791,0.58307023
807.00000000,5.12400000,2.02160000,0.45504174,0.58321422
807.20000000,5.12837000,2.18819000,0.45515868,0.58337008
807.40000000,5.12837000,2.18819000,0.45528024,0.58352582
807.60000000,5.12450000,1.82160000,0.45539163,0.58365556
807.80000000,5.12800000,2.04233000,0.45549896,0.58380095
808.00000000,5.12537000,2.00998000,0.45561152,0.58394403
808.20000000,5.12537000,2.00998000,0.45572319,0.58408718
808.40000000,5.12800000,2.11820000,0.45583786,0.58423801
808.60000000,5.12662000,2.12012000,0.45595559,0.58438885
808.80000000,5.12275000,2.02672000,0.45607078,0.58453319
809.00000000,5.12762000,2.02780000,0.45618341,0.58467760
809.20000000,5.12762000,2.02780000,0.45629606,0.58482198
809.40000000,5.12650000,1.81174000,0.45640272,0.58495091
809.60000000,5.12350000,2.04604000,0.45650988,0.58509659
809.80000000,5.12662000,1.97776000,0.45662165,0.58523741
810.00000000,5.12662000,1.97776000,0.45673153,0.58537822
810.20000000,5.12612000,1.99257000,0.45684181,0.58552016
810.40000000,5.12875000,2.10995000,0.45695577,0.58567024
810.60000000,5.12137000,1.99036000,0.45706967,0.58581195
810.80000000,5.12637000,2.11062000,0.45718358,0.58596223
811.00000000,5.12637000,2.11062000,0.45730084,0.58611254
811.20000000,5.12762000,1.99100000,0.45741478,0.58625428
811.40000000,5.12575000,2.10912000,0.45752867,0.58640445
811.60000000,5.12637000,1.88198000,0.45763953,0.58653846
811.80000000,5.12687000,2.04822000,0.45774870,0.58668431
812.00000000,5.12687000,2.04822000,0.45786249,0.58683015
812.20000000,5.12675000,1.86515000,0.45797120,0.58696290
812.40000000,5.12462000,1.99747000,0.45807849,0.58710503
812.60000000,5.12325000,1.91017000,0.45818704,0.58724095
812.80000000,5.12325000,1.91017000,0.45829316,0.58737699
813.00000000,5.12762000,2.11417000,0.45840495,0.58752745
813.20000000,5.12387000,2.16313000,0.45852376,0.58768140
813.40000000,5.12450000,1.94953000,0.45863800,0.58782026
813.60000000,5.12837000,1.99027000,0.45874744,0.58796203
813.80000000,5.12837000,1.99027000,0.45885801,0.58810365
814.00000000,5.12337000,1.97472000,0.45896815,0.58824431
814.20000000,5.12850000,1.99993000,0.45907856,0.58838668
814.40000000,5.12562000,2.03974000,0.45919077,0.58853189
814.60000000,5.12562000,2.03974000,0.45930409,0.58867701
814.80000000,5.12275000,2.06819000,0.45941820,0.58882430
815.00000000,5.12737000,2.10416000,0.45953410,0.58897414
815.20000000,5.12725000,2.13561000,0.45965187,0.58912615
815.40000000,5.12500000,1.84310000,0.45976239,0.58925734
815.60000000,5.12500000,1.84310000,0.45986478,0.58938854
815.80000000,5.12500000,1.95766000,0.45997036,0.58952792
816.00000000,5.12625000,1.96281000,0.46007926,0.58966763
816.20000000,5.12475000,1.94147000,0.46018771,0.58980581
816.40000000,5.12475000,1.94147000,0.46029557,0.58994406
816.60000000,5.12687000,2.08582000,0.46040744,0.59009253
816.80000000,5.12512000,1.94627000,0.46051944,0.59023097
817.00000000,5.12125000,1.87955000,0.46062572,0.59036466
817.20000000,5.12125000,1.87955000,0.46073014,0.59049855
817.40000000,5.12900000,2.16748000,0.46084255,0.59065286
817.60000000,5.12600000,1.82969000,0.46095359,0.59078309
817.80000000,5.12475000,1.95164000,0.46105862,0.59092201
818.00000000,5.12337000,2.01584000,0.46116883,0.59106545
818.20000000,5.12337000,2.01584000,0.46128082,0.59120894
818.40000000,5.12500000,1.94576000,0.46139087,0.59134747
818.60000000,5.12612000,2.00937000,0.46150073,0.59149055
818.80000000,5.12687000,1.95385000,0.46161082,0.59162967
819.00000000,5.12687000,1.95385000,0.46171937,0.59176878
819.20000000,5.12600000,2.14819000,0.46183331,0.59192178
819.40000000,5.12812000,2.03641000,0.46194955,0.59206670
819.60000000,5.12387000,1.94384000,0.46206011,0.59220503
819.80000000,5.12387000,1.94384000,0.46216811,0.59234341
820.00000000,5.12550000,1.87193000,0.46227410,0.59247670
820.20000000,5.12662000,1.98963000,0.46238136,0.59261831
820.40000000,5.12475000,1.97385000,0.46249146,0.59275880
820.60000000,5.12450000,1.96441000,0.46260086,0.59289861
820.80000000,5.12450000,1.96441000,0.46270999,0.59303850
821.00000000,5.12700000,2.00211000,0.46282017,0.59318103
821.20000000,5.12587000,2.15424000,0.46293563,0.59333452
821.40000000,5.13000000,2.06956000,0.46305295,0.59348185
821.60000000,5.12537000,1.91603000,0.46316366,0.59361824
821.80000000,5.12537000,1.91603000,0.46327011,0.59375466
822.00000000,5.12625000,2.11273000,0.46338202,0.59390501
822.20000000,5.12400000,1.93737000,0.46349452,0.59404293
822.40000000,5.12562000,2.01910000,0.46360443,0.59418667
822.60000000,5.12562000,2.01910000,0.46371660,0.59433038
822.80000000,5.12450000,1.90646000,0.46382564,0.59446614
823.00000000,5.12712000,1.90211000,0.46393143,0.59460159
823.20000000,5.12737000,2.14220000,0.46404378,0.59475416
823.40000000,5.12787000,1.91513000,0.46415648,0.59489056
823.60000000,5.12787000,1.91513000,0.46426288,0.59502687
823.80000000,5.12487000,1.87843000,0.46436825,0.59516053
824.00000000,5.12287000,2.03622000,0.46447699,0.59530551
824.20000000,5.12650000,2.15897000,0.46459353,0.59545923
824.40000000,5.12650000,2.15897000,0.46471347,0.59561298
824.60000000,5.12762000,1.98800000,0.46482866,0.59575452
824.80000000,5.12600000,2.04038000,0.46494056,0.59589967
825.00000000,5.12200000,1.99078000,0.46505254,0.59604147
825.20000000,5.12862000,2.10502000,0.46516631,0.59619142
825.40000000,5.12862000,2.10502000,0.46528326,0.59634123
825.60000000,5.12437000,2.08867000,0.46539975,0.59648993
825.80000000,5.12575000,2.05785000,0.46551493,0.59663650
826.00000000,5.12812000,1.99212000,0.46562743,0.59677838
826.20000000,5.12462000,1.91110000,0.46573585,0.59691441
826.40000000,5.12462000,1.91110000,0.46584202,0.59705042
826.60000000,5.12412000,1.91558000,0.46594832,0.59718679
826.80000000,5.12587000,2.00160000,0.46605713,0.59732930
827.00000000,5.12625000,2.01731000,0.46616877,0.59747293
827.20000000,5.12625000,2.01731000,0.46628084,0.59761664
827.40000000,5.12937000,2.14563000,0.46639648,0.59776939
827.60000000,5.12562000,2.00758000,0.46651184,0.59791236
827.80000000,5.12762000,2.07379000,0.46662522,0.59805998
828.00000000,5.12500000,2.02361000,0.46673903,0.59820402
828.20000000,5.12500000,2.02361000,0.46685145,0.59834804
828.40000000,5.12437000,1.89894000,0.46696041,0.59848317
828.60000000,5.12337000,2.07990000,0.46707094,0.59863120
828.80000000,5.12437000,1.94918000,0.46718286,0.59876992
829.00000000,5.12437000,1.94918000,0.46729114,0.59890870
829.20000000,5.12612000,2.12771000,0.46740439,0.59906020
829.40000000,5.12675000,1.82198000,0.46751411,0.59918986
829.60000000,5.12387000,2.17763000,0.46762521,0.59934483
829.80000000,5.12487000,2.15785000,0.46774564,0.59949843
830.00000000,5.12487000,2.15785000,0.46786552,0.59965201
830.20000000,5.12450000,1.96707000,0.46798010,0.59979214
830.40000000,5.12925000,2.01152000,0.46809061,0.59993527
830.60000000,5.12312000,2.05833000,0.46820366,0.60008173
830.80000000,5.12312000,2.05833000,0.46831802,0.60022831
831.00000000,5.12750000,2.04518000,0.46843200,0.60037386
831.20000000,5.12400000,2.09667000,0.46854705,0.60052318
831.40000000,5.12762000,2.15100000,0.46866505,0.60067637
831.60000000,5.12762000,2.15100000,0.46878455,0.60082949
831.80000000,5.12525000,1.96540000,0.46889889,0.60096934
832.00000000,5.12325000,1.85795000,0.46900509,0.60110165
832.20000000,5.12762000,2.08560000,0.46911464,0.60125018
832.40000000,5.12525000,1.99465000,0.46922798,0.60139217
832.60000000,5.12525000,1.99465000,0.46933879,0.60153417
832.80000000,5.12550000,2.16540000,0.46945435,0.60168838
833.00000000,5.12775000,2.09603000,0.46957272,0.60183759
833.20000000,5.12525000,2.02505000,0.46968720,0.60198174
833.40000000,5.12525000,2.02505000,0.46979970,0.60212585
833.60000000,5.12400000,1.96374000,0.46991050,0.60226565
833.80000000,5.12550000,2.06086000,0.47002229,0.60241242
834.00000000,5.12775000,2.00832000,0.47013533,0.60255545
834.20000000,5.12775000,2.00832000,0.47024690,0.60269843
834.40000000,5.12587000,2.01363000,0.47035862,0.60284187
834.60000000,5.12887000,2.19225000,0.47047545,0.60299786
834.80000000,5.12325000,2.02486000,0.47059259,0.60314208
835.00000000,5.12825000,2.06163000,0.47070610,0.60328892
835.20000000,5.12825000,2.06163000,0.47082064,0.60343567
835.40000000,5.12487000,2.13004000,0.47093708,0.60358731
835.60000000,5.12575000,2.08537000,0.47105417,0.60373581
835.80000000,5.12737000,2.05651000,0.47116922,0.60388210
836.00000000,5.12175000,1.85209000,0.47127779,0.60401385
836.20000000,5.12175000,1.85209000,0.47138069,0.60414570
836.40000000,5.12575000,1.94051000,0.47148604,0.60428392
836.60000000,5.12825000,2.14444000,0.47159951,0.60443649
836.80000000,5.12262000,1.84076000,0.47171021,0.60456746
837.00000000,5.12262000,1.84076000,0.47181247,0.60469845
837.20000000,5.12375000,2.10492000,0.47192208,0.60484837
837.40000000,5.12812000,2.12092000,0.47203946,0.60499941
837.60000000,5.12725000,2.08060000,0.47215617,0.60514754
837.80000000,5.12612000,2.02454000,0.47227020,0.60529168
838.00000000,5.12612000,2.02454000,0.47238268,0.60543576
838.20000000,5.12412000,2.04185000,0.47249563,0.60558125
838.40000000,5.13025000,2.11296000,0.47261104,0.60573167
838.60000000,5.12575000,2.01388000,0.47272568,0.60587504
838.80000000,5.12575000,2.01388000,0.47283756,0.60601833
839.00000000,5.12275000,2.04195000,0.47295022,0.60616379
839.20000000,5.12900000,2.16457000,0.47306707,0.60631786
839.40000000,5.12475000,1.92035000,0.47318054,0.60645458
839.60000000,5.12612000,1.93363000,0.47328759,0.60659224
839.80000000,5.12612000,1.93363000,0.47339502,0.60672981
840.00000000,5.12250000,2.15606000,0.47350862,0.60688335
840.20000000,5.12712000,1.96390000,0.47362306,0.60702309
840.40000000,5.12337000,2.13059000,0.47373680,0.60717470
840.60000000,5.12337000,2.13059000,0.47385516,0.60732636
840.80000000,5.12512000,1.89670000,0.47396703,0.60746140
841.00000000,5.12600000,1.92995000,0.47407333,0.60759874
841.20000000,5.12387000,2.03833000,0.47418356,0.60774387
841.40000000,5.12625000,1.99043000,0.47429547,0.60788558
841.60000000,5.12625000,1.99043000,0.47440605,0.60802725
841.80000000,5.12475000,2.08534000,0.47451927,0.60817568
842.00000000,5.12475000,2.00156000,0.47463279,0.60831819
842.20000000,5.12625000,1.89683000,0.47474108,0.60845324
842.40000000,5.12625000,1.89683000,0.47484646,0.60858821
842.60000000,5.12337000,1.90380000,0.47495203,0.60872371
842.80000000,5.12450000,1.88771000,0.47505735,0.60885808
843.00000000,5.12500000,1.92336000,0.47516321,0.60899499
843.20000000,5.12662000,2.12672000,0.47527572,0.60914642
843.40000000,5.12662000,2.12672000,0.47539387,0.60929783
843.60000000,5.12612000,1.94592000,0.47550700,0.60943636
843.80000000,5.12550000,2.03276000,0.47561752,0.60958107
844.00000000,5.12587000,1.96620000,0.47572860,0.60972105
844.20000000,5.12587000,1.96620000,0.47583783,0.60986106
844.40000000,5.12700000,2.06841000,0.47594990,0.61000838
844.60000000,5.12787000,2.03216000,0.47606381,0.61015302
844.80000000,5.12462000,2.04172000,0.47617697,0.61029834
845.00000000,5.12462000,2.04172000,0.47629040,0.61044368
845.20000000,5.12537000,1.98777000,0.47640233,0.61058527
845.40000000,5.12887000,2.08956000,0.47651559,0.61073396
845.60000000,5.12312000,1.92080000,0.47662699,0.61087069
845.80000000,5.12550000,2.03865000,0.47673697,0.61101582
846.00000000,5.12550000,2.03865000,0.47685023,0.61116096
846.20000000,5.12612000,2.06796000,0.47696430,0.61130822
846.40000000,5.12712000,2.05107000,0.47707872,0.61145432
846.60000000,5.12862000,2.09788000,0.47719397,0.61160376
846.80000000,5.12862000,2.09788000,0.47731052,0.61175301
847.00000000,5.12262000,1.95414000,0.47742308,0.61189213
847.20000000,5.12562000,2.07801000,0.47753508,0.61204009
847.40000000,5.12650000,1.93520000,0.47764656,0.61217789
847.60000000,5.12725000,1.92844000,0.47775388,0.61231522
847.80000000,5.12725000,1.92844000,0.47786102,0.61245256
848.00000000,5.12750000,2.08256000,0.47797243,0.61260075
848.20000000,5.12362000,2.03065000,0.47808669,0.61274536
848.40000000,5.12725000,2.12304000,0.47820207,0.61289655
848.60000000,5.12725000,2.12304000,0.47832002,0.61304768
848.80000000,5.12550000,2.01142000,0.47843486,0.61319092
849.00000000,5.12750000,2.10515000,0.47854921,0.61334078
849.20000000,5.12525000,2.12819000,0.47866680,0.61349232
849.40000000,5.12700000,2.09776000,0.47878419,0.61364170
849.60000000,5.12700000,2.09776000,0.47890073,0.61379111
849.80000000,5.12800000,1.98396000,0.47901411,0.61393227
850.00000000,5.12300000,1.86604000,0.47912106,0.61406511
850.20000000,5.12550000,2.04668000,0.47922975,0.61421081
850.40000000,5.12550000,2.04668000,0.47934345,0.61435650
850.60000000,5.12525000,2.11232000,0.47945898,0.61450690
850.80000000,5.12650000,1.93798000,0.47957149,0.61464487
851.00000000,5.12600000,2.10758000,0.47968386,0.61479497
851.20000000,5.12787000,1.93187000,0.47979607,0.61493256
851.40000000,5.12787000,1.93187000,0.47990340,0.61507006
851.60000000,5.12437000,2.03900000,0.48001370,0.61521533
851.80000000,5.12987000,2.05865000,0.48012752,0.61536187
852.00000000,5.12487000,1.98892000,0.48023995,0.61550343
852.20000000,5.12487000,1.98998000,0.48035048,0.61564508
852.40000000,5.12487000,1.98998000,0.48046103,0.61578678
852.60000000,5.12687000,2.07113000,0.48057384,0.61593419
852.80000000,5.12462000,1.98665000,0.48068656,0.61607568
853.00000000,5.12775000,2.11932000,0.48080061,0.61622661
853.20000000,5.12775000,2.11932000,0.48091835,0.61637748
853.40000000,5.12550000,1.91737000,0.48103048,0.61651402
853.60000000,5.12700000,1.86556000,0.48113556,0.61664678
853.80000000,5.12400000,2.01808000,0.48124344,0.61679040
854.00000000,5.12400000,2.01808000,0.48135556,0.61693414
854.20000000,5.12825000,2.11644000,0.48147041,0.61708475
854.40000000,5.12350000,1.96992000,0.48158392,0.61722501
854.60000000,5.12675000,1.94665000,0.48169271,0.61736362
854.80000000,5.12425000,1.97676000,0.48180169,0.61750431
855.00000000,5.12425000,1.97676000,0.48191151,0.61764504
855.20000000,5.12575000,2.02076000,0.48202256,0.61778890
855.40000000,5.12587000,2.00464000,0.48213437,0.61793158
855.60000000,5.12462000,2.13017000,0.48224923,0.61808320
855.80000000,5.12462000,2.13017000,0.48236757,0.61823489
856.00000000,5.12737000,2.05872000,0.48248393,0.61838146
856.20000000,5.12600000,1.88348000,0.48259344,0.61851559
856.40000000,5.12712000,2.00361000,0.48270141,0.61865826
856.60000000,5.12712000,2.00361000,0.48281272,0.61880093
856.80000000,5.12687000,1.99168000,0.48292370,0.61894259
857.00000000,5.12100000,1.91692000,0.48303227,0.61907912
857.20000000,5.12787000,2.08172000,0.48314335,0.61922732
857.40000000,5.12587000,2.04249000,0.48325791,0.61937273
857.60000000,5.12587000,2.04249000,0.48337138,0.61951812
857.80000000,5.12537000,2.09836000,0.48348640,0.61966749
858.00000000,5.12500000,1.99625000,0.48360014,0.61980960
858.20000000,5.12575000,1.94681000,0.48370967,0.61994820
858.40000000,5.12575000,1.94681000,0.48381783,0.62008679
858.60000000,5.12575000,1.96428000,0.48392647,0.62022661
858.80000000,5.12512000,2.09619000,0.48403926,0.62037594
859.00000000,5.12900000,2.08134000,0.48415530,0.62052411
859.20000000,5.12575000,2.00912000,0.48426893,0.62066714
859.40000000,5.12575000,2.00912000,0.48438055,0.62081012
859.60000000,5.12375000,2.01676000,0.48449238,0.62095368
859.80000000,5.12525000,1.89923000,0.48460115,0.62108886
860.00000000,5.12487000,1.96505000,0.48470849,0.62122879
860.20000000,5.12675000,2.09705000,0.48482133,0.62137811
860.40000000,5.12675000,2.09705000,0.48493783,0.62152741
860.60000000,5.12625000,1.95619000,0.48505042,0.62166664
860.80000000,5.12450000,2.08652000,0.48516272,0.62181515
861.00000000,5.12462000,1.94732000,0.48527477,0.62195375
861.20000000,5.12462000,1.94732000,0.48538296,0.62209244
861.40000000,5.12775000,2.10390000,0.48549549,0.62224212
861.60000000,5.12250000,1.96892000,0.48560862,0.62238238
861.80000000,5.12925000,2.17756000,0.48572380,0.62253737
862.00000000,5.12437000,1.99616000,0.48583974,0.62267944
862.20000000,5.12437000,1.99616000,0.48595064,0.62282160
862.40000000,5.12775000,2.15100000,0.48606584,0.62297476
862.60000000,5.12687000,2.00230000,0.48618121,0.62311732
862.80000000,5.12612000,2.00080000,0.48629240,0.62325977
863.00000000,5.12612000,2.00080000,0.48640356,0.62340230
863.20000000,5.12900000,2.16585000,0.48651930,0.62355651
863.40000000,5.12662000,2.00553000,0.48663517,0.62369934
863.60000000,5.12737000,2.14614000,0.48675050,0.62385220
863.80000000,5.12837000,2.08259000,0.48686796,0.62400054
864.00000000,5.12837000,2.08259000,0.48698366,0.62414880
864.20000000,5.12587000,2.06908000,0.48709898,0.62429613
864.40000000,5.12687000,1.98905000,0.48721171,0.62443767
864.60000000,5.12350000,1.94217000,0.48732091,0.62457588
864.80000000,5.12350000,1.94217000,0.48742881,0.62471418
865.00000000,5.12700000,2.13798000,0.48754215,0.62486638
865.20000000,5.12575000,1.96553000,0.48765613,0.62500634
865.40000000,5.12675000,1.93158000,0.48776439,0.62514384
865.60000000,5.12550000,1.99142000,0.48787336,0.62528561
865.80000000,5.12550000,1.99142000,0.48798399,0.62542736
866.00000000,5.12500000,2.10476000,0.48809777,0.62557725
866.20000000,5.12775000,2.04268000,0.48821298,0.62572275
866.40000000,5.12837000,2.13219000,0.48832895,0.62587462
866.60000000,5.12837000,2.13219000,0.48844740,0.62602641
866.80000000,5.12575000,2.03126000,0.48856306,0.62617108
867.00000000,5.12787000,2.04784000,0.48867636,0.62631685
867.20000000,5.12500000,2.05388000,0.48879030,0.62646304
867.40000000,5.12500000,2.05388000,0.48890441,0.62660922
867.60000000,5.12425000,1.84310000,0.48901266,0.62674041
867.80000000,5.12512000,2.06681000,0.48912126,0.62688756
868.00000000,5.12600000,2.14675000,0.48923831,0.62704039
868.20000000,5.12712000,1.97532000,0.48935281,0.62718106
868.40000000,5.12712000,1.97532000,0.48946255,0.62732172
868.60000000,5.12712000,2.10704000,0.48957595,0.62747163
868.80000000,5.12275000,2.04947000,0.48969141,0.62761762
869.00000000,5.12850000,2.10921000,0.48980693,0.62776785
869.20000000,5.12850000,2.10921000,0.48992410,0.62791798
869.40000000,5.12475000,2.00748000,0.49003846,0.62806094
869.60000000,5.12737000,1.91065000,0.49014729,0.62819698
869.80000000,5.12662000,1.91555000,0.49025358,0.62833334
870.00000000,5.12537000,2.09286000,0.49036492,0.62848233
870.20000000,5.12537000,2.09286000,0.49048119,0.62863139
870.40000000,5.12812000,2.11145000,0.49059798,0.62878161
870.60000000,5.12250000,1.96348000,0.49071117,0.62892147
870.80000000,5.12862000,1.96764000,0.49082037,0.62906163
871.00000000,5.12862000,1.96764000,0.49092968,0.62920169
871.20000000,5.12512000,1.86566000,0.49103616,0.62933444
871.40000000,5.12337000,2.05315000,0.49114502,0.62948061
871.60000000,5.12587000,2.11977000,0.49126093,0.62963162
871.80000000,5.12912000,1.99971000,0.49137536,0.62977407
872.00000000,5.12912000,1.99971000,0.49148646,0.62991638
872.20000000,5.12387000,2.00412000,0.49159767,0.63005912
872.40000000,5.12787000,2.04480000,0.49171014,0.63020465
872.60000000,5.12437000,2.05558000,0.49182404,0.63035095
872.80000000,5.12437000,2.05558000,0.49193824,0.63049729
873.00000000,5.12587000,2.07552000,0.49205300,0.63064507
873.20000000,5.12637000,1.87788000,0.49216281,0.63077877
873.40000000,5.12625000,1.91056000,0.49226805,0.63091481
873.60000000,5.12675000,1.98899000,0.49237637,0.63105644
873.80000000,5.12675000,1.98899000,0.49248687,0.63119799
874.00000000,5.12412000,2.09372000,0.49260028,0.63134712
874.20000000,5.12837000,1.98195000,0.49271349,0.63148820
874.40000000,5.12500000,2.00502000,0.49282424,0.63163091
874.60000000,5.12500000,2.00502000,0.49293563,0.63177364
874.80000000,5.12512000,1.80800000,0.49304155,0.63190228
875.00000000,5.12300000,2.02694000,0.49314807,0.63204656
875.20000000,5.12500000,1.95228000,0.49325861,0.63218562
875.40000000,5.12875000,1.94304000,0.49336681,0.63232403
875.60000000,5.12875000,1.94304000,0.49347476,0.63246233
875.80000000,5.12475000,2.13116000,0.49358793,0.63261403
876.00000000,5.12512000,1.96816000,0.49370180,0.63275419
876.20000000,5.12725000,2.11465000,0.49381521,0.63290474
876.40000000,5.12587000,1.98659000,0.49392913,0.63304617
876.60000000,5.12587000,1.98659000,0.49403950,0.63318755
876.80000000,5.12425000,1.97030000,0.49414941,0.63332792
877.00000000,5.12925000,1.97782000,0.49425908,0.63346863
877.20000000,5.12237000,1.86617000,0.49436586,0.63360139
877.40000000,5.12237000,1.86617000,0.49446954,0.63373427
877.60000000,5.12675000,2.17772000,0.49458187,0.63388935
877.80000000,5.12700000,2.10844000,0.49470093,0.63403948
878.00000000,5.12675000,1.94966000,0.49481365,0.63417830
878.20000000,5.12675000,1.99494000,0.49492322,0.63432035
878.40000000,5.12675000,1.99494000,0.49503405,0.63446241
878.60000000,5.12700000,2.07046000,0.49514698,0.63460983
878.80000000,5.12650000,2.09312000,0.49526264,0.63475874
879.00000000,5.12250000,1.85718000,0.49537237,0.63489088
879.20000000,5.12250000,1.85718000,0.49547554,0.63502310
879.40000000,5.12612000,1.96252000,0.49558165,0.63516287
879.60000000,5.12800000,1.90819000,0.49568917,0.63529867
879.80000000,5.12375000,2.09878000,0.49580047,0.63544802
880.00000000,5.12637000,1.80726000,0.49590897,0.63557670
880.20000000,5.12637000,1.80726000,0.49600937,0.63570530
880.40000000,5.12325000,1.96092000,0.49611405,0.63584489
880.60000000,5.12550000,2.07529000,0.49622616,0.63599269
880.80000000,5.12787000,1.98265000,0.49633888,0.63613390
881.00000000,5.12787000,1.98265000,0.49644903,0.63627502
881.20000000,5.12475000,2.03273000,0.49656057,0.63641972
881.40000000,5.12525000,1.84787000,0.49666836,0.63655125
881.60000000,5.12525000,1.93939000,0.49677357,0.63668931
881.80000000,5.12525000,1.93939000,0.49688131,0.63682735
882.00000000,5.12487000,1.89392000,0.49698779,0.63696214
882.20000000,5.12437000,2.05603000,0.49709751,0.63710855
882.40000000,5.12687000,2.13779000,0.49721401,0.63726077
882.60000000,5.12687000,2.13779000,0.49733277,0.63741303
882.80000000,5.12812000,2.01075000,0.49744801,0.63755621
883.00000000,5.12675000,2.13260000,0.49756310,0.63770812
883.20000000,5.12875000,2.01756000,0.49767838,0.63785174
883.40000000,5.12537000,1.99948000,0.49778997,0.63799408
883.60000000,5.12537000,1.99948000,0.49790105,0.63813647
883.80000000,5.12737000,2.11459000,0.49801533,0.63828707
884.00000000,5.12812000,2.01616000,0.49813007,0.63843054
884.20000000,5.12350000,2.06860000,0.49824354,0.63857786
884.40000000,5.12762000,2.05347000,0.49835804,0.63872411
884.60000000,5.12762000,2.05347000,0.49847212,0.63887030
884.80000000,5.12587000,2.01136000,0.49858504,0.63901345
885.00000000,5.12425000,1.89785000,0.49869362,0.63914862
885.20000000,5.12800000,2.01401000,0.49880229,0.63929206
885.40000000,5.12800000,2.01401000,0.49891418,0.63943543
885.60000000,5.12537000,2.00070000,0.49902570,0.63957787
885.80000000,5.12612000,2.02755000,0.49913759,0.63972225
886.00000000,5.12700000,2.11996000,0.49925280,0.63987313
886.20000000,5.12450000,1.97436000,0.49936653,0.64001365
886.40000000,5.12450000,1.97436000,0.49947622,0.64015419
886.60000000,5.12500000,1.92873000,0.49958464,0.64029147
886.80000000,5.12487000,1.95968000,0.49969265,0.64043101
887.00000000,5.12650000,2.14451000,0.49980665,0.64058370
887.20000000,5.12650000,2.14451000,0.49992579,0.64073636
887.40000000,5.12562000,1.89657000,0.50003805,0.64087136
887.60000000,5.12500000,1.91523000,0.50014393,0.64100770
887.80000000,5.12537000,1.99388000,0.50025252,0.64114970
888.00000000,5.12750000,1.98768000,0.50036311,0.64129125
888.20000000,5.12750000,1.98768000,0.50047354,0.64143270
888.40000000,5.12375000,2.06976000,0.50058625,0.64158005
888.60000000,5.12575000,1.88259000,0.50069604,0.64171403
888.80000000,5.12437000,2.07043000,0.50080584,0.64186139
889.00000000,5.12537000,2.16355000,0.50092345,0.64201540
889.20000000,5.12537000,2.16355000,0.50104365,0.64216943
889.40000000,5.12575000,1.93964000,0.50115763,0.64230750
889.60000000,5.12537000,1.86592000,0.50126334,0.64244033
889.80000000,5.12525000,2.07884000,0.50137291,0.64258831
890.00000000,5.12525000,2.07884000,0.50148840,0.64273630
890.20000000,5.12575000,2.01324000,0.50160207,0.64287958
890.40000000,5.12412000,1.93920000,0.50171186,0.64301765
890.60000000,5.12637000,2.05043000,0.50182269,0.64316358
890.80000000,5.12425000,1.93344000,0.50193335,0.64330118
891.00000000,5.12425000,1.93344000,0.50204076,0.64343878
891.20000000,5.12412000,2.08624000,0.50215242,0.64358734
891.40000000,5.12700000,1.92739000,0.50226391,0.64372454
891.60000000,5.12525000,1.98886000,0.50237270,0.64386612
891.80000000,5.12525000,1.98886000,0.50248319,0.64400766
892.00000000,5.12400000,2.00630000,0.50259416,0.64415050
892.20000000,5.12637000,2.00275000,0.50270553,0.64429308
892.40000000,5.12587000,1.99484000,0.50281657,0.64443510
892.60000000,5.12775000,1.98352000,0.50292708,0.64457637
892.80000000,5.12775000,1.98352000,0.50303728,0.64471756
893.00000000,5.12537000,2.16928000,0.50315263,0.64487207
893.20000000,5.12825000,2.07360000,0.50327049,0.64501963
893.40000000,5.12337000,2.03305000,0.50338456,0.64516429
893.60000000,5.12337000,2.03305000,0.50349751,0.64530908
893.80000000,5.12750000,2.18416000,0.50361466,0.64546456
894.00000000,5.12550000,1.94544000,0.50372937,0.64560311
894.20000000,5.12762000,2.08067000,0.50384120,0.64575129
894.40000000,5.12762000,2.08067000,0.50395680,0.64589943
894.60000000,5.12625000,1.98515000,0.50406973,0.64604073
894.80000000,5.12500000,1.96681000,0.50417951,0.64618085
895.00000000,5.12925000,2.04496000,0.50429095,0.64632653
895.20000000,5.12337000,1.86265000,0.50439949,0.64645907
895.40000000,5.12337000,1.86265000,0.50450297,0.64659172
895.60000000,5.12725000,2.16480000,0.50461485,0.64674579
895.80000000,5.12437000,1.97494000,0.50472984,0.64688638
896.00000000,5.12550000,1.98972000,0.50483997,0.64702802
896.20000000,5.12550000,1.98972000,0.50495051,0.64716963
896.40000000,5.12437000,1.98492000,0.50506092,0.64731094
896.60000000,5.12575000,1.89465000,0.50516868,0.64744582
896.80000000,5.12575000,2.04531000,0.50527813,0.64759143
897.00000000,5.12525000,1.97782000,0.50538988,0.64773222
897.20000000,5.12525000,1.97782000,0.50549976,0.64787300
897.40000000,5.12500000,1.94902000,0.50560884,0.64801177
897.60000000,5.12625000,1.95100000,0.50571717,0.64815061
897.80000000,5.12387000,2.02262000,0.50582755,0.64829455
898.00000000,5.12387000,2.02262000,0.50593992,0.64843851
898.20000000,5.12462000,2.08156000,0.50605392,0.64858672
898.40000000,5.12650000,1.81984000,0.50616230,0.64871628
898.60000000,5.12575000,2.02924000,0.50626921,0.64886077
898.80000000,5.12662000,1.87408000,0.50637764,0.64899421
899.00000000,5.12662000,1.87408000,0.50648176,0.64912763
899.20000000,5.12612000,1.95753000,0.50658819,0.64926702
899.40000000,5.12675000,2.12976000,0.50670172,0.64941864
899.60000000,5.12587000,1.96553000,0.50681548,0.64955857
899.80000000,5.12587000,1.96553000,0.50692468,0.64969848
900.00000000,5.12487000,1.95558000,0.50703360,0.64983767
900.20000000,5.12487000,1.93241000,0.50714160,0.64997523
900.40000000,5.12537000,1.97817000,0.50725023,0.65011613
900.60000000,5.12812000,2.03334000,0.50736166,0.65026095
900.80000000,5.12812000,2.03334000,0.50747462,0.65040564
901.00000000,5.12337000,2.10105000,0.50758946,0.65055521
901.20000000,5.12562000,1.95737000,0.50770220,0.65069457
901.40000000,5.12625000,2.09526000,0.50781477,0.65084375
901.60000000,5.12625000,2.09526000,0.50793117,0.65099292
901.80000000,5.12587000,1.97635000,0.50804427,0.65113363
902.00000000,5.12650000,2.00307000,0.50815481,0.65127620
902.20000000,5.12462000,2.04364000,0.50826722,0.65142177
902.40000000,5.12850000,2.09241000,0.50838211,0.65157081
902.60000000,5.12850000,2.09241000,0.50849836,0.65171975
902.80000000,5.12487000,1.97305000,0.50861129,0.65186017
903.00000000,5.12425000,1.86960000,0.50871803,0.65199323
903.20000000,5.12450000,1.98505000,0.50882510,0.65213452
903.40000000,5.12450000,1.98505000,0.50893538,0.65227591
903.60000000,5.12837000,2.15065000,0.50905026,0.65242890
903.80000000,5.12175000,2.01900000,0.50916609,0.65257264
904.00000000,5.12612000,2.05603000,0.50927928,0.65271902
904.20000000,5.12587000,2.04326000,0.50939315,0.65286449
904.40000000,5.12587000,2.04326000,0.50950666,0.65301001
904.60000000,5.12787000,2.13446000,0.50962271,0.65316198
904.80000000,5.12650000,1.95257000,0.50973624,0.65330101
905.00000000,5.12650000,1.95152000,0.50984469,0.65343996
905.20000000,5.12500000,1.99827000,0.50995440,0.65358220
905.40000000,5.12500000,1.99827000,0.51006542,0.65372444
905.60000000,5.12500000,2.03251000,0.51017739,0.65386909
905.80000000,5.12425000,2.13289000,0.51029309,0.65402089
906.00000000,5.12725000,1.97401000,0.51040717,0.65416146
906.20000000,5.12725000,1.97401000,0.51051684,0.65430190
906.40000000,5.12237000,1.85785000,0.51062328,0.65443420
906.60000000,5.12700000,2.09632000,0.51073312,0.65458345
906.80000000,5.12637000,1.98371000,0.51084645,0.65472469
907.00000000,5.12637000,1.98371000,0.51095666,0.65486589
907.20000000,5.12487000,1.95203000,0.51106598,0.65500485
907.40000000,5.12550000,1.96912000,0.51117490,0.65514511
907.60000000,5.12850000,2.16768000,0.51128982,0.65529951
907.80000000,5.12850000,2.16768000,0.51141024,0.65545381
908.00000000,5.12500000,1.95987000,0.51152490,0.65559336
908.20000000,5.12687000,2.02864000,0.51163569,0.65573775
908.40000000,5.12437000,1.89923000,0.51174480,0.65587283
908.60000000,5.12125000,1.86198000,0.51184927,0.65600527
908.80000000,5.12125000,1.86198000,0.51195272,0.65613787
909.00000000,5.12737000,2.09212000,0.51206255,0.65628677
909.20000000,5.12437000,1.92080000,0.51217402,0.65642358
909.40000000,5.12825000,1.97990000,0.51228238,0.65656460
909.60000000,5.12825000,1.97990000,0.51239237,0.65670550
909.80000000,5.12375000,2.04835000,0.51250427,0.65685129
910.00000000,5.12450000,2.05792000,0.51261833,0.65699776
910.20000000,5.12462000,1.84745000,0.51272681,0.65712930
910.40000000,5.12637000,2.00860000,0.51283392,0.65727231
910.60000000,5.12637000,2.00860000,0.51294551,0.65741526
910.80000000,5.12412000,2.02089000,0.51305744,0.65755918
911.00000000,5.12775000,1.95945000,0.51316801,0.65769862
911.20000000,5.12362000,2.08233000,0.51328028,0.65784680
911.40000000,5.12362000,2.08233000,0.51339597,0.65799503
911.60000000,5.12525000,2.08278000,0.51351166,0.65814338
911.80000000,5.12825000,2.11939000,0.51362839,0.65829412
912.00000000,5.12087000,2.04816000,0.51374415,0.65843999
912.20000000,5.12812000,2.17744000,0.51386153,0.65859508
912.40000000,5.12812000,2.17744000,0.51398250,0.65875010
912.60000000,5.12600000,1.97094000,0.51409773,0.65889042
912.80000000,5.12600000,2.15891000,0.51421245,0.65904413
913.00000000,5.12625000,2.07987000,0.51433020,0.65919218
913.20000000,5.12525000,1.97360000,0.51444279,0.65933267
913.40000000,5.12525000,1.97360000,0.51455244,0.65947321
913.60000000,5.12712000,2.08105000,0.51466507,0.65962131
913.80000000,5.12400000,2.05248000,0.51477989,0.65976745
914.00000000,5.12637000,2.17094000,0.51489720,0.65992202
914.20000000,5.12637000,2.17094000,0.51501781,0.66007653
914.40000000,5.12437000,2.01395000,0.51513406,0.66021985
914.60000000,5.12362000,1.85868000,0.51524163,0.66035214
914.80000000,5.12487000,2.04086000,0.51534995,0.66049748
915.00000000,5.12750000,2.15376000,0.51546647,0.66065087
915.20000000,5.12750000,2.15376000,0.51558612,0.66080424
915.40000000,5.12737000,2.08947000,0.51570399,0.66095298
915.60000000,5.12512000,1.96617000,0.51581665,0.66109299
915.80000000,5.12737000,2.12400000,0.51593026,0.66124425
916.00000000,5.12737000,2.12400000,0.51604826,0.66139551
916.20000000,5.12750000,2.15939000,0.51616725,0.66154914
916.40000000,5.12225000,1.99072000,0.51628253,0.66169084
916.60000000,5.12500000,1.99385000,0.51639321,0.66183281
916.80000000,5.12687000,1.99276000,0.51650395,0.66197471
917.00000000,5.12687000,1.99276000,0.51661466,0.66211662
917.20000000,5.12725000,2.01651000,0.51672603,0.66226010
917.40000000,5.12325000,1.99907000,0.51683757,0.66240245
917.60000000,5.12675000,2.15008000,0.51695282,0.66255554
917.80000000,5.12675000,2.15008000,0.51707227,0.66270863
918.00000000,5.12637000,2.03577000,0.51718855,0.66285365
918.20000000,5.12887000,1.94844000,0.51729922,0.66299227
918.40000000,5.12237000,1.99324000,0.51740871,0.66313418
918.60000000,5.12625000,2.11894000,0.51752294,0.66328504
918.80000000,5.12625000,2.11894000,0.51764066,0.66343600
919.00000000,5.12925000,2.08076000,0.51775731,0.66358416
919.20000000,5.12700000,1.98732000,0.51787032,0.66372557
919.40000000,5.12325000,1.98483000,0.51798065,0.66386681
919.60000000,5.12562000,2.00969000,0.51809161,0.66400988
919.80000000,5.12562000,2.00969000,0.51820326,0.66415298
920.00000000,5.12700000,2.20000000,0.51832020,0.66430960
920.20000000,5.12562000,2.06700000,0.51843873,0.66445675
920.40000000,5.12525000,2.07280000,0.51855372,0.66460430
920.60000000,5.12525000,2.07280000,0.51866888,0.66475186
920.80000000,5.12575000,2.11638000,0.51878524,0.66490254
921.00000000,5.12625000,1.92467000,0.51889749,0.66503962
921.20000000,5.12787000,2.01472000,0.51900692,0.66518311
921.40000000,5.12787000,2.01472000,0.51911885,0.66532652
921.60000000,5.12525000,2.16796000,0.51923504,0.66548090
921.80000000,5.12687000,2.14083000,0.51935472,0.66563325
922.00000000,5.12387000,1.91782000,0.51946746,0.66576973
922.20000000,5.12475000,2.12412000,0.51957974,0.66592092
922.40000000,5.12475000,2.12412000,0.51969775,0.66607215
922.60000000,5.12625000,2.03904000,0.51981339,0.66621735
922.80000000,5.12712000,2.06131000,0.51992729,0.66636416
923.00000000,5.12787000,2.19772000,0.52004560,0.66652068
923.20000000,5.12787000,2.19772000,0.52016769,0.66667715
923.40000000,5.12612000,2.13401000,0.52028802,0.66682907
923.60000000,5.12562000,2.01574000,0.52040329,0.66697265
923.80000000,5.12862000,2.18115000,0.52051987,0.66712802
924.00000000,5.12862000,2.18115000,0.52064104,0.66728337
924.20000000,5.12837000,2.07961000,0.52075940,0.66743142
924.40000000,5.12562000,1.93443000,0.52087090,0.66756913
924.60000000,5.12575000,2.12137000,0.52098356,0.66772021
924.80000000,5.12762000,2.14070000,0.52110195,0.66787267
925.00000000,5.12762000,2.14070000,0.52122088,0.66802508
925.20000000,5.12612000,2.22768000,0.52134222,0.66818369
925.40000000,5.12650000,2.15337000,0.52146392,0.66833703
925.60000000,5.12712000,2.06387000,0.52158106,0.66848400
925.80000000,5.12700000,2.17596000,0.52169884,0.66863895
926.00000000,5.12700000,2.17596000,0.52181972,0.66879390
926.20000000,5.12725000,2.13548000,0.52193949,0.66894603
926.40000000,5.12925000,2.19334000,0.52205973,0.66910224
926.60000000,5.12787000,2.07152000,0.52217820,0.66924977
926.80000000,5.12787000,2.07152000,0.52229328,0.66939722
927.00000000,5.12487000,2.22499000,0.52241263,0.66955565
927.20000000,5.12675000,1.97084000,0.52252918,0.66969586
927.40000000,5.12225000,2.18576000,0.52264464,0.66985153
927.60000000,5.12762000,2.03411000,0.52276186,0.66999639
927.80000000,5.12762000,2.03411000,0.52287487,0.67014120
928.00000000,5.12587000,2.12195000,0.52299031,0.67029230
928.20000000,5.12675000,2.07353000,0.52310685,0.67043997
928.40000000,5.12775000,2.20105000,0.52322559,0.67059673
928.60000000,5.12775000,2.20105000,0.52334787,0.67075346
928.80000000,5.12712000,2.20201000,0.52347018,0.67091015
929.00000000,5.12337000,1.99628000,0.52358680,0.67105227
929.20000000,5.12575000,2.20793000,0.52370358,0.67120942
929.40000000,5.12450000,2.00748000,0.52382068,0.67135230
929.60000000,5.12450000,2.00748000,0.52393220,0.67149523
929.80000000,5.12637000,2.16476000,0.52404810,0.67164935
930.00000000,5.12600000,2.19155000,0.52416911,0.67180534
930.20000000,5.12487000,1.99148000,0.52428530,0.67194709
930.40000000,5.12487000,1.99148000,0.52439594,0.67208888
930.60000000,5.12625000,2.12140000,0.52451019,0.67223993
930.80000000,5.12662000,2.22067000,0.52463080,0.67239802
931.00000000,5.12562000,2.02819000,0.52474883,0.67254243
931.20000000,5.12650000,2.19110000,0.52486603,0.67269844
931.40000000,5.12650000,2.19110000,0.52498776,0.67285446
931.60000000,5.12687000,2.10000000,0.52510695,0.67300397
931.80000000,5.12612000,2.07734000,0.52522299,0.67315176
932.00000000,5.12250000,1.97936000,0.52533568,0.67329259
932.20000000,5.12675000,2.24819000,0.52545311,0.67345267
932.40000000,5.12675000,2.24819000,0.52557801,0.67361266
932.60000000,5.12400000,2.00982000,0.52569629,0.67375576
932.80000000,5.12612000,2.22278000,0.52581386,0.67391397
933.00000000,5.12475000,2.04403000,0.52593238,0.67405946
933.20000000,5.12475000,2.04403000,0.52604594,0.67420498
933.40000000,5.12587000,2.16672000,0.52616290,0.67435924
933.60000000,5.12637000,2.19148000,0.52628396,0.67451521
933.80000000,5.12425000,1.95830000,0.52639924,0.67465459
934.00000000,5.12425000,1.95830000,0.52650803,0.67479402
934.20000000,5.12650000,2.17248000,0.52662277,0.67494871
934.40000000,5.12675000,2.18668000,0.52674386,0.67510435
934.60000000,5.12462000,2.18681000,0.52686535,0.67525999
934.80000000,5.12462000,2.18681000,0.52698684,0.67541567
935.00000000,5.12550000,2.16816000,0.52710781,0.67557014
935.20000000,5.12962000,2.05996000,0.52722526,0.67571672
935.40000000,5.12350000,2.16364000,0.52734258,0.67587077
935.60000000,5.12637000,2.20348000,0.52746389,0.67602766
935.80000000,5.12637000,2.20348000,0.52758630,0.67618454
936.00000000,5.12600000,2.16688000,0.52770770,0.67633886
936.20000000,5.12787000,2.10684000,0.52782642,0.67648877
936.40000000,5.12287000,2.22572000,0.52794677,0.67664713
936.60000000,5.12287000,2.22572000,0.52807042,0.67680560
936.80000000,5.12650000,2.16982000,0.52819251,0.67696016
937.00000000,5.12862000,2.22265000,0.52831453,0.67711845
937.20000000,5.12750000,2.18240000,0.52843689,0.67727376
937.40000000,5.12387000,1.99398000,0.52855290,0.67741566
937.60000000,5.12387000,1.99398000,0.52866368,0.67755757
937.80000000,5.12412000,2.01932000,0.52877516,0.67770135
938.00000000,5.12675000,2.23846000,0.52889343,0.67786074
938.20000000,5.12675000,2.10320000,0.52901403,0.67801050
938.40000000,5.12675000,2.10320000,0.52913088,0.67816022
938.60000000,5.12550000,2.18323000,0.52924994,0.67831563
938.80000000,5.12512000,2.03859000,0.52936722,0.67846077
939.00000000,5.12600000,2.08428000,0.52948174,0.67860915
939.20000000,5.12587000,1.91740000,0.52959290,0.67874566
939.40000000,5.12587000,1.91740000,0.52969942,0.67888217
939.60000000,5.12612000,2.12150000,0.52981161,0.67903315
939.80000000,5.12425000,1.80870000,0.52992078,0.67916196
940.00000000,5.12750000,2.15804000,0.53003097,0.67931565
940.20000000,5.12612000,2.14800000,0.53015058,0.67946858
940.40000000,5.12612000,2.14800000,0.53026992,0.67962151
940.60000000,5.12625000,2.08662000,0.53038755,0.67977004
940.80000000,5.12525000,2.03308000,0.53050198,0.67991478
941.00000000,5.12562000,2.05683000,0.53061559,0.68006120
941.20000000,5.12562000,2.05683000,0.53072986,0.68020770
941.40000000,5.12825000,2.01046000,0.53084284,0.68035082
941.60000000,5.12550000,2.10809000,0.53095724,0.68050086
941.80000000,5.12462000,2.04963000,0.53107274,0.68064684
942.00000000,5.12800000,2.13596000,0.53118900,0.68079897
942.20000000,5.12800000,2.13596000,0.53130767,0.68095098
942.40000000,5.12412000,1.98403000,0.53142211,0.68109224
942.60000000,5.12612000,2.15977000,0.53153722,0.68124598
942.80000000,5.12537000,1.98876000,0.53165245,0.68138755
943.00000000,5.12537000,1.98876000,0.53176294,0.68152920
943.20000000,5.12825000,2.09363000,0.53187634,0.68167820
943.40000000,5.12400000,2.11824000,0.53199334,0.68182895
943.60000000,5.12400000,1.91254000,0.53210530,0.68196513
943.80000000,5.12675000,2.04643000,0.53221527,0.68211085
944.00000000,5.12675000,2.04643000,0.53232896,0.68225657
944.20000000,5.12687000,2.10675000,0.53244433,0.68240646
944.40000000,5.12287000,1.96924000,0.53255755,0.68254662
944.60000000,5.12425000,2.10723000,0.53267079,0.68269659
944.80000000,5.12425000,2.10723000,0.53278786,0.68284669
945.00000000,5.12875000,2.13788000,0.53290577,0.68299887
945.20000000,5.12500000,2.01593000,0.53302116,0.68314236
945.40000000,5.12487000,2.03276000,0.53313362,0.68328707
945.60000000,5.12587000,2.02035000,0.53324621,0.68343091
945.80000000,5.12587000,2.02035000,0.53335845,0.68357477
946.00000000,5.12687000,2.11689000,0.53347337,0.68372546
946.20000000,5.12537000,1.99878000,0.53358770,0.68386773
946.40000000,5.12462000,2.19779000,0.53370427,0.68402423
946.60000000,5.12700000,2.06835000,0.53382277,0.68417151
946.80000000,5.12700000,2.06835000,0.53393768,0.68431875
947.00000000,5.12550000,2.14675000,0.53405477,0.68447163
947.20000000,5.12737000,2.16915000,0.53417465,0.68462603
947.40000000,5.12512000,1.93683000,0.53428871,0.68476390
947.60000000,5.12512000,1.93683000,0.53439631,0.68490182
947.80000000,5.12687000,2.12716000,0.53450920,0.68505332
948.00000000,5.12812000,2.11289000,0.53462698,0.68520367
948.20000000,5.12337000,2.06169000,0.53474294,0.68535038
948.40000000,5.12675000,1.95392000,0.53485448,0.68548951
948.60000000,5.12675000,1.95392000,0.53496303,0.68562860
948.80000000,5.12550000,2.12649000,0.53507638,0.68578000
949.00000000,5.12612000,1.95040000,0.53518963,0.68591884
949.20000000,5.12537000,2.14937000,0.53530351,0.68607184
949.40000000,5.12537000,2.14937000,0.53542292,0.68622487
949.60000000,5.12625000,1.96054000,0.53553708,0.68636442
949.80000000,5.12462000,1.94067000,0.53564545,0.68650256
950.00000000,5.12525000,2.08147000,0.53575718,0.68665073
950.20000000,5.12525000,2.08147000,0.53587281,0.68679883
950.40000000,5.12300000,2.08880000,0.53598865,0.68694756
950.60000000,5.12650000,1.97136000,0.53610144,0.68708782
950.80000000,5.12300000,2.03424000,0.53621270,0.68723256
951.00000000,5.12550000,2.10000000,0.53632754,0.68738206
951.20000000,5.12550000,2.10000000,0.53644421,0.68753156
951.40000000,5.12587000,2.11075000,0.53656117,0.68768184
951.60000000,5.12612000,2.08240000,0.53667765,0.68782999
951.80000000,5.12237000,1.93465000,0.53678924,0.68796763
952.00000000,5.12237000,1.93465000,0.53689672,0.68810537
952.20000000,5.12625000,2.09241000,0.53700858,0.68825443
952.40000000,5.12900000,2.12214000,0.53712565,0.68840542
952.60000000,5.12287000,2.14576000,0.53724420,0.68855809
952.80000000,5.12287000,2.14576000,0.53736341,0.68871086
953.00000000,5.12587000,2.17936000,0.53748355,0.68886599
953.20000000,5.12525000,1.99734000,0.53759957,0.68900824
953.40000000,5.12787000,2.16617000,0.53771523,0.68916250
953.60000000,5.12725000,2.03849000,0.53783202,0.68930766
953.80000000,5.12725000,2.03849000,0.53794527,0.68945276
954.00000000,5.12500000,2.14889000,0.53806159,0.68960583
954.20000000,5.12850000,1.97635000,0.53817618,0.68974651
954.40000000,5.12525000,2.07571000,0.53828873,0.68989427
954.60000000,5.12512000,2.21017000,0.53840779,0.69005159
954.80000000,5.12512000,2.21017000,0.53853057,0.69020902
955.00000000,5.12837000,2.16544000,0.53865212,0.69036330
955.20000000,5.13000000,2.07683000,0.53876996,0.69051113
955.40000000,5.12475000,1.87702000,0.53887979,0.69064473
955.60000000,5.12475000,1.87702000,0.53898407,0.69077835
955.80000000,5.12562000,2.08163000,0.53909403,0.69092651
956.00000000,5.12475000,2.13417000,0.53921114,0.69107852
956.20000000,5.12800000,2.11059000,0.53932905,0.69122884
956.40000000,5.12800000,2.18707000,0.53944843,0.69138460
956.60000000,5.12800000,2.18707000,0.53956993,0.69154035
956.80000000,5.12712000,2.07577000,0.53968834,0.69168818
957.00000000,5.12762000,2.17846000,0.53980651,0.69184335
957.20000000,5.12875000,2.13968000,0.53992646,0.69199577
957.40000000,5.12875000,2.13968000,0.54004533,0.69214802
957.60000000,5.12325000,2.03641000,0.54016134,0.69229305
957.80000000,5.12775000,2.20896000,0.54027926,0.69245042
958.00000000,5.12937000,2.12953000,0.54039978,0.69260193
958.20000000,5.12250000,2.13587000,0.54051826,0.69275388
958.40000000,5.12250000,2.13587000,0.54063692,0.69290596
958.60000000,5.12637000,1.97798000,0.54075119,0.69304681
958.80000000,5.12725000,2.10937000,0.54086473,0.69319691
959.00000000,5.12325000,1.90921000,0.54097636,0.69333276
959.20000000,5.12725000,2.15884000,0.54108936,0.69348649
959.40000000,5.12725000,2.15884000,0.54120929,0.69364020
959.60000000,5.12625000,2.04044000,0.54132594,0.69378540
959.80000000,5.12362000,1.98576000,0.54143778,0.69392686
960.00000000,5.12900000,1.85536000,0.54154448,0.69405903
960.20000000,5.12900000,1.85536000,0.54164755,0.69419107
960.40000000,5.12400000,2.18998000,0.54175992,0.69434706
960.60000000,5.12875000,2.10473000,0.54187922,0.69449686
960.80000000,5.12425000,2.05020000,0.54199464,0.69464280
961.00000000,5.12537000,2.05654000,0.54210871,0.69478920
961.20000000,5.12537000,2.05654000,0.54222296,0.69493566
961.40000000,5.12750000,2.10265000,0.54233850,0.69508529
961.60000000,5.12387000,2.04467000,0.54245370,0.69523090
961.80000000,5.12750000,2.05472000,0.54256757,0.69537723
962.00000000,5.12750000,2.05472000,0.54268172,0.69552360
962.20000000,5.12887000,2.09001000,0.54279686,0.69567227
962.40000000,5.12187000,1.98480000,0.54291004,0.69581364
962.60000000,5.12825000,2.04364000,0.54302195,0.69595920
962.80000000,5.12537000,2.02185000,0.54313488,0.69610313
963.00000000,5.12537000,2.02185000,0.54324720,0.69624713
963.20000000,5.12800000,2.03456000,0.54335988,0.69639193
963.40000000,5.12412000,2.00793000,0.54347217,0.69653494
963.60000000,5.12800000,2.13654000,0.54358729,0.69668711
963.80000000,5.12800000,2.13654000,0.54370599,0.69683923
964.00000000,5.12662000,2.03808000,0.54382195,0.69698435
964.20000000,5.12650000,2.11097000,0.54393720,0.69713465
964.40000000,5.12650000,2.13584000,0.54405517,0.69728673
964.60000000,5.12512000,1.94022000,0.54416840,0.69742484
964.80000000,5.12512000,1.94022000,0.54427619,0.69756297
965.00000000,5.12612000,1.90688000,0.54438305,0.69769871
965.20000000,5.12525000,2.14672000,0.54449565,0.69785152
965.40000000,5.12900000,2.11244000,0.54461396,0.69800201
965.60000000,5.12900000,2.11244000,0.54473132,0.69815232
965.80000000,5.12337000,2.12195000,0.54484894,0.69830347
966.00000000,5.12862000,2.10275000,0.54496629,0.69845313
966.20000000,5.12437000,2.09142000,0.54508280,0.69860198
966.40000000,5.12437000,2.09142000,0.54519899,0.69875088
966.60000000,5.12612000,1.98659000,0.54531226,0.69889231
966.80000000,5.12575000,1.96070000,0.54542191,0.69903182
967.00000000,5.12312000,2.07376000,0.54553398,0.69917937
967.20000000,5.12312000,2.07376000,0.54564919,0.69932706
967.40000000,5.12750000,2.07673000,0.54576448,0.69947498
967.60000000,5.12850000,2.04038000,0.54587884,0.69962024
967.80000000,5.12575000,2.14201000,0.54599502,0.69977266
968.00000000,5.12337000,2.00460000,0.54611021,0.69991530
968.20000000,5.12337000,2.00460000,0.54622157,0.70005803
968.40000000,5.12637000,1.92396000,0.54633070,0.70019497
968.60000000,5.12487000,1.97382000,0.54643897,0.70033547
968.80000000,5.12487000,2.01625000,0.54654981,0.70047907
969.00000000,5.12800000,2.10947000,0.54666441,0.70062931
969.20000000,5.12800000,2.10947000,0.54678160,0.70077949
969.40000000,5.12587000,1.99251000,0.54689555,0.70092139
969.60000000,5.12762000,2.14153000,0.54701038,0.70107385
969.80000000,5.12587000,2.10796000,0.54712842,0.70122392
970.00000000,5.12587000,2.10796000,0.54724553,0.70137391
970.20000000,5.12287000,1.96057000,0.54735855,0.70151362
970.40000000,5.13100000,2.09798000,0.54747128,0.70166296
970.60000000,5.12500000,2.09318000,0.54758770,0.70181197
970.80000000,5.12550000,1.97888000,0.54770082,0.70195284
971.00000000,5.12550000,1.97888000,0.54781075,0.70209379
971.20000000,5.12825000,2.10032000,0.54792407,0.70224329
971.40000000,5.12500000,2.10995000,0.54804102,0.70239353
971.60000000,5.12687000,2.04678000,0.54815648,0.70253927
971.80000000,5.12687000,2.04678000,0.54827019,0.70268503
972.00000000,5.12725000,2.19667000,0.54838807,0.70284149
972.20000000,5.12837000,2.20160000,0.54851024,0.70299826
972.40000000,5.12700000,2.09340000,0.54862955,0.70314725
972.60000000,5.12425000,2.12486000,0.54874672,0.70329848
972.80000000,5.12425000,2.12486000,0.54886477,0.70344981
973.00000000,5.12775000,2.14451000,0.54898336,0.70360243
973.20000000,5.12400000,1.95648000,0.54909728,0.70374175
973.40000000,5.12725000,2.15523000,0.54921149,0.70389523
973.60000000,5.12587000,2.08144000,0.54932918,0.70404341
973.80000000,5.12587000,2.08144000,0.54944481,0.70419169
974.00000000,5.12925000,2.16320000,0.54956272,0.70434571
974.20000000,5.12637000,2.05696000,0.54967995,0.70449215
974.40000000,5.12587000,2.02304000,0.54979328,0.70463618
974.60000000,5.12587000,2.02304000,0.54990567,0.70478022
974.80000000,5.12637000,2.16115000,0.55002190,0.70493413
975.00000000,5.12762000,2.13692000,0.55014129,0.70508621
975.20000000,5.12425000,2.14611000,0.55026026,0.70523897
975.40000000,5.12500000,1.99158000,0.55037520,0.70538074
975.60000000,5.12500000,1.99158000,0.55048584,0.70552254
975.80000000,5.12662000,2.07241000,0.55059873,0.70567001
976.00000000,5.12350000,2.10876000,0.55071487,0.70582012
976.20000000,5.12525000,1.92163000,0.55082683,0.70595691
976.40000000,5.12525000,1.92163000,0.55093359,0.70609372
976.60000000,5.12600000,2.04569000,0.55104379,0.70623933
976.80000000,5.12487000,1.94432000,0.55115462,0.70637783
977.00000000,5.12862000,2.13465000,0.55126793,0.70652988
977.20000000,5.12525000,2.04108000,0.55138392,0.70667517
977.40000000,5.12525000,2.04108000,0.55149731,0.70682055
977.60000000,5.12837000,2.10675000,0.55161253,0.70697050
977.80000000,5.12437000,2.06825000,0.55172850,0.70711775
978.00000000,5.12612000,2.07577000,0.55184361,0.70726553
978.20000000,5.12612000,2.07577000,0.55195893,0.70741333
978.40000000,5.12637000,2.07110000,0.55207413,0.70756082
978.60000000,5.12737000,2.16787000,0.55219187,0.70771514
978.80000000,5.12525000,1.92544000,0.55230558,0.70785220
979.00000000,5.12687000,2.18102000,0.55241965,0.70800750
979.20000000,5.12687000,2.18102000,0.55254081,0.70816289
979.40000000,5.12975000,2.08409000,0.55265929,0.70831116
979.60000000,5.12237000,1.85561000,0.55276873,0.70844326
979.80000000,5.12550000,2.00134000,0.55287586,0.70858573
980.00000000,5.12550000,2.00134000,0.55298705,0.70872826
980.20000000,5.12775000,2.10134000,0.55310101,0.70887790
980.40000000,5.12712000,2.01222000,0.55321528,0.70902108
980.60000000,5.12350000,2.00979000,0.55332700,0.70916410
980.80000000,5.12350000,2.00979000,0.55343865,0.70930720
981.00000000,5.12637000,2.04588000,0.55355131,0.70945284
981.20000000,5.12562000,2.02128000,0.55366429,0.70959681
981.40000000,5.12812000,1.98134000,0.55377547,0.70973792
981.60000000,5.12162000,2.00825000,0.55388629,0.70988078
981.80000000,5.12162000,2.00825000,0.55399786,0.71002375
982.00000000,5.12600000,2.02729000,0.55410996,0.71016806
982.20000000,5.12525000,1.99241000,0.55422162,0.71030994
982.40000000,5.12700000,1.96838000,0.55433164,0.71045011
982.60000000,5.12700000,1.96838000,0.55444100,0.71059017
982.80000000,5.12325000,2.00467000,0.55455136,0.71073290
983.00000000,5.12637000,2.07875000,0.55466479,0.71088088
983.20000000,5.12537000,2.16332000,0.55478262,0.71103492
983.40000000,5.12700000,1.96675000,0.55489735,0.71117497
983.60000000,5.12700000,1.96675000,0.55500661,0.71131502
983.80000000,5.12675000,2.00025000,0.55511681,0.71145743
984.00000000,5.12637000,2.21868000,0.55523400,0.71161544
984.20000000,5.12775000,2.05756000,0.55535278,0.71176198
984.40000000,5.12775000,2.05756000,0.55546709,0.71190847
984.60000000,5.12612000,2.12956000,0.55558340,0.71206009
984.80000000,5.12612000,2.04988000,0.55569950,0.71220597
985.00000000,5.12387000,2.04883000,0.55581335,0.71235187
985.20000000,5.12750000,2.08444000,0.55592816,0.71250032
985.40000000,5.12750000,2.08444000,0.55604396,0.71264876
985.60000000,5.12725000,2.04787000,0.55615875,0.71279447
985.80000000,5.12312000,2.03785000,0.55627224,0.71293958
986.00000000,5.12687000,2.18467000,0.55638954,0.71309514
986.20000000,5.12687000,2.18467000,0.55651091,0.71325068
986.40000000,5.12600000,2.05260000,0.55662861,0.71339682
986.60000000,5.12637000,2.03257000,0.55674208,0.71354150
986.80000000,5.12500000,2.07062000,0.55685606,0.71368893
987.00000000,5.12625000,2.09056000,0.55697165,0.71383777
987.20000000,5.12625000,2.09056000,0.55708779,0.71398663
987.40000000,5.12675000,1.95846000,0.55720027,0.71412607
987.60000000,5.12637000,2.07110000,0.55731220,0.71427347
987.80000000,5.12412000,2.07363000,0.55742733,0.71442104
988.00000000,5.12412000,1.97222000,0.55753971,0.71456140
988.20000000,5.12412000,1.97222000,0.55764928,0.71470183
988.40000000,5.12662000,1.87977000,0.55775628,0.71483557
988.60000000,5.12250000,2.00451000,0.55786418,0.71497828
988.80000000,5.12600000,1.97456000,0.55797471,0.71511886
989.00000000,5.12600000,1.97456000,0.55808441,0.71525948
989.20000000,5.12787000,2.06720000,0.55819668,0.71540666
989.40000000,5.12600000,2.09833000,0.55831239,0.71555600
989.60000000,5.12425000,1.93913000,0.55842454,0.71569400
989.80000000,5.12725000,2.01328000,0.55853433,0.71583737
990.00000000,5.12725000,2.01328000,0.55864618,0.71598067
990.20000000,5.12475000,2.19641000,0.55876311,0.71613708
990.40000000,5.12712000,2.08496000,0.55888204,0.71628555
990.60000000,5.12700000,2.12067000,0.55899886,0.71643655
990.80000000,5.12700000,2.12067000,0.55911668,0.71658754
991.00000000,5.12625000,1.95996000,0.55923003,0.71672702
991.20000000,5.12362000,2.03529000,0.55934101,0.71687194
991.40000000,5.12675000,2.19084000,0.55945840,0.71702794
991.60000000,5.12675000,2.19084000,0.55958011,0.71718396
991.80000000,5.12750000,2.20256000,0.55970215,0.71734078
992.00000000,5.12625000,2.14080000,0.55982280,0.71749319
992.20000000,5.12612000,1.93961000,0.55993614,0.71763128
992.40000000,5.12612000,1.93961000,0.56004390,0.71776930
992.60000000,5.12337000,2.14118000,0.56015726,0.71792173
992.80000000,5.12562000,2.13484000,0.56027603,0.71807375
993.00000000,5.12712000,2.06467000,0.56039269,0.71822073
993.20000000,5.12537000,2.12908000,0.56050918,0.71837229
993.40000000,5.12537000,2.12908000,0.56062746,0.71852393
993.60000000,5.12812000,2.10787000,0.56074516,0.71867396
993.80000000,5.12462000,2.04464000,0.56086050,0.71881950
994.00000000,5.12512000,2.11049000,0.56097592,0.71896973
994.20000000,5.12512000,2.11049000,0.56109317,0.71912000
994.40000000,5.12662000,1.90944000,0.56120484,0.71925592
994.60000000,5.12512000,2.13376000,0.56131715,0.71940789
994.80000000,5.12800000,2.09872000,0.56143472,0.71955729
995.00000000,5.12525000,1.96812000,0.56154769,0.71969739
995.20000000,5.12525000,1.96812000,0.56165703,0.71983749
995.40000000,5.12525000,2.17305000,0.56177206,0.71999225
995.60000000,5.12787000,1.92089000,0.56188578,0.72012892
995.80000000,5.12262000,2.00089000,0.56199472,0.72027128
996.00000000,5.12262000,2.00089000,0.56210588,0.72041371
996.20000000,5.12525000,2.12598000,0.56222051,0.72056516
996.40000000,5.12912000,1.99206000,0.56233490,0.72070691
996.60000000,5.12337000,1.92732000,0.56244377,0.72084408
996.80000000,5.12437000,1.94230000,0.56255126,0.72098232
997.00000000,5.12437000,1.94230000,0.56265917,0.72112063
997.20000000,5.12737000,2.14220000,0.56277263,0.72127317
997.40000000,5.12662000,2.19513000,0.56289311,0.72142950
997.60000000,5.12775000,2.16550000,0.56301424,0.72158368
997.80000000,5.12637000,2.06956000,0.56313188,0.72173103
998.00000000,5.12637000,2.06956000,0.56324685,0.72187847
998.20000000,5.12925000,2.01916000,0.56336043,0.72202217
998.40000000,5.12400000,2.14780000,0.56347618,0.72217507
998.60000000,5.12575000,1.95443000,0.56359013,0.72231421
998.80000000,5.12575000,1.95443000,0.56369871,0.72245328
999.00000000,5.12337000,1.95014000,0.56380717,0.72259216
999.20000000,5.12737000,2.16160000,0.56392138,0.72274598
999.40000000,5.12362000,1.91654000,0.56403467,0.72288248
999.60000000,5.12787000,2.18569000,0.56414862,0.72303814
999.80000000,5.12787000,2.18569000,0.56427004,0.72319380
1000.00000000,5.12750000,2.19100000,0.56439162,0.72334980
1000.20000000,5.12662000,2.01472000,0.56450844,0.72349323
1000.40000000,5.12562000,2.15849000,0.56462437,0.72364689
1000.60000000,5.12562000,2.15849000,0.56474428,0.72380055
1000.80000000,5.12562000,2.10608000,0.56486274,0.72395052
1001.00000000,5.12700000,1.94816000,0.56497536,0.72408929
1001.20000000,5.12850000,2.06684000,0.56508689,0.72423633
1001.40000000,5.12237000,1.96288000,0.56519883,0.72437598
1001.60000000,5.12237000,1.96288000,0.56530787,0.72451574
1001.80000000,5.12650000,2.17760000,0.56542289,0.72467091
1002.00000000,5.13050000,2.10585000,0.56554187,0.72482079
1002.20000000,5.12462000,2.04803000,0.56565726,0.72496656
1002.40000000,5.12687000,2.03724000,0.56577074,0.72511162
1002.60000000,5.12687000,2.03724000,0.56588392,0.72525673
1002.80000000,5.12837000,2.02816000,0.56599685,0.72540106
1003.00000000,5.12350000,2.09382000,0.56611134,0.72555011
1003.20000000,5.12562000,2.00601000,0.56622523,0.72569292
1003.40000000,5.12562000,2.00601000,0.56633667,0.72583573
1003.60000000,5.12575000,2.11097000,0.56645103,0.72598603
1003.80000000,5.12637000,1.92409000,0.56656312,0.72612304
1004.00000000,5.12700000,2.09280000,0.56667470,0.72627206
1004.20000000,5.12537000,2.08969000,0.56679088,0.72642082
1004.40000000,5.12537000,2.08969000,0.56690697,0.72656954
1004.60000000,5.12400000,1.96112000,0.56701950,0.72670913
1004.80000000,5.12512000,1.86534000,0.56712579,0.72684193
1005.00000000,5.12575000,1.96793000,0.56723227,0.72698203
1005.20000000,5.12575000,1.96793000,0.56734160,0.72712208
1005.40000000,5.12387000,1.96524000,0.56745085,0.72726204
1005.60000000,5.12800000,2.10230000,0.56756384,0.72741174
1005.80000000,5.12675000,2.14153000,0.56768172,0.72756423
1006.00000000,5.12675000,2.14153000,0.56780070,0.72771667
1006.20000000,5.12525000,1.98742000,0.56791539,0.72785817
1006.40000000,5.12612000,1.94336000,0.56802458,0.72799659
1006.60000000,5.12837000,2.03440000,0.56813507,0.72814149
1006.80000000,5.12325000,2.01459000,0.56824754,0.72828484
1007.00000000,5.12325000,2.01459000,0.56835946,0.72842825
1007.20000000,5.12525000,2.06348000,0.56847274,0.72857514
1007.40000000,5.12550000,1.93932000,0.56858393,0.72871321
1007.60000000,5.12587000,2.02592000,0.56869408,0.72885744
1007.80000000,5.12587000,2.02592000,0.56880663,0.72900166
1008.00000000,5.12562000,1.99616000,0.56891835,0.72914382
1008.20000000,5.12762000,1.99712000,0.56902928,0.72928590
1008.40000000,5.12225000,2.04764000,0.56914163,0.72943158
1008.60000000,5.12225000,2.04764000,0.56925539,0.72957736
1008.80000000,5.12600000,2.03574000,0.56936882,0.72972226
1009.00000000,5.12512000,1.94224000,0.56947932,0.72986060
1009.20000000,5.12812000,2.02416000,0.56958950,0.73000462
1009.40000000,5.12287000,1.97443000,0.56970057,0.73014510
1009.60000000,5.12287000,1.97443000,0.56981026,0.73028566
1009.80000000,5.12562000,2.12966000,0.56992426,0.73043724
1010.00000000,5.12462000,2.04652000,0.57004027,0.73058298
1010.20000000,5.12737000,2.20297000,0.57015831,0.73073986
1010.40000000,5.12737000,2.20297000,0.57028069,0.73089672
1010.60000000,5.12662000,2.10995000,0.57040050,0.73104694
1010.80000000,5.12625000,2.00547000,0.57051481,0.73118971
1011.00000000,5.12562000,2.01120000,0.57062639,0.73133297
1011.20000000,5.12875000,2.16000000,0.57074226,0.73148684
1011.40000000,5.12875000,2.16000000,0.57086226,0.73164061
1011.60000000,5.12575000,2.02531000,0.57097851,0.73178478
1011.80000000,5.12525000,2.01603000,0.57109077,0.73192831
1012.00000000,5.12625000,2.05395000,0.57120383,0.73207455
1012.20000000,5.13000000,2.08256000,0.57131873,0.73222293
1012.40000000,5.13000000,2.08256000,0.57143443,0.73237116
1012.60000000,5.12450000,1.91168000,0.57154538,0.73250718
1012.80000000,5.12287000,2.01603000,0.57165448,0.73265074
1013.00000000,5.12737000,2.10745000,0.57176902,0.73280082
1013.20000000,5.12737000,2.10745000,0.57188610,0.73295088
1013.40000000,5.12650000,2.15747000,0.57200457,0.73310441
1013.60000000,5.12387000,2.00243000,0.57212013,0.73324708
1013.80000000,5.12975000,2.03088000,0.57223216,0.73339162
1014.00000000,5.12450000,2.17724000,0.57234906,0.73354659
1014.20000000,5.12450000,2.17724000,0.57247001,0.73370164
1014.40000000,5.12762000,2.17542000,0.57259092,0.73385652
1014.60000000,5.12587000,2.16150000,0.57271139,0.73401041
1014.80000000,5.12637000,2.03766000,0.57282803,0.73415549
1015.00000000,5.12637000,2.03766000,0.57294124,0.73430056
1015.20000000,5.12575000,1.94438000,0.57305185,0.73443898
1015.40000000,5.12562000,2.14755000,0.57316551,0.73459192
1015.60000000,5.12762000,2.00908000,0.57328098,0.73473500
1015.80000000,5.12762000,2.00908000,0.57339259,0.73487796
1016.00000000,5.12337000,2.11200000,0.57350707,0.73502839
1016.20000000,5.12812000,1.99520000,0.57362116,0.73517036
1016.40000000,5.12325000,2.00873000,0.57373238,0.73531329
1016.60000000,5.12325000,2.00873000,0.57384397,0.73545637
1016.80000000,5.12850000,2.17993000,0.57396032,0.73561163
1017.00000000,5.12812000,2.08435000,0.57407878,0.73576004
1017.20000000,5.12650000,2.21168000,0.57419811,0.73591752
1017.40000000,5.12662000,2.16771000,0.57431976,0.73607187
1017.60000000,5.12662000,2.16771000,0.57444019,0.73622621
1017.80000000,5.12650000,2.03984000,0.57455706,0.73637143
1018.00000000,5.12587000,2.07321000,0.57467132,0.73651897
1018.20000000,5.12375000,1.94912000,0.57478305,0.73665768
1018.40000000,5.12375000,1.94912000,0.57489133,0.73679646
1018.60000000,5.12675000,2.13225000,0.57500470,0.73694826
1018.80000000,5.12587000,1.90297000,0.57511679,0.73708368
1019.00000000,5.12375000,2.00902000,0.57522546,0.73722674
1019.20000000,5.12687000,2.09024000,0.57533933,0.73737558
1019.40000000,5.12687000,2.09024000,0.57545545,0.73752433
1019.60000000,5.12387000,2.03177000,0.57556995,0.73766899
1019.80000000,5.12637000,2.21142000,0.57568782,0.73782652
1020.00000000,5.12887000,2.12940000,0.57580840,0.73797821
1020.20000000,5.12887000,2.12940000,0.57592670,0.73812986
1020.40000000,5.12775000,2.18755000,0.57604661,0.73828563
1020.60000000,5.12712000,2.19164000,0.57616826,0.73844170
1020.80000000,5.12700000,2.06332000,0.57628645,0.73858858
1021.00000000,5.12550000,2.01120000,0.57639963,0.73873175
1021.20000000,5.12550000,2.01120000,0.57651136,0.73887499
1021.40000000,5.12787000,2.16003000,0.57662723,0.73902878
1021.60000000,5.12625000,2.15040000,0.57674697,0.73918194
1021.80000000,5.12800000,2.25273000,0.57686927,0.73934239
1022.00000000,5.12837000,1.96457000,0.57698642,0.73948232
1022.20000000,5.12837000,1.96457000,0.57709556,0.73962212
1022.40000000,5.12350000,2.16038000,0.57721015,0.73977591
1022.60000000,5.12550000,2.01484000,0.57732613,0.73991935
1022.80000000,5.12562000,2.11910000,0.57744096,0.74007021
1023.00000000,5.12562000,2.11910000,0.57755868,0.74022107
1023.20000000,5.12575000,2.00150000,0.57767315,0.74036361
1023.40000000,5.12775000,2.02198000,0.57778491,0.74050758
1023.60000000,5.12662000,2.04352000,0.57789784,0.74065296
1023.80000000,5.12225000,2.21769000,0.57801621,0.74081074
1024.00000000,5.12225000,2.21769000,0.57813941,0.74096865
1024.20000000,5.12687000,2.15782000,0.57826095,0.74112225
1024.40000000,5.12537000,1.95878000,0.57837530,0.74126170
1024.60000000,5.12562000,1.93798000,0.57848355,0.74139966
1024.80000000,5.12562000,1.93798000,0.57859121,0.74153768
1025.00000000,5.12775000,2.07936000,0.57870281,0.74168569
1025.20000000,5.12475000,2.13929000,0.57881999,0.74183801
1025.40000000,5.12662000,2.15625000,0.57893931,0.74199154
1025.60000000,5.12687000,1.87475000,0.57905128,0.74212504
1025.80000000,5.12687000,1.87475000,0.57915544,0.74225845
1026.00000000,5.12375000,1.95664000,0.57926186,0.74239776
1026.20000000,5.12637000,2.00358000,0.57937187,0.74254041
1026.40000000,5.12237000,2.13440000,0.57948681,0.74269226
1026.60000000,5.12237000,2.13440000,0.57960539,0.74284426
1026.80000000,5.12725000,2.17910000,0.57972521,0.74299945
1027.00000000,5.12762000,1.98457000,0.57984087,0.74314069
1027.20000000,5.12437000,2.05516000,0.57995308,0.74328696
1027.40000000,5.12437000,2.05516000,0.58006726,0.74343326
1027.60000000,5.12537000,1.81385000,0.58017473,0.74356233
1027.80000000,5.12350000,1.99468000,0.58028052,0.74370433
1028.00000000,5.12537000,2.08214000,0.58039377,0.74385254
1028.20000000,5.12537000,2.08214000,0.58050944,0.74400084
1028.40000000,5.12787000,2.08556000,0.58062521,0.74414930
1028.60000000,5.12537000,1.98246000,0.58073821,0.74429042
1028.80000000,5.12550000,2.15740000,0.58085321,0.74444402
1029.00000000,5.12587000,2.09203000,0.58097125,0.74459295
1029.20000000,5.12587000,2.09203000,0.58108747,0.74474190
1029.40000000,5.12625000,1.85654000,0.58119715,0.74487406
1029.60000000,5.12525000,2.07113000,0.58130626,0.74502154
1029.80000000,5.12700000,2.02044000,0.58141991,0.74516541
1030.00000000,5.12700000,2.02044000,0.58153216,0.74530928
1030.20000000,5.12700000,2.02412000,0.58164451,0.74545333
1030.40000000,5.12387000,1.96704000,0.58175537,0.74559335
1030.60000000,5.12537000,2.02867000,0.58186636,0.74573777
1030.80000000,5.12562000,1.95532000,0.58197703,0.74587697
1031.00000000,5.12562000,1.95532000,0.58208566,0.74601617
1031.20000000,5.12562000,1.93849000,0.58219382,0.74615421
1031.40000000,5.12712000,2.13536000,0.58230698,0.74630619
1031.60000000,5.12450000,1.91507000,0.58241950,0.74644249
1031.80000000,5.12450000,1.91507000,0.58252589,0.74657892
1032.00000000,5.12912000,2.03609000,0.58263564,0.74672389
1032.20000000,5.12637000,2.04860000,0.58274911,0.74686980
1032.40000000,5.12837000,2.12444000,0.58286502,0.74702097
1032.60000000,5.12325000,2.00809000,0.58297982,0.74716386
1032.80000000,5.12325000,2.00809000,0.58309138,0.74730684
1033.00000000,5.12662000,2.00352000,0.58320281,0.74744949
1033.20000000,5.12625000,1.96672000,0.58331310,0.74758943
1033.40000000,5.12312000,1.97571000,0.58342261,0.74773005
1033.60000000,5.12475000,2.00729000,0.58353325,0.74787293
1033.80000000,5.12475000,2.00729000,0.58364476,0.74801585
1034.00000000,5.12650000,2.00409000,0.58375619,0.74815848
1034.20000000,5.12437000,1.91680000,0.58386510,0.74829500
1034.40000000,5.12787000,2.17155000,0.58397867,0.74844966
1034.60000000,5.12787000,2.17155000,0.58409931,0.74860424
1034.80000000,5.12525000,1.91654000,0.58421287,0.74874073
1035.00000000,5.12762000,2.09942000,0.58432442,0.74889021
1035.20000000,5.12675000,1.93836000,0.58443658,0.74902809
1035.40000000,5.12137000,1.87388000,0.58454248,0.74916138
1035.60000000,5.12137000,1.87388000,0.58464658,0.74929477
1035.80000000,5.12537000,2.15699000,0.58475855,0.74944834
1036.00000000,5.12600000,1.82163000,0.58486907,0.74957802
1036.20000000,5.12575000,2.02496000,0.58497592,0.74972218
1036.40000000,5.12575000,2.02496000,0.58508842,0.74986634
1036.60000000,5.12562000,1.98115000,0.58519970,0.75000737
1036.80000000,5.12550000,2.14643000,0.58531435,0.75016030
1037.00000000,5.12975000,2.06569000,0.58543136,0.75030734
1037.20000000,5.12512000,1.87232000,0.58554074,0.75044061
1037.40000000,5.12512000,1.87232000,0.58564476,0.75057384
1037.60000000,5.12325000,2.08345000,0.58575464,0.75072215
1037.80000000,5.12525000,1.98825000,0.58586775,0.75086381
1038.00000000,5.13000000,2.01894000,0.58597906,0.75100766
1038.20000000,5.13000000,2.01894000,0.58609122,0.75115131
1038.40000000,5.12300000,2.00438000,0.58620298,0.75129402
1038.60000000,5.12625000,1.98601000,0.58631382,0.75143538
1038.80000000,5.12475000,1.97184000,0.58642377,0.75157573
1039.00000000,5.12737000,2.21142000,0.58653997,0.75173321
1039.20000000,5.12737000,2.21142000,0.58666282,0.75189063
1039.40000000,5.12525000,1.87510000,0.58677634,0.75202417
1039.60000000,5.12762000,2.18800000,0.58688920,0.75217985
1039.80000000,5.12300000,2.05430000,0.58700704,0.75232602
1040.00000000,5.12300000,2.05430000,0.58712117,0.75247229
1040.20000000,5.12637000,2.00947000,0.58723405,0.75261528
1040.40000000,5.12362000,2.07132000,0.58734741,0.75276277
1040.60000000,5.12687000,2.23977000,0.58746716,0.75292226
1040.80000000,5.12687000,2.23977000,0.58759159,0.75308173
1041.00000000,5.12625000,2.10080000,0.58771216,0.75323122
1041.20000000,5.12350000,1.92601000,0.58782402,0.75336834
1041.40000000,5.12587000,2.14851000,0.58793720,0.75352128
1041.60000000,5.12525000,1.94860000,0.58805101,0.75365999
1041.80000000,5.12525000,1.94860000,0.58815927,0.75379864
1042.00000000,5.12325000,1.97187000,0.58826817,0.75393906
1042.20000000,5.12712000,2.18204000,0.58838355,0.75409440
1042.40000000,5.12587000,2.14422000,0.58850373,0.75424706
1042.60000000,5.12587000,2.14422000,0.58862285,0.75439964
1042.80000000,5.12350000,2.06246000,0.58873970,0.75454645
1043.00000000,5.12512000,2.11667000,0.58885579,0.75469711
1043.20000000,5.12475000,1.93161000,0.58896824,0.75483467
1043.40000000,5.12750000,2.15667000,0.58908181,0.75498825
1043.60000000,5.12750000,2.15667000,0.58920162,0.75514182
1043.80000000,5.12675000,2.10022000,0.58931987,0.75529137
1044.00000000,5.12700000,2.19526000,0.58943919,0.75544769
1044.20000000,5.12700000,2.05734000,0.58955731,0.75559419
1044.40000000,5.12700000,2.05734000,0.58967161,0.75574058
1044.60000000,5.12312000,1.97939000,0.58978374,0.75588152
1044.80000000,5.12662000,2.15628000,0.58989862,0.75603505
1045.00000000,5.12650000,1.98172000,0.59001357,0.75617618
1045.20000000,5.12750000,2.20288000,0.59012981,0.75633306
1045.40000000,5.12750000,2.20288000,0.59025219,0.75648990
1045.60000000,5.12625000,2.05084000,0.59037035,0.75663590
1045.80000000,5.12562000,2.16169000,0.59048736,0.75678974
1046.00000000,5.12425000,2.14556000,0.59060701,0.75694248
1046.20000000,5.12537000,1.87388000,0.59071866,0.75707587
1046.40000000,5.12537000,1.87388000,0.59082276,0.75720929
1046.60000000,5.12650000,1.99696000,0.59093029,0.75735153
1046.80000000,5.12812000,2.17660000,0.59104622,0.75750654
1047.00000000,5.12787000,2.19715000,0.59116771,0.75766303
1047.20000000,5.12787000,2.19715000,0.59128978,0.75781944
1047.40000000,5.12562000,2.02467000,0.59140705,0.75796358
1047.60000000,5.12575000,2.20499000,0.59152454,0.75812061
1047.80000000,5.12750000,2.15072000,0.59164553,0.75827357
1048.00000000,5.12087000,1.94563000,0.59175932,0.75841195
1048.20000000,5.12087000,1.94563000,0.59186741,0.75855056
1048.40000000,5.12925000,2.03545000,0.59197799,0.75869537
1048.60000000,5.12262000,1.88812000,0.59208698,0.75882980
1048.80000000,5.12625000,2.16108000,0.59219946,0.75898367
1049.00000000,5.12625000,2.16108000,0.59231952,0.75913747
1049.20000000,5.12412000,1.88297000,0.59243185,0.75927157
1049.40000000,5.12762000,2.00300000,0.59253980,0.75941412
1049.60000000,5.12425000,2.01408000,0.59265138,0.75955757
1049.80000000,5.12787000,1.95987000,0.59276177,0.75969715
1050.00000000,5.12787000,1.95987000,0.59287065,0.75983669
1050.20000000,5.12625000,2.14003000,0.59298454,0.75998905
1050.40000000,5.12625000,1.98784000,0.59309920,0.76013052
1050.60000000,5.12400000,2.05651000,0.59321155,0.76027688
1050.80000000,5.12400000,2.05651000,0.59332580,0.76042334
1051.00000000,5.12787000,2.06960000,0.59344041,0.76057065
1051.20000000,5.12475000,2.01609000,0.59355390,0.76071420
1051.40000000,5.12662000,2.13481000,0.59366920,0.76086618
1051.60000000,5.12587000,1.98227000,0.59378357,0.76100731
1051.80000000,5.12587000,1.98227000,0.59389369,0.76114844
1052.00000000,5.12612000,2.07324000,0.59400635,0.76129603
1052.20000000,5.12575000,1.94467000,0.59411796,0.76143452
1052.40000000,5.12737000,2.14710000,0.59423162,0.76158742
1052.60000000,5.12750000,2.11849000,0.59435010,0.76173829
1052.80000000,5.12750000,2.11849000,0.59446780,0.76188902
1053.00000000,5.12262000,2.01030000,0.59458249,0.76203216
1053.20000000,5.12662000,1.99398000,0.59469372,0.76217413
1053.40000000,5.12325000,2.08073000,0.59480690,0.76232219
1053.60000000,5.12325000,2.08073000,0.59492250,0.76247030
1053.80000000,5.12512000,1.95440000,0.59503459,0.76260946
1054.00000000,5.12662000,2.10438000,0.59514733,0.76275934
1054.20000000,5.12787000,2.13529000,0.59526510,0.76291141
1054.40000000,5.12787000,2.13529000,0.59538373,0.76306351
1054.60000000,5.12862000,2.06102000,0.59550029,0.76321024
1054.80000000,5.12587000,2.09468000,0.59561573,0.76335938
1055.00000000,5.12637000,2.08419000,0.59573181,0.76350777
1055.20000000,5.12637000,2.08419000,0.59584759,0.76365617
1055.40000000,5.12650000,2.04659000,0.59596234,0.76380187
1055.60000000,5.12575000,2.09417000,0.59607736,0.76395093
1055.80000000,5.12487000,1.87936000,0.59618774,0.76408472
1056.00000000,5.12550000,2.01318000,0.59629586,0.76422803
1056.20000000,5.12550000,2.01318000,0.59640770,0.76437140
1056.40000000,5.12750000,2.12889000,0.59652276,0.76452295
1056.60000000,5.12562000,1.91376000,0.59663506,0.76465924
1056.80000000,5.12725000,1.96048000,0.59674268,0.76479884
1057.00000000,5.12725000,1.96048000,0.59685159,0.76493846
1057.20000000,5.12737000,2.04630000,0.59696289,0.76508407
1057.40000000,5.12362000,2.08169000,0.59707756,0.76523228
1057.60000000,5.12587000,1.99913000,0.59719091,0.76537471
1057.80000000,5.12975000,2.10576000,0.59730494,0.76552474
1058.00000000,5.12975000,2.10576000,0.59742192,0.76567461
1058.20000000,5.12437000,1.86217000,0.59753214,0.76580708
1058.40000000,5.12225000,2.12268000,0.59764284,0.76595832
1058.60000000,5.12987000,2.03216000,0.59775825,0.76610311
1058.80000000,5.12987000,2.03216000,0.59787115,0.76624772
1059.00000000,5.12350000,1.98470000,0.59798272,0.76638904
1059.20000000,5.12675000,1.95366000,0.59809212,0.76652813
1059.40000000,5.12600000,2.03344000,0.59820288,0.76667293
1059.60000000,5.12712000,2.09987000,0.59831769,0.76682246
1059.80000000,5.12712000,2.09987000,0.59843435,0.76697197
1060.00000000,5.12637000,2.07411000,0.59855029,0.76711967
1060.20000000,5.12712000,2.02835000,0.59866425,0.76726410
1060.40000000,5.12675000,2.02499000,0.59877684,0.76740829
1060.60000000,5.12687000,2.01606000,0.59888910,0.76755184
1060.80000000,5.12687000,2.01606000,0.59900110,0.76769538
1061.00000000,5.12637000,2.05564000,0.59911420,0.76784178
1061.20000000,5.12775000,2.15116000,0.59923106,0.76799497
1061.40000000,5.12712000,2.12297000,0.59934978,0.76814615
1061.60000000,5.12712000,2.12297000,0.59946773,0.76829727
1061.80000000,5.12537000,2.02502000,0.59958295,0.76844149
1062.00000000,5.12762000,2.19203000,0.59970009,0.76859756
1062.20000000,5.12650000,2.01619000,0.59981698,0.76874111
1062.40000000,5.12625000,2.11593000,0.59993176,0.76889176
1062.60000000,5.12625000,2.11593000,0.60004932,0.76904244
1062.80000000,5.12712000,2.12579000,0.60016714,0.76919374
1063.00000000,5.12462000,1.90361000,0.60027907,0.76932928
1063.20000000,5.12637000,2.08288000,0.60038980,0.76947758
1063.40000000,5.12637000,2.08288000,0.60050552,0.76962592
1063.60000000,5.12787000,2.12803000,0.60062249,0.76977746
1063.80000000,5.12737000,2.10576000,0.60074010,0.76992731
1064.00000000,5.12350000,1.99430000,0.60085399,0.77006922
1064.20000000,5.12350000,1.99430000,0.60096478,0.77021119
1064.40000000,5.12537000,2.03529000,0.60107671,0.77035606
1064.60000000,5.12487000,2.07088000,0.60119077,0.77050355
1064.80000000,5.12787000,2.20195000,0.60130946,0.77066037
1065.00000000,5.12600000,2.09001000,0.60142868,0.77080917
1065.20000000,5.12600000,2.09001000,0.60154480,0.77095800
1065.40000000,5.12725000,2.05251000,0.60165987,0.77110408
1065.60000000,5.12437000,2.03248000,0.60177334,0.77124886
1065.80000000,5.12862000,2.19635000,0.60189081,0.77140531
1066.00000000,5.12862000,2.19635000,0.60201282,0.77156167
1066.20000000,5.12587000,1.99795000,0.60212933,0.77170394
1066.40000000,5.12687000,2.18809000,0.60224561,0.77185974
1066.60000000,5.12662000,1.94656000,0.60236046,0.77199834
1066.80000000,5.12662000,1.94656000,0.60246861,0.77213693
1067.00000000,5.12637000,2.14454000,0.60258225,0.77228960
1067.20000000,5.12575000,2.13673000,0.60270117,0.77244170
1067.40000000,5.12525000,1.91788000,0.60281380,0.77257823
1067.60000000,5.12525000,1.99513000,0.60292249,0.77272025
1067.80000000,5.12525000,1.99513000,0.60303333,0.77286231
1068.00000000,5.12687000,1.97692000,0.60314367,0.77300311
1068.20000000,5.12787000,2.08944000,0.60325662,0.77315191
1068.40000000,5.12737000,2.04982000,0.60337160,0.77329788
1068.60000000,5.12737000,2.04982000,0.60348548,0.77344382
1068.80000000,5.12600000,1.91539000,0.60359563,0.77358019
1069.00000000,5.12637000,2.13657000,0.60370818,0.77373231
1069.20000000,5.12612000,2.13904000,0.60382695,0.77388466
1069.40000000,5.12812000,2.08956000,0.60394441,0.77403349
1069.60000000,5.12812000,2.08956000,0.60406050,0.77418214
1069.80000000,5.12225000,1.98694000,0.60417373,0.77432359
1070.00000000,5.12575000,2.17312000,0.60428929,0.77447832
1070.20000000,5.12650000,2.03648000,0.60440622,0.77462332
1070.40000000,5.12575000,1.87305000,0.60451482,0.77475667
1070.60000000,5.12575000,1.87305000,0.60461888,0.77489007
1070.80000000,5.12787000,1.97632000,0.60472581,0.77503077
1071.00000000,5.12587000,2.09465000,0.60483889,0.77517985
1071.20000000,5.12462000,1.92057000,0.60495042,0.77531655
1071.40000000,5.12462000,1.92057000,0.60505712,0.77545327
1071.60000000,5.12562000,1.95212000,0.60516470,0.77559228
1071.80000000,5.12700000,2.13465000,0.60527822,0.77574427
1072.00000000,5.12637000,2.10854000,0.60539608,0.77589434
1072.20000000,5.12437000,1.98774000,0.60550987,0.77603581
1072.40000000,5.12437000,1.98774000,0.60562030,0.77617736
1072.60000000,5.12725000,2.05968000,0.60573273,0.77632398
1072.80000000,5.12550000,2.00614000,0.60584567,0.77646678
1073.00000000,5.12512000,2.14278000,0.60596091,0.77661931
1073.20000000,5.12512000,2.14278000,0.60607996,0.77677184
1073.40000000,5.12512000,1.98249000,0.60619455,0.77691294
1073.60000000,5.12462000,2.01625000,0.60630562,0.77705652
1073.80000000,5.12725000,2.06828000,0.60641908,0.77720381
1074.00000000,5.12487000,2.07859000,0.60653427,0.77735176
1074.20000000,5.12487000,2.07859000,0.60664975,0.77749980
1074.40000000,5.12800000,1.99958000,0.60676303,0.77764217
1074.60000000,5.12625000,2.01228000,0.60687448,0.77778535
1074.80000000,5.12300000,2.02969000,0.60698675,0.77792977
1075.00000000,5.12300000,2.02969000,0.60709951,0.77807430
1075.20000000,5.12712000,2.22374000,0.60721766,0.77823270
1075.40000000,5.12875000,2.08771000,0.60733743,0.77838134
1075.60000000,5.12625000,1.99548000,0.60745085,0.77852338
1075.80000000,5.12500000,2.09392000,0.60756444,0.77867243
1076.00000000,5.12500000,2.09392000,0.60768077,0.77882152
1076.20000000,5.12637000,1.99062000,0.60779423,0.77896322
1076.40000000,5.12525000,2.05382000,0.60790658,0.77910942
1076.60000000,5.12537000,2.01241000,0.60801953,0.77925267
1076.80000000,5.12537000,2.01241000,0.60813133,0.77939592
1077.00000000,5.12525000,2.01475000,0.60824319,0.77953943
1077.20000000,5.12837000,2.19392000,0.60836010,0.77969559
1077.40000000,5.12500000,2.06233000,0.60847833,0.77984239
1077.60000000,5.13062000,2.00998000,0.60859145,0.77998562
1077.80000000,5.13062000,2.00998000,0.60870312,0.78012866
1078.00000000,5.12400000,2.09481000,0.60881714,0.78027778
1078.20000000,5.12525000,1.98812000,0.60893055,0.78041938
1078.40000000,5.12787000,2.10576000,0.60904427,0.78056935
1078.60000000,5.12787000,2.10576000,0.60916126,0.78071916
1078.80000000,5.12225000,1.94476000,0.60927377,0.78085767
1079.00000000,5.12825000,2.20640000,0.60938908,0.78101475
1079.20000000,5.12575000,1.98899000,0.60950562,0.78115635
1079.40000000,5.12575000,1.98899000,0.60961612,0.78129803
1079.60000000,5.12875000,1.99881000,0.60972689,0.78144037
1079.80000000,5.12725000,2.06534000,0.60983979,0.78158741
1080.00000000,5.12600000,2.05187000,0.60995415,0.78173347
1080.20000000,5.12537000,2.17827000,0.61007166,0.78188853
1080.40000000,5.12537000,2.17827000,0.61019267,0.78204365
1080.60000000,5.12725000,2.12579000,0.61031223,0.78219505
1080.80000000,5.12787000,2.10128000,0.61042965,0.78234465
1081.00000000,5.12600000,2.02752000,0.61054434,0.78248900
1081.20000000,5.12600000,2.02752000,0.61065698,0.78263331
1081.40000000,5.12475000,1.98844000,0.61076853,0.78277494
1081.60000000,5.12825000,2.13737000,0.61088314,0.78292717
1081.80000000,5.12787000,2.13747000,0.61100188,0.78307934
1082.00000000,5.12587000,2.15398000,0.61112109,0.78323269
1082.20000000,5.12587000,2.15398000,0.61124075,0.78338601
1082.40000000,5.12525000,2.00707000,0.61135634,0.78352890
1082.60000000,5.12575000,2.00627000,0.61146782,0.78367182
1082.80000000,5.12900000,2.21622000,0.61158511,0.78382969
1083.00000000,5.12900000,2.21622000,0.61170824,0.78398745
1083.20000000,5.12500000,2.06425000,0.61182714,0.78413456
1083.40000000,5.13125000,2.08467000,0.61194238,0.78428293
1083.60000000,5.12450000,2.05369000,0.61205734,0.78442914
1083.80000000,5.12587000,2.10297000,0.61217280,0.78457886
1084.00000000,5.12587000,2.10297000,0.61228963,0.78472860
1084.20000000,5.12687000,2.12425000,0.61240706,0.78487992
1084.40000000,5.12875000,2.02761000,0.61252239,0.78502421
1084.60000000,5.12387000,2.06640000,0.61263611,0.78517127
1084.80000000,5.12962000,2.13408000,0.61275279,0.78532331
1085.00000000,5.12962000,2.13408000,0.61287135,0.78547524
1085.20000000,5.12600000,2.04115000,0.61298733,0.78562056
1085.40000000,5.12600000,2.18697000,0.61310477,0.78577633
1085.60000000,5.12812000,2.11481000,0.61322427,0.78592695
1085.80000000,5.12812000,2.11481000,0.61334176,0.78607743
1086.00000000,5.12325000,1.93990000,0.61345439,0.78621560
1086.20000000,5.12812000,2.05452000,0.61356535,0.78636184
1086.40000000,5.12475000,1.93520000,0.61367617,0.78649968
1086.60000000,5.12862000,2.16252000,0.61379000,0.78665372
1086.80000000,5.12862000,2.16252000,0.61391014,0.78680765
1087.00000000,5.12500000,1.89161000,0.61402275,0.78694230
1087.20000000,5.12537000,2.00713000,0.61413105,0.78708521
1087.40000000,5.12650000,2.20441000,0.61424804,0.78724217
1087.60000000,5.12650000,2.20441000,0.61437050,0.78739918
1087.80000000,5.12825000,2.17673000,0.61449220,0.78755419
1088.00000000,5.12725000,2.16819000,0.61461289,0.78770858
1088.20000000,5.12687000,1.92035000,0.61472646,0.78784524
1088.40000000,5.12362000,1.95555000,0.61483413,0.78798440
1088.60000000,5.12362000,1.95555000,0.61494277,0.78812361
1088.80000000,5.12550000,1.86624000,0.61504893,0.78825650
1089.00000000,5.12712000,1.95040000,0.61515495,0.78839537
1089.20000000,5.12637000,2.01676000,0.61526515,0.78853896
1089.40000000,5.12637000,2.01676000,0.61537719,0.78868253
1089.60000000,5.12550000,2.04374000,0.61548998,0.78882799
1089.80000000,5.12462000,1.98720000,0.61560195,0.78896946
1090.00000000,5.12575000,2.07641000,0.61571483,0.78911729
1090.20000000,5.12537000,1.97168000,0.61582728,0.78925764
1090.40000000,5.12537000,1.97168000,0.61593682,0.78939799
1090.60000000,5.12525000,1.99446000,0.61604699,0.78954001
1090.80000000,5.12700000,2.05724000,0.61615953,0.78968651
1091.00000000,5.12487000,2.15500000,0.61627654,0.78983990
1091.20000000,5.12487000,2.15500000,0.61639626,0.78999332
1091.40000000,5.12587000,2.05094000,0.61651309,0.79013939
1091.60000000,5.12800000,1.89408000,0.61662268,0.79027415
1091.80000000,5.12262000,2.00035000,0.61673086,0.79041647
1092.00000000,5.12262000,2.00035000,0.61684199,0.79055888
1092.20000000,5.12600000,1.87312000,0.61694958,0.79069226
1092.40000000,5.12675000,1.97331000,0.61705643,0.79083274
1092.60000000,5.12562000,2.08524000,0.61716917,0.79098118
1092.80000000,5.12550000,2.01033000,0.61728293,0.79112429
1093.00000000,5.12550000,2.01033000,0.61739462,0.79126741
1093.20000000,5.12587000,1.92822000,0.61750402,0.79140464
1093.40000000,5.12387000,2.06284000,0.61761488,0.79155150
1093.60000000,5.12600000,1.98278000,0.61772726,0.79169266
1093.80000000,5.12600000,1.98278000,0.61783742,0.79183383
1094.00000000,5.12637000,2.03929000,0.61794914,0.79197905
1094.20000000,5.12712000,2.14249000,0.61806530,0.79213159
1094.40000000,5.12600000,1.88672000,0.61817722,0.79226582
1094.60000000,5.12250000,1.85436000,0.61828114,0.79239775
1094.80000000,5.12250000,1.85436000,0.61838416,0.79252983
1095.00000000,5.12837000,2.05932000,0.61849288,0.79267636
1095.20000000,5.12312000,1.96003000,0.61860452,0.79281594
1095.40000000,5.12725000,2.05868000,0.61871616,0.79296254
1095.60000000,5.12725000,2.05868000,0.61883053,0.79310915
1095.80000000,5.12750000,2.00566000,0.61894342,0.79325187
1096.00000000,5.12362000,1.96822000,0.61905381,0.79339204
1096.20000000,5.12750000,2.12752000,0.61916758,0.79354355
1096.40000000,5.12737000,2.02832000,0.61928302,0.79368799
1096.60000000,5.12737000,2.02832000,0.61939571,0.79383232
1096.80000000,5.12337000,1.93075000,0.61950568,0.79396976
1097.00000000,5.12512000,2.00230000,0.61961493,0.79411227
1097.20000000,5.12450000,2.19558000,0.61973154,0.79426854
1097.40000000,5.12450000,2.19558000,0.61985352,0.79442488
1097.60000000,5.12712000,2.05798000,0.61997167,0.79457144
1097.80000000,5.12725000,2.04976000,0.62008577,0.79471737
1098.00000000,5.12612000,2.05206000,0.62019971,0.79486351
1098.20000000,5.12750000,2.08601000,0.62031466,0.79501207
1098.40000000,5.12750000,2.08601000,0.62043055,0.79516054
1098.60000000,5.12475000,2.17209000,0.62054883,0.79531522
1098.80000000,5.12725000,2.02163000,0.62066532,0.79545914
1099.00000000,5.12575000,2.17568000,0.62078191,0.79561403
1099.20000000,5.12575000,2.17568000,0.62090278,0.79576891
1099.40000000,5.12537000,2.18428000,0.62102389,0.79592438
1099.60000000,5.12487000,1.94489000,0.62113859,0.79606283
1099.80000000,5.12525000,1.89836000,0.62124535,0.79619804
1100.00000000,5.12837000,2.08700000,0.62135606,0.79634669
1100.20000000,5.12837000,2.08700000,0.62147200,0.79649526
1100.40000000,5.12537000,1.94566000,0.62158402,0.79663374
1100.60000000,5.12475000,2.01238000,0.62169396,0.79677700
1100.80000000,5.12537000,2.05552000,0.62180696,0.79692324
1101.00000000,5.12262000,1.87513000,0.62191615,0.79705665
1101.20000000,5.12262000,1.87513000,0.62202032,0.79719018
1101.40000000,5.12725000,2.11123000,0.62213105,0.79734047
1101.60000000,5.12537000,1.97212000,0.62224448,0.79748084
1101.80000000,5.12462000,2.11308000,0.62235796,0.79763124
1102.00000000,5.12462000,2.11308000,0.62247535,0.79778172
1102.20000000,5.12750000,1.93932000,0.62258792,0.79791973
1102.40000000,5.12362000,2.03971000,0.62269844,0.79806492
1102.60000000,5.12512000,1.95372000,0.62280937,0.79820399
1102.80000000,5.12512000,1.95372000,0.62291791,0.79834311
1103.00000000,5.12700000,2.10284000,0.62303060,0.79849280
1103.20000000,5.12525000,1.96992000,0.62314373,0.79863305
1103.40000000,5.12600000,2.03852000,0.62325507,0.79877818
1103.60000000,5.12825000,2.18182000,0.62337230,0.79893358
1103.80000000,5.12825000,2.18182000,0.62349352,0.79908889
1104.00000000,5.12512000,2.10758000,0.62361267,0.79923895
1104.20000000,5.12662000,1.95388000,0.62372549,0.79937798
1104.40000000,5.12325000,2.05350000,0.62383680,0.79952410
1104.60000000,5.12325000,2.05350000,0.62395088,0.79967025
1104.80000000,5.12412000,1.95673000,0.62406228,0.79980959
1105.00000000,5.12737000,2.08784000,0.62417463,0.79995823
1105.20000000,5.12600000,2.08096000,0.62429043,0.80010639
1105.40000000,5.12600000,2.08096000,0.62440604,0.80025453
1105.60000000,5.12550000,2.14857000,0.62452352,0.80040756
1105.80000000,5.12837000,1.94697000,0.62463729,0.80054614
1106.00000000,5.12450000,2.05465000,0.62474845,0.80069237
1106.20000000,5.12425000,2.04300000,0.62486227,0.80083777
1106.40000000,5.12425000,2.04300000,0.62497577,0.80098321
1106.60000000,5.12587000,2.02131000,0.62508867,0.80112716
1106.80000000,5.12737000,2.04912000,0.62520173,0.80127299
1107.00000000,5.12412000,1.97353000,0.62531347,0.80141344
1107.20000000,5.12412000,1.97353000,0.62542312,0.80155397
1107.40000000,5.12687000,2.13744000,0.62553731,0.80170616
1107.60000000,5.12650000,2.02646000,0.62565297,0.80185046
1107.80000000,5.12687000,2.10227000,0.62576766,0.80200020
1108.00000000,5.12862000,2.09670000,0.62588430,0.80214955
1108.20000000,5.12862000,2.09670000,0.62600078,0.80229883
1108.40000000,5.12625000,2.03785000,0.62611563,0.80244384
1108.60000000,5.12312000,2.01603000,0.62622824,0.80258740
1108.80000000,5.12712000,2.10480000,0.62634271,0.80273728
1109.00000000,5.12700000,1.95030000,0.62645535,0.80287616
1109.20000000,5.12700000,1.95030000,0.62656370,0.80301501
1109.40000000,5.12625000,2.01171000,0.62667375,0.80315820
1109.60000000,5.12462000,2.10492000,0.62678810,0.80330806
1109.80000000,5.12625000,1.95251000,0.62690081,0.80344708
1110.00000000,5.12625000,1.95251000,0.62700928,0.80358607
1110.20000000,5.12550000,1.97808000,0.62711847,0.80372696
1110.40000000,5.12800000,2.03248000,0.62722987,0.80387165
1110.60000000,5.12575000,1.99913000,0.62734186,0.80401394
1110.80000000,5.12475000,2.12636000,0.62745646,0.80416529
1111.00000000,5.12475000,2.12636000,0.62757459,0.80431668
1111.20000000,5.12612000,1.95737000,0.62768802,0.80445601
1111.40000000,5.12512000,1.94944000,0.62779655,0.80459473
1111.60000000,5.12350000,1.92540000,0.62790418,0.80473174
1111.80000000,5.12350000,1.92540000,0.62801115,0.80486887
1112.00000000,5.12775000,2.11705000,0.62812344,0.80501961
1112.20000000,5.12662000,1.99216000,0.62823758,0.80516140
1112.40000000,5.12462000,2.04416000,0.62834970,0.80530689
1112.60000000,5.12437000,1.95075000,0.62846067,0.80544573
1112.80000000,5.12437000,1.95075000,0.62856905,0.80558461
1113.00000000,5.12600000,2.07849000,0.62868097,0.80573258
1113.20000000,5.12562000,1.94384000,0.62879270,0.80587097
1113.40000000,5.12600000,2.14313000,0.62890623,0.80602355
1113.60000000,5.12600000,2.14313000,0.62902529,0.80617613
1113.80000000,5.12600000,2.08560000,0.62914276,0.80632464
1114.00000000,5.12700000,2.11353000,0.62925940,0.80647511
1114.20000000,5.12600000,1.91321000,0.62937125,0.80661132
1114.40000000,5.12600000,1.91321000,0.62947754,0.80674747
1114.60000000,5.12350000,1.92288000,0.62958410,0.80688440
1114.80000000,5.12725000,1.96908000,0.62969221,0.80702452
1115.00000000,5.12350000,2.02908000,0.62980327,0.80716891
1115.20000000,5.12537000,1.89808000,0.62991236,0.80730402
1115.40000000,5.12537000,1.89808000,0.63001781,0.80743911
1115.60000000,5.12425000,1.92771000,0.63012408,0.80757635
1115.80000000,5.12600000,1.94214000,0.63023158,0.80771462
1116.00000000,5.12612000,2.13865000,0.63034493,0.80786689
1116.20000000,5.12612000,2.13865000,0.63046374,0.80801913
1116.40000000,5.12537000,1.95344000,0.63057741,0.80815825
1116.60000000,5.12762000,2.13075000,0.63069086,0.80830986
1116.80000000,5.12300000,1.86460000,0.63080185,0.80844253
1117.00000000,5.12300000,1.86460000,0.63090543,0.80857531
1117.20000000,5.12750000,2.01619000,0.63101323,0.80871881
1117.40000000,5.12437000,2.03388000,0.63112574,0.80886360
1117.60000000,5.12562000,2.08163000,0.63124006,0.80901180
1117.80000000,5.12600000,2.13436000,0.63135717,0.80916376
1118.00000000,5.12600000,2.13436000,0.63147574,0.80931568
1118.20000000,5.12500000,1.95920000,0.63158945,0.80945511
1118.40000000,5.12400000,1.92044000,0.63169722,0.80959184
1118.60000000,5.12637000,1.81251000,0.63180091,0.80972086
1118.80000000,5.12487000,2.19558000,0.63191225,0.80987714
1119.00000000,5.12487000,2.19558000,0.63203423,0.81003348
1119.20000000,5.12712000,2.18851000,0.63215601,0.81018929
1119.40000000,5.12600000,2.13862000,0.63227620,0.81034155
1119.60000000,5.12612000,1.97347000,0.63239043,0.81048206
1119.80000000,5.12612000,1.97347000,0.63250007,0.81062256
1120.00000000,5.12612000,2.18140000,0.63261548,0.81077794
1120.20000000,5.12862000,1.94771000,0.63273018,0.81091662
1120.40000000,5.12637000,2.09059000,0.63284235,0.81106537
1120.60000000,5.12312000,2.16144000,0.63296046,0.81121917
1120.80000000,5.12312000,2.16144000,0.63308054,0.81137310
1121.00000000,5.12750000,2.03632000,0.63319715,0.81151804
1121.20000000,5.12500000,2.04297000,0.63331046,0.81166346
1121.40000000,5.12487000,1.97497000,0.63342207,0.81180404
1121.60000000,5.12487000,1.97497000,0.63353179,0.81194454
1121.80000000,5.12237000,1.96339000,0.63364119,0.81208436
1122.00000000,5.12725000,2.08336000,0.63375360,0.81223273
1122.20000000,5.12775000,1.94332000,0.63386545,0.81237105
1122.40000000,5.12450000,2.02873000,0.63397579,0.81251544
1122.60000000,5.12450000,2.02873000,0.63408849,0.81265990
1122.80000000,5.12700000,2.08016000,0.63420263,0.81280807
1123.00000000,5.12862000,2.09763000,0.63431868,0.81295734
1123.20000000,5.12337000,2.10681000,0.63443547,0.81310725
1123.40000000,5.12337000,2.10681000,0.63455251,0.81325724
1123.60000000,5.12562000,2.00620000,0.63466676,0.81340005
1123.80000000,5.12550000,2.06822000,0.63477994,0.81354724
1124.00000000,5.12400000,1.88092000,0.63488964,0.81368114
1124.20000000,5.12562000,2.06096000,0.63499914,0.81382786
1124.40000000,5.12562000,2.06096000,0.63511364,0.81397459
1124.60000000,5.12612000,2.04860000,0.63522779,0.81412042
1124.80000000,5.12512000,2.02560000,0.63534096,0.81426460
1125.00000000,5.12512000,1.93878000,0.63545108,0.81440261
1125.20000000,5.12512000,1.93878000,0.63555879,0.81454070
1125.40000000,5.12825000,2.06048000,0.63566988,0.81468732
1125.60000000,5.12325000,1.96656000,0.63578175,0.81482731
1125.80000000,5.12550000,1.94329000,0.63589035,0.81496565
1126.00000000,5.12300000,1.87689000,0.63599647,0.81509919
1126.20000000,5.12300000,1.87689000,0.63610074,0.81523282
1126.40000000,5.12612000,2.12419000,0.63621188,0.81538402
1126.60000000,5.12500000,1.92355000,0.63632432,0.81552090
1126.80000000,5.12337000,1.87315000,0.63642978,0.81565419
1127.00000000,5.12337000,1.87315000,0.63653385,0.81578751
1127.20000000,5.12462000,1.95932000,0.63664031,0.81592700
1127.40000000,5.12587000,1.91763000,0.63674800,0.81606346
1127.60000000,5.12350000,2.10668000,0.63685978,0.81621337
1127.80000000,5.12350000,2.10668000,0.63697682,0.81636339
1128.00000000,5.12725000,1.91792000,0.63708862,0.81649986
1128.20000000,5.12337000,2.02716000,0.63719820,0.81664425
1128.40000000,5.12825000,2.00857000,0.63731031,0.81678721
1128.60000000,5.12450000,2.20547000,0.63742736,0.81694418
1128.80000000,5.12450000,2.20547000,0.63754989,0.81710118
1129.00000000,5.12537000,2.00198000,0.63766676,0.81724371
1129.20000000,5.12612000,1.95488000,0.63777668,0.81738287
1129.40000000,5.12537000,2.19452000,0.63789194,0.81753909
1129.60000000,5.12537000,2.19452000,0.63801385,0.81769533
1129.80000000,5.12612000,2.02038000,0.63813093,0.81783921
1130.00000000,5.12762000,2.11651000,0.63824585,0.81798980
1130.20000000,5.12262000,1.92035000,0.63835798,0.81812657
1130.40000000,5.12812000,2.06844000,0.63846878,0.81827389
1130.60000000,5.12812000,2.06844000,0.63858370,0.81842109
1130.80000000,5.12387000,2.21430000,0.63870266,0.81857871
1131.00000000,5.12512000,2.01785000,0.63882022,0.81872239
1131.20000000,5.12650000,2.06035000,0.63893350,0.81886909
1131.40000000,5.12650000,2.06035000,0.63904797,0.81901581
1131.60000000,5.12737000,2.23872000,0.63916739,0.81917522
1131.80000000,5.12675000,2.11686000,0.63928838,0.81932589
1132.00000000,5.12462000,2.01078000,0.63940303,0.81946909
1132.20000000,5.12762000,2.07433000,0.63951651,0.81961682
1132.40000000,5.12762000,2.07433000,0.63963175,0.81976440
1132.60000000,5.12275000,2.07280000,0.63974695,0.81991205
1132.80000000,5.12862000,1.96361000,0.63985907,0.82005187
1133.00000000,5.12687000,2.01516000,0.63996959,0.82019537
1133.20000000,5.12687000,2.01516000,0.64008154,0.82033874
1133.40000000,5.12275000,2.05865000,0.64019470,0.82048527
1133.60000000,5.12462000,1.96124000,0.64030637,0.82062497
1133.80000000,5.12850000,2.02294000,0.64041704,0.82076899
1134.00000000,5.12600000,2.15152000,0.64053300,0.82092216
1134.20000000,5.12600000,2.15152000,0.64065253,0.82107539
1134.40000000,5.12762000,2.17929000,0.64077283,0.82123046
1134.60000000,5.12325000,2.05184000,0.64089036,0.82137659
1134.80000000,5.12787000,2.04316000,0.64100411,0.82152211
1135.00000000,5.12462000,2.09849000,0.64111915,0.82167147
1135.20000000,5.12462000,2.09849000,0.64123574,0.82182076
1135.40000000,5.12237000,2.07161000,0.64135157,0.82196826
1135.60000000,5.12625000,2.11500000,0.64146787,0.82211884
1135.80000000,5.12562000,2.10460000,0.64158508,0.82226866
1136.00000000,5.12562000,2.10460000,0.64170200,0.82241849
1136.20000000,5.12550000,2.14380000,0.64182001,0.82257118
1136.40000000,5.12825000,2.15865000,0.64193952,0.82272484
1136.60000000,5.12512000,1.93961000,0.64205336,0.82286290
1136.80000000,5.12512000,1.93961000,0.64216112,0.82300096
1137.00000000,5.12475000,2.01580000,0.64227099,0.82314449
1137.20000000,5.12675000,2.14544000,0.64238658,0.82329732
1137.40000000,5.12887000,2.14822000,0.64250585,0.82345035
1137.60000000,5.12512000,1.94166000,0.64261946,0.82358856
1137.80000000,5.12512000,1.94166000,0.64272733,0.82372677
1138.00000000,5.12500000,2.02822000,0.64283760,0.82387127
1138.20000000,5.12975000,2.02217000,0.64295011,0.82401519
1138.40000000,5.12437000,2.13788000,0.64306567,0.82416735
1138.60000000,5.12437000,2.13788000,0.64318444,0.82431960
1138.80000000,5.12762000,2.11811000,0.64330266,0.82447032
1139.00000000,5.12312000,1.99251000,0.64341685,0.82461216
1139.20000000,5.12550000,1.99913000,0.64352773,0.82475447
1139.40000000,5.12550000,1.99913000,0.64363879,0.82489682
1139.60000000,5.12662000,2.07708000,0.64375202,0.82504468
1139.80000000,5.12550000,1.94480000,0.64386374,0.82518307
1140.00000000,5.12337000,1.93036000,0.64397138,0.82532052
1140.20000000,5.12700000,2.04150000,0.64408171,0.82546590
1140.40000000,5.12700000,2.04150000,0.64419513,0.82561126
1140.60000000,5.12662000,1.98476000,0.64430697,0.82575253
1140.80000000,5.12487000,2.13107000,0.64442130,0.82590424
1141.00000000,5.12575000,1.93062000,0.64453412,0.82604169
1141.20000000,5.12575000,1.93062000,0.64464138,0.82617909
1141.40000000,5.12425000,2.02624000,0.64475129,0.82632337
1141.60000000,5.12687000,2.11881000,0.64486643,0.82647419
1141.80000000,5.12512000,2.08246000,0.64498313,0.82662244
1142.00000000,5.12562000,1.97731000,0.64509590,0.82676320
1142.20000000,5.12562000,1.97731000,0.64520575,0.82690396
1142.40000000,5.12550000,1.93843000,0.64531452,0.82704198
1142.60000000,5.12650000,2.01996000,0.64542448,0.82718576
1142.80000000,5.12487000,2.10604000,0.64553909,0.82733566
1143.00000000,5.12875000,2.13632000,0.64565693,0.82748784
1143.20000000,5.12875000,2.13632000,0.64577562,0.82763993
1143.40000000,5.12575000,1.84963000,0.64588634,0.82777157
1143.60000000,5.12450000,1.94518000,0.64599175,0.82790996
1143.80000000,5.12237000,1.98572000,0.64610094,0.82805123
1144.00000000,5.12237000,1.98572000,0.64621126,0.82819264
1144.20000000,5.12737000,2.12614000,0.64632548,0.82834406
1144.40000000,5.12750000,1.93433000,0.64643827,0.82848173
1144.60000000,5.12462000,2.08995000,0.64655005,0.82863058
1144.80000000,5.12775000,2.10947000,0.64666671,0.82878081
1145.00000000,5.12775000,2.10947000,0.64678390,0.82893096
1145.20000000,5.12500000,2.00864000,0.64689829,0.82907394
1145.40000000,5.12487000,2.06342000,0.64701140,0.82922079
1145.60000000,5.12437000,1.91388000,0.64712188,0.82935701
1145.80000000,5.12437000,1.91388000,0.64722821,0.82949327
1146.00000000,5.12612000,2.12604000,0.64734043,0.82964464
1146.20000000,5.12625000,2.05808000,0.64745666,0.82979115
1146.40000000,5.12550000,2.05772000,0.64757098,0.82993770
1146.60000000,5.12787000,2.12566000,0.64768719,0.83008909
1146.80000000,5.12787000,2.12566000,0.64780528,0.83024044
1147.00000000,5.12662000,1.98419000,0.64791944,0.83038175
1147.20000000,5.12762000,1.98368000,0.64802966,0.83052293
1147.40000000,5.12412000,2.12179000,0.64814370,0.83067393
1147.60000000,5.12412000,2.12179000,0.64826158,0.83082499
1147.80000000,5.12612000,1.98499000,0.64837566,0.83096628
1148.00000000,5.12487000,1.99616000,0.64848624,0.83110847
1148.20000000,5.12850000,2.03936000,0.64859834,0.83125373
1148.40000000,5.12600000,2.13779000,0.64871437,0.83140593
1148.60000000,5.12600000,2.13779000,0.64883314,0.83155811
1148.80000000,5.12550000,2.16076000,0.64895254,0.83171201
1149.00000000,5.12800000,1.97580000,0.64906745,0.83185262
1149.20000000,5.12425000,2.14060000,0.64918179,0.83200497
1149.40000000,5.12425000,2.14060000,0.64930072,0.83215740
1149.60000000,5.12687000,2.14166000,0.64941967,0.83230987
1149.80000000,5.12587000,2.04537000,0.64953597,0.83245550
1150.00000000,5.12662000,2.17059000,0.64965308,0.83261005
1150.20000000,5.12662000,2.17059000,0.64977367,0.83276465
1150.40000000,5.12787000,2.19219000,0.64989486,0.83292076
1150.60000000,5.12737000,2.08736000,0.65001374,0.83306929
1150.80000000,5.12337000,2.04998000,0.65012866,0.83321516
1151.00000000,5.12762000,2.14601000,0.65024522,0.83336800
1151.20000000,5.12762000,2.14601000,0.65036444,0.83352076
1151.40000000,5.12550000,2.05395000,0.65048111,0.83366702
1151.60000000,5.12687000,2.01945000,0.65059426,0.83381080
1151.80000000,5.12625000,2.11027000,0.65070897,0.83396105
1152.00000000,5.12625000,2.11027000,0.65082621,0.83411127
1152.20000000,5.12562000,2.17465000,0.65094523,0.83426615
1152.40000000,5.12762000,2.05436000,0.65106271,0.83441245
1152.60000000,5.12737000,2.03158000,0.65117620,0.83455717
1152.80000000,5.12900000,2.22342000,0.65129440,0.83471555
1153.00000000,5.12900000,2.22342000,0.65141792,0.83487398
1153.20000000,5.13012000,2.19734000,0.65154072,0.83503039
1153.40000000,5.12512000,1.97958000,0.65165675,0.83517129
1153.60000000,5.12462000,2.02384000,0.65176795,0.83531533
1153.80000000,5.12462000,2.02384000,0.65188039,0.83545947
1154.00000000,5.12775000,2.05056000,0.65199357,0.83560532
1154.20000000,5.12125000,1.92720000,0.65210406,0.83574258
1154.40000000,5.12800000,2.24256000,0.65221989,0.83590222
1154.60000000,5.12525000,1.96556000,0.65233678,0.83604213
1154.80000000,5.12525000,1.96556000,0.65244598,0.83618205
1155.00000000,5.12537000,2.01350000,0.65255651,0.83632552
1155.20000000,5.13012000,2.21548000,0.65267398,0.83648320
1155.40000000,5.12437000,2.05760000,0.65279267,0.83662964
1155.60000000,5.12437000,2.05760000,0.65290699,0.83677608
1155.80000000,5.12425000,2.04560000,0.65302096,0.83692170
1156.00000000,5.12562000,2.18336000,0.65313843,0.83707716
1156.20000000,5.12650000,2.01299000,0.65325500,0.83722048
1156.40000000,5.12600000,2.07203000,0.65336847,0.83736799
1156.60000000,5.12600000,2.07203000,0.65348358,0.83751553
1156.80000000,5.12662000,2.17235000,0.65360148,0.83767023
1157.00000000,5.12750000,2.12342000,0.65372081,0.83782135
1157.20000000,5.12412000,2.03734000,0.65383639,0.83796635
1157.40000000,5.12412000,2.03734000,0.65394957,0.83811135
1157.60000000,5.12437000,1.93945000,0.65406004,0.83824945
1157.80000000,5.12675000,2.02652000,0.65417021,0.83839370
1158.00000000,5.12500000,1.99289000,0.65428186,0.83853555
1158.20000000,5.12462000,2.16486000,0.65439735,0.83868963
1158.40000000,5.12462000,2.16486000,0.65451762,0.83884380
1158.60000000,5.12737000,2.03500000,0.65463428,0.83898868
1158.80000000,5.12575000,1.87948000,0.65474302,0.83912247
1159.00000000,5.12562000,2.12166000,0.65485416,0.83927351
1159.20000000,5.12562000,2.12166000,0.65497203,0.83942451
1159.40000000,5.12425000,1.96233000,0.65508547,0.83956421
1159.60000000,5.12550000,1.96726000,0.65519463,0.83970424
1159.80000000,5.12512000,1.97792000,0.65530422,0.83984503
1160.00000000,5.12787000,2.11824000,0.65541800,0.83999589
1160.20000000,5.12787000,2.11824000,0.65553568,0.84014661
1160.40000000,5.12275000,1.98374000,0.65564962,0.84028788
1160.60000000,5.12775000,1.97289000,0.65575953,0.84042839
1160.80000000,5.12912000,2.00560000,0.65587004,0.84057127
1161.00000000,5.12912000,2.00560000,0.65598147,0.84071397
1161.20000000,5.12312000,1.96883000,0.65609187,0.84085414
1161.40000000,5.12575000,2.14236000,0.65620607,0.84100667
1161.60000000,5.12637000,1.96249000,0.65632009,0.84114640
1161.80000000,5.12475000,2.10515000,0.65643308,0.84129624
1162.00000000,5.12475000,2.10515000,0.65655003,0.84144612
1162.20000000,5.12625000,2.13350000,0.65666777,0.84159804
1162.40000000,5.12700000,2.10800000,0.65678559,0.84174809
1162.60000000,5.12487000,1.85718000,0.65689574,0.84188028
1162.80000000,5.12487000,1.85718000,0.65699891,0.84201245
1163.00000000,5.12412000,1.97916000,0.65710548,0.84215340
1163.20000000,5.12737000,2.11020000,0.65721907,0.84230363
1163.40000000,5.12587000,1.92464000,0.65733115,0.84244065
1163.60000000,5.12587000,1.92464000,0.65743808,0.84257763
1163.80000000,5.12462000,1.96473000,0.65754611,0.84271749
1164.00000000,5.12525000,1.97676000,0.65765560,0.84285822
1164.20000000,5.12575000,2.16816000,0.65777074,0.84301265
1164.40000000,5.12850000,2.25878000,0.65789371,0.84317355
1164.60000000,5.12850000,2.25878000,0.65801919,0.84333439
1164.80000000,5.12712000,2.11065000,0.65814057,0.84348467
1165.00000000,5.12625000,2.14076000,0.65825866,0.84363715
1165.20000000,5.12837000,2.21667000,0.65837970,0.84379504
1165.40000000,5.12837000,2.21667000,0.65850285,0.84395287
1165.60000000,5.12675000,2.16480000,0.65862456,0.84410699
1165.80000000,5.12600000,2.03001000,0.65874108,0.84425151
1166.00000000,5.12575000,2.09798000,0.65885575,0.84440086
1166.20000000,5.12525000,2.00537000,0.65896973,0.84454361
1166.40000000,5.12525000,2.00537000,0.65908114,0.84468637
1166.60000000,5.12575000,1.86864000,0.65918875,0.84481939
1166.80000000,5.12525000,2.19395000,0.65930160,0.84497556
1167.00000000,5.12512000,1.82828000,0.65941333,0.84510570
1167.20000000,5.12512000,1.82828000,0.65951490,0.84523588
1167.40000000,5.12662000,2.13257000,0.65962492,0.84538770
1167.60000000,5.12575000,2.21849000,0.65974578,0.84554572
1167.80000000,5.12850000,2.13977000,0.65986685,0.84569805
1168.00000000,5.12587000,2.15974000,0.65998628,0.84585181
1168.20000000,5.12587000,2.15974000,0.66010626,0.84600560
1168.40000000,5.12675000,2.19491000,0.66022723,0.84616186
1168.60000000,5.12587000,2.14422000,0.66034776,0.84631450
1168.80000000,5.12562000,1.95670000,0.66046167,0.84645382
1169.00000000,5.12650000,2.03782000,0.66057263,0.84659892
1169.20000000,5.12650000,2.03782000,0.66068584,0.84674408
1169.40000000,5.12875000,1.97084000,0.66079720,0.84688430
1169.60000000,5.12275000,2.07008000,0.66090944,0.84703165
1169.80000000,5.12512000,2.09148000,0.66102504,0.84718053
1170.00000000,5.12512000,2.09148000,0.66114124,0.84732949
1170.20000000,5.12787000,2.10713000,0.66125786,0.84747953
1170.40000000,5.12687000,2.07478000,0.66137403,0.84762720
1170.60000000,5.12462000,1.91411000,0.66148483,0.84776344
1170.80000000,5.12900000,2.10614000,0.66159650,0.84791347
1171.00000000,5.12900000,2.10614000,0.66171351,0.84806337
1171.20000000,5.12425000,2.04729000,0.66182888,0.84820913
1171.40000000,5.12637000,1.93011000,0.66193937,0.84834651
1171.60000000,5.12462000,2.11222000,0.66205165,0.84849685
1171.80000000,5.12462000,2.11222000,0.66216900,0.84864720
1172.00000000,5.12525000,2.00528000,0.66228338,0.84879000
1172.20000000,5.12712000,2.12716000,0.66239817,0.84894151
1172.40000000,5.12850000,2.10608000,0.66251576,0.84909139
1172.60000000,5.12387000,1.87891000,0.66262645,0.84922511
1172.80000000,5.12387000,1.87891000,0.66273083,0.84935888
1173.00000000,5.12637000,2.10816000,0.66284159,0.84950894
1173.20000000,5.12475000,1.96851000,0.66295483,0.84964910
1173.40000000,5.12675000,2.04496000,0.66306631,0.84979471
1173.60000000,5.12675000,2.04496000,0.66317992,0.84994040
1173.80000000,5.12937000,2.14265000,0.66329624,0.85009297
1174.00000000,5.12675000,2.06150000,0.66341302,0.85023976
1174.20000000,5.12700000,2.18115000,0.66353088,0.85039508
1174.40000000,5.12637000,2.03056000,0.66364787,0.85053965
1174.60000000,5.12637000,2.03056000,0.66376068,0.85068429
1174.80000000,5.12837000,2.04400000,0.66387386,0.85082974
1175.00000000,5.12375000,2.18668000,0.66399138,0.85098541
1175.20000000,5.12575000,1.90188000,0.66410495,0.85112081
1175.40000000,5.12575000,1.90188000,0.66421061,0.85125622
1175.60000000,5.12637000,2.12352000,0.66432243,0.85140738
1175.80000000,5.12500000,2.09292000,0.66443955,0.85155641
1176.00000000,5.12700000,2.13491000,0.66455699,0.85170843
1176.20000000,5.12700000,2.13491000,0.66467559,0.85186052
1176.40000000,5.12912000,2.05292000,0.66479192,0.85200663
1176.60000000,5.12450000,1.88697000,0.66490136,0.85214088
1176.80000000,5.12250000,1.90073000,0.66500658,0.85227624
1177.00000000,5.12725000,2.13760000,0.66511875,0.85242846
1177.20000000,5.12725000,2.13760000,0.66523751,0.85258071
1177.40000000,5.12825000,2.09129000,0.66535498,0.85272959
1177.60000000,5.12562000,1.99849000,0.66546858,0.85287192
1177.80000000,5.12762000,2.21020000,0.66558549,0.85302932
1178.00000000,5.12762000,2.21020000,0.66570828,0.85318676
1178.20000000,5.12875000,2.02483000,0.66582592,0.85333094
1178.40000000,5.12675000,2.05760000,0.66593932,0.85347741
1178.60000000,5.12550000,1.95868000,0.66605089,0.85361690
1178.80000000,5.12750000,2.01126000,0.66616116,0.85376013
1179.00000000,5.12750000,2.01126000,0.66627290,0.85390325
1179.20000000,5.12350000,2.02739000,0.66638508,0.85404755
1179.40000000,5.12462000,2.09507000,0.66649960,0.85419671
1179.60000000,5.12587000,1.91494000,0.66661098,0.85433304
1179.80000000,5.12587000,1.91494000,0.66671737,0.85446936
1180.00000000,5.12550000,1.94867000,0.66682469,0.85460808
1180.20000000,5.12575000,2.16534000,0.66693897,0.85476225
1180.40000000,5.12625000,1.94409000,0.66705312,0.85490067
1180.60000000,5.12650000,2.14441000,0.66716669,0.85505336
1180.80000000,5.12650000,2.14441000,0.66728582,0.85520613
1181.00000000,5.12925000,1.99776000,0.66740089,0.85534825
1181.20000000,5.12237000,2.11987000,0.66751526,0.85549928
1181.40000000,5.12937000,2.19641000,0.66763516,0.85565575
1181.60000000,5.12937000,2.19641000,0.66775718,0.85581210
1181.80000000,5.12537000,2.06428000,0.66787554,0.85595914
1182.00000000,5.12862000,2.01478000,0.66798884,0.85610253
1182.20000000,5.12412000,2.18326000,0.66810546,0.85625800
1182.40000000,5.12712000,1.94998000,0.66822027,0.85639686
1182.60000000,5.12712000,1.94998000,0.66832860,0.85653570
1182.80000000,5.12637000,2.16336000,0.66844286,0.85668970
1183.00000000,5.12550000,1.95372000,0.66855722,0.85682895
1183.20000000,5.13150000,2.16326000,0.66867158,0.85698312
1183.40000000,5.12312000,1.96857000,0.66878636,0.85712320
1183.60000000,5.12312000,1.96857000,0.66889572,0.85726331
1183.80000000,5.12462000,2.04355000,0.66900717,0.85740876
1184.00000000,5.12462000,1.91126000,0.66911702,0.85754485
1184.20000000,5.12675000,2.11612000,0.66922890,0.85769553
1184.40000000,5.12675000,2.11612000,0.66934646,0.85784618
1184.60000000,5.12587000,1.89081000,0.66945776,0.85798083
1184.80000000,5.12725000,2.12755000,0.66956938,0.85813237
1185.00000000,5.12850000,2.06569000,0.66968586,0.85827951
1185.20000000,5.12487000,2.03692000,0.66979982,0.85842450
1185.40000000,5.12487000,2.03692000,0.66991299,0.85856943
1185.60000000,5.12300000,2.00409000,0.67002524,0.85871210
1185.80000000,5.12575000,2.01628000,0.67013691,0.85885564
1186.00000000,5.12675000,2.13657000,0.67025227,0.85900778
1186.20000000,5.12675000,2.13657000,0.67037097,0.85915997
1186.40000000,5.12875000,2.06400000,0.67048765,0.85930687
1186.60000000,5.12437000,1.90185000,0.67059781,0.85944219
1186.80000000,5.12312000,2.10080000,0.67070900,0.85959167
1187.00000000,5.12312000,2.10080000,0.67082571,0.85974130
1187.20000000,5.12800000,2.11302000,0.67094276,0.85989176
1187.40000000,5.12675000,2.09203000,0.67105957,0.86004068
1187.60000000,5.12537000,2.09820000,0.67117596,0.86019004
1187.80000000,5.12512000,2.02147000,0.67129040,0.86033393
1188.00000000,5.12512000,2.02147000,0.67140270,0.86047783
1188.20000000,5.12537000,1.93024000,0.67151247,0.86061529
1188.40000000,5.12725000,2.11526000,0.67162485,0.86076588
1188.60000000,5.12600000,2.18092000,0.67174418,0.86092115
1188.80000000,5.12600000,2.18092000,0.67186535,0.86107643
1189.00000000,5.12625000,2.11084000,0.67198456,0.86122671
1189.20000000,5.12612000,2.04076000,0.67209988,0.86137200
1189.40000000,5.12575000,2.17264000,0.67221692,0.86152667
1189.60000000,5.12575000,2.17264000,0.67233763,0.86168134
1189.80000000,5.12562000,2.04697000,0.67245484,0.86182707
1190.00000000,5.12600000,1.96867000,0.67256638,0.86196723
1190.20000000,5.12587000,2.05286000,0.67267809,0.86211342
1190.40000000,5.12737000,2.18684000,0.67279586,0.86226915
1190.60000000,5.12737000,2.18684000,0.67291735,0.86242484
1190.80000000,5.12600000,2.04800000,0.67303499,0.86257067
1191.00000000,5.12675000,2.02438000,0.67314811,0.86271482
1191.20000000,5.12700000,2.14204000,0.67326384,0.86286736
1191.40000000,5.12712000,2.17875000,0.67338386,0.86302250
1191.60000000,5.12712000,2.17875000,0.67350491,0.86317759
1191.80000000,5.12500000,1.98784000,0.67362064,0.86331914
1192.00000000,5.12700000,2.05923000,0.67373306,0.86346571
1192.20000000,5.12487000,2.10307000,0.67384868,0.86361541
1192.40000000,5.12487000,2.10307000,0.67396552,0.86376514
1192.60000000,5.12625000,2.15520000,0.67408380,0.86391862
1192.80000000,5.12725000,2.01657000,0.67419969,0.86406220
1193.00000000,5.12637000,2.06841000,0.67431316,0.86420945
1193.20000000,5.12575000,1.93564000,0.67442438,0.86434725
1193.40000000,5.12575000,1.93564000,0.67453192,0.86448507
1193.60000000,5.12662000,2.08454000,0.67464359,0.86463340
1193.80000000,5.12337000,1.91763000,0.67475476,0.86476996
1194.00000000,5.12737000,1.97084000,0.67486277,0.86491031
1194.20000000,5.12737000,1.97084000,0.67497227,0.86505063
1194.40000000,5.12600000,1.96822000,0.67508168,0.86519073
1194.60000000,5.12525000,2.01372000,0.67519229,0.86533412
1194.80000000,5.12675000,2.04326000,0.67530499,0.86547959
1195.00000000,5.12612000,2.15404000,0.67542158,0.86563295
1195.20000000,5.12612000,2.15404000,0.67554125,0.86578625
1195.40000000,5.12425000,2.06240000,0.67565837,0.86593313
1195.60000000,5.12762000,1.95945000,0.67577009,0.86607258
1195.80000000,5.12400000,2.05910000,0.67588172,0.86621912
1196.00000000,5.12400000,2.05910000,0.67599611,0.86636569
1196.20000000,5.12525000,2.02928000,0.67610968,0.86651024
1196.40000000,5.12862000,2.14320000,0.67622558,0.86666280
1196.60000000,5.12512000,2.13974000,0.67634455,0.86681510
1196.80000000,5.12475000,2.01334000,0.67645991,0.86695840
1197.00000000,5.12475000,2.01334000,0.67657176,0.86710179
1197.20000000,5.12762000,2.05059000,0.67668465,0.86724776
1197.40000000,5.12537000,1.95628000,0.67679595,0.86738709
1197.60000000,5.12812000,2.17696000,0.67691077,0.86754215
1197.80000000,5.12612000,2.04787000,0.67702812,0.86768795
1198.00000000,5.12612000,2.04787000,0.67714189,0.86783368
1198.20000000,5.12387000,2.00086000,0.67725436,0.86797619
1198.40000000,5.12800000,2.13142000,0.67736914,0.86812799
1198.60000000,5.12425000,2.03257000,0.67748481,0.86827265
1198.80000000,5.12425000,2.03257000,0.67759773,0.86841734
1199.00000000,5.12550000,2.09590000,0.67771241,0.86856662
1199.20000000,5.12812000,2.06729000,0.67782805,0.86871378
1199.40000000,5.12537000,2.07081000,0.67794300,0.86886120
1199.60000000,5.12525000,1.96134000,0.67805500,0.86900081
1199.80000000,5.12525000,1.96134000,0.67816397,0.86914047
1200.00000000,5.12662000,2.01177000,0.67827433,0.86928366
1200.20000000,5.12500000,2.07852000,0.67838795,0.86943161
1200.40000000,5.12687000,1.93123000,0.67849933,0.86956913
1200.60000000,5.12687000,1.93123000,0.67860662,0.86970658
1200.80000000,5.12437000,2.05820000,0.67871744,0.86985302
1201.00000000,5.12287000,2.02652000,0.67883091,0.86999732
1201.20000000,5.12675000,1.97689000,0.67894211,0.87013808
1201.40000000,5.12675000,1.97689000,0.67905194,0.87027887
1201.60000000,5.12750000,2.19721000,0.67916789,0.87043539
1201.80000000,5.12912000,2.20390000,0.67929014,0.87059235
1202.00000000,5.12750000,2.19209000,0.67941225,0.87074846
1202.20000000,5.12750000,2.19209000,0.67953403,0.87090456
1202.40000000,5.12737000,2.08886000,0.67965295,0.87105326
1202.60000000,5.12537000,2.17564000,0.67977141,0.87120814
1202.80000000,5.12575000,2.06147000,0.67988910,0.87135499
1203.00000000,5.12875000,2.04640000,0.68000321,0.87150076
1203.20000000,5.12875000,2.04640000,0.68011690,0.87164644
1203.40000000,5.12562000,2.17062000,0.68023404,0.87180100
1203.60000000,5.12687000,2.15628000,0.68035423,0.87195460
1203.80000000,5.12862000,2.10672000,0.68047265,0.87210466
1204.00000000,5.12862000,2.10672000,0.68058969,0.87225465
1204.20000000,5.12625000,2.05398000,0.68070526,0.87240096
1204.40000000,5.12862000,2.02086000,0.68081845,0.87254476
1204.60000000,5.12350000,2.07865000,0.68093233,0.87269275
1204.80000000,5.12600000,1.98851000,0.68104530,0.87283432
1205.00000000,5.12600000,1.98851000,0.68115578,0.87297587
1205.20000000,5.12525000,2.10563000,0.68126950,0.87312584
1205.40000000,5.12787000,2.17420000,0.68138839,0.87328064
1205.60000000,5.12625000,2.07827000,0.68150651,0.87342860
1205.80000000,5.12362000,1.98326000,0.68161933,0.87356974
1206.00000000,5.12362000,1.98326000,0.68172951,0.87371097
1206.20000000,5.12750000,2.23654000,0.68184673,0.87387023
1206.40000000,5.12675000,1.97251000,0.68196365,0.87401072
1206.60000000,5.12825000,2.12454000,0.68207746,0.87416204
1206.80000000,5.12825000,2.12454000,0.68219549,0.87431330
1207.00000000,5.12600000,2.17065000,0.68231480,0.87446790
1207.20000000,5.12800000,2.12886000,0.68243423,0.87461947
1207.40000000,5.12625000,2.17360000,0.68255374,0.87477431
1207.60000000,5.12912000,2.19712000,0.68267515,0.87493083
1207.80000000,5.12912000,2.19712000,0.68279721,0.87508725
1208.00000000,5.12600000,2.08659000,0.68291620,0.87523581
1208.20000000,5.12637000,2.14761000,0.68303382,0.87538874
1208.40000000,5.12687000,2.04240000,0.68315021,0.87553417
1208.60000000,5.12687000,2.04240000,0.68326368,0.87567965
1208.80000000,5.12850000,2.09913000,0.68337872,0.87582913
1209.00000000,5.12712000,2.10960000,0.68349563,0.87597930
1209.20000000,5.12537000,1.99244000,0.68360957,0.87612113
1209.40000000,5.12675000,2.10707000,0.68372345,0.87627117
1209.60000000,5.12675000,2.10707000,0.68384051,0.87642111
1209.80000000,5.12350000,2.06038000,0.68395627,0.87656784
1210.00000000,5.12775000,1.94380000,0.68406750,0.87670619
1210.20000000,5.12437000,2.03798000,0.68417810,0.87685123
1210.40000000,5.12437000,2.03798000,0.68429132,0.87699634
1210.60000000,5.12637000,2.00825000,0.68440372,0.87713935
1210.80000000,5.12712000,2.12707000,0.68451859,0.87729079
1211.00000000,5.12637000,1.97036000,0.68463241,0.87743108
1211.20000000,5.12637000,1.97036000,0.68474187,0.87757131
1211.40000000,5.12425000,2.04521000,0.68485341,0.87771687
1211.60000000,5.12437000,1.84496000,0.68496147,0.87784827
1211.80000000,5.12775000,2.15686000,0.68507264,0.87800188
1212.00000000,5.12775000,2.15686000,0.68519246,0.87815550
1212.20000000,5.12837000,2.02819000,0.68530871,0.87829983
1212.40000000,5.12350000,2.02662000,0.68542135,0.87844413
1212.60000000,5.12650000,2.11372000,0.68553636,0.87859460
1212.80000000,5.12562000,2.04368000,0.68565184,0.87874009
1213.00000000,5.12562000,2.04368000,0.68576538,0.87888565
1213.20000000,5.12812000,2.11478000,0.68588089,0.87903622
1213.40000000,5.12637000,2.12940000,0.68599878,0.87918780
1213.60000000,5.12512000,1.88147000,0.68611020,0.87932172
1213.80000000,5.12512000,1.88147000,0.68621472,0.87945564
1214.00000000,5.12487000,2.06457000,0.68632433,0.87960273
1214.20000000,5.12962000,2.03564000,0.68643823,0.87974760
1214.40000000,5.12387000,2.04755000,0.68655165,0.87989339
1214.60000000,5.12650000,2.14713000,0.68666817,0.88004627
1214.80000000,5.12650000,2.14713000,0.68678746,0.88019922
1215.00000000,5.12887000,2.01657000,0.68690311,0.88034279
1215.20000000,5.12612000,2.05241000,0.68701614,0.88048887
1215.40000000,5.12450000,1.95891000,0.68712757,0.88062829
1215.60000000,5.12725000,2.09977000,0.68724031,0.88077782
1215.80000000,5.12725000,2.09977000,0.68735696,0.88092732
1216.00000000,5.12637000,2.05350000,0.68747233,0.88107356
1216.20000000,5.12737000,2.08268000,0.68758722,0.88122191
1216.40000000,5.12875000,1.98121000,0.68770011,0.88136304
1216.60000000,5.12875000,1.98121000,0.68781018,0.88150405
1216.80000000,5.12450000,2.21059000,0.68792662,0.88166143
1217.00000000,5.12600000,2.11488000,0.68804677,0.88181206
1217.20000000,5.12825000,2.12006000,0.68816441,0.88196300
1217.40000000,5.12612000,2.11856000,0.68828214,0.88211384
1217.60000000,5.12612000,2.11856000,0.68839984,0.88226460
1217.80000000,5.12387000,2.13648000,0.68851804,0.88241669
1218.00000000,5.12550000,1.97635000,0.68863228,0.88255737
1218.20000000,5.12487000,1.81814000,0.68873769,0.88268678
1218.40000000,5.12487000,1.81814000,0.68883869,0.88281618
1218.60000000,5.12437000,2.07001000,0.68894670,0.88296356
1218.80000000,5.12612000,2.11670000,0.68906300,0.88311428
1219.00000000,5.12675000,2.10051000,0.68918014,0.88326385
1219.20000000,5.12687000,2.15884000,0.68929846,0.88341757
1219.40000000,5.12687000,2.15884000,0.68941839,0.88357137
1219.60000000,5.12950000,2.15324000,0.68953817,0.88372456
1219.80000000,5.12225000,2.01113000,0.68965385,0.88386772
1220.00000000,5.12537000,2.02950000,0.68976609,0.88401220
1220.20000000,5.12537000,2.02950000,0.68987884,0.88415668
1220.40000000,5.12575000,1.98403000,0.68999032,0.88429795
1220.60000000,5.12675000,2.15987000,0.69010543,0.88445177
1220.80000000,5.12762000,2.12636000,0.69022449,0.88460320
1221.00000000,5.12537000,2.14969000,0.69034327,0.88475623
1221.20000000,5.12537000,2.14969000,0.69046270,0.88490934
1221.40000000,5.12812000,2.19401000,0.69058336,0.88506552
1221.60000000,5.12525000,2.15030000,0.69070403,0.88521869
1221.80000000,5.12887000,2.20601000,0.69082504,0.88537584
1222.00000000,5.12887000,2.20601000,0.69094760,0.88553293
1222.20000000,5.12712000,2.23465000,0.69107095,0.88569204
1222.40000000,5.12675000,2.06281000,0.69119032,0.88583891
1222.60000000,5.12612000,2.18806000,0.69130840,0.88599469
1222.80000000,5.12675000,2.16620000,0.69142936,0.88614893
1223.00000000,5.12675000,2.16620000,0.69154970,0.88630315
1223.20000000,5.12587000,1.98876000,0.69166512,0.88644476
1223.40000000,5.12687000,2.18326000,0.69178101,0.88660023
1223.60000000,5.12675000,2.09078000,0.69189973,0.88674910
1223.80000000,5.12675000,2.09078000,0.69201588,0.88689800
1224.00000000,5.12775000,1.97443000,0.69212881,0.88703853
1224.20000000,5.12462000,2.10230000,0.69224205,0.88718826
1224.40000000,5.12775000,2.06419000,0.69235778,0.88733526
1224.60000000,5.12775000,2.06419000,0.69247246,0.88748213
1224.80000000,5.12275000,1.89907000,0.69258255,0.88761731
1225.00000000,5.12500000,2.03104000,0.69269172,0.88776191
1225.20000000,5.12625000,2.20550000,0.69280940,0.88791894
1225.40000000,5.12687000,2.17283000,0.69293102,0.88807366
1225.60000000,5.12687000,2.17283000,0.69305174,0.88822835
1225.80000000,5.12587000,2.11632000,0.69317088,0.88837904
1226.00000000,5.12675000,2.14953000,0.69328938,0.88853214
1226.20000000,5.12800000,2.11449000,0.69340782,0.88868273
1226.40000000,5.12800000,2.11449000,0.69352529,0.88883321
1226.60000000,5.12387000,2.06931000,0.69364151,0.88898054
1226.80000000,5.12612000,2.14432000,0.69375855,0.88913326
1227.00000000,5.12787000,2.06016000,0.69387535,0.88927988
1227.20000000,5.12425000,1.96096000,0.69398704,0.88941944
1227.40000000,5.12425000,1.96096000,0.69409599,0.88955911
1227.60000000,5.12825000,2.22960000,0.69421239,0.88971791
1227.80000000,5.12787000,2.13040000,0.69433350,0.88986960
1228.00000000,5.12662000,2.20086000,0.69445381,0.89002630
1228.20000000,5.12662000,2.20086000,0.69457608,0.89018300
1228.40000000,5.12612000,1.99449000,0.69469262,0.89032504
1228.60000000,5.12762000,2.01120000,0.69480389,0.89046818
1228.80000000,5.12450000,2.02803000,0.69491609,0.89061263
1229.00000000,5.12825000,2.18867000,0.69503322,0.89076852
1229.20000000,5.12825000,2.18867000,0.69515481,0.89092432
1229.40000000,5.12525000,2.04838000,0.69527251,0.89107007
1229.60000000,5.12312000,2.04473000,0.69538621,0.89121563
1229.80000000,5.12550000,2.00752000,0.69549877,0.89135854
1230.00000000,5.12675000,2.10662000,0.69561305,0.89150854
1230.20000000,5.12675000,2.10662000,0.69573009,0.89165849
1230.40000000,5.12487000,2.15158000,0.69584837,0.89181165
1230.60000000,5.12550000,1.98249000,0.69596320,0.89195281
1230.80000000,5.12662000,2.17571000,0.69607871,0.89210773
1231.00000000,5.12662000,2.17571000,0.69619958,0.89226267
1231.20000000,5.12725000,2.21673000,0.69632160,0.89242053
1231.40000000,5.12737000,2.19715000,0.69644420,0.89257702
1231.60000000,5.12812000,2.19792000,0.69656629,0.89273353
1231.80000000,5.12712000,2.18358000,0.69668800,0.89288902
1232.00000000,5.12712000,2.18358000,0.69680931,0.89304442
1232.20000000,5.12387000,2.05571000,0.69692706,0.89319083
1232.40000000,5.12787000,2.20400000,0.69704539,0.89334773
1232.60000000,5.12587000,2.11625000,0.69716540,0.89349840
1232.80000000,5.12587000,2.11625000,0.69728297,0.89364911
1233.00000000,5.12750000,2.11360000,0.69740046,0.89379956
1233.20000000,5.12537000,1.97779000,0.69751411,0.89394036
1233.40000000,5.12575000,2.12659000,0.69762812,0.89409181
1233.60000000,5.12750000,2.07091000,0.69774472,0.89423929
1233.80000000,5.12750000,2.07091000,0.69785977,0.89438667
1234.00000000,5.12412000,1.91113000,0.69797038,0.89452274
1234.20000000,5.12600000,2.12988000,0.69808263,0.89467433
1234.40000000,5.12475000,1.96192000,0.69819629,0.89481398
1234.60000000,5.12600000,2.00336000,0.69830644,0.89495661
1234.80000000,5.12600000,2.00336000,0.69841774,0.89509925
1235.00000000,5.12650000,2.12211000,0.69853233,0.89525037
1235.20000000,5.12725000,2.06201000,0.69864856,0.89539719
1235.40000000,5.12662000,2.13843000,0.69876524,0.89554945
1235.60000000,5.12662000,2.13843000,0.69888404,0.89570168
1235.80000000,5.12537000,1.99593000,0.69899888,0.89584377
1236.00000000,5.12587000,2.15110000,0.69911408,0.89599692
1236.20000000,5.12600000,2.11564000,0.69923260,0.89614755
1236.40000000,5.12637000,2.02316000,0.69934757,0.89629160
1236.60000000,5.12637000,2.02316000,0.69945996,0.89643564
1236.80000000,5.12625000,1.99088000,0.69957147,0.89657734
1237.00000000,5.12437000,1.99238000,0.69968211,0.89671921
1237.20000000,5.12675000,2.23628000,0.69979957,0.89687844
1237.40000000,5.12675000,2.23628000,0.69992381,0.89703769
1237.60000000,5.12725000,2.19040000,0.70004678,0.89719362
1237.80000000,5.12550000,2.02393000,0.70016384,0.89733776
1238.00000000,5.12762000,2.16262000,0.70028013,0.89749171
1238.20000000,5.12562000,2.18140000,0.70040080,0.89764700
1238.40000000,5.12562000,2.18140000,0.70052199,0.89780226
1238.60000000,5.12450000,2.07539000,0.70064023,0.89795005
1238.80000000,5.12712000,2.11872000,0.70075674,0.89810093
1239.00000000,5.12725000,2.21180000,0.70087703,0.89825843
1239.20000000,5.12725000,2.21180000,0.70099991,0.89841589
1239.40000000,5.12562000,2.05001000,0.70111829,0.89856184
1239.60000000,5.12612000,2.03734000,0.70123183,0.89870694
1239.80000000,5.12787000,2.15984000,0.70134842,0.89886066
1240.00000000,5.12425000,2.15264000,0.70146821,0.89901386
1240.20000000,5.12425000,2.15264000,0.70158780,0.89916718
1240.40000000,5.12800000,2.07324000,0.70170518,0.89931482
1240.60000000,5.12712000,2.11184000,0.70182144,0.89946516
1240.80000000,5.12587000,1.98153000,0.70193514,0.89960623
1241.00000000,5.12550000,2.12172000,0.70204912,0.89975727
1241.20000000,5.12550000,2.12172000,0.70216699,0.89990836
1241.40000000,5.12700000,2.01238000,0.70228183,0.90005162
1241.60000000,5.12587000,2.12438000,0.70239674,0.90020286
1241.80000000,5.12587000,1.79510000,0.70250561,0.90033066
1242.00000000,5.12587000,1.79510000,0.70260534,0.90045843
1242.20000000,5.12450000,2.14892000,0.70271490,0.90061142
1242.40000000,5.12612000,2.05513000,0.70283168,0.90075783
1242.60000000,5.12925000,2.16681000,0.70294895,0.90091219
1242.80000000,5.12925000,2.16681000,0.70306933,0.90106658
1243.00000000,5.13025000,2.08835000,0.70318753,0.90121518
1243.20000000,5.12325000,2.05433000,0.70330260,0.90136138
1243.40000000,5.12412000,1.98300000,0.70341475,0.90150251
1243.60000000,5.12612000,2.03718000,0.70352642,0.90164755
1243.80000000,5.12612000,2.03718000,0.70363960,0.90179264
1244.00000000,5.12775000,2.01900000,0.70375227,0.90193643
1244.20000000,5.12775000,2.03600000,0.70386491,0.90208142
1244.40000000,5.12762000,2.13734000,0.70398084,0.90223364
1244.60000000,5.12762000,2.13734000,0.70409958,0.90238585
1244.80000000,5.12762000,2.14540000,0.70421854,0.90253861
1245.00000000,5.12637000,2.25462000,0.70434077,0.90269915
1245.20000000,5.12675000,2.13456000,0.70446269,0.90285114
1245.40000000,5.12675000,2.13456000,0.70458128,0.90300312
1245.60000000,5.12662000,2.06659000,0.70469797,0.90315033
1245.80000000,5.12862000,2.15136000,0.70481514,0.90330344
1246.00000000,5.12412000,2.01305000,0.70493082,0.90344679
1246.20000000,5.12725000,2.06441000,0.70504408,0.90359380
1246.40000000,5.12725000,2.06441000,0.70515877,0.90374080
1246.60000000,5.12675000,2.16214000,0.70527617,0.90389476
1246.80000000,5.12687000,2.07542000,0.70539388,0.90404248
1247.00000000,5.12487000,1.98377000,0.70550664,0.90418368
1247.20000000,5.12487000,1.98377000,0.70561685,0.90432487
1247.40000000,5.12437000,2.12611000,0.70573101,0.90447622
1247.60000000,5.12525000,1.92755000,0.70584361,0.90461347
1247.80000000,5.12687000,1.97769000,0.70595209,0.90475429
1248.00000000,5.12650000,2.09939000,0.70606534,0.90490376
1248.20000000,5.12650000,2.09939000,0.70618198,0.90505319
1248.40000000,5.12462000,1.93241000,0.70629397,0.90519079
1248.60000000,5.12675000,2.16777000,0.70640787,0.90534520
1248.80000000,5.12862000,2.21936000,0.70652973,0.90550329
1249.00000000,5.12675000,1.95801000,0.70664577,0.90564271
1249.20000000,5.12675000,1.95801000,0.70675455,0.90578218
1249.40000000,5.12887000,1.95990000,0.70686338,0.90592166
1249.60000000,5.12400000,1.95744000,0.70697219,0.90606105
1249.80000000,5.12700000,2.09152000,0.70708466,0.90620998
1250.00000000,5.12700000,2.09152000,0.70720086,0.90635891
1250.20000000,5.12675000,1.93228000,0.70731263,0.90649650
1250.40000000,5.12687000,1.85683000,0.70741788,0.90662866
1250.60000000,5.12462000,2.04438000,0.70752625,0.90677429
1250.80000000,5.12875000,2.08905000,0.70764107,0.90692309
1251.00000000,5.12875000,2.08905000,0.70775713,0.90707183
1251.20000000,5.12637000,2.04771000,0.70787204,0.90721758
1251.40000000,5.12450000,2.00236000,0.70798454,0.90736010
1251.60000000,5.12475000,2.13760000,0.70809954,0.90751225
1251.80000000,5.12475000,2.13760000,0.70821829,0.90766449
1252.00000000,5.12800000,2.08240000,0.70833552,0.90781281
1252.20000000,5.12800000,2.16067000,0.70845338,0.90796659
1252.40000000,5.12462000,2.00009000,0.70856896,0.90810898
1252.60000000,5.12587000,1.93376000,0.70867823,0.90824665
1252.80000000,5.12587000,1.93376000,0.70878566,0.90838436
1253.00000000,5.12725000,2.07212000,0.70889693,0.90853186
1253.20000000,5.12525000,1.92816000,0.70900805,0.90866915
1253.40000000,5.12637000,2.13958000,0.70912105,0.90882148
1253.60000000,5.12637000,2.13958000,0.70923991,0.90897388
1253.80000000,5.12837000,2.12915000,0.70935849,0.90912554
1254.00000000,5.12850000,1.96726000,0.70947228,0.90926553
1254.20000000,5.12375000,2.04614000,0.70958376,0.90941114
1254.40000000,5.12637000,2.14076000,0.70970006,0.90956356
1254.60000000,5.12637000,2.14076000,0.70981899,0.90971609
1254.80000000,5.12975000,2.11017000,0.70993708,0.90986627
1255.00000000,5.12425000,2.03081000,0.71005210,0.91001090
1255.20000000,5.12787000,2.20534000,0.71016977,0.91016797
1255.40000000,5.12787000,2.20534000,0.71029229,0.91032500
1255.60000000,5.12675000,2.11372000,0.71041227,0.91047557
1255.80000000,5.12900000,1.98572000,0.71052614,0.91061689
1256.00000000,5.12387000,2.05321000,0.71063833,0.91076300
1256.20000000,5.12437000,1.98492000,0.71075050,0.91090427
1256.40000000,5.12437000,1.98492000,0.71086078,0.91104565
1256.60000000,5.12837000,2.14329000,0.71097545,0.91119827
1256.80000000,5.12687000,2.19049000,0.71109583,0.91135427
1257.00000000,5.12775000,2.10300000,0.71121509,0.91150405
1257.20000000,5.12775000,2.10300000,0.71133193,0.91165377
1257.40000000,5.12612000,1.86185000,0.71144206,0.91178627
1257.60000000,5.12375000,2.18483000,0.71155447,0.91194186
1257.80000000,5.12750000,2.09747000,0.71167342,0.91209123
1258.00000000,5.12750000,2.09747000,0.71178995,0.91224058
1258.20000000,5.12662000,2.13558000,0.71190753,0.91239263
1258.40000000,5.12637000,2.08377000,0.71202474,0.91254105
1258.60000000,5.12825000,2.11056000,0.71214125,0.91269129
1258.80000000,5.12537000,2.10150000,0.71225825,0.91284089
1259.00000000,5.12537000,2.10150000,0.71237500,0.91299050
1259.20000000,5.12600000,2.08102000,0.71249118,0.91313876
1259.40000000,5.12950000,2.10950000,0.71260758,0.91328892
1259.60000000,5.12512000,2.11884000,0.71272504,0.91343974
1259.80000000,5.12512000,2.11884000,0.71284275,0.91359064
1260.00000000,5.12762000,2.16211000,0.71296167,0.91374455
1260.20000000,5.12525000,2.17414000,0.71308212,0.91389936
1260.40000000,5.12687000,2.17910000,0.71320304,0.91405456
1260.60000000,5.12812000,2.05558000,0.71332067,0.91420097
1260.80000000,5.12812000,2.05558000,0.71343487,0.91434723
1261.00000000,5.12312000,1.90963000,0.71354501,0.91448323
1261.20000000,5.12762000,2.15212000,0.71365784,0.91463653
1261.40000000,5.12875000,2.14000000,0.71377707,0.91478897
1261.60000000,5.12612000,2.12640000,0.71389558,0.91494036
1261.80000000,5.12612000,2.12640000,0.71401371,0.91509173
1262.00000000,5.12537000,2.10995000,0.71413139,0.91524197
1262.20000000,5.12687000,2.11254000,0.71424868,0.91539240
1262.40000000,5.12700000,2.14083000,0.71436683,0.91554485
1262.60000000,5.12700000,2.14083000,0.71448576,0.91569728
1262.80000000,5.12662000,1.99356000,0.71460061,0.91583923
1263.00000000,5.12662000,2.12566000,0.71471503,0.91599047
1263.20000000,5.12275000,2.08921000,0.71483211,0.91613920
1263.40000000,5.12562000,2.06883000,0.71494761,0.91628648
1263.60000000,5.12562000,2.06883000,0.71506255,0.91643383
1263.80000000,5.12825000,2.00886000,0.71517581,0.91657680
1264.00000000,5.12412000,2.01433000,0.71528757,0.91672018
1264.20000000,5.12487000,2.01660000,0.71539954,0.91686372
1264.40000000,5.12487000,2.01660000,0.71551157,0.91700727
1264.60000000,5.12525000,2.14044000,0.71562705,0.91715962
1264.80000000,5.12475000,2.03708000,0.71574309,0.91730466
1265.00000000,5.12662000,2.07932000,0.71585743,0.91745280
1265.20000000,5.12950000,2.12969000,0.71597435,0.91760452
1265.40000000,5.12950000,2.12969000,0.71609267,0.91775614
1265.60000000,5.12587000,1.82508000,0.71620252,0.91788601
1265.80000000,5.12337000,2.01388000,0.71630916,0.91802944
1266.00000000,5.12775000,2.04672000,0.71642195,0.91817520
1266.20000000,5.12775000,2.04672000,0.71653566,0.91832093
1266.40000000,5.12650000,2.02102000,0.71664865,0.91846474
1266.60000000,5.12325000,1.88521000,0.71675716,0.91859892
1266.80000000,5.12475000,2.07065000,0.71686704,0.91874641
1267.00000000,5.12825000,2.07417000,0.71698218,0.91889414
1267.20000000,5.12825000,2.07417000,0.71709741,0.91904187
1267.40000000,5.12800000,2.14419000,0.71721459,0.91919450
1267.60000000,5.12525000,2.12243000,0.71733310,0.91934562
1267.80000000,5.12662000,2.05129000,0.71744904,0.91949168
1268.00000000,5.12662000,2.05129000,0.71756300,0.91963767
1268.20000000,5.12425000,1.88688000,0.71767239,0.91977200
1268.40000000,5.12575000,2.01177000,0.71778069,0.91991521
1268.60000000,5.12525000,1.99760000,0.71789206,0.92005740
1268.80000000,5.12650000,1.93164000,0.71800121,0.92019494
1269.00000000,5.12650000,1.93164000,0.71810852,0.92033246
1269.20000000,5.12587000,2.08284000,0.71822003,0.92048079
1269.40000000,5.12750000,1.96217000,0.71833240,0.92062053
1269.60000000,5.12512000,2.01686000,0.71844292,0.92076409
1269.80000000,5.12512000,2.01686000,0.71855497,0.92090769
1270.00000000,5.12650000,2.03974000,0.71866766,0.92105284
1270.20000000,5.12362000,2.01052000,0.71878016,0.92119599
1270.40000000,5.12637000,1.99043000,0.71889130,0.92133771
1270.60000000,5.12637000,1.99043000,0.71900188,0.92147935
1270.80000000,5.12350000,2.06627000,0.71911457,0.92162644
1271.00000000,5.12537000,2.09667000,0.71923020,0.92177569
1271.20000000,5.12550000,1.85545000,0.71933998,0.92190778
1271.40000000,5.12537000,2.12252000,0.71945048,0.92205887
1271.60000000,5.12537000,2.12252000,0.71956840,0.92220994
1271.80000000,5.12462000,1.76713000,0.71967645,0.92233579
1272.00000000,5.12762000,2.10905000,0.71978412,0.92248601
1272.20000000,5.12837000,2.12662000,0.71990178,0.92263748
1272.40000000,5.12837000,2.12662000,0.72001992,0.92278893
1272.60000000,5.12750000,2.04464000,0.72013579,0.92293451
1272.80000000,5.12625000,2.01145000,0.72024846,0.92307772
1273.00000000,5.12650000,2.03491000,0.72036086,0.92322253
1273.20000000,5.12375000,2.08988000,0.72047544,0.92337126
1273.40000000,5.12375000,2.08988000,0.72059154,0.92352005
1273.60000000,5.12612000,2.04201000,0.72070631,0.92366542
1273.80000000,5.12575000,2.02768000,0.72081936,0.92380986
1274.00000000,5.12887000,2.05814000,0.72093286,0.92395647
1274.20000000,5.12887000,2.05814000,0.72104720,0.92410297
1274.40000000,5.12500000,1.99555000,0.72115980,0.92424509
1274.60000000,5.12762000,2.25990000,0.72127801,0.92440594
1274.80000000,5.12475000,1.87497000,0.72139286,0.92453947
1275.00000000,5.12750000,2.13385000,0.72150422,0.92469143
1275.20000000,5.12750000,2.13385000,0.72162277,0.92484342
1275.40000000,5.12825000,1.96752000,0.72173669,0.92498343
1275.60000000,5.12375000,2.04230000,0.72184808,0.92512881
1275.80000000,5.12512000,2.03699000,0.72196139,0.92527380
1276.00000000,5.12512000,2.03699000,0.72207456,0.92541888
1276.20000000,5.12775000,2.06278000,0.72218844,0.92556579
1276.40000000,5.12812000,2.12204000,0.72230469,0.92571678
1276.60000000,5.12287000,1.98524000,0.72241878,0.92585808
1276.80000000,5.12450000,1.82617000,0.72252465,0.92598805
1277.00000000,5.12450000,1.82617000,0.72262610,0.92611806
1277.20000000,5.12575000,1.88307000,0.72272914,0.92625211
1277.40000000,5.12562000,2.16291000,0.72284153,0.92640608
1277.60000000,5.12537000,1.97734000,0.72295653,0.92654685
1277.80000000,5.12562000,1.99104000,0.72306677,0.92668859
1278.00000000,5.12562000,1.99104000,0.72317738,0.92683033
1278.20000000,5.12575000,1.94092000,0.72328660,0.92696856
1278.40000000,5.12775000,1.88534000,0.72339289,0.92710273
1278.60000000,5.12387000,1.98358000,0.72350036,0.92724389
1278.80000000,5.12387000,1.98358000,0.72361055,0.92738512
1279.00000000,5.12637000,1.93161000,0.72371931,0.92752260
1279.20000000,5.12462000,2.12985000,0.72383213,0.92767422
1279.40000000,5.12550000,1.93532000,0.72394505,0.92781205
1279.60000000,5.12750000,2.15667000,0.72405872,0.92796564
1279.80000000,5.12750000,2.15667000,0.72417853,0.92811924
1280.00000000,5.12812000,2.03404000,0.72429494,0.92826397
1280.20000000,5.12300000,2.05609000,0.72440855,0.92841033
1280.40000000,5.12537000,1.89904000,0.72451842,0.92854552
1280.60000000,5.12537000,1.89904000,0.72462392,0.92868076
1280.80000000,5.12750000,2.02851000,0.72473302,0.92882513
1281.00000000,5.12425000,2.06726000,0.72484679,0.92897235
1281.20000000,5.12750000,2.18374000,0.72496487,0.92912786
1281.40000000,5.12512000,1.98761000,0.72508074,0.92926935
1281.60000000,5.12512000,1.98761000,0.72519117,0.92941089
1281.80000000,5.12737000,2.12310000,0.72530535,0.92956205
1282.00000000,5.12612000,1.98374000,0.72541943,0.92970332
1282.20000000,5.12762000,2.10489000,0.72553301,0.92985323
1282.40000000,5.12762000,2.10489000,0.72564994,0.93000305
1282.60000000,5.12487000,2.06934000,0.72576590,0.93015039
1282.80000000,5.12637000,1.96560000,0.72587798,0.93029036
1283.00000000,5.12712000,2.07824000,0.72599031,0.93043835
1283.20000000,5.12275000,1.93337000,0.72610174,0.93057591
1283.40000000,5.12275000,1.93337000,0.72620915,0.93071357
1283.60000000,5.12675000,2.13289000,0.72632210,0.93086539
1283.80000000,5.12500000,2.15574000,0.72644123,0.93101886
1284.00000000,5.12575000,2.07904000,0.72655886,0.93116687
1284.20000000,5.12575000,2.07904000,0.72667436,0.93131485
1284.40000000,5.12487000,2.00211000,0.72678773,0.93145749
1284.60000000,5.12937000,2.08972000,0.72690139,0.93160618
1284.80000000,5.12325000,2.00643000,0.72701517,0.93174895
1285.00000000,5.12325000,2.00643000,0.72712664,0.93189188
1285.20000000,5.12875000,2.01964000,0.72723848,0.93203566
1285.40000000,5.12587000,2.00752000,0.72735034,0.93217857
1285.60000000,5.12550000,1.94233000,0.72746006,0.93231681
1285.80000000,5.12450000,1.97289000,0.72756882,0.93245723
1286.00000000,5.12450000,1.97289000,0.72767842,0.93259760
1286.20000000,5.12287000,2.02851000,0.72778957,0.93274212
1286.40000000,5.12937000,2.22880000,0.72790783,0.93290078
1286.60000000,5.12537000,2.06227000,0.72802703,0.93304758
1286.80000000,5.12537000,2.06227000,0.72814160,0.93319446
1287.00000000,5.12787000,2.04982000,0.72825582,0.93334030
1287.20000000,5.12275000,1.97353000,0.72836758,0.93348089
1287.40000000,5.12925000,2.11539000,0.72848116,0.93363141
1287.60000000,5.12300000,1.96665000,0.72859455,0.93377134
1287.80000000,5.12300000,1.96665000,0.72870381,0.93391139
1288.00000000,5.12737000,2.13459000,0.72881773,0.93406334
1288.20000000,5.12500000,1.87731000,0.72892918,0.93419691
1288.40000000,5.12300000,2.09062000,0.72903940,0.93434566
1288.60000000,5.12300000,2.09062000,0.72915554,0.93449450
1288.80000000,5.12587000,1.96393000,0.72926817,0.93463430
1289.00000000,5.12525000,2.17296000,0.72938308,0.93478899
1289.20000000,5.12550000,1.78972000,0.72949316,0.93491640
1289.40000000,5.12562000,2.13680000,0.72960223,0.93506851
1289.60000000,5.12562000,2.13680000,0.72972094,0.93522057
1289.80000000,5.12350000,2.03120000,0.72983672,0.93536523
1290.00000000,5.12775000,2.00944000,0.72994896,0.93550830
1290.20000000,5.12650000,2.00883000,0.73006057,0.93565133
1290.40000000,5.12650000,2.00883000,0.73017218,0.93579433
1290.60000000,5.12512000,1.94406000,0.73028198,0.93593272
1290.80000000,5.12550000,1.97308000,0.73039079,0.93607324
1291.00000000,5.12775000,2.15564000,0.73050547,0.93622667
1291.20000000,5.12450000,2.12089000,0.73062427,0.93637762
1291.40000000,5.12450000,2.12089000,0.73074209,0.93652862
1291.60000000,5.12612000,1.96812000,0.73085568,0.93666873
1291.80000000,5.12575000,1.94035000,0.73096425,0.93680689
1292.00000000,5.12675000,1.94972000,0.73107230,0.93694572
1292.20000000,5.12337000,2.10284000,0.73118487,0.93709535
1292.40000000,5.12337000,2.10284000,0.73130170,0.93724508
1292.60000000,5.12662000,1.89273000,0.73141269,0.93737977
1292.80000000,5.12362000,1.99097000,0.73152057,0.93752144
1293.00000000,5.12312000,1.94102000,0.73162979,0.93765955
1293.20000000,5.12312000,1.94102000,0.73173762,0.93779775
1293.40000000,5.12650000,2.03744000,0.73184814,0.93794279
1293.60000000,5.12537000,1.98953000,0.73196000,0.93808449
1293.80000000,5.12800000,1.94323000,0.73206924,0.93822276
1294.00000000,5.12325000,2.12729000,0.73218231,0.93837413
1294.20000000,5.12325000,2.12729000,0.73230049,0.93852559
1294.40000000,5.12625000,1.97648000,0.73241449,0.93866629
1294.60000000,5.12550000,2.01078000,0.73252524,0.93880950
1294.80000000,5.12775000,2.20966000,0.73264248,0.93896687
1295.00000000,5.12775000,2.20966000,0.73276524,0.93912427
1295.20000000,5.12875000,2.06582000,0.73288400,0.93927132
1295.40000000,5.12512000,1.96371000,0.73299593,0.93941102
1295.60000000,5.12237000,2.03836000,0.73310710,0.93955618
1295.80000000,5.12725000,1.97104000,0.73321847,0.93969654
1296.00000000,5.12725000,1.97104000,0.73332798,0.93983685
1296.20000000,5.12537000,2.13708000,0.73344209,0.93998901
1296.40000000,5.12662000,2.11520000,0.73356021,0.94013964
1296.60000000,5.12712000,2.02364000,0.73367518,0.94028371
1296.80000000,5.12612000,2.20828000,0.73379273,0.94044093
1297.00000000,5.12612000,2.20828000,0.73391541,0.94059815
1297.20000000,5.12600000,1.88348000,0.73402907,0.94073218
1297.40000000,5.12337000,2.04297000,0.73413814,0.94087763
1297.60000000,5.12612000,2.07132000,0.73425243,0.94102510
1297.80000000,5.12612000,2.07132000,0.73436750,0.94117255
1298.00000000,5.12537000,2.03872000,0.73448167,0.94131778
1298.20000000,5.12900000,2.24435000,0.73460064,0.94147756
1298.40000000,5.12600000,2.01987000,0.73471909,0.94162140
1298.60000000,5.12737000,1.98995000,0.73483048,0.94176311
1298.80000000,5.12737000,1.98995000,0.73494103,0.94190477
1299.00000000,5.12525000,2.00995000,0.73505214,0.94204783
1299.20000000,5.12462000,2.14883000,0.73516766,0.94220076
1299.40000000,5.12437000,1.98284000,0.73528243,0.94234188
1299.60000000,5.12437000,1.98284000,0.73539258,0.94248304
1299.80000000,5.12550000,2.04332000,0.73550442,0.94262855
1300.00000000,5.12750000,2.03385000,0.73561768,0.94277326
1300.20000000,5.12275000,1.98057000,0.73572919,0.94291426
1300.40000000,5.12587000,2.22246000,0.73584594,0.94307249
1300.60000000,5.12587000,2.22246000,0.73596941,0.94323071
1300.80000000,5.12587000,1.94652000,0.73608521,0.94336925
1301.00000000,5.12450000,2.15884000,0.73619925,0.94352291
1301.20000000,5.12487000,1.96028000,0.73631367,0.94366244
1301.40000000,5.12500000,1.87808000,0.73642029,0.94379613
1301.60000000,5.12500000,1.87808000,0.73652463,0.94392982
1301.80000000,5.12525000,2.02905000,0.73663316,0.94407426
1302.00000000,5.12562000,1.96998000,0.73674425,0.94421441
1302.20000000,5.12237000,1.97324000,0.73685378,0.94435480
1302.40000000,5.12237000,1.97324000,0.73696341,0.94449527
1302.60000000,5.12575000,1.94032000,0.73707212,0.94463338
1302.80000000,5.12487000,1.88608000,0.73717840,0.94476769
1303.00000000,5.12687000,1.95574000,0.73728512,0.94490695
1303.20000000,5.12575000,2.11587000,0.73739822,0.94505758
1303.40000000,5.12575000,2.11587000,0.73751577,0.94520812
1303.60000000,5.12262000,1.94761000,0.73762864,0.94534675
1303.80000000,5.12500000,1.95398000,0.73773702,0.94548583
1304.00000000,5.12375000,1.94572000,0.73784535,0.94562430
1304.20000000,5.12375000,1.94572000,0.73795344,0.94576287
1304.40000000,5.12762000,1.90572000,0.73806043,0.94589848
1304.60000000,5.12350000,1.95420000,0.73816765,0.94603767
1304.80000000,5.12825000,2.01788000,0.73827798,0.94618139
1305.00000000,5.12825000,2.01788000,0.73839009,0.94632504
1305.20000000,5.12550000,1.97580000,0.73850102,0.94646567
1305.40000000,5.12462000,1.93798000,0.73860974,0.94660366
1305.60000000,5.12662000,2.05462000,0.73872064,0.94674995
1305.80000000,5.12662000,2.05462000,0.73883479,0.94689615
1306.00000000,5.12325000,1.87606000,0.73894398,0.94702977
1306.20000000,5.12812000,1.92182000,0.73904947,0.94716650
1306.40000000,5.12250000,2.05004000,0.73915980,0.94731250
1306.60000000,5.12750000,2.11731000,0.73927556,0.94746328
1306.80000000,5.12750000,2.11731000,0.73939319,0.94761401
1307.00000000,5.12575000,2.06832000,0.73950946,0.94776129
1307.20000000,5.12687000,2.04102000,0.73962361,0.94790658
1307.40000000,5.12512000,2.01315000,0.73973622,0.94804988
1307.60000000,5.12512000,2.01315000,0.73984806,0.94819313
1307.80000000,5.12337000,2.04364000,0.73996075,0.94833855
1308.00000000,5.12337000,1.94742000,0.74007161,0.94847718
1308.20000000,5.12550000,1.94092000,0.74017962,0.94861534
1308.40000000,5.12512000,1.97728000,0.74028846,0.94875609
1308.60000000,5.12512000,1.97728000,0.74039831,0.94889688
1308.80000000,5.12662000,1.94729000,0.74050733,0.94903544
1309.00000000,5.12350000,1.96291000,0.74061594,0.94917521
1309.20000000,5.12650000,1.92614000,0.74072397,0.94931235
1309.40000000,5.12262000,2.08006000,0.74083526,0.94946034
1309.60000000,5.12262000,2.08006000,0.74095082,0.94960845
1309.80000000,5.12662000,1.98537000,0.74106374,0.94974984
1310.00000000,5.12762000,2.07376000,0.74117650,0.94989746
1310.20000000,5.12525000,2.16764000,0.74129431,0.95005176
1310.40000000,5.12525000,2.16764000,0.74141474,0.95020610
1310.60000000,5.12650000,2.04624000,0.74153179,0.95035175
1310.80000000,5.12487000,2.10556000,0.74164712,0.95050161
1311.00000000,5.12475000,2.00140000,0.74176120,0.95064417
1311.20000000,5.12850000,2.19385000,0.74187774,0.95080044
1311.40000000,5.12850000,2.19385000,0.74199962,0.95095658
1311.60000000,5.12437000,1.93632000,0.74211434,0.95109446
1311.80000000,5.12712000,2.07942000,0.74222589,0.95124249
1312.00000000,5.12525000,2.01526000,0.74233963,0.95138594
1312.20000000,5.12525000,2.01526000,0.74245159,0.95152944
1312.40000000,5.12675000,2.15478000,0.74256743,0.95168286
1312.60000000,5.12650000,2.01168000,0.74268316,0.95182607
1312.80000000,5.12562000,2.03120000,0.74279546,0.95197073
1313.00000000,5.12775000,2.19187000,0.74291277,0.95212683
1313.20000000,5.12775000,2.19187000,0.74303454,0.95228282
