# 5.0 sps, start/stop: 50/0 mA (5 s), channels: 4
# V min: 0.0, V max: 4.7915
# I min: 0.0, I max: 1.13379
Time,Voltage,Current,Capacity,Energy
0.00000000,4.79137000,1.08582000,0.00003016,0.00007220
0.20000000,4.78725000,1.09836000,0.00009083,0.00014523
0.40000000,4.78725000,1.09836000,0.00015185,0.00021830
0.60000000,4.79025000,1.08704000,0.00021256,0.00029058
0.80000000,4.78775000,1.09750000,0.00027324,0.00036359
1.00000000,4.78925000,1.08940000,0.00033399,0.00043605
1.20000000,4.78925000,1.08940000,0.00039451,0.00050849
1.40000000,4.78725000,1.10003000,0.00045533,0.00058165
1.60000000,4.78862000,1.09238000,0.00051623,0.00065430
1.80000000,4.78887000,1.09315000,0.00057694,0.00072701
2.00000000,4.78875000,1.09196000,0.00063763,0.00079964
2.20000000,4.78875000,1.09196000,0.00069830,0.00087225
2.40000000,4.78775000,1.09318000,0.00075900,0.00094495
2.60000000,4.78850000,1.09360000,0.00081974,0.00101768
2.80000000,4.78850000,1.09132000,0.00088043,0.00109026
3.00000000,4.78775000,1.09465000,0.00094115,0.00116305
3.20000000,4.78775000,1.09465000,0.00100197,0.00123587
3.40000000,4.78925000,1.09132000,0.00106269,0.00130843
3.60000000,4.78725000,1.09721000,0.00112348,0.00138142
3.80000000,4.78962000,1.08886000,0.00118421,0.00145385
4.00000000,4.78962000,1.08886000,0.00124470,0.00152625
4.20000000,4.78750000,1.09798000,0.00130544,0.00159923
4.40000000,4.78550000,1.10288000,0.00136658,0.00167257
4.60000000,4.78775000,1.09779000,0.00142771,0.00174558
4.80000000,4.78825000,1.09385000,0.00148859,0.00181832
5.00000000,4.78825000,1.09385000,0.00154936,0.00189102
5.20000000,4.78525000,1.10396000,0.00161041,0.00196435
5.40000000,4.78287000,1.11817000,0.00167213,0.00203860
5.60000000,4.78062000,1.12214000,0.00173436,0.00211311
5.80000000,4.78062000,1.12214000,0.00179671,0.00218765
6.00000000,4.78287000,1.11692000,0.00185890,0.00226182
6.20000000,4.78125000,1.12448000,0.00192116,0.00233649
6.40000000,4.78150000,1.11676000,0.00198342,0.00241065
6.60000000,4.78100000,1.12259000,0.00204562,0.00248519
6.80000000,4.78100000,1.12259000,0.00210799,0.00255974
7.00000000,4.78150000,1.12252000,0.00217035,0.00263440
7.20000000,4.78837000,1.09494000,0.00223195,0.00270723
7.40000000,4.78900000,1.09545000,0.00229279,0.00278009
7.60000000,4.78900000,1.09545000,0.00235365,0.00285296
7.80000000,4.78925000,1.09142000,0.00241440,0.00292554
8.00000000,4.78800000,1.09574000,0.00247515,0.00299842
8.20000000,4.78925000,1.09414000,0.00253598,0.00307120
8.40000000,4.78637000,1.10150000,0.00259697,0.00314442
8.60000000,4.78637000,1.10150000,0.00265817,0.00321768
8.80000000,4.78825000,1.09504000,0.00271918,0.00329049
9.00000000,4.78775000,1.09830000,0.00278011,0.00336353
9.20000000,4.79025000,1.08697000,0.00284081,0.00343585
9.40000000,4.79025000,1.08697000,0.00290120,0.00350812
9.60000000,4.78737000,1.10048000,0.00296196,0.00358131
9.80000000,4.78887000,1.09302000,0.00302289,0.00365389
10.00000000,4.78100000,1.12304000,0.00308445,0.00372847
10.20000000,4.78100000,1.12304000,0.00314684,0.00380307
10.40000000,4.78275000,1.11955000,0.00320913,0.00387740
10.60000000,4.78025000,1.12364000,0.00327144,0.00395202
10.80000000,4.78175000,1.11952000,0.00333375,0.00402637
11.00000000,4.78175000,1.12265000,0.00339604,0.00410093
11.20000000,4.78175000,1.12265000,0.00345841,0.00417549
11.40000000,4.78175000,1.11964000,0.00352069,0.00424984
11.60000000,4.78137000,1.12304000,0.00358299,0.00432453
11.80000000,4.78850000,1.09456000,0.00364459,0.00439733
12.00000000,4.78850000,1.09456000,0.00370540,0.00447012
12.20000000,4.78837000,1.09523000,0.00376623,0.00454295
12.40000000,4.78750000,1.10022000,0.00382721,0.00461608
12.60000000,4.78600000,1.10316000,0.00388841,0.00468934
12.80000000,4.78150000,1.12428000,0.00395029,0.00476401
13.00000000,4.78150000,1.12428000,0.00401275,0.00483867
13.20000000,4.78150000,1.12265000,0.00407516,0.00491321
13.40000000,4.78050000,1.12476000,0.00413759,0.00498790
13.60000000,4.78137000,1.12390000,0.00420005,0.00506254
13.80000000,4.78137000,1.12390000,0.00426249,0.00513716
14.00000000,4.78050000,1.12409000,0.00432494,0.00521183
14.20000000,4.78312000,1.11750000,0.00438720,0.00528604
14.40000000,4.78125000,1.12352000,0.00444945,0.00536067
14.60000000,4.78250000,1.11603000,0.00451166,0.00543480
14.80000000,4.78250000,1.11603000,0.00457367,0.00550891
15.00000000,4.78125000,1.12416000,0.00463589,0.00558357
15.20000000,4.78175000,1.11769000,0.00469817,0.00565779
15.40000000,4.78062000,1.12534000,0.00476047,0.00573250
15.60000000,4.78062000,1.12534000,0.00482299,0.00580724
15.80000000,4.78162000,1.12134000,0.00488540,0.00588169
16.00000000,4.78062000,1.12406000,0.00494777,0.00595634
16.20000000,4.78112000,1.12176000,0.00501016,0.00603085
16.40000000,4.78250000,1.11846000,0.00507238,0.00610514
16.60000000,4.78250000,1.11846000,0.00513452,0.00617941
16.80000000,4.78087000,1.12323000,0.00519679,0.00625402
17.00000000,4.78250000,1.11929000,0.00525908,0.00632842
17.20000000,4.78600000,1.10246000,0.00532080,0.00640174
17.40000000,4.78887000,1.09059000,0.00538172,0.00647428
17.60000000,4.78887000,1.09059000,0.00544230,0.00654679
17.80000000,4.78687000,1.10304000,0.00550324,0.00662016
18.00000000,4.78950000,1.08790000,0.00556410,0.00669250
18.20000000,4.78737000,1.09872000,0.00562484,0.00676556
18.40000000,4.78737000,1.09872000,0.00568588,0.00683864
18.60000000,4.78950000,1.09088000,0.00574670,0.00691113
18.80000000,4.78412000,1.10944000,0.00580782,0.00698482
19.00000000,4.78262000,1.11856000,0.00586971,0.00705909
19.20000000,4.78050000,1.12393000,0.00593200,0.00713372
19.40000000,4.78050000,1.12393000,0.00599444,0.00720835
19.60000000,4.78150000,1.12310000,0.00605686,0.00728295
19.80000000,4.78212000,1.12032000,0.00611917,0.00735736
20.00000000,4.78225000,1.11974000,0.00618140,0.00743173
20.20000000,4.78225000,1.11974000,0.00624361,0.00750611
20.40000000,4.78212000,1.12192000,0.00630587,0.00758063
20.60000000,4.78250000,1.11756000,0.00636808,0.00765495
20.80000000,4.78850000,1.09475000,0.00642954,0.00772775
21.00000000,4.78775000,1.09654000,0.00649040,0.00780067
21.20000000,4.78775000,1.09654000,0.00655132,0.00787361
21.40000000,4.78937000,1.09257000,0.00661213,0.00794627
21.60000000,4.78850000,1.09731000,0.00667296,0.00801928
21.80000000,4.79050000,1.08729000,0.00673365,0.00809158
22.00000000,4.78762000,1.09955000,0.00679439,0.00816469
22.20000000,4.78762000,1.09955000,0.00685548,0.00823785
22.40000000,4.79012000,1.08710000,0.00691622,0.00831012
22.60000000,4.78675000,1.10041000,0.00697698,0.00838333
22.80000000,4.79000000,1.09180000,0.00703788,0.00845596
23.00000000,4.79000000,1.09180000,0.00709853,0.00852854
23.20000000,4.78612000,1.10150000,0.00715946,0.00860176
23.40000000,4.78650000,1.10480000,0.00722074,0.00867514
23.60000000,4.78175000,1.12403000,0.00728265,0.00874980
23.80000000,4.78225000,1.11504000,0.00734485,0.00882386
24.00000000,4.78225000,1.11504000,0.00740680,0.00889790
24.20000000,4.78112000,1.12595000,0.00746905,0.00897268
24.40000000,4.78200000,1.11833000,0.00753139,0.00904694
24.60000000,4.78075000,1.12416000,0.00759368,0.00912158
24.80000000,4.78112000,1.12406000,0.00765613,0.00919623
25.00000000,4.78112000,1.12406000,0.00771858,0.00927091
25.20000000,4.78400000,1.10873000,0.00778060,0.00934465
25.40000000,4.78837000,1.09587000,0.00784184,0.00941755
25.60000000,4.78937000,1.09187000,0.00790261,0.00949018
25.80000000,4.78937000,1.09187000,0.00796327,0.00956278
26.00000000,4.78762000,1.09488000,0.00802401,0.00963561
26.20000000,4.78962000,1.09267000,0.00808478,0.00970827
26.40000000,4.78737000,1.09878000,0.00814565,0.00978134
26.60000000,4.78862000,1.09459000,0.00820658,0.00985414
26.80000000,4.78862000,1.09459000,0.00826739,0.00992693
27.00000000,4.78762000,1.09715000,0.00832827,0.00999991
27.20000000,4.78962000,1.08665000,0.00838893,0.01007217
27.40000000,4.78750000,1.10099000,0.00844970,0.01014538
27.60000000,4.78750000,1.10099000,0.00851087,0.01021862
27.80000000,4.78975000,1.08851000,0.00857168,0.01029099
28.00000000,4.78687000,1.10051000,0.00863249,0.01036420
28.20000000,4.78975000,1.09094000,0.00869336,0.01043673
28.40000000,4.78687000,1.09996000,0.00875422,0.01050986
28.60000000,4.78687000,1.09996000,0.00881533,0.01058303
28.80000000,4.78962000,1.09286000,0.00887624,0.01065572
29.00000000,4.78862000,1.09513000,0.00893702,0.01072856
29.20000000,4.78925000,1.09203000,0.00899778,0.01080120
29.40000000,4.78925000,1.09203000,0.00905844,0.01087382
29.60000000,4.78800000,1.09664000,0.00911924,0.01094677
29.80000000,4.78925000,1.09116000,0.00918001,0.01101923
30.00000000,4.78187000,1.12259000,0.00924151,0.01109378
30.20000000,4.78125000,1.12172000,0.00930385,0.01116827
30.40000000,4.78125000,1.12172000,0.00936616,0.01124277
30.60000000,4.78212000,1.11900000,0.00942841,0.01131709
30.80000000,4.78162000,1.12617000,0.00949077,0.01139190
31.00000000,4.78275000,1.11718000,0.00955309,0.01146611
31.20000000,4.78037000,1.12835000,0.00961546,0.01154102
31.40000000,4.78037000,1.12835000,0.00967815,0.01161598
31.60000000,4.78275000,1.11459000,0.00974045,0.01168998
31.80000000,4.78050000,1.12608000,0.00980269,0.01176485
32.00000000,4.78712000,1.10150000,0.00986457,0.01183809
32.20000000,4.78712000,1.10150000,0.00992577,0.01191126
32.40000000,4.78312000,1.11408000,0.00998731,0.01198529
32.60000000,4.78412000,1.11577000,0.01004925,0.01205936
32.80000000,4.78000000,1.12588000,0.01011152,0.01213416
33.00000000,4.78325000,1.11532000,0.01017377,0.01220825
33.20000000,4.78325000,1.11532000,0.01023574,0.01228231
33.40000000,4.78075000,1.12729000,0.01029803,0.01235719
33.60000000,4.78262000,1.11494000,0.01036032,0.01243122
33.80000000,4.78050000,1.12614000,0.01042257,0.01250599
34.00000000,4.78050000,1.12614000,0.01048513,0.01258084
34.20000000,4.78537000,1.10668000,0.01054715,0.01265445
34.40000000,4.78912000,1.09155000,0.01060822,0.01272705
34.60000000,4.78887000,1.09616000,0.01066899,0.01279997
34.80000000,4.78962000,1.08966000,0.01072970,0.01287246
35.00000000,4.78962000,1.08966000,0.01079024,0.01294492
35.20000000,4.78775000,1.09939000,0.01085105,0.01301805
35.40000000,4.78937000,1.08969000,0.01091185,0.01309050
35.60000000,4.78750000,1.09843000,0.01097264,0.01316354
35.80000000,4.78750000,1.09843000,0.01103366,0.01323663
36.00000000,4.79062000,1.09059000,0.01109447,0.01330915
36.20000000,4.78775000,1.09600000,0.01115520,0.01338206
36.40000000,4.79012000,1.08912000,0.01121590,0.01345448
36.60000000,4.78750000,1.09923000,0.01127669,0.01352757
36.80000000,4.78750000,1.09923000,0.01133776,0.01360060
37.00000000,4.78325000,1.11606000,0.01139929,0.01367470
37.20000000,4.78050000,1.12764000,0.01146162,0.01374961
37.40000000,4.78300000,1.11705000,0.01152397,0.01382379
37.60000000,4.78100000,1.12531000,0.01158626,0.01389851
37.80000000,4.78100000,1.12531000,0.01164878,0.01397327
38.00000000,4.78337000,1.11673000,0.01171105,0.01404742
38.20000000,4.78075000,1.12364000,0.01177329,0.01412205
38.40000000,4.78237000,1.12028000,0.01183562,0.01419647
38.60000000,4.78237000,1.12028000,0.01189786,0.01427094
38.80000000,4.78662000,1.10163000,0.01195958,0.01434420
39.00000000,4.78800000,1.09414000,0.01202057,0.01441698
39.20000000,4.78912000,1.09628000,0.01208141,0.01448987
39.40000000,4.78712000,1.09769000,0.01214236,0.01456285
39.60000000,4.78712000,1.09769000,0.01220334,0.01463587
39.80000000,4.78937000,1.09027000,0.01226412,0.01470837
40.00000000,4.78775000,1.09936000,0.01232494,0.01478149
40.20000000,4.78925000,1.08803000,0.01238570,0.01485387
40.40000000,4.78925000,1.08803000,0.01244615,0.01492621
40.60000000,4.78712000,1.10064000,0.01250694,0.01499943
40.80000000,4.78975000,1.08662000,0.01256770,0.01507165
41.00000000,4.78587000,1.10547000,0.01262859,0.01514522
41.20000000,4.79125000,1.08816000,0.01268953,0.01521763
41.40000000,4.79125000,1.08816000,0.01274998,0.01528997
41.60000000,4.78625000,1.10134000,0.01281080,0.01536324
41.80000000,4.79012000,1.08883000,0.01287164,0.01543563
42.00000000,4.78712000,1.10019000,0.01293244,0.01550878
42.20000000,4.78712000,1.10019000,0.01299357,0.01558196
42.40000000,4.78925000,1.08960000,0.01305439,0.01565442
42.60000000,4.78775000,1.09923000,0.01311519,0.01572753
42.80000000,4.78862000,1.09200000,0.01317606,0.01580014
43.00000000,4.78812000,1.09664000,0.01323686,0.01587307
43.20000000,4.78812000,1.09664000,0.01329778,0.01594603
43.40000000,4.78975000,1.09235000,0.01335859,0.01601867
43.60000000,4.78800000,1.09526000,0.01341935,0.01609153
43.80000000,4.78950000,1.09372000,0.01348016,0.01616428
44.00000000,4.78850000,1.09724000,0.01354102,0.01623725
44.20000000,4.78850000,1.09724000,0.01360198,0.01631023
44.40000000,4.78837000,1.09260000,0.01366280,0.01638288
44.60000000,4.78800000,1.09897000,0.01372368,0.01645597
44.80000000,4.78725000,1.09952000,0.01378475,0.01652907
45.00000000,4.78725000,1.09952000,0.01384584,0.01660222
45.20000000,4.78987000,1.08835000,0.01390661,0.01667459
45.40000000,4.78762000,1.10166000,0.01396744,0.01674787
45.60000000,4.78925000,1.09107000,0.01402835,0.01682044
45.80000000,4.78137000,1.12291000,0.01408985,0.01689501
46.00000000,4.78137000,1.12291000,0.01415224,0.01696962
46.20000000,4.78375000,1.11440000,0.01421438,0.01704361
46.40000000,4.78025000,1.12774000,0.01427666,0.01711855
46.60000000,4.78450000,1.11443000,0.01433895,0.01719260
46.80000000,4.78450000,1.11443000,0.01440086,0.01726660
47.00000000,4.78087000,1.12412000,0.01446304,0.01734130
47.20000000,4.78425000,1.11254000,0.01452517,0.01741517
47.40000000,4.78075000,1.12579000,0.01458735,0.01749003
47.60000000,4.78750000,1.09814000,0.01464912,0.01756305
47.80000000,4.78750000,1.09814000,0.01471013,0.01763608
48.00000000,4.78850000,1.09936000,0.01477117,0.01770919
48.20000000,4.78837000,1.09587000,0.01483215,0.01778208
48.40000000,4.78850000,1.09728000,0.01489307,0.01785505
48.60000000,4.78850000,1.09728000,0.01495403,0.01792805
48.80000000,4.78950000,1.09334000,0.01501488,0.01800077
49.00000000,4.78937000,1.08828000,0.01507548,0.01807315
49.20000000,4.78862000,1.09856000,0.01513623,0.01814622
49.40000000,4.79100000,1.08736000,0.01519695,0.01821857
49.60000000,4.79100000,1.08736000,0.01525736,0.01829087
49.80000000,4.78700000,1.10345000,0.01531821,0.01836428
50.00000000,4.79050000,1.09040000,0.01537915,0.01843673
50.20000000,4.78387000,1.11139000,0.01544031,0.01851058
50.40000000,4.78387000,1.11414000,0.01550213,0.01858460
50.60000000,4.78387000,1.11414000,0.01556403,0.01865859
50.80000000,4.78125000,1.12806000,0.01562631,0.01873352
51.00000000,4.78275000,1.11689000,0.01568867,0.01880769
51.20000000,4.78100000,1.12723000,0.01575101,0.01888254
51.40000000,4.78100000,1.12723000,0.01581364,0.01895741
51.60000000,4.78262000,1.11827000,0.01587601,0.01903166
51.80000000,4.78025000,1.12774000,0.01593840,0.01910659
52.00000000,4.78400000,1.11539000,0.01600071,0.01918070
52.20000000,4.78400000,1.11539000,0.01606267,0.01925487
52.40000000,4.78787000,1.09267000,0.01612401,0.01932755
52.60000000,4.78912000,1.09417000,0.01618476,0.01940033
52.80000000,4.78875000,1.09187000,0.01624548,0.01947295
53.00000000,4.78787000,1.09481000,0.01630622,0.01954575
53.20000000,4.78787000,1.09481000,0.01636704,0.01961857
53.40000000,4.78925000,1.09360000,0.01642783,0.01969129
53.60000000,4.78725000,1.09865000,0.01648873,0.01976438
53.80000000,4.79025000,1.08780000,0.01654946,0.01983676
54.00000000,4.79025000,1.08780000,0.01660990,0.01990909
54.20000000,4.78762000,1.09939000,0.01667065,0.01998220
54.40000000,4.78812000,1.09337000,0.01673156,0.02005490
54.60000000,4.78725000,1.10067000,0.01679251,0.02012808
54.80000000,4.78725000,1.10067000,0.01685365,0.02020130
55.00000000,4.78975000,1.08812000,0.01691445,0.02027364
55.20000000,4.78637000,1.10115000,0.01697527,0.02034688
55.40000000,4.78925000,1.09248000,0.01703620,0.02041951
55.60000000,4.78650000,1.09971000,0.01709710,0.02049262
55.80000000,4.78650000,1.09971000,0.01715819,0.02056579
56.00000000,4.79062000,1.08870000,0.01721898,0.02063817
56.20000000,4.78700000,1.10070000,0.01727980,0.02071140
56.40000000,4.79012000,1.08761000,0.01734058,0.02078376
56.60000000,4.79012000,1.08761000,0.01740101,0.02085607
56.80000000,4.78675000,1.10160000,0.01746182,0.02092935
57.00000000,4.78950000,1.09004000,0.01752270,0.02100183
57.20000000,4.78762000,1.09923000,0.01758351,0.02107494
57.40000000,4.78912000,1.09305000,0.01764441,0.02114765
57.60000000,4.78912000,1.09305000,0.01770513,0.02122036
57.80000000,4.78975000,1.09142000,0.01776581,0.02129295
58.00000000,4.78825000,1.09772000,0.01782662,0.02136596
58.20000000,4.78912000,1.09148000,0.01788743,0.02143854
58.40000000,4.78787000,1.09849000,0.01794826,0.02151159
58.60000000,4.78787000,1.09849000,0.01800929,0.02158467
58.80000000,4.79000000,1.08828000,0.01807003,0.02165701
59.00000000,4.78612000,1.10313000,0.01813091,0.02173036
59.20000000,4.78737000,1.10339000,0.01819220,0.02180373
59.40000000,4.78737000,1.10339000,0.01825350,0.02187700
59.60000000,4.78112000,1.12230000,0.01831532,0.02195156
59.80000000,4.78375000,1.11353000,0.01837743,0.02202551
60.00000000,4.78162000,1.12380000,0.01843958,0.02210017
60.20000000,4.78325000,1.11353000,0.01850173,0.02217415
60.40000000,4.78325000,1.11353000,0.01856359,0.02224809
60.60000000,4.78125000,1.12521000,0.01862578,0.02232284
60.80000000,4.78312000,1.11683000,0.01868805,0.02239704
61.00000000,4.78325000,1.11638000,0.01875009,0.02247121
61.20000000,4.78325000,1.11638000,0.01881211,0.02254547
61.40000000,4.78987000,1.09100000,0.01887343,0.02261804
61.60000000,4.78912000,1.09123000,0.01893404,0.02269062
61.80000000,4.78887000,1.09353000,0.01899473,0.02276337
62.00000000,4.78975000,1.09062000,0.01905540,0.02283592
62.20000000,4.78975000,1.09062000,0.01911599,0.02290844
62.40000000,4.78775000,1.09523000,0.01917671,0.02298130
62.60000000,4.78950000,1.09312000,0.01923750,0.02305398
62.80000000,4.78737000,1.09715000,0.01929834,0.02312693
63.00000000,4.78737000,1.09715000,0.01935929,0.02319991
63.20000000,4.78937000,1.08867000,0.01942001,0.02327232
63.40000000,4.78837000,1.09574000,0.01948069,0.02334520
63.60000000,4.78900000,1.08979000,0.01954140,0.02341758
63.80000000,4.78237000,1.12067000,0.01960280,0.02349202
64.00000000,4.78237000,1.12067000,0.01966506,0.02356647
64.20000000,4.78300000,1.11699000,0.01972721,0.02364064
64.40000000,4.78112000,1.12444000,0.01978948,0.02371533
64.60000000,4.78250000,1.11955000,0.01985181,0.02378968
64.80000000,4.78162000,1.11923000,0.01991400,0.02386401
65.00000000,4.78162000,1.11923000,0.01997618,0.02393834
65.20000000,4.78137000,1.12323000,0.02003847,0.02401294
65.40000000,4.78200000,1.12102000,0.02010081,0.02408737
65.60000000,4.78062000,1.12464000,0.02016319,0.02416204
65.80000000,4.78062000,1.12464000,0.02022567,0.02423675
66.00000000,4.78300000,1.11824000,0.02028797,0.02431099
66.20000000,4.77950000,1.12931000,0.02035040,0.02438600
66.40000000,4.78275000,1.11846000,0.02041284,0.02446027
66.60000000,4.78075000,1.12563000,0.02047517,0.02453501
66.80000000,4.78075000,1.12563000,0.02053771,0.02460977
67.00000000,4.78212000,1.11676000,0.02060000,0.02468393
67.20000000,4.78137000,1.12550000,0.02066228,0.02475869
67.40000000,4.78225000,1.11888000,0.02072463,0.02483300
67.60000000,4.78225000,1.11888000,0.02078679,0.02490731
67.80000000,4.78125000,1.12547000,0.02084913,0.02498206
68.00000000,4.78250000,1.12137000,0.02091154,0.02505655
68.20000000,4.78237000,1.11862000,0.02097376,0.02513097
68.40000000,4.79012000,1.08960000,0.02103510,0.02520346
68.60000000,4.79012000,1.08960000,0.02109564,0.02527593
68.80000000,4.78862000,1.09465000,0.02115631,0.02534874
69.00000000,4.78912000,1.09158000,0.02121704,0.02542135
69.20000000,4.78962000,1.09283000,0.02127772,0.02549405
69.40000000,4.78962000,1.09283000,0.02133843,0.02556673
69.60000000,4.78825000,1.09587000,0.02139923,0.02563963
69.80000000,4.79012000,1.08995000,0.02145994,0.02571211
70.00000000,4.78787000,1.09904000,0.02152075,0.02578525
70.20000000,4.79112000,1.08588000,0.02158144,0.02585751
70.40000000,4.79112000,1.08588000,0.02164177,0.02592971
70.60000000,4.78787000,1.09792000,0.02170243,0.02600276
70.80000000,4.79012000,1.09200000,0.02176326,0.02607538
71.00000000,4.78850000,1.09593000,0.02182404,0.02614827
71.20000000,4.78950000,1.09203000,0.02188481,0.02622091
71.40000000,4.78950000,1.09203000,0.02194548,0.02629348
71.60000000,4.78425000,1.11379000,0.02200675,0.02636746
71.80000000,4.78225000,1.12140000,0.02206884,0.02644194
72.00000000,4.78287000,1.12022000,0.02213111,0.02651635
72.20000000,4.78287000,1.12022000,0.02219334,0.02659075
72.40000000,4.78187000,1.12003000,0.02225557,0.02666516
72.60000000,4.78300000,1.11945000,0.02231778,0.02673949
72.80000000,4.78075000,1.12505000,0.02238013,0.02681419
73.00000000,4.78237000,1.11737000,0.02244242,0.02688841
73.20000000,4.78237000,1.11737000,0.02250449,0.02696259
73.40000000,4.78037000,1.12857000,0.02256688,0.02703757
73.60000000,4.78337000,1.11401000,0.02262918,0.02711158
73.80000000,4.77875000,1.13241000,0.02269158,0.02718674
74.00000000,4.77875000,1.13241000,0.02275449,0.02726196
74.20000000,4.78250000,1.11916000,0.02281703,0.02733626
74.40000000,4.78025000,1.12560000,0.02287939,0.02741110
74.60000000,4.78662000,1.10320000,0.02294130,0.02748444
74.80000000,4.78662000,1.10320000,0.02300259,0.02755779
75.00000000,4.78737000,1.09827000,0.02306374,0.02763083
75.20000000,4.78837000,1.09302000,0.02312461,0.02770352
75.40000000,4.78825000,1.09804000,0.02318547,0.02777654
75.60000000,4.78825000,1.09804000,0.02324647,0.02784957
75.80000000,4.78812000,1.09270000,0.02330733,0.02792223
76.00000000,4.78825000,1.09644000,0.02336814,0.02799515
76.20000000,4.78837000,1.09584000,0.02342903,0.02806803
76.40000000,4.78825000,1.09289000,0.02348983,0.02814071
76.60000000,4.78825000,1.09289000,0.02355055,0.02821339
76.80000000,4.78787000,1.09766000,0.02361139,0.02828640
77.00000000,4.78925000,1.09299000,0.02367225,0.02835905
77.20000000,4.78587000,1.10294000,0.02373324,0.02843236
77.40000000,4.78587000,1.10294000,0.02379452,0.02850564
77.60000000,4.78375000,1.11372000,0.02385609,0.02857958
77.80000000,4.77950000,1.12675000,0.02391833,0.02865444
78.00000000,4.78387000,1.11401000,0.02398057,0.02872839
78.20000000,4.77925000,1.13200000,0.02404296,0.02880353
78.40000000,4.77925000,1.13200000,0.02410585,0.02887872
78.60000000,4.78287000,1.11315000,0.02416821,0.02895262
78.80000000,4.78000000,1.13100000,0.02423055,0.02902777
79.00000000,4.78362000,1.11462000,0.02429293,0.02910188
79.20000000,4.78750000,1.09708000,0.02435437,0.02917483
79.40000000,4.78750000,1.09708000,0.02441532,0.02924781
79.60000000,4.78962000,1.09308000,0.02447615,0.02932049
79.80000000,4.78762000,1.09622000,0.02453697,0.02939342
80.00000000,4.78950000,1.09126000,0.02459773,0.02946601
80.20000000,4.78950000,1.09126000,0.02465836,0.02953858
80.40000000,4.78812000,1.09910000,0.02471920,0.02961167
80.60000000,4.78787000,1.09468000,0.02478014,0.02968446
80.80000000,4.78762000,1.09577000,0.02484098,0.02975734
81.00000000,4.78875000,1.09248000,0.02490177,0.02983000
81.20000000,4.78875000,1.09248000,0.02496246,0.02990266
81.40000000,4.78900000,1.09184000,0.02502314,0.02997528
81.60000000,4.78850000,1.09619000,0.02508392,0.03004819
81.80000000,4.78900000,1.09120000,0.02514468,0.03012077
82.00000000,4.78900000,1.09120000,0.02520530,0.03019330
82.20000000,4.78587000,1.10432000,0.02526629,0.03026676
82.40000000,4.78912000,1.09110000,0.02532727,0.03033931
82.60000000,4.78750000,1.09843000,0.02538809,0.03041238
82.80000000,4.78987000,1.08912000,0.02544885,0.03048484
83.00000000,4.78987000,1.08912000,0.02550936,0.03055724
83.20000000,4.78662000,1.10006000,0.02557017,0.03063044
83.40000000,4.79062000,1.08624000,0.02563090,0.03070266
83.60000000,4.78712000,1.10163000,0.02569168,0.03077590
83.80000000,4.78712000,1.10163000,0.02575288,0.03084919
84.00000000,4.78975000,1.08768000,0.02581369,0.03092148
84.20000000,4.78562000,1.10518000,0.02587461,0.03099501
84.40000000,4.78987000,1.08915000,0.02593556,0.03106742
84.60000000,4.78700000,1.09747000,0.02599630,0.03114039
84.80000000,4.78700000,1.09747000,0.02605727,0.03121340
85.00000000,4.79037000,1.09059000,0.02611805,0.03128587
85.20000000,4.78412000,1.10998000,0.02617918,0.03135969
85.40000000,4.78862000,1.09075000,0.02624031,0.03143223
85.60000000,4.78825000,1.09772000,0.02630110,0.03150523
85.80000000,4.78825000,1.09772000,0.02636208,0.03157823
86.00000000,4.78775000,1.09414000,0.02642297,0.03165099
86.20000000,4.78812000,1.09776000,0.02648385,0.03172390
86.40000000,4.78200000,1.11980000,0.02654545,0.03179827
86.60000000,4.78200000,1.11980000,0.02660766,0.03187266
86.80000000,4.78262000,1.11401000,0.02666971,0.03194664
87.00000000,4.78150000,1.12428000,0.02673189,0.03202132
87.20000000,4.78275000,1.11606000,0.02679412,0.03209543
87.40000000,4.78100000,1.12432000,0.02685635,0.03217009
87.60000000,4.78100000,1.12432000,0.02691881,0.03224478
87.80000000,4.78337000,1.11683000,0.02698107,0.03231892
88.00000000,4.77975000,1.12704000,0.02704340,0.03239387
88.20000000,4.78825000,1.09609000,0.02710515,0.03246677
88.40000000,4.78825000,1.09609000,0.02716605,0.03253964
88.60000000,4.78700000,1.10089000,0.02722707,0.03261288
88.80000000,4.78962000,1.08752000,0.02728786,0.03268518
89.00000000,4.78712000,1.10265000,0.02734870,0.03275854
89.20000000,4.79012000,1.08905000,0.02740958,0.03283100
89.40000000,4.79012000,1.08905000,0.02747008,0.03290340
89.60000000,4.78675000,1.10048000,0.02753090,0.03297660
89.80000000,4.78950000,1.09270000,0.02759183,0.03304927
90.00000000,4.78775000,1.09548000,0.02765261,0.03312211
90.20000000,4.78962000,1.09267000,0.02771339,0.03319480
90.40000000,4.78962000,1.09267000,0.02777409,0.03326746
90.60000000,4.78825000,1.09728000,0.02783493,0.03334037
90.80000000,4.78400000,1.10851000,0.02789620,0.03341398
91.00000000,4.78112000,1.12499000,0.02795824,0.03348869
91.20000000,4.78112000,1.12499000,0.02802074,0.03356339
91.40000000,4.78075000,1.12377000,0.02808321,0.03363801
91.60000000,4.78125000,1.12134000,0.02814557,0.03371248
91.80000000,4.78162000,1.12355000,0.02820793,0.03378710
92.00000000,4.78200000,1.11747000,0.02827018,0.03386132
92.20000000,4.78200000,1.11747000,0.02833226,0.03393552
92.40000000,4.78050000,1.12572000,0.02839457,0.03401034
92.60000000,4.78562000,1.10512000,0.02845654,0.03408381
92.80000000,4.78650000,1.09980000,0.02851779,0.03415692
93.00000000,4.78650000,1.09980000,0.02857889,0.03423009
93.20000000,4.79037000,1.08876000,0.02863968,0.03430247
93.40000000,4.78612000,1.10323000,0.02870057,0.03437587
93.60000000,4.79062000,1.08505000,0.02876135,0.03444801
93.80000000,4.78687000,1.10284000,0.02882213,0.03452133
94.00000000,4.78687000,1.10284000,0.02888340,0.03459470
94.20000000,4.78975000,1.08729000,0.02894423,0.03466699
94.40000000,4.78737000,1.10099000,0.02900502,0.03474024
94.60000000,4.78975000,1.09107000,0.02906591,0.03481276
94.80000000,4.78612000,1.10083000,0.02912680,0.03488594
95.00000000,4.78612000,1.10083000,0.02918795,0.03495917
95.20000000,4.78950000,1.09136000,0.02924885,0.03503174
95.40000000,4.78800000,1.09820000,0.02930967,0.03510480
95.60000000,4.78950000,1.08844000,0.02937041,0.03517720
95.80000000,4.78950000,1.08844000,0.02943088,0.03524959
96.00000000,4.78812000,1.10006000,0.02949167,0.03532276
96.20000000,4.78912000,1.09184000,0.02955256,0.03539536
96.40000000,4.78762000,1.09664000,0.02961335,0.03546829
96.60000000,4.78850000,1.09728000,0.02967429,0.03554127
96.80000000,4.78850000,1.09728000,0.02973525,0.03561425
97.00000000,4.78850000,1.09286000,0.02979609,0.03568692
97.20000000,4.78800000,1.09612000,0.02985689,0.03575984
97.40000000,4.78950000,1.09142000,0.02991766,0.03583244
97.60000000,4.78950000,1.09142000,0.02997829,0.03590501
97.80000000,4.78750000,1.09728000,0.03003909,0.03597801
98.00000000,4.78987000,1.09040000,0.03009986,0.03605051
98.20000000,4.78737000,1.09760000,0.03016063,0.03612352
98.40000000,4.78937000,1.09132000,0.03022144,0.03619611
98.60000000,4.78937000,1.09132000,0.03028207,0.03626866
98.80000000,4.78612000,1.10502000,0.03034308,0.03634219
99.00000000,4.79100000,1.08601000,0.03040394,0.03641440
99.20000000,4.78737000,1.09878000,0.03046463,0.03648746
99.40000000,4.78962000,1.08848000,0.03052538,0.03655987
99.60000000,4.78962000,1.08848000,0.03058585,0.03663222
99.80000000,4.78612000,1.10284000,0.03064672,0.03670549
100.00000000,4.78312000,1.11580000,0.03070835,0.03677957
100.20000000,4.78075000,1.12393000,0.03077057,0.03685420
100.40000000,4.78075000,1.12393000,0.03083301,0.03692886
100.60000000,4.78275000,1.11664000,0.03089525,0.03700303
100.80000000,4.78250000,1.11926000,0.03095736,0.03707736
101.00000000,4.78112000,1.12038000,0.03101957,0.03715179
101.20000000,4.78325000,1.11590000,0.03108169,0.03722592
101.40000000,4.78325000,1.11590000,0.03114368,0.03730001
101.60000000,4.78037000,1.12681000,0.03120598,0.03737496
101.80000000,4.78912000,1.08755000,0.03126749,0.03744725
102.00000000,4.78575000,1.10412000,0.03132837,0.03752064
102.20000000,4.78575000,1.10412000,0.03138971,0.03759408
102.40000000,4.78887000,1.09094000,0.03145068,0.03766661
102.60000000,4.78712000,1.10000000,0.03151154,0.03773981
102.80000000,4.79112000,1.08659000,0.03157228,0.03781204
103.00000000,4.78637000,1.10140000,0.03163306,0.03788526
103.20000000,4.78637000,1.10140000,0.03169425,0.03795853
103.40000000,4.78987000,1.08748000,0.03175505,0.03803083
103.60000000,4.78700000,1.09932000,0.03181579,0.03810397
103.80000000,4.78975000,1.09104000,0.03187664,0.03817655
104.00000000,4.78975000,1.09104000,0.03193725,0.03824909
104.20000000,4.78762000,1.09939000,0.03199810,0.03832213
104.40000000,4.78287000,1.11718000,0.03205967,0.03839633
104.60000000,4.78225000,1.11920000,0.03212179,0.03847064
104.80000000,4.78050000,1.12704000,0.03218418,0.03854547
105.00000000,4.78050000,1.12704000,0.03224680,0.03862033
105.20000000,4.78237000,1.11692000,0.03230913,0.03869449
105.40000000,4.78087000,1.12588000,0.03237143,0.03876928
105.60000000,4.78275000,1.11881000,0.03243378,0.03884360
105.80000000,4.77975000,1.12732000,0.03249617,0.03891844
106.00000000,4.77975000,1.12732000,0.03255880,0.03899342
106.20000000,4.78862000,1.09254000,0.03262047,0.03906607
106.40000000,4.78775000,1.09884000,0.03268134,0.03913916
106.60000000,4.78950000,1.08921000,0.03274212,0.03921162
106.80000000,4.78950000,1.08921000,0.03280263,0.03928404
107.00000000,4.78725000,1.10112000,0.03286347,0.03935728
107.20000000,4.78925000,1.08908000,0.03292431,0.03942969
107.40000000,4.78700000,1.10057000,0.03298513,0.03950291
107.60000000,4.79025000,1.08873000,0.03304595,0.03957535
107.80000000,4.79025000,1.08873000,0.03310643,0.03964773
108.00000000,4.78687000,1.09865000,0.03316719,0.03972082
108.20000000,4.78987000,1.08790000,0.03322793,0.03979314
108.40000000,4.78662000,1.10073000,0.03328873,0.03986632
108.60000000,4.78662000,1.10073000,0.03334988,0.03993954
108.80000000,4.78912000,1.08979000,0.03341073,0.04001199
109.00000000,4.78687000,1.10067000,0.03347157,0.04008519
109.20000000,4.78812000,1.09478000,0.03353256,0.04015799
109.40000000,4.78812000,1.09526000,0.03359339,0.04023083
109.60000000,4.78812000,1.09526000,0.03365424,0.04030367
109.80000000,4.78862000,1.09529000,0.03371509,0.04037652
110.00000000,4.78887000,1.09027000,0.03377580,0.04044902
110.20000000,4.78762000,1.09827000,0.03383659,0.04052205
110.40000000,4.78762000,1.09827000,0.03389760,0.04059508
110.60000000,4.78800000,1.09104000,0.03395842,0.04066763
110.80000000,4.78712000,1.09865000,0.03401924,0.04074071
111.00000000,4.78962000,1.09068000,0.03408006,0.04081321
111.20000000,4.78612000,1.10073000,0.03414093,0.04088638
111.40000000,4.78612000,1.10073000,0.03420208,0.04095962
111.60000000,4.79087000,1.08819000,0.03426289,0.04103196
111.80000000,4.78612000,1.10368000,0.03432377,0.04110536
112.00000000,4.78812000,1.09388000,0.03438481,0.04117810
112.20000000,4.78812000,1.09388000,0.03444559,0.04125081
112.40000000,4.78575000,1.10528000,0.03450667,0.04132433
112.60000000,4.78925000,1.08832000,0.03456761,0.04139667
112.80000000,4.78600000,1.10166000,0.03462844,0.04146990
113.00000000,4.78600000,1.10166000,0.03468964,0.04154317
113.20000000,4.78862000,1.09280000,0.03475060,0.04161576
113.40000000,4.78212000,1.11676000,0.03481198,0.04168995
113.60000000,4.78325000,1.11676000,0.03487402,0.04176410
113.80000000,4.78050000,1.12361000,0.03493625,0.04183870
114.00000000,4.78050000,1.12361000,0.03499867,0.04191333
114.20000000,4.78225000,1.11715000,0.03506092,0.04198750
114.40000000,4.78037000,1.12524000,0.03512321,0.04206224
114.60000000,4.78212000,1.11657000,0.03518548,0.04213640
114.80000000,4.78037000,1.12617000,0.03524778,0.04221117
115.00000000,4.78037000,1.12617000,0.03531034,0.04228602
115.20000000,4.78562000,1.10518000,0.03537232,0.04235952
115.40000000,4.78825000,1.09369000,0.03543340,0.04243225
115.60000000,4.78825000,1.09766000,0.03549427,0.04250525
115.80000000,4.78825000,1.09766000,0.03555526,0.04257825
116.00000000,4.78812000,1.09065000,0.03561604,0.04265076
116.20000000,4.78712000,1.10000000,0.03567689,0.04272392
116.40000000,4.78837000,1.09228000,0.03573779,0.04279656
116.60000000,4.78837000,1.09228000,0.03579847,0.04286917
116.80000000,4.78625000,1.09958000,0.03585936,0.04294233
117.00000000,4.79012000,1.08793000,0.03592012,0.04301462
117.20000000,4.78462000,1.10499000,0.03598104,0.04308812
117.40000000,4.78925000,1.08982000,0.03604200,0.04316062
117.60000000,4.78925000,1.08982000,0.03610255,0.04323301
117.80000000,4.78275000,1.11449000,0.03616378,0.04330705
118.00000000,4.78337000,1.11305000,0.03622566,0.04338094
118.20000000,4.77962000,1.13004000,0.03628796,0.04345596
118.40000000,4.78262000,1.11427000,0.03635031,0.04352997
118.60000000,4.78262000,1.11427000,0.03641221,0.04360394
118.80000000,4.77987000,1.12886000,0.03647452,0.04367894
119.00000000,4.78312000,1.11468000,0.03653684,0.04375294
119.20000000,4.78025000,1.12521000,0.03659906,0.04382765
119.40000000,4.78025000,1.12521000,0.03666157,0.04390243
119.60000000,4.78487000,1.11152000,0.03672370,0.04397633
119.80000000,4.78737000,1.09680000,0.03678504,0.04404927
120.00000000,4.78825000,1.09545000,0.03684594,0.04412212
120.20000000,4.78825000,1.09504000,0.03690679,0.04419495
120.40000000,4.78825000,1.09504000,0.03696762,0.04426769
120.60000000,4.78312000,1.11273000,0.03702895,0.04434161
120.80000000,4.78250000,1.12022000,0.03709097,0.04441600
121.00000000,4.78150000,1.12035000,0.03715321,0.04449040
121.20000000,4.78150000,1.12035000,0.03721545,0.04456481
121.40000000,4.78187000,1.12140000,0.03727773,0.04463927
121.60000000,4.78100000,1.12352000,0.03734008,0.04471389
121.80000000,4.78200000,1.11926000,0.03740238,0.04478821
122.00000000,4.78062000,1.12595000,0.03746475,0.04486297
122.20000000,4.78062000,1.12595000,0.03752730,0.04493776
122.40000000,4.78275000,1.11414000,0.03758953,0.04501173
122.60000000,4.78025000,1.12537000,0.03765174,0.04508650
122.80000000,4.78362000,1.11308000,0.03771392,0.04516045
123.00000000,4.78362000,1.11308000,0.03777575,0.04523433
123.20000000,4.77887000,1.12899000,0.03783803,0.04530934
123.40000000,4.78325000,1.11609000,0.03790040,0.04538340
123.60000000,4.77800000,1.13203000,0.03796284,0.04545861
123.80000000,4.78325000,1.11465000,0.03802525,0.04553266
124.00000000,4.78325000,1.11465000,0.03808718,0.04560666
124.20000000,4.77987000,1.12838000,0.03814948,0.04568161
124.40000000,4.78250000,1.11353000,0.03821176,0.04575554
124.60000000,4.78037000,1.12800000,0.03827402,0.04583043
124.80000000,4.78425000,1.11302000,0.03833627,0.04590439
125.00000000,4.78425000,1.11302000,0.03839811,0.04597839
125.20000000,4.78687000,1.09942000,0.03845957,0.04605151
125.40000000,4.78900000,1.09200000,0.03852044,0.04612410
125.60000000,4.78562000,1.10134000,0.03858136,0.04619730
125.80000000,4.78562000,1.10134000,0.03864255,0.04627055
126.00000000,4.78887000,1.09232000,0.03870348,0.04634319
126.20000000,4.78812000,1.09536000,0.03876425,0.04641603
126.40000000,4.78750000,1.09520000,0.03882510,0.04648887
126.60000000,4.78912000,1.09548000,0.03888595,0.04656174
126.80000000,4.78912000,1.09548000,0.03894681,0.04663452
127.00000000,4.78325000,1.11427000,0.03900820,0.04670853
127.20000000,4.78225000,1.12041000,0.03907027,0.04678292
127.40000000,4.78075000,1.12390000,0.03913261,0.04685755
127.60000000,4.78075000,1.12390000,0.03919505,0.04693221
127.80000000,4.78275000,1.11305000,0.03925719,0.04700611
128.00000000,4.78087000,1.12560000,0.03931937,0.04708088
128.20000000,4.78250000,1.11500000,0.03938161,0.04715490
128.40000000,4.77975000,1.12828000,0.03944393,0.04722980
128.60000000,4.77975000,1.12828000,0.03950661,0.04730480
128.80000000,4.78587000,1.10387000,0.03956861,0.04737818
129.00000000,4.78625000,1.10326000,0.03962992,0.04745159
129.20000000,4.79087000,1.08864000,0.03969081,0.04752403
129.40000000,4.79087000,1.08864000,0.03975129,0.04759640
129.60000000,4.78650000,1.09974000,0.03981208,0.04766956
129.80000000,4.79012000,1.08659000,0.03987281,0.04774181
130.00000000,4.78687000,1.10025000,0.03993355,0.04781499
130.20000000,4.78912000,1.08857000,0.03999435,0.04788740
130.40000000,4.78912000,1.08857000,0.04005483,0.04795978
130.60000000,4.78775000,1.10112000,0.04011565,0.04803301
130.80000000,4.78850000,1.09363000,0.04017662,0.04810575
131.00000000,4.78850000,1.09622000,0.04023745,0.04817856
131.20000000,4.78225000,1.11878000,0.04029898,0.04825287
131.40000000,4.78225000,1.11878000,0.04036113,0.04832717
131.60000000,4.78175000,1.11891000,0.04042329,0.04840148
131.80000000,4.78187000,1.12393000,0.04048559,0.04847613
132.00000000,4.78212000,1.11920000,0.04054790,0.04855047
132.20000000,4.78212000,1.11920000,0.04061008,0.04862479
132.40000000,4.78112000,1.12464000,0.04067241,0.04869950
132.60000000,4.78312000,1.11616000,0.04073465,0.04877361
132.80000000,4.78062000,1.12684000,0.04079696,0.04884856
133.00000000,4.78900000,1.09475000,0.04085867,0.04892138
133.20000000,4.78900000,1.09475000,0.04091949,0.04899416
133.40000000,4.78700000,1.10153000,0.04098049,0.04906744
133.60000000,4.78987000,1.08659000,0.04104128,0.04913969
133.80000000,4.78750000,1.10070000,0.04110203,0.04921288
134.00000000,4.78750000,1.10070000,0.04116318,0.04928610
134.20000000,4.78950000,1.08864000,0.04122400,0.04935848
134.40000000,4.78675000,1.09971000,0.04128479,0.04943163
134.60000000,4.78912000,1.09462000,0.04134574,0.04950442
134.80000000,4.78787000,1.09353000,0.04140652,0.04957713
135.00000000,4.78787000,1.09353000,0.04146727,0.04964986
135.20000000,4.78812000,1.09561000,0.04152808,0.04972272
135.40000000,4.78837000,1.09449000,0.04158892,0.04979550
135.60000000,4.78775000,1.09449000,0.04164972,0.04986828
135.80000000,4.78875000,1.09446000,0.04171053,0.04994107
136.00000000,4.78875000,1.09446000,0.04177133,0.05001384
136.20000000,4.78737000,1.09753000,0.04183222,0.05008684
136.40000000,4.78862000,1.09148000,0.04189303,0.05015942
136.60000000,4.78800000,1.09804000,0.04195385,0.05023244
136.80000000,4.78800000,1.09804000,0.04201485,0.05030549
137.00000000,4.78962000,1.08848000,0.04207558,0.05037785
137.20000000,4.78675000,1.10076000,0.04213640,0.05045107
137.40000000,4.78950000,1.09014000,0.04219726,0.05052354
137.60000000,4.78637000,1.10022000,0.04225810,0.05059668
137.80000000,4.78637000,1.10022000,0.04231922,0.05066987
138.00000000,4.78962000,1.09129000,0.04238010,0.05074242
138.20000000,4.78625000,1.10134000,0.04244100,0.05081569
138.40000000,4.79025000,1.08944000,0.04250186,0.05088817
138.60000000,4.79025000,1.08944000,0.04256238,0.05096061
138.80000000,4.78737000,1.09801000,0.04262315,0.05103365
139.00000000,4.78925000,1.09152000,0.04268397,0.05110619
139.20000000,4.78525000,1.11024000,0.04274513,0.05118004
139.40000000,4.78887000,1.09171000,0.04280629,0.05125265
139.60000000,4.78887000,1.09171000,0.04286694,0.05132524
139.80000000,4.78725000,1.09859000,0.04292778,0.05139830
140.00000000,4.78825000,1.09651000,0.04298876,0.05147121
140.20000000,4.78775000,1.09478000,0.04304963,0.05154401
140.40000000,4.78300000,1.11724000,0.04311107,0.05161823
140.60000000,4.78300000,1.11724000,0.04317314,0.05169243
140.80000000,4.78212000,1.11913000,0.04323526,0.05176675
141.00000000,4.78125000,1.12243000,0.04329753,0.05184131
141.20000000,4.78300000,1.11961000,0.04335981,0.05191569
141.40000000,4.78300000,1.11961000,0.04342201,0.05199001
141.60000000,4.77912000,1.12758000,0.04348443,0.05206491
141.80000000,4.78287000,1.11664000,0.04354677,0.05213904
142.00000000,4.78012000,1.12697000,0.04360909,0.05221391
142.20000000,4.78275000,1.11475000,0.04367136,0.05228796
142.40000000,4.78275000,1.11475000,0.04373329,0.05236198
142.60000000,4.78100000,1.12595000,0.04379553,0.05243676
142.80000000,4.78200000,1.11696000,0.04385784,0.05251092
143.00000000,4.78062000,1.12390000,0.04392008,0.05258555
143.20000000,4.78062000,1.12390000,0.04398252,0.05266020
143.40000000,4.78275000,1.11990000,0.04404485,0.05273455
143.60000000,4.78000000,1.12419000,0.04410719,0.05280923
143.80000000,4.78287000,1.11481000,0.04416938,0.05288326
144.00000000,4.78125000,1.12166000,0.04423150,0.05295775
144.20000000,4.78125000,1.12166000,0.04429382,0.05303225
144.40000000,4.78262000,1.11644000,0.04435599,0.05310642
144.60000000,4.78300000,1.11494000,0.04441797,0.05318044
144.80000000,4.77975000,1.12732000,0.04448026,0.05325527
145.00000000,4.77975000,1.12732000,0.04454288,0.05333014
145.20000000,4.78187000,1.12038000,0.04460532,0.05340454
145.40000000,4.78112000,1.12364000,0.04466765,0.05347918
145.60000000,4.78287000,1.11494000,0.04472984,0.05355323
145.80000000,4.78200000,1.12374000,0.04479202,0.05362787
146.00000000,4.78200000,1.12374000,0.04485445,0.05370252
146.20000000,4.78325000,1.11721000,0.04491670,0.05377671
146.40000000,4.78087000,1.12323000,0.04497894,0.05385139
146.60000000,4.78687000,1.10297000,0.04504078,0.05392471
146.80000000,4.78637000,1.09952000,0.04510196,0.05399780
147.00000000,4.78637000,1.09952000,0.04516304,0.05407095
147.20000000,4.78987000,1.08969000,0.04522385,0.05414340
147.40000000,4.78700000,1.09984000,0.04528467,0.05421657
147.60000000,4.78987000,1.08899000,0.04534547,0.05428901
147.80000000,4.78987000,1.08899000,0.04540597,0.05436143
148.00000000,4.78837000,1.09632000,0.04546667,0.05443434
148.20000000,4.78800000,1.09347000,0.04552750,0.05450706
148.40000000,4.78837000,1.09392000,0.04558826,0.05457980
148.60000000,4.78762000,1.09840000,0.04564916,0.05465284
148.80000000,4.78762000,1.09840000,0.04571018,0.05472589
149.00000000,4.78862000,1.09148000,0.04577101,0.05479848
149.20000000,4.78812000,1.09542000,0.04583176,0.05487135
149.40000000,4.79000000,1.08758000,0.04589240,0.05494371
149.60000000,4.79000000,1.08758000,0.04595282,0.05501599
149.80000000,4.78512000,1.10675000,0.04601377,0.05508961
150.00000000,4.78950000,1.09132000,0.04607483,0.05516216
150.20000000,4.78625000,1.09856000,0.04613566,0.05523523
150.40000000,4.78937000,1.09174000,0.04619650,0.05530785
150.60000000,4.78937000,1.09174000,0.04625716,0.05538044
150.80000000,4.78700000,1.09977000,0.04631803,0.05545359
151.00000000,4.78912000,1.08985000,0.04637885,0.05552606
151.20000000,4.78762000,1.09942000,0.04643967,0.05559917
151.40000000,4.78762000,1.09942000,0.04650075,0.05567228
151.60000000,4.78825000,1.09443000,0.04656169,0.05574506
151.80000000,4.78775000,1.09676000,0.04662255,0.05581799
152.00000000,4.78825000,1.09609000,0.04668346,0.05589089
152.20000000,4.78700000,1.09529000,0.04674434,0.05596371
152.40000000,4.78700000,1.09529000,0.04680519,0.05603653
152.60000000,4.78700000,1.10019000,0.04686617,0.05610971
152.80000000,4.78875000,1.09145000,0.04692705,0.05618230
153.00000000,4.78812000,1.09545000,0.04698780,0.05625515
153.20000000,4.78812000,1.09545000,0.04704866,0.05632802
153.40000000,4.78937000,1.09555000,0.04710952,0.05640085
153.60000000,4.78687000,1.09894000,0.04717047,0.05647390
153.80000000,4.78587000,1.10611000,0.04723173,0.05654742
154.00000000,4.78100000,1.12483000,0.04729370,0.05662212
154.20000000,4.78100000,1.12483000,0.04735619,0.05669681
154.40000000,4.78150000,1.11875000,0.04741851,0.05677112
154.60000000,4.78200000,1.12409000,0.04748081,0.05684580
154.80000000,4.78325000,1.11616000,0.04754304,0.05691995
155.00000000,4.78325000,1.11616000,0.04760505,0.05699406
155.20000000,4.78087000,1.12451000,0.04766729,0.05706877
155.40000000,4.78325000,1.11945000,0.04772962,0.05714312
155.60000000,4.78200000,1.11772000,0.04779176,0.05721735
155.80000000,4.78850000,1.09398000,0.04785320,0.05729011
156.00000000,4.78850000,1.09398000,0.04791398,0.05736284
156.20000000,4.78662000,1.10284000,0.04797500,0.05743618
156.40000000,4.78850000,1.09084000,0.04803594,0.05750874
156.60000000,4.78875000,1.09760000,0.04809673,0.05758174
156.80000000,4.78887000,1.09337000,0.04815759,0.05765446
157.00000000,4.78887000,1.09337000,0.04821833,0.05772716
157.20000000,4.78737000,1.09731000,0.04827918,0.05780015
157.40000000,4.78887000,1.09520000,0.04834008,0.05787296
157.60000000,4.78700000,1.09712000,0.04840098,0.05794590
157.80000000,4.78700000,1.09712000,0.04846193,0.05801887
158.00000000,4.78850000,1.09414000,0.04852280,0.05809157
158.20000000,4.78387000,1.11366000,0.04858413,0.05816552
158.40000000,4.78112000,1.12124000,0.04864621,0.05823998
158.60000000,4.78287000,1.11836000,0.04870842,0.05831427
158.80000000,4.78287000,1.11836000,0.04877055,0.05838852
159.00000000,4.78062000,1.12403000,0.04883284,0.05846319
159.20000000,4.78287000,1.11494000,0.04889503,0.05853721
159.40000000,4.77975000,1.13056000,0.04895741,0.05861226
159.60000000,4.78200000,1.11788000,0.04901987,0.05868650
159.80000000,4.78200000,1.11788000,0.04908197,0.05876079
160.00000000,4.78425000,1.11084000,0.04914388,0.05883468
160.20000000,4.78975000,1.09190000,0.04920507,0.05890732
160.40000000,4.78800000,1.09507000,0.04926582,0.05898014
160.60000000,4.78800000,1.09507000,0.04932665,0.05905298
160.80000000,4.78862000,1.09628000,0.04938752,0.05912588
161.00000000,4.78787000,1.09702000,0.04944845,0.05919883
161.20000000,4.78825000,1.09219000,0.04950926,0.05927147
161.40000000,4.78800000,1.09795000,0.04957010,0.05934448
161.60000000,4.78800000,1.09795000,0.04963109,0.05941750
161.80000000,4.78850000,1.09190000,0.04969192,0.05949012
162.00000000,4.78850000,1.09516000,0.04975268,0.05956296
162.20000000,4.78900000,1.09443000,0.04981350,0.05963576
162.40000000,4.78900000,1.09443000,0.04987430,0.05970855
162.60000000,4.78850000,1.09241000,0.04993504,0.05978119
162.80000000,4.78812000,1.09836000,0.04999590,0.05985420
163.00000000,4.78600000,1.10278000,0.05005704,0.05992751
163.20000000,4.78600000,1.10278000,0.05011831,0.06000082
163.40000000,4.78637000,1.10012000,0.05017950,0.06007400
163.60000000,4.78937000,1.09020000,0.05024034,0.06014648
163.80000000,4.78712000,1.09648000,0.05030108,0.06021938
164.00000000,4.78875000,1.09046000,0.05036183,0.06029191
164.20000000,4.78875000,1.09046000,0.05042241,0.06036440
164.40000000,4.78662000,1.10035000,0.05048327,0.06043758
164.60000000,4.78837000,1.09164000,0.05054416,0.06051016
164.80000000,4.78687000,1.10086000,0.05060506,0.06058335
165.00000000,4.78812000,1.09100000,0.05066594,0.06065590
165.20000000,4.78812000,1.09100000,0.05072656,0.06072844
165.40000000,4.78675000,1.09779000,0.05078736,0.06080145
165.60000000,4.78875000,1.09334000,0.05084822,0.06087414
165.80000000,4.78675000,1.09692000,0.05090906,0.06094707
166.00000000,4.78675000,1.09692000,0.05097000,0.06102001
166.20000000,4.78800000,1.09398000,0.05103086,0.06109276
166.40000000,4.78775000,1.09910000,0.05109178,0.06116584
166.60000000,4.78737000,1.09660000,0.05115277,0.06123875
166.80000000,4.78737000,1.09660000,0.05121369,0.06131166
167.00000000,4.78700000,1.10035000,0.05127472,0.06138472
167.20000000,4.78062000,1.12188000,0.05133645,0.06145930
167.40000000,4.78650000,1.09868000,0.05139813,0.06153225
167.60000000,4.78037000,1.12499000,0.05145990,0.06160694
167.80000000,4.78037000,1.12499000,0.05152240,0.06168165
168.00000000,4.78175000,1.11536000,0.05158463,0.06175569
168.20000000,4.77950000,1.12736000,0.05164693,0.06183057
168.40000000,4.78187000,1.11708000,0.05170927,0.06190476
168.60000000,4.78187000,1.11708000,0.05177133,0.06197890
168.80000000,4.77862000,1.12764000,0.05183369,0.06205379
169.00000000,4.78200000,1.11641000,0.05189602,0.06212792
169.20000000,4.78087000,1.12032000,0.05195815,0.06220243
169.40000000,4.78862000,1.09110000,0.05201958,0.06227500
169.60000000,4.78862000,1.09110000,0.05208020,0.06234754
169.80000000,4.78675000,1.10073000,0.05214108,0.06242074
170.00000000,4.78825000,1.09104000,0.05220196,0.06249327
170.20000000,4.78650000,1.10000000,0.05226283,0.06256642
170.40000000,4.78800000,1.09452000,0.05232378,0.06263921
170.60000000,4.78800000,1.09452000,0.05238459,0.06271197
170.80000000,4.78650000,1.09760000,0.05244548,0.06278498
171.00000000,4.78912000,1.09248000,0.05250632,0.06285762
171.20000000,4.78700000,1.09747000,0.05256715,0.06293058
171.40000000,4.78700000,1.09747000,0.05262812,0.06300354
171.60000000,4.78675000,1.09843000,0.05268912,0.06307649
171.80000000,4.78112000,1.12339000,0.05275084,0.06315108
172.00000000,4.78062000,1.12182000,0.05281320,0.06322556
172.20000000,4.78062000,1.12371000,0.05287558,0.06330017
172.40000000,4.78062000,1.12371000,0.05293801,0.06337480
172.60000000,4.78162000,1.12182000,0.05300038,0.06344929
172.80000000,4.78100000,1.11961000,0.05306264,0.06352364
173.00000000,4.78125000,1.12249000,0.05312493,0.06359818
173.20000000,4.78125000,1.12249000,0.05318729,0.06367272
173.40000000,4.78137000,1.11993000,0.05324958,0.06374707
173.60000000,4.78000000,1.12419000,0.05331191,0.06382174
173.80000000,4.78200000,1.12124000,0.05337428,0.06389617
174.00000000,4.77937000,1.12723000,0.05343674,0.06397099
174.20000000,4.77937000,1.12723000,0.05349937,0.06404587
174.40000000,4.78237000,1.11657000,0.05356169,0.06412000
174.60000000,4.78012000,1.12665000,0.05362401,0.06419482
174.80000000,4.78200000,1.11427000,0.05368625,0.06426880
175.00000000,4.78025000,1.12848000,0.05374855,0.06434373
175.20000000,4.78025000,1.12848000,0.05381125,0.06441868
175.40000000,4.78212000,1.11708000,0.05387362,0.06449283
175.60000000,4.77925000,1.12608000,0.05393593,0.06456762
175.80000000,4.78187000,1.12163000,0.05399837,0.06464211
176.00000000,4.78187000,1.12163000,0.05406068,0.06471663
176.20000000,4.78350000,1.11062000,0.05412269,0.06479048
176.40000000,4.78800000,1.09168000,0.05418386,0.06486304
176.60000000,4.78512000,1.10729000,0.05424495,0.06493660
176.80000000,4.78350000,1.10921000,0.05430652,0.06501030
177.00000000,4.78350000,1.10921000,0.05436814,0.06508405
177.20000000,4.78762000,1.09542000,0.05442938,0.06515690
177.40000000,4.78800000,1.09580000,0.05449024,0.06522975
177.60000000,4.78675000,1.09750000,0.05455117,0.06530271
177.80000000,4.78675000,1.09750000,0.05461214,0.06537570
178.00000000,4.78812000,1.09344000,0.05467300,0.06544841
178.20000000,4.78812000,1.09324000,0.05473374,0.06552108
178.40000000,4.78550000,1.10009000,0.05479467,0.06559423
178.60000000,4.78787000,1.09635000,0.05485568,0.06566714
178.80000000,4.78787000,1.09635000,0.05491659,0.06574003
179.00000000,4.78687000,1.09868000,0.05497756,0.06581310
179.20000000,4.78850000,1.09097000,0.05503839,0.06588560
179.40000000,4.78500000,1.10822000,0.05509947,0.06595933
179.60000000,4.78987000,1.08851000,0.05516049,0.06603174
179.80000000,4.78987000,1.08851000,0.05522097,0.06610411
180.00000000,4.78687000,1.09766000,0.05528169,0.06617711
180.20000000,4.78837000,1.09459000,0.05534259,0.06624988
180.40000000,4.78662000,1.10073000,0.05540357,0.06632306
180.60000000,4.78662000,1.10073000,0.05546472,0.06639627
180.80000000,4.78900000,1.09116000,0.05552561,0.06646872
181.00000000,4.78075000,1.12368000,0.05558713,0.06654334
181.20000000,4.78100000,1.11993000,0.05564945,0.06661771
181.40000000,4.78137000,1.12099000,0.05571170,0.06669215
181.60000000,4.78137000,1.12099000,0.05577398,0.06676661
181.80000000,4.78212000,1.11836000,0.05583618,0.06684088
182.00000000,4.78187000,1.11952000,0.05589835,0.06691522
182.20000000,4.78112000,1.12160000,0.05596060,0.06698970
182.40000000,4.78112000,1.12160000,0.05602291,0.06706420
182.60000000,4.78200000,1.11904000,0.05608515,0.06713856
182.80000000,4.78475000,1.10441000,0.05614691,0.06721205
183.00000000,4.79075000,1.08556000,0.05620775,0.06728420
183.20000000,4.78587000,1.10422000,0.05626857,0.06735760
183.40000000,4.78587000,1.10422000,0.05632992,0.06743107
183.60000000,4.79012000,1.08486000,0.05639073,0.06750318
183.80000000,4.78637000,1.10124000,0.05645145,0.06757645
184.00000000,4.79000000,1.08707000,0.05651224,0.06764877
184.20000000,4.79000000,1.08707000,0.05657263,0.06772105
184.40000000,4.78750000,1.09715000,0.05663330,0.06779402
184.60000000,4.78862000,1.09337000,0.05669415,0.06786672
184.80000000,4.78737000,1.09500000,0.05675494,0.06793948
185.00000000,4.78425000,1.10889000,0.05681616,0.06801316
185.20000000,4.78425000,1.10889000,0.05687776,0.06808681
185.40000000,4.78175000,1.11888000,0.05693965,0.06816110
185.60000000,4.78037000,1.12176000,0.05700189,0.06823560
185.80000000,4.78200000,1.11820000,0.05706411,0.06830984
186.00000000,4.78037000,1.12556000,0.05712643,0.06838457
186.20000000,4.78037000,1.12556000,0.05718897,0.06845933
186.40000000,4.78250000,1.11395000,0.05725117,0.06853328
186.60000000,4.77937000,1.12803000,0.05731345,0.06860825
186.80000000,4.78525000,1.10316000,0.05737543,0.06868157
187.00000000,4.78525000,1.10316000,0.05743672,0.06875489
187.20000000,4.78562000,1.10057000,0.05749793,0.06882810
187.40000000,4.78925000,1.08774000,0.05755872,0.06890040
187.60000000,4.78612000,1.09859000,0.05761945,0.06897348
187.80000000,4.78912000,1.08950000,0.05768023,0.06904595
188.00000000,4.78912000,1.08950000,0.05774076,0.06911837
188.20000000,4.78625000,1.10313000,0.05780166,0.06919173
188.40000000,4.78787000,1.09164000,0.05786263,0.06926429
188.60000000,4.78612000,1.09964000,0.05792350,0.06933739
188.80000000,4.78612000,1.09964000,0.05798459,0.06941053
189.00000000,4.78875000,1.09068000,0.05804543,0.06948304
189.20000000,4.78662000,1.09699000,0.05810620,0.06955599
189.40000000,4.78800000,1.09561000,0.05816710,0.06962883
189.60000000,4.78712000,1.09628000,0.05822799,0.06970172
189.80000000,4.78712000,1.09628000,0.05828889,0.06977461
190.00000000,4.78712000,1.09568000,0.05834978,0.06984748
190.20000000,4.78812000,1.09398000,0.05841061,0.06992021
190.40000000,4.78687000,1.09593000,0.05847144,0.06999311
190.60000000,4.78925000,1.08822000,0.05853211,0.07006549
190.80000000,4.78925000,1.08822000,0.05859256,0.07013784
191.00000000,4.78687000,1.09820000,0.05865330,0.07021090
191.20000000,4.79000000,1.08470000,0.05871393,0.07028300
191.40000000,4.78600000,1.10102000,0.05877465,0.07035619
191.60000000,4.78600000,1.10102000,0.05883582,0.07042944
191.80000000,4.78987000,1.08761000,0.05889661,0.07050172
192.00000000,4.78525000,1.10473000,0.05895751,0.07057522
192.20000000,4.79025000,1.08915000,0.05901845,0.07064762
192.40000000,4.78625000,1.09795000,0.05907920,0.07072061
192.60000000,4.78625000,1.09795000,0.05914020,0.07079365
192.80000000,4.78950000,1.08953000,0.05920097,0.07086606
193.00000000,4.78537000,1.10304000,0.05926187,0.07093942
193.20000000,4.78825000,1.08873000,0.05932275,0.07101182
193.40000000,4.78825000,1.08873000,0.05938324,0.07108421
193.60000000,4.78700000,1.09990000,0.05944403,0.07115734
193.80000000,4.78737000,1.09324000,0.05950495,0.07123002
194.00000000,4.78687000,1.09657000,0.05956578,0.07130292
194.20000000,4.78625000,1.10102000,0.05962683,0.07137611
194.40000000,4.78625000,1.10102000,0.05968799,0.07144923
194.60000000,4.78162000,1.11526000,0.05974956,0.07152328
194.80000000,4.78037000,1.12438000,0.05981177,0.07159796
195.00000000,4.78225000,1.11622000,0.05987401,0.07167210
195.20000000,4.78225000,1.11622000,0.05993602,0.07174619
195.40000000,4.77937000,1.12540000,0.05999829,0.07182092
195.60000000,4.78100000,1.12080000,0.06006068,0.07189531
195.80000000,4.77875000,1.12665000,0.06012311,0.07197009
196.00000000,4.78175000,1.11472000,0.06018537,0.07204412
196.20000000,4.78175000,1.11472000,0.06024730,0.07211819
196.40000000,4.78425000,1.10889000,0.06030907,0.07219194
196.60000000,4.78825000,1.09027000,0.06037015,0.07226441
196.80000000,4.78612000,1.10028000,0.06043100,0.07233755
197.00000000,4.78612000,1.10028000,0.06049213,0.07241073
197.20000000,4.78862000,1.08950000,0.06055296,0.07248317
197.40000000,4.78700000,1.09622000,0.06061367,0.07255608
197.60000000,4.78900000,1.09177000,0.06067445,0.07262870
197.80000000,4.78650000,1.09644000,0.06073523,0.07270159
198.00000000,4.78650000,1.09644000,0.06079615,0.07277450
198.20000000,4.78762000,1.09427000,0.06085700,0.07284726
198.40000000,4.78750000,1.09491000,0.06091781,0.07291995
198.60000000,4.77987000,1.12198000,0.06097939,0.07299443
198.80000000,4.77987000,1.12198000,0.06104172,0.07306893
199.00000000,4.78075000,1.12108000,0.06110403,0.07314334
199.20000000,4.77925000,1.12611000,0.06116645,0.07321815
199.40000000,4.78275000,1.11427000,0.06122868,0.07329217
199.60000000,4.77975000,1.12668000,0.06129093,0.07336696
199.80000000,4.77975000,1.12668000,0.06135353,0.07344180
200.00000000,4.78225000,1.11350000,0.06141575,0.07351570
200.20000000,4.77875000,1.12748000,0.06147800,0.07359067
200.40000000,4.78737000,1.09632000,0.06153977,0.07366356
200.60000000,4.78737000,1.09632000,0.06160068,0.07373643
200.80000000,4.78550000,1.10108000,0.06166172,0.07380965
201.00000000,4.78812000,1.09315000,0.06172267,0.07388232
201.20000000,4.78587000,1.10275000,0.06178367,0.07395562
201.40000000,4.78850000,1.08857000,0.06184454,0.07402801
201.60000000,4.78850000,1.08857000,0.06190501,0.07410037
201.80000000,4.78600000,1.10006000,0.06196581,0.07417354
202.00000000,4.78887000,1.08899000,0.06202662,0.07424592
202.20000000,4.78550000,1.10118000,0.06208745,0.07431911
202.40000000,4.78550000,1.10118000,0.06214863,0.07439235
202.60000000,4.78862000,1.09081000,0.06220952,0.07446485
202.80000000,4.78562000,1.10176000,0.06227042,0.07453811
203.00000000,4.78762000,1.09353000,0.06233141,0.07461083
203.20000000,4.78762000,1.09353000,0.06239216,0.07468355
203.40000000,4.78825000,1.09401000,0.06245292,0.07475629
203.60000000,4.78687000,1.09699000,0.06251378,0.07482924
203.80000000,4.78850000,1.09353000,0.06257463,0.07490195
204.00000000,4.78725000,1.09734000,0.06263549,0.07497491
204.20000000,4.78725000,1.09734000,0.06269645,0.07504789
204.40000000,4.78812000,1.09120000,0.06275724,0.07512043
204.60000000,4.78637000,1.10121000,0.06281814,0.07519366
204.80000000,4.78812000,1.09129000,0.06287905,0.07526621
205.00000000,4.78650000,1.09776000,0.06293985,0.07533919
205.20000000,4.78650000,1.09776000,0.06300084,0.07541220
205.40000000,4.78875000,1.09136000,0.06306165,0.07548475
205.60000000,4.78612000,1.09856000,0.06312248,0.07555781
205.80000000,4.78887000,1.09062000,0.06318329,0.07563035
206.00000000,4.78537000,1.10105000,0.06324417,0.07570353
206.20000000,4.78537000,1.10105000,0.06330534,0.07577674
206.40000000,4.78750000,1.09584000,0.06336637,0.07584956
206.60000000,4.78437000,1.10851000,0.06342760,0.07592329
206.80000000,4.78887000,1.08732000,0.06348859,0.07599561
207.00000000,4.78887000,1.08732000,0.06354900,0.07606790
207.20000000,4.78675000,1.09817000,0.06360971,0.07614092
207.40000000,4.78775000,1.09408000,0.06367060,0.07621366
207.60000000,4.78687000,1.09596000,0.06373144,0.07628653
207.80000000,4.78612000,1.10038000,0.06379245,0.07635967
208.00000000,4.78612000,1.10038000,0.06385358,0.07643278
208.20000000,4.78350000,1.11011000,0.06391498,0.07650649
208.40000000,4.78050000,1.12112000,0.06397696,0.07658096
208.60000000,4.78262000,1.11532000,0.06403908,0.07665504
208.80000000,4.77987000,1.12387000,0.06410128,0.07672965
209.00000000,4.77987000,1.12387000,0.06416372,0.07680430
209.20000000,4.78237000,1.11552000,0.06422593,0.07687837
209.40000000,4.78050000,1.12550000,0.06428818,0.07695312
209.60000000,4.78175000,1.11526000,0.06435042,0.07702719
209.80000000,4.78175000,1.11526000,0.06441238,0.07710126
210.00000000,4.78187000,1.11798000,0.06447441,0.07717561
210.20000000,4.78837000,1.09184000,0.06453580,0.07724820
210.40000000,4.78675000,1.09571000,0.06459656,0.07732104
210.60000000,4.78675000,1.09571000,0.06465744,0.07739391
210.80000000,4.78825000,1.09353000,0.06471825,0.07746663
211.00000000,4.78775000,1.09164000,0.06477895,0.07753921
211.20000000,4.78737000,1.09651000,0.06483973,0.07761213
211.40000000,4.78812000,1.09251000,0.06490053,0.07768478
211.60000000,4.78812000,1.09251000,0.06496123,0.07775740
211.80000000,4.78587000,1.10025000,0.06502214,0.07783053
212.00000000,4.78562000,1.10204000,0.06508331,0.07790370
212.20000000,4.78012000,1.12441000,0.06514516,0.07797835
212.40000000,4.78012000,1.12441000,0.06520763,0.07805301
212.60000000,4.78100000,1.12070000,0.06526999,0.07812742
212.80000000,4.78012000,1.12585000,0.06533240,0.07820217
213.00000000,4.78075000,1.11977000,0.06539477,0.07827652
213.20000000,4.78025000,1.12576000,0.06545715,0.07835126
213.40000000,4.78025000,1.12576000,0.06551969,0.07842600
213.60000000,4.78012000,1.12198000,0.06558213,0.07850050
213.80000000,4.78100000,1.11910000,0.06564438,0.07857493
214.00000000,4.78875000,1.09254000,0.06570582,0.07864760
214.20000000,4.78875000,1.09254000,0.06576651,0.07872023
214.40000000,4.78650000,1.09785000,0.06582736,0.07879325
214.60000000,4.78875000,1.09113000,0.06588816,0.07886580
214.80000000,4.78775000,1.09715000,0.06594895,0.07893875
215.00000000,4.78712000,1.09254000,0.06600977,0.07901139
215.20000000,4.78712000,1.09254000,0.06607047,0.07908404
215.40000000,4.78762000,1.09632000,0.06613127,0.07915693
215.60000000,4.78725000,1.09568000,0.06619216,0.07922980
215.80000000,4.78825000,1.09241000,0.06625294,0.07930243
216.00000000,4.78725000,1.09740000,0.06631377,0.07937540
216.20000000,4.78725000,1.09740000,0.06637473,0.07944837
216.40000000,4.78750000,1.09228000,0.06643556,0.07952099
216.60000000,4.78687000,1.09776000,0.06649639,0.07959398
216.80000000,4.78737000,1.09609000,0.06655733,0.07966686
217.00000000,4.78737000,1.09609000,0.06661823,0.07973972
217.20000000,4.78575000,1.10009000,0.06667923,0.07981289
217.40000000,4.78912000,1.09139000,0.06674011,0.07988544
217.60000000,4.78600000,1.09779000,0.06680092,0.07995844
217.80000000,4.78787000,1.09110000,0.06686172,0.08003099
218.00000000,4.78787000,1.09110000,0.06692234,0.08010352
218.20000000,4.78625000,1.10044000,0.06698321,0.08017670
218.40000000,4.78800000,1.08934000,0.06704404,0.08024912
218.60000000,4.78612000,1.10038000,0.06710487,0.08032226
218.80000000,4.78612000,1.10038000,0.06716600,0.08039543
219.00000000,4.78762000,1.09251000,0.06722691,0.08046806
219.20000000,4.78662000,1.09747000,0.06728774,0.08054106
219.40000000,4.78912000,1.09212000,0.06734857,0.08061368
219.60000000,4.78725000,1.09664000,0.06740936,0.08068659
219.80000000,4.78725000,1.09664000,0.06747029,0.08075950
220.00000000,4.78675000,1.09574000,0.06753119,0.08083235
220.20000000,4.78687000,1.10016000,0.06759219,0.08090549
220.40000000,4.78687000,1.09427000,0.06765314,0.08097824
220.60000000,4.78687000,1.09427000,0.06771394,0.08105099
220.80000000,4.78662000,1.09926000,0.06777487,0.08112407
221.00000000,4.78662000,1.09952000,0.06783594,0.08119719
221.20000000,4.78787000,1.09273000,0.06789684,0.08126978
221.40000000,4.78312000,1.11424000,0.06795814,0.08134380
221.60000000,4.78312000,1.11424000,0.06802005,0.08141779
221.80000000,4.78125000,1.11814000,0.06808206,0.08149202
222.00000000,4.77987000,1.12515000,0.06814437,0.08156675
222.20000000,4.78162000,1.12035000,0.06820675,0.08164112
222.40000000,4.77950000,1.12576000,0.06826914,0.08171585
222.60000000,4.77950000,1.12576000,0.06833168,0.08179062
222.80000000,4.78237000,1.11801000,0.06839401,0.08186485
223.00000000,4.77987000,1.12476000,0.06845631,0.08193954
223.20000000,4.78162000,1.11609000,0.06851855,0.08201366
223.40000000,4.78162000,1.11609000,0.06858056,0.08208786
223.60000000,4.78675000,1.09910000,0.06864209,0.08216094
223.80000000,4.78712000,1.09398000,0.06870301,0.08223366
224.00000000,4.78600000,1.09987000,0.06876395,0.08230680
224.20000000,4.78800000,1.09520000,0.06882492,0.08237963
224.40000000,4.78800000,1.09520000,0.06888577,0.08245237
224.60000000,4.78187000,1.11532000,0.06894717,0.08252655
224.80000000,4.78900000,1.09046000,0.06900844,0.08259903
225.00000000,4.78537000,1.10294000,0.06906937,0.08267233
225.20000000,4.78537000,1.10294000,0.06913064,0.08274567
225.40000000,4.78750000,1.09353000,0.06919166,0.08281830
225.60000000,4.78162000,1.11740000,0.06925307,0.08289249
225.80000000,4.78050000,1.12188000,0.06931527,0.08296699
226.00000000,4.78137000,1.12038000,0.06937756,0.08304139
226.20000000,4.78137000,1.12038000,0.06943980,0.08311577
226.40000000,4.78000000,1.12588000,0.06950220,0.08319055
226.60000000,4.78237000,1.11401000,0.06956442,0.08326451
226.80000000,4.77987000,1.12444000,0.06962660,0.08333919
227.00000000,4.78200000,1.11404000,0.06968878,0.08341318
227.20000000,4.78200000,1.11404000,0.06975067,0.08348719
227.40000000,4.78337000,1.10998000,0.06981245,0.08356102
227.60000000,4.78887000,1.09161000,0.06987360,0.08363359
227.80000000,4.78650000,1.09811000,0.06993443,0.08370659
228.00000000,4.78650000,1.09811000,0.06999543,0.08377962
228.20000000,4.78812000,1.09289000,0.07005630,0.08385223
228.40000000,4.78362000,1.11139000,0.07011753,0.08392603
228.60000000,4.78100000,1.12067000,0.07017953,0.08400046
228.80000000,4.78200000,1.12060000,0.07024178,0.08407489
229.00000000,4.78200000,1.12060000,0.07030404,0.08414928
229.20000000,4.78012000,1.12278000,0.07036636,0.08422384
229.40000000,4.78100000,1.12054000,0.07042867,0.08429824
229.60000000,4.78037000,1.12691000,0.07049110,0.08437306
229.80000000,4.78037000,1.12691000,0.07055371,0.08444790
230.00000000,4.78162000,1.11552000,0.07061600,0.08452196
230.20000000,4.78012000,1.12400000,0.07067820,0.08459661
230.40000000,4.78237000,1.11424000,0.07074038,0.08467059
230.60000000,4.78012000,1.12320000,0.07080253,0.08474516
230.80000000,4.78012000,1.12320000,0.07086493,0.08481977
231.00000000,4.78250000,1.11654000,0.07092714,0.08489388
231.20000000,4.77912000,1.12585000,0.07098943,0.08496864
231.40000000,4.78137000,1.11968000,0.07105181,0.08504300
231.60000000,4.78000000,1.12483000,0.07111416,0.08511768
231.80000000,4.78000000,1.12483000,0.07117665,0.08519238
232.00000000,4.78200000,1.11609000,0.07123889,0.08526650
232.20000000,4.78112000,1.12281000,0.07130109,0.08534107
232.40000000,4.78237000,1.11763000,0.07136332,0.08541531
232.60000000,4.78237000,1.11763000,0.07142541,0.08548957
232.80000000,4.78412000,1.10857000,0.07148725,0.08556329
233.00000000,4.78812000,1.09481000,0.07154845,0.08563609
233.20000000,4.78725000,1.09545000,0.07160930,0.08570885
233.40000000,4.78262000,1.11379000,0.07167066,0.08578284
233.60000000,4.78262000,1.11379000,0.07173254,0.08585692
233.80000000,4.78900000,1.09075000,0.07179378,0.08592944
234.00000000,4.78687000,1.09737000,0.07185456,0.08600243
234.20000000,4.78950000,1.09008000,0.07191532,0.08607495
234.40000000,4.78950000,1.09008000,0.07197588,0.08614741
234.60000000,4.78600000,1.10144000,0.07203676,0.08622066
234.80000000,4.78837000,1.09180000,0.07209768,0.08629311
235.00000000,4.77800000,1.13379000,0.07215950,0.08636835
235.20000000,4.77800000,1.13379000,0.07222249,0.08644367
235.40000000,4.78287000,1.11155000,0.07228486,0.08651746
235.60000000,4.77987000,1.12652000,0.07234703,0.08659229
235.80000000,4.78287000,1.11376000,0.07240926,0.08666624
236.00000000,4.78037000,1.12403000,0.07247142,0.08674087
236.20000000,4.78037000,1.12403000,0.07253387,0.08681552
236.40000000,4.78187000,1.12096000,0.07259623,0.08688995
236.60000000,4.78075000,1.12083000,0.07265850,0.08696442
236.80000000,4.78337000,1.11392000,0.07272058,0.08703842
237.00000000,4.78812000,1.09404000,0.07278191,0.08711118
237.20000000,4.78812000,1.09404000,0.07284269,0.08718392
237.40000000,4.78762000,1.09532000,0.07290350,0.08725678
237.60000000,4.78925000,1.09123000,0.07296424,0.08732933
237.80000000,4.78700000,1.09654000,0.07302501,0.08740224
238.00000000,4.78700000,1.09654000,0.07308593,0.08747518
238.20000000,4.78975000,1.08825000,0.07314662,0.08754753
238.40000000,4.78662000,1.10204000,0.07320746,0.08762084
238.60000000,4.78962000,1.08579000,0.07326823,0.08769307
238.80000000,4.78362000,1.11235000,0.07332929,0.08776698
239.00000000,4.78362000,1.11235000,0.07339109,0.08784088
239.20000000,4.78362000,1.11164000,0.07345287,0.08791469
239.40000000,4.78050000,1.12380000,0.07351496,0.08798934
239.60000000,4.78287000,1.11769000,0.07357723,0.08806359
239.80000000,4.78287000,1.11769000,0.07363932,0.08813780
240.00000000,4.78050000,1.12249000,0.07370155,0.08821234
240.20000000,4.78137000,1.11996000,0.07376384,0.08828671
240.40000000,4.78112000,1.12249000,0.07382613,0.08836125
240.60000000,4.78112000,1.12249000,0.07388849,0.08843579
240.80000000,4.78112000,1.11955000,0.07395077,0.08851025
241.00000000,4.78875000,1.09180000,0.07401219,0.08858285
241.20000000,4.78762000,1.09590000,0.07407296,0.08865573
241.40000000,4.78862000,1.08912000,0.07413366,0.08872817
241.60000000,4.78862000,1.08912000,0.07419417,0.08880058
241.80000000,4.78700000,1.09897000,0.07425495,0.08887367
242.00000000,4.78850000,1.09094000,0.07431578,0.08894619
242.20000000,4.78612000,1.10217000,0.07437670,0.08901945
242.40000000,4.78950000,1.09177000,0.07443764,0.08909208
242.60000000,4.78950000,1.09177000,0.07449829,0.08916467
242.80000000,4.78700000,1.09798000,0.07455912,0.08923769
243.00000000,4.78875000,1.09276000,0.07461997,0.08931035
243.20000000,4.78737000,1.09808000,0.07468083,0.08938337
243.40000000,4.78737000,1.09808000,0.07474183,0.08945641
243.60000000,4.78950000,1.08841000,0.07480257,0.08952879
243.80000000,4.78787000,1.09532000,0.07486323,0.08960164
244.00000000,4.78850000,1.09411000,0.07492405,0.08967440
244.20000000,4.78850000,1.09411000,0.07498483,0.08974717
244.40000000,4.78875000,1.09200000,0.07504556,0.08981980
244.60000000,4.78862000,1.09491000,0.07510630,0.08989263
244.80000000,4.78950000,1.08947000,0.07516698,0.08996509
245.00000000,4.78825000,1.09500000,0.07522766,0.09003791
245.20000000,4.78825000,1.09500000,0.07528849,0.09011075
245.40000000,4.78962000,1.09100000,0.07534922,0.09018329
245.60000000,4.78725000,1.09753000,0.07541001,0.09025628
245.80000000,4.78837000,1.09542000,0.07547092,0.09032911
246.00000000,4.78712000,1.09932000,0.07553189,0.09040220
246.20000000,4.78712000,1.09932000,0.07559296,0.09047534
246.40000000,4.78975000,1.08758000,0.07565371,0.09054764
246.60000000,4.78687000,1.10070000,0.07571450,0.09062083
246.80000000,4.78750000,1.09388000,0.07577546,0.09069357
247.00000000,4.78750000,1.09388000,0.07583623,0.09076628
247.20000000,4.78600000,1.10496000,0.07589731,0.09083977
247.40000000,4.78850000,1.09337000,0.07595837,0.09091244
247.60000000,4.78587000,1.10166000,0.07601934,0.09098569
247.80000000,4.78725000,1.09856000,0.07608046,0.09105874
248.00000000,4.78725000,1.09856000,0.07614149,0.09113180
248.20000000,4.78837000,1.09196000,0.07620234,0.09120439
248.40000000,4.78687000,1.09932000,0.07626321,0.09127741
248.60000000,4.78212000,1.11843000,0.07632481,0.09135169
248.80000000,4.78212000,1.11843000,0.07638695,0.09142595
249.00000000,4.78062000,1.12214000,0.07644919,0.09150049
249.20000000,4.78250000,1.12048000,0.07651148,0.09157488
249.40000000,4.78037000,1.12448000,0.07657384,0.09164957
249.60000000,4.78200000,1.11785000,0.07663613,0.09172381
249.80000000,4.78200000,1.11785000,0.07669823,0.09179804
250.00000000,4.78100000,1.12476000,0.07676053,0.09187274
250.20000000,4.78175000,1.11744000,0.07682281,0.09194702
250.40000000,4.78625000,1.10224000,0.07688447,0.09202029
250.60000000,4.78775000,1.09286000,0.07694544,0.09209297
250.80000000,4.78775000,1.09286000,0.07700616,0.09216561
251.00000000,4.78625000,1.10032000,0.07706708,0.09223879
251.20000000,4.78812000,1.09516000,0.07712806,0.09231159
251.40000000,4.78662000,1.09859000,0.07718900,0.09238463
251.60000000,4.78662000,1.09859000,0.07725003,0.09245771
251.80000000,4.78987000,1.09084000,0.07731085,0.09253024
252.00000000,4.78700000,1.09830000,0.07737166,0.09260329
252.20000000,4.78862000,1.08934000,0.07743243,0.09267564
252.40000000,4.78250000,1.11686000,0.07749371,0.09274983
252.60000000,4.78250000,1.11686000,0.07755576,0.09282400
252.80000000,4.78137000,1.12054000,0.07761791,0.09289839
253.00000000,4.78012000,1.12556000,0.07768030,0.09297314
253.20000000,4.78137000,1.12390000,0.07774279,0.09304777
253.40000000,4.78137000,1.12390000,0.07780522,0.09312240
253.60000000,4.78075000,1.12000000,0.07786756,0.09319677
253.80000000,4.78100000,1.12150000,0.07792982,0.09327124
254.00000000,4.78087000,1.12284000,0.07799216,0.09334583
254.20000000,4.78325000,1.10972000,0.07805418,0.09341956
254.40000000,4.78325000,1.10972000,0.07811583,0.09349332
254.60000000,4.78550000,1.10486000,0.07817734,0.09356668
254.80000000,4.78087000,1.12329000,0.07823924,0.09364130
255.00000000,4.78287000,1.11427000,0.07830139,0.09371532
255.20000000,4.78287000,1.11427000,0.07836330,0.09378930
255.40000000,4.78062000,1.12681000,0.07842555,0.09386416
255.60000000,4.78300000,1.11376000,0.07848779,0.09393811
255.80000000,4.78050000,1.12688000,0.07855003,0.09401295
256.00000000,4.78212000,1.11619000,0.07861233,0.09408709
256.20000000,4.78212000,1.11619000,0.07867434,0.09416120
256.40000000,4.78037000,1.12396000,0.07873657,0.09423584
256.60000000,4.78150000,1.11772000,0.07879884,0.09431013
256.80000000,4.78600000,1.09820000,0.07886039,0.09438318
257.00000000,4.78875000,1.09228000,0.07892124,0.09445582
257.20000000,4.78875000,1.09228000,0.07898192,0.09452844
257.40000000,4.78687000,1.09401000,0.07904265,0.09460119
257.60000000,4.78775000,1.09385000,0.07910343,0.09467392
257.80000000,4.78700000,1.09792000,0.07916431,0.09474691
258.00000000,4.78700000,1.09792000,0.07922530,0.09481992
258.20000000,4.78737000,1.09193000,0.07928613,0.09489253
258.40000000,4.78775000,1.09664000,0.07934693,0.09496546
258.60000000,4.78837000,1.09555000,0.07940782,0.09503831
258.80000000,4.78800000,1.09180000,0.07946858,0.09511092
259.00000000,4.78800000,1.09180000,0.07952924,0.09518352
259.20000000,4.78812000,1.09638000,0.07959002,0.09525644
259.40000000,4.78850000,1.09014000,0.07965076,0.09532893
259.60000000,4.78775000,1.09593000,0.07971148,0.09540181
259.80000000,4.78775000,1.09593000,0.07977237,0.09547469
260.00000000,4.78825000,1.09129000,0.07983312,0.09554724
260.20000000,4.78650000,1.10080000,0.07989401,0.09562045
260.40000000,4.78850000,1.09584000,0.07995503,0.09569332
260.60000000,4.78762000,1.09468000,0.08001588,0.09576611
260.80000000,4.78762000,1.09468000,0.08007669,0.09583892
261.00000000,4.78912000,1.09081000,0.08013740,0.09591143
261.20000000,4.78612000,1.10172000,0.08019831,0.09598471
261.40000000,4.78887000,1.09174000,0.08025923,0.09605729
261.60000000,4.78700000,1.09987000,0.08032011,0.09613042
261.80000000,4.78700000,1.09987000,0.08038122,0.09620346
262.00000000,4.78150000,1.11862000,0.08044284,0.09627774
262.20000000,4.78087000,1.12300000,0.08050511,0.09635232
262.40000000,4.78187000,1.11638000,0.08056731,0.09642647
262.60000000,4.78187000,1.11638000,0.08062933,0.09650060
262.80000000,4.78112000,1.12044000,0.08069147,0.09657500
263.00000000,4.78112000,1.12121000,0.08075374,0.09664946
263.20000000,4.78162000,1.11795000,0.08081594,0.09672369
263.40000000,4.78050000,1.12550000,0.08087825,0.09679842
263.60000000,4.78050000,1.12550000,0.08094078,0.09687326
263.80000000,4.78750000,1.09635000,0.08100250,0.09694614
264.00000000,4.78637000,1.09897000,0.08106348,0.09701924
264.20000000,4.78962000,1.09033000,0.08112429,0.09709178
264.40000000,4.78962000,1.09033000,0.08118487,0.09716427
264.60000000,4.78712000,1.09571000,0.08124559,0.09723715
264.80000000,4.78875000,1.09299000,0.08130639,0.09730982
265.00000000,4.78737000,1.09808000,0.08136725,0.09738284
265.20000000,4.78762000,1.09318000,0.08142812,0.09745553
265.40000000,4.78762000,1.09318000,0.08148885,0.09752821
265.60000000,4.78725000,1.09961000,0.08154976,0.09760132
265.80000000,4.78662000,1.09708000,0.08161078,0.09767416
266.00000000,4.78050000,1.12105000,0.08167240,0.09774859
266.20000000,4.78137000,1.12204000,0.08173471,0.09782310
266.40000000,4.78137000,1.12204000,0.08179704,0.09789761
266.60000000,4.78100000,1.11952000,0.08185931,0.09797194
266.80000000,4.78050000,1.12448000,0.08192164,0.09804662
267.00000000,4.78175000,1.11779000,0.08198393,0.09812086
267.20000000,4.78175000,1.11779000,0.08204602,0.09819506
267.40000000,4.77962000,1.12748000,0.08210839,0.09826995
267.60000000,4.78225000,1.11766000,0.08217076,0.09834424
267.80000000,4.78625000,1.10025000,0.08223237,0.09841744
268.00000000,4.78962000,1.08953000,0.08229319,0.09848991
268.20000000,4.78962000,1.08953000,0.08235372,0.09856234
268.40000000,4.78637000,1.10038000,0.08241455,0.09863552
268.60000000,4.78825000,1.09091000,0.08247542,0.09870804
268.80000000,4.78637000,1.10150000,0.08253632,0.09878127
269.00000000,4.78637000,1.10150000,0.08259752,0.09885452
269.20000000,4.78787000,1.09382000,0.08265850,0.09892722
269.40000000,4.78587000,1.10179000,0.08271949,0.09900051
269.60000000,4.78925000,1.09100000,0.08278040,0.09907304
269.80000000,4.78650000,1.09756000,0.08284119,0.09914600
270.00000000,4.78650000,1.09756000,0.08290217,0.09921901
270.20000000,4.78925000,1.09027000,0.08296294,0.09929149
270.40000000,4.78662000,1.09878000,0.08302375,0.09936456
270.60000000,4.78787000,1.09168000,0.08308459,0.09943715
270.80000000,4.78637000,1.10006000,0.08314548,0.09951028
271.00000000,4.78637000,1.10006000,0.08320659,0.09958344
271.20000000,4.78787000,1.09529000,0.08326757,0.09965627
271.40000000,4.78800000,1.09222000,0.08332834,0.09972890
271.60000000,4.78787000,1.09574000,0.08338911,0.09980177
271.80000000,4.78787000,1.09574000,0.08344999,0.09987464
272.00000000,4.78812000,1.09238000,0.08351077,0.09994726
272.20000000,4.78700000,1.09660000,0.08357157,0.10002020
272.40000000,4.78862000,1.09324000,0.08363240,0.10009289
272.60000000,4.78750000,1.09465000,0.08369318,0.10016568
272.80000000,4.78750000,1.09465000,0.08375399,0.10023849
273.00000000,4.78950000,1.09107000,0.08381471,0.10031103
273.20000000,4.78675000,1.09859000,0.08387553,0.10038410
273.40000000,4.78912000,1.08656000,0.08393623,0.10045638
273.60000000,4.78912000,1.08656000,0.08399659,0.10052861
273.80000000,4.78637000,1.10134000,0.08405737,0.10060185
274.00000000,4.78800000,1.09148000,0.08411828,0.10067441
274.20000000,4.78650000,1.09974000,0.08417915,0.10074755
274.40000000,4.78825000,1.09408000,0.08424009,0.10082031
274.60000000,4.78825000,1.09408000,0.08430087,0.10089303
274.80000000,4.78600000,1.09993000,0.08436181,0.10096619
275.00000000,4.78875000,1.09161000,0.08442269,0.10103875
275.20000000,4.78600000,1.10147000,0.08448361,0.10111197
275.40000000,4.78600000,1.10147000,0.08454480,0.10118511
275.60000000,4.78087000,1.11923000,0.08460649,0.10125944
275.80000000,4.78212000,1.11952000,0.08466867,0.10133378
276.00000000,4.78112000,1.12102000,0.08473091,0.10140822
276.20000000,4.78087000,1.11881000,0.08479313,0.10148251
276.40000000,4.78087000,1.11881000,0.08485529,0.10155680
276.60000000,4.78075000,1.12515000,0.08491762,0.10163152
276.80000000,4.78175000,1.11910000,0.08497996,0.10170584
277.00000000,4.78112000,1.12160000,0.08504220,0.10178032
277.20000000,4.78912000,1.09110000,0.08510366,0.10185289
277.40000000,4.78912000,1.09110000,0.08516428,0.10192543
277.60000000,4.78637000,1.09718000,0.08522507,0.10199841
277.80000000,4.78912000,1.08985000,0.08528582,0.10207085
278.00000000,4.78600000,1.10403000,0.08534676,0.10214424
278.20000000,4.78600000,1.10403000,0.08540809,0.10221767
278.40000000,4.78900000,1.08835000,0.08546899,0.10229003
278.60000000,4.78675000,1.09948000,0.08552976,0.10236316
278.80000000,4.78937000,1.08812000,0.08559053,0.10243554
279.00000000,4.78625000,1.09904000,0.08565129,0.10250860
279.20000000,4.78625000,1.09904000,0.08571234,0.10258165
279.40000000,4.78550000,1.10524000,0.08577357,0.10265503
279.60000000,4.77987000,1.12339000,0.08583548,0.10272962
279.80000000,4.78100000,1.11868000,0.08589776,0.10280390
280.00000000,4.78100000,1.11868000,0.08595991,0.10287818
280.20000000,4.78050000,1.12550000,0.08602225,0.10295292
280.40000000,4.78125000,1.11929000,0.08608460,0.10302725
280.60000000,4.78112000,1.11984000,0.08614680,0.10310161
280.80000000,4.78112000,1.11984000,0.08620901,0.10317597
281.00000000,4.78125000,1.11926000,0.08627121,0.10325030
281.20000000,4.78100000,1.11971000,0.08633340,0.10332465
281.40000000,4.78087000,1.12406000,0.08639573,0.10339929
281.60000000,4.78100000,1.11827000,0.08645802,0.10347354
281.80000000,4.78100000,1.11827000,0.08652014,0.10354779
282.00000000,4.78025000,1.12425000,0.08658244,0.10362248
282.20000000,4.78350000,1.11430000,0.08664462,0.10369645
282.40000000,4.77975000,1.12585000,0.08670685,0.10377119
282.60000000,4.78350000,1.11273000,0.08676903,0.10384512
282.80000000,4.78350000,1.11273000,0.08683085,0.10391899
283.00000000,4.78000000,1.12870000,0.08689311,0.10399395
283.20000000,4.78187000,1.11590000,0.08695546,0.10406807
283.40000000,4.77975000,1.12700000,0.08701776,0.10414288
283.60000000,4.77975000,1.12700000,0.08708037,0.10421774
283.80000000,4.78212000,1.11667000,0.08714270,0.10429196
284.00000000,4.78587000,1.10134000,0.08720431,0.10436521
284.20000000,4.78850000,1.09216000,0.08726524,0.10443785
284.40000000,4.78712000,1.09542000,0.08732600,0.10451068
284.60000000,4.78712000,1.09542000,0.08738686,0.10458353
284.80000000,4.78837000,1.09174000,0.08744762,0.10465613
285.00000000,4.78812000,1.09584000,0.08750838,0.10472899
285.20000000,4.78675000,1.09942000,0.08756936,0.10480208
285.40000000,4.78675000,1.09942000,0.08763044,0.10487520
285.60000000,4.78862000,1.09452000,0.08769138,0.10494797
285.80000000,4.78687000,1.09856000,0.08775230,0.10502103
286.00000000,4.78825000,1.09024000,0.08781310,0.10509353
286.20000000,4.78650000,1.10118000,0.08787397,0.10516674
286.40000000,4.78650000,1.10118000,0.08793515,0.10523997
286.60000000,4.78862000,1.08928000,0.08799600,0.10531237
286.80000000,4.78500000,1.10380000,0.08805692,0.10538579
287.00000000,4.78950000,1.08963000,0.08811784,0.10545827
287.20000000,4.78950000,1.08963000,0.08817838,0.10553068
287.40000000,4.78450000,1.10566000,0.08823936,0.10560423
287.60000000,4.78925000,1.08886000,0.08830032,0.10567661
287.80000000,4.78625000,1.10227000,0.08836118,0.10574988
288.00000000,4.78625000,1.10227000,0.08842242,0.10582320
288.20000000,4.78887000,1.08873000,0.08848328,0.10589554
288.40000000,4.78412000,1.10937000,0.08854434,0.10596932
288.60000000,4.78850000,1.09299000,0.08860552,0.10604195
288.80000000,4.78450000,1.10649000,0.08866661,0.10611548
289.00000000,4.78450000,1.10649000,0.08872809,0.10618897
289.20000000,4.78187000,1.12028000,0.08878994,0.10626335
289.40000000,4.78050000,1.12252000,0.08885224,0.10633789
289.60000000,4.78125000,1.11782000,0.08891447,0.10641212
289.80000000,4.78125000,1.11782000,0.08897657,0.10648636
290.00000000,4.78150000,1.12387000,0.08903884,0.10656098
290.20000000,4.78062000,1.12208000,0.08910123,0.10663550
290.40000000,4.78162000,1.11974000,0.08916350,0.10670983
290.60000000,4.77962000,1.12912000,0.08922597,0.10678478
290.80000000,4.77962000,1.12912000,0.08928870,0.10685988
291.00000000,4.78837000,1.09059000,0.08935036,0.10693239
291.20000000,4.78725000,1.10057000,0.08941122,0.10700561
291.40000000,4.79025000,1.08723000,0.08947200,0.10707795
291.60000000,4.78687000,1.09990000,0.08953275,0.10715107
291.80000000,4.78687000,1.09990000,0.08959385,0.10722425
292.00000000,4.79012000,1.09065000,0.08965470,0.10729669
292.20000000,4.78225000,1.11600000,0.08971600,0.10737081
292.40000000,4.78187000,1.11948000,0.08977810,0.10744516
292.60000000,4.78187000,1.11948000,0.08984029,0.10751955
292.80000000,4.78487000,1.10848000,0.08990218,0.10759320
293.00000000,4.78325000,1.11299000,0.08996388,0.10766709
293.20000000,4.78037000,1.12624000,0.09002609,0.10774190
293.40000000,4.78262000,1.11523000,0.09008835,0.10781598
293.60000000,4.78262000,1.11523000,0.09015031,0.10789001
293.80000000,4.77950000,1.12796000,0.09021262,0.10796495
294.00000000,4.78312000,1.11792000,0.09027500,0.10803915
294.20000000,4.77937000,1.12803000,0.09033739,0.10811403
294.40000000,4.77937000,1.12803000,0.09040006,0.10818896
294.60000000,4.78250000,1.11760000,0.09046244,0.10826325
294.80000000,4.78600000,1.10710000,0.09052423,0.10833689
295.00000000,4.78937000,1.09014000,0.09058527,0.10840939
295.20000000,4.78800000,1.09766000,0.09064604,0.10848238
295.40000000,4.78800000,1.09766000,0.09070702,0.10855539
295.60000000,4.78875000,1.09344000,0.09076789,0.10862810
295.80000000,4.78800000,1.09600000,0.09082870,0.10870098
296.00000000,4.78762000,1.10140000,0.09088974,0.10877422
296.20000000,4.78762000,1.10140000,0.09095093,0.10884747
296.40000000,4.78837000,1.09321000,0.09101189,0.10892015
296.60000000,4.78712000,1.09769000,0.09107275,0.10899317
296.80000000,4.78950000,1.09238000,0.09113359,0.10906579
297.00000000,4.78675000,1.09811000,0.09119443,0.10913880
297.20000000,4.78675000,1.09811000,0.09125544,0.10921184
297.40000000,4.78900000,1.09216000,0.09131628,0.10928445
297.60000000,4.78687000,1.10182000,0.09137722,0.10935775
297.80000000,4.78962000,1.08800000,0.09143805,0.10943007
298.00000000,4.78637000,1.10451000,0.09149896,0.10950350
298.20000000,4.78637000,1.10451000,0.09156032,0.10957698
298.40000000,4.79000000,1.08848000,0.09162123,0.10964935
298.60000000,4.78687000,1.09795000,0.09168197,0.10972237
298.80000000,4.78887000,1.09142000,0.09174278,0.10979497
299.00000000,4.78887000,1.09142000,0.09180342,0.10986752
299.20000000,4.78662000,1.09881000,0.09186426,0.10994061
299.40000000,4.78912000,1.09155000,0.09192510,0.11001318
299.60000000,4.78675000,1.10182000,0.09198603,0.11008645
299.80000000,4.78787000,1.09235000,0.09204698,0.11015909
300.00000000,4.78787000,1.09235000,0.09210766,0.11023172
300.20000000,4.78762000,1.09654000,0.09216847,0.11030465
300.40000000,4.78850000,1.09168000,0.09222925,0.11037723
300.60000000,4.78687000,1.09836000,0.09229008,0.11045026
300.80000000,4.78687000,1.09836000,0.09235110,0.11052324
301.00000000,4.78400000,1.11318000,0.09241254,0.11059725
301.20000000,4.78700000,1.09580000,0.09247390,0.11067011
301.40000000,4.78775000,1.09667000,0.09253480,0.11074302
301.60000000,4.78687000,1.09936000,0.09259580,0.11081611
301.80000000,4.78687000,1.09936000,0.09265687,0.11088921
302.00000000,4.78725000,1.09635000,0.09271787,0.11096213
302.20000000,4.78875000,1.09235000,0.09277866,0.11103472
302.40000000,4.78462000,1.10841000,0.09283980,0.11110838
302.60000000,4.78212000,1.11574000,0.09290158,0.11118248
302.80000000,4.78212000,1.11574000,0.09296356,0.11125656
303.00000000,4.78050000,1.12716000,0.09302587,0.11133143
303.20000000,4.78200000,1.11836000,0.09308824,0.11140566
303.40000000,4.77950000,1.12758000,0.09315063,0.11148051
303.60000000,4.77950000,1.12758000,0.09321327,0.11155542
303.80000000,4.78325000,1.11481000,0.09327556,0.11162943
304.00000000,4.77987000,1.12528000,0.09333779,0.11170421
304.20000000,4.78462000,1.10985000,0.09339987,0.11177799
304.40000000,4.78637000,1.10070000,0.09346128,0.11185116
304.60000000,4.78637000,1.10070000,0.09352243,0.11192438
304.80000000,4.78950000,1.08796000,0.09358322,0.11199671
305.00000000,4.78662000,1.10265000,0.09364407,0.11207005
305.20000000,4.78900000,1.08979000,0.09370497,0.11214254
305.40000000,4.78900000,1.08979000,0.09376552,0.11221500
305.60000000,4.78762000,1.09721000,0.09382627,0.11228800
305.80000000,4.78987000,1.09196000,0.09388708,0.11236058
306.00000000,4.78600000,1.10246000,0.09394803,0.11243387
306.20000000,4.78612000,1.10438000,0.09400934,0.11250728
306.40000000,4.78612000,1.10438000,0.09407069,0.11258062
306.60000000,4.78112000,1.12240000,0.09413254,0.11265514
306.80000000,4.78062000,1.12310000,0.09419492,0.11272972
307.00000000,4.78100000,1.12329000,0.09425732,0.11280431
307.20000000,4.78100000,1.12329000,0.09431972,0.11287890
307.40000000,4.78125000,1.12028000,0.09438205,0.11295330
307.60000000,4.78162000,1.12009000,0.09444428,0.11302769
307.80000000,4.78162000,1.12380000,0.09450661,0.11310234
308.00000000,4.78287000,1.11507000,0.09456880,0.11317641
308.20000000,4.78287000,1.11507000,0.09463075,0.11325055
308.40000000,4.78712000,1.09868000,0.09469224,0.11332364
308.60000000,4.78962000,1.09238000,0.09475310,0.11339626
308.80000000,4.78650000,1.09945000,0.09481399,0.11346935
309.00000000,4.79000000,1.08988000,0.09487480,0.11354186
309.20000000,4.79000000,1.08988000,0.09493535,0.11361431
309.40000000,4.78675000,1.10083000,0.09499620,0.11368744
309.60000000,4.78262000,1.11398000,0.09505773,0.11376140
309.80000000,4.78075000,1.12691000,0.09511997,0.11383623
310.00000000,4.78075000,1.12691000,0.09518258,0.11391111
310.20000000,4.78412000,1.11107000,0.09524475,0.11398496
310.40000000,4.78587000,1.10332000,0.09530626,0.11405833
310.60000000,4.78762000,1.09948000,0.09536745,0.11413142
310.80000000,4.78625000,1.09977000,0.09542854,0.11420452
311.00000000,4.78625000,1.09977000,0.09548963,0.11427767
311.20000000,4.78887000,1.09065000,0.09555048,0.11435018
311.40000000,4.78662000,1.10163000,0.09561138,0.11442344
311.60000000,4.78800000,1.09020000,0.09567226,0.11449594
311.80000000,4.78800000,1.09020000,0.09573283,0.11456842
312.00000000,4.78712000,1.09955000,0.09579365,0.11464153
312.20000000,4.78725000,1.09689000,0.09585467,0.11471447
312.40000000,4.78800000,1.09318000,0.09591550,0.11478717
312.60000000,4.78812000,1.09571000,0.09597630,0.11486004
312.80000000,4.78812000,1.09571000,0.09603718,0.11493291
313.00000000,4.78850000,1.09088000,0.09609791,0.11500545
313.20000000,4.78750000,1.09728000,0.09615870,0.11507843
313.40000000,4.78900000,1.09158000,0.09621950,0.11515103
313.60000000,4.78900000,1.09158000,0.09628014,0.11522361
313.80000000,4.78675000,1.09744000,0.09634095,0.11529659
314.00000000,4.78850000,1.09366000,0.09640181,0.11536930
314.20000000,4.78637000,1.10070000,0.09646277,0.11544247
314.40000000,4.78637000,1.10070000,0.09652392,0.11551568
314.60000000,4.78900000,1.08803000,0.09658471,0.11558803
314.80000000,4.78762000,1.09830000,0.09664545,0.11566108
315.00000000,4.78887000,1.08883000,0.09670620,0.11573346
315.20000000,4.78600000,1.09939000,0.09676698,0.11580653
315.40000000,4.78600000,1.09939000,0.09682806,0.11587967
315.60000000,4.78962000,1.09094000,0.09688890,0.11595220
315.80000000,4.78700000,1.09891000,0.09694973,0.11602520
316.00000000,4.78287000,1.11536000,0.09701124,0.11609929
316.20000000,4.78287000,1.11536000,0.09707320,0.11617337
316.40000000,4.78187000,1.12019000,0.09713530,0.11624778
316.60000000,4.78262000,1.11692000,0.09719744,0.11632197
316.80000000,4.78287000,1.11632000,0.09725948,0.11639613
317.00000000,4.78287000,1.11632000,0.09732150,0.11647025
317.20000000,4.78050000,1.12464000,0.09738375,0.11654495
317.40000000,4.78275000,1.11529000,0.09744597,0.11661900
317.60000000,4.78012000,1.12889000,0.09750830,0.11669404
317.80000000,4.78612000,1.10102000,0.09757025,0.11676723
318.00000000,4.78612000,1.10102000,0.09763141,0.11684043
318.20000000,4.78675000,1.10124000,0.09769259,0.11691370
318.40000000,4.79050000,1.08758000,0.09775339,0.11698600
318.60000000,4.78625000,1.10032000,0.09781416,0.11705921
318.80000000,4.79050000,1.08665000,0.09787491,0.11713151
319.00000000,4.79050000,1.08665000,0.09793528,0.11720375
319.20000000,4.78700000,1.10035000,0.09799603,0.11727694
319.40000000,4.78875000,1.08966000,0.09805687,0.11734939
319.60000000,4.78712000,1.10067000,0.09811771,0.11742257
319.80000000,4.78712000,1.10067000,0.09817886,0.11749570
320.00000000,4.78412000,1.11078000,0.09824029,0.11756947
320.20000000,4.78125000,1.12016000,0.09830226,0.11764385
320.40000000,4.78087000,1.12595000,0.09836465,0.11771863
320.60000000,4.78225000,1.11635000,0.09842693,0.11779278
320.80000000,4.78225000,1.11635000,0.09848895,0.11786689
321.00000000,4.77962000,1.12617000,0.09855125,0.11794171
321.20000000,4.78337000,1.11619000,0.09861353,0.11801579
321.40000000,4.77900000,1.12867000,0.09867589,0.11809071
321.60000000,4.77900000,1.12867000,0.09873860,0.11816575
321.80000000,4.78700000,1.09817000,0.09880045,0.11823875
322.00000000,4.78612000,1.10300000,0.09886160,0.11831212
322.20000000,4.78962000,1.08713000,0.09892243,0.11838440
322.40000000,4.78700000,1.10166000,0.09898323,0.11845765
322.60000000,4.78700000,1.10166000,0.09904444,0.11853093
322.80000000,4.78962000,1.08793000,0.09910526,0.11860325
323.00000000,4.78612000,1.10105000,0.09916606,0.11867650
323.20000000,4.78975000,1.09180000,0.09922697,0.11874909
323.40000000,4.78687000,1.09900000,0.09928783,0.11882215
323.60000000,4.78687000,1.09900000,0.09934889,0.11889527
323.80000000,4.79012000,1.08870000,0.09940966,0.11896765
324.00000000,4.78712000,1.09990000,0.09947045,0.11904082
324.20000000,4.78950000,1.08822000,0.09953123,0.11911321
324.40000000,4.78950000,1.08822000,0.09959169,0.11918557
324.60000000,4.78737000,1.09993000,0.09965247,0.11925871
324.80000000,4.78775000,1.09526000,0.09971345,0.11933154
325.00000000,4.78762000,1.09478000,0.09977428,0.11940435
325.20000000,4.78875000,1.09516000,0.09983511,0.11947719
325.40000000,4.78875000,1.09516000,0.09989596,0.11955003
325.60000000,4.78850000,1.09212000,0.09995671,0.11962264
325.80000000,4.78712000,1.09500000,0.10001747,0.11969547
326.00000000,4.78912000,1.09260000,0.10007823,0.11976815
326.20000000,4.78912000,1.09260000,0.10013893,0.11984079
326.40000000,4.78700000,1.09724000,0.10019976,0.11991377
326.60000000,4.78887000,1.09062000,0.10026054,0.11998628
326.80000000,4.78700000,1.10038000,0.10032140,0.12005948
327.00000000,4.78962000,1.08467000,0.10038209,0.12013164
327.20000000,4.78962000,1.08467000,0.10044235,0.12020374
327.40000000,4.78637000,1.10176000,0.10050309,0.12027705
327.60000000,4.79037000,1.08777000,0.10056391,0.12034933
327.80000000,4.78437000,1.10633000,0.10062485,0.12042293
328.00000000,4.79025000,1.08784000,0.10068580,0.12049531
328.20000000,4.79025000,1.08784000,0.10074624,0.12056762
328.40000000,4.78575000,1.10352000,0.10080711,0.12064102
328.60000000,4.78912000,1.09046000,0.10086805,0.12071354
328.80000000,4.78850000,1.09427000,0.10092874,0.12078632
329.00000000,4.78850000,1.09427000,0.10098953,0.12085912
329.20000000,4.79000000,1.08566000,0.10105009,0.12093130
329.40000000,4.78687000,1.09833000,0.10111075,0.12100426
329.60000000,4.78337000,1.11510000,0.10117224,0.12107830
329.80000000,4.78037000,1.12332000,0.10123442,0.12115288
330.00000000,4.78037000,1.12332000,0.10129682,0.12122748
330.20000000,4.78175000,1.11977000,0.10135913,0.12130183
330.40000000,4.78050000,1.12582000,0.10142151,0.12137659
330.60000000,4.78125000,1.11984000,0.10148389,0.12145096
330.80000000,4.78125000,1.11984000,0.10154610,0.12152533
331.00000000,4.78175000,1.12179000,0.10160837,0.12159982
331.20000000,4.78075000,1.12291000,0.10167072,0.12167446
331.40000000,4.78637000,1.10032000,0.10173248,0.12174762
331.60000000,4.78712000,1.09932000,0.10179358,0.12182071
331.80000000,4.78712000,1.09932000,0.10185465,0.12189382
332.00000000,4.78812000,1.09078000,0.10191549,0.12196633
332.20000000,4.78625000,1.10060000,0.10197636,0.12203955
332.40000000,4.78987000,1.08732000,0.10203714,0.12211188
332.60000000,4.78987000,1.08732000,0.10209754,0.12218417
332.80000000,4.78637000,1.09910000,0.10215828,0.12225728
333.00000000,4.78950000,1.08934000,0.10221907,0.12232968
333.20000000,4.78500000,1.10704000,0.10228008,0.12240321
333.40000000,4.78262000,1.11475000,0.10234179,0.12247726
333.60000000,4.78262000,1.11475000,0.10240372,0.12255125
333.80000000,4.77900000,1.13084000,0.10246610,0.12262637
334.00000000,4.78300000,1.11529000,0.10252849,0.12270042
334.20000000,4.78000000,1.12585000,0.10259075,0.12277521
334.40000000,4.78337000,1.11353000,0.10265295,0.12284919
334.60000000,4.78337000,1.11353000,0.10271482,0.12292311
334.80000000,4.77950000,1.12505000,0.10277700,0.12299784
335.00000000,4.78262000,1.11500000,0.10283922,0.12307197
335.20000000,4.78675000,1.10076000,0.10290077,0.12314515
335.40000000,4.78675000,1.10076000,0.10296192,0.12321835
335.60000000,4.78775000,1.09526000,0.10302292,0.12329116
335.80000000,4.78650000,1.09964000,0.10308389,0.12336423
336.00000000,4.78475000,1.10668000,0.10314518,0.12343774
336.20000000,4.78200000,1.11584000,0.10320692,0.12351185
336.40000000,4.78200000,1.11584000,0.10326891,0.12358594
336.60000000,4.78075000,1.12467000,0.10333114,0.12366063
336.80000000,4.78162000,1.11667000,0.10339340,0.12373477
337.00000000,4.78025000,1.12620000,0.10345571,0.12380954
337.20000000,4.78025000,1.12620000,0.10351827,0.12388435
337.40000000,4.78262000,1.11798000,0.10358061,0.12395855
337.60000000,4.77862000,1.12806000,0.10364300,0.12403349
337.80000000,4.78337000,1.11484000,0.10370530,0.12410750
338.00000000,4.77987000,1.12825000,0.10376761,0.12418240
338.20000000,4.77987000,1.12825000,0.10383029,0.12425736
338.40000000,4.78325000,1.11062000,0.10389248,0.12433109
338.60000000,4.78012000,1.13033000,0.10395473,0.12440618
338.80000000,4.78275000,1.11446000,0.10401709,0.12448021
339.00000000,4.77912000,1.13024000,0.10407944,0.12455523
339.20000000,4.77912000,1.13024000,0.10414223,0.12463031
339.40000000,4.78287000,1.11798000,0.10420468,0.12470453
339.60000000,4.78012000,1.12569000,0.10426701,0.12477930
339.80000000,4.78250000,1.11686000,0.10432930,0.12485349
340.00000000,4.78250000,1.11686000,0.10439135,0.12492765
340.20000000,4.78075000,1.12553000,0.10445364,0.12500241
340.40000000,4.78262000,1.11638000,0.10451591,0.12507662
340.60000000,4.78625000,1.10243000,0.10457754,0.12514996
340.80000000,4.78962000,1.09283000,0.10463852,0.12522266
341.00000000,4.78962000,1.09283000,0.10469924,0.12529530
341.20000000,4.78587000,1.10198000,0.10476020,0.12536859
341.40000000,4.78887000,1.09232000,0.10482116,0.12544124
341.60000000,4.78812000,1.09555000,0.10488193,0.12551409
341.80000000,4.78812000,1.09555000,0.10494279,0.12558695
342.00000000,4.78825000,1.09241000,0.10500357,0.12565960
342.20000000,4.78812000,1.09817000,0.10506442,0.12573262
342.40000000,4.78762000,1.09619000,0.10512537,0.12580553
342.60000000,4.78875000,1.09299000,0.10518619,0.12587822
342.80000000,4.78875000,1.09299000,0.10524691,0.12595084
343.00000000,4.78387000,1.11260000,0.10530817,0.12602476
343.20000000,4.78312000,1.11222000,0.10536997,0.12609860
343.40000000,4.78037000,1.12537000,0.10543213,0.12617332
343.60000000,4.78325000,1.11388000,0.10549433,0.12624732
343.80000000,4.78325000,1.11388000,0.10555621,0.12632125
344.00000000,4.77900000,1.13004000,0.10561854,0.12639630
344.20000000,4.78200000,1.12054000,0.10568106,0.12647068
344.40000000,4.77887000,1.13027000,0.10574358,0.12654570
344.60000000,4.77887000,1.13027000,0.10580638,0.12662079
344.80000000,4.78337000,1.11248000,0.10586867,0.12669476
345.00000000,4.78725000,1.09907000,0.10593011,0.12676786
345.20000000,4.78925000,1.08697000,0.10599083,0.12684012
345.40000000,4.78650000,1.09932000,0.10605156,0.12691321
345.60000000,4.78650000,1.09932000,0.10611263,0.12698633
345.80000000,4.78912000,1.09200000,0.10617350,0.12705894
346.00000000,4.78737000,1.09664000,0.10623430,0.12713188
346.20000000,4.78887000,1.09462000,0.10629517,0.12720468
346.40000000,4.78887000,1.09462000,0.10635598,0.12727749
346.60000000,4.78875000,1.09251000,0.10641673,0.12735007
346.80000000,4.78375000,1.11260000,0.10647799,0.12742399
347.00000000,4.78350000,1.11526000,0.10653987,0.12749805
347.20000000,4.78112000,1.12272000,0.10660204,0.12757260
347.40000000,4.78112000,1.12272000,0.10666441,0.12764719
347.60000000,4.78350000,1.11440000,0.10672655,0.12772118
347.80000000,4.78012000,1.12646000,0.10678880,0.12779601
348.00000000,4.78287000,1.11552000,0.10685108,0.12787011
348.20000000,4.78287000,1.11552000,0.10691305,0.12794417
348.40000000,4.78025000,1.12950000,0.10697541,0.12801925
348.60000000,4.78587000,1.10336000,0.10703743,0.12809255
348.80000000,4.78325000,1.11200000,0.10709897,0.12816643
349.00000000,4.78600000,1.10454000,0.10716054,0.12823985
349.20000000,4.78600000,1.10454000,0.10722191,0.12831328
349.40000000,4.78662000,1.09948000,0.10728313,0.12838641
349.60000000,4.78925000,1.08732000,0.10734387,0.12845871
349.80000000,4.78725000,1.10204000,0.10740469,0.12853198
350.00000000,4.78725000,1.10204000,0.10746591,0.12860527
350.20000000,4.78775000,1.09337000,0.10752690,0.12867797
350.40000000,4.78762000,1.09616000,0.10758772,0.12875087
350.60000000,4.78862000,1.09507000,0.10764858,0.12882370
350.80000000,4.78800000,1.09398000,0.10770939,0.12889645
351.00000000,4.78800000,1.09398000,0.10777017,0.12896920
351.20000000,4.78787000,1.09728000,0.10783104,0.12904218
351.40000000,4.78887000,1.09472000,0.10789193,0.12911500
351.60000000,4.78700000,1.09718000,0.10795281,0.12918794
351.80000000,4.78700000,1.09718000,0.10801377,0.12926091
352.00000000,4.78837000,1.09248000,0.10807459,0.12933354
352.20000000,4.78675000,1.09859000,0.10813545,0.12940663
352.40000000,4.79000000,1.08697000,0.10819616,0.12947894
352.60000000,4.79000000,1.08697000,0.10825655,0.12955120
352.80000000,4.78612000,1.10307000,0.10831738,0.12962458
353.00000000,4.78987000,1.08544000,0.10837818,0.12969673
353.20000000,4.78562000,1.10377000,0.10843899,0.12977016
353.40000000,4.78987000,1.08892000,0.10849990,0.12984260
353.60000000,4.78987000,1.08892000,0.10856039,0.12991497
353.80000000,4.78550000,1.10326000,0.10862129,0.12998836
354.00000000,4.78950000,1.09017000,0.10868221,0.13006083
354.20000000,4.78637000,1.09817000,0.10874300,0.13013384
354.40000000,4.78637000,1.09817000,0.10880401,0.13020688
354.60000000,4.78875000,1.08992000,0.10886479,0.13027933
354.80000000,4.78612000,1.10182000,0.10892567,0.13035259
355.00000000,4.78762000,1.09180000,0.10898661,0.13042518
355.20000000,4.78700000,1.09724000,0.10904741,0.13049813
355.40000000,4.78700000,1.09724000,0.10910837,0.13057110
355.60000000,4.78762000,1.09433000,0.10916925,0.13064385
355.80000000,4.78675000,1.09814000,0.10923015,0.13071689
356.00000000,4.78862000,1.09417000,0.10929105,0.13078966
356.20000000,4.78862000,1.09417000,0.10935183,0.13086241
356.40000000,4.78737000,1.09456000,0.10941263,0.13093517
356.60000000,4.78612000,1.10336000,0.10947369,0.13100845
356.80000000,4.78225000,1.11987000,0.10953544,0.13108281
357.00000000,4.78025000,1.12185000,0.10959771,0.13115729
357.20000000,4.78025000,1.12185000,0.10966004,0.13123180
357.40000000,4.78237000,1.11628000,0.10972221,0.13130590
357.60000000,4.77950000,1.12675000,0.10978451,0.13138076
357.80000000,4.78337000,1.11248000,0.10984671,0.13145467
358.00000000,4.77937000,1.12723000,0.10990893,0.13152949
358.20000000,4.77937000,1.12723000,0.10997155,0.13160439
358.40000000,4.78362000,1.10896000,0.11003367,0.13167807
358.60000000,4.78387000,1.11238000,0.11009537,0.13175204
358.80000000,4.78775000,1.09577000,0.11015671,0.13182490
359.00000000,4.78775000,1.09577000,0.11021759,0.13189775
359.20000000,4.78625000,1.09987000,0.11027858,0.13197092
359.40000000,4.79012000,1.09014000,0.11033941,0.13204341
359.60000000,4.78762000,1.09555000,0.11040012,0.13211628
359.80000000,4.78900000,1.09049000,0.11046085,0.13218881
360.00000000,4.78900000,1.09049000,0.11052143,0.13226133
360.20000000,4.78850000,1.09398000,0.11058211,0.13233399
360.40000000,4.78162000,1.12051000,0.11064362,0.13240841
360.60000000,4.78212000,1.11702000,0.11070578,0.13248260
360.80000000,4.78212000,1.11702000,0.11076783,0.13255675
361.00000000,4.77937000,1.12729000,0.11083018,0.13263163
361.20000000,4.78287000,1.11347000,0.11089242,0.13270556
361.40000000,4.78012000,1.12758000,0.11095467,0.13278045
361.60000000,4.78225000,1.11289000,0.11101691,0.13285437
361.80000000,4.78225000,1.11289000,0.11107873,0.13292825
362.00000000,4.77987000,1.12547000,0.11114091,0.13300310
362.20000000,4.78812000,1.09340000,0.11120254,0.13307579
362.40000000,4.78662000,1.09840000,0.11126343,0.13314881
362.60000000,4.78662000,1.09840000,0.11132445,0.13322186
362.80000000,4.78837000,1.09257000,0.11138531,0.13329450
363.00000000,4.78712000,1.09625000,0.11144611,0.13336741
363.20000000,4.78825000,1.09248000,0.11150691,0.13344005
363.40000000,4.78750000,1.09724000,0.11156774,0.13351301
363.60000000,4.78750000,1.09724000,0.11162869,0.13358598
363.80000000,4.78825000,1.09068000,0.11168947,0.13365852
364.00000000,4.78862000,1.09283000,0.11175012,0.13373119
364.20000000,4.78825000,1.09542000,0.11181091,0.13380405
364.40000000,4.78862000,1.09168000,0.11187166,0.13387665
364.60000000,4.78862000,1.09168000,0.11193231,0.13394925
364.80000000,4.78812000,1.09587000,0.11199307,0.13402215
365.00000000,4.78937000,1.09097000,0.11205382,0.13409469
365.20000000,4.78712000,1.09788000,0.11211462,0.13416768
365.40000000,4.78712000,1.09788000,0.11217561,0.13424071
365.60000000,4.78950000,1.09024000,0.11223639,0.13431320
365.80000000,4.78687000,1.09782000,0.11229717,0.13438622
366.00000000,4.78937000,1.08966000,0.11235794,0.13445867
366.20000000,4.78725000,1.09907000,0.11241874,0.13453175
366.40000000,4.78725000,1.09907000,0.11247979,0.13460485
366.60000000,4.78887000,1.09113000,0.11254063,0.13467740
366.80000000,4.78712000,1.09670000,0.11260141,0.13475024
367.00000000,4.78187000,1.11961000,0.11266297,0.13482459
367.20000000,4.78187000,1.11961000,0.11272517,0.13489896
367.40000000,4.78212000,1.11843000,0.11278734,0.13497323
367.60000000,4.78162000,1.12099000,0.11284955,0.13504768
367.80000000,4.78175000,1.11865000,0.11291176,0.13512196
368.00000000,4.78075000,1.12320000,0.11297403,0.13519654
368.20000000,4.78075000,1.12320000,0.11303643,0.13527115
368.40000000,4.78300000,1.11648000,0.11309864,0.13534528
368.60000000,4.78050000,1.12288000,0.11316085,0.13541993
368.80000000,4.78650000,1.10112000,0.11322263,0.13549314
369.00000000,4.78662000,1.10025000,0.11328378,0.13556628
369.20000000,4.78662000,1.10025000,0.11334490,0.13563946
369.40000000,4.78887000,1.08979000,0.11340574,0.13571193
369.60000000,4.78762000,1.09689000,0.11346648,0.13578486
369.80000000,4.78712000,1.09401000,0.11352733,0.13585759
370.00000000,4.78712000,1.09401000,0.11358811,0.13593029
370.20000000,4.78437000,1.10950000,0.11364932,0.13600398
370.40000000,4.78175000,1.12115000,0.11371128,0.13607843
370.60000000,4.78150000,1.12019000,0.11377354,0.13615282
370.80000000,4.78125000,1.12156000,0.11383581,0.13622730
371.00000000,4.78125000,1.12156000,0.11389812,0.13630177
371.20000000,4.78100000,1.12035000,0.11396040,0.13637615
371.40000000,4.78025000,1.12275000,0.11402271,0.13645069
371.60000000,4.78012000,1.12656000,0.11408519,0.13652549
371.80000000,4.78012000,1.12656000,0.11414777,0.13660032
372.00000000,4.78262000,1.11459000,0.11421003,0.13667447
372.20000000,4.79012000,1.08560000,0.11427115,0.13674662
372.40000000,4.78500000,1.10502000,0.11433200,0.13682013
372.60000000,4.78950000,1.08582000,0.11439285,0.13689236
372.80000000,4.78950000,1.08582000,0.11445318,0.13696454
373.00000000,4.78675000,1.10067000,0.11451391,0.13703775
373.20000000,4.78862000,1.08937000,0.11457475,0.13711014
373.40000000,4.78487000,1.10451000,0.11463569,0.13718355
373.60000000,4.78487000,1.10451000,0.11469705,0.13725696
373.80000000,4.78550000,1.10736000,0.11475849,0.13733049
374.00000000,4.78075000,1.11910000,0.11482034,0.13740481
374.20000000,4.78187000,1.11971000,0.11488252,0.13747918
374.40000000,4.78150000,1.12144000,0.11494478,0.13755365
374.60000000,4.78150000,1.12144000,0.11500708,0.13762812
374.80000000,4.78112000,1.12198000,0.11506940,0.13770263
375.00000000,4.78162000,1.12198000,0.11513173,0.13777711
375.20000000,4.77975000,1.12521000,0.11519415,0.13785181
375.40000000,4.77975000,1.12521000,0.11525666,0.13792657
375.60000000,4.78387000,1.11225000,0.11531882,0.13800053
375.80000000,4.78725000,1.09660000,0.11538017,0.13807347
376.00000000,4.78937000,1.09068000,0.11544093,0.13814602
376.20000000,4.78762000,1.09731000,0.11550171,0.13821899
376.40000000,4.78762000,1.09731000,0.11556267,0.13829198
376.60000000,4.78912000,1.08883000,0.11562340,0.13836437
376.80000000,4.78737000,1.09958000,0.11568419,0.13843749
377.00000000,4.78937000,1.09116000,0.11574504,0.13851007
377.20000000,4.78937000,1.09116000,0.11580566,0.13858262
377.40000000,4.78712000,1.09952000,0.11586651,0.13865576
377.60000000,4.78950000,1.08723000,0.11592725,0.13872804
377.80000000,4.78650000,1.09763000,0.11598794,0.13880101
378.00000000,4.78650000,1.09763000,0.11604892,0.13887403
378.20000000,4.79025000,1.08745000,0.11610962,0.13894634
378.40000000,4.78737000,1.09795000,0.11617033,0.13901937
378.60000000,4.78900000,1.09065000,0.11623112,0.13909191
378.80000000,4.78737000,1.09968000,0.11629196,0.13916503
379.00000000,4.78737000,1.09968000,0.11635306,0.13923816
379.20000000,4.78800000,1.09497000,0.11641402,0.13931100
379.40000000,4.78950000,1.08960000,0.11647470,0.13938344
379.60000000,4.78725000,1.09737000,0.11653545,0.13945641
379.80000000,4.78725000,1.09737000,0.11659642,0.13952942
380.00000000,4.79012000,1.08560000,0.11665705,0.13960159
380.20000000,4.78700000,1.09916000,0.11671774,0.13967472
380.40000000,4.79000000,1.08640000,0.11677845,0.13974693
380.60000000,4.78587000,1.10393000,0.11683929,0.13982031
380.80000000,4.78587000,1.10393000,0.11690062,0.13989376
381.00000000,4.79050000,1.08729000,0.11696149,0.13996605
381.20000000,4.78675000,1.09721000,0.11702217,0.14003903
381.40000000,4.78950000,1.08841000,0.11708288,0.14011143
381.60000000,4.78950000,1.08841000,0.11714335,0.14018380
381.80000000,4.78700000,1.09878000,0.11720411,0.14025688
382.00000000,4.78900000,1.09100000,0.11726493,0.14032943
382.20000000,4.78787000,1.09641000,0.11732569,0.14040232
382.40000000,4.78650000,1.09724000,0.11738663,0.14047526
382.60000000,4.78650000,1.09724000,0.11744759,0.14054822
382.80000000,4.78700000,1.10099000,0.11750865,0.14062143
383.00000000,4.78762000,1.09734000,0.11756971,0.14069443
383.20000000,4.79025000,1.08707000,0.11763039,0.14076676
383.40000000,4.79025000,1.08707000,0.11769078,0.14083904
383.60000000,4.78737000,1.09872000,0.11775150,0.14091212
383.80000000,4.78925000,1.08931000,0.11781228,0.14098454
384.00000000,4.78687000,1.09993000,0.11787309,0.14105761
384.20000000,4.78287000,1.11715000,0.11793468,0.14113182
384.40000000,4.78287000,1.11715000,0.11799674,0.14120597
384.60000000,4.77862000,1.12739000,0.11805909,0.14128086
384.80000000,4.78287000,1.11504000,0.11812138,0.14135488
385.00000000,4.77987000,1.12784000,0.11818368,0.14142980
385.20000000,4.78275000,1.11408000,0.11824596,0.14150381
385.40000000,4.78275000,1.11408000,0.11830785,0.14157777
385.60000000,4.77987000,1.12758000,0.11837012,0.14165266
385.80000000,4.78187000,1.11872000,0.11843252,0.14172700
386.00000000,4.78487000,1.10614000,0.11849432,0.14180051
386.20000000,4.78487000,1.10614000,0.11855577,0.14187408
386.40000000,4.78850000,1.09472000,0.11861690,0.14194687
386.60000000,4.78750000,1.09398000,0.11867770,0.14201962
386.80000000,4.78825000,1.09606000,0.11873854,0.14209251
387.00000000,4.78800000,1.09427000,0.11879938,0.14216528
387.20000000,4.78800000,1.09427000,0.11886017,0.14223796
387.40000000,4.78225000,1.11856000,0.11892164,0.14231226
387.60000000,4.78225000,1.11996000,0.11898382,0.14238661
387.80000000,4.77987000,1.12406000,0.11904615,0.14246123
388.00000000,4.77987000,1.12406000,0.11910860,0.14253588
388.20000000,4.78175000,1.12000000,0.11917094,0.14261023
388.40000000,4.77962000,1.12476000,0.11923329,0.14268495
388.60000000,4.78275000,1.11193000,0.11929542,0.14275876
388.80000000,4.77962000,1.12819000,0.11935765,0.14283365
389.00000000,4.77962000,1.12819000,0.11942032,0.14290858
389.20000000,4.78150000,1.11536000,0.11948265,0.14298261
389.40000000,4.77912000,1.12841000,0.11954497,0.14305756
389.60000000,4.78212000,1.12022000,0.11960743,0.14313192
389.80000000,4.77925000,1.12652000,0.11966984,0.14320669
390.00000000,4.77925000,1.12652000,0.11973243,0.14328153
390.20000000,4.78287000,1.11548000,0.11979471,0.14335557
390.40000000,4.77950000,1.12662000,0.11985699,0.14343041
390.60000000,4.78287000,1.11516000,0.11991926,0.14350449
390.80000000,4.78287000,1.11516000,0.11998121,0.14357852
391.00000000,4.77987000,1.12675000,0.12004349,0.14365336
391.20000000,4.78187000,1.11868000,0.12010586,0.14372762
391.40000000,4.77987000,1.12476000,0.12016818,0.14380232
391.60000000,4.78187000,1.11910000,0.12023051,0.14387665
391.80000000,4.78187000,1.11910000,0.12029268,0.14395107
392.00000000,4.78812000,1.09072000,0.12035406,0.14402360
392.20000000,4.78775000,1.09680000,0.12041483,0.14409655
392.40000000,4.78912000,1.09184000,0.12047562,0.14416918
392.60000000,4.78912000,1.09184000,0.12053628,0.14424176
392.80000000,4.78650000,1.09564000,0.12059704,0.14431463
393.00000000,4.78850000,1.09174000,0.12065780,0.14438721
393.20000000,4.78662000,1.09968000,0.12071868,0.14446035
393.40000000,4.78875000,1.08774000,0.12077944,0.14453270
393.60000000,4.78875000,1.08774000,0.12083987,0.14460502
393.80000000,4.78737000,1.09961000,0.12090063,0.14467816
394.00000000,4.78887000,1.08921000,0.12096143,0.14475057
394.20000000,4.78662000,1.09900000,0.12102221,0.14482368
394.40000000,4.78962000,1.09062000,0.12108304,0.14489623
394.60000000,4.78962000,1.09062000,0.12114363,0.14496872
394.80000000,4.78587000,1.09884000,0.12120444,0.14504182
395.00000000,4.78937000,1.09068000,0.12126526,0.14511432
395.20000000,4.78600000,1.10406000,0.12132623,0.14518771
395.40000000,4.78600000,1.10406000,0.12138757,0.14526115
395.60000000,4.78937000,1.08742000,0.12144844,0.14533345
395.80000000,4.78712000,1.09984000,0.12150920,0.14540660
396.00000000,4.78862000,1.09286000,0.12157011,0.14547924
396.20000000,4.78612000,1.09907000,0.12163099,0.14555230
396.40000000,4.78612000,1.09907000,0.12169205,0.14562540
396.60000000,4.78850000,1.09238000,0.12175293,0.14569801
396.80000000,4.78587000,1.09904000,0.12181380,0.14577108
397.00000000,4.78687000,1.09616000,0.12187478,0.14584396
397.20000000,4.78687000,1.09616000,0.12193567,0.14591676
397.40000000,4.78187000,1.11782000,0.12199717,0.14599096
397.60000000,4.77975000,1.12176000,0.12205938,0.14606547
397.80000000,4.78237000,1.11587000,0.12212154,0.14613954
398.00000000,4.77900000,1.12659000,0.12218383,0.14621432
398.20000000,4.77900000,1.12659000,0.12224642,0.14628914
398.40000000,4.78212000,1.11532000,0.12230869,0.14636318
398.60000000,4.77937000,1.12992000,0.12237106,0.14643823
398.80000000,4.78225000,1.11638000,0.12243346,0.14651238
399.00000000,4.78225000,1.11638000,0.12249548,0.14658657
399.20000000,4.78500000,1.10464000,0.12255718,0.14666004
399.40000000,4.78900000,1.08944000,0.12261812,0.14673247
399.60000000,4.78662000,1.09664000,0.12267885,0.14680542
399.80000000,4.78950000,1.09148000,0.12273963,0.14687803
400.00000000,4.78950000,1.09148000,0.12280027,0.14695058
400.20000000,4.78587000,1.10080000,0.12286116,0.14702379
400.40000000,4.78825000,1.09267000,0.12292209,0.14709639
400.60000000,4.78437000,1.10902000,0.12298325,0.14717004
400.80000000,4.78150000,1.11500000,0.12304503,0.14724409
401.00000000,4.78150000,1.11500000,0.12310697,0.14731811
401.20000000,4.78012000,1.12368000,0.12316916,0.14739273
401.40000000,4.78112000,1.11993000,0.12323148,0.14746709
401.60000000,4.78050000,1.12006000,0.12329370,0.14754146
401.80000000,4.78050000,1.12006000,0.12335593,0.14761583
402.00000000,4.78075000,1.12313000,0.12341824,0.14769040
402.20000000,4.78050000,1.12169000,0.12348060,0.14776488
402.40000000,4.78075000,1.12137000,0.12354290,0.14783946
402.60000000,4.78850000,1.09328000,0.12360442,0.14791217
402.80000000,4.78850000,1.09328000,0.12366516,0.14798486
403.00000000,4.78687000,1.09603000,0.12372597,0.14805776
403.20000000,4.78900000,1.09120000,0.12378673,0.14813030
403.40000000,4.78687000,1.09984000,0.12384759,0.14820343
403.60000000,4.78687000,1.09984000,0.12390869,0.14827658
403.80000000,4.78875000,1.08998000,0.12396952,0.14834903
404.00000000,4.78575000,1.10390000,0.12403046,0.14842245
404.20000000,4.78912000,1.08720000,0.12409133,0.14849473
404.40000000,4.78662000,1.09952000,0.12415207,0.14856783
404.60000000,4.78662000,1.09952000,0.12421315,0.14864097
404.80000000,4.78975000,1.09049000,0.12427399,0.14871346
405.00000000,4.78625000,1.09795000,0.12433478,0.14878650
405.20000000,4.78925000,1.09152000,0.12439560,0.14885910
405.40000000,4.78725000,1.09974000,0.12445646,0.14893222
405.60000000,4.78725000,1.09974000,0.12451756,0.14900535
405.80000000,4.78750000,1.09273000,0.12457846,0.14907801
406.00000000,4.78737000,1.09996000,0.12463937,0.14915116
406.20000000,4.78875000,1.09168000,0.12470025,0.14922377
406.40000000,4.78875000,1.09168000,0.12476090,0.14929635
406.60000000,4.78662000,1.09622000,0.12482167,0.14936926
406.80000000,4.78862000,1.09292000,0.12488248,0.14944192
407.00000000,4.78725000,1.09580000,0.12494328,0.14951479
407.20000000,4.78775000,1.09420000,0.12500411,0.14958755
407.40000000,4.78775000,1.09420000,0.12506490,0.14966032
407.60000000,4.78837000,1.09484000,0.12512571,0.14973311
407.80000000,4.78712000,1.09593000,0.12518656,0.14980602
408.00000000,4.78987000,1.08700000,0.12524720,0.14987834
408.20000000,4.78987000,1.08700000,0.12530759,0.14995060
408.40000000,4.78675000,1.10012000,0.12536834,0.15002376
408.60000000,4.78825000,1.09123000,0.12542921,0.15009630
408.80000000,4.78612000,1.10070000,0.12549010,0.15016947
409.00000000,4.78912000,1.08918000,0.12555093,0.15024192
409.20000000,4.78912000,1.08918000,0.12561144,0.15031431
409.40000000,4.78575000,1.09836000,0.12567221,0.15038735
409.60000000,4.78775000,1.09468000,0.12573312,0.15046014
409.80000000,4.78737000,1.09504000,0.12579395,0.15053295
410.00000000,4.78737000,1.09504000,0.12585479,0.15060578
410.20000000,4.78875000,1.09033000,0.12591549,0.15067827
410.40000000,4.78712000,1.09769000,0.12597627,0.15075124
410.60000000,4.78612000,1.09955000,0.12603730,0.15082433
410.80000000,4.78037000,1.12227000,0.12609902,0.15089885
411.00000000,4.78037000,1.12227000,0.12616137,0.15097337
411.20000000,4.78150000,1.12156000,0.12622370,0.15104784
411.40000000,4.78050000,1.12160000,0.12628601,0.15112233
411.60000000,4.78162000,1.12028000,0.12634828,0.15119673
411.80000000,4.78162000,1.12028000,0.12641052,0.15127114
412.00000000,4.78212000,1.11913000,0.12647272,0.15134544
412.20000000,4.78075000,1.11993000,0.12653492,0.15141984
412.40000000,4.78287000,1.11721000,0.12659706,0.15149411
412.60000000,4.78612000,1.09846000,0.12665861,0.15156712
412.80000000,4.78612000,1.09846000,0.12671964,0.15164019
413.00000000,4.78912000,1.09027000,0.12678043,0.15171266
413.20000000,4.78587000,1.10217000,0.12684133,0.15178597
413.40000000,4.78925000,1.08726000,0.12690215,0.15185829
413.60000000,4.78925000,1.08726000,0.12696256,0.15193058
413.80000000,4.78675000,1.09974000,0.12702331,0.15200373
414.00000000,4.78912000,1.08937000,0.12708411,0.15207608
414.20000000,4.78162000,1.11772000,0.12714542,0.15215030
414.40000000,4.78162000,1.11772000,0.12720752,0.15222455
414.60000000,4.78287000,1.11654000,0.12726958,0.15229866
414.80000000,4.77900000,1.12656000,0.12733189,0.15237349
415.00000000,4.78225000,1.11756000,0.12739423,0.15244770
415.20000000,4.78087000,1.12371000,0.12745648,0.15252231
415.40000000,4.78087000,1.12371000,0.12751891,0.15259695
415.60000000,4.78212000,1.11516000,0.12758110,0.15267100
415.80000000,4.78087000,1.12300000,0.12764327,0.15274562
416.00000000,4.78437000,1.10614000,0.12770519,0.15281912
416.20000000,4.78437000,1.10614000,0.12776665,0.15289267
416.40000000,4.78762000,1.09363000,0.12782775,0.15296538
416.60000000,4.78700000,1.10038000,0.12788870,0.15303855
416.80000000,4.78762000,1.09292000,0.12794962,0.15311123
417.00000000,4.78750000,1.09584000,0.12801042,0.15318409
417.20000000,4.78750000,1.09584000,0.12807130,0.15325697
417.40000000,4.78862000,1.09404000,0.12813213,0.15332972
417.60000000,4.78750000,1.09462000,0.12819293,0.15340253
417.80000000,4.78887000,1.09136000,0.12825365,0.15347511
418.00000000,4.78887000,1.09136000,0.12831428,0.15354767
418.20000000,4.78687000,1.09872000,0.12837511,0.15362073
418.40000000,4.78775000,1.09366000,0.12843601,0.15369345
418.60000000,4.78750000,1.10022000,0.12849695,0.15376665
418.80000000,4.78975000,1.08646000,0.12855770,0.15383892
419.00000000,4.78975000,1.08646000,0.12861805,0.15391115
419.20000000,4.78637000,1.09782000,0.12867873,0.15398418
419.40000000,4.78962000,1.08796000,0.12873945,0.15405651
419.60000000,4.78725000,1.09568000,0.12880010,0.15412937
419.80000000,4.78925000,1.09152000,0.12886086,0.15420197
420.00000000,4.78925000,1.09152000,0.12892150,0.15427454
420.20000000,4.78712000,1.09718000,0.12898229,0.15434750
420.40000000,4.78787000,1.09427000,0.12904317,0.15442028
420.60000000,4.78875000,1.09212000,0.12910390,0.15449292
420.80000000,4.78875000,1.09212000,0.12916457,0.15456554
421.00000000,4.78725000,1.09305000,0.12922527,0.15463824
421.20000000,4.78887000,1.09097000,0.12928594,0.15471078
421.40000000,4.78725000,1.09702000,0.12934672,0.15478375
421.60000000,4.78950000,1.08918000,0.12940745,0.15485620
421.80000000,4.78950000,1.08918000,0.12946796,0.15492861
422.00000000,4.78650000,1.10262000,0.12952884,0.15500194
422.20000000,4.78812000,1.09286000,0.12958983,0.15507461
422.40000000,4.78762000,1.09430000,0.12965058,0.15514737
422.60000000,4.78762000,1.09430000,0.12971137,0.15522016
422.80000000,4.78925000,1.09024000,0.12977206,0.15529264
423.00000000,4.78662000,1.09750000,0.12983283,0.15536564
423.20000000,4.78925000,1.09225000,0.12989365,0.15543827
423.40000000,4.78750000,1.09468000,0.12995440,0.15551106
423.60000000,4.78750000,1.09468000,0.13001522,0.15558385
423.80000000,4.78775000,1.09436000,0.13007602,0.15565663
424.00000000,4.78825000,1.09248000,0.13013677,0.15572922
424.20000000,4.78425000,1.10688000,0.13019786,0.15580277
424.40000000,4.78425000,1.10688000,0.13025936,0.15587630
424.60000000,4.78287000,1.11382000,0.13032104,0.15595026
424.80000000,4.78062000,1.12291000,0.13038317,0.15602484
425.00000000,4.78225000,1.11462000,0.13044533,0.15609884
425.20000000,4.77987000,1.12774000,0.13050761,0.15617371
425.40000000,4.77987000,1.12774000,0.13057027,0.15624858
425.60000000,4.78037000,1.12316000,0.13063279,0.15632314
425.80000000,4.77937000,1.12816000,0.13069533,0.15639810
426.00000000,4.78425000,1.11113000,0.13075753,0.15647196
426.20000000,4.78637000,1.09612000,0.13081884,0.15654483
426.40000000,4.78637000,1.09612000,0.13087974,0.15661772
426.60000000,4.78787000,1.09718000,0.13094066,0.15669068
426.80000000,4.78762000,1.09558000,0.13100157,0.15676353
427.00000000,4.78762000,1.09312000,0.13106237,0.15683622
427.20000000,4.78762000,1.09312000,0.13112310,0.15690890
427.40000000,4.78775000,1.09756000,0.13118395,0.15698188
427.60000000,4.78700000,1.09638000,0.13124489,0.15705470
427.80000000,4.78250000,1.11529000,0.13130633,0.15712876
428.00000000,4.78075000,1.12259000,0.13136849,0.15720330
428.20000000,4.78075000,1.12259000,0.13143086,0.15727786
428.40000000,4.78262000,1.11436000,0.13149300,0.15735185
428.60000000,4.78037000,1.12688000,0.13155525,0.15742671
428.80000000,4.78287000,1.11347000,0.13161749,0.15750067
429.00000000,4.78287000,1.11347000,0.13167934,0.15757458
429.20000000,4.77875000,1.12969000,0.13174165,0.15764962
429.40000000,4.78275000,1.11721000,0.13180407,0.15772389
429.60000000,4.78650000,1.09820000,0.13186561,0.15779694
429.80000000,4.78925000,1.09030000,0.13192640,0.15786946
430.00000000,4.78925000,1.09030000,0.13198697,0.15794197
430.20000000,4.78787000,1.09724000,0.13204774,0.15801494
430.40000000,4.78862000,1.09056000,0.13210851,0.15808746
430.60000000,4.78762000,1.09657000,0.13216926,0.15816038
430.80000000,4.78812000,1.09216000,0.13223006,0.15823301
431.00000000,4.78812000,1.09216000,0.13229074,0.15830563
431.20000000,4.78800000,1.09408000,0.13235147,0.15837840
431.40000000,4.78850000,1.09366000,0.13241224,0.15845113
431.60000000,4.78850000,1.09040000,0.13247290,0.15852365
431.80000000,4.78850000,1.09040000,0.13253348,0.15859613
432.00000000,4.78587000,1.10198000,0.13259438,0.15866944
432.20000000,4.78987000,1.08665000,0.13265518,0.15874168
432.40000000,4.78612000,1.10032000,0.13271593,0.15881487
432.60000000,4.78937000,1.09030000,0.13277678,0.15888739
432.80000000,4.78937000,1.09030000,0.13283735,0.15895986
433.00000000,4.78525000,1.10227000,0.13289825,0.15903321
433.20000000,4.79100000,1.08425000,0.13295899,0.15910529
433.40000000,4.78712000,1.10102000,0.13301969,0.15917850
433.60000000,4.78712000,1.10102000,0.13308086,0.15925174
433.80000000,4.78937000,1.08732000,0.13314165,0.15932403
434.00000000,4.78737000,1.09843000,0.13320236,0.15939709
434.20000000,4.78887000,1.08969000,0.13326314,0.15946954
434.40000000,4.78712000,1.09625000,0.13332386,0.15954243
434.60000000,4.78712000,1.09625000,0.13338477,0.15961533
434.80000000,4.78812000,1.09401000,0.13344561,0.15968809
435.00000000,4.78837000,1.08963000,0.13350626,0.15976054
435.20000000,4.78750000,1.09673000,0.13356700,0.15983347
435.40000000,4.78750000,1.09673000,0.13362793,0.15990641
435.60000000,4.78850000,1.09219000,0.13368873,0.15997901
435.80000000,4.78612000,1.09795000,0.13374957,0.16005204
436.00000000,4.78900000,1.09043000,0.13381035,0.16012452
436.20000000,4.78600000,1.10384000,0.13387131,0.16019790
436.40000000,4.78600000,1.10384000,0.13393263,0.16027127
436.60000000,4.78600000,1.10249000,0.13399392,0.16034453
436.80000000,4.78425000,1.11088000,0.13405540,0.16041842
437.00000000,4.78912000,1.08556000,0.13411641,0.16049063
437.20000000,4.78912000,1.08556000,0.13417672,0.16056279
437.40000000,4.78600000,1.10089000,0.13423746,0.16063601
437.60000000,4.78887000,1.08896000,0.13429829,0.16070840
437.80000000,4.78600000,1.10057000,0.13435911,0.16078149
438.00000000,4.78187000,1.12073000,0.13442081,0.16085592
438.20000000,4.78187000,1.12073000,0.13448307,0.16093032
438.40000000,4.77937000,1.12617000,0.13454548,0.16100512
438.60000000,4.78212000,1.11772000,0.13460782,0.16107933
438.80000000,4.78050000,1.12448000,0.13467010,0.16115399
439.00000000,4.78237000,1.11609000,0.13473234,0.16122812
439.20000000,4.78237000,1.11609000,0.13479434,0.16130222
439.40000000,4.78025000,1.12499000,0.13485659,0.16137693
439.60000000,4.78150000,1.11929000,0.13491893,0.16145133
439.80000000,4.78600000,1.10060000,0.13498060,0.16152449
440.00000000,4.78600000,1.10060000,0.13504174,0.16159768
440.20000000,4.78775000,1.09827000,0.13510282,0.16167073
440.40000000,4.78875000,1.09174000,0.13516366,0.16174332
440.60000000,4.78725000,1.09753000,0.13522447,0.16181633
440.80000000,4.78962000,1.09107000,0.13528526,0.16188891
441.00000000,4.78962000,1.09107000,0.13534588,0.16196139
441.20000000,4.78300000,1.11190000,0.13540707,0.16203525
441.40000000,4.78300000,1.11638000,0.13546897,0.16210936
441.60000000,4.77987000,1.12732000,0.13553129,0.16218420
441.80000000,4.78237000,1.11376000,0.13559355,0.16225818
442.00000000,4.78237000,1.11376000,0.13565542,0.16233212
442.20000000,4.77975000,1.12915000,0.13571772,0.16240713
442.40000000,4.78312000,1.11542000,0.13578007,0.16248118
442.60000000,4.77975000,1.12764000,0.13584238,0.16255604
442.80000000,4.77975000,1.12764000,0.13590503,0.16263100
443.00000000,4.78612000,1.10515000,0.13596705,0.16270446
443.20000000,4.78612000,1.10236000,0.13602837,0.16277778
443.40000000,4.78875000,1.09062000,0.13608929,0.16285028
443.60000000,4.78625000,1.10208000,0.13615019,0.16292354
443.80000000,4.78625000,1.10208000,0.13621142,0.16299678
444.00000000,4.78475000,1.10713000,0.13627279,0.16307028
444.20000000,4.78000000,1.12256000,0.13633472,0.16314484
444.40000000,4.78200000,1.11868000,0.13639698,0.16321913
444.60000000,4.78200000,1.11868000,0.13645913,0.16329341
444.80000000,4.78037000,1.12153000,0.13652136,0.16336789
445.00000000,4.78137000,1.12230000,0.13658369,0.16344241
445.20000000,4.78100000,1.12176000,0.13664602,0.16351689
445.40000000,4.78025000,1.12172000,0.13670834,0.16359136
445.60000000,4.78025000,1.12172000,0.13677066,0.16366586
445.80000000,4.78162000,1.12032000,0.13683294,0.16374025
446.00000000,4.78125000,1.12288000,0.13689525,0.16381483
446.20000000,4.78187000,1.11728000,0.13695747,0.16388903
446.40000000,4.78187000,1.11728000,0.13701955,0.16396321
446.60000000,4.78037000,1.12627000,0.13708187,0.16403801
446.80000000,4.78187000,1.11622000,0.13714416,0.16411211
447.00000000,4.77925000,1.12960000,0.13720654,0.16418709
447.20000000,4.78312000,1.11558000,0.13726891,0.16426120
447.40000000,4.78312000,1.11558000,0.13733088,0.16433524
447.60000000,4.77875000,1.12809000,0.13739321,0.16441018
447.80000000,4.78312000,1.11353000,0.13745548,0.16448410
448.00000000,4.77925000,1.12956000,0.13751778,0.16455908
448.20000000,4.78400000,1.10611000,0.13757989,0.16463257
448.40000000,4.78400000,1.10611000,0.13764134,0.16470609
448.60000000,4.78537000,1.10272000,0.13770269,0.16477944
448.80000000,4.78950000,1.09174000,0.13776365,0.16485206
449.00000000,4.78475000,1.10486000,0.13782467,0.16492549
449.20000000,4.78475000,1.10486000,0.13788605,0.16499899
449.40000000,4.78975000,1.08995000,0.13794701,0.16507145
449.60000000,4.78662000,1.09843000,0.13800780,0.16514451
449.80000000,4.78925000,1.08950000,0.13806858,0.16521698
450.00000000,4.78925000,1.08950000,0.13812911,0.16528942
450.20000000,4.78687000,1.10156000,0.13818997,0.16536268
450.40000000,4.78862000,1.09036000,0.13825086,0.16543518
450.60000000,4.78737000,1.10000000,0.13831170,0.16550832
450.80000000,4.78762000,1.09702000,0.13837273,0.16558127
451.00000000,4.78762000,1.09702000,0.13843367,0.16565419
451.20000000,4.78587000,1.09910000,0.13849468,0.16572717
451.40000000,4.78125000,1.12182000,0.13855637,0.16580170
451.60000000,4.78312000,1.11536000,0.13861851,0.16587579
451.80000000,4.78312000,1.11536000,0.13868048,0.16594984
452.00000000,4.77975000,1.12534000,0.13874272,0.16602460
452.20000000,4.78362000,1.11334000,0.13880490,0.16609851
452.40000000,4.77962000,1.12860000,0.13886718,0.16617343
452.60000000,4.78300000,1.11184000,0.13892941,0.16624729
452.80000000,4.78300000,1.11184000,0.13899118,0.16632111
453.00000000,4.78037000,1.12480000,0.13905331,0.16639594
453.20000000,4.78975000,1.08790000,0.13911478,0.16646826
453.40000000,4.78625000,1.09920000,0.13917553,0.16654133
453.60000000,4.78625000,1.09920000,0.13923660,0.16661445
453.80000000,4.78987000,1.09008000,0.13929741,0.16668693
454.00000000,4.78700000,1.09859000,0.13935821,0.16676000
454.20000000,4.78875000,1.09152000,0.13941904,0.16683259
454.40000000,4.78725000,1.09948000,0.13947990,0.16690570
454.60000000,4.78725000,1.09948000,0.13954099,0.16697873
454.80000000,4.78287000,1.11379000,0.13960246,0.16705270
455.00000000,4.78125000,1.12374000,0.13966462,0.16712734
455.20000000,4.78250000,1.11740000,0.13972687,0.16720156
455.40000000,4.78250000,1.11740000,0.13978895,0.16727575
455.60000000,4.78012000,1.12406000,0.13985121,0.16735040
455.80000000,4.78162000,1.12112000,0.13991358,0.16742484
456.00000000,4.78112000,1.11968000,0.13997582,0.16749919
456.20000000,4.78075000,1.12486000,0.14003817,0.16757388
456.40000000,4.78075000,1.12486000,0.14010066,0.16764867
456.60000000,4.78687000,1.09878000,0.14016243,0.16772172
456.80000000,4.78687000,1.09760000,0.14022344,0.16779474
457.00000000,4.78987000,1.08841000,0.14028416,0.16786714
457.20000000,4.78662000,1.10099000,0.14034498,0.16794034
457.40000000,4.78662000,1.10099000,0.14040615,0.16801358
457.60000000,4.78987000,1.08784000,0.14046695,0.16808589
457.80000000,4.78562000,1.10659000,0.14052790,0.16815950
458.00000000,4.78975000,1.08809000,0.14058887,0.16823189
458.20000000,4.78975000,1.08809000,0.14064932,0.16830423
458.40000000,4.78725000,1.10121000,0.14071013,0.16837750
458.60000000,4.79000000,1.08601000,0.14077089,0.16844969
458.80000000,4.78650000,1.09936000,0.14083159,0.16852278
459.00000000,4.78650000,1.09936000,0.14089267,0.16859591
459.20000000,4.78975000,1.08982000,0.14095348,0.16866837
459.40000000,4.78700000,1.09744000,0.14101424,0.16874136
459.60000000,4.78900000,1.09171000,0.14107505,0.16881395
459.80000000,4.78687000,1.09878000,0.14113589,0.16888700
460.00000000,4.78687000,1.09878000,0.14119694,0.16896008
460.20000000,4.78875000,1.09024000,0.14125774,0.16903258
460.40000000,4.78825000,1.09635000,0.14131848,0.16910549
460.60000000,4.78825000,1.09257000,0.14137928,0.16917815
460.80000000,4.78825000,1.09408000,0.14144002,0.16925091
461.00000000,4.78825000,1.09408000,0.14150081,0.16932368
461.20000000,4.78850000,1.09654000,0.14156166,0.16939660
461.40000000,4.78800000,1.09264000,0.14162247,0.16946924
461.60000000,4.78700000,1.10006000,0.14168338,0.16954238
461.80000000,4.78700000,1.10006000,0.14174449,0.16961555
462.00000000,4.78900000,1.09094000,0.14180535,0.16968808
462.20000000,4.78687000,1.09692000,0.14186613,0.16976105
462.40000000,4.78950000,1.09094000,0.14192690,0.16983356
462.60000000,4.78587000,1.10329000,0.14198785,0.16990690
462.80000000,4.78587000,1.10329000,0.14204914,0.16998029
463.00000000,4.78925000,1.08841000,0.14211002,0.17005265
463.20000000,4.78700000,1.10003000,0.14217081,0.17012581
463.40000000,4.78825000,1.09132000,0.14223169,0.17019838
463.60000000,4.78825000,1.09132000,0.14229231,0.17027093
463.80000000,4.78637000,1.10134000,0.14235322,0.17034421
464.00000000,4.79037000,1.08774000,0.14241403,0.17041652
464.20000000,4.78625000,1.10000000,0.14247480,0.17048969
464.40000000,4.78987000,1.09036000,0.14253564,0.17056223
464.60000000,4.78987000,1.09036000,0.14259622,0.17063466
464.80000000,4.78237000,1.11376000,0.14265744,0.17070861
465.00000000,4.78100000,1.11936000,0.14271948,0.17078294
465.20000000,4.78075000,1.12489000,0.14278182,0.17085763
465.40000000,4.78075000,1.12489000,0.14284431,0.17093233
465.60000000,4.78125000,1.11971000,0.14290666,0.17100669
465.80000000,4.78187000,1.12016000,0.14296888,0.17108107
466.00000000,4.78062000,1.12227000,0.14303117,0.17115560
466.20000000,4.78125000,1.11849000,0.14309341,0.17122987
466.40000000,4.78125000,1.11849000,0.14315555,0.17130417
466.60000000,4.78312000,1.11545000,0.14321760,0.17137838
466.80000000,4.78975000,1.08521000,0.14327873,0.17145052
467.00000000,4.78650000,1.10192000,0.14333949,0.17152378
467.20000000,4.78650000,1.10192000,0.14340070,0.17159708
467.40000000,4.78937000,1.09030000,0.14346160,0.17166955
467.60000000,4.78612000,1.09881000,0.14352241,0.17174266
467.80000000,4.79012000,1.08659000,0.14358311,0.17181484
468.00000000,4.78312000,1.11193000,0.14364418,0.17188871
468.20000000,4.78312000,1.11193000,0.14370596,0.17196257
468.40000000,4.78287000,1.11420000,0.14376779,0.17203652
468.60000000,4.77875000,1.13222000,0.14383019,0.17211173
468.80000000,4.78225000,1.11532000,0.14389263,0.17218577
469.00000000,4.77987000,1.12704000,0.14395491,0.17226059
469.20000000,4.77987000,1.12704000,0.14401753,0.17233545
469.40000000,4.78237000,1.11673000,0.14407985,0.17240958
469.60000000,4.77950000,1.12313000,0.14414207,0.17248420
469.80000000,4.78337000,1.11276000,0.14420418,0.17255812
470.00000000,4.78337000,1.11276000,0.14426600,0.17263210
470.20000000,4.78637000,1.09872000,0.14432743,0.17270518
470.40000000,4.78925000,1.08937000,0.14438821,0.17277761
470.60000000,4.78700000,1.09993000,0.14444902,0.17285074
470.80000000,4.78800000,1.09267000,0.14450993,0.17292340
471.00000000,4.78800000,1.09267000,0.14457063,0.17299607
471.20000000,4.78850000,1.09312000,0.14463135,0.17306876
471.40000000,4.78775000,1.09644000,0.14469217,0.17314167
471.60000000,4.78787000,1.09132000,0.14475294,0.17321424
471.80000000,4.78787000,1.09132000,0.14481357,0.17328680
472.00000000,4.78700000,1.10019000,0.14487445,0.17335997
472.20000000,4.78862000,1.09084000,0.14493531,0.17343248
472.40000000,4.78562000,1.10070000,0.14499619,0.17350564
472.60000000,4.79062000,1.08800000,0.14505698,0.17357803
472.80000000,4.79062000,1.08800000,0.14511743,0.17365035
473.00000000,4.78575000,1.10156000,0.14517825,0.17372362
473.20000000,4.78950000,1.08729000,0.14523905,0.17379590
473.40000000,4.78587000,1.10326000,0.14529990,0.17386923
473.60000000,4.78587000,1.10326000,0.14536119,0.17394261
473.80000000,4.78912000,1.08777000,0.14542205,0.17401491
474.00000000,4.78550000,1.10473000,0.14548295,0.17408839
474.20000000,4.78900000,1.09136000,0.14554396,0.17416098
474.40000000,4.78575000,1.10073000,0.14560485,0.17423415
474.60000000,4.78575000,1.10073000,0.14566600,0.17430737
474.80000000,4.78962000,1.08905000,0.14572683,0.17437976
475.00000000,4.78612000,1.09833000,0.14578759,0.17445282
475.20000000,4.78900000,1.09043000,0.14584839,0.17452535
475.40000000,4.78675000,1.10070000,0.14590925,0.17459852
475.60000000,4.78675000,1.10070000,0.14597040,0.17467171
475.80000000,4.78750000,1.09392000,0.14603136,0.17474445
476.00000000,4.78737000,1.09676000,0.14609222,0.17481731
476.20000000,4.78287000,1.11443000,0.14615364,0.17489134
476.40000000,4.78287000,1.11443000,0.14621555,0.17496544
476.60000000,4.78775000,1.09008000,0.14627679,0.17503791
476.80000000,4.78675000,1.09785000,0.14633756,0.17511084
477.00000000,4.78287000,1.11161000,0.14639894,0.17518468
477.20000000,4.78737000,1.09510000,0.14646023,0.17525750
477.40000000,4.78737000,1.09510000,0.14652107,0.17533033
477.60000000,4.78862000,1.09452000,0.14658190,0.17540310
477.80000000,4.78675000,1.09740000,0.14664278,0.17547609
478.00000000,4.78912000,1.08937000,0.14670353,0.17554855
478.20000000,4.78912000,1.08937000,0.14676405,0.17562089
478.40000000,4.78100000,1.12134000,0.14682546,0.17569538
478.60000000,4.78287000,1.11180000,0.14688749,0.17576917
478.80000000,4.77875000,1.12937000,0.14694974,0.17584413
479.00000000,4.77875000,1.12937000,0.14701248,0.17591915
479.20000000,4.78287000,1.11420000,0.14707481,0.17599309
479.40000000,4.77775000,1.13011000,0.14713715,0.17606814
479.60000000,4.78150000,1.12172000,0.14719970,0.17614260
479.80000000,4.77950000,1.12659000,0.14726215,0.17621739
480.00000000,4.77950000,1.12659000,0.14732474,0.17629221
480.20000000,4.78200000,1.11561000,0.14738702,0.17636628
480.40000000,4.78037000,1.12614000,0.14744929,0.17644106
480.60000000,4.78137000,1.11644000,0.14751159,0.17651520
480.80000000,4.78137000,1.11644000,0.14757361,0.17658932
481.00000000,4.78000000,1.12454000,0.14763586,0.17666399
481.20000000,4.78087000,1.12092000,0.14769824,0.17673842
481.40000000,4.78025000,1.12057000,0.14776050,0.17681281
481.60000000,4.78112000,1.12144000,0.14782278,0.17688728
481.80000000,4.78112000,1.12144000,0.14788508,0.17696176
482.00000000,4.78187000,1.11648000,0.14794724,0.17703587
482.20000000,4.77925000,1.12550000,0.14800952,0.17711064
482.40000000,4.78312000,1.11344000,0.14807171,0.17718461
482.60000000,4.78312000,1.11344000,0.14813357,0.17725851
482.80000000,4.77875000,1.12819000,0.14819584,0.17733345
483.00000000,4.78237000,1.11548000,0.14825816,0.17740753
483.20000000,4.78175000,1.12192000,0.14832031,0.17748215
483.40000000,4.78875000,1.08963000,0.14838175,0.17755462
483.60000000,4.78875000,1.08963000,0.14844228,0.17762706
483.80000000,4.78637000,1.09945000,0.14850309,0.17770018
484.00000000,4.78900000,1.09065000,0.14856392,0.17777268
484.20000000,4.78612000,1.09667000,0.14862468,0.17784558
484.40000000,4.78612000,1.09667000,0.14868561,0.17791852
484.60000000,4.78837000,1.09222000,0.14874641,0.17799113
484.80000000,4.78687000,1.09974000,0.14880730,0.17806427
485.00000000,4.78812000,1.09395000,0.14886824,0.17813701
485.20000000,4.78737000,1.09932000,0.14892916,0.17821010
485.40000000,4.78737000,1.09932000,0.14899023,0.17828321
485.60000000,4.78812000,1.09203000,0.14905110,0.17835582
485.80000000,4.78737000,1.09580000,0.14911188,0.17842868
486.00000000,4.78725000,1.09641000,0.14917277,0.17850158
486.20000000,4.78725000,1.09641000,0.14923368,0.17857448
486.40000000,4.78712000,1.09363000,0.14929452,0.17864718
486.60000000,4.78675000,1.10102000,0.14935548,0.17872033
486.80000000,4.78350000,1.11280000,0.14941698,0.17879431
487.00000000,4.78650000,1.09782000,0.14947838,0.17886729
487.20000000,4.78650000,1.09782000,0.14953937,0.17894032
487.40000000,4.78950000,1.09027000,0.14960015,0.17901280
487.60000000,4.78662000,1.09958000,0.14966098,0.17908591
487.80000000,4.78737000,1.09712000,0.14972200,0.17915885
488.00000000,4.78675000,1.10211000,0.14978309,0.17923213
488.20000000,4.78675000,1.10211000,0.14984432,0.17930542
488.40000000,4.78850000,1.09049000,0.14990522,0.17937792
488.60000000,4.78650000,1.10278000,0.14996615,0.17945127
488.80000000,4.78925000,1.08774000,0.15002700,0.17952363
489.00000000,4.78925000,1.08774000,0.15008743,0.17959593
489.20000000,4.78587000,1.10025000,0.15014820,0.17966913
489.40000000,4.79037000,1.08780000,0.15020898,0.17974139
489.60000000,4.78300000,1.11145000,0.15027007,0.17981533
489.80000000,4.78950000,1.08860000,0.15033119,0.17988774
490.00000000,4.78950000,1.08860000,0.15039166,0.17996010
490.20000000,4.78587000,1.10435000,0.15045258,0.18003354
490.40000000,4.78800000,1.09046000,0.15051355,0.18010605
490.60000000,4.78775000,1.09782000,0.15057433,0.18017906
490.80000000,4.78775000,1.09782000,0.15063532,0.18025208
491.00000000,4.78900000,1.09232000,0.15069616,0.18032470
491.20000000,4.78712000,1.09596000,0.15075694,0.18039759
491.40000000,4.78875000,1.09532000,0.15081781,0.18047042
491.60000000,4.78737000,1.09532000,0.15087866,0.18054325
491.80000000,4.78737000,1.09532000,0.15093951,0.18061603
492.00000000,4.78375000,1.11046000,0.15100079,0.18068978
492.20000000,4.78187000,1.11910000,0.15106272,0.18076407
492.40000000,4.77962000,1.12380000,0.15112502,0.18083867
492.60000000,4.77962000,1.12380000,0.15118745,0.18091332
492.80000000,4.78275000,1.11616000,0.15124968,0.18098742
493.00000000,4.78012000,1.12662000,0.15131198,0.18106225
493.20000000,4.78212000,1.11462000,0.15137423,0.18113624
493.40000000,4.77950000,1.12841000,0.15143654,0.18121115
493.60000000,4.77950000,1.12841000,0.15149923,0.18128615
493.80000000,4.78550000,1.10528000,0.15156127,0.18135959
494.00000000,4.78437000,1.10361000,0.15162263,0.18143300
494.20000000,4.78937000,1.09027000,0.15168357,0.18150553
494.40000000,4.78937000,1.09027000,0.15174414,0.18157801
494.60000000,4.78675000,1.09996000,0.15180498,0.18165116
494.80000000,4.78800000,1.09353000,0.15186591,0.18172385
495.00000000,4.78600000,1.10508000,0.15192699,0.18179724
495.20000000,4.78200000,1.11398000,0.15198863,0.18187123
495.40000000,4.78200000,1.11398000,0.15205052,0.18194519
495.60000000,4.77987000,1.12768000,0.15211278,0.18202008
495.80000000,4.78200000,1.11900000,0.15217519,0.18209437
496.00000000,4.77975000,1.12585000,0.15223755,0.18216916
496.20000000,4.78300000,1.11900000,0.15229991,0.18224349
496.40000000,4.78300000,1.11900000,0.15236207,0.18231778
496.60000000,4.77987000,1.12332000,0.15242436,0.18239238
496.80000000,4.78125000,1.12057000,0.15248669,0.18246679
497.00000000,4.78100000,1.12176000,0.15254898,0.18254127
497.20000000,4.78100000,1.12176000,0.15261130,0.18261575
497.40000000,4.78012000,1.12387000,0.15267367,0.18269038
497.60000000,4.78137000,1.12067000,0.15273602,0.18276477
497.80000000,4.77937000,1.12649000,0.15279844,0.18283955
498.00000000,4.78237000,1.11433000,0.15286069,0.18291356
498.20000000,4.78237000,1.11433000,0.15292260,0.18298755
498.40000000,4.78012000,1.12659000,0.15298484,0.18306237
498.60000000,4.78225000,1.11385000,0.15304708,0.18313633
498.80000000,4.78050000,1.12774000,0.15310934,0.18321121
499.00000000,4.78050000,1.12774000,0.15317200,0.18328611
499.20000000,4.78225000,1.11750000,0.15323436,0.18336028
499.40000000,4.77875000,1.13145000,0.15329684,0.18343550
499.60000000,4.78687000,1.10160000,0.15335886,0.18350875
499.80000000,4.78700000,1.09926000,0.15342000,0.18358183
500.00000000,4.78700000,1.09926000,0.15348107,0.18365496
500.20000000,4.79000000,1.08768000,0.15354182,0.18372728
500.40000000,4.78712000,1.09808000,0.15360253,0.18380033
500.60000000,4.78975000,1.08736000,0.15366324,0.18387266
500.80000000,4.78700000,1.09990000,0.15372400,0.18394579
501.00000000,4.78700000,1.09990000,0.15378510,0.18401893
501.20000000,4.78762000,1.09481000,0.15384607,0.18409173
501.40000000,4.78737000,1.09686000,0.15390695,0.18416467
501.60000000,4.78850000,1.09478000,0.15396783,0.18423748
501.80000000,4.78850000,1.09478000,0.15402865,0.18431028
502.00000000,4.78762000,1.09248000,0.15408940,0.18438293
502.20000000,4.78787000,1.09772000,0.15415024,0.18445593
502.40000000,4.78825000,1.09219000,0.15421107,0.18452857
502.60000000,4.78687000,1.09696000,0.15427188,0.18460150
502.80000000,4.78687000,1.09696000,0.15433283,0.18467446
503.00000000,4.78887000,1.09177000,0.15439362,0.18474701
503.20000000,4.78437000,1.10819000,0.15445473,0.18482072
503.40000000,4.78912000,1.08944000,0.15451578,0.18489318
503.60000000,4.78912000,1.08944000,0.15457630,0.18496561
503.80000000,4.78675000,1.10009000,0.15463712,0.18503877
504.00000000,4.78837000,1.08960000,0.15469795,0.18511120
504.20000000,4.78600000,1.10217000,0.15475883,0.18518446
504.40000000,4.78925000,1.09100000,0.15481975,0.18525704
504.60000000,4.78925000,1.09100000,0.15488036,0.18532955
504.80000000,4.78525000,1.10476000,0.15494136,0.18540305
505.00000000,4.79075000,1.08780000,0.15500226,0.18547531
505.20000000,4.78237000,1.11609000,0.15506348,0.18554944
505.40000000,4.78287000,1.11443000,0.15512544,0.18562347
505.60000000,4.78287000,1.11443000,0.15518735,0.18569746
505.80000000,4.78025000,1.12697000,0.15524961,0.18577231
506.00000000,4.78200000,1.11814000,0.15531198,0.18584655
506.20000000,4.78037000,1.12601000,0.15537431,0.18592131
506.40000000,4.78037000,1.12601000,0.15543687,0.18599610
506.60000000,4.78212000,1.11971000,0.15549925,0.18607044
506.80000000,4.78037000,1.12268000,0.15556154,0.18614506
507.00000000,4.78550000,1.10636000,0.15562346,0.18621862
507.20000000,4.78725000,1.09568000,0.15568463,0.18629147
507.40000000,4.78725000,1.09568000,0.15574550,0.18636434
507.60000000,4.78862000,1.09270000,0.15580629,0.18643701
507.80000000,4.78850000,1.09465000,0.15586705,0.18650980
508.00000000,4.78775000,1.09699000,0.15592792,0.18658275
508.20000000,4.78775000,1.09699000,0.15598887,0.18665572
508.40000000,4.78937000,1.09276000,0.15604969,0.18672832
508.60000000,4.78325000,1.11388000,0.15611099,0.18680231
508.80000000,4.78312000,1.11257000,0.15617284,0.18687619
509.00000000,4.78100000,1.12627000,0.15623503,0.18695098
509.20000000,4.78100000,1.12627000,0.15629760,0.18702580
509.40000000,4.78287000,1.11411000,0.15635983,0.18709976
509.60000000,4.77975000,1.12806000,0.15642211,0.18717470
509.80000000,4.78300000,1.11676000,0.15648447,0.18724888
510.00000000,4.77962000,1.12630000,0.15654678,0.18732365
510.20000000,4.77962000,1.12630000,0.15660935,0.18739852
510.40000000,4.78612000,1.10400000,0.15667130,0.18747190
510.60000000,4.78575000,1.10227000,0.15673259,0.18754523
510.80000000,4.78975000,1.08569000,0.15679336,0.18761745
511.00000000,4.78975000,1.08569000,0.15685368,0.18768963
511.20000000,4.78675000,1.10003000,0.15691439,0.18776279
511.40000000,4.78825000,1.08835000,0.15697518,0.18783515
511.60000000,4.78675000,1.09900000,0.15703594,0.18790821
511.80000000,4.78675000,1.09900000,0.15709700,0.18798129
512.00000000,4.78787000,1.09548000,0.15715795,0.18805414
512.20000000,4.78800000,1.09033000,0.15721867,0.18812665
512.40000000,4.78825000,1.09619000,0.15727941,0.18819955
512.60000000,4.79000000,1.08688000,0.15734005,0.18827186
512.80000000,4.79000000,1.08688000,0.15740043,0.18834412
513.00000000,4.78712000,1.09670000,0.15746109,0.18841709
513.20000000,4.79037000,1.08748000,0.15752176,0.18848938
513.40000000,4.78612000,1.10089000,0.15758255,0.18856256
513.60000000,4.78612000,1.10089000,0.15764371,0.18863578
513.80000000,4.78887000,1.09040000,0.15770458,0.18870827
514.00000000,4.78637000,1.10060000,0.15776544,0.18878146
514.20000000,4.78837000,1.09078000,0.15782631,0.18885401
514.40000000,4.78837000,1.09078000,0.15788691,0.18892654
514.60000000,4.78750000,1.09936000,0.15794774,0.18899966
514.80000000,4.78887000,1.09116000,0.15800859,0.18907219
515.00000000,4.78575000,1.09868000,0.15806942,0.18914526
515.20000000,4.78850000,1.09401000,0.15813033,0.18921801
515.40000000,4.78850000,1.09401000,0.15819111,0.18929073
515.60000000,4.78562000,1.10140000,0.15825209,0.18936398
515.80000000,4.78837000,1.09110000,0.15831299,0.18943653
516.00000000,4.78737000,1.09763000,0.15837379,0.18950951
516.20000000,4.78737000,1.09763000,0.15843477,0.18958250
516.40000000,4.78787000,1.09334000,0.15849563,0.18965521
516.60000000,4.78787000,1.09638000,0.15855646,0.18972810
516.80000000,4.78725000,1.09833000,0.15861742,0.18980114
517.00000000,4.78787000,1.09164000,0.15867825,0.18987373
517.20000000,4.78787000,1.09164000,0.15873890,0.18994631
517.40000000,4.78687000,1.10070000,0.15879980,0.19001951
517.60000000,4.78825000,1.09417000,0.15886077,0.19009227
517.80000000,4.78787000,1.09638000,0.15892162,0.19016520
518.00000000,4.78962000,1.09254000,0.15898242,0.19023788
518.20000000,4.78962000,1.09254000,0.15904312,0.19031052
518.40000000,4.78712000,1.09680000,0.15910393,0.19038348
518.60000000,4.78912000,1.09052000,0.15916469,0.19045591
518.80000000,4.78250000,1.11600000,0.15922598,0.19053004
519.00000000,4.78250000,1.11600000,0.15928798,0.19060416
519.20000000,4.78162000,1.11667000,0.15935000,0.19067829
519.40000000,4.77987000,1.13084000,0.15941243,0.19075342
519.60000000,4.78337000,1.11404000,0.15947479,0.19082738
519.80000000,4.77987000,1.12592000,0.15953701,0.19090212
520.00000000,4.77987000,1.12592000,0.15959956,0.19097692
520.20000000,4.78300000,1.11654000,0.15966185,0.19105104
520.40000000,4.77987000,1.12441000,0.15972410,0.19112576
520.60000000,4.78462000,1.10937000,0.15978615,0.19119948
520.80000000,4.78462000,1.10937000,0.15984778,0.19127324
521.00000000,4.78687000,1.09932000,0.15990913,0.19134635
521.20000000,4.78850000,1.09152000,0.15996999,0.19141893
521.40000000,4.78775000,1.09638000,0.16003077,0.19149185
521.60000000,4.78850000,1.09235000,0.16009156,0.19156450
521.80000000,4.78850000,1.09235000,0.16015225,0.19163713
522.00000000,4.78750000,1.09414000,0.16021299,0.19170979
522.20000000,4.78137000,1.12259000,0.16027456,0.19178434
522.40000000,4.78100000,1.12096000,0.16033688,0.19185877
522.60000000,4.78062000,1.12579000,0.16039929,0.19193352
522.80000000,4.78062000,1.12579000,0.16046184,0.19200830
523.00000000,4.78262000,1.11753000,0.16052415,0.19208250
523.20000000,4.78062000,1.12281000,0.16058638,0.19215710
523.40000000,4.78375000,1.11558000,0.16064856,0.19223122
523.60000000,4.78375000,1.11558000,0.16071054,0.19230529
523.80000000,4.78062000,1.12544000,0.16077279,0.19238013
524.00000000,4.78737000,1.09638000,0.16083450,0.19245302
524.20000000,4.78725000,1.10086000,0.16089554,0.19252625
524.40000000,4.78912000,1.09145000,0.16095644,0.19259885
524.60000000,4.78912000,1.09145000,0.16101707,0.19267140
524.80000000,4.78637000,1.09913000,0.16107792,0.19274453
525.00000000,4.79000000,1.08937000,0.16113871,0.19281695
525.20000000,4.78662000,1.09872000,0.16119949,0.19288999
525.40000000,4.78662000,1.09872000,0.16126053,0.19296308
525.60000000,4.78925000,1.09161000,0.16132138,0.19303562
525.80000000,4.78450000,1.11065000,0.16138255,0.19310948
526.00000000,4.78850000,1.08972000,0.16144367,0.19318193
526.20000000,4.78662000,1.10160000,0.16150454,0.19325516
526.40000000,4.78662000,1.10160000,0.16156574,0.19332844
526.60000000,4.78912000,1.09209000,0.16162668,0.19340105
526.80000000,4.78762000,1.09372000,0.16168739,0.19347379
527.00000000,4.78812000,1.09420000,0.16174817,0.19354655
527.20000000,4.78887000,1.09171000,0.16180889,0.19361917
527.40000000,4.78887000,1.09171000,0.16186954,0.19369175
527.60000000,4.78725000,1.09756000,0.16193035,0.19376476
527.80000000,4.78937000,1.09244000,0.16199119,0.19383738
528.00000000,4.78612000,1.10067000,0.16205211,0.19391055
528.20000000,4.78612000,1.10067000,0.16211325,0.19398376
528.40000000,4.78925000,1.09139000,0.16217414,0.19405632
528.60000000,4.78662000,1.10076000,0.16223504,0.19412953
528.80000000,4.78887000,1.08924000,0.16229587,0.19420193
529.00000000,4.78562000,1.10755000,0.16235689,0.19427555
529.20000000,4.78562000,1.10755000,0.16241842,0.19434921
529.40000000,4.78862000,1.09081000,0.16247949,0.19442172
529.60000000,4.78637000,1.10073000,0.16254037,0.19449492
529.80000000,4.78812000,1.09484000,0.16260135,0.19456773
530.00000000,4.78812000,1.09484000,0.16266218,0.19464050
530.20000000,4.78587000,1.10192000,0.16272320,0.19471380
530.40000000,4.78912000,1.08944000,0.16278407,0.19478623
530.60000000,4.78675000,1.10361000,0.16284499,0.19485954
530.80000000,4.78287000,1.11510000,0.16290662,0.19493361
531.00000000,4.78287000,1.11510000,0.16296857,0.19500776
531.20000000,4.78750000,1.09772000,0.16303004,0.19508077
531.40000000,4.78875000,1.09356000,0.16309091,0.19515348
531.60000000,4.78750000,1.09571000,0.16315172,0.19522634
531.80000000,4.78750000,1.09571000,0.16321259,0.19529921
532.00000000,4.78812000,1.09795000,0.16327353,0.19537219
532.20000000,4.78612000,1.10508000,0.16333472,0.19544558
532.40000000,4.78125000,1.12067000,0.16339655,0.19552001
532.60000000,4.78212000,1.11964000,0.16345878,0.19559438
532.80000000,4.78212000,1.11964000,0.16352098,0.19566871
533.00000000,4.78025000,1.12176000,0.16358324,0.19574322
533.20000000,4.78225000,1.11907000,0.16364549,0.19581751
533.40000000,4.78012000,1.12982000,0.16370796,0.19589255
533.60000000,4.78175000,1.11936000,0.16377043,0.19596689
533.80000000,4.78175000,1.11936000,0.16383262,0.19604123
534.00000000,4.78175000,1.11932000,0.16389481,0.19611570
534.20000000,4.79000000,1.08988000,0.16395617,0.19618814
534.40000000,4.78575000,1.10240000,0.16401707,0.19626141
534.60000000,4.78575000,1.10240000,0.16407831,0.19633475
534.80000000,4.78975000,1.08988000,0.16413921,0.19640721
535.00000000,4.78675000,1.10144000,0.16420008,0.19648047
535.20000000,4.78900000,1.09072000,0.16426097,0.19655295
535.40000000,4.78475000,1.11155000,0.16432215,0.19662682
535.60000000,4.78475000,1.11155000,0.16438390,0.19670066
535.80000000,4.78287000,1.11289000,0.16444569,0.19677455
536.00000000,4.78050000,1.12460000,0.16450784,0.19684925
536.20000000,4.78237000,1.11907000,0.16457017,0.19692358
536.40000000,4.78237000,1.11907000,0.16463234,0.19699787
536.60000000,4.78012000,1.12374000,0.16469464,0.19707251
536.80000000,4.78200000,1.12012000,0.16475697,0.19714688
537.00000000,4.78050000,1.12422000,0.16481931,0.19722155
537.20000000,4.78212000,1.11612000,0.16488154,0.19729568
537.40000000,4.78212000,1.11612000,0.16494355,0.19736992
537.60000000,4.78925000,1.09164000,0.16500488,0.19744250
537.80000000,4.78725000,1.09577000,0.16506564,0.19751540
538.00000000,4.78962000,1.08982000,0.16512635,0.19758790
538.20000000,4.78750000,1.09977000,0.16518717,0.19766102
538.40000000,4.78750000,1.09977000,0.16524827,0.19773418
538.60000000,4.78962000,1.08860000,0.16530906,0.19780655
538.80000000,4.78650000,1.10214000,0.16536991,0.19787985
539.00000000,4.78825000,1.09228000,0.16543087,0.19795249
539.20000000,4.78825000,1.09228000,0.16549155,0.19802511
539.40000000,4.78712000,1.09798000,0.16555239,0.19809814
539.60000000,4.78887000,1.09104000,0.16561319,0.19817068
539.80000000,4.78687000,1.09561000,0.16567393,0.19824355
540.00000000,4.78925000,1.09209000,0.16573470,0.19831620
540.20000000,4.78925000,1.09209000,0.16579538,0.19838880
540.40000000,4.78687000,1.09747000,0.16585620,0.19846179
540.60000000,4.78825000,1.09388000,0.16591707,0.19853452
540.80000000,4.78712000,1.09836000,0.16597796,0.19860755
541.00000000,4.78712000,1.09836000,0.16603898,0.19868061
541.20000000,4.78962000,1.08838000,0.16609973,0.19875294
541.40000000,4.78462000,1.11043000,0.16616080,0.19882670
541.60000000,4.78237000,1.11785000,0.16622270,0.19890094
541.80000000,4.78187000,1.12022000,0.16628487,0.19897534
542.00000000,4.78187000,1.12022000,0.16634710,0.19904973
542.20000000,4.78150000,1.12124000,0.16640937,0.19912420
542.40000000,4.78175000,1.11747000,0.16647155,0.19919840
542.60000000,4.78112000,1.12336000,0.16653380,0.19927300
542.80000000,4.78112000,1.12336000,0.16659621,0.19934763
543.00000000,4.78362000,1.11318000,0.16665833,0.19942157
543.20000000,4.78212000,1.11667000,0.16672027,0.19949583
543.40000000,4.78800000,1.09568000,0.16678173,0.19956866
543.60000000,4.78637000,1.10108000,0.16684275,0.19964186
543.80000000,4.78637000,1.10108000,0.16690392,0.19971511
544.00000000,4.79000000,1.08876000,0.16696475,0.19978749
544.20000000,4.78625000,1.10000000,0.16702555,0.19986064
544.40000000,4.78787000,1.09475000,0.16708651,0.19993344
544.60000000,4.78850000,1.09513000,0.16714734,0.20000627
544.80000000,4.78850000,1.09513000,0.16720818,0.20007909
545.00000000,4.78775000,1.09280000,0.16726896,0.20015177
545.20000000,4.78862000,1.09360000,0.16732969,0.20022449
545.40000000,4.78775000,1.09542000,0.16739050,0.20029733
545.60000000,4.78775000,1.09542000,0.16745136,0.20037018
545.80000000,4.78812000,1.09340000,0.16751216,0.20044279
546.00000000,4.78100000,1.12278000,0.16757372,0.20051735
546.20000000,4.78125000,1.12003000,0.16763602,0.20059172
546.40000000,4.78125000,1.12003000,0.16769824,0.20066611
546.60000000,4.78162000,1.12220000,0.16776053,0.20074064
546.80000000,4.78212000,1.11552000,0.16782268,0.20081471
547.00000000,4.78075000,1.12236000,0.16788485,0.20088926
547.20000000,4.78237000,1.11820000,0.16794709,0.20096353
547.40000000,4.78237000,1.11820000,0.16800921,0.20103777
547.60000000,4.78012000,1.12448000,0.16807150,0.20111253
547.80000000,4.78687000,1.10172000,0.16813334,0.20118578
548.00000000,4.78712000,1.09766000,0.16819444,0.20125876
548.20000000,4.78712000,1.09766000,0.16825542,0.20133177
548.40000000,4.78900000,1.08998000,0.16831619,0.20140426
548.60000000,4.78812000,1.09718000,0.16837694,0.20147723
548.80000000,4.78887000,1.09145000,0.16843774,0.20154983
549.00000000,4.78200000,1.11824000,0.16849912,0.20162410
549.20000000,4.78200000,1.11824000,0.16856124,0.20169837
549.40000000,4.78225000,1.11977000,0.16862341,0.20177272
549.60000000,4.78062000,1.12409000,0.16868574,0.20184739
549.80000000,4.78262000,1.11990000,0.16874807,0.20192178
550.00000000,4.78262000,1.11990000,0.16881029,0.20199615
550.20000000,4.78150000,1.11961000,0.16887249,0.20207051
550.40000000,4.78200000,1.11881000,0.16893467,0.20214483
550.60000000,4.78237000,1.11779000,0.16899680,0.20221907
550.80000000,4.78237000,1.11779000,0.16905890,0.20229336
551.00000000,4.78512000,1.10483000,0.16912064,0.20236686
551.20000000,4.78987000,1.08998000,0.16918161,0.20243931
551.40000000,4.78600000,1.10243000,0.16924251,0.20251262
551.60000000,4.78800000,1.09744000,0.16930361,0.20258560
551.80000000,4.78800000,1.09744000,0.16936458,0.20265847
552.00000000,4.78062000,1.12531000,0.16942633,0.20273322
552.20000000,4.78262000,1.11446000,0.16948854,0.20280723
552.40000000,4.78162000,1.12211000,0.16955067,0.20288175
552.60000000,4.78162000,1.12211000,0.16961301,0.20295627
552.80000000,4.78125000,1.11884000,0.16967526,0.20303057
553.00000000,4.78125000,1.12192000,0.16973750,0.20310507
553.20000000,4.78137000,1.12070000,0.16979980,0.20317949
553.40000000,4.78125000,1.12092000,0.16986206,0.20325393
553.60000000,4.78125000,1.12092000,0.16992434,0.20332837
553.80000000,4.78175000,1.11865000,0.16998655,0.20340267
554.00000000,4.78225000,1.11910000,0.17004871,0.20347699
554.20000000,4.78150000,1.12041000,0.17011091,0.20355142
554.40000000,4.78287000,1.11817000,0.17017310,0.20362570
554.60000000,4.78287000,1.11817000,0.17023522,0.20369995
554.80000000,4.78112000,1.12464000,0.17029752,0.20377466
555.00000000,4.78312000,1.11420000,0.17035971,0.20384864
555.20000000,4.78037000,1.12777000,0.17042199,0.20392352
555.40000000,4.78037000,1.12777000,0.17048464,0.20399845
555.60000000,4.78400000,1.11126000,0.17054683,0.20407225
555.80000000,4.78137000,1.12268000,0.17060889,0.20414683
556.00000000,4.78325000,1.11510000,0.17067105,0.20422094
556.20000000,4.78487000,1.10617000,0.17073275,0.20429445
556.40000000,4.78487000,1.10617000,0.17079420,0.20436803
556.60000000,4.78912000,1.09270000,0.17085528,0.20444070
556.80000000,4.78837000,1.09513000,0.17091606,0.20451352
557.00000000,4.78762000,1.09817000,0.17097698,0.20458654
557.20000000,4.78762000,1.09817000,0.17103799,0.20465959
557.40000000,4.78950000,1.09072000,0.17109879,0.20473209
557.60000000,4.78587000,1.10176000,0.17115970,0.20480538
557.80000000,4.78962000,1.09110000,0.17122061,0.20487793
558.00000000,4.78737000,1.09920000,0.17128145,0.20495102
558.20000000,4.78737000,1.09920000,0.17134252,0.20502413
558.40000000,4.78900000,1.08976000,0.17140332,0.20509658
558.60000000,4.78662000,1.10377000,0.17146425,0.20517000
558.80000000,4.78962000,1.08652000,0.17152510,0.20524228
559.00000000,4.78687000,1.09932000,0.17158581,0.20531537
559.20000000,4.78687000,1.09932000,0.17164689,0.20538841
559.40000000,4.78400000,1.11139000,0.17170829,0.20546219
559.60000000,4.77962000,1.12569000,0.17177044,0.20553697
559.80000000,4.78312000,1.11664000,0.17183272,0.20561115
560.00000000,4.78312000,1.11664000,0.17189476,0.20568528
560.20000000,4.77975000,1.12723000,0.17195709,0.20576015
560.40000000,4.78212000,1.11859000,0.17201947,0.20583442
560.60000000,4.78050000,1.12784000,0.17208187,0.20590933
560.80000000,4.78187000,1.11680000,0.17214422,0.20598350
561.00000000,4.78187000,1.11680000,0.17220627,0.20605773
561.20000000,4.78587000,1.10281000,0.17226792,0.20613109
561.40000000,4.78950000,1.09334000,0.17232893,0.20620378
561.60000000,4.78687000,1.09587000,0.17238974,0.20627664
561.80000000,4.78687000,1.09587000,0.17245062,0.20634951
562.00000000,4.78725000,1.10083000,0.17251164,0.20642268
562.20000000,4.78625000,1.10172000,0.17257282,0.20649592
562.40000000,4.78600000,1.10140000,0.17263402,0.20656909
562.60000000,4.78362000,1.11472000,0.17269558,0.20664315
562.80000000,4.78362000,1.11472000,0.17275751,0.20671716
563.00000000,4.78025000,1.12416000,0.17281970,0.20679185
563.20000000,4.78362000,1.11155000,0.17288180,0.20686564
563.40000000,4.77937000,1.12870000,0.17294403,0.20694056
563.60000000,4.77937000,1.12870000,0.17300674,0.20701554
563.80000000,4.78312000,1.11187000,0.17306898,0.20708934
564.00000000,4.77862000,1.12992000,0.17313125,0.20716439
564.20000000,4.78275000,1.11628000,0.17319364,0.20723861
564.40000000,4.78675000,1.09734000,0.17325513,0.20731156
564.60000000,4.78675000,1.09734000,0.17331609,0.20738456
564.80000000,4.78950000,1.09110000,0.17337688,0.20745711
565.00000000,4.78750000,1.09616000,0.17343764,0.20753001
565.20000000,4.78825000,1.09161000,0.17349841,0.20760260
565.40000000,4.78825000,1.09161000,0.17355906,0.20767519
565.60000000,4.78762000,1.10044000,0.17361995,0.20774837
565.80000000,4.78800000,1.09196000,0.17368085,0.20782098
566.00000000,4.78762000,1.09456000,0.17374159,0.20789378
566.20000000,4.78887000,1.09324000,0.17380236,0.20796649
566.40000000,4.78887000,1.09324000,0.17386309,0.20803920
566.60000000,4.78837000,1.09081000,0.17392376,0.20811174
566.80000000,4.78800000,1.09596000,0.17398450,0.20818463
567.00000000,4.78875000,1.09049000,0.17404524,0.20825716
567.20000000,4.78737000,1.09603000,0.17410598,0.20833004
567.40000000,4.78737000,1.09603000,0.17416687,0.20840296
567.60000000,4.79025000,1.08809000,0.17422754,0.20847529
567.80000000,4.78625000,1.10064000,0.17428833,0.20854853
568.00000000,4.79112000,1.08476000,0.17434904,0.20862071
568.20000000,4.79112000,1.08476000,0.17440930,0.20869283
568.40000000,4.78712000,1.09936000,0.17446997,0.20876594
568.60000000,4.78787000,1.09417000,0.17453091,0.20883868
568.80000000,4.78675000,1.10041000,0.17459187,0.20891184
569.00000000,4.78675000,1.10041000,0.17465300,0.20898504
569.20000000,4.78937000,1.08896000,0.17471382,0.20905743
569.40000000,4.78612000,1.09932000,0.17477460,0.20913055
569.60000000,4.78925000,1.09244000,0.17483548,0.20920319
569.80000000,4.78737000,1.09564000,0.17489626,0.20927604
570.00000000,4.78737000,1.09564000,0.17495713,0.20934890
570.20000000,4.78800000,1.09257000,0.17501792,0.20942156
570.40000000,4.78812000,1.09763000,0.17507876,0.20949452
570.60000000,4.78637000,1.10006000,0.17513980,0.20956765
570.80000000,4.78637000,1.10006000,0.17520092,0.20964083
571.00000000,4.78950000,1.09056000,0.17526177,0.20971334
571.20000000,4.78737000,1.09939000,0.17532260,0.20978648
571.40000000,4.79012000,1.08816000,0.17538336,0.20985888
571.60000000,4.79012000,1.08816000,0.17544382,0.20993122
571.80000000,4.78675000,1.10217000,0.17550466,0.21000456
572.00000000,4.79050000,1.08553000,0.17556543,0.21007673
572.20000000,4.78700000,1.10016000,0.17562614,0.21014992
572.40000000,4.79025000,1.08713000,0.17568690,0.21022225
572.60000000,4.79025000,1.08713000,0.17574730,0.21029448
572.80000000,4.78337000,1.11248000,0.17580840,0.21036837
573.00000000,4.78250000,1.11881000,0.17587038,0.21044265
573.20000000,4.78025000,1.12489000,0.17593270,0.21051734
573.40000000,4.78025000,1.12489000,0.17599520,0.21059205
573.60000000,4.78225000,1.11590000,0.17605744,0.21066616
573.80000000,4.78187000,1.12339000,0.17611964,0.21074078
574.00000000,4.78262000,1.11785000,0.17618190,0.21081503
574.20000000,4.78187000,1.11984000,0.17624406,0.21088940
574.40000000,4.78187000,1.11984000,0.17630627,0.21096381
574.60000000,4.78387000,1.11376000,0.17636832,0.21103788
574.80000000,4.78887000,1.09318000,0.17642962,0.21111058
575.00000000,4.78775000,1.09763000,0.17649048,0.21118360
575.20000000,4.78987000,1.08886000,0.17655121,0.21125603
575.40000000,4.78987000,1.08886000,0.17661170,0.21132845
575.60000000,4.78825000,1.09737000,0.17667243,0.21140146
575.80000000,4.79050000,1.08886000,0.17673316,0.21147379
576.00000000,4.78287000,1.11497000,0.17679438,0.21154786
576.20000000,4.78287000,1.11497000,0.17685632,0.21162193
576.40000000,4.78325000,1.11523000,0.17691827,0.21169598
576.60000000,4.78075000,1.12832000,0.17698059,0.21177092
576.80000000,4.78212000,1.11785000,0.17704299,0.21184515
577.00000000,4.78125000,1.12080000,0.17710517,0.21191958
577.20000000,4.78125000,1.12080000,0.17716744,0.21199403
577.40000000,4.78250000,1.11817000,0.17722963,0.21206829
577.60000000,4.78175000,1.11766000,0.17729174,0.21214258
577.80000000,4.78562000,1.10992000,0.17735361,0.21221635
578.00000000,4.78562000,1.10992000,0.17741528,0.21229017
578.20000000,4.78887000,1.09219000,0.17747645,0.21236282
578.40000000,4.78875000,1.09081000,0.17753709,0.21243536
578.60000000,4.78812000,1.09606000,0.17759783,0.21250824
578.80000000,4.78787000,1.09500000,0.17765869,0.21258106
579.00000000,4.78787000,1.09500000,0.17771953,0.21265389
579.20000000,4.78900000,1.09075000,0.17778024,0.21272643
579.40000000,4.78837000,1.09728000,0.17784102,0.21279941
579.60000000,4.78837000,1.09171000,0.17790183,0.21287199
579.80000000,4.78712000,1.10028000,0.17796272,0.21294515
580.00000000,4.78712000,1.10028000,0.17802384,0.21301833
580.20000000,4.78875000,1.09196000,0.17808474,0.21309093
580.40000000,4.78737000,1.09676000,0.17814554,0.21316390
580.60000000,4.78987000,1.08985000,0.17820627,0.21323640
580.80000000,4.78987000,1.08985000,0.17826682,0.21330888
581.00000000,4.78837000,1.09478000,0.17832751,0.21338168
581.20000000,4.78787000,1.09388000,0.17838830,0.21345444
581.40000000,4.78887000,1.09440000,0.17844909,0.21352721
581.60000000,4.78775000,1.09616000,0.17850994,0.21360010
581.80000000,4.78775000,1.09616000,0.17857083,0.21367301
582.00000000,4.78912000,1.09043000,0.17863157,0.21374552
582.20000000,4.78775000,1.09785000,0.17869236,0.21381856
582.40000000,4.79012000,1.08700000,0.17875305,0.21389088
582.60000000,4.79012000,1.08700000,0.17881344,0.21396316
582.80000000,4.78762000,1.09763000,0.17887412,0.21403618
583.00000000,4.79000000,1.09001000,0.17893489,0.21410866
583.20000000,4.78737000,1.09587000,0.17899561,0.21418156
583.40000000,4.78950000,1.09280000,0.17905641,0.21425425
583.60000000,4.78950000,1.09280000,0.17911712,0.21432691
583.80000000,4.78737000,1.09827000,0.17917798,0.21439996
584.00000000,4.78875000,1.09481000,0.17923890,0.21447278
584.20000000,4.78900000,1.09465000,0.17929972,0.21454559
584.40000000,4.78812000,1.09408000,0.17936051,0.21461835
584.60000000,4.78812000,1.09408000,0.17942130,0.21469113
584.80000000,4.78962000,1.09113000,0.17948200,0.21476361
585.00000000,4.78312000,1.11728000,0.17954334,0.21483794
585.20000000,4.78975000,1.08809000,0.17960460,0.21491033
585.40000000,4.78975000,1.08809000,0.17966505,0.21498266
585.60000000,4.78662000,1.10217000,0.17972589,0.21505599
585.80000000,4.79000000,1.08713000,0.17978671,0.21512826
586.00000000,4.78662000,1.09939000,0.17984744,0.21520133
586.20000000,4.78512000,1.10633000,0.17990871,0.21527485
586.40000000,4.78512000,1.10633000,0.17997018,0.21534831
586.60000000,4.78062000,1.12355000,0.18003212,0.21542294
586.80000000,4.78262000,1.11542000,0.18009431,0.21549702
587.00000000,4.78150000,1.12438000,0.18015653,0.21557169
587.20000000,4.78150000,1.12438000,0.18021899,0.21564633
587.40000000,4.77987000,1.12512000,0.18028148,0.21572103
587.60000000,4.78037000,1.12499000,0.18034398,0.21579575
587.80000000,4.78187000,1.12003000,0.18040634,0.21587019
588.00000000,4.78550000,1.10320000,0.18046810,0.21594352
588.20000000,4.78550000,1.10320000,0.18052939,0.21601688
588.40000000,4.78812000,1.09420000,0.18059043,0.21608966
588.60000000,4.78925000,1.09068000,0.18065112,0.21616219
588.80000000,4.78750000,1.09734000,0.18071190,0.21623515
589.00000000,4.78750000,1.09734000,0.18077286,0.21630818
589.20000000,4.79137000,1.08332000,0.18083343,0.21638018
589.40000000,4.78537000,1.10604000,0.18089425,0.21645366
589.60000000,4.78325000,1.11308000,0.18095589,0.21652755
589.80000000,4.77962000,1.13033000,0.18101821,0.21660258
590.00000000,4.77962000,1.13033000,0.18108100,0.21667767
590.20000000,4.78275000,1.11491000,0.18114337,0.21675169
590.40000000,4.78062000,1.12457000,0.18120558,0.21682640
590.60000000,4.78275000,1.11868000,0.18126789,0.21690071
590.80000000,4.78275000,1.11868000,0.18133004,0.21697498
591.00000000,4.78037000,1.12220000,0.18139229,0.21704951
591.20000000,4.78150000,1.12070000,0.18145459,0.21712403
591.40000000,4.78787000,1.09408000,0.18151611,0.21719669
591.60000000,4.78187000,1.11817000,0.18157756,0.21727096
591.80000000,4.78187000,1.11817000,0.18163968,0.21734523
592.00000000,4.78250000,1.11625000,0.18170175,0.21741933
592.20000000,4.77975000,1.12556000,0.18176402,0.21749409
592.40000000,4.78225000,1.11833000,0.18182635,0.21756837
592.60000000,4.77987000,1.12908000,0.18188878,0.21764333
592.80000000,4.77987000,1.12908000,0.18195151,0.21771832
593.00000000,4.78212000,1.11510000,0.18201385,0.21779235
593.20000000,4.78025000,1.12860000,0.18207617,0.21786733
593.40000000,4.78312000,1.11360000,0.18213846,0.21794131
593.60000000,4.78312000,1.11360000,0.18220032,0.21801523
593.80000000,4.77925000,1.12793000,0.18226259,0.21809019
594.00000000,4.78537000,1.10937000,0.18232473,0.21816393
594.20000000,4.78600000,1.10236000,0.18238617,0.21823721
594.40000000,4.78600000,1.10236000,0.18244741,0.21831054
594.60000000,4.78925000,1.09299000,0.18250840,0.21838319
594.80000000,4.78600000,1.10291000,0.18256939,0.21845656
595.00000000,4.78937000,1.08812000,0.18263026,0.21852894
595.20000000,4.78775000,1.09916000,0.18269101,0.21860203
595.40000000,4.78775000,1.09916000,0.18275208,0.21867513
595.60000000,4.78862000,1.09152000,0.18281293,0.21874771
595.80000000,4.78787000,1.09516000,0.18287367,0.21882055
596.00000000,4.78862000,1.09443000,0.18293449,0.21889334
596.20000000,4.78862000,1.09443000,0.18299529,0.21896611
596.40000000,4.78750000,1.09520000,0.18305612,0.21903894
596.60000000,4.78775000,1.09587000,0.18311698,0.21911183
596.80000000,4.78887000,1.09449000,0.18317782,0.21918462
597.00000000,4.78887000,1.09449000,0.18323863,0.21925740
597.20000000,4.78725000,1.09561000,0.18329946,0.21933027
597.40000000,4.78900000,1.09145000,0.18336022,0.21940276
597.60000000,4.78212000,1.11808000,0.18342159,0.21947713
597.80000000,4.78925000,1.09027000,0.18348294,0.21954966
598.00000000,4.78925000,1.09027000,0.18354351,0.21962214
598.20000000,4.78650000,1.10326000,0.18360444,0.21969549
598.40000000,4.78700000,1.09664000,0.18366555,0.21976840
598.60000000,4.78700000,1.09939000,0.18372655,0.21984149
598.80000000,4.78700000,1.09939000,0.18378762,0.21991463
599.00000000,4.79000000,1.09036000,0.18384845,0.21998712
599.20000000,4.78637000,1.09840000,0.18390925,0.22006018
599.40000000,4.78925000,1.09046000,0.18397005,0.22013268
599.60000000,4.78700000,1.10147000,0.18403094,0.22020591
599.80000000,4.78700000,1.10147000,0.18409213,0.22027912
600.00000000,4.78537000,1.10486000,0.18415342,0.22035247
600.20000000,4.77975000,1.12508000,0.18421536,0.22042720
600.40000000,4.78275000,1.11561000,0.18427760,0.22050128
600.60000000,4.78100000,1.12224000,0.18433976,0.22057580
600.80000000,4.78100000,1.12224000,0.18440211,0.22065035
601.00000000,4.78262000,1.11712000,0.18446432,0.22072454
601.20000000,4.78175000,1.11888000,0.18452643,0.22079884
601.40000000,4.78125000,1.12262000,0.18458869,0.22087339
601.60000000,4.78125000,1.12262000,0.18465106,0.22094800
601.80000000,4.78500000,1.10742000,0.18471300,0.22102162
602.00000000,4.78662000,1.09958000,0.18477431,0.22109477
602.20000000,4.79000000,1.08832000,0.18483508,0.22116712
602.40000000,4.78625000,1.10035000,0.18489588,0.22124026
602.60000000,4.78625000,1.10035000,0.18495701,0.22131346
602.80000000,4.78925000,1.08700000,0.18501777,0.22138568
603.00000000,4.78375000,1.11475000,0.18507893,0.22145974
603.20000000,4.78325000,1.11462000,0.18514086,0.22153378
603.40000000,4.78325000,1.11462000,0.18520278,0.22160777
603.60000000,4.77925000,1.12899000,0.18526510,0.22168277
603.80000000,4.78275000,1.11782000,0.18532751,0.22175697
604.00000000,4.77937000,1.12656000,0.18538986,0.22183181
604.20000000,4.78300000,1.11500000,0.18545212,0.22190588
604.40000000,4.78300000,1.11500000,0.18551407,0.22197990
604.60000000,4.78000000,1.12790000,0.18557637,0.22205482
604.80000000,4.78237000,1.11430000,0.18563865,0.22212879
605.00000000,4.78000000,1.12889000,0.18570097,0.22220374
605.20000000,4.78000000,1.12889000,0.18576368,0.22227871
605.40000000,4.78137000,1.11942000,0.18582613,0.22235302
605.60000000,4.77987000,1.12521000,0.18588849,0.22242776
605.80000000,4.78212000,1.12105000,0.18595088,0.22250219
606.00000000,4.78062000,1.12000000,0.18601313,0.22257656
606.20000000,4.78062000,1.12000000,0.18607536,0.22265094
606.40000000,4.78162000,1.12252000,0.18613765,0.22272548
606.60000000,4.78100000,1.12259000,0.18620001,0.22280002
606.80000000,4.78087000,1.12211000,0.18626236,0.22287456
607.00000000,4.78325000,1.11542000,0.18632452,0.22294866
607.20000000,4.78325000,1.11542000,0.18638649,0.22302270
607.40000000,4.77925000,1.12748000,0.18644879,0.22309768
607.60000000,4.78812000,1.09574000,0.18651054,0.22317055
607.80000000,4.78775000,1.09900000,0.18657151,0.22324363
608.00000000,4.78775000,1.09900000,0.18663257,0.22331673
608.20000000,4.78950000,1.08800000,0.18669332,0.22338907
608.40000000,4.78700000,1.10185000,0.18675414,0.22346237
608.60000000,4.78975000,1.08832000,0.18681498,0.22353470
608.80000000,4.78537000,1.10502000,0.18687591,0.22360815
609.00000000,4.78537000,1.10502000,0.18693730,0.22368166
609.20000000,4.78975000,1.08924000,0.18699825,0.22375406
609.40000000,4.78612000,1.09952000,0.18705905,0.22382721
609.60000000,4.78975000,1.08732000,0.18711979,0.22389954
609.80000000,4.78975000,1.08732000,0.18718020,0.22397183
610.00000000,4.78650000,1.10099000,0.18724099,0.22404506
610.20000000,4.78912000,1.09027000,0.18730186,0.22411755
610.40000000,4.78700000,1.10096000,0.18736272,0.22419077
610.60000000,4.78850000,1.09228000,0.18742365,0.22426341
610.80000000,4.78850000,1.09228000,0.18748433,0.22433602
611.00000000,4.78587000,1.10505000,0.18754537,0.22440946
611.20000000,4.78500000,1.10649000,0.18760680,0.22448303
611.40000000,4.78725000,1.09424000,0.18766793,0.22455578
611.60000000,4.78675000,1.10326000,0.18772897,0.22462913
611.80000000,4.78675000,1.10326000,0.18779026,0.22470249
612.00000000,4.78762000,1.09731000,0.18785139,0.22477546
612.20000000,4.78762000,1.09680000,0.18791234,0.22484841
612.40000000,4.78887000,1.09200000,0.18797314,0.22492104
612.60000000,4.78887000,1.09200000,0.18803380,0.22499364
612.80000000,4.78700000,1.09881000,0.18809466,0.22506675
613.00000000,4.79062000,1.08649000,0.18815536,0.22513898
613.20000000,4.78625000,1.10124000,0.18821613,0.22521222
613.40000000,4.78875000,1.09081000,0.18827702,0.22528477
613.60000000,4.78875000,1.09081000,0.18833762,0.22535720
613.80000000,4.78062000,1.12678000,0.18839922,0.22543204
614.00000000,4.78212000,1.11628000,0.18846153,0.22550614
614.20000000,4.78000000,1.12640000,0.18852383,0.22558093
614.40000000,4.78000000,1.12640000,0.18858641,0.22565573
614.60000000,4.78162000,1.12150000,0.18864885,0.22573021
614.80000000,4.78175000,1.11756000,0.18871104,0.22580448
615.00000000,4.78462000,1.11155000,0.18877296,0.22587830
615.20000000,4.78200000,1.12128000,0.18883499,0.22595278
615.40000000,4.78200000,1.12128000,0.18889728,0.22602735
615.60000000,4.78837000,1.09267000,0.18895878,0.22610003
615.80000000,4.78912000,1.09449000,0.18901953,0.22617280
616.00000000,4.78712000,1.09744000,0.18908042,0.22624576
616.20000000,4.78712000,1.09744000,0.18914139,0.22631877
616.40000000,4.79012000,1.08774000,0.18920209,0.22639102
616.60000000,4.78200000,1.12304000,0.18926350,0.22646563
616.80000000,4.78362000,1.11321000,0.18932562,0.22653959
617.00000000,4.78112000,1.12467000,0.18938778,0.22661428
617.20000000,4.78112000,1.12467000,0.18945026,0.22668899
617.40000000,4.78300000,1.11564000,0.18951249,0.22676306
617.60000000,4.78025000,1.12454000,0.18957472,0.22683776
617.80000000,4.78275000,1.12054000,0.18963708,0.22691219
618.00000000,4.78275000,1.12054000,0.18969933,0.22698659
618.20000000,4.78025000,1.12502000,0.18976171,0.22706139
618.40000000,4.78700000,1.09907000,0.18982349,0.22713447
618.60000000,4.78800000,1.09763000,0.18988451,0.22720747
618.80000000,4.78912000,1.08908000,0.18994525,0.22727991
619.00000000,4.78912000,1.08908000,0.19000576,0.22735232
619.20000000,4.78750000,1.09955000,0.19006655,0.22742546
619.40000000,4.78900000,1.09318000,0.19012746,0.22749814
619.60000000,4.78700000,1.09763000,0.19018832,0.22757112
619.80000000,4.78700000,1.09763000,0.19024930,0.22764411
620.00000000,4.78825000,1.09596000,0.19031023,0.22771700
620.20000000,4.78850000,1.09363000,0.19037105,0.22778971
620.40000000,4.78675000,1.09625000,0.19043188,0.22786262
620.60000000,4.78837000,1.09728000,0.19049281,0.22793559
620.80000000,4.78837000,1.09728000,0.19055377,0.22800855
621.00000000,4.78750000,1.09638000,0.19061471,0.22808149
621.20000000,4.78987000,1.08899000,0.19067541,0.22815389
621.40000000,4.78675000,1.10044000,0.19073623,0.22822705
621.60000000,4.78912000,1.08924000,0.19079706,0.22829950
621.80000000,4.78912000,1.08924000,0.19085757,0.22837193
622.00000000,4.78787000,1.09923000,0.19091836,0.22844505
622.20000000,4.78912000,1.08985000,0.19097917,0.22851752
622.40000000,4.78750000,1.09638000,0.19103990,0.22859042
622.60000000,4.78750000,1.09638000,0.19110081,0.22866335
622.80000000,4.78975000,1.09248000,0.19116161,0.22873599
623.00000000,4.78675000,1.09740000,0.19122244,0.22880898
623.20000000,4.78887000,1.09363000,0.19128330,0.22888172
623.40000000,4.78725000,1.09728000,0.19134416,0.22895467
623.60000000,4.78725000,1.09728000,0.19140512,0.22902766
623.80000000,4.78925000,1.08940000,0.19146586,0.22910011
624.00000000,4.78837000,1.09753000,0.19152661,0.22917311
624.20000000,4.78875000,1.09062000,0.19158739,0.22924565
624.40000000,4.78712000,1.10009000,0.19164824,0.22931879
624.60000000,4.78712000,1.10009000,0.19170936,0.22939197
624.80000000,4.78987000,1.09216000,0.19177025,0.22946459
625.00000000,4.78700000,1.09840000,0.19183110,0.22953762
625.20000000,4.78750000,1.10051000,0.19189218,0.22961080
625.40000000,4.78750000,1.10051000,0.19195332,0.22968400
625.60000000,4.78875000,1.09353000,0.19201427,0.22975671
625.80000000,4.78787000,1.09558000,0.19207508,0.22982960
626.00000000,4.79000000,1.09206000,0.19213585,0.22990225
626.20000000,4.78725000,1.09769000,0.19219667,0.22997524
626.40000000,4.78725000,1.09769000,0.19225765,0.23004826
626.60000000,4.78962000,1.09132000,0.19231846,0.23012073
626.80000000,4.78162000,1.12384000,0.19237999,0.23019537
627.00000000,4.78262000,1.11561000,0.19244220,0.23026947
627.20000000,4.78262000,1.11561000,0.19250418,0.23034355
627.40000000,4.78050000,1.12758000,0.19256649,0.23041845
627.60000000,4.78300000,1.11523000,0.19262879,0.23049250
627.80000000,4.78037000,1.12467000,0.19269101,0.23056717
628.00000000,4.78037000,1.12467000,0.19275349,0.23064188
628.20000000,4.78275000,1.11728000,0.19281577,0.23071606
628.40000000,4.78050000,1.12400000,0.19287802,0.23079075
628.60000000,4.78462000,1.10732000,0.19294001,0.23086434
628.80000000,4.78800000,1.09494000,0.19300118,0.23093715
629.00000000,4.78800000,1.09494000,0.19306201,0.23100997
629.20000000,4.78850000,1.09356000,0.19312280,0.23108271
629.40000000,4.78900000,1.09334000,0.19318355,0.23115542
629.60000000,4.78800000,1.09340000,0.19324429,0.23122813
629.80000000,4.78800000,1.09340000,0.19330504,0.23130081
630.00000000,4.78625000,1.10051000,0.19336598,0.23137390
630.20000000,4.78150000,1.12147000,0.19342770,0.23144838
630.40000000,4.78175000,1.11830000,0.19348991,0.23152265
630.60000000,4.78062000,1.12483000,0.19355222,0.23159733
630.80000000,4.78062000,1.12483000,0.19361471,0.23167204
631.00000000,4.78225000,1.11670000,0.19367698,0.23174620
631.20000000,4.78100000,1.12176000,0.19373916,0.23182072
631.40000000,4.78350000,1.11664000,0.19380134,0.23189491
631.60000000,4.78350000,1.11664000,0.19386337,0.23196907
631.80000000,4.78175000,1.11974000,0.19392549,0.23204356
632.00000000,4.78975000,1.09136000,0.19398691,0.23211612
632.20000000,4.78687000,1.10124000,0.19404782,0.23218937
632.40000000,4.78925000,1.09120000,0.19410872,0.23226195
632.60000000,4.78925000,1.09120000,0.19416934,0.23233452
632.80000000,4.78812000,1.09625000,0.19423010,0.23240744
633.00000000,4.78937000,1.09091000,0.19429086,0.23248000
633.20000000,4.78875000,1.09228000,0.19435150,0.23255265
633.40000000,4.78875000,1.09228000,0.19441219,0.23262530
633.60000000,4.78925000,1.09424000,0.19447292,0.23269807
633.80000000,4.78787000,1.09356000,0.19453369,0.23277078
634.00000000,4.78737000,1.09734000,0.19459455,0.23284377
634.20000000,4.78937000,1.08982000,0.19465531,0.23291627
634.40000000,4.78937000,1.08982000,0.19471585,0.23298874
634.60000000,4.78800000,1.09465000,0.19477653,0.23306156
634.80000000,4.79000000,1.08915000,0.19483719,0.23313399
635.00000000,4.78775000,1.10000000,0.19489800,0.23320713
635.20000000,4.78775000,1.10000000,0.19495911,0.23328031
635.40000000,4.78962000,1.08787000,0.19501989,0.23335264
635.60000000,4.78750000,1.09820000,0.19508061,0.23342569
635.80000000,4.78912000,1.09081000,0.19514142,0.23349822
636.00000000,4.78712000,1.09846000,0.19520223,0.23357125
636.20000000,4.78712000,1.09846000,0.19526326,0.23364433
636.40000000,4.78975000,1.09123000,0.19532408,0.23371690
636.60000000,4.78850000,1.09264000,0.19538474,0.23378958
636.80000000,4.78912000,1.09264000,0.19544545,0.23386226
637.00000000,4.78912000,1.09324000,0.19550617,0.23393497
637.20000000,4.78912000,1.09324000,0.19556690,0.23400768
637.40000000,4.78837000,1.09363000,0.19562765,0.23408043
637.60000000,4.78937000,1.09241000,0.19568837,0.23415305
637.80000000,4.78687000,1.10086000,0.19574930,0.23422624
638.00000000,4.78825000,1.09177000,0.19581020,0.23429885
638.20000000,4.78825000,1.09177000,0.19587086,0.23437146
638.40000000,4.78862000,1.09625000,0.19593163,0.23444439
638.60000000,4.78987000,1.08848000,0.19599232,0.23451675
638.80000000,4.78637000,1.10147000,0.19605315,0.23458997
639.00000000,4.78637000,1.10147000,0.19611435,0.23466325
639.20000000,4.79000000,1.09014000,0.19617522,0.23473571
639.40000000,4.78587000,1.10051000,0.19623607,0.23480893
639.60000000,4.79000000,1.09008000,0.19629692,0.23488145
639.80000000,4.78762000,1.09936000,0.19635774,0.23495455
640.00000000,4.78762000,1.09936000,0.19641882,0.23502764
640.20000000,4.78650000,1.09763000,0.19647985,0.23510053
640.40000000,4.78137000,1.12204000,0.19654150,0.23517504
640.60000000,4.78137000,1.12022000,0.19660379,0.23524943
640.80000000,4.78137000,1.12022000,0.19666602,0.23532381
641.00000000,4.78062000,1.12022000,0.19672826,0.23539819
641.20000000,4.78037000,1.12659000,0.19679067,0.23547298
641.40000000,4.77975000,1.12387000,0.19685318,0.23554762
641.60000000,4.78175000,1.12361000,0.19691561,0.23562224
641.80000000,4.78175000,1.12361000,0.19697803,0.23569689
642.00000000,4.78362000,1.11462000,0.19704021,0.23577101
642.20000000,4.78787000,1.09494000,0.19710158,0.23584384
642.40000000,4.78900000,1.09321000,0.19716237,0.23591655
642.60000000,4.78900000,1.09321000,0.19722310,0.23598925
642.80000000,4.78787000,1.09692000,0.19728394,0.23606221
643.00000000,4.78875000,1.09100000,0.19734471,0.23613475
643.20000000,4.78775000,1.09833000,0.19740553,0.23620775
643.40000000,4.78512000,1.10528000,0.19746674,0.23628121
643.60000000,4.78512000,1.10528000,0.19752814,0.23635459
643.80000000,4.78025000,1.12566000,0.19759011,0.23642937
644.00000000,4.78325000,1.11392000,0.19765232,0.23650333
644.20000000,4.78025000,1.12432000,0.19771450,0.23657797
644.40000000,4.78025000,1.12432000,0.19777696,0.23665266
644.60000000,4.78300000,1.11731000,0.19783923,0.23672683
644.80000000,4.77975000,1.12691000,0.19790157,0.23680167
645.00000000,4.78150000,1.12028000,0.19796399,0.23687612
645.20000000,4.78487000,1.10969000,0.19802593,0.23694987
645.40000000,4.78487000,1.10969000,0.19808758,0.23702366
645.60000000,4.78800000,1.09139000,0.19814872,0.23709624
645.80000000,4.78812000,1.09638000,0.19820949,0.23716915
646.00000000,4.78787000,1.09628000,0.19827040,0.23724202
646.20000000,4.78612000,1.10134000,0.19833145,0.23731523
646.40000000,4.78612000,1.10134000,0.19839263,0.23738846
646.60000000,4.78750000,1.10041000,0.19845379,0.23746165
646.80000000,4.78862000,1.09052000,0.19851465,0.23753414
647.00000000,4.78612000,1.10064000,0.19857552,0.23760731
647.20000000,4.78612000,1.10064000,0.19863666,0.23768052
647.40000000,4.78962000,1.09219000,0.19869757,0.23775313
647.60000000,4.78662000,1.09763000,0.19875840,0.23782614
647.80000000,4.78925000,1.09177000,0.19881922,0.23789873
648.00000000,4.78662000,1.10048000,0.19888012,0.23797189
648.20000000,4.78662000,1.10048000,0.19894125,0.23804508
648.40000000,4.78900000,1.08947000,0.19900208,0.23811751
648.60000000,4.78662000,1.10467000,0.19906303,0.23819099
648.80000000,4.78912000,1.08889000,0.19912397,0.23826342
649.00000000,4.78912000,1.08889000,0.19918446,0.23833582
649.20000000,4.78700000,1.10121000,0.19924530,0.23840907
649.40000000,4.78950000,1.09091000,0.19930619,0.23848159
649.60000000,4.78662000,1.09939000,0.19936703,0.23855473
649.80000000,4.78987000,1.09113000,0.19942788,0.23862732
650.00000000,4.78987000,1.09113000,0.19948850,0.23869986
650.20000000,4.78675000,1.10060000,0.19954938,0.23877306
650.40000000,4.78887000,1.09136000,0.19961026,0.23884564
650.60000000,4.78787000,1.09785000,0.19967108,0.23891864
650.80000000,4.78850000,1.08969000,0.19973184,0.23899111
651.00000000,4.78850000,1.08969000,0.19979238,0.23906358
651.20000000,4.78812000,1.09641000,0.19985310,0.23913649
651.40000000,4.78787000,1.09651000,0.19991402,0.23920940
651.60000000,4.78775000,1.09507000,0.19997490,0.23928222
651.80000000,4.78775000,1.09507000,0.20003573,0.23935505
652.00000000,4.78825000,1.09622000,0.20009660,0.23942795
652.20000000,4.78837000,1.09187000,0.20015738,0.23950056
652.40000000,4.78762000,1.09840000,0.20021822,0.23957362
652.60000000,4.78962000,1.08822000,0.20027896,0.23964602
652.80000000,4.78962000,1.08822000,0.20033942,0.23971835
653.00000000,4.78575000,1.10035000,0.20040021,0.23979154
653.20000000,4.78912000,1.09379000,0.20046116,0.23986426
653.40000000,4.78687000,1.09852000,0.20052206,0.23993729
653.60000000,4.78687000,1.09852000,0.20058309,0.24001032
653.80000000,4.78612000,1.10470000,0.20064429,0.24008365
654.00000000,4.77987000,1.12758000,0.20070630,0.24015856
654.20000000,4.78312000,1.11356000,0.20076855,0.24023251
654.40000000,4.78112000,1.12476000,0.20083073,0.24030720
654.60000000,4.78112000,1.12476000,0.20089321,0.24038191
654.80000000,4.78250000,1.11500000,0.20095543,0.24045594
655.00000000,4.78050000,1.12128000,0.20101755,0.24053041
655.20000000,4.78175000,1.12060000,0.20107982,0.24060483
655.40000000,4.78325000,1.11123000,0.20114182,0.24067865
655.60000000,4.78325000,1.11123000,0.20120355,0.24075254
655.80000000,4.78762000,1.09587000,0.20126486,0.24082544
656.00000000,4.78912000,1.09158000,0.20132562,0.24089802
656.20000000,4.78762000,1.09555000,0.20138638,0.24097087
656.40000000,4.78762000,1.09555000,0.20144724,0.24104374
656.60000000,4.78925000,1.09027000,0.20150796,0.24111622
656.80000000,4.78637000,1.10176000,0.20156885,0.24118941
657.00000000,4.78275000,1.11369000,0.20163039,0.24126334
657.20000000,4.78000000,1.12726000,0.20169264,0.24133818
657.40000000,4.78000000,1.12726000,0.20175526,0.24141306
657.60000000,4.78262000,1.11372000,0.20181751,0.24148699
657.80000000,4.77937000,1.12915000,0.20187981,0.24156200
658.00000000,4.78337000,1.11488000,0.20194215,0.24163607
658.20000000,4.78337000,1.11488000,0.20200408,0.24171009
658.40000000,4.78000000,1.12515000,0.20206631,0.24178483
658.60000000,4.78300000,1.11612000,0.20212857,0.24185892
658.80000000,4.77937000,1.12832000,0.20219091,0.24193386
659.00000000,4.78225000,1.11712000,0.20225328,0.24200806
659.20000000,4.78225000,1.11712000,0.20231535,0.24208222
659.40000000,4.77950000,1.12732000,0.20237769,0.24215708
659.60000000,4.78125000,1.11881000,0.20244008,0.24223137
659.80000000,4.78112000,1.12412000,0.20250239,0.24230602
660.00000000,4.78112000,1.12412000,0.20256484,0.24238068
660.20000000,4.78175000,1.11804000,0.20262712,0.24245492
660.40000000,4.78137000,1.12227000,0.20268935,0.24252945
660.60000000,4.78137000,1.12332000,0.20275173,0.24260403
660.80000000,4.78000000,1.12563000,0.20281420,0.24267876
661.00000000,4.78000000,1.12563000,0.20287674,0.24275349
661.20000000,4.78025000,1.12803000,0.20293934,0.24282842
661.40000000,4.78262000,1.11612000,0.20300167,0.24290252
661.60000000,4.78000000,1.12556000,0.20306394,0.24297724
661.80000000,4.78325000,1.11612000,0.20312621,0.24305139
662.00000000,4.78325000,1.11612000,0.20318822,0.24312555
662.20000000,4.78375000,1.11017000,0.20325006,0.24319931
662.40000000,4.78412000,1.11251000,0.20331180,0.24327316
662.60000000,4.77912000,1.12963000,0.20337408,0.24334814
662.80000000,4.77912000,1.12963000,0.20343684,0.24342319
663.00000000,4.78337000,1.11545000,0.20349920,0.24349725
663.20000000,4.78037000,1.12816000,0.20356153,0.24357218
663.40000000,4.78262000,1.11164000,0.20362374,0.24364599
663.60000000,4.78050000,1.12665000,0.20368592,0.24372080
663.80000000,4.78050000,1.12665000,0.20374851,0.24379564
664.00000000,4.78287000,1.11520000,0.20381078,0.24386975
664.20000000,4.78475000,1.10761000,0.20387253,0.24394342
664.40000000,4.78900000,1.09481000,0.20393371,0.24401624
664.60000000,4.78900000,1.09481000,0.20399453,0.24408903
664.80000000,4.78675000,1.09920000,0.20405547,0.24416210
665.00000000,4.78650000,1.10400000,0.20411667,0.24423551
665.20000000,4.78750000,1.09660000,0.20417780,0.24430844
665.40000000,4.78837000,1.09116000,0.20423857,0.24438101
665.60000000,4.78837000,1.09116000,0.20429919,0.24445354
665.80000000,4.78600000,1.10457000,0.20436018,0.24452690
666.00000000,4.78225000,1.11539000,0.20442185,0.24460107
666.20000000,4.78762000,1.09808000,0.20448334,0.24467409
666.40000000,4.78762000,1.09808000,0.20454434,0.24474707
666.60000000,4.78525000,1.10588000,0.20460556,0.24482061
666.80000000,4.78812000,1.09254000,0.20466663,0.24489325
667.00000000,4.78725000,1.09852000,0.20472749,0.24496631
667.20000000,4.78850000,1.09177000,0.20478833,0.24503892
667.40000000,4.78850000,1.09177000,0.20484899,0.24511143
667.60000000,4.78187000,1.12006000,0.20491043,0.24518584
667.80000000,4.78325000,1.11606000,0.20497254,0.24525992
668.00000000,4.77912000,1.12848000,0.20503489,0.24533489
668.20000000,4.78325000,1.11651000,0.20509725,0.24540907
668.40000000,4.78325000,1.11651000,0.20515928,0.24548319
668.60000000,4.77975000,1.12822000,0.20522163,0.24555814
668.80000000,4.78350000,1.11120000,0.20528384,0.24563192
669.00000000,4.78050000,1.12758000,0.20534603,0.24570679
669.20000000,4.78050000,1.12758000,0.20540867,0.24578175
669.40000000,4.78637000,1.09894000,0.20547052,0.24585481
669.60000000,4.78700000,1.09958000,0.20553159,0.24592795
669.80000000,4.78912000,1.09132000,0.20559245,0.24600054
670.00000000,4.78625000,1.09897000,0.20565329,0.24607359
670.20000000,4.78625000,1.09897000,0.20571434,0.24614664
670.40000000,4.78587000,1.10598000,0.20577559,0.24622008
670.60000000,4.78062000,1.12387000,0.20583753,0.24629474
670.80000000,4.78300000,1.11542000,0.20589973,0.24636884
671.00000000,4.78300000,1.11542000,0.20596170,0.24644292
671.20000000,4.78200000,1.12374000,0.20602390,0.24651754
671.40000000,4.78112000,1.12089000,0.20608625,0.24659197
671.60000000,4.78075000,1.12275000,0.20614857,0.24666652
671.80000000,4.78162000,1.12480000,0.20621101,0.24674122
672.00000000,4.78162000,1.12480000,0.20627349,0.24681595
672.20000000,4.78400000,1.10892000,0.20633554,0.24688970
672.40000000,4.78837000,1.09558000,0.20639678,0.24696257
672.60000000,4.78887000,1.09385000,0.20645760,0.24703532
672.80000000,4.78887000,1.09385000,0.20651836,0.24710806
673.00000000,4.78775000,1.09484000,0.20657916,0.24718089
673.20000000,4.78912000,1.09465000,0.20663998,0.24725366
673.40000000,4.78687000,1.09904000,0.20670092,0.24732673
673.60000000,4.78800000,1.09369000,0.20676183,0.24739946
673.80000000,4.78800000,1.09369000,0.20682259,0.24747218
674.00000000,4.78712000,1.10048000,0.20688354,0.24754538
674.20000000,4.78937000,1.08784000,0.20694432,0.24761769
674.40000000,4.78600000,1.10083000,0.20700512,0.24769087
674.60000000,4.78600000,1.10083000,0.20706628,0.24776410
674.80000000,4.79000000,1.08800000,0.20712708,0.24783642
675.00000000,4.78587000,1.09974000,0.20718785,0.24790957
675.20000000,4.78925000,1.08902000,0.20724865,0.24798201
675.40000000,4.78612000,1.10268000,0.20730953,0.24805531
675.60000000,4.78612000,1.10268000,0.20737079,0.24812866
675.80000000,4.78912000,1.08710000,0.20743161,0.24820094
676.00000000,4.78725000,1.09884000,0.20749233,0.24827400
676.20000000,4.78912000,1.09123000,0.20755317,0.24834658
676.40000000,4.78912000,1.09123000,0.20761379,0.24841915
676.60000000,4.78762000,1.09513000,0.20767453,0.24849198
676.80000000,4.78850000,1.09340000,0.20773532,0.24856468
677.00000000,4.78750000,1.09545000,0.20779612,0.24863752
677.20000000,4.78750000,1.09824000,0.20785706,0.24871054
677.40000000,4.78687000,1.09824000,0.20791807,0.24878358
677.60000000,4.78887000,1.09411000,0.20797897,0.24885633
677.80000000,4.78737000,1.09452000,0.20803976,0.24892913
678.00000000,4.78862000,1.09257000,0.20810052,0.24900179
678.20000000,4.78862000,1.09257000,0.20816121,0.24907443
678.40000000,4.78675000,1.10131000,0.20822215,0.24914768
678.60000000,4.78875000,1.08931000,0.20828301,0.24922010
678.80000000,4.78712000,1.10035000,0.20834383,0.24929326
679.00000000,4.78712000,1.10035000,0.20840496,0.24936644
679.20000000,4.78812000,1.09388000,0.20846591,0.24943915
679.40000000,4.78600000,1.10038000,0.20852686,0.24951236
679.60000000,4.78987000,1.08896000,0.20858768,0.24958475
679.80000000,4.78662000,1.09872000,0.20864845,0.24965779
680.00000000,4.78662000,1.09872000,0.20870949,0.24973088
680.20000000,4.78937000,1.08937000,0.20877027,0.24980330
680.40000000,4.78662000,1.10128000,0.20883112,0.24987650
680.60000000,4.78550000,1.10259000,0.20889234,0.24994978
680.80000000,4.78550000,1.10259000,0.20895359,0.25002298
681.00000000,4.78000000,1.12774000,0.20901555,0.25009788
681.20000000,4.78175000,1.11788000,0.20907792,0.25017209
681.40000000,4.77987000,1.12288000,0.20914017,0.25024667
681.60000000,4.78175000,1.11824000,0.20920242,0.25032093
681.80000000,4.78175000,1.11824000,0.20926454,0.25039518
682.00000000,4.78025000,1.12188000,0.20932677,0.25046968
682.20000000,4.78125000,1.11948000,0.20938903,0.25054405
682.40000000,4.78325000,1.11555000,0.20945111,0.25061821
682.60000000,4.78650000,1.09788000,0.20951260,0.25069119
682.80000000,4.78650000,1.09788000,0.20957359,0.25076422
683.00000000,4.78887000,1.09360000,0.20963447,0.25083691
683.20000000,4.78612000,1.10211000,0.20969546,0.25091022
683.40000000,4.78925000,1.08867000,0.20975631,0.25098264
683.60000000,4.78925000,1.08867000,0.20981679,0.25105505
683.80000000,4.78912000,1.09232000,0.20987738,0.25112759
684.00000000,4.78112000,1.12092000,0.20993886,0.25120201
684.20000000,4.78050000,1.12550000,0.21000126,0.25127677
684.40000000,4.78250000,1.11734000,0.21006356,0.25135099
684.60000000,4.78250000,1.11734000,0.21012563,0.25142515
684.80000000,4.77900000,1.12883000,0.21018803,0.25150014
685.00000000,4.78300000,1.11568000,0.21025037,0.25157420
685.20000000,4.77950000,1.12620000,0.21031265,0.25164896
685.40000000,4.77950000,1.12620000,0.21037522,0.25172377
685.60000000,4.78275000,1.11504000,0.21043747,0.25179783
685.80000000,4.78187000,1.11968000,0.21049955,0.25187229
686.00000000,4.78837000,1.09094000,0.21056095,0.25194483
686.20000000,4.78750000,1.09980000,0.21062181,0.25201796
686.40000000,4.78750000,1.09980000,0.21068291,0.25209110
686.60000000,4.78837000,1.09184000,0.21074379,0.25216370
686.80000000,4.78762000,1.09702000,0.21080459,0.25223664
687.00000000,4.78675000,1.10140000,0.21086566,0.25230986
687.20000000,4.78675000,1.10140000,0.21092684,0.25238310
687.40000000,4.78787000,1.09299000,0.21098780,0.25245579
687.60000000,4.78812000,1.09446000,0.21104856,0.25252855
687.80000000,4.78700000,1.10201000,0.21110957,0.25260182
688.00000000,4.78687000,1.09795000,0.21117068,0.25267482
688.20000000,4.78687000,1.09795000,0.21123168,0.25274785
688.40000000,4.78937000,1.09068000,0.21129248,0.25282037
688.60000000,4.78700000,1.09699000,0.21135325,0.25289334
688.80000000,4.78937000,1.08844000,0.21141395,0.25296574
689.00000000,4.78775000,1.09667000,0.21147465,0.25303866
689.20000000,4.78775000,1.09667000,0.21153558,0.25311162
689.40000000,4.79000000,1.08611000,0.21159621,0.25318382
689.60000000,4.78625000,1.10054000,0.21165695,0.25325703
689.80000000,4.78937000,1.08928000,0.21171778,0.25332949
690.00000000,4.78937000,1.08928000,0.21177829,0.25340189
690.20000000,4.78600000,1.10099000,0.21183913,0.25347515
690.40000000,4.79037000,1.08636000,0.21189989,0.25354737
690.60000000,4.78687000,1.09900000,0.21196060,0.25362048
690.80000000,4.78975000,1.08684000,0.21202132,0.25369278
691.00000000,4.78975000,1.08684000,0.21208170,0.25376505
691.20000000,4.78750000,1.09792000,0.21214238,0.25383807
691.40000000,4.78837000,1.09078000,0.21220318,0.25391060
691.60000000,4.78750000,1.09648000,0.21226394,0.25398350
691.80000000,4.78750000,1.09648000,0.21232485,0.25405641
692.00000000,4.78737000,1.09900000,0.21238584,0.25412951
692.20000000,4.78887000,1.08844000,0.21244660,0.25420188
692.40000000,4.78737000,1.09974000,0.21250738,0.25427500
692.60000000,4.78975000,1.08800000,0.21256815,0.25434738
692.80000000,4.78975000,1.08800000,0.21262860,0.25441971
693.00000000,4.78662000,1.09993000,0.21268937,0.25449290
693.20000000,4.79062000,1.08940000,0.21275019,0.25456530
693.40000000,4.78550000,1.10297000,0.21281109,0.25463861
693.60000000,4.78550000,1.10297000,0.21287236,0.25471199
693.80000000,4.79012000,1.08732000,0.21293321,0.25478429
694.00000000,4.78750000,1.09990000,0.21299396,0.25485738
694.20000000,4.78425000,1.10534000,0.21305522,0.25493083
694.40000000,4.78075000,1.12665000,0.21311722,0.25500564
694.60000000,4.78075000,1.12665000,0.21317981,0.25508047
694.80000000,4.78225000,1.11600000,0.21324211,0.25515455
695.00000000,4.77962000,1.12681000,0.21330441,0.25522935
695.20000000,4.78100000,1.12444000,0.21336694,0.25530402
695.40000000,4.78100000,1.12444000,0.21342941,0.25537866
695.60000000,4.77937000,1.12643000,0.21349193,0.25545348
695.80000000,4.78237000,1.11696000,0.21355425,0.25552765
696.00000000,4.78125000,1.12169000,0.21361644,0.25560214
696.20000000,4.78075000,1.11884000,0.21367867,0.25567643
696.40000000,4.78075000,1.11884000,0.21374083,0.25575074
696.60000000,4.78175000,1.12000000,0.21380302,0.25582511
696.80000000,4.78112000,1.12339000,0.21386534,0.25589978
697.00000000,4.78600000,1.10118000,0.21392713,0.25597298
697.20000000,4.78600000,1.10118000,0.21398831,0.25604616
697.40000000,4.78487000,1.10886000,0.21404970,0.25611983
697.60000000,4.78325000,1.11107000,0.21411136,0.25619358
697.80000000,4.77912000,1.12960000,0.21417360,0.25626856
698.00000000,4.78337000,1.11363000,0.21423591,0.25634254
698.20000000,4.78337000,1.11363000,0.21429778,0.25641647
698.40000000,4.77962000,1.12556000,0.21435998,0.25649124
698.60000000,4.78287000,1.11654000,0.21442226,0.25656536
698.80000000,4.77987000,1.12825000,0.21448462,0.25664026
699.00000000,4.77987000,1.12825000,0.21454730,0.25671522
699.20000000,4.78350000,1.10854000,0.21460943,0.25678894
699.40000000,4.78800000,1.09571000,0.21467066,0.25686180
699.60000000,4.78800000,1.09353000,0.21473147,0.25693452
699.80000000,4.78537000,1.10380000,0.21479251,0.25700788
700.00000000,4.78537000,1.10380000,0.21485383,0.25708119
700.20000000,4.78137000,1.12300000,0.21491569,0.25715574
700.40000000,4.78025000,1.12393000,0.21497810,0.25723037
700.60000000,4.78062000,1.12352000,0.21504053,0.25730497
700.80000000,4.78062000,1.12352000,0.21510295,0.25737960
701.00000000,4.78262000,1.11568000,0.21516515,0.25745367
701.20000000,4.78000000,1.12384000,0.21522736,0.25752834
701.40000000,4.78375000,1.11459000,0.21528954,0.25760234
701.60000000,4.78062000,1.12531000,0.21535176,0.25767706
701.80000000,4.78062000,1.12531000,0.21541427,0.25775190
702.00000000,4.78850000,1.09340000,0.21547590,0.25782460
702.20000000,4.78687000,1.09952000,0.21553682,0.25789772
702.40000000,4.78825000,1.09289000,0.21559772,0.25797040
702.60000000,4.78687000,1.09651000,0.21565854,0.25804330
702.80000000,4.78687000,1.09651000,0.21571945,0.25811623
703.00000000,4.78887000,1.09235000,0.21578025,0.25818887
703.20000000,4.78775000,1.09577000,0.21584104,0.25826174
703.40000000,4.78825000,1.09305000,0.21590184,0.25833443
703.60000000,4.78825000,1.09305000,0.21596256,0.25840713
703.80000000,4.78837000,1.09388000,0.21602331,0.25847981
704.00000000,4.78412000,1.10995000,0.21608453,0.25855352
704.20000000,4.78150000,1.11952000,0.21614646,0.25862787
704.40000000,4.78150000,1.11952000,0.21620865,0.25870221
704.60000000,4.78112000,1.12220000,0.21627092,0.25877677
704.80000000,4.78350000,1.11356000,0.21633303,0.25885069
705.00000000,4.77962000,1.12796000,0.21639529,0.25892562
705.20000000,4.78325000,1.11372000,0.21645756,0.25899961
705.40000000,4.78325000,1.11372000,0.21651943,0.25907355
705.60000000,4.77987000,1.12451000,0.21658161,0.25914825
705.80000000,4.78275000,1.11721000,0.21664388,0.25922241
706.00000000,4.77987000,1.12732000,0.21670622,0.25929725
706.20000000,4.77987000,1.12732000,0.21676885,0.25937213
706.40000000,4.78187000,1.11980000,0.21683127,0.25944655
706.60000000,4.78500000,1.10918000,0.21689319,0.25952032
706.80000000,4.78875000,1.09267000,0.21695435,0.25959299
707.00000000,4.78837000,1.09328000,0.21701507,0.25966569
707.20000000,4.78837000,1.09328000,0.21707581,0.25973841
707.40000000,4.78862000,1.09443000,0.21713658,0.25981118
707.60000000,4.78775000,1.09267000,0.21719733,0.25988374
707.80000000,4.78087000,1.12128000,0.21725883,0.25995819
708.00000000,4.78112000,1.12198000,0.21732114,0.26003270
708.20000000,4.78112000,1.12198000,0.21738348,0.26010720
708.40000000,4.78100000,1.11984000,0.21744575,0.26018158
708.60000000,4.78187000,1.12022000,0.21750797,0.26025597
708.80000000,4.78137000,1.12044000,0.21757021,0.26033037
709.00000000,4.78137000,1.12044000,0.21763246,0.26040479
709.20000000,4.78187000,1.11836000,0.21769465,0.26047905
709.40000000,4.78087000,1.12476000,0.21775696,0.26055381
709.60000000,4.78600000,1.10118000,0.21781879,0.26062703
709.80000000,4.78725000,1.09779000,0.21787987,0.26070002
710.00000000,4.78725000,1.09779000,0.21794086,0.26077305
710.20000000,4.78987000,1.08988000,0.21800163,0.26084552
710.40000000,4.78725000,1.09702000,0.21806238,0.26091851
710.60000000,4.79037000,1.08937000,0.21812311,0.26099099
710.80000000,4.79037000,1.08937000,0.21818363,0.26106334
711.00000000,4.78212000,1.12032000,0.21824501,0.26113776
711.20000000,4.78262000,1.11552000,0.21830712,0.26121184
711.40000000,4.78137000,1.12470000,0.21836935,0.26128653
711.60000000,4.78150000,1.11961000,0.21843169,0.26136088
711.80000000,4.78150000,1.11961000,0.21849389,0.26143524
712.00000000,4.78212000,1.12051000,0.21855611,0.26150967
712.20000000,4.78250000,1.12278000,0.21861843,0.26158424
712.40000000,4.78200000,1.11811000,0.21868067,0.26165850
712.60000000,4.78175000,1.12393000,0.21874295,0.26173315
712.80000000,4.78175000,1.12393000,0.21880539,0.26180780
713.00000000,4.78250000,1.11987000,0.21886772,0.26188216
713.20000000,4.78037000,1.12560000,0.21893010,0.26195693
713.40000000,4.78275000,1.11904000,0.21899245,0.26203126
713.60000000,4.78275000,1.11904000,0.21905462,0.26210558
713.80000000,4.78162000,1.12348000,0.21911691,0.26218020
714.00000000,4.78250000,1.11587000,0.21917911,0.26225431
714.20000000,4.78137000,1.12288000,0.21924130,0.26232889
714.40000000,4.78237000,1.11705000,0.21930352,0.26240309
714.60000000,4.78237000,1.11705000,0.21936558,0.26247728
714.80000000,4.78200000,1.12291000,0.21942780,0.26255186
715.00000000,4.78200000,1.12060000,0.21949012,0.26262628
715.20000000,4.78175000,1.11808000,0.21955230,0.26270053
715.40000000,4.78175000,1.11808000,0.21961442,0.26277492
715.60000000,4.79012000,1.09017000,0.21967576,0.26284741
715.80000000,4.78775000,1.09692000,0.21973651,0.26292038
716.00000000,4.78925000,1.08899000,0.21979723,0.26299280
716.20000000,4.78812000,1.09737000,0.21985796,0.26306577
716.40000000,4.78812000,1.09737000,0.21991893,0.26313876
716.60000000,4.78850000,1.09027000,0.21997970,0.26321125
716.80000000,4.78737000,1.09990000,0.22004054,0.26328441
717.00000000,4.78887000,1.09433000,0.22010149,0.26335719
717.20000000,4.78887000,1.09433000,0.22016228,0.26342998
717.40000000,4.78925000,1.09104000,0.22022299,0.26350253
717.60000000,4.78725000,1.10105000,0.22028388,0.26357567
717.80000000,4.78287000,1.11702000,0.22034549,0.26364989
718.00000000,4.78425000,1.11273000,0.22040743,0.26372383
718.20000000,4.78425000,1.11273000,0.22046925,0.26379784
718.40000000,4.78900000,1.09504000,0.22053057,0.26387065
718.60000000,4.78700000,1.09897000,0.22059152,0.26394370
718.80000000,4.78587000,1.10521000,0.22065275,0.26401716
719.00000000,4.78600000,1.10422000,0.22071412,0.26409056
719.20000000,4.78600000,1.10422000,0.22077547,0.26416400
719.40000000,4.78862000,1.09017000,0.22083642,0.26423650
719.60000000,4.78800000,1.09878000,0.22089722,0.26430949
719.80000000,4.78287000,1.11392000,0.22095869,0.26438348
720.00000000,4.78287000,1.11392000,0.22102057,0.26445749
720.20000000,4.78337000,1.11299000,0.22108243,0.26453151
720.40000000,4.78862000,1.09651000,0.22114381,0.26460439
720.60000000,4.78525000,1.10640000,0.22120500,0.26467798
720.80000000,4.78937000,1.09225000,0.22126607,0.26475064
721.00000000,4.78937000,1.09225000,0.22132675,0.26482327
721.20000000,4.78800000,1.09795000,0.22138759,0.26489629
721.40000000,4.78800000,1.09404000,0.22144848,0.26496895
721.60000000,4.78200000,1.12252000,0.22151005,0.26504350
721.80000000,4.78200000,1.12252000,0.22157241,0.26511805
722.00000000,4.78162000,1.12048000,0.22163472,0.26519247
722.20000000,4.78175000,1.12230000,0.22169702,0.26526700
722.40000000,4.78137000,1.12336000,0.22175940,0.26534162
722.60000000,4.78262000,1.11568000,0.22182159,0.26541573
722.80000000,4.78262000,1.11568000,0.22188358,0.26548983
723.00000000,4.78250000,1.12169000,0.22194572,0.26556434
723.20000000,4.78250000,1.11571000,0.22200787,0.26563851
723.40000000,4.78662000,1.10032000,0.22206943,0.26571166
723.60000000,4.78662000,1.10032000,0.22213056,0.26578486
723.80000000,4.78937000,1.09155000,0.22219145,0.26585743
724.00000000,4.78700000,1.09974000,0.22225231,0.26593056
724.20000000,4.78800000,1.09990000,0.22231342,0.26600360
724.40000000,4.78100000,1.12176000,0.22237513,0.26607809
724.60000000,4.78100000,1.12176000,0.22243745,0.26615260
724.80000000,4.78250000,1.11667000,0.22249963,0.26622674
725.00000000,4.78075000,1.12419000,0.22256187,0.26630140
725.20000000,4.78150000,1.11753000,0.22262414,0.26637561
725.40000000,4.78100000,1.12528000,0.22268644,0.26645034
725.60000000,4.78100000,1.12528000,0.22274896,0.26652508
725.80000000,4.78225000,1.12025000,0.22281133,0.26659946
726.00000000,4.78087000,1.12272000,0.22287364,0.26667416
726.20000000,4.79012000,1.09062000,0.22293512,0.26674672
726.40000000,4.79012000,1.09062000,0.22299571,0.26681925
726.60000000,4.78862000,1.09552000,0.22305644,0.26689212
726.80000000,4.78887000,1.09110000,0.22311718,0.26696469
727.00000000,4.78900000,1.09564000,0.22317792,0.26703756
727.20000000,4.78737000,1.09667000,0.22323882,0.26711048
727.40000000,4.78737000,1.09667000,0.22329974,0.26718343
727.60000000,4.78912000,1.09248000,0.22336055,0.26725607
727.80000000,4.78762000,1.09881000,0.22342142,0.26732919
728.00000000,4.79087000,1.08576000,0.22348210,0.26740143
728.20000000,4.79087000,1.08576000,0.22354242,0.26747364
728.40000000,4.78800000,1.09984000,0.22360314,0.26754682
728.60000000,4.79050000,1.08771000,0.22366390,0.26761914
728.80000000,4.78762000,1.09932000,0.22372465,0.26769224
729.00000000,4.78762000,1.09932000,0.22378573,0.26776538
729.20000000,4.79025000,1.09241000,0.22384661,0.26783802
729.40000000,4.78762000,1.09945000,0.22390749,0.26791115
729.60000000,4.78900000,1.09251000,0.22396838,0.26798381
729.80000000,4.78875000,1.09654000,0.22402919,0.26805674
730.00000000,4.78875000,1.09654000,0.22409011,0.26812968
730.20000000,4.78925000,1.09152000,0.22415088,0.26820228
730.40000000,4.78862000,1.09507000,0.22421162,0.26827512
730.60000000,4.78962000,1.09276000,0.22427240,0.26834782
730.80000000,4.78962000,1.09276000,0.22433311,0.26842048
731.00000000,4.78775000,1.09593000,0.22439390,0.26849337
731.20000000,4.78887000,1.09632000,0.22445480,0.26856629
731.40000000,4.78875000,1.09465000,0.22451566,0.26863910
731.60000000,4.78962000,1.09254000,0.22457641,0.26871178
731.80000000,4.78962000,1.09254000,0.22463711,0.26878444
732.00000000,4.78862000,1.09638000,0.22469791,0.26885735
732.20000000,4.78825000,1.09478000,0.22475878,0.26893018
732.40000000,4.78937000,1.09209000,0.22481953,0.26900282
732.60000000,4.78937000,1.09209000,0.22488020,0.26907545
732.80000000,4.78825000,1.09708000,0.22494101,0.26914842
733.00000000,4.78900000,1.09190000,0.22500181,0.26922102
733.20000000,4.78725000,1.10179000,0.22506275,0.26929432
733.40000000,4.79012000,1.08710000,0.22512355,0.26936664
733.60000000,4.79012000,1.08710000,0.22518395,0.26943894
733.80000000,4.78812000,1.09651000,0.22524460,0.26951189
734.00000000,4.79000000,1.08953000,0.22530532,0.26958434
734.20000000,4.78775000,1.09689000,0.22536606,0.26965728
734.40000000,4.78775000,1.09689000,0.22542700,0.26973024
734.60000000,4.78950000,1.09113000,0.22548777,0.26980272
734.80000000,4.78262000,1.11820000,0.22554915,0.26987700
735.00000000,4.78262000,1.12054000,0.22561133,0.26995142
735.20000000,4.78187000,1.12256000,0.22567364,0.27002597
735.40000000,4.78187000,1.12256000,0.22573601,0.27010053
735.60000000,4.78200000,1.11827000,0.22579825,0.27017481
735.80000000,4.78250000,1.12144000,0.22586046,0.27024929
736.00000000,4.78175000,1.12009000,0.22592273,0.27032368
736.20000000,4.78175000,1.12112000,0.22598499,0.27039813
736.40000000,4.78175000,1.12112000,0.22604727,0.27047265
736.60000000,4.78525000,1.11145000,0.22610929,0.27054657
736.80000000,4.78875000,1.09328000,0.22617053,0.27061927
737.00000000,4.78800000,1.09843000,0.22623141,0.27069232
737.20000000,4.78800000,1.09843000,0.22629243,0.27076540
737.40000000,4.79025000,1.09139000,0.22635326,0.27083796
737.60000000,4.78712000,1.09744000,0.22641406,0.27091090
737.80000000,4.78500000,1.10688000,0.22647529,0.27098446
738.00000000,4.78075000,1.12598000,0.22653732,0.27105922
738.20000000,4.78075000,1.12598000,0.22659987,0.27113401
738.40000000,4.78212000,1.11702000,0.22666218,0.27120818
738.60000000,4.78075000,1.12710000,0.22672451,0.27128305
738.80000000,4.78312000,1.11689000,0.22678685,0.27135725
739.00000000,4.78312000,1.11689000,0.22684890,0.27143141
739.20000000,4.78100000,1.12320000,0.22691112,0.27150604
739.40000000,4.78350000,1.11875000,0.22697340,0.27158036
739.60000000,4.78350000,1.11190000,0.22703536,0.27165432
739.80000000,4.78900000,1.09104000,0.22709655,0.27172689
740.00000000,4.78900000,1.09104000,0.22715717,0.27179945
740.20000000,4.78825000,1.09907000,0.22721800,0.27187255
740.40000000,4.78900000,1.09052000,0.22727882,0.27194507
740.60000000,4.78787000,1.09731000,0.22733960,0.27201804
740.80000000,4.78787000,1.09731000,0.22740056,0.27209104
741.00000000,4.79037000,1.09142000,0.22746136,0.27216362
741.20000000,4.78800000,1.09587000,0.22752211,0.27223652
741.40000000,4.78937000,1.09337000,0.22758293,0.27230923
741.60000000,4.78812000,1.09584000,0.22764374,0.27238211
741.80000000,4.78812000,1.09584000,0.22770462,0.27245497
742.00000000,4.78750000,1.09788000,0.22776556,0.27252800
742.20000000,4.78937000,1.09411000,0.22782644,0.27260076
742.40000000,4.78787000,1.09369000,0.22788722,0.27267349
742.60000000,4.78787000,1.09369000,0.22794798,0.27274624
742.80000000,4.78950000,1.09030000,0.22800864,0.27281875
743.00000000,4.78862000,1.09568000,0.22806936,0.27289165
743.20000000,4.79037000,1.08860000,0.22813004,0.27296404
743.40000000,4.78775000,1.09670000,0.22819074,0.27303697
743.60000000,4.78775000,1.09670000,0.22825167,0.27310993
743.80000000,4.79000000,1.08966000,0.22831240,0.27318238
744.00000000,4.78712000,1.09785000,0.22837317,0.27325542
744.20000000,4.79025000,1.08828000,0.22843389,0.27332778
744.40000000,4.78762000,1.09696000,0.22849459,0.27340073
744.60000000,4.78762000,1.09696000,0.22855554,0.27347370
744.80000000,4.78987000,1.08848000,0.22861624,0.27354609
745.00000000,4.78800000,1.09635000,0.22867693,0.27361901
745.20000000,4.78912000,1.09129000,0.22873770,0.27369160
745.40000000,4.78912000,1.09129000,0.22879833,0.27376418
745.60000000,4.78875000,1.09520000,0.22885906,0.27383700
745.80000000,4.78737000,1.09868000,0.22892000,0.27391009
746.00000000,4.78975000,1.08780000,0.22898074,0.27398243
746.20000000,4.78775000,1.09872000,0.22904148,0.27405549
746.40000000,4.78775000,1.09872000,0.22910252,0.27412858
746.60000000,4.79012000,1.08643000,0.22916321,0.27420081
746.80000000,4.78662000,1.10259000,0.22922402,0.27427418
747.00000000,4.79087000,1.08636000,0.22928482,0.27434646
747.20000000,4.79087000,1.08636000,0.22934518,0.27441868
747.40000000,4.78612000,1.10134000,0.22940595,0.27449196
747.60000000,4.79062000,1.08950000,0.22946680,0.27456441
747.80000000,4.78775000,1.09782000,0.22952756,0.27463744
748.00000000,4.79000000,1.08732000,0.22958826,0.27470978
748.20000000,4.79000000,1.08732000,0.22964867,0.27478209
748.40000000,4.78862000,1.09776000,0.22970936,0.27485508
748.60000000,4.78687000,1.09900000,0.22977039,0.27492807
748.80000000,4.78175000,1.12176000,0.22983207,0.27500257
749.00000000,4.78112000,1.12448000,0.22989447,0.27507724
749.20000000,4.78112000,1.12448000,0.22995694,0.27515189
749.40000000,4.78037000,1.12332000,0.23001938,0.27522650
749.60000000,4.78212000,1.12112000,0.23008172,0.27530096
749.80000000,4.78200000,1.11971000,0.23014397,0.27537533
750.00000000,4.78200000,1.11971000,0.23020618,0.27544967
750.20000000,4.78037000,1.12243000,0.23026846,0.27552425
750.40000000,4.78362000,1.11459000,0.23033060,0.27559835
750.60000000,4.78675000,1.09840000,0.23039207,0.27567143
750.80000000,4.79025000,1.08835000,0.23045281,0.27574384
751.00000000,4.79025000,1.08835000,0.23051328,0.27581617
751.20000000,4.78550000,1.10457000,0.23057419,0.27588956
751.40000000,4.78387000,1.11043000,0.23063572,0.27596329
751.60000000,4.78050000,1.12672000,0.23069786,0.27603810
751.80000000,4.78050000,1.12672000,0.23076046,0.27611296
752.00000000,4.78375000,1.11158000,0.23082263,0.27618676
752.20000000,4.78037000,1.12918000,0.23088488,0.27626178
752.40000000,4.78300000,1.11481000,0.23094721,0.27633578
752.60000000,4.77975000,1.12672000,0.23100947,0.27641058
752.80000000,4.77975000,1.12672000,0.23107207,0.27648542
753.00000000,4.78237000,1.11980000,0.23113447,0.27655989
753.20000000,4.78812000,1.09580000,0.23119602,0.27663276
753.40000000,4.78787000,1.09388000,0.23125684,0.27670550
753.60000000,4.78787000,1.09388000,0.23131761,0.27677826
753.80000000,4.78937000,1.09161000,0.23137832,0.27685084
754.00000000,4.78712000,1.09734000,0.23143912,0.27692384
754.20000000,4.78975000,1.08768000,0.23149982,0.27699614
754.40000000,4.78600000,1.10345000,0.23156068,0.27706949
754.60000000,4.78600000,1.10345000,0.23162199,0.27714289
754.80000000,4.78937000,1.08832000,0.23168287,0.27721525
755.00000000,4.78700000,1.10128000,0.23174369,0.27728849
755.20000000,4.78875000,1.09382000,0.23180467,0.27736114
755.40000000,0.00187000,1.11641000,0.23186606,0.27743529
755.60000000,4.78212000,1.11641000,0.23192808,0.27750956
755.80000000,4.78975000,1.09107000,0.23198940,0.27758209
756.00000000,4.78637000,1.10067000,0.23205028,0.27765529
756.20000000,4.78825000,1.09456000,0.23211126,0.27772808
756.40000000,4.78825000,1.09456000,0.23217207,0.27780083
756.60000000,4.78525000,1.10992000,0.23223331,0.27787466
756.80000000,4.78912000,1.09024000,0.23229442,0.27794715
757.00000000,4.78737000,1.10118000,0.23235530,0.27802040
757.20000000,4.78950000,1.09212000,0.23241622,0.27809305
757.40000000,4.78950000,1.09212000,0.23247689,0.27816567
757.60000000,4.78775000,1.09529000,0.23253766,0.27823852
757.80000000,4.78887000,1.09539000,0.23259851,0.27831137
758.00000000,4.78812000,1.09452000,0.23265934,0.27838415
758.20000000,4.78812000,1.09452000,0.23272015,0.27845694
758.40000000,4.78825000,1.09612000,0.23278100,0.27852986
758.60000000,4.78987000,1.09158000,0.23284177,0.27860245
758.80000000,4.78775000,1.09497000,0.23290250,0.27867530
759.00000000,4.79025000,1.09040000,0.23296321,0.27874785
759.20000000,4.79025000,1.09040000,0.23302379,0.27882034
759.40000000,4.78675000,1.10019000,0.23308464,0.27889353
759.60000000,4.78962000,1.08944000,0.23314546,0.27896594
759.80000000,4.78562000,1.10931000,0.23320654,0.27903973
760.00000000,4.78962000,1.09043000,0.23326764,0.27911227
760.20000000,4.78962000,1.09043000,0.23332822,0.27918477
760.40000000,4.78737000,1.10057000,0.23338908,0.27925801
760.60000000,4.79100000,1.08764000,0.23344986,0.27933032
760.80000000,4.78725000,1.09948000,0.23351062,0.27940343
761.00000000,4.78725000,1.09948000,0.23357170,0.27947659
761.20000000,4.79087000,1.08832000,0.23363247,0.27954895
761.40000000,4.78712000,1.10035000,0.23369327,0.27962215
761.60000000,4.79000000,1.08883000,0.23375408,0.27969454
761.80000000,4.78675000,1.10188000,0.23381493,0.27976780
762.00000000,4.78675000,1.10188000,0.23387615,0.27984110
762.20000000,4.79012000,1.08828000,0.23393698,0.27991342
762.40000000,4.78412000,1.11510000,0.23399819,0.27998749
762.60000000,4.78300000,1.11609000,0.23406017,0.28006163
762.80000000,4.78300000,1.11609000,0.23412217,0.28013577
763.00000000,4.78275000,1.11760000,0.23418422,0.28021000
763.20000000,4.78187000,1.12230000,0.23424644,0.28028453
763.40000000,4.78175000,1.11862000,0.23430869,0.28035881
763.60000000,4.78062000,1.12467000,0.23437100,0.28043348
763.80000000,4.78062000,1.12467000,0.23443348,0.28050821
764.00000000,4.78400000,1.11353000,0.23449565,0.28058218
764.20000000,4.78300000,1.11158000,0.23455746,0.28065613
764.40000000,4.79000000,1.08784000,0.23461856,0.28072851
764.60000000,4.78350000,1.11308000,0.23467969,0.28080246
764.80000000,4.78350000,1.11308000,0.23474153,0.28087639
765.00000000,4.78275000,1.11472000,0.23480342,0.28095040
765.20000000,4.78025000,1.12793000,0.23486571,0.28102532
765.40000000,4.78225000,1.11715000,0.23492807,0.28109952
765.60000000,4.78225000,1.11715000,0.23499014,0.28117369
765.80000000,4.78025000,1.12518000,0.23505243,0.28124844
766.00000000,4.78325000,1.11776000,0.23511473,0.28132265
766.20000000,4.77987000,1.12483000,0.23517702,0.28139740
766.40000000,4.78487000,1.10755000,0.23523903,0.28147100
766.60000000,4.78487000,1.10755000,0.23530056,0.28154464
766.80000000,4.78700000,1.10137000,0.23536192,0.28161790
767.00000000,4.78912000,1.09011000,0.23542280,0.28169038
767.20000000,4.78750000,1.09891000,0.23548360,0.28176345
767.40000000,4.78750000,1.09891000,0.23554465,0.28183645
767.60000000,4.78262000,1.11667000,0.23560620,0.28191060
767.80000000,4.78112000,1.12048000,0.23566834,0.28198501
768.00000000,4.78162000,1.12153000,0.23573062,0.28205950
768.20000000,4.78162000,1.11916000,0.23579286,0.28213382
768.40000000,4.78162000,1.11916000,0.23585504,0.28220813
768.60000000,4.78087000,1.12316000,0.23591732,0.28228274
768.80000000,4.78250000,1.11804000,0.23597958,0.28235697
769.00000000,4.78037000,1.12563000,0.23604190,0.28243170
769.20000000,4.78037000,1.12563000,0.23610444,0.28250650
769.40000000,4.78400000,1.11321000,0.23616663,0.28258040
769.60000000,4.78012000,1.12470000,0.23622879,0.28265514
769.80000000,4.78425000,1.11347000,0.23629096,0.28272906
770.00000000,4.78012000,1.12608000,0.23635317,0.28280382
770.20000000,4.78012000,1.12608000,0.23641573,0.28287863
770.40000000,4.78325000,1.11468000,0.23647798,0.28295263
770.60000000,4.77962000,1.12883000,0.23654030,0.28302761
770.80000000,4.78225000,1.11667000,0.23660267,0.28310177
771.00000000,4.78225000,1.11667000,0.23666471,0.28317592
771.20000000,4.78062000,1.12316000,0.23672693,0.28325052
771.40000000,4.78237000,1.11616000,0.23678913,0.28332462
771.60000000,4.78012000,1.12256000,0.23685132,0.28339915
771.80000000,4.78500000,1.11148000,0.23691337,0.28347302
772.00000000,4.78500000,1.11148000,0.23697512,0.28354692
772.20000000,4.78700000,1.09814000,0.23703650,0.28361994
772.40000000,4.78775000,1.09491000,0.23709742,0.28369274
772.60000000,4.78725000,1.09744000,0.23715832,0.28376571
772.80000000,4.78725000,1.09635000,0.23721925,0.28383860
773.00000000,4.78725000,1.09635000,0.23728016,0.28391153
773.20000000,4.78900000,1.09177000,0.23734094,0.28398413
773.40000000,4.78800000,1.09584000,0.23740171,0.28405697
773.60000000,4.78587000,1.10448000,0.23746283,0.28413038
773.80000000,4.78587000,1.10448000,0.23752419,0.28420371
774.00000000,4.77975000,1.12716000,0.23758618,0.28427857
774.20000000,4.78187000,1.11667000,0.23764851,0.28435274
774.40000000,4.78250000,1.11862000,0.23771060,0.28442704
774.60000000,4.78262000,1.11526000,0.23777265,0.28450112
774.80000000,4.78262000,1.11526000,0.23783461,0.28457517
775.00000000,4.78037000,1.12268000,0.23789678,0.28464983
775.20000000,4.78812000,1.09718000,0.23795844,0.28472279
775.40000000,4.78487000,1.10550000,0.23801963,0.28479626
775.60000000,4.78487000,1.10550000,0.23808104,0.28486976
775.80000000,4.78662000,1.10080000,0.23814233,0.28494284
776.00000000,4.78050000,1.12368000,0.23820412,0.28501748
776.20000000,4.78237000,1.11740000,0.23826637,0.28509170
776.40000000,4.78150000,1.12092000,0.23832855,0.28516614
776.60000000,4.78150000,1.12092000,0.23839082,0.28524059
776.80000000,4.78187000,1.11984000,0.23845306,0.28531495
777.00000000,4.78112000,1.11843000,0.23851524,0.28538922
777.20000000,4.78137000,1.12131000,0.23857745,0.28546368
777.40000000,4.78137000,1.12131000,0.23863975,0.28553815
777.60000000,4.78187000,1.11705000,0.23870192,0.28561239
777.80000000,4.78462000,1.10928000,0.23876377,0.28568618
778.00000000,4.78962000,1.09004000,0.23882486,0.28575869
778.20000000,4.78962000,1.09004000,0.23888542,0.28583106
778.40000000,4.78025000,1.12329000,0.23894690,0.28590568
778.60000000,4.78325000,1.11590000,0.23900910,0.28597977
778.80000000,4.78037000,1.12547000,0.23907136,0.28605452
779.00000000,4.78162000,1.11641000,0.23913363,0.28612866
779.20000000,4.78162000,1.11641000,0.23919566,0.28620279
779.40000000,4.78087000,1.12592000,0.23925794,0.28627756
779.60000000,4.78112000,1.12057000,0.23932035,0.28635196
779.80000000,4.78050000,1.12368000,0.23938269,0.28642657
780.00000000,4.78712000,1.09993000,0.23944445,0.28649970
780.20000000,4.78712000,1.09993000,0.23950556,0.28657284
780.40000000,4.78787000,1.09574000,0.23956655,0.28664573
780.60000000,4.78925000,1.09232000,0.23962733,0.28671837
780.80000000,4.78812000,1.09779000,0.23968817,0.28679137
781.00000000,4.78812000,1.09779000,0.23974915,0.28686437
781.20000000,4.78775000,1.09507000,0.23981007,0.28693719
781.40000000,4.78750000,1.09750000,0.23987097,0.28701016
781.60000000,4.78737000,1.09612000,0.23993191,0.28708304
781.80000000,4.78837000,1.09232000,0.23999270,0.28715569
782.00000000,4.78837000,1.09232000,0.24005338,0.28722833
782.20000000,4.78800000,1.09654000,0.24011418,0.28730125
782.40000000,4.78825000,1.09200000,0.24017498,0.28737386
782.60000000,4.78725000,1.09491000,0.24023572,0.28744666
782.80000000,4.78725000,1.09491000,0.24029655,0.28751948
783.00000000,4.78850000,1.09414000,0.24035736,0.28759221
783.20000000,4.78625000,1.09824000,0.24041826,0.28766526
783.40000000,4.78912000,1.09046000,0.24047905,0.28773777
783.60000000,4.78750000,1.09715000,0.24053982,0.28781072
783.80000000,4.78750000,1.09715000,0.24060077,0.28788370
784.00000000,4.78950000,1.08755000,0.24066146,0.28795602
784.20000000,4.78725000,1.09747000,0.24072216,0.28802902
784.40000000,4.78950000,1.08736000,0.24078285,0.28810135
784.60000000,4.78950000,1.08736000,0.24084325,0.28817364
784.80000000,4.78650000,1.09766000,0.24090395,0.28824665
785.00000000,4.78887000,1.09344000,0.24096481,0.28831936
785.20000000,4.78800000,1.09385000,0.24102557,0.28839211
785.40000000,4.78875000,1.09254000,0.24108630,0.28846478
785.60000000,4.78875000,1.09254000,0.24114700,0.28853745
785.80000000,4.78912000,1.09129000,0.24120766,0.28861001
786.00000000,4.78762000,1.09472000,0.24126839,0.28868282
786.20000000,4.78875000,1.09068000,0.24132909,0.28875537
786.40000000,4.78875000,1.09068000,0.24138968,0.28882788
786.60000000,4.78725000,1.09811000,0.24145048,0.28890092
786.80000000,4.78900000,1.09113000,0.24151130,0.28897346
787.00000000,4.78662000,1.10137000,0.24157220,0.28904673
787.20000000,4.78950000,1.08902000,0.24163304,0.28911917
787.40000000,4.78950000,1.08902000,0.24169354,0.28919160
787.60000000,4.78837000,1.09580000,0.24175423,0.28926448
787.80000000,4.78900000,1.09136000,0.24181499,0.28933705
788.00000000,4.78775000,1.09321000,0.24187567,0.28940977
788.20000000,4.78900000,1.09312000,0.24193640,0.28948247
788.40000000,4.78900000,1.09312000,0.24199713,0.28955517
788.60000000,4.78812000,1.09619000,0.24205794,0.28962799
788.80000000,4.78312000,1.11248000,0.24211930,0.28970188
789.00000000,4.78237000,1.11756000,0.24218124,0.28977611
789.20000000,4.78237000,1.11756000,0.24224333,0.28985031
789.40000000,4.78000000,1.12304000,0.24230557,0.28992491
789.60000000,4.78275000,1.11507000,0.24236774,0.28999895
789.80000000,4.78062000,1.12342000,0.24242992,0.29007357
790.00000000,4.78250000,1.11395000,0.24249207,0.29014756
790.20000000,4.78250000,1.11395000,0.24255395,0.29022150
790.40000000,4.77900000,1.12905000,0.24261626,0.29029650
790.60000000,4.78287000,1.11651000,0.24267864,0.29037061
790.80000000,4.77937000,1.12496000,0.24274090,0.29044529
791.00000000,4.77937000,1.12496000,0.24280340,0.29052001
791.20000000,4.78262000,1.11596000,0.24286564,0.29059410
791.40000000,4.77987000,1.12592000,0.24292792,0.29066887
791.60000000,4.78125000,1.11648000,0.24299021,0.29074300
791.80000000,4.78062000,1.12569000,0.24305249,0.29081774
792.00000000,4.78062000,1.12569000,0.24311503,0.29089248
792.20000000,4.78050000,1.12230000,0.24317747,0.29096700
792.40000000,4.78025000,1.12214000,0.24323982,0.29104151
792.60000000,4.78112000,1.12400000,0.24330221,0.29111615
792.80000000,4.78162000,1.11862000,0.24336451,0.29119044
793.00000000,4.78162000,1.11862000,0.24342665,0.29126473
793.20000000,4.78162000,1.12070000,0.24348885,0.29133925
793.40000000,4.78787000,1.09414000,0.24355038,0.29141201
793.60000000,4.78800000,1.09536000,0.24361120,0.29148485
793.80000000,4.78800000,1.09536000,0.24367205,0.29155769
794.00000000,4.78762000,1.09545000,0.24373291,0.29163052
794.20000000,4.78687000,1.09724000,0.24379381,0.29170349
794.40000000,4.78825000,1.08988000,0.24385457,0.29177596
794.60000000,4.78762000,1.09881000,0.24391536,0.29184903
794.80000000,4.78762000,1.09881000,0.24397641,0.29192211
795.00000000,4.78912000,1.08905000,0.24403718,0.29199452
795.20000000,4.78675000,1.09667000,0.24409790,0.29206748
795.40000000,4.79000000,1.08841000,0.24415859,0.29213989
795.60000000,4.79000000,1.08841000,0.24421906,0.29221223
795.80000000,4.78537000,1.10329000,0.24427994,0.29228561
796.00000000,4.78887000,1.09123000,0.24434090,0.29235817
796.20000000,4.78750000,1.09955000,0.24440176,0.29243130
796.40000000,4.78887000,1.08915000,0.24446255,0.29250374
796.60000000,4.78887000,1.08915000,0.24452306,0.29257617
796.80000000,4.78800000,1.09660000,0.24458378,0.29264912
797.00000000,4.78937000,1.09209000,0.24464457,0.29272173
797.20000000,4.78712000,1.09398000,0.24470530,0.29279446
797.40000000,4.78712000,1.09398000,0.24476608,0.29286721
797.60000000,4.78787000,1.09593000,0.24482691,0.29294009
797.80000000,4.78825000,1.09392000,0.24488774,0.29301284
798.00000000,4.78812000,1.09424000,0.24494852,0.29308562
798.20000000,4.78912000,1.09161000,0.24500924,0.29315823
798.40000000,4.78912000,1.09161000,0.24506988,0.29323081
798.60000000,4.78725000,1.09632000,0.24513066,0.29330374
798.80000000,4.78962000,1.08870000,0.24519135,0.29337613
799.00000000,4.78687000,1.09824000,0.24525210,0.29344918
799.20000000,4.78937000,1.08771000,0.24531282,0.29352153
799.40000000,4.78937000,1.08771000,0.24537325,0.29359385
799.60000000,4.78687000,1.09990000,0.24543402,0.29366701
799.80000000,4.78912000,1.09136000,0.24549488,0.29373956
800.00000000,4.78650000,1.09724000,0.24555568,0.29381251
800.20000000,4.78650000,1.09724000,0.24561664,0.29388550
800.40000000,4.78987000,1.09020000,0.24567740,0.29395798
800.60000000,4.78650000,1.09865000,0.24573820,0.29403105
800.80000000,4.78887000,1.08953000,0.24579898,0.29410350
801.00000000,4.78800000,1.09888000,0.24585977,0.29417658
801.20000000,4.78800000,1.09888000,0.24592082,0.29424966
801.40000000,4.78837000,1.09238000,0.24598169,0.29432231
801.60000000,4.78850000,1.09459000,0.24604244,0.29439511
801.80000000,4.78837000,1.09475000,0.24610325,0.29446791
802.00000000,4.78837000,1.09475000,0.24616407,0.29454072
802.20000000,4.78825000,1.09228000,0.24622482,0.29461334
802.40000000,4.78675000,1.10201000,0.24628578,0.29468664
802.60000000,4.78912000,1.09225000,0.24634673,0.29475920
802.80000000,4.78362000,1.11216000,0.24640796,0.29483310
803.00000000,4.78362000,1.11216000,0.24646975,0.29490695
803.20000000,4.78125000,1.12393000,0.24653186,0.29498157
803.40000000,4.78012000,1.12393000,0.24659430,0.29505623
803.60000000,4.78275000,1.11334000,0.24665645,0.29513016
803.80000000,4.78112000,1.12576000,0.24671865,0.29520491
804.00000000,4.78112000,1.12576000,0.24678119,0.29527971
804.20000000,4.78362000,1.11254000,0.24684336,0.29535356
804.40000000,4.77962000,1.12764000,0.24690559,0.29542850
804.60000000,4.78487000,1.10982000,0.24696774,0.29550226
804.80000000,4.78487000,1.10982000,0.24702940,0.29557603
805.00000000,4.78637000,1.10112000,0.24709081,0.29564922
805.20000000,4.78525000,1.10742000,0.24715216,0.29572275
805.40000000,4.78062000,1.12752000,0.24721424,0.29579764
805.60000000,4.78250000,1.11702000,0.24727659,0.29587184
805.80000000,4.78250000,1.11702000,0.24733865,0.29594600
806.00000000,4.78062000,1.12528000,0.24740093,0.29602076
806.20000000,4.78300000,1.11772000,0.24746324,0.29609498
806.40000000,4.78100000,1.12108000,0.24752543,0.29616942
806.60000000,4.78100000,1.12108000,0.24758771,0.29624387
806.80000000,4.78175000,1.12246000,0.24765003,0.29631848
807.00000000,4.78575000,1.10355000,0.24771187,0.29639186
807.20000000,4.78712000,1.09756000,0.24777301,0.29646487
807.40000000,4.78975000,1.09212000,0.24783383,0.29653752
807.60000000,4.78975000,1.09212000,0.24789451,0.29661013
807.80000000,4.78687000,1.09904000,0.24795537,0.29668324
808.00000000,4.78937000,1.08876000,0.24801614,0.29675556
808.20000000,4.78287000,1.11705000,0.24807742,0.29682977
808.40000000,4.78887000,1.09059000,0.24813874,0.29690230
808.60000000,4.78887000,1.09059000,0.24819933,0.29697481
808.80000000,4.78650000,1.10230000,0.24826024,0.29704814
809.00000000,4.79012000,1.08771000,0.24832107,0.29712044
809.20000000,4.78600000,1.10073000,0.24838186,0.29719361
809.40000000,4.78600000,1.10073000,0.24844302,0.29726683
809.60000000,4.78950000,1.08963000,0.24850386,0.29733926
809.80000000,4.78600000,1.10332000,0.24856477,0.29741265
810.00000000,4.78875000,1.09084000,0.24862572,0.29748516
810.20000000,4.78650000,1.10425000,0.24868670,0.29755857
810.40000000,4.78650000,1.10425000,0.24874805,0.29763203
810.60000000,4.78937000,1.09008000,0.24880900,0.29770450
810.80000000,4.78650000,1.10083000,0.24886986,0.29777773
811.00000000,4.78962000,1.09059000,0.24893073,0.29785027
811.20000000,4.78962000,1.09059000,0.24899132,0.29792277
811.40000000,4.78637000,1.09929000,0.24905215,0.29799590
811.60000000,4.78975000,1.09120000,0.24911300,0.29806845
811.80000000,4.78712000,1.10057000,0.24917388,0.29814164
812.00000000,4.78812000,1.09222000,0.24923479,0.29821428
812.20000000,4.78812000,1.09222000,0.24929547,0.29828691
812.40000000,4.78800000,1.09785000,0.24935630,0.29835993
812.60000000,4.78875000,1.09478000,0.24941721,0.29843273
812.80000000,4.78775000,1.09353000,0.24947800,0.29850544
813.00000000,4.78775000,1.09353000,0.24953875,0.29857816
813.20000000,4.78762000,1.10048000,0.24959969,0.29865135
813.40000000,4.78875000,1.09254000,0.24966061,0.29872399
813.60000000,4.78687000,1.09996000,0.24972151,0.29879716
813.80000000,4.78937000,1.09126000,0.24978238,0.29886975
814.00000000,4.78937000,1.09126000,0.24984301,0.29894228
814.20000000,4.78575000,1.10134000,0.24990391,0.29901555
814.40000000,4.78975000,1.08889000,0.24996475,0.29908795
814.60000000,4.78725000,1.09996000,0.25002555,0.29916111
814.80000000,4.78925000,1.08848000,0.25008634,0.29923352
815.00000000,4.78925000,1.08848000,0.25014681,0.29930589
815.20000000,4.78762000,1.09881000,0.25020757,0.29937899
815.40000000,4.78962000,1.08950000,0.25026836,0.29945142
815.60000000,4.78662000,1.09987000,0.25032917,0.29952454
815.80000000,4.78662000,1.09987000,0.25039028,0.29959770
816.00000000,4.78925000,1.09452000,0.25045123,0.29967040
816.20000000,4.78225000,1.11657000,0.25051265,0.29974457
816.40000000,4.78275000,1.11388000,0.25057461,0.29981853
816.60000000,4.78087000,1.12822000,0.25063689,0.29989345
816.80000000,4.78087000,1.12822000,0.25069957,0.29996839
817.00000000,4.78262000,1.11513000,0.25076188,0.30004242
817.20000000,4.78000000,1.12761000,0.25082418,0.30011733
817.40000000,4.78275000,1.12044000,0.25088663,0.30019175
817.60000000,4.78275000,1.12044000,0.25094887,0.30026614
817.80000000,4.78037000,1.12416000,0.25101122,0.30034080
818.00000000,4.78150000,1.12496000,0.25107370,0.30041551
818.20000000,4.78162000,1.12297000,0.25113614,0.30049009
818.40000000,4.78187000,1.11964000,0.25119844,0.30056445
818.60000000,4.78187000,1.11964000,0.25126064,0.30063882
818.80000000,4.78225000,1.12310000,0.25132294,0.30071339
819.00000000,4.78075000,1.12281000,0.25138532,0.30078795
819.20000000,4.78112000,1.12198000,0.25144768,0.30086247
819.40000000,4.78175000,1.12384000,0.25151006,0.30093710
819.60000000,4.78175000,1.12384000,0.25157250,0.30101174
819.80000000,4.78137000,1.11836000,0.25163478,0.30101987
820.00000000,4.78150000,1.12179000,0.25169701,0.30109439
820.20000000,4.78275000,1.12048000,0.25175929,0.30116882
820.40000000,4.78275000,1.12048000,0.25182154,0.30124321
820.60000000,4.78012000,1.12278000,0.25188386,0.30131779
820.80000000,4.78250000,1.11881000,0.25194612,0.30139207
821.00000000,4.78025000,1.12752000,0.25200852,0.30146697
821.20000000,4.78275000,1.11472000,0.25207080,0.30154101
821.40000000,4.78275000,1.11472000,0.25213273,0.30161503
821.60000000,4.78050000,1.12627000,0.25219498,0.30168985
821.80000000,4.78325000,1.11411000,0.25225722,0.30176381
822.00000000,4.78000000,1.12512000,0.25231942,0.30183851
822.20000000,4.78000000,1.12512000,0.25238192,0.30191325
822.40000000,4.78312000,1.11737000,0.25244421,0.30198741
822.60000000,4.77850000,1.13331000,0.25250673,0.30206268
822.80000000,4.78212000,1.11664000,0.25256923,0.30213687
823.00000000,4.78337000,1.11593000,0.25263125,0.30221100
823.20000000,4.78337000,1.11593000,0.25269324,0.30228523
823.40000000,4.78900000,1.08880000,0.25275449,0.30235757
823.60000000,4.78350000,1.11529000,0.25281571,0.30243174
823.80000000,4.78825000,1.09622000,0.25287714,0.30250462
824.00000000,4.78700000,1.09657000,0.25293805,0.30257753
824.20000000,4.78700000,1.09657000,0.25299897,0.30265045
824.40000000,4.78800000,1.09734000,0.25305992,0.30272342
824.60000000,4.78800000,1.09532000,0.25312082,0.30279626
824.80000000,4.78787000,1.09433000,0.25318165,0.30286903
825.00000000,4.78787000,1.09433000,0.25324244,0.30294182
825.20000000,4.78900000,1.09427000,0.25330324,0.30301458
825.40000000,4.78762000,1.09584000,0.25336407,0.30308747
825.60000000,4.78912000,1.09280000,0.25342487,0.30316014
825.80000000,4.78762000,1.09600000,0.25348567,0.30323302
826.00000000,4.78762000,1.09600000,0.25354656,0.30330592
826.20000000,4.78900000,1.09145000,0.25360732,0.30337849
826.40000000,4.78725000,1.10000000,0.25366819,0.30345163
826.60000000,4.78737000,1.09904000,0.25372928,0.30352470
826.80000000,4.78737000,1.09904000,0.25379034,0.30359777
827.00000000,4.78675000,1.09888000,0.25385139,0.30367080
827.20000000,4.78537000,1.10688000,0.25391266,0.30374429
827.40000000,4.77987000,1.12396000,0.25397463,0.30381903
827.60000000,4.78775000,1.09491000,0.25403626,0.30389183
827.80000000,4.78775000,1.09491000,0.25409709,0.30396462
828.00000000,4.78662000,1.10224000,0.25415812,0.30403792
828.20000000,4.78762000,1.09433000,0.25421914,0.30411068
828.40000000,4.78737000,1.09776000,0.25428003,0.30418367
828.60000000,4.78850000,1.09424000,0.25434092,0.30425645
828.80000000,4.78850000,1.09424000,0.25440171,0.30432917
829.00000000,4.78487000,1.10611000,0.25446283,0.30440262
829.20000000,4.78162000,1.12118000,0.25452470,0.30447715
829.40000000,4.78562000,1.10617000,0.25458657,0.30455067
829.60000000,4.78562000,1.10617000,0.25464803,0.30462422
829.80000000,4.78700000,1.09622000,0.25470920,0.30469710
830.00000000,4.78725000,1.10067000,0.25477023,0.30477018
830.20000000,4.78062000,1.12342000,0.25483201,0.30484478
830.40000000,4.78250000,1.11728000,0.25489425,0.30491899
830.60000000,4.78250000,1.11728000,0.25495632,0.30499319
830.80000000,4.78137000,1.12457000,0.25501859,0.30506788
831.00000000,4.78200000,1.11590000,0.25508083,0.30514197
831.20000000,4.78037000,1.12512000,0.25514308,0.30521667
831.40000000,4.78037000,1.12512000,0.25520559,0.30529139
831.60000000,4.78200000,1.11737000,0.25526788,0.30536557
831.80000000,4.77987000,1.12508000,0.25533017,0.30544036
832.00000000,4.78575000,1.10598000,0.25539214,0.30551387
832.20000000,4.78037000,1.12425000,0.25545409,0.30558851
832.40000000,4.78037000,1.12425000,0.25551655,0.30566320
832.60000000,4.78325000,1.11404000,0.25557873,0.30573718
832.80000000,4.78100000,1.12435000,0.25564090,0.30581186
833.00000000,4.78237000,1.11638000,0.25570315,0.30588601
833.20000000,4.78237000,1.11638000,0.25576517,0.30596014
833.40000000,4.78075000,1.12540000,0.25582744,0.30603488
833.60000000,4.78212000,1.11939000,0.25588979,0.30610925
833.80000000,4.78362000,1.11040000,0.25595173,0.30618303
834.00000000,4.78887000,1.09334000,0.25601295,0.30625575
834.20000000,4.78887000,1.09334000,0.25607369,0.30632847
834.40000000,4.78875000,1.09315000,0.25613442,0.30640116
834.60000000,4.78762000,1.09667000,0.25619525,0.30647411
834.80000000,4.78975000,1.09132000,0.25625603,0.30654671
835.00000000,4.78975000,1.09132000,0.25631666,0.30661927
835.20000000,4.78700000,1.10060000,0.25637755,0.30669248
835.40000000,4.78937000,1.08934000,0.25643838,0.30676491
835.60000000,4.78712000,1.10067000,0.25649921,0.30683814
835.80000000,4.79025000,1.08588000,0.25655995,0.30691038
836.00000000,4.79025000,1.08588000,0.25662028,0.30698257
836.20000000,4.78662000,1.10009000,0.25668100,0.30705576
836.40000000,4.79025000,1.09011000,0.25674184,0.30712823
836.60000000,4.78662000,1.10032000,0.25680268,0.30720138
836.80000000,4.78662000,1.10032000,0.25686381,0.30727457
837.00000000,4.78900000,1.09132000,0.25692469,0.30734713
837.20000000,4.78725000,1.10080000,0.25698558,0.30742035
837.40000000,4.78900000,1.09033000,0.25704645,0.30749287
837.60000000,4.78875000,1.09603000,0.25710718,0.30756577
837.80000000,4.78875000,1.09603000,0.25716807,0.30763866
838.00000000,4.78862000,1.09481000,0.25722893,0.30771147
838.20000000,4.78825000,1.09526000,0.25728976,0.30778431
838.40000000,4.78837000,1.09590000,0.25735063,0.30785720
838.60000000,4.78837000,1.09590000,0.25741151,0.30793008
838.80000000,4.78812000,1.09398000,0.25747234,0.30800282
839.00000000,4.78737000,1.09955000,0.25753327,0.30807595
839.20000000,4.78900000,1.09324000,0.25759418,0.30814867
839.40000000,4.78900000,1.09324000,0.25765492,0.30822135
839.60000000,4.78700000,1.09734000,0.25771577,0.30829435
839.80000000,4.78937000,1.09129000,0.25777656,0.30836690
840.00000000,4.78712000,1.09958000,0.25783742,0.30843994
840.20000000,4.78262000,1.11459000,0.25789892,0.30851398
840.40000000,4.78262000,1.11459000,0.25796085,0.30858803
840.60000000,4.78337000,1.11516000,0.25802278,0.30866220
840.80000000,4.78912000,1.09020000,0.25808404,0.30873466
841.00000000,4.78512000,1.10742000,0.25814509,0.30880826
841.20000000,4.78512000,1.10742000,0.25820661,0.30888193
841.40000000,4.79012000,1.08928000,0.25826763,0.30895434
841.60000000,4.78612000,1.10028000,0.25832845,0.30902753
841.80000000,4.78912000,1.09011000,0.25838930,0.30910000
842.00000000,4.78650000,1.10182000,0.25845018,0.30917325
842.20000000,4.78650000,1.10182000,0.25851140,0.30924653
842.40000000,4.78862000,1.09129000,0.25857232,0.30931908
842.60000000,4.78687000,1.10089000,0.25863321,0.30939229
842.80000000,4.78800000,1.09564000,0.25869422,0.30946515
843.00000000,4.78800000,1.09564000,0.25875509,0.30953791
843.20000000,4.78137000,1.11929000,0.25881662,0.30961225
843.40000000,4.78225000,1.11916000,0.25887880,0.30968657
843.60000000,4.78112000,1.12224000,0.25894106,0.30976108
843.80000000,4.78062000,1.12000000,0.25900334,0.30983545
844.00000000,4.78062000,1.12000000,0.25906557,0.30990984
844.20000000,4.78212000,1.12131000,0.25912782,0.30998428
844.40000000,4.78012000,1.12476000,0.25919022,0.31005899
844.60000000,4.78250000,1.11651000,0.25925247,0.31013312
844.80000000,4.78037000,1.12611000,0.25931477,0.31020789
845.00000000,4.78037000,1.12611000,0.25937733,0.31028269
845.20000000,4.78250000,1.11478000,0.25943958,0.31035675
845.40000000,4.78362000,1.11366000,0.25950148,0.31043074
845.60000000,4.78350000,1.11385000,0.25956335,0.31050474
845.80000000,4.78350000,1.11385000,0.25962523,0.31057868
846.00000000,4.77925000,1.12675000,0.25968747,0.31065352
846.20000000,4.78212000,1.11936000,0.25974986,0.31072782
846.40000000,4.77937000,1.12707000,0.25981226,0.31080269
846.60000000,4.78262000,1.11465000,0.25987453,0.31087673
846.80000000,4.78262000,1.11465000,0.25993646,0.31095074
847.00000000,4.78062000,1.12480000,0.25999867,0.31102545
847.20000000,4.78275000,1.11590000,0.26006091,0.31109963
847.40000000,4.78575000,1.10572000,0.26012262,0.31117312
847.60000000,4.78575000,1.10572000,0.26018405,0.31124666
847.80000000,4.78862000,1.09555000,0.26024520,0.31131949
848.00000000,4.78637000,1.09824000,0.26030613,0.31139254
848.20000000,4.78887000,1.09558000,0.26036707,0.31146540
848.40000000,4.78837000,1.09584000,0.26042795,0.31153828
848.60000000,4.78837000,1.09584000,0.26048883,0.31161112
848.80000000,4.78587000,1.10284000,0.26054990,0.31168447
849.00000000,4.78850000,1.09638000,0.26061099,0.31175737
849.20000000,4.78762000,1.09504000,0.26067186,0.31183018
849.40000000,4.78762000,1.09504000,0.26073270,0.31190301
849.60000000,4.78825000,1.09507000,0.26079353,0.31197581
849.80000000,4.78675000,1.10115000,0.26085454,0.31204905
850.00000000,4.78875000,1.09107000,0.26091544,0.31212160
850.20000000,4.78775000,1.09939000,0.26097628,0.31219471
850.40000000,4.78775000,1.09939000,0.26103736,0.31226785
850.60000000,4.79037000,1.08870000,0.26109814,0.31234023
850.80000000,4.78662000,1.09932000,0.26115892,0.31241337
851.00000000,4.79062000,1.08761000,0.26121967,0.31248574
851.20000000,4.78587000,1.10233000,0.26128050,0.31255901
851.40000000,4.78587000,1.10233000,0.26134174,0.31263234
851.60000000,4.78962000,1.08902000,0.26140261,0.31270474
851.80000000,4.78662000,1.10409000,0.26146353,0.31277819
852.00000000,4.78950000,1.08681000,0.26152439,0.31285048
852.20000000,4.78950000,1.08681000,0.26158477,0.31292273
852.40000000,4.78650000,1.10112000,0.26164554,0.31299598
852.60000000,4.78950000,1.09014000,0.26170641,0.31306844
852.80000000,4.78600000,1.09971000,0.26176724,0.31314154
853.00000000,4.78600000,1.09971000,0.26182833,0.31321468
853.20000000,4.78862000,1.09456000,0.26188929,0.31328745
853.40000000,4.78625000,1.10115000,0.26195028,0.31336064
853.60000000,4.78575000,1.10377000,0.26201153,0.31343400
853.80000000,4.78575000,1.10377000,0.26207285,0.31350740
854.00000000,4.78762000,1.09830000,0.26213401,0.31358041
854.20000000,4.78600000,1.10515000,0.26219522,0.31365379
854.40000000,4.78100000,1.12016000,0.26225704,0.31372817
854.60000000,4.78100000,1.12016000,0.26231927,0.31380263
854.80000000,4.78612000,1.10604000,0.26238111,0.31387618
855.00000000,4.78787000,1.09584000,0.26244227,0.31394906
855.20000000,4.78825000,1.09360000,0.26250309,0.31402180
855.40000000,4.78887000,1.09049000,0.26256376,0.31409433
855.60000000,4.78887000,1.09049000,0.26262434,0.31416685
855.80000000,4.78812000,1.09657000,0.26268509,0.31423977
856.00000000,4.78825000,1.09536000,0.26274598,0.31431256
856.20000000,4.78437000,1.11148000,0.26280728,0.31438641
856.40000000,4.78400000,1.10976000,0.26286898,0.31446015
856.60000000,4.78400000,1.10976000,0.26293063,0.31453389
856.80000000,4.78437000,1.10931000,0.26299227,0.31460766
857.00000000,4.78762000,1.09683000,0.26305356,0.31468050
857.20000000,4.78212000,1.11571000,0.26311501,0.31475461
857.40000000,4.78212000,1.11571000,0.26317700,0.31482874
857.60000000,4.78400000,1.11408000,0.26323894,0.31490272
857.80000000,4.78125000,1.12400000,0.26330111,0.31497739
858.00000000,4.78287000,1.11443000,0.26336328,0.31505140
858.20000000,4.78175000,1.12336000,0.26342545,0.31512601
858.40000000,4.78175000,1.12336000,0.26348785,0.31520062
858.60000000,4.78187000,1.11996000,0.26355017,0.31527500
858.80000000,4.78187000,1.12028000,0.26361240,0.31534939
859.00000000,4.78125000,1.12467000,0.26367476,0.31542408
859.20000000,4.78125000,1.12467000,0.26373724,0.31549878
859.40000000,4.78250000,1.11491000,0.26379945,0.31557281
859.60000000,4.78087000,1.12588000,0.26386169,0.31564763
859.80000000,4.78475000,1.11120000,0.26392384,0.31572139
860.00000000,4.77912000,1.13036000,0.26398610,0.31579642
860.20000000,4.77912000,1.13036000,0.26404890,0.31587153
860.40000000,4.78400000,1.11385000,0.26411124,0.31594546
860.60000000,4.77900000,1.13353000,0.26417366,0.31602078
860.80000000,4.78437000,1.10803000,0.26423593,0.31609445
861.00000000,4.78725000,1.10227000,0.26429733,0.31616774
861.20000000,4.78725000,1.10227000,0.26435856,0.31624107
861.40000000,4.78975000,1.08803000,0.26441941,0.31631341
861.60000000,4.78700000,1.09859000,0.26448015,0.31638649
861.80000000,4.78962000,1.09024000,0.26454095,0.31645901
862.00000000,4.78962000,1.09024000,0.26460152,0.31653151
862.20000000,4.78750000,1.09852000,0.26466231,0.31660456
862.40000000,4.78812000,1.09494000,0.26472324,0.31667738
862.60000000,4.78825000,1.09843000,0.26478417,0.31675044
862.80000000,4.78887000,1.09027000,0.26484497,0.31682295
863.00000000,4.78887000,1.09027000,0.26490554,0.31689546
863.20000000,4.78850000,1.09638000,0.26496628,0.31696839
863.40000000,4.78912000,1.09388000,0.26502712,0.31704114
863.60000000,4.78812000,1.09395000,0.26508789,0.31711389
863.80000000,4.78812000,1.09395000,0.26514867,0.31718663
864.00000000,4.78812000,1.09712000,0.26520953,0.31725961
864.20000000,4.78887000,1.09267000,0.26527036,0.31733225
864.40000000,4.78687000,1.09916000,0.26533124,0.31740537
864.60000000,4.78962000,1.09145000,0.26539209,0.31747798
864.80000000,4.78962000,1.09145000,0.26545273,0.31755054
865.00000000,4.78675000,1.09699000,0.26551352,0.31762352
865.20000000,4.78975000,1.09004000,0.26557427,0.31769599
865.40000000,4.78737000,1.09881000,0.26563507,0.31776909
865.60000000,4.78962000,1.08806000,0.26569582,0.31784147
865.80000000,4.78962000,1.08806000,0.26575627,0.31791380
866.00000000,4.78637000,1.10387000,0.26581715,0.31798724
866.20000000,4.78987000,1.08793000,0.26587804,0.31805957
866.40000000,4.78675000,1.10032000,0.26593882,0.31813272
866.60000000,4.78675000,1.10032000,0.26599995,0.31820592
866.80000000,4.79025000,1.08816000,0.26606074,0.31827826
867.00000000,4.78637000,1.10108000,0.26612155,0.31835150
867.20000000,4.78925000,1.09091000,0.26618244,0.31842402
867.40000000,4.78612000,1.10083000,0.26624332,0.31849720
867.60000000,4.78612000,1.10083000,0.26630448,0.31857042
867.80000000,4.78950000,1.08873000,0.26636530,0.31864281
868.00000000,4.78712000,1.10096000,0.26642613,0.31871604
868.20000000,4.78875000,1.08892000,0.26648696,0.31878846
868.40000000,4.78875000,1.08892000,0.26654745,0.31886088
868.60000000,4.78812000,1.09494000,0.26660811,0.31893370
868.80000000,4.78862000,1.09366000,0.26666891,0.31900645
869.00000000,4.78962000,1.08976000,0.26672956,0.31907892
869.20000000,4.78812000,1.09744000,0.26679031,0.31915190
869.40000000,4.78812000,1.09744000,0.26685128,0.31922491
869.60000000,4.78962000,1.08918000,0.26691202,0.31929731
869.80000000,4.78575000,1.10428000,0.26697295,0.31937079
870.00000000,4.79150000,1.08630000,0.26703380,0.31944309
870.20000000,4.78662000,1.10105000,0.26709456,0.31951628
870.40000000,4.78662000,1.10105000,0.26715573,0.31958954
870.60000000,4.79050000,1.08787000,0.26721653,0.31966178
870.80000000,4.78087000,1.12486000,0.26727800,0.31973650
871.00000000,4.78300000,1.11366000,0.26734018,0.31981048
871.20000000,4.78300000,1.11366000,0.26740205,0.31988441
871.40000000,4.77962000,1.13107000,0.26746440,0.31995955
871.60000000,4.78287000,1.11638000,0.26752683,0.32003367
871.80000000,4.78062000,1.12403000,0.26758907,0.32010834
872.00000000,4.78287000,1.11705000,0.26765132,0.32018255
872.20000000,4.78287000,1.11705000,0.26771338,0.32025671
872.40000000,4.78012000,1.12435000,0.26777564,0.32033139
872.60000000,4.78225000,1.11705000,0.26783790,0.32040555
872.80000000,4.78050000,1.12659000,0.26790022,0.32048035
873.00000000,4.78050000,1.12659000,0.26796281,0.32055518
873.20000000,4.78200000,1.11888000,0.26802519,0.32062947
873.40000000,4.78050000,1.12515000,0.26808752,0.32070421
873.60000000,4.78262000,1.11737000,0.26814981,0.32077840
873.80000000,4.78100000,1.12044000,0.26821197,0.32085280
874.00000000,4.78100000,1.12044000,0.26827422,0.32092722
874.20000000,4.78200000,1.12080000,0.26833648,0.32100171
874.40000000,4.78512000,1.10483000,0.26839830,0.32107517
874.60000000,4.78737000,1.09680000,0.26845946,0.32114810
874.80000000,4.78737000,1.09680000,0.26852039,0.32122104
875.00000000,4.78837000,1.09446000,0.26858126,0.32129378
875.20000000,4.78512000,1.10601000,0.26864238,0.32136727
875.40000000,4.78400000,1.11366000,0.26870404,0.32144122
875.60000000,4.78112000,1.12592000,0.26876625,0.32151598
875.80000000,4.78112000,1.12592000,0.26882880,0.32159079
876.00000000,4.78387000,1.10982000,0.26889090,0.32166447
876.20000000,4.77987000,1.12982000,0.26895312,0.32173954
876.40000000,4.78412000,1.11104000,0.26901536,0.32181329
876.60000000,4.77900000,1.13088000,0.26907764,0.32188835
876.80000000,4.77900000,1.13088000,0.26914047,0.32196349
877.00000000,4.78375000,1.11481000,0.26920285,0.32203751
877.20000000,4.78075000,1.12476000,0.26926506,0.32211224
877.40000000,4.78362000,1.11494000,0.26932727,0.32218631
877.60000000,4.78362000,1.11494000,0.26938921,0.32226034
877.80000000,4.78062000,1.12512000,0.26945143,0.32233508
878.00000000,4.78262000,1.11632000,0.26951370,0.32240920
878.20000000,4.78087000,1.12348000,0.26957591,0.32248380
878.40000000,4.78087000,1.12348000,0.26963833,0.32255842
878.60000000,4.78162000,1.12032000,0.26970066,0.32263281
878.80000000,4.78137000,1.11856000,0.26976285,0.32270709
879.00000000,4.78137000,1.12240000,0.26982510,0.32278164
879.20000000,4.78212000,1.11462000,0.26988724,0.32285567
879.40000000,4.78212000,1.11462000,0.26994916,0.32292969
879.60000000,4.78125000,1.12118000,0.27001127,0.32300423
879.80000000,4.78700000,1.09731000,0.27007289,0.32307719
880.00000000,4.78687000,1.09942000,0.27013391,0.32315028
880.20000000,4.78687000,1.09942000,0.27019499,0.32322343
880.40000000,4.79012000,1.08979000,0.27025580,0.32329586
880.60000000,4.78550000,1.10304000,0.27031671,0.32336924
880.80000000,4.78975000,1.08716000,0.27037755,0.32344156
881.00000000,4.78975000,1.08716000,0.27043795,0.32351382
881.20000000,4.78537000,1.10540000,0.27049885,0.32358735
881.40000000,4.78937000,1.08752000,0.27055977,0.32365965
881.60000000,4.78662000,1.10201000,0.27062059,0.32373296
881.80000000,4.78962000,1.08921000,0.27068146,0.32380541
882.00000000,4.78962000,1.08921000,0.27074197,0.32387782
882.20000000,4.78662000,1.09948000,0.27080276,0.32395095
882.40000000,4.78850000,1.09414000,0.27086370,0.32402370
882.60000000,4.78775000,1.09376000,0.27092447,0.32409643
882.80000000,4.78775000,1.09376000,0.27098524,0.32416918
883.00000000,4.78837000,1.09267000,0.27104597,0.32424185
883.20000000,4.78862000,1.09312000,0.27110669,0.32431453
883.40000000,4.78712000,1.09510000,0.27116747,0.32438737
883.60000000,4.78937000,1.09043000,0.27122818,0.32445991
883.80000000,4.78937000,1.09043000,0.27128876,0.32453240
884.00000000,4.78675000,1.09974000,0.27134960,0.32460550
884.20000000,4.78575000,1.10000000,0.27141070,0.32467853
884.40000000,4.78012000,1.12492000,0.27147251,0.32475321
884.60000000,4.78175000,1.11712000,0.27153478,0.32482740
884.80000000,4.78175000,1.11712000,0.27159685,0.32490155
885.00000000,4.77900000,1.12761000,0.27165920,0.32497645
885.20000000,4.78200000,1.11795000,0.27172158,0.32505065
885.40000000,4.77925000,1.12608000,0.27178391,0.32512540
885.60000000,4.77925000,1.12608000,0.27184647,0.32520016
885.80000000,4.78000000,1.12345000,0.27190896,0.32527475
886.00000000,4.78025000,1.12524000,0.27197142,0.32534947
886.20000000,4.78150000,1.11667000,0.27203370,0.32542363
886.40000000,4.78112000,1.12067000,0.27209585,0.32549804
886.60000000,4.78112000,1.12067000,0.27215810,0.32557248
886.80000000,4.78200000,1.11968000,0.27222034,0.32564682
887.00000000,4.78075000,1.11833000,0.27228250,0.32572107
887.20000000,4.78025000,1.12476000,0.27234481,0.32579575
887.40000000,4.78025000,1.12476000,0.27240730,0.32587044
887.60000000,4.78162000,1.12041000,0.27246966,0.32594482
887.80000000,4.77950000,1.12563000,0.27253205,0.32601970
888.00000000,4.78987000,1.08704000,0.27259352,0.32609196
888.20000000,4.78637000,1.09996000,0.27265427,0.32616509
888.40000000,4.78637000,1.09996000,0.27271538,0.32623825
888.60000000,4.78925000,1.08832000,0.27277616,0.32631061
888.80000000,4.78675000,1.10115000,0.27283698,0.32638384
889.00000000,4.78850000,1.08995000,0.27289784,0.32645633
889.20000000,4.78850000,1.08995000,0.27295840,0.32652879
889.40000000,4.78650000,1.10048000,0.27301924,0.32660198
889.60000000,4.78850000,1.09392000,0.27308020,0.32667471
889.80000000,4.78687000,1.09622000,0.27314104,0.32674762
890.00000000,4.78887000,1.09244000,0.27320183,0.32682028
890.20000000,4.78887000,1.09244000,0.27326252,0.32689292
890.40000000,4.78737000,1.09603000,0.27332331,0.32696580
890.60000000,4.78787000,1.09296000,0.27338412,0.32703848
890.80000000,4.78800000,1.09510000,0.27344490,0.32711130
891.00000000,4.78725000,1.09664000,0.27350578,0.32718421
891.20000000,4.78725000,1.09664000,0.27356670,0.32725715
891.40000000,4.78862000,1.09363000,0.27362754,0.32732987
891.60000000,4.78787000,1.09667000,0.27368839,0.32740281
891.80000000,4.78862000,1.09068000,0.27374915,0.32747535
892.00000000,4.78862000,1.09068000,0.27380974,0.32754787
892.20000000,4.78750000,1.09737000,0.27387052,0.32762087
892.40000000,4.78925000,1.09180000,0.27393133,0.32769346
892.60000000,4.78712000,1.09888000,0.27399218,0.32776655
892.80000000,4.78875000,1.09513000,0.27405313,0.32783938
893.00000000,4.78875000,1.09513000,0.27411397,0.32791220
893.20000000,4.78750000,1.10009000,0.27417494,0.32798537
893.40000000,4.78875000,1.08899000,0.27423575,0.32805778
893.60000000,4.78775000,1.09840000,0.27429651,0.32813082
893.80000000,4.78775000,1.09840000,0.27435754,0.32820390
894.00000000,4.79012000,1.09100000,0.27441835,0.32827642
894.20000000,4.78587000,1.10105000,0.27447924,0.32834967
894.40000000,4.78987000,1.09267000,0.27454018,0.32842230
894.60000000,4.78637000,1.10115000,0.27460112,0.32849551
894.80000000,4.78637000,1.10115000,0.27466229,0.32856873
895.00000000,4.78775000,1.09318000,0.27472325,0.32864143
895.20000000,4.78825000,1.09715000,0.27478409,0.32871440
895.40000000,4.78900000,1.09094000,0.27484487,0.32878697
895.60000000,4.78900000,1.09094000,0.27490548,0.32885951
895.80000000,4.78800000,1.09577000,0.27496622,0.32893239
896.00000000,4.78875000,1.09337000,0.27502703,0.32900510
896.20000000,4.78775000,1.09388000,0.27508779,0.32907784
896.40000000,4.78762000,1.09820000,0.27514868,0.32915086
896.60000000,4.78762000,1.09820000,0.27520969,0.32922384
896.80000000,4.78450000,1.10934000,0.27527101,0.32929750
897.00000000,4.78112000,1.12211000,0.27533299,0.32937206
897.20000000,4.78362000,1.11622000,0.27539517,0.32944617
897.40000000,4.78062000,1.12412000,0.27545740,0.32952081
897.60000000,4.78062000,1.12412000,0.27551985,0.32959549
897.80000000,4.78325000,1.11699000,0.27558211,0.32966965
898.00000000,4.78062000,1.12710000,0.27564444,0.32974452
898.20000000,4.78237000,1.11728000,0.27570679,0.32981873
898.40000000,4.78237000,1.11728000,0.27576886,0.32989291
898.60000000,4.78050000,1.12691000,0.27583119,0.32996777
898.80000000,4.78275000,1.11728000,0.27589353,0.33004195
899.00000000,4.78062000,1.12249000,0.27595575,0.33011653
899.20000000,4.78337000,1.11849000,0.27601800,0.33019084
899.40000000,4.78337000,1.11849000,0.27608014,0.33026515
899.60000000,4.78362000,1.11392000,0.27614215,0.33033914
899.80000000,4.78287000,1.11644000,0.27620410,0.33041329
900.00000000,4.78150000,1.12451000,0.27626635,0.33048796
900.20000000,4.78150000,1.12451000,0.27632882,0.33056264
900.40000000,4.78150000,1.12086000,0.27639120,0.33063709
900.60000000,4.78225000,1.12083000,0.27645346,0.33071154
900.80000000,4.78250000,1.12089000,0.27651573,0.33078600
901.00000000,4.78275000,1.11785000,0.27657792,0.33086025
901.20000000,4.78275000,1.11785000,0.27664002,0.33093454
901.40000000,4.78500000,1.11168000,0.27670196,0.33100848
901.60000000,4.78887000,1.09273000,0.27676319,0.33108115
901.80000000,4.78775000,1.09734000,0.27682403,0.33115412
902.00000000,4.78950000,1.09184000,0.27688484,0.33122675
902.20000000,4.78950000,1.09184000,0.27694549,0.33129935
902.40000000,4.78800000,1.09539000,0.27700625,0.33137222
902.60000000,4.78925000,1.09244000,0.27706702,0.33144485
902.80000000,4.78725000,1.09929000,0.27712790,0.33151794
903.00000000,4.78725000,1.09929000,0.27718898,0.33159106
903.20000000,4.78887000,1.08912000,0.27724977,0.33166348
903.40000000,4.78775000,1.10032000,0.27731058,0.33173667
903.60000000,4.78900000,1.09254000,0.27737150,0.33180931
903.80000000,4.78712000,1.09990000,0.27743240,0.33188244
904.00000000,4.78712000,1.09990000,0.27749350,0.33195561
904.20000000,4.78962000,1.09187000,0.27755438,0.33202821
904.40000000,4.78775000,1.09542000,0.27761514,0.33210108
904.60000000,4.78962000,1.09190000,0.27767590,0.33217372
904.80000000,4.78962000,1.09190000,0.27773656,0.33224634
905.00000000,4.78875000,1.09600000,0.27779734,0.33231924
905.20000000,4.78887000,1.09292000,0.27785814,0.33239192
905.40000000,4.78800000,1.09712000,0.27791898,0.33246488
905.60000000,4.78825000,1.09488000,0.27797986,0.33253769
905.80000000,4.78825000,1.09488000,0.27804069,0.33261051
906.00000000,4.78875000,1.09020000,0.27810139,0.33268301
906.20000000,4.78800000,1.09878000,0.27816219,0.33275600
906.40000000,4.78275000,1.11552000,0.27822370,0.33283010
906.60000000,4.78275000,1.11552000,0.27828567,0.33290419
906.80000000,4.78212000,1.11952000,0.27834776,0.33297865
907.00000000,4.78862000,1.09472000,0.27840927,0.33305143
907.20000000,4.78675000,1.09894000,0.27847020,0.33312449
907.40000000,4.78700000,1.09900000,0.27853125,0.33319756
907.60000000,4.78700000,1.09900000,0.27859231,0.33327059
907.80000000,4.78437000,1.11024000,0.27865368,0.33334443
908.00000000,4.78887000,1.09075000,0.27871482,0.33341697
908.20000000,4.78800000,1.09766000,0.27877561,0.33348991
908.40000000,4.78475000,1.10800000,0.27883687,0.33356355
908.60000000,4.78475000,1.10800000,0.27889843,0.33363721
908.80000000,4.78712000,1.09923000,0.27895974,0.33371032
909.00000000,4.78862000,1.09603000,0.27902072,0.33378320
909.20000000,4.78712000,1.09705000,0.27908164,0.33385614
909.40000000,4.78712000,1.09705000,0.27914259,0.33392910
909.60000000,4.78887000,1.09411000,0.27920345,0.33400186
909.80000000,4.78787000,1.09593000,0.27926429,0.33407474
910.00000000,4.78837000,1.09299000,0.27932509,0.33414739
910.20000000,4.78575000,1.10646000,0.27938619,0.33422094
910.40000000,4.78575000,1.10646000,0.27944766,0.33429442
910.60000000,4.78175000,1.12000000,0.27950950,0.33436890
910.80000000,4.78800000,1.09676000,0.27957108,0.33444180
911.00000000,4.78562000,1.10531000,0.27963225,0.33451527
911.20000000,4.78562000,1.10531000,0.27969365,0.33458869
911.40000000,4.78300000,1.11366000,0.27975529,0.33466264
911.60000000,4.78100000,1.12332000,0.27981743,0.33473727
911.80000000,4.78350000,1.11475000,0.27987960,0.33481130
912.00000000,4.78137000,1.12428000,0.27994179,0.33488596
912.20000000,4.78137000,1.12428000,0.28000425,0.33496065
912.40000000,4.78300000,1.11715000,0.28006652,0.33503483
912.60000000,4.78075000,1.12409000,0.28012877,0.33510950
912.80000000,4.78300000,1.11708000,0.28019103,0.33518371
913.00000000,4.78187000,1.12073000,0.28025319,0.33525814
913.20000000,4.78187000,1.12073000,0.28031545,0.33533258
913.40000000,4.78200000,1.11939000,0.28037768,0.33540693
913.60000000,4.78200000,1.12057000,0.28043990,0.33548135
913.80000000,4.78187000,1.11974000,0.28050213,0.33555572
914.00000000,4.78187000,1.11974000,0.28056434,0.33563008
914.20000000,4.78175000,1.11958000,0.28062654,0.33570442
914.40000000,4.78075000,1.12739000,0.28068896,0.33577930
914.60000000,4.78212000,1.11740000,0.28075131,0.33585359
914.80000000,4.78712000,1.09993000,0.28081290,0.33592672
915.00000000,4.78712000,1.09993000,0.28087401,0.33599989
915.20000000,4.78962000,1.08979000,0.28093484,0.33607236
915.40000000,4.78762000,1.09632000,0.28099556,0.33614530
915.60000000,4.79000000,1.08844000,0.28105625,0.33621771
915.80000000,4.79000000,1.08844000,0.28111672,0.33629007
916.00000000,4.78700000,1.10009000,0.28117751,0.33636324
916.20000000,4.78862000,1.09289000,0.28123843,0.33643591
916.40000000,4.78750000,1.09974000,0.28129933,0.33650908
916.60000000,4.79062000,1.08812000,0.28136011,0.33658148
916.80000000,4.79062000,1.08812000,0.28142056,0.33665384
917.00000000,4.78787000,1.09814000,0.28148129,0.33672690
917.20000000,4.79050000,1.08848000,0.28154203,0.33679928
917.40000000,4.78762000,1.09606000,0.28160271,0.33687216
917.60000000,4.78937000,1.09136000,0.28166347,0.33694476
917.80000000,4.78937000,1.09136000,0.28172410,0.33701733
918.00000000,4.78762000,1.09721000,0.28178490,0.33709029
918.20000000,4.78787000,1.09363000,0.28184575,0.33716303
918.40000000,4.78887000,1.09184000,0.28190646,0.33723565
918.60000000,4.78887000,1.09184000,0.28196712,0.33730827
918.80000000,4.78850000,1.09552000,0.28202788,0.33738114
919.00000000,4.78950000,1.08876000,0.28208855,0.33745355
919.20000000,4.78837000,1.09596000,0.28214924,0.33752645
919.40000000,4.78950000,1.08732000,0.28220989,0.33759878
919.60000000,4.78950000,1.08732000,0.28227029,0.33767108
919.80000000,4.78725000,1.10006000,0.28233105,0.33774427
920.00000000,4.79062000,1.08793000,0.28239183,0.33781661
920.20000000,4.78725000,1.09900000,0.28245258,0.33788968
920.40000000,4.78725000,1.09900000,0.28251363,0.33796281
920.60000000,4.79087000,1.08803000,0.28257438,0.33803515
920.80000000,4.78712000,1.10080000,0.28263519,0.33810837
921.00000000,4.78887000,1.09126000,0.28269608,0.33818093
921.20000000,4.78787000,1.09830000,0.28275690,0.33825397
921.40000000,4.78787000,1.09830000,0.28281791,0.33832703
921.60000000,4.78950000,1.09209000,0.28287876,0.33839965
921.80000000,4.78762000,1.09622000,0.28293954,0.33847252
922.00000000,4.78625000,1.10467000,0.28300068,0.33854595
922.20000000,4.78625000,1.10467000,0.28306205,0.33861942
922.40000000,4.78850000,1.09356000,0.28312311,0.33869215
922.60000000,4.78850000,1.09292000,0.28318385,0.33876485
922.80000000,4.78937000,1.09164000,0.28324453,0.33883746
923.00000000,4.78800000,1.09532000,0.28330528,0.33891030
923.20000000,4.78800000,1.09532000,0.28336613,0.33898315
923.40000000,4.78875000,1.09171000,0.28342688,0.33905573
923.60000000,4.78687000,1.10012000,0.28348777,0.33912891
923.80000000,4.78937000,1.08771000,0.28354854,0.33920127
924.00000000,4.78937000,1.08771000,0.28360897,0.33927360
924.20000000,4.78787000,1.09664000,0.28366964,0.33934655
924.40000000,4.78987000,1.08800000,0.28373033,0.33941884
924.60000000,4.78350000,1.11260000,0.28379146,0.33949275
924.80000000,4.78350000,1.11552000,0.28385335,0.33956687
925.00000000,4.78350000,1.11552000,0.28391532,0.33964090
925.20000000,4.77862000,1.13040000,0.28397771,0.33971599
925.40000000,4.78250000,1.11673000,0.28404013,0.33979013
925.60000000,4.78037000,1.12400000,0.28410237,0.33986476
925.80000000,4.78300000,1.11433000,0.28416455,0.33993879
926.00000000,4.78300000,1.11433000,0.28422645,0.34001278
926.20000000,4.78112000,1.12374000,0.28428862,0.34008742
926.40000000,4.78200000,1.11580000,0.28435083,0.34016151
926.60000000,4.78112000,1.12163000,0.28441298,0.34023599
926.80000000,4.78112000,1.12163000,0.28447529,0.34031048
927.00000000,4.78137000,1.12192000,0.28453762,0.34038498
927.20000000,4.78137000,1.11968000,0.28459988,0.34045933
927.40000000,4.78112000,1.12195000,0.28466215,0.34053386
927.60000000,4.78287000,1.11814000,0.28472437,0.34060814
927.80000000,4.78287000,1.11814000,0.28478649,0.34068238
928.00000000,4.78050000,1.12297000,0.28484875,0.34075699
928.20000000,4.78350000,1.11696000,0.28491097,0.34083113
928.40000000,4.77950000,1.12627000,0.28497328,0.34090590
928.60000000,4.77950000,1.12627000,0.28503585,0.34098070
928.80000000,4.78200000,1.11580000,0.28509813,0.34105478
929.00000000,4.77987000,1.12889000,0.28516048,0.34112977
929.20000000,4.78287000,1.11222000,0.28522273,0.34120360
929.40000000,4.77975000,1.12806000,0.28528496,0.34127849
929.60000000,4.77975000,1.12806000,0.28534763,0.34135343
929.80000000,4.78350000,1.11484000,0.28540994,0.34142744
930.00000000,4.77937000,1.12550000,0.28547217,0.34150221
930.20000000,4.78337000,1.11465000,0.28553440,0.34157626
930.40000000,4.77962000,1.12857000,0.28559671,0.34165118
930.60000000,4.77962000,1.12857000,0.28565941,0.34172613
930.80000000,4.78175000,1.11571000,0.28572175,0.34180030
931.00000000,4.78650000,1.10473000,0.28578343,0.34187379
931.20000000,4.78912000,1.09148000,0.28584443,0.34194639
931.40000000,4.78912000,1.09148000,0.28590507,0.34201897
931.60000000,4.78775000,1.09536000,0.28596581,0.34209182
931.80000000,4.78887000,1.09401000,0.28602663,0.34216457
932.00000000,4.78775000,1.09241000,0.28608736,0.34223721
932.20000000,4.78775000,1.09241000,0.28614805,0.34230985
932.40000000,4.78737000,1.09846000,0.28620891,0.34238291
932.60000000,4.78887000,1.09206000,0.28626976,0.34245552
932.80000000,4.78725000,1.09596000,0.28633054,0.34252842
933.00000000,4.78950000,1.09254000,0.28639133,0.34260110
933.20000000,4.78950000,1.09254000,0.28645203,0.34267374
933.40000000,4.78700000,1.09715000,0.28651285,0.34274672
933.60000000,4.78975000,1.08921000,0.28657358,0.34281915
933.80000000,4.78787000,1.09926000,0.28663437,0.34289225
934.00000000,4.78900000,1.09024000,0.28669519,0.34296477
934.20000000,4.78900000,1.09024000,0.28675576,0.34303725
934.40000000,4.78650000,1.10352000,0.28681670,0.34311066
934.60000000,4.78962000,1.08844000,0.28687759,0.34318302
934.80000000,4.78675000,1.09891000,0.28693835,0.34325608
935.00000000,4.78675000,1.09891000,0.28699940,0.34332919
935.20000000,4.79050000,1.08854000,0.28706016,0.34340154
935.40000000,4.78500000,1.10403000,0.28712106,0.34347497
935.60000000,4.78912000,1.09043000,0.28718202,0.34354746
935.80000000,4.78662000,1.10307000,0.28724295,0.34362080
936.00000000,4.78662000,1.10307000,0.28730423,0.34369415
936.20000000,4.78787000,1.09164000,0.28736520,0.34376673
936.40000000,4.78700000,1.10025000,0.28742608,0.34383990
936.60000000,4.78862000,1.09436000,0.28748705,0.34391269
936.80000000,4.78862000,1.09436000,0.28754784,0.34398546
937.00000000,4.78762000,1.09593000,0.28760868,0.34405832
937.20000000,4.78662000,1.10326000,0.28766977,0.34413168
937.40000000,4.78762000,1.09660000,0.28773088,0.34420459
937.60000000,4.78737000,1.09932000,0.28779188,0.34427769
937.80000000,4.78737000,1.09932000,0.28785295,0.34435082
938.00000000,4.78937000,1.09440000,0.28791389,0.34442355
938.20000000,4.78512000,1.10649000,0.28797502,0.34449706
938.40000000,4.78337000,1.11680000,0.28803678,0.34457126
938.60000000,4.78112000,1.12691000,0.28809911,0.34464609
938.80000000,4.78112000,1.12691000,0.28816171,0.34472096
939.00000000,4.78375000,1.11366000,0.28822395,0.34479490
939.20000000,4.78050000,1.12659000,0.28828618,0.34486974
939.40000000,4.78275000,1.11683000,0.28834850,0.34494393
939.60000000,4.78275000,1.11683000,0.28841054,0.34501808
939.80000000,4.78037000,1.12601000,0.28847285,0.34509288
940.00000000,4.78300000,1.11766000,0.28853517,0.34516709
940.20000000,4.78075000,1.12464000,0.28859746,0.34524177
940.40000000,4.78287000,1.11536000,0.28865968,0.34531586
940.60000000,4.78287000,1.11536000,0.28872164,0.34538991
940.80000000,4.78062000,1.12854000,0.28878397,0.34546487
941.00000000,4.78212000,1.11664000,0.28884634,0.34553900
941.20000000,4.77962000,1.12774000,0.28890868,0.34561386
941.40000000,4.77962000,1.12774000,0.28897134,0.34568877
941.60000000,4.78287000,1.11865000,0.28903373,0.34576311
941.80000000,4.78462000,1.10553000,0.28909552,0.34583665
942.00000000,4.78900000,1.09184000,0.28915656,0.34590927
942.20000000,4.78900000,1.09184000,0.28921721,0.34598187
942.40000000,4.78762000,1.09865000,0.28927806,0.34605494
942.60000000,4.78875000,1.09116000,0.28933889,0.34612751
942.80000000,4.78850000,1.09750000,0.28939968,0.34620049
943.00000000,4.78762000,1.09968000,0.28946072,0.34627361
943.20000000,4.78762000,1.09968000,0.28952181,0.34634674
943.40000000,4.78812000,1.09385000,0.28958274,0.34641948
943.60000000,4.78787000,1.10092000,0.28964371,0.34649269
943.80000000,4.78775000,1.09686000,0.28970476,0.34656563
944.00000000,4.78775000,1.09686000,0.28976569,0.34663855
944.20000000,4.78662000,1.10176000,0.28982677,0.34671185
944.40000000,4.79062000,1.08940000,0.28988763,0.34678428
944.60000000,4.78662000,1.10166000,0.28994850,0.34685757
944.80000000,4.78975000,1.08937000,0.29000936,0.34693003
945.00000000,4.78975000,1.08937000,0.29006988,0.34700246
945.20000000,4.78700000,1.10310000,0.29013078,0.34707585
945.40000000,4.78987000,1.08665000,0.29019161,0.34714810
945.60000000,4.78750000,1.10124000,0.29025238,0.34722133
945.80000000,4.78987000,1.09065000,0.29031327,0.34729388
946.00000000,4.78987000,1.09065000,0.29037386,0.34736639
946.20000000,4.78687000,1.09798000,0.29043465,0.34743943
946.40000000,4.78962000,1.09372000,0.29049553,0.34751215
946.60000000,4.78712000,1.09961000,0.29055646,0.34758526
946.80000000,4.78712000,1.09961000,0.29061755,0.34765840
947.00000000,4.78850000,1.09299000,0.29067845,0.34773107
947.20000000,4.78750000,1.09836000,0.29073933,0.34780412
947.40000000,4.78862000,1.09292000,0.29080019,0.34787680
947.60000000,4.78787000,1.09504000,0.29086097,0.34794962
947.80000000,4.78787000,1.09504000,0.29092181,0.34802244
948.00000000,4.78787000,1.09660000,0.29098269,0.34809536
948.20000000,4.78812000,1.09395000,0.29104353,0.34816808
948.40000000,4.78600000,1.10588000,0.29110464,0.34824159
948.60000000,4.78600000,1.10588000,0.29116608,0.34831513
948.80000000,4.78825000,1.09430000,0.29122719,0.34838779
949.00000000,4.78037000,1.12371000,0.29128881,0.34846255
949.20000000,4.79025000,1.08995000,0.29135030,0.34853502
949.40000000,4.78712000,1.09974000,0.29141112,0.34860814
949.60000000,4.78712000,1.09974000,0.29147222,0.34868131
949.80000000,4.79075000,1.08806000,0.29153299,0.34875365
950.00000000,4.78675000,1.10198000,0.29159382,0.34882696
950.20000000,4.78975000,1.08998000,0.29165471,0.34889947
950.40000000,4.78975000,1.08998000,0.29171527,0.34897194
950.60000000,4.78712000,1.10390000,0.29177621,0.34904528
950.80000000,4.78375000,1.11206000,0.29183776,0.34911912
951.00000000,4.78050000,1.12534000,0.29189991,0.34919388
951.20000000,4.78350000,1.11622000,0.29196218,0.34926804
951.40000000,4.78350000,1.11622000,0.29202419,0.34934216
951.60000000,4.78100000,1.12400000,0.29208642,0.34941682
951.80000000,4.78237000,1.11881000,0.29214872,0.34949111
952.00000000,4.78100000,1.12534000,0.29221106,0.34956584
952.20000000,4.78175000,1.11942000,0.29227341,0.34964018
952.40000000,4.78175000,1.11942000,0.29233560,0.34971453
952.60000000,4.78187000,1.12179000,0.29239786,0.34978904
952.80000000,4.78225000,1.11990000,0.29246013,0.34986342
953.00000000,4.78187000,1.11788000,0.29252229,0.34993766
953.20000000,4.78187000,1.11788000,0.29258439,0.35001189
953.40000000,4.78112000,1.12406000,0.29264667,0.35008655
953.60000000,4.78175000,1.11721000,0.29270892,0.35016071
953.80000000,4.77975000,1.12640000,0.29277125,0.35023554
954.00000000,4.78275000,1.11824000,0.29283360,0.35030982
954.20000000,4.78275000,1.11824000,0.29289572,0.35038404
954.40000000,4.77925000,1.12563000,0.29295805,0.35045883
954.60000000,4.78337000,1.11369000,0.29302026,0.35053277
954.80000000,4.78037000,1.12633000,0.29308248,0.35060755
955.00000000,4.78037000,1.12633000,0.29314505,0.35068238
955.20000000,4.78375000,1.10985000,0.29320717,0.35075616
955.40000000,4.78637000,1.10256000,0.29326862,0.35082949
955.60000000,4.78862000,1.09152000,0.29332957,0.35090206
955.80000000,4.78637000,1.10182000,0.29339050,0.35097530
956.00000000,4.78637000,1.10182000,0.29345171,0.35104861
956.20000000,4.79037000,1.09120000,0.29351263,0.35112116
956.40000000,4.78675000,1.09929000,0.29357347,0.35119428
956.60000000,4.78925000,1.09081000,0.29363431,0.35126683
956.80000000,4.78925000,1.09081000,0.29369491,0.35133937
957.00000000,4.78762000,1.10009000,0.29375577,0.35141254
957.20000000,4.78887000,1.09168000,0.29381665,0.35148513
957.40000000,4.78750000,1.09872000,0.29387750,0.35155819
957.60000000,4.78787000,1.09542000,0.29393844,0.35163103
957.80000000,4.78787000,1.09542000,0.29399930,0.35170384
958.00000000,4.78562000,1.10547000,0.29406044,0.35177737
958.20000000,4.78912000,1.09516000,0.29412156,0.35185021
958.40000000,4.78837000,1.09398000,0.29418237,0.35192296
958.60000000,4.78800000,1.09555000,0.29424319,0.35199582
958.80000000,4.78800000,1.09555000,0.29430406,0.35206869
959.00000000,4.78900000,1.09465000,0.29436490,0.35214146
959.20000000,4.78650000,1.09955000,0.29442585,0.35221459
959.40000000,4.78887000,1.09334000,0.29448676,0.35228731
959.60000000,4.78887000,1.09334000,0.29454750,0.35236000
959.80000000,4.78662000,1.09926000,0.29460841,0.35243312
960.00000000,4.78975000,1.08825000,0.29466917,0.35250548
960.20000000,4.78737000,1.10249000,0.29473003,0.35257879
960.40000000,4.78962000,1.08790000,0.29479087,0.35265116
960.60000000,4.78962000,1.08790000,0.29485131,0.35272349
960.80000000,4.78687000,1.10371000,0.29491219,0.35279691
961.00000000,4.78962000,1.08940000,0.29497311,0.35286933
961.20000000,4.78625000,1.10387000,0.29503403,0.35294271
961.40000000,4.78625000,1.10387000,0.29509536,0.35301606
961.60000000,4.78425000,1.11398000,0.29515696,0.35309003
961.80000000,4.78125000,1.12054000,0.29521903,0.35316457
962.00000000,4.78950000,1.09228000,0.29528050,0.35323717
962.20000000,4.78562000,1.10662000,0.29534158,0.35331073
962.40000000,4.78562000,1.10662000,0.29540306,0.35338423
962.60000000,4.78225000,1.11705000,0.29546483,0.35345846
962.80000000,4.78475000,1.11241000,0.29552676,0.35353244
963.00000000,4.78837000,1.09481000,0.29558807,0.35360525
963.20000000,4.78812000,1.09500000,0.29564890,0.35367807
963.40000000,4.78812000,1.09500000,0.29570973,0.35375090
963.60000000,4.78887000,1.09411000,0.29577054,0.35382368
963.80000000,4.78900000,1.09123000,0.29583124,0.35389624
964.00000000,4.78787000,1.09849000,0.29589207,0.35396929
964.20000000,4.78787000,1.09849000,0.29595310,0.35404236
964.40000000,4.78925000,1.09152000,0.29601393,0.35411493
964.60000000,4.78712000,1.10025000,0.29607481,0.35418811
964.80000000,4.78887000,1.09424000,0.29613577,0.35426081
965.00000000,4.78362000,1.11408000,0.29619711,0.35433483
965.20000000,4.78362000,1.11408000,0.29625901,0.35440887
965.40000000,4.78500000,1.11184000,0.29632084,0.35448269
965.60000000,4.78062000,1.12531000,0.29638298,0.35455747
965.80000000,4.78425000,1.11123000,0.29644511,0.35463131
966.00000000,4.78425000,1.11123000,0.29650684,0.35470509
966.20000000,4.78050000,1.12617000,0.29656899,0.35477990
966.40000000,4.78275000,1.11523000,0.29663125,0.35485395
966.60000000,4.78100000,1.12476000,0.29669347,0.35492864
966.80000000,4.78300000,1.11705000,0.29675575,0.35500284
967.00000000,4.78300000,1.11705000,0.29681781,0.35507703
967.20000000,4.78162000,1.11980000,0.29687994,0.35515139
967.40000000,4.78150000,1.12262000,0.29694223,0.35522596
967.60000000,4.78250000,1.11686000,0.29700444,0.35530015
967.80000000,4.78250000,1.11686000,0.29706649,0.35537430
968.00000000,4.78037000,1.12416000,0.29712874,0.35544898
968.20000000,4.78287000,1.11587000,0.29719096,0.35552305
968.40000000,4.77962000,1.12739000,0.29725327,0.35559789
968.60000000,4.78725000,1.10108000,0.29731517,0.35567110
968.80000000,4.78725000,1.10108000,0.29737634,0.35574431
969.00000000,4.78675000,1.10115000,0.29743752,0.35581750
969.20000000,4.78575000,1.10454000,0.29749879,0.35589092
969.40000000,4.78712000,1.09926000,0.29756000,0.35596400
969.60000000,4.78712000,1.09926000,0.29762107,0.35603714
969.80000000,4.79025000,1.08841000,0.29768184,0.35610950
970.00000000,4.78687000,1.10147000,0.29774267,0.35618272
970.20000000,4.78637000,1.10185000,0.29780388,0.35625597
970.40000000,4.78037000,1.12313000,0.29786568,0.35633054
970.60000000,4.78037000,1.12313000,0.29792808,0.35640521
970.80000000,4.78662000,1.09929000,0.29798981,0.35647832
971.00000000,4.78862000,1.09616000,0.29805080,0.35655122
971.20000000,4.78812000,1.09376000,0.29811163,0.35662395
971.40000000,4.78812000,1.09376000,0.29817239,0.35669670
971.60000000,4.78912000,1.09196000,0.29823311,0.35676932
971.80000000,4.78775000,1.09904000,0.29829397,0.35684242
972.00000000,4.78912000,1.08854000,0.29835473,0.35691482
972.20000000,4.78675000,1.10179000,0.29841557,0.35698807
972.40000000,4.78675000,1.10179000,0.29847679,0.35706137
972.60000000,4.78950000,1.08950000,0.29853765,0.35713379
972.80000000,4.78612000,1.09987000,0.29859847,0.35720697
973.00000000,4.79037000,1.09004000,0.29865930,0.35727949
973.20000000,4.79037000,1.09004000,0.29871986,0.35735196
973.40000000,4.78650000,1.10140000,0.29878073,0.35742521
973.60000000,4.78850000,1.09190000,0.29884166,0.35749779
973.80000000,4.78625000,1.10329000,0.29890263,0.35757113
974.00000000,4.78925000,1.08953000,0.29896355,0.35764361
974.20000000,4.78925000,1.08953000,0.29902408,0.35771605
974.40000000,4.78725000,1.09881000,0.29908486,0.35778915
974.60000000,4.78975000,1.09228000,0.29914573,0.35786175
974.80000000,4.78587000,1.10195000,0.29920668,0.35793500
975.00000000,4.78800000,1.10000000,0.29926784,0.35800815
975.20000000,4.78800000,1.10000000,0.29932895,0.35808127
975.40000000,4.78650000,1.10028000,0.29939007,0.35815444
975.60000000,4.78800000,1.09369000,0.29945102,0.35822717
975.80000000,4.78800000,1.09369000,0.29951178,0.35829982
976.00000000,4.78275000,1.11737000,0.29957320,0.35837413
976.20000000,4.78812000,1.09168000,0.29963456,0.35844672
976.40000000,4.78725000,1.09568000,0.29969532,0.35851959
976.60000000,4.78887000,1.09462000,0.29975616,0.35859240
976.80000000,4.78887000,1.09462000,0.29981697,0.35866520
977.00000000,4.78837000,1.09276000,0.29987773,0.35873784
977.20000000,4.78675000,1.09961000,0.29993863,0.35881099
977.40000000,4.78912000,1.09267000,0.29999953,0.35888355
977.60000000,4.78162000,1.11846000,0.30006095,0.35895783
977.80000000,4.78162000,1.11846000,0.30012309,0.35903221
978.00000000,4.78812000,1.09622000,0.30018460,0.35910509
978.20000000,4.78650000,1.10310000,0.30024570,0.35917847
978.40000000,4.78962000,1.08691000,0.30030653,0.35925077
978.60000000,4.78962000,1.08691000,0.30036691,0.35932303
978.80000000,4.78662000,1.10275000,0.30042774,0.35939630
979.00000000,4.78425000,1.10828000,0.30048916,0.35946989
979.20000000,4.78025000,1.12646000,0.30055123,0.35954471
979.40000000,4.78275000,1.11766000,0.30061357,0.35961896
979.60000000,4.78275000,1.11766000,0.30067566,0.35969317
979.80000000,4.78087000,1.12256000,0.30073789,0.35976774
980.00000000,4.78275000,1.11872000,0.30080015,0.35984203
980.20000000,4.78125000,1.12313000,0.30086242,0.35991661
980.40000000,4.78125000,1.12313000,0.30092482,0.35999121
980.60000000,4.78212000,1.11664000,0.30098703,0.36006535
980.80000000,4.78087000,1.12611000,0.30104933,0.36014014
981.00000000,4.78175000,1.11948000,0.30111171,0.36021448
981.20000000,4.78112000,1.12281000,0.30117399,0.36028904
981.40000000,4.78112000,1.12281000,0.30123637,0.36036362
981.60000000,4.78237000,1.12000000,0.30129867,0.36043800
981.80000000,4.78162000,1.11926000,0.30136087,0.36051234
982.00000000,4.78212000,1.12172000,0.30142312,0.36058694
982.20000000,4.78825000,1.09449000,0.30148468,0.36065973
982.40000000,4.78825000,1.09449000,0.30154549,0.36073249
982.60000000,4.78675000,1.09824000,0.30160640,0.36080555
982.80000000,4.78962000,1.09065000,0.30166720,0.36087805
983.00000000,4.78612000,1.10172000,0.30172810,0.36095128
983.20000000,4.78612000,1.10172000,0.30178931,0.36102457
983.40000000,4.78937000,1.09155000,0.30185023,0.36109704
983.60000000,4.78062000,1.12707000,0.30191186,0.36117191
983.80000000,4.78287000,1.11308000,0.30197409,0.36124582
984.00000000,4.78062000,1.12604000,0.30203628,0.36132059
984.20000000,4.78062000,1.12604000,0.30209884,0.36139538
984.40000000,4.78262000,1.11772000,0.30216117,0.36146959
984.60000000,4.78025000,1.12364000,0.30222343,0.36154423
984.80000000,4.78275000,1.12118000,0.30228578,0.36161871
985.00000000,4.78275000,1.12118000,0.30234807,0.36169316
985.20000000,4.78112000,1.12208000,0.30241039,0.36176768
985.40000000,4.78200000,1.11702000,0.30247258,0.36184187
985.60000000,4.78187000,1.12400000,0.30253483,0.36191652
985.80000000,4.78175000,1.11907000,0.30259714,0.36199084
986.00000000,4.78175000,1.11907000,0.30265931,0.36206516
986.20000000,4.78187000,1.12070000,0.30272153,0.36213959
986.40000000,4.78162000,1.12265000,0.30278384,0.36221415
986.60000000,4.78200000,1.11737000,0.30284606,0.36228837
986.80000000,4.78200000,1.11737000,0.30290814,0.36236256
987.00000000,4.78075000,1.12339000,0.30297038,0.36243719
987.20000000,4.78300000,1.11417000,0.30303254,0.36251116
987.40000000,4.78062000,1.12444000,0.30309472,0.36258596
987.60000000,4.78912000,1.09251000,0.30315630,0.36265863
987.80000000,4.78912000,1.09251000,0.30321700,0.36273125
988.00000000,4.78625000,1.10092000,0.30327793,0.36280448
988.20000000,4.78937000,1.09120000,0.30333882,0.36287703
988.40000000,4.78662000,1.10217000,0.30339975,0.36295030
988.60000000,4.78925000,1.09200000,0.30346070,0.36302294
988.80000000,4.78925000,1.09200000,0.30352136,0.36309555
989.00000000,4.78775000,1.09587000,0.30358214,0.36316843
989.20000000,4.78850000,1.09676000,0.30364304,0.36324136
989.40000000,4.78762000,1.09596000,0.30370395,0.36331424
989.60000000,4.78762000,1.09596000,0.30376484,0.36338712
989.80000000,4.78800000,1.09766000,0.30382577,0.36346012
990.00000000,4.78812000,1.09571000,0.30388670,0.36353296
990.20000000,4.78687000,1.09776000,0.30394763,0.36360598
990.40000000,4.78912000,1.09372000,0.30400850,0.36367873
990.60000000,4.78912000,1.09372000,0.30406927,0.36375147
990.80000000,4.78812000,1.09680000,0.30413011,0.36382442
991.00000000,4.78912000,1.09094000,0.30419088,0.36389695
991.20000000,4.78700000,1.10147000,0.30425178,0.36397018
991.40000000,4.78700000,1.10147000,0.30431298,0.36404343
991.60000000,4.78800000,1.09315000,0.30437394,0.36411611
991.80000000,4.78712000,1.09945000,0.30443484,0.36418923
992.00000000,4.78837000,1.09385000,0.30449577,0.36426198
992.20000000,4.78287000,1.11385000,0.30455709,0.36433597
992.40000000,4.78287000,1.11385000,0.30461898,0.36440996
992.60000000,4.78300000,1.11849000,0.30468098,0.36448423
992.80000000,4.78050000,1.12617000,0.30474334,0.36455903
993.00000000,4.78250000,1.11484000,0.30480559,0.36463308
993.20000000,4.78250000,1.11484000,0.30486752,0.36470709
993.40000000,4.77975000,1.12988000,0.30492988,0.36478215
993.60000000,4.78312000,1.11619000,0.30499227,0.36485626
993.80000000,4.78062000,1.12432000,0.30505450,0.36493092
994.00000000,4.78062000,1.12432000,0.30511697,0.36500561
994.20000000,4.78312000,1.11744000,0.30517924,0.36507982
994.40000000,4.78150000,1.12067000,0.30524141,0.36515425
994.60000000,4.78187000,1.11932000,0.30530363,0.36522859
994.80000000,4.78262000,1.12044000,0.30536584,0.36530301
995.00000000,4.78262000,1.12044000,0.30542809,0.36537740
995.20000000,4.78050000,1.12451000,0.30549045,0.36545210
995.40000000,4.78250000,1.12003000,0.30555280,0.36552650
995.60000000,4.78300000,1.11689000,0.30561493,0.36560070
995.80000000,4.78862000,1.09200000,0.30567629,0.36567332
996.00000000,4.78862000,1.09200000,0.30573696,0.36574594
996.20000000,4.78812000,1.09891000,0.30579782,0.36581903
996.40000000,4.78875000,1.09280000,0.30585870,0.36589169
996.60000000,4.78712000,1.09740000,0.30591954,0.36596466
996.80000000,4.78712000,1.09740000,0.30598050,0.36603765
997.00000000,4.78887000,1.09481000,0.30604140,0.36611043
997.20000000,4.78675000,1.09862000,0.30610233,0.36618350
997.40000000,4.78900000,1.09190000,0.30616318,0.36625613
997.60000000,4.78900000,1.09190000,0.30622384,0.36632874
997.80000000,4.78775000,1.09884000,0.30628469,0.36640179
998.00000000,4.78662000,1.09907000,0.30634574,0.36647486
998.20000000,4.78650000,1.10505000,0.30640697,0.36654836
998.40000000,4.78937000,1.09206000,0.30646800,0.36662101
998.60000000,4.78937000,1.09206000,0.30652867,0.36669362
998.80000000,4.78750000,1.09702000,0.30658948,0.36676658
999.00000000,4.78875000,1.09449000,0.30665035,0.36683937
999.20000000,4.78812000,1.09411000,0.30671115,0.36691213
999.40000000,4.78812000,1.09411000,0.30677193,0.36698489
999.60000000,4.78825000,1.09372000,0.30683270,0.36705764
999.80000000,4.78887000,1.09334000,0.30689346,0.36713033
1000.00000000,4.78712000,1.09584000,0.30695427,0.36720323
1000.20000000,4.78962000,1.09033000,0.30701499,0.36727576
1000.40000000,4.78962000,1.09033000,0.30707557,0.36734825
1000.60000000,4.78712000,1.10108000,0.30713644,0.36742148
1000.80000000,4.78850000,1.09129000,0.30719734,0.36749404
1001.00000000,4.78725000,1.09907000,0.30725818,0.36756712
1001.20000000,4.78725000,1.09907000,0.30731924,0.36764021
1001.40000000,4.78812000,1.09385000,0.30738016,0.36771284
1001.60000000,4.78100000,1.12112000,0.30744168,0.36778730
1001.80000000,4.78200000,1.12124000,0.30750397,0.36786175
1002.00000000,4.78062000,1.12217000,0.30756629,0.36793626
1002.20000000,4.78062000,1.12217000,0.30762863,0.36801078
1002.40000000,4.78112000,1.12054000,0.30769093,0.36808519
1002.60000000,4.78125000,1.12480000,0.30775330,0.36815988
1002.80000000,4.78125000,1.12121000,0.30781569,0.36823434
1003.00000000,4.78162000,1.12121000,0.30787798,0.36830880
1003.20000000,4.78162000,1.12121000,0.30794027,0.36838337
1003.40000000,4.78862000,1.09676000,0.30800188,0.36845630
1003.60000000,4.78800000,1.09507000,0.30806276,0.36852912
1003.80000000,4.78775000,1.09612000,0.30812363,0.36860201
1004.00000000,4.78775000,1.09612000,0.30818452,0.36867485
1004.20000000,4.78425000,1.11097000,0.30824583,0.36874867
1004.40000000,4.78437000,1.10924000,0.30830750,0.36882245
1004.60000000,4.78900000,1.09638000,0.30836877,0.36889535
1004.80000000,4.78712000,1.09827000,0.30842973,0.36896837
1005.00000000,4.78712000,1.09827000,0.30849075,0.36904143
1005.20000000,4.78987000,1.08908000,0.30855151,0.36911384
1005.40000000,4.78700000,1.10057000,0.30861233,0.36918704
1005.60000000,4.78900000,1.08963000,0.30867317,0.36925952
1005.80000000,4.78900000,1.08963000,0.30873371,0.36933191
1006.00000000,4.78350000,1.11561000,0.30879496,0.36940600
1006.20000000,4.78162000,1.11856000,0.30885702,0.36948027
1006.40000000,4.78062000,1.12646000,0.30891938,0.36955510
1006.60000000,4.78275000,1.11964000,0.30898178,0.36962947
1006.80000000,4.78275000,1.11964000,0.30904398,0.36970378
1007.00000000,4.77887000,1.12902000,0.30910644,0.36977877
1007.20000000,4.78225000,1.12000000,0.30916891,0.36985314
1007.40000000,4.78087000,1.12361000,0.30923124,0.36992775
1007.60000000,4.78087000,1.12361000,0.30929366,0.37000238
1007.80000000,4.78200000,1.12022000,0.30935599,0.37007677
1008.00000000,4.78162000,1.12419000,0.30941833,0.37015144
1008.20000000,4.78225000,1.11840000,0.30948063,0.37022573
1008.40000000,4.78225000,1.12163000,0.30954285,0.37030023
1008.60000000,4.78225000,1.12163000,0.30960516,0.37037472
1008.80000000,4.78225000,1.11782000,0.30966737,0.37044897
1009.00000000,4.78250000,1.11856000,0.30972949,0.37052334
1009.20000000,4.78675000,1.10137000,0.30979116,0.37059656
1009.40000000,4.78675000,1.10137000,0.30985234,0.37066982
1009.60000000,4.78887000,1.08940000,0.30991320,0.37074225
1009.80000000,4.78762000,1.09897000,0.30997399,0.37081537
1010.00000000,4.79012000,1.08739000,0.31003472,0.37088767
1010.20000000,4.78737000,1.09795000,0.31009542,0.37096067
1010.40000000,4.78737000,1.09795000,0.31015642,0.37103372
1010.60000000,4.79025000,1.08854000,0.31021716,0.37110609
1010.80000000,4.78687000,1.09881000,0.31027791,0.37117920
1011.00000000,4.79025000,1.08953000,0.31033870,0.37125165
1011.20000000,4.78762000,1.09740000,0.31039945,0.37132462
1011.40000000,4.78762000,1.09740000,0.31046042,0.37139757
1011.60000000,4.78637000,1.10105000,0.31052148,0.37147079
1011.80000000,4.78775000,1.09782000,0.31058256,0.37154379
1012.00000000,4.78800000,1.09561000,0.31064349,0.37161665
1012.20000000,4.78800000,1.09561000,0.31070436,0.37168948
1012.40000000,4.78650000,1.10224000,0.31076541,0.37176275
1012.60000000,4.78612000,1.10432000,0.31082671,0.37183619
1012.80000000,4.78812000,1.09196000,0.31088771,0.37190881
1013.00000000,4.78737000,1.09865000,0.31094856,0.37198186
1013.20000000,4.78737000,1.09865000,0.31100960,0.37205493
1013.40000000,4.78850000,1.09475000,0.31107053,0.37212772
1013.60000000,4.78700000,1.09881000,0.31113146,0.37220081
1013.80000000,4.78975000,1.09168000,0.31119231,0.37227344
1014.00000000,4.78975000,1.09168000,0.31125296,0.37234602
1014.20000000,4.78712000,1.09964000,0.31131383,0.37241916
1014.40000000,4.78912000,1.08873000,0.31137461,0.37249154
1014.60000000,4.78675000,1.10217000,0.31143547,0.37256486
1014.80000000,4.78912000,1.08886000,0.31149633,0.37263728
1015.00000000,4.78912000,1.08886000,0.31155683,0.37270966
1015.20000000,4.78612000,1.10406000,0.31161774,0.37278306
1015.40000000,4.78675000,1.10172000,0.31167901,0.37285630
1015.60000000,4.78637000,1.10025000,0.31174018,0.37292944
1015.80000000,4.78637000,1.10025000,0.31180130,0.37300259
1016.00000000,4.78650000,1.10000000,0.31186242,0.37307573
1016.20000000,4.78737000,1.09756000,0.31192346,0.37314871
1016.40000000,4.78775000,1.09382000,0.31198434,0.37322145
1016.60000000,4.78787000,1.09763000,0.31204521,0.37329444
1016.80000000,4.78787000,1.09763000,0.31210619,0.37336744
1017.00000000,4.78875000,1.09123000,0.31216699,0.37344001
1017.20000000,4.78775000,1.09478000,0.31222771,0.37351282
1017.40000000,4.78887000,1.09523000,0.31228855,0.37358567
1017.60000000,4.78887000,1.09523000,0.31234939,0.37365850
1017.80000000,4.78812000,1.09286000,0.31241017,0.37373119
1018.00000000,4.78850000,1.09520000,0.31247095,0.37380402
1018.20000000,4.78787000,1.09753000,0.31253186,0.37387700
1018.40000000,4.78775000,1.09548000,0.31259278,0.37394984
1018.60000000,4.78775000,1.09548000,0.31265364,0.37402268
1018.80000000,4.78712000,1.10076000,0.31271465,0.37409587
1019.00000000,4.78750000,1.09728000,0.31277570,0.37416878
1019.20000000,4.78412000,1.11158000,0.31283706,0.37424264
1019.40000000,4.78162000,1.12396000,0.31289916,0.37431729
1019.60000000,4.78162000,1.12396000,0.31296160,0.37439195
1019.80000000,4.78262000,1.11600000,0.31302382,0.37446605
1020.00000000,4.78062000,1.12694000,0.31308612,0.37454091
1020.20000000,4.78300000,1.11507000,0.31314840,0.37461498
1020.40000000,4.78300000,1.11507000,0.31321035,0.37468901
1020.60000000,4.77987000,1.12905000,0.31327269,0.37476402
1020.80000000,4.78312000,1.11683000,0.31333507,0.37483817
1021.00000000,4.78037000,1.12345000,0.31339730,0.37491276
1021.20000000,4.78237000,1.11977000,0.31345961,0.37498713
1021.40000000,4.78237000,1.11977000,0.31352182,0.37506150
1021.60000000,4.78187000,1.12307000,0.31358413,0.37513609
1021.80000000,4.78162000,1.12102000,0.31364646,0.37521054
1022.00000000,4.78175000,1.12281000,0.31370879,0.37528511
1022.20000000,4.78175000,1.12281000,0.31377117,0.37535966
1022.40000000,4.78087000,1.12483000,0.31383360,0.37543439
1022.60000000,4.78312000,1.11392000,0.31389579,0.37550847
1022.80000000,4.78850000,1.09744000,0.31395722,0.37558146
1023.00000000,4.78912000,1.09033000,0.31401799,0.37565398
1023.20000000,4.78912000,1.09033000,0.31407856,0.37572649
1023.40000000,4.78787000,1.09580000,0.31413929,0.37579937
1023.60000000,4.78900000,1.09456000,0.31420013,0.37587216
1023.80000000,4.78800000,1.09552000,0.31426097,0.37594501
1024.00000000,4.78800000,1.09552000,0.31432183,0.37601790
1024.20000000,4.79037000,1.09017000,0.31438254,0.37609037
1024.40000000,4.78625000,1.10115000,0.31444341,0.37616362
1024.60000000,4.78950000,1.08937000,0.31450426,0.37623609
1024.80000000,4.78687000,1.10204000,0.31456513,0.37630936
1025.00000000,4.78687000,1.10204000,0.31462636,0.37638267
1025.20000000,4.78987000,1.08630000,0.31468714,0.37645490
1025.40000000,4.78750000,1.09910000,0.31474785,0.37652802
1025.60000000,4.78975000,1.09033000,0.31480867,0.37660055
1025.80000000,4.78975000,1.09033000,0.31486924,0.37667303
1026.00000000,4.78600000,1.10220000,0.31493015,0.37674635
1026.20000000,4.78937000,1.09228000,0.31499110,0.37681899
1026.40000000,4.78825000,1.09497000,0.31505186,0.37689181
1026.60000000,4.78887000,1.09283000,0.31511263,0.37696449
1026.80000000,4.78887000,1.09283000,0.31517334,0.37703718
1027.00000000,4.78912000,1.09312000,0.31523407,0.37710985
1027.20000000,4.78612000,1.10064000,0.31529500,0.37718296
1027.40000000,4.78300000,1.11900000,0.31535666,0.37725730
1027.60000000,4.78300000,1.11900000,0.31541883,0.37733160
1027.80000000,4.78062000,1.12425000,0.31548114,0.37740627
1028.00000000,4.78250000,1.11673000,0.31554339,0.37748043
1028.20000000,4.78100000,1.12508000,0.31560566,0.37755514
1028.40000000,4.78100000,1.12508000,0.31566817,0.37762987
1028.60000000,4.78287000,1.11392000,0.31573036,0.37770384
1028.80000000,4.78100000,1.12428000,0.31579253,0.37777854
1029.00000000,4.78375000,1.11664000,0.31585478,0.37785270
1029.20000000,4.78212000,1.11724000,0.31591683,0.37792691
1029.40000000,4.78212000,1.11724000,0.31597890,0.37800123
1029.60000000,4.78962000,1.09033000,0.31604022,0.37807370
1029.80000000,4.78562000,1.10528000,0.31610121,0.37814721
1030.00000000,4.78837000,1.09302000,0.31616228,0.37821990
1030.20000000,4.78837000,1.09932000,0.31622317,0.37829301
1030.40000000,4.78837000,1.09932000,0.31628425,0.37836614
1030.60000000,4.78937000,1.08953000,0.31634505,0.37843861
1030.80000000,4.78900000,1.09331000,0.31640568,0.37851131
1031.00000000,4.78825000,1.09532000,0.31646648,0.37858416
1031.20000000,4.78825000,1.09532000,0.31652733,0.37865701
1031.40000000,4.78862000,1.09238000,0.31658810,0.37872961
1031.60000000,4.78537000,1.10902000,0.31664925,0.37880336
1031.80000000,4.78787000,1.09792000,0.31671055,0.37887636
1032.00000000,4.78750000,1.09840000,0.31677156,0.37894940
1032.20000000,4.78750000,1.09840000,0.31683258,0.37902248
1032.40000000,4.79050000,1.08771000,0.31689331,0.37909478
1032.60000000,4.78575000,1.10182000,0.31695413,0.37916798
1032.80000000,4.78325000,1.11462000,0.31701570,0.37924202
1033.00000000,4.78325000,1.11462000,0.31707762,0.37931602
1033.20000000,4.77975000,1.13129000,0.31714001,0.37939117
1033.40000000,4.78312000,1.11510000,0.31720241,0.37946521
1033.60000000,4.78050000,1.12822000,0.31726472,0.37954017
1033.80000000,4.78375000,1.11388000,0.31732700,0.37961418
1034.00000000,4.78375000,1.11388000,0.31738888,0.37968813
1034.20000000,4.78025000,1.12688000,0.31745113,0.37976300
1034.40000000,4.78362000,1.11523000,0.31751341,0.37983704
1034.60000000,4.78000000,1.12694000,0.31757569,0.37991186
1034.80000000,4.78000000,1.12694000,0.31763830,0.37998671
1035.00000000,4.78275000,1.11964000,0.31770070,0.38006105
1035.20000000,4.78037000,1.12758000,0.31776313,0.38013595
1035.40000000,4.78262000,1.11750000,0.31782549,0.38021016
1035.60000000,4.78150000,1.12262000,0.31788772,0.38028472
1035.80000000,4.78150000,1.12262000,0.31795008,0.38035927
1036.00000000,4.78175000,1.11673000,0.31801229,0.38043343
1036.20000000,4.78087000,1.12224000,0.31807448,0.38050796
1036.40000000,4.78187000,1.12156000,0.31813681,0.38058243
1036.60000000,4.78050000,1.12332000,0.31819917,0.38065701
1036.80000000,4.78050000,1.12332000,0.31826157,0.38073160
1037.00000000,4.78087000,1.12505000,0.31832403,0.38080633
1037.20000000,4.78262000,1.11651000,0.31838629,0.38088047
1037.40000000,4.78087000,1.12457000,0.31844855,0.38095514
1037.60000000,4.78087000,1.12457000,0.31851102,0.38102986
1037.80000000,4.78387000,1.11459000,0.31857322,0.38110386
1038.00000000,4.77987000,1.12688000,0.31863548,0.38117873
1038.20000000,4.78375000,1.11404000,0.31869773,0.38125269
1038.40000000,4.78037000,1.12880000,0.31876003,0.38132764
1038.60000000,4.78037000,1.12880000,0.31882274,0.38140265
1038.80000000,4.78450000,1.10953000,0.31888492,0.38147640
1039.00000000,4.78562000,1.10976000,0.31894657,0.38155015
1039.20000000,4.78487000,1.11084000,0.31900825,0.38162397
1039.40000000,4.78487000,1.11084000,0.31906996,0.38169783
1039.60000000,4.78750000,1.09830000,0.31913133,0.38177090
1039.80000000,4.79012000,1.09209000,0.31919217,0.38184351
1040.00000000,4.78725000,1.09897000,0.31925303,0.38191661
1040.20000000,4.78900000,1.09516000,0.31931398,0.38198945
1040.40000000,4.78900000,1.09516000,0.31937483,0.38206227
1040.60000000,4.78737000,1.10252000,0.31943587,0.38213561
1040.80000000,4.78937000,1.09075000,0.31949680,0.38220805
1041.00000000,4.78137000,1.12521000,0.31955835,0.38228277
1041.20000000,4.78137000,1.12521000,0.31962086,0.38235752
1041.40000000,4.78300000,1.11676000,0.31968314,0.38243168
1041.60000000,4.78137000,1.12435000,0.31974539,0.38250636
1041.80000000,4.78225000,1.11958000,0.31980772,0.38258072
1042.00000000,4.78200000,1.12121000,0.31986997,0.38265518
1042.20000000,4.78200000,1.12121000,0.31993226,0.38272966
1042.40000000,4.78262000,1.12438000,0.31999463,0.38280436
1042.60000000,4.78325000,1.11600000,0.32005687,0.38287848
1042.80000000,4.78187000,1.12320000,0.32011907,0.38295307
1043.00000000,4.78412000,1.11516000,0.32018124,0.38302717
1043.20000000,4.78412000,1.11516000,0.32024320,0.38310131
1043.40000000,4.78687000,1.10204000,0.32030479,0.38317464
1043.60000000,4.79100000,1.08803000,0.32036562,0.38324697
1043.80000000,4.78650000,1.10534000,0.32042655,0.38332046
1044.00000000,4.78650000,1.10534000,0.32048796,0.38339400
1044.20000000,4.79050000,1.08729000,0.32054886,0.38346631
1044.40000000,4.78800000,1.10140000,0.32060966,0.38353958
1044.60000000,4.79037000,1.08668000,0.32067044,0.38361188
1044.80000000,4.79037000,1.08668000,0.32073081,0.38368415
1045.00000000,4.78812000,1.09798000,0.32079150,0.38375720
1045.20000000,4.79000000,1.09078000,0.32085229,0.38382973
1045.40000000,4.78787000,1.09625000,0.32091305,0.38390264
1045.60000000,4.78875000,1.09504000,0.32097391,0.38397548
1045.80000000,4.78875000,1.09504000,0.32103475,0.38404831
1046.00000000,4.78862000,1.09328000,0.32109554,0.38412102
1046.20000000,4.78862000,1.09555000,0.32115634,0.38419382
1046.40000000,4.78437000,1.11417000,0.32121772,0.38426785
1046.60000000,4.78187000,1.12192000,0.32127983,0.38434236
1046.80000000,4.78187000,1.12192000,0.32134216,0.38441691
1047.00000000,4.78425000,1.11308000,0.32140424,0.38449084
1047.20000000,4.78187000,1.12534000,0.32146642,0.38456560
1047.40000000,4.78312000,1.11612000,0.32152869,0.38463974
1047.60000000,4.78312000,1.11612000,0.32159069,0.38471386
1047.80000000,4.78137000,1.12694000,0.32165300,0.38478875
1048.00000000,4.78450000,1.11286000,0.32171522,0.38486266
1048.20000000,4.78162000,1.12435000,0.32177736,0.38493733
1048.40000000,4.78475000,1.11398000,0.32183954,0.38501136
1048.60000000,4.78475000,1.11398000,0.32190142,0.38508532
1048.80000000,4.78062000,1.12508000,0.32196362,0.38516007
1049.00000000,4.78387000,1.11500000,0.32202585,0.38523412
1049.20000000,4.78125000,1.12697000,0.32208812,0.38530896
1049.40000000,4.78125000,1.12697000,0.32215073,0.38538381
1049.60000000,4.78262000,1.11798000,0.32221309,0.38545817
1049.80000000,4.78862000,1.09644000,0.32227460,0.38553110
1050.00000000,4.78900000,1.09472000,0.32233547,0.38560391
1050.20000000,4.78900000,1.09472000,0.32239629,0.38567673
1050.40000000,4.78925000,1.09206000,0.32245703,0.38574936
1050.60000000,4.78825000,1.09830000,0.32251787,0.38582241
1050.80000000,4.78900000,1.09065000,0.32257868,0.38589492
1051.00000000,4.78712000,1.10134000,0.32263957,0.38596815
1051.20000000,4.78712000,1.10134000,0.32270075,0.38604141
1051.40000000,4.78962000,1.09209000,0.32276168,0.38611401
1051.60000000,4.78637000,1.10012000,0.32282258,0.38618721
1051.80000000,4.79075000,1.08912000,0.32288339,0.38625968
1052.00000000,4.79075000,1.08912000,0.32294389,0.38633210
1052.20000000,4.78750000,1.10051000,0.32300472,0.38640531
1052.40000000,4.79000000,1.08860000,0.32306553,0.38647770
1052.60000000,4.78737000,1.10124000,0.32312635,0.38655095
1052.80000000,4.78962000,1.09081000,0.32318724,0.38662352
1053.00000000,4.78962000,1.09081000,0.32324785,0.38669601
1053.20000000,4.78500000,1.10972000,0.32330897,0.38676974
1053.40000000,4.78375000,1.11302000,0.32337071,0.38684365
1053.60000000,4.78112000,1.12342000,0.32343284,0.38691825
1053.80000000,4.78112000,1.12342000,0.32349525,0.38699290
1054.00000000,4.78400000,1.11459000,0.32355742,0.38706691
1054.20000000,4.78137000,1.12320000,0.32361958,0.38714152
1054.40000000,4.78225000,1.11827000,0.32368184,0.38721578
1054.60000000,4.78162000,1.12156000,0.32374406,0.38729027
1054.80000000,4.78162000,1.12156000,0.32380637,0.38736476
1055.00000000,4.78237000,1.11776000,0.32386857,0.38743912
1055.20000000,4.78987000,1.08832000,0.32392985,0.38751149
1055.40000000,4.78787000,1.09894000,0.32399061,0.38758457
1055.60000000,4.79037000,1.08640000,0.32405131,0.38765685
1055.80000000,4.79037000,1.08640000,0.32411167,0.38772903
1056.00000000,4.78337000,1.11593000,0.32417284,0.38780326
1056.20000000,4.78950000,1.09132000,0.32423416,0.38787582
1056.40000000,4.78712000,1.09865000,0.32429499,0.38794887
1056.60000000,4.78712000,1.09865000,0.32435602,0.38802195
1056.80000000,4.78925000,1.09360000,0.32441692,0.38809459
1057.00000000,4.78300000,1.11369000,0.32447823,0.38816867
1057.20000000,4.78925000,1.09296000,0.32453953,0.38824136
1057.40000000,4.78850000,1.09612000,0.32460034,0.38831426
1057.60000000,4.78850000,1.09612000,0.32466123,0.38838716
1057.80000000,4.78850000,1.09248000,0.32472203,0.38845983
1058.00000000,4.78912000,1.09385000,0.32478276,0.38853256
1058.20000000,4.78712000,1.09830000,0.32484365,0.38860558
1058.40000000,4.78712000,1.09830000,0.32490467,0.38867860
1058.60000000,4.78712000,1.10080000,0.32496575,0.38875176
1058.80000000,4.78462000,1.10940000,0.32502715,0.38882554
1059.00000000,4.78825000,1.09520000,0.32508839,0.38889834
1059.20000000,4.78650000,1.10499000,0.32514950,0.38897180
1059.40000000,4.78650000,1.10499000,0.32521089,0.38904530
1059.60000000,4.78875000,1.09276000,0.32527194,0.38911796
1059.80000000,4.78775000,1.09872000,0.32533282,0.38919095
1060.00000000,4.78337000,1.11436000,0.32539429,0.38926499
1060.20000000,4.78337000,1.11436000,0.32545620,0.38933898
1060.40000000,4.78075000,1.12348000,0.32551836,0.38941362
1060.60000000,4.78350000,1.11756000,0.32558061,0.38948782
1060.80000000,4.78062000,1.12304000,0.32564285,0.38956243
1061.00000000,4.78325000,1.11680000,0.32570507,0.38963663
1061.20000000,4.78325000,1.11680000,0.32576711,0.38971079
1061.40000000,4.78162000,1.12342000,0.32582934,0.38978540
1061.60000000,4.78162000,1.11836000,0.32589161,0.38985968
1061.80000000,4.78187000,1.12451000,0.32595391,0.38993434
1062.00000000,4.78075000,1.12236000,0.32601633,0.39000887
1062.20000000,4.78075000,1.12236000,0.32607868,0.39008342
1062.40000000,4.78237000,1.11763000,0.32614090,0.39015765
1062.60000000,4.78187000,1.12524000,0.32620321,0.39023240
1062.80000000,4.78325000,1.11584000,0.32626546,0.39030653
1063.00000000,4.78325000,1.11584000,0.32632745,0.39038067
1063.20000000,4.78400000,1.11347000,0.32638937,0.39045473
1063.40000000,4.78912000,1.09174000,0.32645063,0.39052733
1063.60000000,4.78762000,1.09926000,0.32651149,0.39060046
1063.80000000,4.79000000,1.09216000,0.32657236,0.39067312
1064.00000000,4.79000000,1.09216000,0.32663304,0.39074574
1064.20000000,4.78762000,1.09622000,0.32669383,0.39081863
1064.40000000,4.78762000,1.09961000,0.32675482,0.39089176
1064.60000000,4.78800000,1.09558000,0.32681580,0.39096461
1064.80000000,4.78800000,1.09558000,0.32687667,0.39103749
1065.00000000,4.78900000,1.09273000,0.32693745,0.39111015
1065.20000000,4.78775000,1.09955000,0.32699835,0.39118328
1065.40000000,4.78875000,1.09283000,0.32705925,0.39125596
1065.60000000,4.78812000,1.09932000,0.32712014,0.39132906
1065.80000000,4.78812000,1.09932000,0.32718121,0.39140219
1066.00000000,4.78962000,1.08992000,0.32724203,0.39147467
1066.20000000,4.78762000,1.09664000,0.32730276,0.39154762
1066.40000000,4.78987000,1.08966000,0.32736350,0.39162011
1066.60000000,4.78987000,1.08966000,0.32742403,0.39169258
1066.80000000,4.78812000,1.09385000,0.32748468,0.39176534
1067.00000000,4.78937000,1.09225000,0.32754541,0.39183799
1067.20000000,4.78900000,1.09456000,0.32760615,0.39191078
1067.40000000,4.78812000,1.09504000,0.32766698,0.39198360
1067.60000000,4.78812000,1.09504000,0.32772781,0.39205646
1067.80000000,4.79087000,1.09030000,0.32778852,0.39212898
1068.00000000,4.78850000,1.09625000,0.32784925,0.39220192
1068.20000000,4.79062000,1.08918000,0.32790996,0.39227436
1068.40000000,4.78912000,1.09632000,0.32797067,0.39234729
1068.60000000,4.78912000,1.09632000,0.32803158,0.39242022
1068.80000000,4.79012000,1.08992000,0.32809230,0.39249268
1069.00000000,4.78675000,1.10201000,0.32815319,0.39256597
1069.20000000,4.78800000,1.09817000,0.32821431,0.39263900
1069.40000000,4.78800000,1.09817000,0.32827532,0.39271193
1069.60000000,4.78150000,1.12048000,0.32833695,0.39278633
1069.80000000,4.78125000,1.12592000,0.32839935,0.39286111
1070.00000000,4.78212000,1.11926000,0.32846171,0.39293545
1070.20000000,4.78162000,1.11926000,0.32852389,0.39300978
1070.40000000,4.78162000,1.11926000,0.32858607,0.39308412
1070.60000000,4.78262000,1.12032000,0.32864828,0.39315852
1070.80000000,4.78125000,1.12377000,0.32871062,0.39323317
1071.00000000,4.78300000,1.11814000,0.32877290,0.39330745
1071.20000000,4.78300000,1.11814000,0.32883501,0.39338182
1071.40000000,4.78875000,1.09612000,0.32889652,0.39345475
1071.60000000,4.79062000,1.08732000,0.32895717,0.39352706
1071.80000000,4.78800000,1.09827000,0.32901788,0.39360010
1072.00000000,4.78812000,1.09696000,0.32907886,0.39367304
1072.20000000,4.78812000,1.09696000,0.32913980,0.39374598
1072.40000000,4.78700000,1.09987000,0.32920083,0.39381910
1072.60000000,4.78675000,1.10604000,0.32926210,0.39389256
1072.80000000,4.78225000,1.11830000,0.32932389,0.39396684
1073.00000000,4.78800000,1.09462000,0.32938536,0.39403963
1073.20000000,4.78800000,1.09462000,0.32944617,0.39411236
1073.40000000,4.78350000,1.11798000,0.32950763,0.39418661
1073.60000000,4.78212000,1.11699000,0.32956972,0.39426080
1073.80000000,4.78200000,1.12092000,0.32963188,0.39433525
1074.00000000,4.78200000,1.12092000,0.32969415,0.39440969
1074.20000000,4.78150000,1.12099000,0.32975643,0.39448410
1074.40000000,4.77937000,1.12844000,0.32981891,0.39455905
1074.60000000,4.78225000,1.12390000,0.32988148,0.39463371
1074.80000000,4.78325000,1.11724000,0.32994373,0.39470794
1075.00000000,4.78325000,1.11724000,0.33000580,0.39478212
1075.20000000,4.78100000,1.12422000,0.33006806,0.39485683
1075.40000000,4.78437000,1.11286000,0.33013020,0.39493072
1075.60000000,4.78075000,1.12441000,0.33019235,0.39500538
1075.80000000,4.78075000,1.12441000,0.33025482,0.39508009
1076.00000000,4.78362000,1.11331000,0.33031698,0.39515400
1076.20000000,4.78037000,1.12854000,0.33037925,0.39522898
1076.40000000,4.78362000,1.11408000,0.33044155,0.39530304
1076.60000000,4.78637000,1.10489000,0.33050318,0.39537649
1076.80000000,4.78637000,1.10489000,0.33056457,0.39544999
1077.00000000,4.78962000,1.09033000,0.33062554,0.39552243
1077.20000000,4.78312000,1.11440000,0.33068679,0.39559646
1077.40000000,4.78337000,1.11785000,0.33074879,0.39567073
1077.60000000,4.78637000,1.10118000,0.33081043,0.39574393
1077.80000000,4.78637000,1.10118000,0.33087161,0.39581708
1078.00000000,4.78250000,1.11865000,0.33093327,0.39589149
1078.20000000,4.78925000,1.09123000,0.33099466,0.39596406
1078.40000000,4.78825000,1.09587000,0.33105541,0.39603694
1078.60000000,4.78825000,1.09587000,0.33111629,0.39610984
1078.80000000,4.79025000,1.08915000,0.33117699,0.39618227
1079.00000000,4.78750000,1.09865000,0.33123776,0.39625536
1079.20000000,4.79000000,1.08838000,0.33129851,0.39632773
1079.40000000,4.78750000,1.10025000,0.33135931,0.39640089
1079.60000000,4.78750000,1.10025000,0.33142043,0.39647404
1079.80000000,4.78750000,1.09766000,0.33148148,0.39654698
1080.00000000,4.78412000,1.11273000,0.33154288,0.39662102
1080.20000000,4.79062000,1.08838000,0.33160403,0.39669343
1080.40000000,4.79062000,1.08838000,0.33166449,0.39676580
1080.60000000,4.78725000,1.09875000,0.33172524,0.39683884
1080.80000000,4.78637000,1.10777000,0.33178654,0.39691247
1081.00000000,4.78537000,1.10617000,0.33184804,0.39698599
1081.20000000,4.78837000,1.09404000,0.33190915,0.39705875
1081.40000000,4.78837000,1.09404000,0.33196993,0.39713151
1081.60000000,4.78862000,1.09846000,0.33203084,0.39720455
1081.80000000,4.78775000,1.09552000,0.33209178,0.39727740
1082.00000000,4.78737000,1.10032000,0.33215277,0.39735056
1082.20000000,4.78737000,1.10032000,0.33221390,0.39742364
1082.40000000,4.78187000,1.12352000,0.33227568,0.39749832
1082.60000000,4.78600000,1.10192000,0.33233749,0.39757158
1082.80000000,4.78700000,1.10224000,0.33239872,0.39764486
1083.00000000,4.78700000,1.10224000,0.33245996,0.39771812
1083.20000000,4.78487000,1.10902000,0.33252138,0.39779177
1083.40000000,4.78187000,1.12102000,0.33258333,0.39786635
1083.60000000,4.78975000,1.09184000,0.33264479,0.39793898
1083.80000000,4.78975000,1.09184000,0.33270545,0.39801149
1084.00000000,4.78162000,1.11948000,0.33276688,0.39808596
1084.20000000,4.78987000,1.08787000,0.33282819,0.39815830
1084.40000000,4.78762000,1.10112000,0.33288900,0.39823155
1084.60000000,4.78975000,1.08851000,0.33294982,0.39830397
1084.80000000,4.78975000,1.08851000,0.33301029,0.39837634
1085.00000000,4.78700000,1.10070000,0.33307111,0.39844955
1085.20000000,4.78912000,1.09280000,0.33313204,0.39852220
1085.40000000,4.78675000,1.09971000,0.33319294,0.39859531
1085.60000000,4.78675000,1.09971000,0.33325403,0.39866847
1085.80000000,4.78937000,1.09568000,0.33331502,0.39874133
1086.00000000,4.78812000,1.09529000,0.33337588,0.39881418
1086.20000000,4.78875000,1.09392000,0.33343669,0.39888693
1086.40000000,4.78862000,1.09699000,0.33349755,0.39895989
1086.60000000,4.78862000,1.09699000,0.33355849,0.39903285
1086.80000000,4.78825000,1.09344000,0.33361934,0.39910549
1087.00000000,4.78350000,1.11443000,0.33368067,0.39917950
1087.20000000,4.78137000,1.12348000,0.33374283,0.39925411
1087.40000000,4.78162000,1.11878000,0.33380512,0.39932841
1087.60000000,4.78162000,1.11878000,0.33386727,0.39940271
1087.80000000,4.78150000,1.12195000,0.33392951,0.39947725
1088.00000000,4.78350000,1.11532000,0.33399166,0.39955129
1088.20000000,4.77987000,1.12464000,0.33405388,0.39962595
1088.40000000,4.77987000,1.12464000,0.33411636,0.39970067
1088.60000000,4.78337000,1.11545000,0.33417858,0.39977471
1088.80000000,4.77937000,1.13036000,0.33424097,0.39984980
1089.00000000,4.78312000,1.11478000,0.33430333,0.39992382
1089.20000000,4.78050000,1.12976000,0.33436568,0.39999883
1089.40000000,4.78050000,1.12976000,0.33442845,0.40007389
1089.60000000,4.78325000,1.11273000,0.33449074,0.40014777
1089.80000000,4.78037000,1.12515000,0.33455290,0.40022254
1090.00000000,4.78500000,1.11056000,0.33461500,0.40029635
1090.20000000,4.78500000,1.11056000,0.33467670,0.40037018
1090.40000000,4.78700000,1.09942000,0.33473809,0.40044331
1090.60000000,4.78912000,1.09286000,0.33479899,0.40051597
1090.80000000,4.78675000,1.10083000,0.33485992,0.40058919
1091.00000000,4.78887000,1.09104000,0.33492081,0.40066175
1091.20000000,4.78887000,1.09104000,0.33498142,0.40073423
1091.40000000,4.78300000,1.11750000,0.33504277,0.40080846
1091.60000000,4.78237000,1.11827000,0.33510487,0.40088272
1091.80000000,4.78150000,1.11968000,0.33516704,0.40095708
1092.00000000,4.78162000,1.12304000,0.33522934,0.40103166
1092.20000000,4.78162000,1.12304000,0.33529173,0.40110625
1092.40000000,4.78175000,1.11990000,0.33535403,0.40118061
1092.60000000,4.78062000,1.12355000,0.33541635,0.40125524
1092.80000000,4.78262000,1.11753000,0.33547860,0.40132947
1093.00000000,4.78262000,1.11753000,0.33554069,0.40140368
1093.20000000,4.78112000,1.12323000,0.33560293,0.40147831
1093.40000000,4.78375000,1.11497000,0.33566510,0.40155235
1093.60000000,4.78100000,1.12592000,0.33572735,0.40162714
1093.80000000,4.78275000,1.11456000,0.33578959,0.40170117
1094.00000000,4.78275000,1.11456000,0.33585151,0.40177517
1094.20000000,4.78012000,1.13072000,0.33591387,0.40185029
1094.40000000,4.78312000,1.11724000,0.33597632,0.40192447
1094.60000000,4.78050000,1.12582000,0.33603863,0.40199922
1094.80000000,4.78050000,1.12582000,0.33610117,0.40207402
1095.00000000,4.78362000,1.11577000,0.33616344,0.40214810
1095.20000000,4.78075000,1.12412000,0.33622566,0.40222280
1095.40000000,4.78412000,1.11452000,0.33628784,0.40229689
1095.60000000,4.78675000,1.10374000,0.33634946,0.40237027
1095.80000000,4.78675000,1.10374000,0.33641078,0.40244369
1096.00000000,4.78900000,1.09081000,0.33647174,0.40251622
1096.20000000,4.78750000,1.10134000,0.33653263,0.40258938
1096.40000000,4.78300000,1.11843000,0.33659429,0.40266368
1096.60000000,4.78300000,1.11843000,0.33665643,0.40273802
1096.80000000,4.78562000,1.10550000,0.33671820,0.40281156
1097.00000000,4.78962000,1.09593000,0.33677935,0.40288441
1097.20000000,4.78600000,1.10496000,0.33684049,0.40295783
1097.40000000,4.78425000,1.11292000,0.33690210,0.40303178
1097.60000000,4.78425000,1.11292000,0.33696393,0.40310580
1097.80000000,4.78875000,1.09539000,0.33702527,0.40317864
1098.00000000,4.78787000,1.09766000,0.33708619,0.40325166
1098.20000000,4.78975000,1.09401000,0.33714706,0.40332441
1098.40000000,4.78775000,1.09798000,0.33720795,0.40339742
1098.60000000,4.78775000,1.09798000,0.33726895,0.40347041
1098.80000000,4.78612000,1.10432000,0.33733013,0.40354373
1099.00000000,4.78050000,1.12908000,0.33739217,0.40361884
1099.20000000,4.78962000,1.09001000,0.33745381,0.40369135
1099.40000000,4.78962000,1.09001000,0.33751436,0.40376381
1099.60000000,4.78637000,1.10566000,0.33757535,0.40383737
1099.80000000,4.79037000,1.08960000,0.33763633,0.40390979
1100.00000000,4.78487000,1.10835000,0.33769739,0.40398343
1100.20000000,4.78387000,1.11526000,0.33775916,0.40405753
1100.40000000,4.78387000,1.11526000,0.33782111,0.40413158
1100.60000000,4.78100000,1.12550000,0.33788336,0.40420635
1100.80000000,4.78287000,1.11558000,0.33794561,0.40428043
1101.00000000,4.78112000,1.12630000,0.33800788,0.40435522
1101.20000000,4.78112000,1.12630000,0.33807046,0.40443002
1101.40000000,4.78175000,1.12048000,0.33813287,0.40450441
1101.60000000,4.78037000,1.12435000,0.33819522,0.40457910
1101.80000000,4.78275000,1.11996000,0.33825757,0.40465347
1102.00000000,4.78100000,1.12329000,0.33831988,0.40472806
1102.20000000,4.78100000,1.12329000,0.33838228,0.40480268
1102.40000000,4.78275000,1.11680000,0.33844451,0.40487684
1102.60000000,4.78112000,1.12355000,0.33850674,0.40495145
1102.80000000,4.78137000,1.12044000,0.33856907,0.40502587
1103.00000000,4.78212000,1.12131000,0.33863134,0.40510034
1103.20000000,4.78212000,1.12131000,0.33869364,0.40517480
1103.40000000,4.78087000,1.12560000,0.33875605,0.40524963
1103.60000000,4.78675000,1.09923000,0.33881785,0.40532273
1103.80000000,4.78825000,1.09865000,0.33887891,0.40539580
1104.00000000,4.78825000,1.09865000,0.33893994,0.40546888
1104.20000000,4.78937000,1.08944000,0.33900072,0.40554132
1104.40000000,4.78725000,1.09811000,0.33906149,0.40561437
1104.60000000,4.79012000,1.08940000,0.33912225,0.40568679
1104.80000000,4.78612000,1.10163000,0.33918311,0.40576002
1105.00000000,4.78612000,1.10163000,0.33924431,0.40583331
1105.20000000,4.79000000,1.09036000,0.33930520,0.40590579
1105.40000000,4.78612000,1.10380000,0.33936615,0.40597922
1105.60000000,4.78987000,1.08649000,0.33942699,0.40605150
1105.80000000,4.78987000,1.08649000,0.33948735,0.40612374
1106.00000000,4.78700000,1.10393000,0.33954820,0.40619718
1106.20000000,4.79037000,1.08704000,0.33960906,0.40626945
1106.40000000,4.78662000,1.10435000,0.33966993,0.40634291
1106.60000000,4.78912000,1.09161000,0.33973093,0.40641552
1106.80000000,4.78912000,1.09161000,0.33979158,0.40648809
1107.00000000,4.78662000,1.09945000,0.33985244,0.40656123
1107.20000000,4.78975000,1.09276000,0.33991333,0.40663389
1107.40000000,4.78737000,1.09667000,0.33997415,0.40670683
1107.60000000,4.78875000,1.09334000,0.34003498,0.40677955
1107.80000000,4.78875000,1.09334000,0.34009573,0.40685225
1108.00000000,4.78800000,1.09846000,0.34015661,0.40692531
1108.20000000,4.78837000,1.09216000,0.34021746,0.40699793
1108.40000000,4.78787000,1.09929000,0.34027833,0.40707103
1108.60000000,4.78787000,1.09929000,0.34033940,0.40714414
1108.80000000,4.78837000,1.09596000,0.34040038,0.40721702
1109.00000000,4.78787000,1.09584000,0.34046127,0.40728989
1109.20000000,4.78800000,1.09619000,0.34052216,0.40736281
1109.40000000,4.78912000,1.09097000,0.34058291,0.40743537
1109.60000000,4.78912000,1.09097000,0.34064352,0.40750790
1109.80000000,4.78625000,1.10598000,0.34070455,0.40758143
1110.00000000,4.78687000,1.10147000,0.34076586,0.40765465
1110.20000000,4.78637000,1.10211000,0.34082708,0.40772792
1110.40000000,4.78637000,1.10211000,0.34088830,0.40780124
1110.60000000,4.79050000,1.08998000,0.34094920,0.40787364
1110.80000000,4.78212000,1.11801000,0.34101053,0.40794803
1111.00000000,4.79075000,1.08774000,0.34107180,0.40802035
1111.20000000,4.78700000,1.10329000,0.34113266,0.40809370
1111.40000000,4.78700000,1.10329000,0.34119395,0.40816710
1111.60000000,4.79012000,1.08729000,0.34125480,0.40823939
1111.80000000,4.78675000,1.10233000,0.34131563,0.40831272
1112.00000000,4.78950000,1.09107000,0.34137655,0.40838530
1112.20000000,4.78950000,1.09107000,0.34143717,0.40845782
1112.40000000,4.78612000,1.10124000,0.34149807,0.40853101
1112.60000000,4.78525000,1.10944000,0.34155948,0.40860478
1112.80000000,4.78725000,1.09961000,0.34162084,0.40867783
1113.00000000,4.78325000,1.11552000,0.34168237,0.40875194
1113.20000000,4.78325000,1.11552000,0.34174434,0.40882603
1113.40000000,4.78175000,1.12240000,0.34180651,0.40890057
1113.60000000,4.78200000,1.11964000,0.34186879,0.40897494
1113.80000000,4.78237000,1.12089000,0.34193102,0.40904937
1114.00000000,4.78112000,1.12233000,0.34199333,0.40912390
1114.20000000,4.78112000,1.12233000,0.34205569,0.40919845
1114.40000000,4.78250000,1.11568000,0.34211785,0.40927253
1114.60000000,4.78087000,1.12467000,0.34218008,0.40934725
1114.80000000,4.78312000,1.11344000,0.34224225,0.40942121
1115.00000000,4.78312000,1.11344000,0.34230411,0.40949515
1115.20000000,4.78112000,1.12550000,0.34236631,0.40956993
1115.40000000,4.78387000,1.11366000,0.34242850,0.40964386
1115.60000000,4.77950000,1.12969000,0.34249082,0.40971901
1115.80000000,4.78987000,1.09164000,0.34255252,0.40979164
1116.00000000,4.78987000,1.09164000,0.34261317,0.40986412
1116.20000000,4.78100000,1.12172000,0.34267465,0.40993873
1116.40000000,4.78887000,1.09507000,0.34273623,0.41001154
1116.60000000,4.78737000,1.10054000,0.34279722,0.41008472
1116.80000000,4.78737000,1.10054000,0.34285836,0.41015794
1117.00000000,4.79000000,1.08774000,0.34291915,0.41023026
1117.20000000,4.78737000,1.10108000,0.34297995,0.41030349
1117.40000000,4.78850000,1.09308000,0.34304089,0.41037617
1117.60000000,4.78712000,1.09932000,0.34310179,0.41044926
1117.80000000,4.78712000,1.09932000,0.34316287,0.41052239
1118.00000000,4.78950000,1.09292000,0.34322376,0.41059507
1118.20000000,4.78787000,1.09545000,0.34328455,0.41066784
1118.40000000,4.78325000,1.11788000,0.34334603,0.41074211
1118.60000000,4.78325000,1.11788000,0.34340814,0.41081637
1118.80000000,4.78337000,1.11507000,0.34347016,0.41089053
1119.00000000,4.78850000,1.09734000,0.34353162,0.41096352
1119.20000000,4.78925000,1.09305000,0.34359246,0.41103621
1119.40000000,4.78800000,1.09721000,0.34365330,0.41110918
1119.60000000,4.78800000,1.09721000,0.34371426,0.41118218
1119.80000000,4.79075000,1.08854000,0.34377498,0.41125456
1120.00000000,4.78737000,1.09929000,0.34383575,0.41132770
1120.20000000,4.79062000,1.08640000,0.34389646,0.41139999
1120.40000000,4.78762000,1.10092000,0.34395722,0.41147319
1120.60000000,4.78762000,1.10092000,0.34401838,0.41154645
1120.80000000,4.79062000,1.08688000,0.34407916,0.41161871
1121.00000000,4.78687000,1.10294000,0.34413998,0.41169208
1121.20000000,4.79012000,1.08931000,0.34420088,0.41176456
1121.40000000,4.79012000,1.08931000,0.34426140,0.41183698
1121.60000000,4.78675000,1.09955000,0.34432220,0.41191014
1121.80000000,4.79087000,1.09004000,0.34438302,0.41198262
1122.00000000,4.78762000,1.09808000,0.34444380,0.41205564
1122.20000000,4.78762000,1.09808000,0.34450481,0.41212868
1122.40000000,4.78912000,1.09254000,0.34456566,0.41220134
1122.60000000,4.78837000,1.09801000,0.34462651,0.41227436
1122.80000000,4.78850000,1.09500000,0.34468742,0.41234719
1123.00000000,4.78800000,1.09814000,0.34474834,0.41242021
1123.20000000,4.78800000,1.09814000,0.34480935,0.41249322
1123.40000000,4.78687000,1.09872000,0.34487037,0.41256630
1123.60000000,4.78900000,1.09289000,0.34493125,0.41263898
1123.80000000,4.78812000,1.09446000,0.34499201,0.41271177
1124.00000000,4.78812000,1.09446000,0.34505282,0.41278455
1124.20000000,4.78800000,1.09456000,0.34511362,0.41285733
1124.40000000,4.78775000,1.09731000,0.34517451,0.41293031
1124.60000000,4.78850000,1.09180000,0.34523532,0.41300292
1124.80000000,4.78850000,1.09180000,0.34529597,0.41307552
1125.00000000,4.78762000,1.09971000,0.34535685,0.41314869
1125.20000000,4.79025000,1.08768000,0.34541761,0.41322101
1125.40000000,4.78737000,1.09904000,0.34547835,0.41329414
1125.60000000,4.79100000,1.08928000,0.34553914,0.41336662
1125.80000000,4.79100000,1.08928000,0.34559965,0.41343903
1126.00000000,4.78625000,1.10249000,0.34566053,0.41351238
1126.20000000,4.79025000,1.08940000,0.34572142,0.41358480
1126.40000000,4.78637000,1.10358000,0.34578234,0.41365817
1126.60000000,4.78900000,1.09254000,0.34584334,0.41373084
1126.80000000,4.78900000,1.09254000,0.34590404,0.41380349
1127.00000000,4.78775000,1.10195000,0.34596499,0.41387675
1127.20000000,4.78675000,1.10268000,0.34602623,0.41394996
1127.40000000,4.78075000,1.12627000,0.34608815,0.41402475
1127.60000000,4.78075000,1.12627000,0.34615072,0.41409958
1127.80000000,4.78387000,1.11622000,0.34621301,0.41417370
1128.00000000,4.78112000,1.12281000,0.34627521,0.41424828
1128.20000000,4.78262000,1.12051000,0.34633752,0.41432271
1128.40000000,4.78225000,1.12028000,0.34639977,0.41439712
1128.60000000,4.78225000,1.12028000,0.34646200,0.41447152
1128.80000000,4.78162000,1.12182000,0.34652428,0.41454604
1129.00000000,4.78312000,1.11833000,0.34658651,0.41462030
1129.20000000,4.78087000,1.12291000,0.34664877,0.41469486
1129.40000000,4.78087000,1.12291000,0.34671115,0.41476947
1129.60000000,4.78362000,1.11456000,0.34677330,0.41484348
1129.80000000,4.78125000,1.12620000,0.34683555,0.41491829
1130.00000000,4.78262000,1.11619000,0.34689783,0.41499240
1130.20000000,4.78075000,1.12697000,0.34696014,0.41506723
1130.40000000,4.78075000,1.12697000,0.34702275,0.41514214
1130.60000000,4.78562000,1.10422000,0.34708473,0.41521556
1130.80000000,4.78700000,1.09849000,0.34714592,0.41528863
1131.00000000,4.78987000,1.09056000,0.34720672,0.41536118
1131.20000000,4.78987000,1.09056000,0.34726731,0.41543369
1131.40000000,4.78712000,1.09811000,0.34732811,0.41550674
1131.60000000,4.78975000,1.09104000,0.34738892,0.41557928
1131.80000000,4.78650000,1.10268000,0.34744985,0.41565263
1132.00000000,4.78950000,1.09011000,0.34751076,0.41572514
1132.20000000,4.78950000,1.09011000,0.34757133,0.41579762
1132.40000000,4.78725000,1.10070000,0.34763218,0.41587072
1132.60000000,4.78162000,1.12150000,0.34769391,0.41594529
1132.80000000,4.78737000,1.10032000,0.34775563,0.41601848
1133.00000000,4.78925000,1.09590000,0.34781663,0.41609138
1133.20000000,4.78925000,1.09590000,0.34787752,0.41616417
1133.40000000,4.78225000,1.11824000,0.34793902,0.41623853
1133.60000000,4.78812000,1.09955000,0.34800063,0.41631168
1133.80000000,4.78962000,1.08982000,0.34806144,0.41638418
1134.00000000,4.78962000,1.08982000,0.34812199,0.41645665
1134.20000000,4.78787000,1.09654000,0.34818272,0.41652961
1134.40000000,4.79062000,1.08896000,0.34824343,0.41660198
1134.60000000,4.78525000,1.10636000,0.34830441,0.41667559
1134.80000000,4.79062000,1.08937000,0.34836540,0.41674808
1135.00000000,4.79062000,1.08937000,0.34842592,0.41682051
1135.20000000,4.78762000,1.09968000,0.34848673,0.41689367
1135.40000000,4.78950000,1.08915000,0.34854753,0.41696608
1135.60000000,4.78712000,1.10086000,0.34860836,0.41703927
1135.80000000,4.78712000,1.10086000,0.34866952,0.41711252
1136.00000000,4.79037000,1.08771000,0.34873032,0.41718483
1136.20000000,4.78687000,1.09872000,0.34879105,0.41725794
1136.40000000,4.79062000,1.08899000,0.34885182,0.41733034
1136.60000000,4.78712000,1.10019000,0.34891263,0.41740349
1136.80000000,4.78712000,1.10019000,0.34897375,0.41747668
1137.00000000,4.78937000,1.09104000,0.34903462,0.41754921
1137.20000000,4.78675000,1.10400000,0.34909559,0.41762263
1137.40000000,4.78837000,1.09334000,0.34915663,0.41769535
1137.60000000,4.78837000,1.09334000,0.34921737,0.41776806
1137.80000000,4.78825000,1.09971000,0.34927829,0.41784120
1138.00000000,4.78912000,1.09369000,0.34933922,0.41791395
1138.20000000,4.78887000,1.09337000,0.34939997,0.41798668
1138.40000000,4.78937000,1.09555000,0.34946077,0.41805955
1138.60000000,4.78937000,1.09555000,0.34952164,0.41813242
1138.80000000,4.78912000,1.09046000,0.34958236,0.41820494
1139.00000000,4.78787000,1.09788000,0.34964315,0.41827797
1139.20000000,4.78962000,1.09152000,0.34970396,0.41835058
1139.40000000,4.78650000,1.10118000,0.34976487,0.41842379
1139.60000000,4.78650000,1.10118000,0.34982605,0.41849706
1139.80000000,4.79075000,1.08928000,0.34988689,0.41856949
1140.00000000,4.78737000,1.09936000,0.34994769,0.41864262
1140.20000000,4.78987000,1.08771000,0.35000844,0.41871498
1140.40000000,4.78987000,1.08771000,0.35006887,0.41878731
1140.60000000,4.78737000,1.10000000,0.35012964,0.41886037
1140.80000000,4.78237000,1.11785000,0.35019125,0.41893460
1141.00000000,4.78112000,1.12566000,0.35025357,0.41900938
1141.20000000,4.78287000,1.11804000,0.35031589,0.41908365
1141.40000000,4.78287000,1.11804000,0.35037800,0.41915789
1141.60000000,4.78125000,1.12249000,0.35044024,0.41923246
1141.80000000,4.78300000,1.11843000,0.35050249,0.41930671
1142.00000000,4.78025000,1.12348000,0.35056476,0.41938130
1142.20000000,4.78025000,1.12348000,0.35062718,0.41945594
1142.40000000,4.78287000,1.11756000,0.35068943,0.41953015
1142.60000000,4.78112000,1.12422000,0.35075170,0.41960481
1142.80000000,4.78150000,1.11964000,0.35081403,0.41967916
1143.00000000,4.78112000,1.12416000,0.35087636,0.41975381
1143.20000000,4.78112000,1.12416000,0.35093881,0.41982847
1143.40000000,4.78162000,1.12265000,0.35100122,0.41990304
1143.60000000,4.78237000,1.11888000,0.35106349,0.41997734
1143.80000000,4.78125000,1.12492000,0.35112582,0.42005204
1144.00000000,4.78125000,1.12492000,0.35118831,0.42012676
1144.20000000,4.78275000,1.11574000,0.35125055,0.42020084
1144.40000000,4.78000000,1.12748000,0.35131286,0.42027574
1144.60000000,4.78337000,1.11772000,0.35137523,0.42035000
1144.80000000,4.78012000,1.12819000,0.35143762,0.42042490
1145.00000000,4.78012000,1.12819000,0.35150029,0.42049986
1145.20000000,4.78375000,1.11612000,0.35156264,0.42057397
1145.40000000,4.78087000,1.12624000,0.35162492,0.42064879
1145.60000000,4.78312000,1.11539000,0.35168719,0.42072288
1145.80000000,4.78312000,1.11539000,0.35174916,0.42079695
1146.00000000,4.78100000,1.12499000,0.35181139,0.42087167
1146.20000000,4.78212000,1.11779000,0.35187369,0.42094589
1146.40000000,4.78062000,1.12614000,0.35193602,0.42102066
1146.60000000,4.78562000,1.10544000,0.35199801,0.42109414
1146.80000000,4.78562000,1.10544000,0.35205942,0.42116763
1147.00000000,4.78712000,1.09913000,0.35212066,0.42124070
1147.20000000,4.78637000,1.10652000,0.35218193,0.42131426
1147.40000000,4.78100000,1.12332000,0.35224387,0.42138885
1147.60000000,4.78100000,1.12332000,0.35230628,0.42146353
1147.80000000,4.78675000,1.09881000,0.35236800,0.42153660
1148.00000000,4.78775000,1.09920000,0.35242906,0.42160969
1148.20000000,4.78737000,1.09667000,0.35249005,0.42168261
1148.40000000,4.78837000,1.09584000,0.35255096,0.42175548
1148.60000000,4.78837000,1.09584000,0.35261184,0.42182837
1148.80000000,4.78875000,1.09705000,0.35267275,0.42190133
1149.00000000,4.78850000,1.09251000,0.35273357,0.42197399
1149.20000000,4.78837000,1.09600000,0.35279436,0.42204688
1149.40000000,4.78837000,1.09600000,0.35285525,0.42211977
1149.60000000,4.78850000,1.09369000,0.35291608,0.42219249
1149.80000000,4.78725000,1.09990000,0.35297701,0.42226565
1150.00000000,4.78900000,1.09369000,0.35303794,0.42233839
1150.20000000,4.78212000,1.11699000,0.35309935,0.42241258
1150.40000000,4.78212000,1.11699000,0.35316141,0.42248683
1150.60000000,4.78587000,1.10649000,0.35322317,0.42256039
1150.80000000,4.78662000,1.10288000,0.35328454,0.42263375
1151.00000000,4.78962000,1.09081000,0.35334548,0.42270632
1151.20000000,4.78050000,1.12867000,0.35340713,0.42278126
1151.40000000,4.78050000,1.12867000,0.35346983,0.42285631
1151.60000000,4.78750000,1.09945000,0.35353173,0.42292941
1151.80000000,4.78712000,1.10201000,0.35359288,0.42300272
1152.00000000,4.78987000,1.09056000,0.35365378,0.42307527
1152.20000000,4.78987000,1.09056000,0.35371437,0.42314780
1152.40000000,4.78837000,1.09696000,0.35377513,0.42322077
1152.60000000,4.79000000,1.09036000,0.35383589,0.42329329
1152.80000000,4.78837000,1.09596000,0.35389662,0.42336618
1153.00000000,4.78837000,1.09596000,0.35395751,0.42343903
1153.20000000,4.78587000,1.10662000,0.35401869,0.42351253
1153.40000000,4.78225000,1.12128000,0.35408058,0.42358699
1153.60000000,4.78150000,1.12032000,0.35414285,0.42366141
1153.80000000,4.78275000,1.11868000,0.35420504,0.42373572
1154.00000000,4.78275000,1.11868000,0.35426719,0.42381001
1154.20000000,4.78137000,1.12121000,0.35432941,0.42388449
1154.40000000,4.78262000,1.11468000,0.35439152,0.42395852
1154.60000000,4.78187000,1.12284000,0.35445367,0.42403309
1154.80000000,4.78187000,1.12284000,0.35451605,0.42410769
1155.00000000,4.78337000,1.11420000,0.35457819,0.42418165
1155.20000000,4.77950000,1.13011000,0.35464053,0.42425672
1155.40000000,4.78237000,1.12016000,0.35470304,0.42433109
1155.60000000,4.78025000,1.12521000,0.35476541,0.42440579
1155.80000000,4.78025000,1.12521000,0.35482792,0.42448053
1156.00000000,4.78262000,1.11680000,0.35489020,0.42455470
1156.20000000,4.78137000,1.12374000,0.35495244,0.42462934
1156.40000000,4.78225000,1.11872000,0.35501473,0.42470364
1156.60000000,4.78225000,1.11872000,0.35507688,0.42477802
1156.80000000,4.78712000,1.10195000,0.35513856,0.42485131
1157.00000000,4.78825000,1.09385000,0.35519956,0.42492404
1157.20000000,4.78737000,1.09737000,0.35526043,0.42499704
1157.40000000,4.78962000,1.09305000,0.35532127,0.42506975
1157.60000000,4.78962000,1.09305000,0.35538200,0.42514244
1157.80000000,4.78837000,1.09408000,0.35544275,0.42521522
1158.00000000,4.78900000,1.09411000,0.35550353,0.42528799
1158.20000000,4.78887000,1.09440000,0.35556432,0.42536077
1158.40000000,4.78825000,1.09318000,0.35562509,0.42543347
1158.60000000,4.78825000,1.09318000,0.35568582,0.42550619
1158.80000000,4.78950000,1.09283000,0.35574654,0.42557885
1159.00000000,4.78737000,1.09891000,0.35580743,0.42565196
1159.20000000,4.78987000,1.08758000,0.35586816,0.42572431
1159.40000000,4.78987000,1.08758000,0.35592858,0.42579663
1159.60000000,4.78762000,1.10044000,0.35598936,0.42586983
1159.80000000,4.78962000,1.08908000,0.35605018,0.42594226
1160.00000000,4.78812000,1.09763000,0.35611092,0.42601528
1160.20000000,4.79012000,1.08937000,0.35617167,0.42608776
1160.40000000,4.79012000,1.08937000,0.35623219,0.42616019
1160.60000000,4.78700000,1.09852000,0.35629297,0.42623327
1160.80000000,4.79000000,1.09190000,0.35635381,0.42630588
1161.00000000,4.78787000,1.09737000,0.35641463,0.42637885
1161.20000000,4.78787000,1.09737000,0.35647559,0.42645186
1161.40000000,4.79000000,1.08822000,0.35653630,0.42652419
1161.60000000,4.78612000,1.10800000,0.35659731,0.42659791
1161.80000000,4.79012000,1.08819000,0.35665831,0.42667028
1162.00000000,4.78862000,1.09657000,0.35671900,0.42674321
1162.20000000,4.78862000,1.09657000,0.35677992,0.42681615
1162.40000000,4.78925000,1.09337000,0.35684075,0.42688886
1162.60000000,4.78750000,1.09654000,0.35690159,0.42696179
1162.80000000,4.78887000,1.09465000,0.35696245,0.42703460
1163.00000000,4.78937000,1.09148000,0.35702318,0.42710720
1163.20000000,4.78937000,1.09148000,0.35708382,0.42717977
1163.40000000,4.78675000,1.10348000,0.35714479,0.42725318
1163.60000000,4.78987000,1.09177000,0.35720577,0.42732578
1163.80000000,4.78800000,1.09756000,0.35726658,0.42739877
1164.00000000,4.78800000,1.09756000,0.35732756,0.42747178
1164.20000000,4.78950000,1.09302000,0.35738841,0.42754446
1164.40000000,4.78800000,1.09798000,0.35744927,0.42761748
1164.60000000,4.78825000,1.09443000,0.35751017,0.42769027
1164.80000000,4.78850000,1.09740000,0.35757105,0.42776325
1165.00000000,4.78850000,1.09740000,0.35763202,0.42783626
1165.20000000,4.78987000,1.09065000,0.35769280,0.42790878
1165.40000000,4.78775000,1.09696000,0.35775356,0.42798178
1165.60000000,4.79087000,1.08777000,0.35781425,0.42805416
1165.80000000,4.79087000,1.08777000,0.35787468,0.42812648
1166.00000000,4.78700000,1.09993000,0.35793545,0.42819965
1166.20000000,4.79000000,1.09244000,0.35799635,0.42827227
1166.40000000,4.78612000,1.10713000,0.35805745,0.42834582
1166.60000000,4.78300000,1.11513000,0.35811918,0.42841990
1166.80000000,4.78300000,1.11513000,0.35818113,0.42849396
1167.00000000,4.78200000,1.12060000,0.35824323,0.42856839
1167.20000000,4.78225000,1.11840000,0.35830543,0.42864267
1167.40000000,4.78212000,1.11891000,0.35836758,0.42871699
1167.60000000,4.78212000,1.11891000,0.35842974,0.42879131
1167.80000000,4.78225000,1.12304000,0.35849201,0.42886589
1168.00000000,4.78162000,1.12016000,0.35855433,0.42894028
1168.20000000,4.78162000,1.12035000,0.35861656,0.42901470
1168.40000000,4.78250000,1.12019000,0.35867880,0.42908911
1168.60000000,4.78250000,1.12019000,0.35874103,0.42916351
1168.80000000,4.78200000,1.12048000,0.35880327,0.42923795
1169.00000000,4.78350000,1.11584000,0.35886539,0.42931204
1169.20000000,4.78087000,1.12403000,0.35892761,0.42938668
1169.40000000,4.78287000,1.11676000,0.35898986,0.42946086
1169.60000000,4.78287000,1.11676000,0.35905190,0.42953501
1169.80000000,4.78062000,1.12854000,0.35911427,0.42960998
1170.00000000,4.78275000,1.11750000,0.35917666,0.42968424
1170.20000000,4.78487000,1.10752000,0.35923846,0.42975785
1170.40000000,4.78487000,1.10752000,0.35929999,0.42983151
1170.60000000,4.78912000,1.09171000,0.35936108,0.42990411
1170.80000000,4.78775000,1.09436000,0.35942181,0.42997690
1171.00000000,4.78925000,1.09142000,0.35948252,0.43004949
1171.20000000,4.78850000,1.09366000,0.35954322,0.43012222
1171.40000000,4.78850000,1.09366000,0.35960398,0.43019496
1171.60000000,4.78862000,1.09459000,0.35966476,0.43026777
1171.80000000,4.78912000,1.09155000,0.35972549,0.43034037
1172.00000000,4.78900000,1.09260000,0.35978616,0.43041305
1172.20000000,4.78900000,1.09260000,0.35984686,0.43048572
1172.40000000,4.78912000,1.09046000,0.35990750,0.43055825
1172.60000000,4.78862000,1.09475000,0.35996820,0.43063107
1172.80000000,4.78962000,1.08848000,0.36002885,0.43070345
1173.00000000,4.78750000,1.09936000,0.36008962,0.43077655
1173.20000000,4.78750000,1.09936000,0.36015069,0.43084967
1173.40000000,4.78925000,1.09193000,0.36021156,0.43092229
1173.60000000,4.78850000,1.09603000,0.36027234,0.43099521
1173.80000000,4.78962000,1.08966000,0.36033305,0.43106769
1174.00000000,4.78962000,1.08966000,0.36039359,0.43114016
1174.20000000,4.78825000,1.09491000,0.36045427,0.43121300
1174.40000000,4.79000000,1.09024000,0.36051497,0.43128550
1174.60000000,4.78800000,1.09414000,0.36057565,0.43135828
1174.80000000,4.78925000,1.09145000,0.36063636,0.43143088
1175.00000000,4.78925000,1.09145000,0.36069700,0.43150347
1175.20000000,4.78825000,1.09584000,0.36075775,0.43157634
1175.40000000,4.78812000,1.09385000,0.36081858,0.43164910
1175.60000000,4.78925000,1.09120000,0.36087927,0.43172166
1175.80000000,4.78737000,1.09840000,0.36094010,0.43179469
1176.00000000,4.78737000,1.09840000,0.36100112,0.43186776
1176.20000000,4.78950000,1.08736000,0.36106183,0.43194005
1176.40000000,4.78712000,1.09984000,0.36112259,0.43201321
1176.60000000,4.78925000,1.08854000,0.36118338,0.43208562
1176.80000000,4.78925000,1.08854000,0.36124385,0.43215799
1177.00000000,4.78662000,1.10316000,0.36130473,0.43223137
1177.20000000,4.78925000,1.09340000,0.36136575,0.43230406
1177.40000000,4.78725000,1.09708000,0.36142660,0.43237701
1177.60000000,4.78725000,1.09708000,0.36148754,0.43244999
1177.80000000,4.78950000,1.09088000,0.36154832,0.43252252
1178.00000000,4.78737000,1.09667000,0.36160909,0.43259546
1178.20000000,4.78837000,1.09193000,0.36166988,0.43266807
1178.40000000,4.78737000,1.09804000,0.36173071,0.43274108
1178.60000000,4.78737000,1.09804000,0.36179172,0.43281412
1178.80000000,4.78900000,1.08972000,0.36185249,0.43288658
1179.00000000,4.78762000,1.09670000,0.36191322,0.43295952
1179.20000000,4.78862000,1.09177000,0.36197401,0.43303213
1179.40000000,4.78825000,1.09289000,0.36203470,0.43310481
1179.60000000,4.78825000,1.09289000,0.36209541,0.43317751
1179.80000000,4.78937000,1.09440000,0.36215617,0.43325029
1180.00000000,4.78825000,1.09219000,0.36221691,0.43332292
1180.20000000,4.78762000,1.09878000,0.36227777,0.43339598
1180.40000000,4.78762000,1.09878000,0.36233881,0.43346906
1180.60000000,4.78837000,1.09552000,0.36239977,0.43354190
1180.80000000,4.78750000,1.09795000,0.36246070,0.43361496
1181.00000000,4.79075000,1.08499000,0.36252133,0.43368715
1181.20000000,4.78187000,1.11830000,0.36258254,0.43376142
1181.40000000,4.78187000,1.11830000,0.36264466,0.43383571
1181.60000000,4.78325000,1.11382000,0.36270667,0.43390967
1181.80000000,4.78062000,1.12499000,0.36276886,0.43398438
1182.00000000,4.78162000,1.11648000,0.36283112,0.43405853
1182.20000000,4.78162000,1.11648000,0.36289315,0.43413266
1182.40000000,4.78037000,1.12710000,0.36295547,0.43420752
1182.60000000,4.78225000,1.11846000,0.36301784,0.43428177
1182.80000000,4.78000000,1.12425000,0.36308014,0.43435644
1183.00000000,4.78175000,1.12121000,0.36314251,0.43443090
1183.20000000,4.78175000,1.12121000,0.36320480,0.43450535
1183.40000000,4.78100000,1.12390000,0.36326717,0.43458000
1183.60000000,4.78212000,1.11862000,0.36332946,0.43465428
1183.80000000,4.78125000,1.12608000,0.36339181,0.43472906
1184.00000000,4.78162000,1.12115000,0.36345424,0.43480352
1184.20000000,4.78162000,1.12115000,0.36351652,0.43487800
1184.40000000,4.78350000,1.11548000,0.36357865,0.43495218
1184.60000000,4.78762000,1.09814000,0.36364014,0.43502518
1184.80000000,4.78625000,1.09942000,0.36370118,0.43509826
1185.00000000,4.78625000,1.09942000,0.36376226,0.43517126
1185.20000000,4.78075000,1.12681000,0.36382410,0.43524618
1185.40000000,4.78675000,1.09929000,0.36388594,0.43531926
1185.60000000,4.78662000,1.10233000,0.36394709,0.43539254
1185.80000000,4.78925000,1.09312000,0.36400808,0.43546525
1186.00000000,4.78925000,1.09312000,0.36406881,0.43553793
1186.20000000,4.78700000,1.09900000,0.36412970,0.43561105
1186.40000000,4.79025000,1.08934000,0.36419049,0.43568347
1186.60000000,4.78700000,1.09910000,0.36425128,0.43575655
1186.80000000,4.79000000,1.08838000,0.36431204,0.43582896
1187.00000000,4.79000000,1.08838000,0.36437251,0.43590132
1187.20000000,4.78725000,1.10249000,0.36443336,0.43597466
1187.40000000,4.78950000,1.08982000,0.36449426,0.43604711
1187.60000000,4.78650000,1.10502000,0.36455523,0.43612057
1187.80000000,4.78650000,1.10502000,0.36461662,0.43619407
1188.00000000,4.78900000,1.09209000,0.36467765,0.43626668
1188.20000000,4.78725000,1.09913000,0.36473852,0.43633979
1188.40000000,4.78900000,1.09417000,0.36479944,0.43641257
1188.60000000,4.78900000,1.09417000,0.36486023,0.43648533
1188.80000000,4.78775000,1.09564000,0.36492106,0.43655819
1189.00000000,4.78850000,1.09328000,0.36498186,0.43663091
1189.20000000,4.78875000,1.09651000,0.36504269,0.43670384
1189.40000000,4.78862000,1.09235000,0.36510349,0.43677649
1189.60000000,4.78862000,1.09235000,0.36516418,0.43684915
1189.80000000,4.78912000,1.09334000,0.36522489,0.43692185
1190.00000000,4.78775000,1.09641000,0.36528572,0.43699478
1190.20000000,4.78925000,1.09129000,0.36534649,0.43706737
1190.40000000,4.78925000,1.09129000,0.36540711,0.43713995
1190.60000000,4.78862000,1.09740000,0.36546791,0.43721294
1190.80000000,4.78912000,1.09280000,0.36552875,0.43728562
1191.00000000,4.78812000,1.09840000,0.36558962,0.43735866
1191.20000000,4.78987000,1.09036000,0.36565041,0.43743120
1191.40000000,4.78987000,1.09036000,0.36571099,0.43750368
1191.60000000,4.78650000,1.10236000,0.36577190,0.43757704
1191.80000000,4.79112000,1.08739000,0.36583273,0.43764933
1192.00000000,4.78662000,1.10134000,0.36589352,0.43772255
1192.20000000,4.79112000,1.08576000,0.36595428,0.43779480
1192.40000000,4.79112000,1.08576000,0.36601460,0.43786699
1192.60000000,4.78725000,1.09980000,0.36607531,0.43794016
1192.80000000,4.78987000,1.08835000,0.36613609,0.43801253
1193.00000000,4.78775000,1.09948000,0.36619686,0.43808564
1193.20000000,4.78775000,1.09948000,0.36625794,0.43815876
1193.40000000,4.78837000,1.09452000,0.36631889,0.43823155
1193.60000000,4.78837000,1.09414000,0.36637968,0.43830433
1193.80000000,4.78950000,1.09574000,0.36644051,0.43837722
1194.00000000,4.78837000,1.09139000,0.36650127,0.43844981
1194.20000000,4.78837000,1.09139000,0.36656190,0.43852240
1194.40000000,4.78900000,1.09376000,0.36662260,0.43859514
1194.60000000,4.78837000,1.09427000,0.36668338,0.43866779
1194.80000000,4.78025000,1.12460000,0.36674501,0.43874246
1195.00000000,4.78025000,1.12460000,0.36680749,0.43881717
1195.20000000,4.78312000,1.11731000,0.36686977,0.43889135
1195.40000000,4.78075000,1.12364000,0.36693201,0.43896599
1195.60000000,4.78225000,1.11932000,0.36699432,0.43904033
1195.80000000,4.78125000,1.12512000,0.36705666,0.43911505
1196.00000000,4.78125000,1.12512000,0.36711917,0.43918979
1196.20000000,4.78325000,1.11116000,0.36718129,0.43926357
1196.40000000,4.78025000,1.12745000,0.36724347,0.43933845
1196.60000000,4.78225000,1.11686000,0.36730582,0.43941263
1196.80000000,4.78225000,1.11686000,0.36736786,0.43948678
1197.00000000,4.77975000,1.12761000,0.36743021,0.43956169
1197.20000000,4.78325000,1.11750000,0.36749257,0.43963588
1197.40000000,4.78037000,1.12316000,0.36755481,0.43971049
1197.60000000,4.78262000,1.11632000,0.36761702,0.43978464
1197.80000000,4.78262000,1.11632000,0.36767904,0.43985883
1198.00000000,4.78487000,1.10880000,0.36774085,0.43993257
1198.20000000,4.78862000,1.09004000,0.36780193,0.44000505
1198.40000000,4.78737000,1.10188000,0.36786281,0.44007832
1198.60000000,4.78737000,1.10188000,0.36792403,0.44015158
1198.80000000,4.78725000,1.09820000,0.36798514,0.44022450
1199.00000000,4.78087000,1.12016000,0.36804676,0.44029891
1199.20000000,4.78287000,1.11942000,0.36810898,0.44037326
1199.40000000,4.78225000,1.11715000,0.36817110,0.44044747
1199.60000000,4.78225000,1.11715000,0.36823317,0.44052165
1199.80000000,4.78125000,1.12208000,0.36829537,0.44059619
1200.00000000,4.78312000,1.11516000,0.36835751,0.44067021
1200.20000000,4.77887000,1.13155000,0.36841992,0.44074531
1200.40000000,4.77887000,1.13155000,0.36848278,0.44082050
1200.60000000,4.78412000,1.11443000,0.36854517,0.44089449
1200.80000000,4.78025000,1.12563000,0.36860740,0.44096929
1201.00000000,4.78412000,1.11068000,0.36866952,0.44104303
1201.20000000,4.78050000,1.12681000,0.36873167,0.44111785
1201.40000000,4.78050000,1.12681000,0.36879427,0.44119271
1201.60000000,4.78362000,1.11196000,0.36885646,0.44126654
1201.80000000,4.78037000,1.12643000,0.36891864,0.44134137
1202.00000000,4.78312000,1.11596000,0.36898092,0.44141550
1202.20000000,4.78312000,1.11596000,0.36904292,0.44148961
1202.40000000,4.78100000,1.12371000,0.36910513,0.44156427
1202.60000000,4.78362000,1.11513000,0.36916732,0.44163832
1202.80000000,4.78162000,1.12192000,0.36922947,0.44171285
1203.00000000,4.78275000,1.11708000,0.36929166,0.44178705
1203.20000000,4.78275000,1.11708000,0.36935372,0.44186131
1203.40000000,4.78625000,1.10211000,0.36941536,0.44193460
1203.60000000,4.78787000,1.09740000,0.36947646,0.44200760
1203.80000000,4.78937000,1.09427000,0.36953734,0.44208032
1204.00000000,4.78462000,1.11129000,0.36959861,0.44215416
1204.20000000,4.78462000,1.11129000,0.36966034,0.44222799
1204.40000000,4.78325000,1.11420000,0.36972216,0.44230207
1204.60000000,4.78700000,1.10310000,0.36978376,0.44237546
1204.80000000,4.79012000,1.08720000,0.36984460,0.44244779
1205.00000000,4.79012000,1.08720000,0.36990500,0.44252000
1205.20000000,4.78200000,1.12057000,0.36996632,0.44259448
1205.40000000,4.78562000,1.10681000,0.37002820,0.44266805
1205.60000000,4.78600000,1.10448000,0.37008962,0.44274153
1205.80000000,4.79012000,1.09072000,0.37015060,0.44281410
1206.00000000,4.79012000,1.09072000,0.37021119,0.44288660
1206.20000000,4.78637000,1.09952000,0.37027203,0.44295975
1206.40000000,4.79012000,1.08966000,0.37033284,0.44303221
1206.60000000,4.78725000,1.09948000,0.37039365,0.44310531
1206.80000000,4.78725000,1.09948000,0.37045474,0.44317841
1207.00000000,4.78712000,1.09734000,0.37051576,0.44325138
1207.20000000,4.78775000,1.09923000,0.37057677,0.44332449
1207.40000000,4.78875000,1.09286000,0.37063767,0.44339717
1207.60000000,4.78800000,1.09561000,0.37069846,0.44347002
1207.80000000,4.78800000,1.09561000,0.37075932,0.44354289
1208.00000000,4.78875000,1.09318000,0.37082012,0.44361554
1208.20000000,4.78437000,1.10780000,0.37088126,0.44368911
1208.40000000,4.78162000,1.12156000,0.37094319,0.44376359
1208.60000000,4.78162000,1.12156000,0.37100550,0.44383808
1208.80000000,4.78225000,1.11734000,0.37106769,0.44391228
1209.00000000,4.78075000,1.12204000,0.37112989,0.44398681
1209.20000000,4.78262000,1.11830000,0.37119213,0.44406106
1209.40000000,4.78050000,1.12489000,0.37125444,0.44413575
1209.60000000,4.78050000,1.12489000,0.37131693,0.44421048
1209.80000000,4.78337000,1.11398000,0.37137912,0.44428443
1210.00000000,4.77987000,1.12716000,0.37144138,0.44435932
1210.20000000,4.78362000,1.11091000,0.37150354,0.44443307
1210.40000000,4.78000000,1.13088000,0.37156582,0.44450815
1210.60000000,4.78000000,1.13088000,0.37162864,0.44458328
1210.80000000,4.78337000,1.11177000,0.37169094,0.44465707
1211.00000000,4.77887000,1.13116000,0.37175324,0.44473222
1211.20000000,4.78350000,1.11577000,0.37181566,0.44480635
1211.40000000,4.78350000,1.11577000,0.37187764,0.44488053
1211.60000000,4.78650000,1.09856000,0.37193915,0.44495361
1211.80000000,4.78975000,1.09046000,0.37199996,0.44502612
1212.00000000,4.78800000,1.09785000,0.37206075,0.44509915
1212.20000000,4.78912000,1.08912000,0.37212150,0.44517159
1212.40000000,4.78912000,1.08912000,0.37218200,0.44524402
1212.60000000,4.78837000,1.09923000,0.37224279,0.44531713
1212.80000000,4.78837000,1.09328000,0.37230369,0.44538983
1213.00000000,4.78800000,1.09734000,0.37236454,0.44546280
1213.20000000,4.78800000,1.09734000,0.37242551,0.44553579
1213.40000000,4.78875000,1.09318000,0.37248635,0.44560847
1213.60000000,4.78712000,1.09472000,0.37254713,0.44568128
1213.80000000,4.78862000,1.09552000,0.37260797,0.44575415
1214.00000000,4.78900000,1.09120000,0.37266871,0.44582673
1214.20000000,4.78900000,1.09120000,0.37272933,0.44589928
1214.40000000,4.78687000,1.09782000,0.37279014,0.44597231
1214.60000000,4.78962000,1.09398000,0.37285102,0.44604504
1214.80000000,4.78700000,1.09990000,0.37291196,0.44611821
1215.00000000,0.00000000,0.00000000,0.37294252,0.44611821
1215.20000000,4.79000000,1.08630000,0.37297269,0.44619044
1215.40000000,4.78712000,1.10179000,0.37303347,0.44626374
1215.60000000,4.79025000,1.08486000,0.37309421,0.44633587
1215.80000000,4.78687000,1.10108000,0.37315493,0.44640907
1216.00000000,4.78687000,1.10108000,0.37321610,0.44648233
1216.20000000,4.79050000,1.08857000,0.37327693,0.44655470
1216.40000000,4.78625000,1.10352000,0.37333782,0.44662812
1216.60000000,4.79037000,1.08876000,0.37339872,0.44670051
1216.80000000,4.78700000,1.09958000,0.37345950,0.44677361
1217.00000000,4.78700000,1.09958000,0.37352059,0.44684675
1217.20000000,4.78925000,1.08835000,0.37358137,0.44691912
1217.40000000,4.78737000,1.10006000,0.37364216,0.44699228
1217.60000000,4.78862000,1.09088000,0.37370302,0.44706484
1217.80000000,4.78862000,1.09088000,0.37376362,0.44713738
1218.00000000,4.78812000,1.09846000,0.37382443,0.44721044
1218.20000000,4.78850000,1.09478000,0.37388536,0.44728323
1218.40000000,4.78762000,1.09532000,0.37394619,0.44735607
1218.60000000,4.78787000,1.09881000,0.37400714,0.44742913
1218.80000000,4.78787000,1.09881000,0.37406819,0.44750222
1219.00000000,4.78925000,1.09171000,0.37412903,0.44757483
1219.20000000,4.78837000,1.09587000,0.37418980,0.44764773
1219.40000000,4.78937000,1.08969000,0.37425051,0.44772021
1219.60000000,4.78937000,1.08969000,0.37431105,0.44779267
1219.80000000,4.78787000,1.09664000,0.37437178,0.44786563
1220.00000000,4.79012000,1.09091000,0.37443255,0.44793813
1220.20000000,4.78512000,1.10486000,0.37449354,0.44801154
1220.40000000,4.78337000,1.11337000,0.37455516,0.44808550
1220.60000000,4.78337000,1.11337000,0.37461701,0.44815942
1220.80000000,4.78037000,1.12771000,0.37467926,0.44823433
1221.00000000,4.78275000,1.11254000,0.37474149,0.44830820
1221.20000000,4.78050000,1.12620000,0.37480368,0.44838298
1221.40000000,4.78300000,1.11414000,0.37486591,0.44845699
1221.60000000,4.78300000,1.11414000,0.37492781,0.44853095
1221.80000000,4.77950000,1.12752000,0.37499008,0.44860585
1222.00000000,4.78312000,1.11667000,0.37505241,0.44867999
1222.20000000,4.78025000,1.12336000,0.37511464,0.44875457
1222.40000000,4.78025000,1.12336000,0.37517705,0.44882919
1222.60000000,4.78237000,1.11619000,0.37523926,0.44890332
1222.80000000,4.78162000,1.12288000,0.37530145,0.44897788
1223.00000000,4.78087000,1.12188000,0.37536381,0.44905239
1223.20000000,4.78225000,1.12067000,0.37542610,0.44912683
1223.40000000,4.78225000,1.12067000,0.37548836,0.44920124
1223.60000000,4.78050000,1.12515000,0.37555074,0.44927597
1223.80000000,4.78212000,1.11808000,0.37561306,0.44935021
1224.00000000,4.78100000,1.12425000,0.37567534,0.44942486
1224.20000000,4.78100000,1.12425000,0.37573780,0.44949955
1224.40000000,4.78287000,1.11494000,0.37580000,0.44957358
1224.60000000,4.78100000,1.12390000,0.37586219,0.44964827
1224.80000000,4.78462000,1.11174000,0.37592429,0.44972217
1225.00000000,4.78625000,1.10220000,0.37598579,0.44979544
1225.20000000,4.78625000,1.10220000,0.37604702,0.44986876
1225.40000000,4.78937000,1.09094000,0.37610794,0.44994128
1225.60000000,4.78625000,1.10364000,0.37616890,0.45001471
1225.80000000,4.79050000,1.08534000,0.37622971,0.45008692
1226.00000000,4.78700000,1.10243000,0.37629048,0.45016022
1226.20000000,4.78700000,1.10243000,0.37635173,0.45023355
1226.40000000,4.78962000,1.08732000,0.37641255,0.45030585
1226.60000000,4.78750000,1.09916000,0.37647329,0.45037894
1226.80000000,4.78387000,1.11024000,0.37653466,0.45045271
1227.00000000,4.78387000,1.11024000,0.37659634,0.45052642
1227.20000000,4.78000000,1.12518000,0.37665844,0.45060124
1227.40000000,4.78812000,1.09740000,0.37672017,0.45067422
1227.60000000,4.78787000,1.09462000,0.37678106,0.45074701
1227.80000000,4.78787000,1.09462000,0.37684188,0.45081980
1228.00000000,4.78812000,1.09395000,0.37690267,0.45089256
1228.20000000,4.78875000,1.09536000,0.37696348,0.45096540
1228.40000000,4.78800000,1.09552000,0.37702434,0.45103825
1228.60000000,4.78862000,1.09363000,0.37708515,0.45111099
1228.80000000,4.78862000,1.09363000,0.37714591,0.45118371
1229.00000000,4.78737000,1.09900000,0.37720682,0.45125680
1229.20000000,4.78887000,1.08940000,0.37726760,0.45132924
1229.40000000,4.78712000,1.09987000,0.37732842,0.45140236
1229.60000000,4.78712000,1.09987000,0.37738952,0.45147551
1229.80000000,4.78812000,1.09478000,0.37745048,0.45154824
1230.00000000,4.78337000,1.11257000,0.37751180,0.45162227
1230.20000000,4.79087000,1.08870000,0.37757295,0.45169471
1230.40000000,4.79087000,1.08870000,0.37763343,0.45176708
1230.60000000,4.78612000,1.09942000,0.37769421,0.45184022
1230.80000000,4.78975000,1.09123000,0.37775506,0.45191277
1231.00000000,4.78662000,1.10240000,0.37781600,0.45198609
1231.20000000,4.78912000,1.08864000,0.37787686,0.45205850
1231.40000000,4.78912000,1.08864000,0.37793734,0.45213090
1231.60000000,4.78825000,1.09801000,0.37799808,0.45220395
1231.80000000,4.78987000,1.08921000,0.37805883,0.45227637
1232.00000000,4.78737000,1.09798000,0.37811959,0.45234938
1232.20000000,4.78937000,1.09305000,0.37818045,0.45242209
1232.40000000,4.78937000,1.09305000,0.37824118,0.45249477
1232.60000000,4.78787000,1.09564000,0.37830197,0.45256765
1232.80000000,4.78925000,1.09497000,0.37836282,0.45264049
1233.00000000,4.78937000,1.09097000,0.37842354,0.45271306
1233.20000000,4.78937000,1.09097000,0.37848415,0.45278561
1233.40000000,4.78825000,1.09676000,0.37854492,0.45285858
1233.60000000,4.79062000,1.08771000,0.37860560,0.45293089
1233.80000000,4.78625000,1.10214000,0.37866643,0.45300416
1234.00000000,4.79087000,1.08844000,0.37872728,0.45307658
1234.20000000,4.79087000,1.08844000,0.37878775,0.45314893
1234.40000000,4.78587000,1.10403000,0.37884865,0.45322237
1234.60000000,4.78937000,1.09020000,0.37890960,0.45329486
1234.80000000,4.78762000,1.09948000,0.37897043,0.45336797
1235.00000000,4.78762000,1.09948000,0.37903151,0.45344110
1235.20000000,4.78912000,1.08819000,0.37909228,0.45351339
1235.40000000,4.78312000,1.11654000,0.37915352,0.45358757
1235.60000000,4.78287000,1.11721000,0.37921557,0.45366174
1235.80000000,4.78025000,1.12518000,0.37927786,0.45373644
1236.00000000,4.78025000,1.12518000,0.37934037,0.45381118
1236.20000000,4.78237000,1.11980000,0.37940273,0.45388553
1236.40000000,4.78062000,1.12582000,0.37946511,0.45396031
1236.60000000,4.78225000,1.11683000,0.37952740,0.45403449
1236.80000000,4.78225000,1.11683000,0.37958945,0.45410865
1237.00000000,4.78125000,1.12428000,0.37965170,0.45418332
1237.20000000,4.78175000,1.12214000,0.37971410,0.45425785
1237.40000000,4.78200000,1.12102000,0.37977641,0.45433229
1237.60000000,4.78137000,1.12371000,0.37983877,0.45440692
1237.80000000,4.78137000,1.12371000,0.37990119,0.45448157
1238.00000000,4.78350000,1.11388000,0.37996335,0.45455552
1238.20000000,4.77975000,1.12988000,0.38002568,0.45463066
1238.40000000,4.78850000,1.09280000,0.38008742,0.45470334
1238.60000000,4.78850000,1.09280000,0.38014813,0.45477601
1238.80000000,4.78800000,1.09766000,0.38020898,0.45484904
1239.00000000,4.78987000,1.09030000,0.38026975,0.45492154
1239.20000000,4.78800000,1.09670000,0.38033050,0.45499450
1239.40000000,4.79012000,1.09193000,0.38039130,0.45506715
1239.60000000,4.79012000,1.09193000,0.38045196,0.45513974
1239.80000000,4.78625000,1.10073000,0.38051287,0.45521296
1240.00000000,4.78975000,1.09180000,0.38057377,0.45528556
1240.20000000,4.78787000,1.09977000,0.38063465,0.45535870
1240.40000000,4.78787000,1.09977000,0.38069575,0.45543183
1240.60000000,4.78800000,1.09587000,0.38075674,0.45550462
1240.80000000,4.78200000,1.12518000,0.38081843,0.45557943
1241.00000000,4.78750000,1.09705000,0.38088016,0.45565239
1241.20000000,4.78800000,1.09708000,0.38094111,0.45572534
1241.40000000,4.78800000,1.09708000,0.38100206,0.45579829
1241.60000000,4.78762000,1.09708000,0.38106301,0.45587126
1241.80000000,4.78875000,1.09372000,0.38112386,0.45594399
1242.00000000,4.78787000,1.09878000,0.38118476,0.45601706
1242.20000000,4.78787000,1.09878000,0.38124581,0.45609014
1242.40000000,4.78912000,1.09030000,0.38130662,0.45616265
1242.60000000,4.78800000,1.09712000,0.38136738,0.45623563
1242.80000000,4.78950000,1.08912000,0.38142811,0.45630808
1243.00000000,4.78737000,1.09920000,0.38148889,0.45638117
1243.20000000,4.78737000,1.09920000,0.38154996,0.45645428
1243.40000000,4.78887000,1.09420000,0.38161089,0.45652702
1243.60000000,4.78650000,1.09868000,0.38167180,0.45660011
1243.80000000,4.79000000,1.08966000,0.38173259,0.45667260
1244.00000000,4.79000000,1.08966000,0.38179312,0.45674505
1244.20000000,4.78725000,1.09734000,0.38185387,0.45681805
1244.40000000,4.78987000,1.08838000,0.38191459,0.45689039
1244.60000000,4.78500000,1.11046000,0.38197567,0.45696425
1244.80000000,4.78900000,1.08876000,0.38203676,0.45703667
1245.00000000,4.78900000,1.08876000,0.38209724,0.45710906
1245.20000000,4.78750000,1.09980000,0.38215804,0.45718221
1245.40000000,4.78862000,1.09347000,0.38221896,0.45725488
1245.60000000,4.78525000,1.10540000,0.38228004,0.45732835
1245.80000000,4.78925000,1.09328000,0.38234112,0.45740107
1246.00000000,4.78925000,1.09328000,0.38240185,0.45747377
1246.20000000,4.78812000,1.09264000,0.38246257,0.45754645
1246.40000000,4.78925000,1.09395000,0.38252331,0.45761921
1246.60000000,4.78850000,1.09369000,0.38258408,0.45769195
1246.80000000,4.78850000,1.09369000,0.38264484,0.45776467
1247.00000000,4.78775000,1.09600000,0.38270567,0.45783757
1247.20000000,4.78850000,1.09513000,0.38276653,0.45791039
1247.40000000,4.78762000,1.09555000,0.38282738,0.45798323
1247.60000000,4.78762000,1.09555000,0.38288825,0.45805611
1247.80000000,4.78962000,1.09139000,0.38294899,0.45812869
1248.00000000,4.78787000,1.09571000,0.38300975,0.45820159
1248.20000000,4.79025000,1.08800000,0.38307041,0.45827397
1248.40000000,4.78775000,1.10000000,0.38313118,0.45834712
1248.60000000,4.78775000,1.10000000,0.38319229,0.45842028
1248.80000000,4.78887000,1.09065000,0.38325315,0.45849270
1249.00000000,4.78062000,1.12396000,0.38331466,0.45856736
1249.20000000,4.78300000,1.11500000,0.38337686,0.45864143
1249.40000000,4.78300000,1.11500000,0.38343880,0.45871547
