# 5.0 sps, start/stop: 50/0 mA (5 s), channels: 4
# V min: 0.52375, V max: 4.78412
# I min: 1.11094, I max: 1.17712
Time,Voltage,Current,Capacity,Energy
0.00000000,4.77087000,1.15814000,0.00003217,0.00007675
0.20000000,4.77150000,1.16006000,0.00009656,0.00015364
0.40000000,4.77237000,1.15785000,0.00016095,0.00023039
0.60000000,4.77237000,1.15785000,0.00022528,0.00030714
0.80000000,4.77300000,1.15030000,0.00028939,0.00038337
1.00000000,4.77100000,1.16112000,0.00035360,0.00046031
1.20000000,4.77100000,1.16198000,0.00041813,0.00053731
1.40000000,4.77112000,1.15993000,0.00048263,0.00061417
1.60000000,4.77112000,1.15993000,0.00054707,0.00069113
1.80000000,4.77700000,1.13987000,0.00061095,0.00076666
2.00000000,4.77112000,1.15971000,0.00067483,0.00084354
2.20000000,4.77287000,1.15376000,0.00073909,0.00092002
2.40000000,4.77212000,1.15808000,0.00080331,0.00099678
2.60000000,4.77212000,1.15808000,0.00086765,0.00107357
2.80000000,4.77412000,1.14732000,0.00093168,0.00114967
3.00000000,4.77600000,1.14323000,0.00099531,0.00122555
3.20000000,4.77887000,1.12944000,0.00105844,0.00130052
3.40000000,4.77887000,1.12944000,0.00112119,0.00137534
3.60000000,4.76975000,1.16297000,0.00118487,0.00145253
3.80000000,4.77875000,1.13267000,0.00124863,0.00152766
4.00000000,4.77587000,1.14105000,0.00131179,0.00160347
4.20000000,4.78387000,1.11337000,0.00137441,0.00167745
4.40000000,4.78387000,1.11337000,0.00143627,0.00175136
4.60000000,4.77987000,1.13068000,0.00149860,0.00182638
4.80000000,4.77712000,1.13779000,0.00156162,0.00190192
5.00000000,4.78025000,1.12832000,0.00162456,0.00197683
5.20000000,4.78025000,1.12832000,0.00168725,0.00205166
5.40000000,4.77487000,1.14816000,0.00175048,0.00212787
5.60000000,4.77912000,1.12921000,0.00181374,0.00220280
5.80000000,4.77750000,1.13705000,0.00187670,0.00227830
6.00000000,4.78050000,1.12339000,0.00193949,0.00235288
6.20000000,4.78050000,1.12339000,0.00200190,0.00242743
6.40000000,4.77787000,1.13404000,0.00206460,0.00250274
6.60000000,4.78100000,1.12124000,0.00212725,0.00257706
6.80000000,4.77262000,1.15161000,0.00219038,0.00265339
7.00000000,4.77262000,1.15161000,0.00225436,0.00272973
7.20000000,4.77262000,1.15801000,0.00231852,0.00280653
7.40000000,4.77512000,1.14544000,0.00238250,0.00288245
7.60000000,4.77200000,1.15673000,0.00244645,0.00295916
7.80000000,4.77512000,1.14659000,0.00251043,0.00303521
8.00000000,4.77512000,1.14659000,0.00257413,0.00311124
8.20000000,4.77450000,1.14764000,0.00263786,0.00318737
8.40000000,4.77612000,1.14534000,0.00270156,0.00326332
8.60000000,4.77450000,1.14688000,0.00276523,0.00333937
8.80000000,4.77450000,1.14688000,0.00282894,0.00341541
9.00000000,4.77362000,1.15072000,0.00289277,0.00349164
9.20000000,4.76987000,1.16998000,0.00295723,0.00356915
9.40000000,4.76962000,1.16816000,0.00302218,0.00364653
9.60000000,4.77237000,1.15753000,0.00308678,0.00372326
9.80000000,4.77237000,1.15753000,0.00315109,0.00380007
10.00000000,4.77775000,1.13753000,0.00321484,0.00387558
10.20000000,4.77962000,1.12937000,0.00327781,0.00395059
10.40000000,4.78212000,1.11865000,0.00334025,0.00402489
10.60000000,4.78212000,1.11865000,0.00340240,0.00409921
10.80000000,4.78337000,1.11369000,0.00346441,0.00417317
11.00000000,4.78137000,1.11968000,0.00352645,0.00424749
11.20000000,4.77950000,1.12742000,0.00358887,0.00432233
11.40000000,4.77950000,1.12742000,0.00365150,0.00439713
11.60000000,4.77650000,1.13763000,0.00371442,0.00447270
11.80000000,4.78287000,1.11484000,0.00377699,0.00454670
12.00000000,4.77912000,1.13084000,0.00383937,0.00462176
12.20000000,4.77537000,1.14585000,0.00390261,0.00469776
12.40000000,4.77537000,1.14585000,0.00396627,0.00477383
12.60000000,4.78025000,1.12598000,0.00402938,0.00484853
12.80000000,4.77662000,1.13964000,0.00409231,0.00492419
13.00000000,4.77962000,1.12611000,0.00415525,0.00499894
13.20000000,4.77662000,1.14016000,0.00421820,0.00507458
13.40000000,4.77662000,1.14016000,0.00428154,0.00515031
13.60000000,4.78187000,1.11782000,0.00434426,0.00522455
13.80000000,4.78237000,1.11664000,0.00440633,0.00529870
14.00000000,4.78075000,1.12563000,0.00446862,0.00537344
14.20000000,4.78075000,1.12563000,0.00453115,0.00544813
14.40000000,4.77750000,1.13785000,0.00459403,0.00552367
14.60000000,4.77975000,1.12662000,0.00465693,0.00559841
14.80000000,4.77687000,1.13856000,0.00471985,0.00567395
15.00000000,4.78162000,1.11984000,0.00478258,0.00574832
15.20000000,4.78162000,1.11984000,0.00484480,0.00582270
15.40000000,4.78212000,1.11795000,0.00490696,0.00589695
15.60000000,4.78187000,1.11536000,0.00496899,0.00597103
15.80000000,4.78212000,1.12156000,0.00503113,0.00604552
16.00000000,4.78212000,1.12156000,0.00509344,0.00612002
16.20000000,4.78237000,1.11840000,0.00515566,0.00619429
16.40000000,4.78162000,1.11683000,0.00521775,0.00626837
16.60000000,4.77600000,1.14272000,0.00528052,0.00634417
16.80000000,4.77600000,1.14272000,0.00534400,0.00642003
17.00000000,4.77937000,1.12905000,0.00540710,0.00649498
17.20000000,4.77987000,1.12697000,0.00546977,0.00656979
17.40000000,4.77912000,1.13513000,0.00553261,0.00664509
17.60000000,4.77637000,1.14310000,0.00559589,0.00672092
17.80000000,4.77637000,1.14310000,0.00565940,0.00679681
18.00000000,4.78025000,1.12473000,0.00572239,0.00687144
18.20000000,4.77737000,1.13836000,0.00578526,0.00694701
18.40000000,4.77937000,1.12774000,0.00584820,0.00702187
18.60000000,4.77650000,1.14169000,0.00591124,0.00709761
18.80000000,4.77650000,1.14169000,0.00597467,0.00717336
19.00000000,4.77712000,1.13891000,0.00603802,0.00724883
19.20000000,4.77112000,1.16192000,0.00610193,0.00732587
19.40000000,4.77437000,1.14985000,0.00616615,0.00740212
19.60000000,4.77437000,1.14985000,0.00623003,0.00747836
19.80000000,4.77412000,1.14841000,0.00629387,0.00755445
20.00000000,4.77025000,1.16588000,0.00635816,0.00763172
20.20000000,4.77212000,1.16115000,0.00642279,0.00770869
20.40000000,4.77250000,1.15132000,0.00648703,0.00778501
20.60000000,4.77250000,1.15132000,0.00655099,0.00786129
20.80000000,4.77062000,1.16441000,0.00661532,0.00793843
21.00000000,4.76987000,1.16595000,0.00668005,0.00801569
21.20000000,4.77062000,1.16281000,0.00674474,0.00809273
21.40000000,4.77062000,1.16281000,0.00680934,0.00816978
21.60000000,4.77050000,1.16444000,0.00687398,0.00824696
21.80000000,4.77225000,1.15520000,0.00693842,0.00832357
22.00000000,4.77525000,1.14380000,0.00700228,0.00839938
22.20000000,4.77212000,1.15811000,0.00706622,0.00847614
22.40000000,4.77212000,1.15811000,0.00713056,0.00855286
22.60000000,4.76987000,1.16380000,0.00719506,0.00862999
22.80000000,4.77150000,1.16083000,0.00725963,0.00870691
23.00000000,4.77062000,1.16131000,0.00732414,0.00878385
23.20000000,4.77062000,1.16131000,0.00738865,0.00886088
23.40000000,4.77537000,1.14332000,0.00745267,0.00893673
23.60000000,4.77662000,1.14096000,0.00751612,0.00901246
23.80000000,4.77937000,1.12624000,0.00757910,0.00908724
24.00000000,4.78075000,1.12105000,0.00764153,0.00916168
24.20000000,4.78075000,1.12105000,0.00770381,0.00923614
24.40000000,4.78237000,1.11964000,0.00776605,0.00931050
24.60000000,4.78162000,1.12086000,0.00782828,0.00938489
24.80000000,4.77825000,1.13225000,0.00789087,0.00946003
25.00000000,4.77825000,1.13225000,0.00795377,0.00953519
25.20000000,4.77987000,1.12553000,0.00801649,0.00960994
25.40000000,4.78125000,1.11945000,0.00807885,0.00968427
25.60000000,4.78125000,1.12086000,0.00814108,0.00975872
25.80000000,4.78237000,1.11638000,0.00820323,0.00983288
26.00000000,4.78237000,1.11638000,0.00826525,0.00990700
26.20000000,4.78062000,1.12464000,0.00832750,0.00998170
26.40000000,4.78212000,1.11548000,0.00838972,0.01005576
26.60000000,4.78062000,1.11747000,0.00845175,0.01012996
26.80000000,4.78187000,1.11968000,0.00851389,0.01020432
27.00000000,4.78187000,1.11968000,0.00857610,0.01027867
27.20000000,4.78050000,1.12064000,0.00863833,0.01035301
27.40000000,4.77675000,1.13955000,0.00870111,0.01042861
27.60000000,4.78037000,1.12454000,0.00876400,0.01050328
27.80000000,4.78037000,1.12454000,0.00882648,0.01057786
28.00000000,4.77500000,1.14374000,0.00888948,0.01065380
28.20000000,4.78062000,1.12425000,0.00895248,0.01072840
28.40000000,4.77800000,1.13449000,0.00901523,0.01080369
28.60000000,4.77625000,1.13955000,0.00907839,0.01087928
28.80000000,4.77625000,1.13955000,0.00914170,0.01095493
29.00000000,4.77937000,1.13033000,0.00920476,0.01102993
29.20000000,4.77725000,1.13417000,0.00926766,0.01110518
29.40000000,4.78125000,1.11798000,0.00933022,0.01117942
29.60000000,4.78125000,1.11798000,0.00939233,0.01125370
29.80000000,4.78387000,1.11161000,0.00945426,0.01132753
30.00000000,4.78162000,1.12102000,0.00951628,0.01140189
30.20000000,4.77650000,1.13622000,0.00957898,0.01147727
30.40000000,4.77650000,1.13622000,0.00964210,0.01155273
30.60000000,4.78187000,1.12016000,0.00970478,0.01162713
30.80000000,4.78212000,1.11465000,0.00976686,0.01170119
31.00000000,4.78362000,1.11446000,0.00982878,0.01177523
31.20000000,4.78137000,1.12393000,0.00989096,0.01184987
31.40000000,4.78137000,1.12393000,0.00995340,0.01192451
31.60000000,4.78175000,1.11712000,0.01001565,0.01199871
31.80000000,4.78225000,1.11689000,0.01007770,0.01207287
32.00000000,4.78062000,1.12182000,0.01013989,0.01214736
32.20000000,4.78062000,1.12182000,0.01020221,0.01222181
32.40000000,4.77837000,1.13318000,0.01026485,0.01229701
32.60000000,4.77812000,1.13606000,0.01032789,0.01237239
32.80000000,4.77762000,1.13436000,0.01039095,0.01244767
33.00000000,4.77762000,1.13436000,0.01045397,0.01252294
33.20000000,4.77812000,1.13113000,0.01051690,0.01259799
33.40000000,4.77712000,1.13971000,0.01057998,0.01267364
33.60000000,4.77900000,1.12652000,0.01064293,0.01274844
33.80000000,4.78087000,1.12438000,0.01070546,0.01282310
34.00000000,4.78087000,1.12438000,0.01076792,0.01289765
34.20000000,4.77387000,1.14780000,0.01083104,0.01297377
34.40000000,4.77487000,1.14444000,0.01089471,0.01304961
34.60000000,4.77125000,1.16249000,0.01095879,0.01312665
34.80000000,4.76987000,1.16425000,0.01102343,0.01320378
35.00000000,4.76987000,1.16425000,0.01108811,0.01328094
35.20000000,4.77175000,1.15974000,0.01115266,0.01335781
35.40000000,4.77275000,1.15731000,0.01121702,0.01343455
35.60000000,4.77425000,1.14595000,0.01128100,0.01351054
35.80000000,4.77425000,1.14595000,0.01134467,0.01358644
36.00000000,4.76875000,1.17107000,0.01140903,0.01366410
36.20000000,4.77437000,1.15056000,0.01147352,0.01374037
36.40000000,4.77312000,1.15350000,0.01153752,0.01381681
36.60000000,4.77100000,1.16390000,0.01160189,0.01389393
36.80000000,4.77100000,1.16390000,0.01166655,0.01397118
37.00000000,4.77862000,1.12844000,0.01173023,0.01404604
37.20000000,4.77637000,1.13923000,0.01179322,0.01412168
37.40000000,4.78062000,1.12384000,0.01185608,0.01419630
37.60000000,4.78062000,1.12384000,0.01191852,0.01427090
37.80000000,4.77937000,1.12832000,0.01198108,0.01434576
38.00000000,4.77712000,1.14051000,0.01204410,0.01442148
38.20000000,4.78000000,1.12396000,0.01210701,0.01449606
38.40000000,4.77762000,1.13401000,0.01216973,0.01457131
38.60000000,4.77762000,1.13401000,0.01223273,0.01464657
38.80000000,4.77875000,1.13209000,0.01229567,0.01472172
39.00000000,4.77887000,1.12956000,0.01235850,0.01479667
39.20000000,4.77750000,1.13363000,0.01242136,0.01487189
39.40000000,4.77750000,1.13363000,0.01248434,0.01494717
39.60000000,4.78150000,1.11833000,0.01254690,0.01502141
39.80000000,4.77937000,1.12441000,0.01260920,0.01509601
40.00000000,4.77687000,1.13900000,0.01267207,0.01517159
40.20000000,4.77812000,1.13219000,0.01273516,0.01524673
40.40000000,4.77812000,1.13219000,0.01279806,0.01532187
40.60000000,4.77837000,1.13516000,0.01286104,0.01539718
40.80000000,4.77662000,1.14028000,0.01292425,0.01547281
41.00000000,4.77575000,1.13964000,0.01298758,0.01554840
41.20000000,4.77575000,1.13964000,0.01305089,0.01562403
41.40000000,4.77812000,1.13289000,0.01311402,0.01569918
41.60000000,4.77587000,1.14630000,0.01317733,0.01577529
41.80000000,4.78087000,1.12067000,0.01324030,0.01584971
42.00000000,4.78075000,1.12528000,0.01330269,0.01592442
42.20000000,4.78075000,1.12528000,0.01336520,0.01599906
42.40000000,4.77525000,1.14278000,0.01342820,0.01607489
42.60000000,4.77812000,1.13382000,0.01349144,0.01615018
42.80000000,4.78087000,1.12636000,0.01355422,0.01622493
43.00000000,4.77812000,1.13184000,0.01361695,0.01630004
43.20000000,4.77812000,1.13184000,0.01367983,0.01637515
43.40000000,4.77812000,1.13420000,0.01374278,0.01645045
43.60000000,4.77962000,1.12851000,0.01380563,0.01652537
43.80000000,4.78012000,1.12684000,0.01386828,0.01660018
44.00000000,4.78012000,1.12684000,0.01393088,0.01667495
44.20000000,4.77762000,1.13523000,0.01399372,0.01675030
44.40000000,4.77862000,1.13107000,0.01405667,0.01682533
44.60000000,4.77625000,1.13936000,0.01411974,0.01690098
44.80000000,4.78050000,1.12707000,0.01418269,0.01697581
45.00000000,4.78050000,1.12707000,0.01424531,0.01705055
45.20000000,4.77475000,1.14534000,0.01430843,0.01712660
45.40000000,4.78037000,1.12476000,0.01437149,0.01720119
45.60000000,4.77475000,1.14787000,0.01443462,0.01727731
45.80000000,4.77475000,1.14787000,0.01449839,0.01735348
46.00000000,4.77762000,1.13235000,0.01456173,0.01742860
46.20000000,4.77662000,1.13840000,0.01462480,0.01750411
46.40000000,4.77587000,1.13795000,0.01468804,0.01757963
46.60000000,4.77837000,1.13286000,0.01475111,0.01765481
46.80000000,4.77837000,1.13286000,0.01481405,0.01772996
47.00000000,4.77562000,1.14176000,0.01487723,0.01780577
47.20000000,4.78112000,1.12195000,0.01494012,0.01788015
47.40000000,4.77300000,1.15606000,0.01500339,0.01795679
47.60000000,4.76912000,1.16758000,0.01506794,0.01803412
47.80000000,4.76912000,1.16758000,0.01513280,0.01811149
48.00000000,4.77100000,1.16044000,0.01519747,0.01818839
48.20000000,4.77112000,1.16201000,0.01526198,0.01826539
48.40000000,4.77087000,1.16092000,0.01532651,0.01834232
48.60000000,4.77087000,1.16092000,0.01539101,0.01841924
48.80000000,4.77087000,1.16384000,0.01545558,0.01849642
49.00000000,4.77462000,1.14566000,0.01551974,0.01857239
49.20000000,4.77437000,1.14924000,0.01558348,0.01864860
49.40000000,4.77437000,1.14924000,0.01564733,0.01872474
49.60000000,4.77062000,1.16790000,0.01571169,0.01880215
49.80000000,4.77175000,1.15872000,0.01577632,0.01887890
50.00000000,4.76962000,1.16937000,0.01584099,0.01895637
50.20000000,4.77262000,1.15622000,0.01590559,0.01903301
50.40000000,4.77262000,1.15622000,0.01596983,0.01910959
50.60000000,4.76900000,1.16739000,0.01603437,0.01918694
50.80000000,4.77037000,1.16800000,0.01609924,0.01926432
51.00000000,4.76987000,1.16764000,0.01616412,0.01934167
51.20000000,4.76987000,1.16764000,0.01622899,0.01941904
51.40000000,4.77062000,1.16227000,0.01629371,0.01949606
51.60000000,4.77137000,1.15718000,0.01635814,0.01957279
51.80000000,4.77437000,1.14643000,0.01642213,0.01964881
52.00000000,4.77437000,1.14643000,0.01648582,0.01972485
52.20000000,4.77525000,1.14480000,0.01654946,0.01980076
52.40000000,4.77400000,1.14873000,0.01661317,0.01987690
52.60000000,4.77262000,1.15420000,0.01667714,0.01995337
52.80000000,4.77037000,1.16352000,0.01674152,0.02003046
53.00000000,4.77037000,1.16352000,0.01680616,0.02010766
53.20000000,4.77737000,1.13392000,0.01686998,0.02018290
53.40000000,4.77737000,1.13980000,0.01693314,0.02025855
53.60000000,4.77850000,1.13376000,0.01699630,0.02033379
53.80000000,4.77850000,1.13376000,0.01705928,0.02040903
54.00000000,4.77812000,1.13561000,0.01712232,0.02048439
54.20000000,4.77750000,1.13552000,0.01718541,0.02055976
54.40000000,4.77900000,1.13190000,0.01724839,0.02063492
54.60000000,4.78100000,1.12880000,0.01731119,0.02070987
54.80000000,4.78100000,1.12880000,0.01737390,0.02078478
55.00000000,4.77812000,1.13248000,0.01743671,0.02085995
55.20000000,4.77900000,1.13132000,0.01749960,0.02093503
55.40000000,4.77850000,1.13369000,0.01756251,0.02101028
55.60000000,4.77850000,1.13369000,0.01762550,0.02108552
55.80000000,4.77887000,1.13091000,0.01768840,0.02116062
56.00000000,4.78087000,1.12208000,0.01775099,0.02123510
56.20000000,4.77925000,1.12822000,0.01781349,0.02130994
56.40000000,4.77625000,1.13916000,0.01787648,0.02138551
56.60000000,4.77625000,1.13916000,0.01793976,0.02146107
56.80000000,4.77587000,1.14332000,0.01800317,0.02153693
57.00000000,4.77700000,1.13635000,0.01806649,0.02161242
57.20000000,4.78300000,1.11728000,0.01812909,0.02168664
57.40000000,4.77175000,1.15705000,0.01819227,0.02176332
57.60000000,4.77175000,1.15705000,0.01825655,0.02184014
57.80000000,4.78025000,1.12361000,0.01831990,0.02191469
58.00000000,4.77750000,1.13513000,0.01838264,0.02199001
58.20000000,4.77725000,1.13622000,0.01844573,0.02206540
58.40000000,4.77725000,1.13622000,0.01850886,0.02214078
58.60000000,4.77687000,1.13891000,0.01857206,0.02221632
58.80000000,4.77500000,1.14147000,0.01863540,0.02229207
59.00000000,4.77837000,1.13670000,0.01869868,0.02236744
59.20000000,4.77425000,1.14992000,0.01876220,0.02244369
59.40000000,4.77425000,1.14992000,0.01882608,0.02252002
59.60000000,4.77912000,1.13152000,0.01888946,0.02259509
59.80000000,4.77662000,1.13814000,0.01895250,0.02267061
60.00000000,4.77762000,1.13334000,0.01901560,0.02274582
60.20000000,4.77762000,1.13334000,0.01907856,0.02282101
60.40000000,4.77712000,1.13507000,0.01914157,0.02289631
60.60000000,4.77650000,1.13881000,0.01920474,0.02297188
60.80000000,4.77800000,1.13376000,0.01926786,0.02304709
61.00000000,4.77575000,1.14697000,0.01933122,0.02312316
61.20000000,4.77575000,1.14697000,0.01939494,0.02319921
61.40000000,4.77362000,1.14768000,0.01945868,0.02327533
61.60000000,4.77537000,1.14524000,0.01952237,0.02335127
61.80000000,4.77450000,1.14563000,0.01958601,0.02342724
62.00000000,4.77450000,1.14563000,0.01964965,0.02350320
62.20000000,4.77375000,1.14665000,0.01971333,0.02357925
62.40000000,4.77512000,1.14486000,0.01977698,0.02365518
62.60000000,4.77562000,1.14214000,0.01984051,0.02373091
62.80000000,4.77375000,1.14979000,0.01990417,0.02380714
63.00000000,4.77375000,1.14979000,0.01996805,0.02388341
63.20000000,4.77587000,1.14339000,0.02003175,0.02395912
63.40000000,4.76775000,1.17308000,0.02009610,0.02403694
63.60000000,4.77587000,1.14358000,0.02016045,0.02411286
63.80000000,4.78025000,1.12342000,0.02022342,0.02418745
64.00000000,4.78025000,1.12342000,0.02028583,0.02426201
64.20000000,4.77875000,1.13075000,0.02034845,0.02433705
64.40000000,4.77787000,1.13651000,0.02041143,0.02441250
64.60000000,4.78025000,1.12665000,0.02047429,0.02448730
64.80000000,4.78025000,1.12665000,0.02053688,0.02456205
65.00000000,4.77662000,1.14003000,0.02059985,0.02463773
65.20000000,4.77987000,1.12774000,0.02066284,0.02471255
65.40000000,4.77662000,1.13859000,0.02072579,0.02478808
65.60000000,4.78162000,1.12156000,0.02078858,0.02486257
65.80000000,4.78162000,1.12156000,0.02085089,0.02493705
66.00000000,4.78137000,1.11984000,0.02091315,0.02501142
66.20000000,4.78162000,1.11843000,0.02097532,0.02508570
66.40000000,4.78200000,1.12144000,0.02103754,0.02516018
66.60000000,4.78200000,1.12144000,0.02109984,0.02523467
66.80000000,4.78212000,1.11948000,0.02116209,0.02530898
67.00000000,4.77937000,1.13043000,0.02122459,0.02538400
67.20000000,4.77812000,1.13424000,0.02128749,0.02545927
67.40000000,4.77850000,1.12934000,0.02135037,0.02553423
67.60000000,4.77850000,1.12934000,0.02141311,0.02560914
67.80000000,4.77600000,1.14396000,0.02147626,0.02568504
68.00000000,4.77725000,1.13417000,0.02153954,0.02576032
68.20000000,4.77900000,1.12985000,0.02160243,0.02583532
68.40000000,4.77775000,1.13574000,0.02166536,0.02591068
68.60000000,4.77775000,1.13574000,0.02172846,0.02598595
68.80000000,4.77162000,1.15552000,0.02179211,0.02606251
69.00000000,4.77037000,1.16611000,0.02185660,0.02613982
69.20000000,4.77350000,1.15027000,0.02192094,0.02621608
69.40000000,4.77350000,1.15027000,0.02198484,0.02629238
69.60000000,4.77562000,1.14051000,0.02204848,0.02636800
69.80000000,4.77425000,1.14848000,0.02211206,0.02644413
70.00000000,4.77275000,1.15472000,0.02217604,0.02652068
70.20000000,4.77062000,1.16390000,0.02224044,0.02659780
70.40000000,4.77062000,1.16390000,0.02230511,0.02667497
70.60000000,4.77412000,1.14899000,0.02236935,0.02675124
70.80000000,4.77925000,1.12915000,0.02243263,0.02682619
71.00000000,4.78200000,1.12083000,0.02249513,0.02690063
71.20000000,4.78200000,1.12083000,0.02255740,0.02697505
71.40000000,4.78050000,1.12108000,0.02261968,0.02704947
71.60000000,4.77925000,1.12518000,0.02268207,0.02712414
71.80000000,4.77850000,1.13440000,0.02274484,0.02719943
72.00000000,4.77562000,1.14112000,0.02280805,0.02727512
72.20000000,4.77562000,1.14112000,0.02287144,0.02735085
72.40000000,4.77812000,1.13382000,0.02293464,0.02742607
72.60000000,4.77700000,1.13990000,0.02299780,0.02750172
72.80000000,4.77837000,1.13353000,0.02306095,0.02757695
73.00000000,4.77837000,1.13353000,0.02312392,0.02765214
73.20000000,4.77612000,1.14182000,0.02318712,0.02772790
73.40000000,4.77712000,1.13427000,0.02325035,0.02780314
73.60000000,4.77575000,1.14576000,0.02331368,0.02787914
73.80000000,4.78000000,1.12764000,0.02337683,0.02795400
74.00000000,4.78000000,1.12764000,0.02343948,0.02802879
74.20000000,4.77537000,1.14444000,0.02350259,0.02810478
74.40000000,4.78075000,1.12380000,0.02356560,0.02817933
74.60000000,4.77625000,1.13907000,0.02362846,0.02825489
74.80000000,4.77312000,1.15376000,0.02369215,0.02833138
75.00000000,4.77312000,1.15376000,0.02375624,0.02840779
75.20000000,4.76837000,1.17238000,0.02382086,0.02848553
75.40000000,4.77412000,1.14697000,0.02388529,0.02856155
75.60000000,4.77212000,1.15676000,0.02394928,0.02863822
75.80000000,4.77212000,1.15676000,0.02401354,0.02871482
76.00000000,4.76800000,1.17222000,0.02407824,0.02879251
76.20000000,4.77187000,1.15664000,0.02414293,0.02886914
76.40000000,4.77050000,1.16435000,0.02420740,0.02894629
76.60000000,4.77225000,1.15843000,0.02427192,0.02902307
76.80000000,4.77225000,1.15843000,0.02433628,0.02909981
77.00000000,4.76962000,1.16601000,0.02440085,0.02917719
77.20000000,4.77775000,1.13596000,0.02446479,0.02925257
77.40000000,4.78075000,1.12121000,0.02452749,0.02932701
77.60000000,4.78075000,1.12121000,0.02458978,0.02940145
77.80000000,4.78025000,1.12563000,0.02465219,0.02947612
78.00000000,4.77600000,1.14115000,0.02471516,0.02955190
78.20000000,4.78137000,1.11920000,0.02477794,0.02962622
78.40000000,4.78137000,1.11920000,0.02484012,0.02970054
78.60000000,4.78100000,1.12416000,0.02490244,0.02977520
78.80000000,4.78162000,1.11721000,0.02496470,0.02984939
79.00000000,4.78112000,1.12000000,0.02502684,0.02992376
79.20000000,4.78125000,1.12156000,0.02508911,0.02999824
79.40000000,4.78125000,1.12156000,0.02515142,0.03007272
79.60000000,4.78150000,1.11923000,0.02521366,0.03014704
79.80000000,4.78062000,1.12460000,0.02527599,0.03022160
80.00000000,4.77412000,1.14870000,0.02533914,0.03029777
80.20000000,4.77412000,1.14870000,0.02540295,0.03037402
80.40000000,4.77900000,1.12979000,0.02546624,0.03044897
80.60000000,4.77650000,1.13852000,0.02552925,0.03052457
80.80000000,4.78100000,1.12464000,0.02559212,0.03059927
81.00000000,4.78225000,1.12086000,0.02565449,0.03067371
81.20000000,4.78225000,1.12086000,0.02571676,0.03074813
81.40000000,4.78000000,1.12291000,0.02577909,0.03082261
81.60000000,4.77600000,1.14377000,0.02584205,0.03089850
81.80000000,4.77700000,1.13779000,0.02590543,0.03097399
82.00000000,4.77700000,1.13779000,0.02596864,0.03104948
82.20000000,4.77687000,1.13456000,0.02603176,0.03112484
82.40000000,4.78250000,1.11747000,0.02609432,0.03119906
82.60000000,4.78225000,1.11491000,0.02615633,0.03127304
82.80000000,4.77750000,1.13443000,0.02621881,0.03134831
83.00000000,4.77750000,1.13443000,0.02628183,0.03142361
83.20000000,4.77875000,1.13318000,0.02634482,0.03149881
83.40000000,4.77800000,1.13356000,0.02640779,0.03157401
83.60000000,4.77675000,1.14153000,0.02647099,0.03164974
83.80000000,4.77675000,1.14153000,0.02653440,0.03172549
84.00000000,4.77725000,1.13609000,0.02659767,0.03180089
84.20000000,4.77850000,1.13244000,0.02666069,0.03187599
84.40000000,4.77525000,1.14624000,0.02672398,0.03195205
84.60000000,4.77762000,1.13235000,0.02678728,0.03202719
84.80000000,4.77762000,1.13235000,0.02685019,0.03210229
85.00000000,4.77550000,1.14265000,0.02691338,0.03217818
85.20000000,4.78187000,1.12009000,0.02697623,0.03225255
85.40000000,4.78012000,1.12512000,0.02703860,0.03232724
85.60000000,4.78012000,1.12512000,0.02710111,0.03240197
85.80000000,4.78175000,1.12252000,0.02716354,0.03247643
86.00000000,4.77625000,1.14092000,0.02722642,0.03255217
86.20000000,4.77962000,1.12467000,0.02728935,0.03262683
86.40000000,4.77987000,1.12851000,0.02735194,0.03270175
86.60000000,4.77987000,1.12851000,0.02741463,0.03277663
86.80000000,4.77712000,1.13664000,0.02747755,0.03285208
87.00000000,4.77962000,1.12630000,0.02754041,0.03292686
87.20000000,4.78037000,1.12249000,0.02760288,0.03300140
87.40000000,4.78087000,1.12297000,0.02766525,0.03307596
87.60000000,4.78087000,1.12297000,0.02772764,0.03315050
87.80000000,4.77875000,1.13004000,0.02779022,0.03322537
88.00000000,4.77087000,1.16201000,0.02785389,0.03330237
88.20000000,4.77100000,1.16102000,0.02791842,0.03337931
88.40000000,4.77100000,1.16102000,0.02798292,0.03345623
88.60000000,4.77062000,1.16716000,0.02804759,0.03353356
88.80000000,4.77025000,1.16211000,0.02811229,0.03361058
89.00000000,4.77175000,1.15552000,0.02817667,0.03368719
89.20000000,4.77350000,1.15184000,0.02824077,0.03376356
89.40000000,4.77350000,1.15184000,0.02830476,0.03383989
89.60000000,4.77162000,1.15702000,0.02836889,0.03391659
89.80000000,4.77275000,1.15478000,0.02843311,0.03399318
90.00000000,4.77537000,1.14496000,0.02849699,0.03406912
90.20000000,4.77537000,1.14496000,0.02856060,0.03414500
90.40000000,4.77175000,1.15939000,0.02862461,0.03422184
90.60000000,4.77225000,1.15785000,0.02868898,0.03429863
90.80000000,4.77462000,1.14432000,0.02875293,0.03437460
91.00000000,4.78012000,1.12512000,0.02881597,0.03444930
91.20000000,4.78012000,1.12512000,0.02887847,0.03452384
91.40000000,4.77037000,1.16131000,0.02894198,0.03460093
91.60000000,4.77950000,1.12547000,0.02900551,0.03467558
91.80000000,4.77537000,1.14284000,0.02906852,0.03475138
92.00000000,4.77537000,1.14284000,0.02913201,0.03482723
92.20000000,4.77862000,1.12854000,0.02919510,0.03490208
92.40000000,4.77562000,1.14134000,0.02925815,0.03497787
92.60000000,4.78112000,1.12531000,0.02932111,0.03505259
92.80000000,4.77587000,1.14073000,0.02938406,0.03512826
93.00000000,4.77587000,1.14073000,0.02944743,0.03520395
93.20000000,4.77737000,1.13747000,0.02951072,0.03527940
93.40000000,4.77575000,1.14416000,0.02957410,0.03535535
93.60000000,4.77950000,1.12787000,0.02963721,0.03543022
93.80000000,4.77950000,1.12787000,0.02969987,0.03550514
94.00000000,4.78262000,1.11833000,0.02976226,0.03557939
94.20000000,4.78037000,1.12307000,0.02982452,0.03565390
94.40000000,4.77650000,1.13776000,0.02988732,0.03572938
94.60000000,4.77650000,1.13798000,0.02995054,0.03580487
94.80000000,4.77650000,1.13798000,0.03001376,0.03588037
95.00000000,4.77675000,1.13763000,0.03007697,0.03595586
95.20000000,4.77800000,1.13590000,0.03014013,0.03603120
95.40000000,4.77550000,1.14550000,0.03020350,0.03610718
95.60000000,4.78175000,1.11910000,0.03026640,0.03618150
95.80000000,4.78175000,1.11910000,0.03032858,0.03625581
96.00000000,4.78087000,1.12400000,0.03039088,0.03633046
96.20000000,4.78175000,1.11705000,0.03045313,0.03640463
96.40000000,4.78087000,1.12646000,0.03051545,0.03647943
96.60000000,4.78087000,1.12646000,0.03057804,0.03655424
96.80000000,4.78162000,1.11686000,0.03064035,0.03662838
97.00000000,4.77962000,1.12291000,0.03070257,0.03670288
97.20000000,4.77687000,1.14076000,0.03076545,0.03677857
97.40000000,4.77687000,1.14076000,0.03082882,0.03685429
97.60000000,4.77962000,1.12985000,0.03089189,0.03692924
97.80000000,4.77600000,1.14150000,0.03095499,0.03700501
98.00000000,4.77900000,1.12790000,0.03101803,0.03707987
98.20000000,4.77612000,1.13993000,0.03108102,0.03715549
98.40000000,4.77612000,1.13993000,0.03114435,0.03723112
98.60000000,4.77725000,1.13664000,0.03120759,0.03730652
98.80000000,4.77612000,1.13753000,0.03127076,0.03738201
99.00000000,4.77775000,1.13369000,0.03133385,0.03745724
99.20000000,4.77775000,1.13369000,0.03139683,0.03753249
99.40000000,4.77950000,1.12822000,0.03145966,0.03760735
99.60000000,4.77700000,1.13830000,0.03152262,0.03768287
99.80000000,4.77687000,1.13984000,0.03158590,0.03775849
100.00000000,4.77887000,1.13174000,0.03164900,0.03783361
100.20000000,4.77887000,1.13174000,0.03171188,0.03790872
100.40000000,4.77875000,1.13107000,0.03177473,0.03798385
100.60000000,4.78212000,1.11964000,0.03183725,0.03805822
100.80000000,4.78237000,1.11683000,0.03189938,0.03813240
101.00000000,4.78237000,1.11683000,0.03196142,0.03820656
101.20000000,4.78087000,1.12332000,0.03202365,0.03828105
101.40000000,4.77450000,1.14864000,0.03208676,0.03835720
101.60000000,4.77375000,1.14678000,0.03215052,0.03843329
101.80000000,4.77687000,1.14067000,0.03221406,0.03850896
102.00000000,4.77687000,1.14067000,0.03227743,0.03858463
102.20000000,4.77612000,1.14032000,0.03234079,0.03866022
102.40000000,4.77300000,1.15264000,0.03240449,0.03873667
102.60000000,4.77537000,1.14441000,0.03246829,0.03881258
102.80000000,4.77537000,1.14441000,0.03253187,0.03888838
103.00000000,4.76912000,1.17145000,0.03259620,0.03896604
103.20000000,4.77325000,1.15536000,0.03266083,0.03904256
103.40000000,4.76875000,1.17161000,0.03272547,0.03912023
103.60000000,4.77275000,1.15257000,0.03279003,0.03919663
103.80000000,4.77275000,1.15257000,0.03285406,0.03927305
104.00000000,4.77412000,1.14924000,0.03291800,0.03934931
104.20000000,4.77725000,1.13513000,0.03298146,0.03942468
104.40000000,4.78075000,1.12377000,0.03304421,0.03949929
104.60000000,4.78075000,1.12377000,0.03310664,0.03957386
104.80000000,4.77725000,1.13638000,0.03316942,0.03964927
105.00000000,4.77825000,1.12947000,0.03323236,0.03972409
105.20000000,4.76962000,1.16598000,0.03329612,0.03980134
105.40000000,4.77012000,1.15929000,0.03336071,0.03987815
105.60000000,4.77012000,1.15929000,0.03342512,0.03995494
105.80000000,4.76950000,1.16678000,0.03348973,0.04003228
106.00000000,4.77237000,1.15820000,0.03355431,0.04010901
106.20000000,4.76975000,1.16624000,0.03361888,0.04018627
106.40000000,4.76975000,1.16624000,0.03368367,0.04026356
106.60000000,4.77200000,1.16028000,0.03374830,0.04034041
106.80000000,4.76875000,1.17017000,0.03381303,0.04041794
107.00000000,4.77012000,1.16390000,0.03387787,0.04049506
107.20000000,4.77100000,1.16105000,0.03394245,0.04057200
107.40000000,4.77100000,1.16105000,0.03400695,0.04064891
107.60000000,4.76962000,1.16598000,0.03407159,0.04072623
107.80000000,4.77450000,1.14832000,0.03413588,0.04080230
108.00000000,4.76975000,1.16931000,0.03420026,0.04087984
108.20000000,4.77425000,1.14851000,0.03426464,0.04095599
108.40000000,4.77425000,1.14851000,0.03432845,0.04103214
108.60000000,4.77337000,1.15776000,0.03439251,0.04110885
108.80000000,4.77100000,1.16057000,0.03445691,0.04118579
109.00000000,4.77300000,1.15398000,0.03452120,0.04126229
109.20000000,4.77300000,1.15398000,0.03458531,0.04133876
109.40000000,4.77150000,1.16144000,0.03464963,0.04141579
109.60000000,4.77500000,1.14502000,0.03471370,0.04149175
109.80000000,4.77650000,1.14316000,0.03477726,0.04156762
110.00000000,4.77862000,1.13398000,0.03484051,0.04164288
110.20000000,4.77862000,1.13398000,0.03490351,0.04171810
110.40000000,4.77575000,1.14492000,0.03496681,0.04179403
110.60000000,4.77462000,1.15004000,0.03503056,0.04187034
110.80000000,4.77787000,1.13532000,0.03509404,0.04194568
111.00000000,4.77787000,1.13532000,0.03515712,0.04202110
111.20000000,4.78325000,1.11488000,0.03521962,0.04209512
111.40000000,4.77975000,1.12688000,0.03528189,0.04216995
111.60000000,4.78125000,1.11852000,0.03534427,0.04224426
111.80000000,4.78350000,1.11526000,0.03540632,0.04231835
112.00000000,4.78350000,1.11526000,0.03546828,0.04239241
112.20000000,4.78112000,1.11996000,0.03553036,0.04246673
112.40000000,4.77800000,1.13702000,0.03559306,0.04254220
112.60000000,4.77900000,1.12912000,0.03565601,0.04261703
112.80000000,4.77125000,1.16291000,0.03571967,0.04269409
113.00000000,4.77125000,1.16291000,0.03578428,0.04277120
113.20000000,4.77387000,1.14912000,0.03584850,0.04284744
113.40000000,4.77712000,1.13718000,0.03591201,0.04292294
113.60000000,4.78000000,1.12857000,0.03597495,0.04299786
113.80000000,4.78000000,1.12857000,0.03603765,0.04307272
114.00000000,4.77600000,1.14307000,0.03610075,0.04314861
114.20000000,4.78025000,1.12576000,0.03616377,0.04322332
114.40000000,4.77812000,1.13606000,0.03622660,0.04329868
114.60000000,4.77625000,1.13718000,0.03628975,0.04337412
114.80000000,4.77625000,1.13718000,0.03635292,0.04344957
115.00000000,4.77712000,1.13664000,0.03641608,0.04352488
115.20000000,4.77062000,1.16288000,0.03647996,0.04360195
115.40000000,4.77187000,1.15628000,0.03654438,0.04367859
115.60000000,4.77187000,1.15628000,0.03660862,0.04375526
115.80000000,4.77425000,1.15148000,0.03667272,0.04383160
116.00000000,4.77337000,1.14806000,0.03673660,0.04390769
116.20000000,4.77200000,1.15808000,0.03680066,0.04398444
116.40000000,4.77150000,1.15888000,0.03686502,0.04406124
116.60000000,4.77150000,1.15888000,0.03692940,0.04413800
116.80000000,4.76950000,1.16780000,0.03699403,0.04421539
117.00000000,4.77100000,1.16192000,0.03705875,0.04429237
117.20000000,4.77037000,1.16563000,0.03712340,0.04436960
117.40000000,4.77037000,1.16563000,0.03718816,0.04444685
117.60000000,4.77137000,1.15798000,0.03725270,0.04452362
117.80000000,4.77350000,1.14822000,0.03731676,0.04459981
118.00000000,4.77800000,1.13107000,0.03738008,0.04467494
118.20000000,4.78212000,1.11971000,0.03744260,0.04474931
118.40000000,4.78212000,1.11971000,0.03750480,0.04482359
118.60000000,4.77675000,1.13776000,0.03756751,0.04489909
118.80000000,4.77775000,1.13251000,0.03763057,0.04497423
119.00000000,4.77700000,1.14086000,0.03769372,0.04504998
119.20000000,4.78062000,1.12121000,0.03775656,0.04512443
119.40000000,4.78062000,1.12121000,0.03781885,0.04519889
119.60000000,4.78200000,1.12003000,0.03788110,0.04527329
119.80000000,4.78237000,1.11737000,0.03794325,0.04534749
120.00000000,4.78100000,1.12080000,0.03800543,0.04542191
120.20000000,4.78100000,1.12080000,0.03806769,0.04549636
120.40000000,4.78237000,1.12076000,0.03812996,0.04557079
120.60000000,4.78187000,1.12067000,0.03819222,0.04564519
120.80000000,4.77975000,1.12800000,0.03825468,0.04572007
121.00000000,4.77975000,1.12800000,0.03831735,0.04579493
121.20000000,4.77850000,1.13612000,0.03838024,0.04587038
121.40000000,4.78137000,1.11926000,0.03844289,0.04594472
121.60000000,4.78212000,1.12025000,0.03850510,0.04601911
121.80000000,4.78137000,1.12355000,0.03856743,0.04609373
122.00000000,4.78137000,1.12355000,0.03862985,0.04616829
122.20000000,4.77800000,1.13059000,0.03869246,0.04624334
122.40000000,4.78000000,1.12969000,0.03875525,0.04631834
122.60000000,4.77987000,1.12710000,0.03881794,0.04639317
122.80000000,4.77987000,1.12710000,0.03888055,0.04646798
123.00000000,4.77925000,1.13129000,0.03894329,0.04654305
123.20000000,4.77762000,1.13616000,0.03900627,0.04661844
123.40000000,4.77775000,1.13369000,0.03906932,0.04669367
123.60000000,4.77775000,1.13369000,0.03913231,0.04676891
123.80000000,4.77837000,1.13552000,0.03919534,0.04684429
124.00000000,4.77950000,1.12944000,0.03925825,0.04691925
124.20000000,4.77887000,1.13449000,0.03932114,0.04699456
124.40000000,4.77937000,1.13177000,0.03938409,0.04706969
124.60000000,4.77937000,1.13177000,0.03944697,0.04714486
124.80000000,4.78225000,1.11667000,0.03950943,0.04721892
125.00000000,4.77525000,1.15209000,0.03957245,0.04729541
125.20000000,4.78025000,1.12316000,0.03963565,0.04736998
125.40000000,4.77812000,1.13545000,0.03969839,0.04744533
125.60000000,4.77812000,1.13545000,0.03976147,0.04752067
125.80000000,4.77712000,1.13747000,0.03982460,0.04759613
126.00000000,4.77662000,1.14080000,0.03988789,0.04767190
126.20000000,4.78212000,1.12268000,0.03995076,0.04774646
126.40000000,4.78212000,1.12268000,0.04001314,0.04782102
126.60000000,4.78137000,1.12086000,0.04007546,0.04789538
126.80000000,4.77650000,1.13731000,0.04013818,0.04797079
127.00000000,4.77412000,1.14867000,0.04020168,0.04804695
127.20000000,4.77150000,1.15862000,0.04026577,0.04812374
127.40000000,4.77150000,1.15862000,0.04033014,0.04820054
127.60000000,4.77275000,1.15820000,0.04039450,0.04827728
127.80000000,4.77062000,1.16659000,0.04045908,0.04835459
128.00000000,4.77150000,1.16144000,0.04052374,0.04843156
128.20000000,4.77150000,1.16144000,0.04058827,0.04850851
128.40000000,4.77000000,1.16924000,0.04065301,0.04858600
128.60000000,4.77162000,1.15852000,0.04071767,0.04866275
128.80000000,4.77037000,1.16614000,0.04078224,0.04874010
129.00000000,4.77550000,1.14697000,0.04084650,0.04881617
129.20000000,4.77550000,1.14697000,0.04091022,0.04889215
129.40000000,4.76937000,1.16614000,0.04097447,0.04896947
129.60000000,4.77375000,1.15132000,0.04103884,0.04904579
129.80000000,4.77287000,1.15385000,0.04110288,0.04912228
130.00000000,4.77287000,1.15385000,0.04116698,0.04919872
130.20000000,4.77025000,1.16883000,0.04123150,0.04927621
130.40000000,4.77325000,1.15328000,0.04129600,0.04935268
130.60000000,4.77412000,1.15116000,0.04136001,0.04942897
130.80000000,4.77137000,1.16208000,0.04142427,0.04950598
131.00000000,4.77137000,1.16208000,0.04148883,0.04958315
131.20000000,4.78125000,1.12064000,0.04155224,0.04965755
131.40000000,4.78037000,1.12451000,0.04161460,0.04973225
131.60000000,4.78287000,1.11648000,0.04167685,0.04980642
131.80000000,4.78287000,1.11648000,0.04173888,0.04988055
132.00000000,4.78100000,1.12268000,0.04180108,0.04995505
132.20000000,4.77762000,1.13795000,0.04186387,0.05003060
132.40000000,4.78000000,1.12598000,0.04192676,0.05010528
132.60000000,4.77562000,1.14492000,0.04198984,0.05018122
132.80000000,4.77562000,1.14492000,0.04205345,0.05025729
133.00000000,4.78362000,1.11270000,0.04211616,0.05033119
133.20000000,4.78175000,1.11974000,0.04217817,0.05040557
133.40000000,4.78287000,1.11440000,0.04224023,0.05047960
133.60000000,4.78287000,1.11440000,0.04230214,0.05055360
133.80000000,4.78087000,1.12435000,0.04236433,0.05062824
134.00000000,4.78000000,1.12412000,0.04242679,0.05070289
134.20000000,4.78125000,1.12441000,0.04248925,0.05077748
134.40000000,4.77637000,1.13987000,0.04255214,0.05085310
134.60000000,4.77637000,1.13987000,0.04261547,0.05092879
134.80000000,4.78112000,1.12358000,0.04267834,0.05100338
135.00000000,4.77950000,1.13113000,0.04274097,0.05107841
135.20000000,4.77612000,1.14070000,0.04280408,0.05115408
135.40000000,4.77987000,1.12707000,0.04286707,0.05122890
135.60000000,4.77987000,1.12707000,0.04292969,0.05130369
135.80000000,4.77750000,1.14054000,0.04299268,0.05137941
136.00000000,4.78050000,1.12006000,0.04305547,0.05145379
136.20000000,4.78125000,1.12326000,0.04311779,0.05152838
136.40000000,4.78125000,1.12326000,0.04318019,0.05160299
136.60000000,4.78225000,1.11638000,0.04324240,0.05167712
136.80000000,4.78100000,1.12246000,0.04330459,0.05175160
137.00000000,4.77762000,1.13772000,0.04336737,0.05182710
137.20000000,4.77887000,1.13046000,0.04343038,0.05190213
137.40000000,4.77887000,1.13046000,0.04349318,0.05197715
137.60000000,4.77787000,1.13667000,0.04355616,0.05205264
137.80000000,4.78175000,1.12067000,0.04361886,0.05212708
138.00000000,4.78250000,1.11760000,0.04368104,0.05220131
138.20000000,4.78250000,1.11760000,0.04374313,0.05227557
138.40000000,4.78387000,1.11545000,0.04380516,0.05234966
138.60000000,4.78237000,1.11808000,0.04386720,0.05242393
138.80000000,4.78275000,1.11776000,0.04392930,0.05249814
139.00000000,4.78050000,1.12675000,0.04399165,0.05257295
139.20000000,4.78050000,1.12675000,0.04405425,0.05264779
139.40000000,4.78225000,1.11683000,0.04411657,0.05272188
139.60000000,4.77650000,1.14563000,0.04417942,0.05279793
139.80000000,4.77912000,1.12947000,0.04424261,0.05287290
140.00000000,4.77912000,1.12947000,0.04430536,0.05294781
140.20000000,4.77537000,1.14486000,0.04436854,0.05302383
140.40000000,4.78112000,1.12368000,0.04443155,0.05309838
140.60000000,4.77662000,1.14080000,0.04449446,0.05317406
140.80000000,4.78150000,1.12060000,0.04455727,0.05324848
141.00000000,4.78150000,1.12060000,0.04461953,0.05332290
141.20000000,4.78137000,1.12092000,0.04468179,0.05339735
141.40000000,4.78212000,1.11603000,0.04474393,0.05347141
141.60000000,4.77775000,1.13712000,0.04480652,0.05354686
141.80000000,4.77775000,1.13712000,0.04486969,0.05362231
142.00000000,4.77700000,1.13763000,0.04493288,0.05369769
142.20000000,4.77125000,1.15868000,0.04499666,0.05377454
142.40000000,4.77512000,1.14640000,0.04506069,0.05385057
142.60000000,4.76862000,1.17113000,0.04512507,0.05392813
142.80000000,4.76862000,1.17113000,0.04519013,0.05400582
143.00000000,4.77587000,1.14252000,0.04525440,0.05408156
143.20000000,4.77287000,1.15424000,0.04531820,0.05415810
143.40000000,4.77500000,1.14294000,0.04538201,0.05423390
143.60000000,4.77500000,1.14294000,0.04544551,0.05430971
143.80000000,4.77562000,1.14723000,0.04550912,0.05438577
144.00000000,4.77312000,1.15622000,0.04557311,0.05446237
144.20000000,4.77037000,1.16134000,0.04563748,0.05453932
144.40000000,4.77037000,1.16134000,0.04570200,0.05461626
144.60000000,4.77012000,1.16707000,0.04576668,0.05469369
144.80000000,4.77725000,1.13718000,0.04583069,0.05476920
145.00000000,4.78075000,1.12432000,0.04589351,0.05484386
145.20000000,4.78100000,1.12396000,0.04595596,0.05491849
145.40000000,4.78100000,1.12396000,0.04601840,0.05499314
145.60000000,4.78162000,1.11817000,0.04608068,0.05506740
145.80000000,4.78175000,1.12080000,0.04614288,0.05514183
146.00000000,4.78150000,1.11785000,0.04620506,0.05521607
146.20000000,4.78150000,1.11785000,0.04626716,0.05529030
146.40000000,4.78112000,1.12268000,0.04632940,0.05536485
146.60000000,4.78162000,1.11881000,0.04639167,0.05543910
146.80000000,4.77775000,1.13628000,0.04645431,0.05551449
147.00000000,4.77700000,1.13817000,0.04651749,0.05559000
147.20000000,4.77700000,1.13817000,0.04658072,0.05566550
147.40000000,4.77625000,1.13955000,0.04664399,0.05574114
147.60000000,4.77887000,1.12694000,0.04670695,0.05581590
147.80000000,4.77675000,1.13888000,0.04676988,0.05589146
148.00000000,4.77675000,1.13888000,0.04683316,0.05596706
148.20000000,4.77937000,1.12748000,0.04689611,0.05604193
148.40000000,4.78125000,1.12540000,0.04695869,0.05611667
148.60000000,4.78150000,1.12118000,0.04702110,0.05619114
148.80000000,4.78212000,1.12044000,0.04708336,0.05626555
149.00000000,4.78212000,1.12044000,0.04714561,0.05633998
149.20000000,4.78275000,1.11929000,0.04720782,0.05641431
149.40000000,4.78100000,1.12038000,0.04727004,0.05648871
149.60000000,4.78175000,1.11878000,0.04733224,0.05656301
149.80000000,4.78062000,1.12438000,0.04739455,0.05663767
150.00000000,4.78062000,1.12438000,0.04745701,0.05671226
150.20000000,4.77637000,1.13968000,0.04751990,0.05678794
150.40000000,4.78137000,1.12214000,0.04758273,0.05686242
150.60000000,4.77837000,1.13123000,0.04764532,0.05693749
150.80000000,4.77837000,1.13123000,0.04770817,0.05701254
151.00000000,4.77662000,1.13884000,0.04777123,0.05708810
151.20000000,4.77712000,1.13958000,0.04783452,0.05716374
151.40000000,4.77875000,1.12995000,0.04789756,0.05723874
151.60000000,4.77925000,1.12956000,0.04796032,0.05731372
151.80000000,4.77925000,1.12956000,0.04802308,0.05738862
152.00000000,4.77425000,1.14790000,0.04808634,0.05746479
152.20000000,4.77762000,1.13408000,0.04814973,0.05754008
152.40000000,4.78025000,1.12579000,0.04821250,0.05761483
152.60000000,4.78025000,1.12579000,0.04827505,0.05768961
152.80000000,4.78262000,1.11555000,0.04833731,0.05776369
153.00000000,4.78112000,1.11849000,0.04839936,0.05783796
153.20000000,4.78100000,1.12467000,0.04846167,0.05791256
153.40000000,4.77625000,1.14041000,0.04852459,0.05798821
153.60000000,4.77625000,1.14041000,0.04858795,0.05806396
153.80000000,4.78212000,1.11817000,0.04865069,0.05813823
154.00000000,4.78237000,1.11932000,0.04871284,0.05821255
154.20000000,4.78087000,1.12016000,0.04877505,0.05828693
154.40000000,4.78087000,1.12016000,0.04883728,0.05836132
154.60000000,4.78125000,1.11980000,0.04889950,0.05843561
154.80000000,4.77675000,1.13859000,0.04896223,0.05851122
155.00000000,4.78125000,1.11731000,0.04902490,0.05858541
155.20000000,4.78075000,1.12505000,0.04908718,0.05866011
155.40000000,4.78075000,1.12505000,0.04914969,0.05873473
155.60000000,4.77525000,1.14624000,0.04921278,0.05881070
155.80000000,4.77187000,1.16000000,0.04927684,0.05888757
156.00000000,4.77125000,1.16246000,0.04934135,0.05896460
156.20000000,4.77312000,1.15238000,0.04940565,0.05904099
156.40000000,4.77312000,1.15238000,0.04946967,0.05911734
156.60000000,4.77025000,1.16758000,0.04953412,0.05919474
156.80000000,4.77287000,1.15168000,0.04959854,0.05927103
157.00000000,4.76925000,1.16748000,0.04966296,0.05934836
157.20000000,4.76925000,1.16748000,0.04972782,0.05942575
157.40000000,4.77262000,1.15465000,0.04979233,0.05950226
157.60000000,4.77087000,1.16195000,0.04985668,0.05957931
157.80000000,4.77462000,1.14985000,0.04992089,0.05965557
158.00000000,4.77187000,1.15731000,0.04998498,0.05973227
158.20000000,4.77187000,1.15731000,0.05004928,0.05980893
158.40000000,4.76962000,1.16835000,0.05011388,0.05988636
158.60000000,4.77162000,1.16217000,0.05017861,0.05996338
158.80000000,4.77237000,1.15110000,0.05024287,0.06003968
159.00000000,4.77237000,1.15110000,0.05030682,0.06011600
159.20000000,4.77400000,1.15206000,0.05037080,0.06019235
159.40000000,4.77112000,1.16339000,0.05043512,0.06026951
159.60000000,4.77537000,1.14377000,0.05049920,0.06034537
159.80000000,4.77537000,1.14377000,0.05056275,0.06042120
160.00000000,4.77362000,1.15347000,0.05062656,0.06049761
160.20000000,4.76975000,1.16403000,0.05069093,0.06057480
160.40000000,4.77400000,1.14969000,0.05075520,0.06065103
160.60000000,4.77150000,1.15830000,0.05081931,0.06072779
160.80000000,4.77150000,1.15830000,0.05088366,0.06080458
161.00000000,4.77337000,1.15113000,0.05094782,0.06088095
161.20000000,4.77687000,1.13740000,0.05101139,0.06095641
161.40000000,4.77675000,1.13824000,0.05107460,0.06103193
161.60000000,4.77837000,1.13171000,0.05113765,0.06110703
161.80000000,4.77837000,1.13171000,0.05120053,0.06118209
162.00000000,4.77525000,1.14060000,0.05126364,0.06125777
162.20000000,4.77687000,1.13622000,0.05132689,0.06133315
162.40000000,4.78000000,1.13091000,0.05138987,0.06140823
162.60000000,4.78000000,1.13091000,0.05145269,0.06148332
162.80000000,4.78087000,1.12086000,0.05151524,0.06155775
163.00000000,4.78100000,1.12112000,0.05157752,0.06163220
163.20000000,4.78125000,1.12204000,0.05163983,0.06170671
163.40000000,4.78125000,1.12204000,0.05170217,0.06178123
163.60000000,4.78187000,1.11388000,0.05176427,0.06185516
163.80000000,4.77887000,1.12787000,0.05182655,0.06192997
164.00000000,4.77562000,1.13971000,0.05188953,0.06200557
164.20000000,4.77700000,1.13600000,0.05195275,0.06208094
164.40000000,4.77700000,1.13600000,0.05201586,0.06215627
164.60000000,4.77487000,1.14409000,0.05207920,0.06223219
164.80000000,4.77775000,1.13299000,0.05214245,0.06230731
165.00000000,4.77387000,1.15062000,0.05220588,0.06238360
165.20000000,4.77387000,1.15062000,0.05226980,0.06245999
165.40000000,4.78000000,1.12368000,0.05233298,0.06253453
165.60000000,4.77575000,1.13718000,0.05239578,0.06261003
165.80000000,4.78025000,1.12339000,0.05245857,0.06268454
166.00000000,4.77600000,1.13971000,0.05252144,0.06276014
166.20000000,4.77600000,1.13971000,0.05258476,0.06283583
166.40000000,4.78137000,1.12163000,0.05264757,0.06291031
166.60000000,4.78087000,1.12483000,0.05270997,0.06298501
166.80000000,4.78175000,1.11827000,0.05277228,0.06305928
167.00000000,4.78175000,1.11827000,0.05283441,0.06313354
167.20000000,4.78150000,1.12192000,0.05289663,0.06320802
167.40000000,4.77937000,1.12620000,0.05295908,0.06328275
167.60000000,4.77787000,1.13628000,0.05302193,0.06335822
167.80000000,4.78187000,1.11760000,0.05308454,0.06343244
168.00000000,4.78187000,1.11760000,0.05314663,0.06350665
168.20000000,4.78075000,1.12422000,0.05320890,0.06358133
168.40000000,4.78275000,1.11507000,0.05327110,0.06365537
168.60000000,4.78075000,1.12368000,0.05333329,0.06372998
168.80000000,4.78075000,1.12368000,0.05339571,0.06380460
169.00000000,4.78162000,1.12000000,0.05345804,0.06387881
169.20000000,4.77062000,1.16524000,0.05352152,0.06395605
169.40000000,4.77225000,1.15587000,0.05358599,0.06403270
169.60000000,4.77475000,1.14787000,0.05364999,0.06410882
169.80000000,4.77475000,1.14787000,0.05371376,0.06418491
170.00000000,4.77262000,1.15353000,0.05377768,0.06426136
170.20000000,4.77200000,1.15824000,0.05384190,0.06433814
170.40000000,4.77275000,1.15584000,0.05390618,0.06441476
170.60000000,4.77175000,1.15961000,0.05397050,0.06449161
170.80000000,4.77175000,1.15961000,0.05403492,0.06456851
171.00000000,4.77425000,1.15395000,0.05409919,0.06464504
171.20000000,4.77550000,1.14454000,0.05416303,0.06472091
171.40000000,4.77237000,1.15488000,0.05422691,0.06479746
171.60000000,4.77237000,1.15488000,0.05429107,0.06487399
171.80000000,4.77150000,1.16035000,0.05435538,0.06495103
172.00000000,4.78062000,1.12182000,0.05441877,0.06502549
172.20000000,4.77850000,1.13254000,0.05448139,0.06510064
172.40000000,4.77800000,1.13507000,0.05454438,0.06517597
172.60000000,4.77800000,1.13507000,0.05460744,0.06525135
172.80000000,4.78175000,1.11456000,0.05466993,0.06532536
173.00000000,4.78100000,1.12332000,0.05473209,0.06539988
173.20000000,4.77637000,1.14163000,0.05479501,0.06547562
173.40000000,4.77637000,1.14163000,0.05485843,0.06555137
173.60000000,4.77775000,1.13334000,0.05492163,0.06562658
173.80000000,4.77800000,1.13673000,0.05498469,0.06570203
174.00000000,4.77887000,1.13228000,0.05504771,0.06577715
174.20000000,4.77712000,1.14252000,0.05511090,0.06585296
174.40000000,4.77712000,1.14252000,0.05517438,0.06592882
174.60000000,4.78075000,1.11833000,0.05523718,0.06600306
174.80000000,4.77987000,1.12864000,0.05529959,0.06607793
175.00000000,4.77612000,1.14422000,0.05536273,0.06615383
175.20000000,4.77612000,1.14422000,0.05542630,0.06622980
175.40000000,4.77987000,1.12636000,0.05548937,0.06630453
175.60000000,4.77737000,1.13766000,0.05555226,0.06638002
175.80000000,4.77750000,1.14012000,0.05561553,0.06645567
176.00000000,4.77725000,1.13724000,0.05567879,0.06653113
176.20000000,4.77725000,1.13724000,0.05574197,0.06660659
176.40000000,4.77800000,1.13635000,0.05580512,0.06668199
176.60000000,4.77725000,1.13539000,0.05586823,0.06675735
176.80000000,4.77862000,1.13574000,0.05593131,0.06683273
177.00000000,4.78075000,1.12480000,0.05599411,0.06690741
177.20000000,4.78075000,1.12480000,0.05605660,0.06698212
177.40000000,4.78225000,1.12240000,0.05611902,0.06705667
177.60000000,4.78237000,1.12035000,0.05618132,0.06713099
177.80000000,4.77600000,1.14300000,0.05624419,0.06720681
178.00000000,4.77600000,1.14300000,0.05630769,0.06728259
178.20000000,4.77362000,1.15520000,0.05637153,0.06735920
178.40000000,4.77475000,1.14784000,0.05643550,0.06743540
178.60000000,4.77987000,1.13104000,0.05649880,0.06751046
178.80000000,4.77825000,1.13673000,0.05656180,0.06758590
179.00000000,4.77825000,1.13673000,0.05662495,0.06766132
179.20000000,4.77737000,1.14067000,0.05668821,0.06773701
179.40000000,4.77762000,1.13945000,0.05675155,0.06781251
179.60000000,4.77025000,1.16716000,0.05681562,0.06788984
179.80000000,4.77025000,1.16716000,0.05688046,0.06796729
180.00000000,4.77825000,1.13497000,0.05694441,0.06804258
180.20000000,4.77600000,1.14432000,0.05700772,0.06811853
180.40000000,4.77887000,1.13235000,0.05707096,0.06819369
180.60000000,4.77887000,1.13235000,0.05713387,0.06826881
180.80000000,4.77675000,1.14400000,0.05719710,0.06834472
181.00000000,4.77712000,1.13865000,0.05726051,0.06842016
181.20000000,4.77050000,1.16537000,0.05732451,0.06849742
181.40000000,4.77300000,1.15494000,0.05738896,0.06857398
181.60000000,4.77300000,1.15494000,0.05745313,0.06865048
181.80000000,4.76912000,1.16889000,0.05751768,0.06872797
182.00000000,4.77312000,1.15539000,0.05758224,0.06880455
182.20000000,4.77225000,1.15836000,0.05764651,0.06888133
182.40000000,4.77225000,1.15836000,0.05771086,0.06895808
182.60000000,4.77075000,1.16265000,0.05777534,0.06903518
182.80000000,4.77437000,1.15129000,0.05783961,0.06911155
183.00000000,4.77637000,1.14355000,0.05790336,0.06918741
183.20000000,4.77575000,1.14588000,0.05796695,0.06926342
183.40000000,4.77575000,1.14588000,0.05803061,0.06933939
183.60000000,4.77375000,1.15452000,0.05809451,0.06941587
183.80000000,4.76925000,1.16963000,0.05815907,0.06949343
184.00000000,4.77437000,1.15091000,0.05822353,0.06956974
184.20000000,4.77437000,1.15091000,0.05828747,0.06964599
184.40000000,4.76987000,1.16720000,0.05835186,0.06972339
184.60000000,4.77475000,1.14598000,0.05841612,0.06979942
184.80000000,4.77675000,1.14230000,0.05847968,0.06987522
185.00000000,4.77775000,1.13315000,0.05854289,0.06995042
185.20000000,4.77775000,1.13315000,0.05860584,0.07002560
185.40000000,4.77737000,1.14057000,0.05866900,0.07010126
185.60000000,4.77575000,1.14300000,0.05873243,0.07017712
185.80000000,4.77900000,1.12716000,0.05879549,0.07025194
186.00000000,4.77900000,1.12716000,0.05885811,0.07032671
186.20000000,4.77625000,1.14169000,0.05892114,0.07040249
186.40000000,4.77900000,1.12985000,0.05898424,0.07047751
186.60000000,4.78075000,1.12649000,0.05904691,0.07055226
186.80000000,4.77775000,1.13884000,0.05910984,0.07062783
187.00000000,4.77775000,1.13884000,0.05917311,0.07070347
187.20000000,4.78212000,1.12096000,0.05923588,0.07077793
187.40000000,4.78237000,1.11974000,0.05929812,0.07085224
187.60000000,4.77850000,1.13235000,0.05936068,0.07092740
187.80000000,4.77850000,1.13235000,0.05942359,0.07100251
188.00000000,4.77612000,1.14265000,0.05948678,0.07107841
188.20000000,4.78250000,1.11795000,0.05954958,0.07115264
188.40000000,4.78087000,1.11929000,0.05961172,0.07122699
188.60000000,4.78250000,1.12096000,0.05967395,0.07130145
188.80000000,4.78250000,1.12096000,0.05973623,0.07137590
189.00000000,4.78237000,1.11603000,0.05979837,0.07145001
189.20000000,4.78112000,1.12246000,0.05986055,0.07152449
189.40000000,4.77700000,1.14166000,0.05992344,0.07160023
189.60000000,4.77700000,1.14166000,0.05998686,0.07167604
189.80000000,4.78062000,1.12400000,0.06004980,0.07175069
190.00000000,4.78237000,1.11913000,0.06011211,0.07182502
190.20000000,4.78162000,1.12076000,0.06017433,0.07189946
190.40000000,4.78225000,1.11808000,0.06023652,0.07197372
190.60000000,4.78225000,1.11808000,0.06029863,0.07204797
190.80000000,4.78125000,1.12060000,0.06036082,0.07212239
191.00000000,4.78162000,1.11686000,0.06042297,0.07219647
191.20000000,4.77562000,1.14144000,0.06048570,0.07227218
191.40000000,4.77562000,1.14144000,0.06054911,0.07234791
191.60000000,4.77712000,1.13900000,0.06061246,0.07242355
191.80000000,4.78162000,1.11913000,0.06067518,0.07249779
192.00000000,4.77637000,1.14000000,0.06073794,0.07257348
192.20000000,4.78037000,1.12726000,0.06080092,0.07264833
192.40000000,4.78037000,1.12726000,0.06086354,0.07272310
192.60000000,4.77600000,1.14195000,0.06092658,0.07279890
192.80000000,4.77875000,1.13324000,0.06098978,0.07287406
193.00000000,4.77587000,1.14140000,0.06105296,0.07294982
193.20000000,4.77850000,1.13065000,0.06111607,0.07302486
193.40000000,4.77850000,1.13065000,0.06117889,0.07309985
193.60000000,4.77587000,1.14345000,0.06124206,0.07317576
193.80000000,4.77950000,1.12883000,0.06130518,0.07325066
194.00000000,4.77725000,1.13878000,0.06136816,0.07332622
194.20000000,4.77725000,1.13878000,0.06143143,0.07340180
194.40000000,4.77887000,1.13366000,0.06149455,0.07347703
194.60000000,4.77775000,1.14025000,0.06155772,0.07355272
194.80000000,4.77975000,1.12822000,0.06162073,0.07362764
195.00000000,4.78100000,1.12307000,0.06168327,0.07370222
195.20000000,4.78100000,1.12307000,0.06174566,0.07377674
195.40000000,4.77750000,1.13779000,0.06180846,0.07385222
195.60000000,4.77662000,1.13776000,0.06187167,0.07392770
195.80000000,4.77687000,1.13881000,0.06193491,0.07400326
196.00000000,4.77687000,1.13881000,0.06199818,0.07407877
196.20000000,4.77412000,1.15049000,0.06206177,0.07415503
196.40000000,4.77250000,1.15539000,0.06212582,0.07423162
196.60000000,4.77287000,1.15529000,0.06219001,0.07430820
196.80000000,4.77162000,1.15987000,0.06225432,0.07438507
197.00000000,4.77162000,1.15987000,0.06231875,0.07446200
197.20000000,4.77550000,1.14428000,0.06238276,0.07453790
197.40000000,4.77550000,1.14409000,0.06244632,0.07461378
197.60000000,4.77525000,1.14630000,0.06250994,0.07468981
197.80000000,4.77525000,1.14630000,0.06257363,0.07476583
198.00000000,4.77500000,1.14425000,0.06263725,0.07484171
198.20000000,4.77462000,1.14729000,0.06270091,0.07491772
198.40000000,4.77000000,1.16275000,0.06276508,0.07499475
198.60000000,4.77000000,1.16275000,0.06282967,0.07507189
198.80000000,4.77675000,1.14160000,0.06289368,0.07514765
199.00000000,4.77800000,1.13830000,0.06295701,0.07522321
199.20000000,4.77925000,1.12921000,0.06302000,0.07529816
199.40000000,4.77925000,1.12921000,0.06308273,0.07537314
199.60000000,4.78062000,1.12563000,0.06314537,0.07544790
199.80000000,4.78175000,1.12057000,0.06320776,0.07552222
200.00000000,4.77562000,1.14300000,0.06327064,0.07559810
200.20000000,4.77950000,1.12947000,0.06333376,0.07567307
200.40000000,4.77950000,1.12947000,0.06339651,0.07574801
200.60000000,4.77700000,1.13750000,0.06345948,0.07582350
200.80000000,4.77850000,1.12873000,0.06352243,0.07589830
201.00000000,4.77112000,1.15984000,0.06358601,0.07597516
201.20000000,4.77112000,1.15984000,0.06365044,0.07605214
201.40000000,4.77912000,1.12816000,0.06371400,0.07612704
201.60000000,4.77987000,1.12467000,0.06377658,0.07620157
201.80000000,4.77125000,1.16067000,0.06384006,0.07627850
202.00000000,4.77237000,1.15964000,0.06390451,0.07635536
202.20000000,4.77237000,1.15964000,0.06396893,0.07643232
202.40000000,4.77825000,1.13286000,0.06403262,0.07650749
202.60000000,4.77750000,1.13500000,0.06409561,0.07658285
202.80000000,4.78050000,1.12272000,0.06415833,0.07665740
203.00000000,4.78075000,1.12201000,0.06422068,0.07673190
203.20000000,4.78075000,1.12201000,0.06428301,0.07680641
203.40000000,4.78150000,1.12064000,0.06434531,0.07688084
203.60000000,4.78200000,1.12044000,0.06440756,0.07695515
203.80000000,4.77562000,1.14265000,0.06447043,0.07703094
204.00000000,4.77562000,1.14265000,0.06453391,0.07710678
204.20000000,4.77850000,1.13510000,0.06459718,0.07718207
204.40000000,4.77562000,1.14294000,0.06466046,0.07725795
204.60000000,4.78037000,1.12332000,0.06472341,0.07733255
204.80000000,4.78112000,1.12220000,0.06478578,0.07740707
205.00000000,4.78112000,1.12220000,0.06484813,0.07748155
205.20000000,4.77875000,1.13142000,0.06491073,0.07755659
205.40000000,4.77550000,1.14348000,0.06497392,0.07763250
205.60000000,4.77987000,1.12857000,0.06503703,0.07770743
205.80000000,4.77987000,1.12857000,0.06509973,0.07778227
206.00000000,4.77462000,1.14624000,0.06516292,0.07785838
206.20000000,4.78087000,1.12185000,0.06522592,0.07793281
206.40000000,4.77675000,1.14028000,0.06528876,0.07800852
206.60000000,4.78075000,1.12390000,0.06535165,0.07808315
206.80000000,4.78075000,1.12390000,0.06541409,0.07815774
207.00000000,4.77875000,1.13328000,0.06547679,0.07823297
207.20000000,4.77950000,1.12764000,0.06553959,0.07830784
207.40000000,4.78037000,1.12784000,0.06560225,0.07838267
207.60000000,4.77725000,1.14041000,0.06566525,0.07845834
207.80000000,4.77725000,1.14041000,0.06572861,0.07853406
208.00000000,4.78100000,1.12019000,0.06579140,0.07860837
208.20000000,4.77612000,1.14163000,0.06585423,0.07868419
208.40000000,4.78150000,1.11852000,0.06591701,0.07875847
208.60000000,4.78150000,1.11852000,0.06597915,0.07883275
208.80000000,4.78137000,1.12163000,0.06604138,0.07890726
209.00000000,4.78337000,1.11539000,0.06610352,0.07898123
209.20000000,4.77487000,1.14502000,0.06616631,0.07905727
209.40000000,4.78137000,1.12246000,0.06622929,0.07913181
209.60000000,4.78137000,1.12246000,0.06629165,0.07920620
209.80000000,4.77175000,1.15734000,0.06635498,0.07928292
210.00000000,4.77262000,1.15660000,0.06641926,0.07935959
210.20000000,4.77312000,1.15465000,0.06648346,0.07943614
210.40000000,4.77312000,1.15465000,0.06654761,0.07951265
210.60000000,4.77125000,1.15868000,0.06661187,0.07958942
210.80000000,4.77037000,1.16044000,0.06667629,0.07966632
211.00000000,4.77137000,1.16182000,0.06674079,0.07974334
211.20000000,4.77275000,1.15644000,0.06680519,0.07982000
211.40000000,4.77275000,1.15644000,0.06686944,0.07989662
211.60000000,4.77087000,1.16496000,0.06693392,0.07997386
211.80000000,4.77375000,1.14633000,0.06699812,0.08004992
212.00000000,4.77725000,1.13417000,0.06706147,0.08012518
212.20000000,4.77725000,1.13417000,0.06712448,0.08020047
212.40000000,4.77950000,1.13091000,0.06718740,0.08027559
212.60000000,4.78262000,1.11792000,0.06724986,0.08034984
212.80000000,4.78237000,1.11670000,0.06731194,0.08042401
213.00000000,4.77350000,1.15308000,0.06737499,0.08050046
213.20000000,4.77350000,1.15308000,0.06743905,0.08057690
213.40000000,4.77325000,1.15116000,0.06750305,0.08065316
213.60000000,4.76962000,1.16764000,0.06756746,0.08073056
213.80000000,4.77225000,1.15942000,0.06763210,0.08080740
214.00000000,4.77225000,1.15942000,0.06769652,0.08088422
214.20000000,4.77025000,1.16470000,0.06776108,0.08096143
214.40000000,4.77300000,1.15660000,0.06782556,0.08103806
214.60000000,4.77062000,1.16182000,0.06788996,0.08111504
214.80000000,4.77062000,1.16182000,0.06795450,0.08119204
215.00000000,4.77150000,1.15811000,0.06801895,0.08126876
215.20000000,4.76950000,1.16742000,0.06808354,0.08134614
215.40000000,4.77262000,1.15315000,0.06814800,0.08142258
215.60000000,4.76962000,1.16435000,0.06821238,0.08149971
215.80000000,4.76962000,1.16435000,0.06827706,0.08157689
216.00000000,4.77250000,1.15472000,0.06834148,0.08165342
216.20000000,4.77212000,1.15747000,0.06840571,0.08173012
216.40000000,4.77075000,1.16211000,0.06847014,0.08180712
216.60000000,4.77075000,1.16211000,0.06853471,0.08188421
216.80000000,4.77625000,1.13836000,0.06859861,0.08195972
217.00000000,4.77612000,1.14316000,0.06866198,0.08203553
217.20000000,4.77462000,1.14828000,0.06872563,0.08211168
217.40000000,4.77462000,1.14828000,0.06878943,0.08218783
217.60000000,4.77487000,1.14428000,0.06885311,0.08226380
217.80000000,4.78000000,1.12598000,0.06891617,0.08233851
218.00000000,4.77737000,1.13776000,0.06897905,0.08241404
218.20000000,4.77975000,1.12700000,0.06904196,0.08248886
218.40000000,4.77975000,1.12700000,0.06910457,0.08256362
218.60000000,4.77650000,1.14137000,0.06916759,0.08263938
218.80000000,4.77900000,1.12784000,0.06923062,0.08271420
219.00000000,4.77650000,1.14396000,0.06929372,0.08279016
219.20000000,4.78062000,1.12358000,0.06935671,0.08286476
219.40000000,4.78062000,1.12358000,0.06941913,0.08293936
219.60000000,4.78050000,1.12230000,0.06948152,0.08301389
219.80000000,4.78150000,1.12227000,0.06954387,0.08308835
220.00000000,4.77662000,1.13558000,0.06960659,0.08316368
220.20000000,4.77662000,1.13558000,0.06966967,0.08323906
220.40000000,4.77900000,1.12963000,0.06973260,0.08331407
220.60000000,4.78112000,1.12464000,0.06979521,0.08338876
220.80000000,4.78162000,1.11747000,0.06985750,0.08346296
221.00000000,4.78100000,1.12339000,0.06991974,0.08353756
221.20000000,4.78100000,1.12339000,0.06998215,0.08361210
221.40000000,4.77787000,1.13398000,0.07004486,0.08368733
221.60000000,4.77662000,1.13724000,0.07010795,0.08376283
221.80000000,4.78000000,1.12880000,0.07017089,0.08383777
222.00000000,4.78000000,1.12880000,0.07023360,0.08391265
222.20000000,4.77562000,1.14201000,0.07029668,0.08398848
222.40000000,4.78087000,1.12448000,0.07035964,0.08406313
222.60000000,4.78000000,1.12755000,0.07042220,0.08413801
222.80000000,4.78175000,1.11792000,0.07048457,0.08421226
223.00000000,4.78175000,1.11792000,0.07054668,0.08428649
223.20000000,4.78087000,1.12483000,0.07060897,0.08436112
223.40000000,4.77700000,1.13744000,0.07067182,0.08443650
223.60000000,4.77175000,1.15593000,0.07073552,0.08451311
223.80000000,4.77175000,1.15593000,0.07079974,0.08458976
224.00000000,4.77425000,1.14742000,0.07086372,0.08466584
224.20000000,4.77400000,1.15152000,0.07092758,0.08474211
224.40000000,4.76912000,1.17068000,0.07099209,0.08481973
224.60000000,4.77362000,1.15382000,0.07105665,0.08489623
224.80000000,4.77362000,1.15382000,0.07112076,0.08497267
225.00000000,4.77000000,1.16649000,0.07118521,0.08505003
225.20000000,4.77475000,1.14985000,0.07124955,0.08512624
225.40000000,4.77262000,1.15404000,0.07131355,0.08520281
225.60000000,4.77675000,1.14268000,0.07137735,0.08527862
225.80000000,4.77675000,1.14268000,0.07144083,0.08535450
226.00000000,4.78125000,1.12256000,0.07150375,0.08542906
226.20000000,4.78225000,1.11808000,0.07156599,0.08550325
226.40000000,4.77787000,1.13456000,0.07162857,0.08557854
226.60000000,4.77787000,1.13456000,0.07169160,0.08565384
226.80000000,4.77850000,1.13196000,0.07175456,0.08572903
227.00000000,4.78250000,1.12048000,0.07181712,0.08580346
227.20000000,4.78237000,1.11696000,0.07187927,0.08587759
227.40000000,4.77900000,1.12908000,0.07194166,0.08595254
227.60000000,4.77900000,1.12908000,0.07200439,0.08602746
227.80000000,4.77812000,1.13337000,0.07206724,0.08610269
228.00000000,4.77887000,1.12873000,0.07213007,0.08617757
228.20000000,4.77662000,1.14182000,0.07219314,0.08625332
228.40000000,4.77662000,1.14182000,0.07225658,0.08632912
228.60000000,4.77975000,1.12950000,0.07231967,0.08640407
228.80000000,4.77737000,1.13529000,0.07238258,0.08647940
229.00000000,4.77737000,1.13574000,0.07244567,0.08655472
229.20000000,4.77537000,1.13910000,0.07250886,0.08663028
229.40000000,4.77537000,1.13910000,0.07257214,0.08670590
229.60000000,4.78000000,1.12889000,0.07263514,0.08678086
229.80000000,4.78125000,1.12124000,0.07269764,0.08685526
230.00000000,4.77737000,1.13593000,0.07276034,0.08693063
230.20000000,4.77737000,1.13593000,0.07282345,0.08700601
230.40000000,4.77762000,1.13795000,0.07288661,0.08708152
230.60000000,4.77800000,1.13235000,0.07294968,0.08715668
230.80000000,4.77875000,1.13539000,0.07301267,0.08723204
231.00000000,4.77887000,1.12844000,0.07307555,0.08730694
231.20000000,4.77887000,1.12844000,0.07313824,0.08738179
231.40000000,4.77600000,1.14217000,0.07320132,0.08745765
231.60000000,4.78187000,1.12339000,0.07326425,0.08753218
231.80000000,4.77700000,1.13904000,0.07332709,0.08760775
232.00000000,4.78225000,1.12003000,0.07338985,0.08768214
232.20000000,4.78225000,1.12003000,0.07345207,0.08775655
232.40000000,4.78337000,1.11344000,0.07351411,0.08783047
232.60000000,4.77975000,1.12409000,0.07357626,0.08790509
232.80000000,4.77675000,1.14428000,0.07363927,0.08798101
233.00000000,4.77675000,1.14428000,0.07370285,0.08805700
233.20000000,4.78125000,1.12124000,0.07376578,0.08813150
233.40000000,4.78412000,1.11094000,0.07382778,0.08820528
233.60000000,4.78162000,1.12128000,0.07388979,0.08827974
233.80000000,4.78162000,1.12128000,0.07395208,0.08835415
234.00000000,4.77812000,1.13564000,0.07401477,0.08842955
234.20000000,4.78000000,1.12537000,0.07407758,0.08850430
234.40000000,4.78275000,1.11788000,0.07413989,0.08857854
234.60000000,4.78112000,1.11932000,0.07420204,0.08865286
234.80000000,4.78112000,1.11932000,0.07426422,0.08872722
235.00000000,4.78275000,1.12054000,0.07432644,0.08880155
235.20000000,4.77650000,1.14121000,0.07438927,0.08887727
235.40000000,4.77675000,1.14000000,0.07445263,0.08895290
235.60000000,4.77675000,1.14000000,0.07451597,0.08902842
235.80000000,4.76987000,1.16774000,0.07458007,0.08910582
236.00000000,4.77225000,1.15411000,0.07464457,0.08918227
236.20000000,4.76912000,1.17001000,0.07470912,0.08925976
236.40000000,4.77300000,1.15116000,0.07477360,0.08933608
236.60000000,4.77300000,1.15116000,0.07483755,0.08941232
236.80000000,4.76850000,1.17024000,0.07490204,0.08948990
237.00000000,4.77350000,1.15462000,0.07496662,0.08956639
237.20000000,4.76962000,1.16588000,0.07503108,0.08964362
237.40000000,4.76962000,1.16588000,0.07509585,0.08972093
237.60000000,4.77412000,1.15164000,0.07516022,0.08979727
237.80000000,4.77250000,1.15516000,0.07522430,0.08987381
238.00000000,4.77075000,1.16160000,0.07528865,0.08995078
238.20000000,4.77075000,1.16160000,0.07535319,0.09002780
238.40000000,4.77425000,1.15001000,0.07541740,0.09010399
238.60000000,4.76987000,1.16572000,0.07548172,0.09018126
238.80000000,4.77250000,1.15657000,0.07554623,0.09025799
239.00000000,4.77725000,1.13881000,0.07560999,0.09033356
239.20000000,4.77725000,1.13881000,0.07567326,0.09040913
239.40000000,4.77787000,1.13424000,0.07573640,0.09048439
239.60000000,4.77787000,1.13584000,0.07579946,0.09055977
239.80000000,4.77775000,1.13468000,0.07586253,0.09063510
240.00000000,4.78037000,1.12496000,0.07592530,0.09070979
240.20000000,4.78037000,1.12496000,0.07598779,0.09078448
240.40000000,4.78012000,1.12956000,0.07605042,0.09085937
240.60000000,4.77375000,1.14931000,0.07611372,0.09093561
240.80000000,4.77587000,1.14275000,0.07617739,0.09101141
241.00000000,4.77587000,1.14275000,0.07624088,0.09108726
241.20000000,4.77900000,1.13267000,0.07630408,0.09116247
241.40000000,4.78100000,1.12195000,0.07636671,0.09123691
241.60000000,4.77737000,1.13836000,0.07642950,0.09131247
241.80000000,4.77887000,1.13024000,0.07649251,0.09138749
242.00000000,4.77887000,1.13024000,0.07655530,0.09146247
242.20000000,4.77687000,1.13612000,0.07661826,0.09153790
242.40000000,4.77987000,1.12809000,0.07668115,0.09161277
242.60000000,4.77900000,1.13110000,0.07674391,0.09168785
242.80000000,4.77900000,1.13110000,0.07680675,0.09176296
243.00000000,4.78087000,1.12560000,0.07686943,0.09183766
243.20000000,4.77850000,1.13011000,0.07693209,0.09191264
243.40000000,4.77700000,1.13721000,0.07699507,0.09198812
243.60000000,4.77912000,1.12873000,0.07705802,0.09206305
243.80000000,4.77912000,1.12873000,0.07712072,0.09213794
244.00000000,4.77737000,1.13632000,0.07718364,0.09221338
244.20000000,4.78025000,1.12108000,0.07724635,0.09228786
244.40000000,4.78300000,1.11443000,0.07730845,0.09236189
244.60000000,4.78300000,1.11443000,0.07737036,0.09243591
244.80000000,4.78225000,1.11280000,0.07743223,0.09250978
245.00000000,4.77925000,1.12937000,0.07749451,0.09258473
245.20000000,4.77825000,1.13203000,0.07755732,0.09265988
245.40000000,4.78025000,1.12582000,0.07762004,0.09273463
245.60000000,4.78025000,1.12582000,0.07768259,0.09280934
245.80000000,4.77787000,1.13520000,0.07774539,0.09288463
246.00000000,4.77562000,1.14140000,0.07780863,0.09296043
246.20000000,4.78112000,1.12339000,0.07787154,0.09303503
246.40000000,4.78112000,1.12339000,0.07793395,0.09310954
246.60000000,4.77550000,1.14275000,0.07799690,0.09318545
246.80000000,4.78300000,1.11536000,0.07805963,0.09325948
247.00000000,4.77900000,1.12841000,0.07812196,0.09333438
247.20000000,4.77650000,1.13865000,0.07818493,0.09340992
247.40000000,4.77650000,1.13865000,0.07824819,0.09348549
247.60000000,4.77850000,1.13308000,0.07831129,0.09356067
247.80000000,4.77712000,1.13814000,0.07837438,0.09363623
248.00000000,4.78037000,1.12611000,0.07843728,0.09371100
248.20000000,4.77887000,1.13139000,0.07849998,0.09378609
248.40000000,4.77887000,1.13139000,0.07856284,0.09386116
248.60000000,4.77700000,1.13840000,0.07862589,0.09393675
248.80000000,4.78087000,1.12707000,0.07868882,0.09401154
249.00000000,4.77800000,1.13792000,0.07875174,0.09408706
249.20000000,4.77800000,1.13792000,0.07881495,0.09416262
249.40000000,4.78087000,1.12496000,0.07887781,0.09423723
249.60000000,4.77562000,1.14464000,0.07894086,0.09431323
249.80000000,4.78037000,1.12227000,0.07900383,0.09438774
250.00000000,4.77962000,1.13177000,0.07906644,0.09446287
250.20000000,4.77962000,1.13177000,0.07912931,0.09453787
250.40000000,4.77100000,1.16390000,0.07919308,0.09461505
250.60000000,4.77450000,1.14729000,0.07925728,0.09469113
250.80000000,4.77487000,1.15113000,0.07932113,0.09476747
251.00000000,4.77487000,1.15113000,0.07938508,0.09484382
251.20000000,4.77537000,1.14393000,0.07944883,0.09491961
251.40000000,4.77062000,1.16582000,0.07951299,0.09499692
251.60000000,4.77425000,1.15017000,0.07957732,0.09507318
251.80000000,4.77425000,1.15017000,0.07964122,0.09514947
252.00000000,4.77550000,1.14614000,0.07970501,0.09522547
252.20000000,4.77425000,1.15193000,0.07976884,0.09530180
252.40000000,4.77100000,1.15833000,0.07983302,0.09537856
252.60000000,4.77387000,1.14896000,0.07989711,0.09545474
252.80000000,4.77387000,1.14896000,0.07996094,0.09553097
253.00000000,4.77712000,1.13907000,0.08002450,0.09560661
253.20000000,4.78150000,1.12188000,0.08008730,0.09568107
253.40000000,4.77875000,1.13440000,0.08014997,0.09575637
253.60000000,4.77875000,1.13440000,0.08021300,0.09583167
253.80000000,4.77925000,1.12988000,0.08027589,0.09590671
254.00000000,4.78175000,1.12246000,0.08033846,0.09598124
254.20000000,4.78112000,1.12131000,0.08040079,0.09605570
254.40000000,4.78262000,1.11456000,0.08046289,0.09612974
254.60000000,4.78262000,1.11456000,0.08052481,0.09620370
254.80000000,4.77825000,1.13462000,0.08058729,0.09627903
255.00000000,4.78000000,1.12633000,0.08065009,0.09635382
255.20000000,4.78087000,1.12678000,0.08071268,0.09642864
255.40000000,4.78087000,1.12678000,0.08077528,0.09650337
255.60000000,4.77537000,1.14108000,0.08083828,0.09657904
255.80000000,4.77462000,1.14921000,0.08090189,0.09665523
256.00000000,4.77325000,1.15276000,0.08096584,0.09673170
256.20000000,4.77650000,1.14089000,0.08102955,0.09680739
256.40000000,4.77650000,1.14089000,0.08109293,0.09688306
256.60000000,4.77525000,1.14588000,0.08115645,0.09695914
256.80000000,4.78050000,1.12374000,0.08121950,0.09703376
257.00000000,4.78100000,1.12035000,0.08128184,0.09710815
257.20000000,4.78100000,1.12035000,0.08134408,0.09718255
257.40000000,4.78137000,1.12252000,0.08140638,0.09725711
257.60000000,4.78200000,1.11651000,0.08146857,0.09733121
257.80000000,4.77837000,1.13184000,0.08153103,0.09740628
258.00000000,4.77575000,1.14099000,0.08159416,0.09748196
258.20000000,4.77575000,1.14099000,0.08165755,0.09755767
258.40000000,4.77737000,1.13811000,0.08172086,0.09763320
258.60000000,4.77825000,1.13376000,0.08178397,0.09770849
258.80000000,4.78137000,1.11875000,0.08184654,0.09778278
259.00000000,4.78137000,1.11875000,0.08190869,0.09785703
259.20000000,4.77800000,1.13254000,0.08197123,0.09793224
259.40000000,4.78175000,1.12131000,0.08203383,0.09800670
259.60000000,4.78100000,1.12131000,0.08209613,0.09808113
259.80000000,4.77950000,1.12659000,0.08215857,0.09815592
260.00000000,4.77950000,1.12659000,0.08222116,0.09823066
260.20000000,4.77687000,1.14089000,0.08228414,0.09830641
260.40000000,4.78025000,1.12422000,0.08234706,0.09838100
260.60000000,4.77712000,1.13779000,0.08240990,0.09845649
260.80000000,4.77925000,1.12889000,0.08247286,0.09853143
261.00000000,4.77925000,1.12889000,0.08253558,0.09860640
261.20000000,4.78175000,1.11968000,0.08259804,0.09868073
261.40000000,4.78000000,1.12604000,0.08266042,0.09875541
261.60000000,4.77475000,1.14896000,0.08272361,0.09883160
261.80000000,4.77475000,1.14896000,0.08278744,0.09890787
262.00000000,4.77950000,1.13001000,0.08285075,0.09898281
262.20000000,4.77500000,1.14585000,0.08291397,0.09905887
262.40000000,4.77912000,1.12576000,0.08297707,0.09913357
262.60000000,4.77762000,1.13728000,0.08303993,0.09920904
262.80000000,4.77762000,1.13728000,0.08310311,0.09928451
263.00000000,4.77812000,1.13360000,0.08316619,0.09935979
263.20000000,4.78112000,1.12300000,0.08322887,0.09943430
263.40000000,4.77737000,1.13164000,0.08329150,0.09950939
263.60000000,4.77737000,1.13164000,0.08335437,0.09958440
263.80000000,4.77275000,1.15449000,0.08341788,0.09966097
264.00000000,4.77500000,1.14659000,0.08348179,0.09973702
264.20000000,4.77550000,1.14304000,0.08354539,0.09981283
264.40000000,4.77575000,1.14310000,0.08360890,0.09988866
264.60000000,4.77575000,1.14310000,0.08367240,0.09996444
264.80000000,4.77337000,1.15404000,0.08373621,0.10004088
265.00000000,4.76887000,1.16921000,0.08380075,0.10011840
265.20000000,4.77412000,1.15206000,0.08386523,0.10019479
265.40000000,4.77412000,1.15206000,0.08392923,0.10027111
265.60000000,4.76950000,1.16505000,0.08399360,0.10034835
265.80000000,4.77350000,1.15267000,0.08405798,0.10042478
266.00000000,4.77425000,1.15024000,0.08412195,0.10050105
266.20000000,4.77400000,1.14870000,0.08418581,0.10057722
266.40000000,4.77400000,1.14870000,0.08424962,0.10065333
266.60000000,4.77100000,1.16585000,0.08431392,0.10073065
266.80000000,4.77512000,1.14678000,0.08437816,0.10080664
267.00000000,4.77100000,1.16137000,0.08444227,0.10088360
267.20000000,4.77212000,1.15622000,0.08450665,0.10096023
267.40000000,4.77212000,1.15622000,0.08457088,0.10103692
267.60000000,4.77512000,1.14256000,0.08463474,0.10111273
267.80000000,4.77737000,1.13827000,0.08469809,0.10118821
268.00000000,4.77450000,1.14835000,0.08476161,0.10126436
268.20000000,4.77450000,1.14835000,0.08482541,0.10134054
268.40000000,4.77650000,1.14409000,0.08488909,0.10141633
268.60000000,4.76975000,1.16880000,0.08495333,0.10149379
268.80000000,4.77150000,1.16009000,0.08501803,0.10157074
269.00000000,4.77587000,1.14345000,0.08508201,0.10164659
269.20000000,4.77587000,1.14345000,0.08514554,0.10172246
269.40000000,4.77775000,1.13203000,0.08520875,0.10179755
269.60000000,4.77562000,1.14339000,0.08527195,0.10187347
269.80000000,4.78075000,1.12544000,0.08533497,0.10194820
270.00000000,4.78075000,1.12544000,0.08539750,0.10202293
270.20000000,4.78125000,1.11910000,0.08545985,0.10209724
270.40000000,4.78087000,1.12460000,0.08552217,0.10217184
270.60000000,4.77575000,1.14400000,0.08558519,0.10224772
270.80000000,4.77575000,1.14400000,0.08564874,0.10232364
271.00000000,4.77825000,1.13171000,0.08571196,0.10239878
271.20000000,4.78062000,1.12672000,0.08577469,0.10247362
271.40000000,4.78200000,1.11977000,0.08583710,0.10254799
271.60000000,4.77975000,1.13078000,0.08589961,0.10262305
271.80000000,4.77975000,1.13078000,0.08596243,0.10269810
272.00000000,4.77837000,1.13209000,0.08602529,0.10277326
272.20000000,4.77987000,1.12454000,0.08608797,0.10284784
272.40000000,4.77525000,1.14729000,0.08615108,0.10292393
272.60000000,4.77525000,1.14729000,0.08621482,0.10300002
272.80000000,4.77512000,1.14665000,0.08627854,0.10307616
273.00000000,4.78112000,1.12169000,0.08634155,0.10315068
273.20000000,4.78325000,1.11670000,0.08640373,0.10322487
273.40000000,4.78050000,1.12425000,0.08646597,0.10329951
273.60000000,4.78050000,1.12425000,0.08652843,0.10337413
273.80000000,4.77875000,1.13212000,0.08659111,0.10344925
274.00000000,4.77762000,1.13692000,0.08665414,0.10352471
274.20000000,4.77850000,1.13001000,0.08671711,0.10359971
274.40000000,4.77850000,1.13001000,0.08677989,0.10367469
274.60000000,4.77775000,1.13964000,0.08684293,0.10375036
274.80000000,4.78050000,1.12515000,0.08690584,0.10382499
275.00000000,4.77550000,1.14278000,0.08696884,0.10390078
275.20000000,4.77550000,1.14278000,0.08703233,0.10397666
275.40000000,4.78050000,1.12601000,0.08709535,0.10405135
275.60000000,4.77575000,1.13923000,0.08715828,0.10412700
275.80000000,4.78112000,1.12112000,0.08722106,0.10420143
276.00000000,4.78000000,1.12716000,0.08728351,0.10427626
276.20000000,4.78000000,1.12716000,0.08734613,0.10435103
276.40000000,4.77625000,1.14035000,0.08740912,0.10442675
276.60000000,4.78100000,1.12713000,0.08747211,0.10450154
276.80000000,4.77712000,1.14019000,0.08753509,0.10457719
277.00000000,4.77825000,1.13456000,0.08759828,0.10465248
277.20000000,4.77825000,1.13456000,0.08766131,0.10472764
277.40000000,4.76975000,1.16563000,0.08772520,0.10480491
277.60000000,4.77300000,1.15235000,0.08778959,0.10488135
277.80000000,4.77600000,1.14352000,0.08785336,0.10495721
278.00000000,4.77600000,1.14352000,0.08791689,0.10503306
278.20000000,4.77625000,1.14268000,0.08798040,0.10510884
278.40000000,4.77462000,1.14435000,0.08804393,0.10518467
278.60000000,4.77100000,1.16124000,0.08810797,0.10526164
278.80000000,4.77262000,1.15465000,0.08817230,0.10533818
279.00000000,4.77262000,1.15465000,0.08823645,0.10541468
279.20000000,4.77050000,1.16272000,0.08830082,0.10549180
279.40000000,4.77512000,1.14784000,0.08836500,0.10556790
279.60000000,4.77350000,1.15084000,0.08842885,0.10564420
279.80000000,4.77350000,1.15084000,0.08849279,0.10572055
280.00000000,4.77675000,1.14179000,0.08855647,0.10579633
280.20000000,4.77887000,1.12848000,0.08861954,0.10587119
280.40000000,4.77650000,1.13958000,0.08868254,0.10594687
280.60000000,4.78137000,1.12537000,0.08874545,0.10602161
280.80000000,4.78137000,1.12537000,0.08880797,0.10609629
281.00000000,4.77800000,1.13168000,0.08887067,0.10617140
281.20000000,4.77887000,1.13216000,0.08893355,0.10624655
281.40000000,4.77912000,1.13408000,0.08899651,0.10632182
281.60000000,4.77912000,1.13408000,0.08905951,0.10639706
281.80000000,4.77625000,1.14073000,0.08912270,0.10647283
282.00000000,4.78237000,1.12128000,0.08918553,0.10654728
282.20000000,4.78100000,1.11811000,0.08924774,0.10662155
282.40000000,4.78237000,1.11587000,0.08930979,0.10669567
282.60000000,4.78237000,1.11587000,0.08937179,0.10676972
282.80000000,4.77812000,1.13715000,0.08943437,0.10684523
283.00000000,4.78100000,1.11801000,0.08949701,0.10691948
283.20000000,4.78212000,1.11836000,0.08955913,0.10699376
283.40000000,4.78212000,1.11836000,0.08962127,0.10706801
283.60000000,4.77962000,1.12502000,0.08968358,0.10714265
283.80000000,4.77712000,1.13657000,0.08974640,0.10721809
284.00000000,4.77937000,1.12835000,0.08980932,0.10729294
284.20000000,4.77600000,1.13699000,0.08987224,0.10736836
284.40000000,4.77600000,1.13699000,0.08993541,0.10744388
284.60000000,4.78212000,1.11756000,0.08999804,0.10751806
284.80000000,4.77925000,1.12384000,0.09006030,0.10759261
285.00000000,4.77612000,1.13891000,0.09012315,0.10766816
285.20000000,4.77612000,1.13891000,0.09018642,0.10774375
285.40000000,4.77875000,1.12704000,0.09024937,0.10781851
285.60000000,4.77575000,1.13840000,0.09031230,0.10789408
285.80000000,4.77937000,1.12723000,0.09037523,0.10796890
286.00000000,4.77662000,1.14035000,0.09043822,0.10804455
286.20000000,4.77662000,1.14035000,0.09050157,0.10812024
286.40000000,4.77887000,1.12947000,0.09056462,0.10819518
286.60000000,4.77712000,1.13753000,0.09062759,0.10827068
286.80000000,4.77887000,1.13030000,0.09069059,0.10834570
287.00000000,4.77887000,1.13030000,0.09075338,0.10842068
287.20000000,4.77612000,1.14508000,0.09081659,0.10849669
287.40000000,4.77937000,1.12966000,0.09087978,0.10857163
287.60000000,4.77625000,1.14435000,0.09094294,0.10864754
287.80000000,4.77625000,1.14435000,0.09100652,0.10872351
288.00000000,4.77975000,1.12659000,0.09106960,0.10879823
288.20000000,4.77500000,1.14336000,0.09113265,0.10887413
288.40000000,4.78000000,1.12518000,0.09119567,0.10894877
288.60000000,4.77575000,1.13968000,0.09125858,0.10902436
288.80000000,4.77575000,1.13968000,0.09132190,0.10909999
289.00000000,4.77787000,1.13350000,0.09138504,0.10917513
289.20000000,4.77262000,1.15804000,0.09144870,0.10925187
289.40000000,4.77125000,1.16201000,0.09151314,0.10932887
289.60000000,4.77125000,1.16201000,0.09157770,0.10940591
289.80000000,4.77387000,1.15283000,0.09164200,0.10948229
290.00000000,4.76987000,1.16716000,0.09170644,0.10955965
290.20000000,4.77250000,1.15760000,0.09177102,0.10963637
290.40000000,4.77187000,1.15641000,0.09183530,0.10971302
290.60000000,4.77187000,1.15641000,0.09189954,0.10978962
290.80000000,4.76937000,1.16720000,0.09196409,0.10986703
291.00000000,4.77512000,1.14835000,0.09202841,0.10994314
291.20000000,4.77200000,1.15651000,0.09209243,0.11001979
291.40000000,4.77200000,1.15651000,0.09215668,0.11009640
291.60000000,4.76925000,1.16902000,0.09222128,0.11017393
291.80000000,4.77512000,1.14742000,0.09228563,0.11025002
292.00000000,4.77512000,1.14988000,0.09234944,0.11032621
292.20000000,4.77050000,1.16617000,0.09241377,0.11040348
292.40000000,4.77050000,1.16617000,0.09247856,0.11048075
292.60000000,4.77050000,1.16489000,0.09254331,0.11055795
292.80000000,4.77187000,1.15510000,0.09260776,0.11063449
293.00000000,4.77075000,1.16409000,0.09267218,0.11071162
293.20000000,4.77725000,1.13811000,0.09273613,0.11078713
293.40000000,4.77725000,1.13811000,0.09279936,0.11086269
293.60000000,4.77975000,1.12921000,0.09286234,0.11093757
293.80000000,4.77475000,1.14716000,0.09292557,0.11101363
294.00000000,4.77375000,1.14985000,0.09298938,0.11108987
294.20000000,4.77375000,1.14985000,0.09305326,0.11116606
294.40000000,4.77100000,1.16534000,0.09311757,0.11124329
294.60000000,4.77137000,1.15894000,0.09318213,0.11132007
294.80000000,4.76975000,1.16726000,0.09324675,0.11139746
295.00000000,4.77375000,1.15433000,0.09331124,0.11147399
295.20000000,4.77375000,1.15433000,0.09337537,0.11155047
295.40000000,4.77000000,1.16124000,0.09343969,0.11162748
295.60000000,4.77525000,1.14972000,0.09350388,0.11170375
295.80000000,4.77612000,1.14505000,0.09356763,0.11177971
296.00000000,4.77612000,1.14505000,0.09363124,0.11185561
296.20000000,4.77250000,1.15510000,0.09369513,0.11193217
296.40000000,4.77262000,1.15936000,0.09375942,0.11200904
296.60000000,4.77350000,1.15040000,0.09382358,0.11208541
296.80000000,4.78000000,1.12793000,0.09388687,0.11216029
297.00000000,4.78000000,1.12793000,0.09394953,0.11223520
297.20000000,4.78137000,1.12400000,0.09401209,0.11230977
297.40000000,4.77725000,1.14070000,0.09407499,0.11238553
297.60000000,4.78175000,1.12294000,0.09413787,0.11246011
297.80000000,4.78175000,1.12294000,0.09420026,0.11253468
298.00000000,4.78112000,1.12390000,0.09426267,0.11260925
298.20000000,4.77700000,1.14409000,0.09432567,0.11268519
298.40000000,4.77950000,1.12864000,0.09438880,0.11276008
298.60000000,4.77725000,1.13846000,0.09445178,0.11283562
298.80000000,4.77725000,1.13846000,0.09451503,0.11291118
299.00000000,4.77875000,1.12956000,0.09457803,0.11298613
299.20000000,4.77775000,1.13340000,0.09464089,0.11306136
299.40000000,4.77900000,1.12915000,0.09470373,0.11313631
299.60000000,4.78262000,1.11939000,0.09476619,0.11321067
299.80000000,4.78262000,1.11939000,0.09482838,0.11328502
300.00000000,4.78287000,1.11548000,0.09489046,0.11335913
300.20000000,4.78300000,1.11606000,0.09495245,0.11343318
300.40000000,4.77750000,1.13712000,0.09501504,0.11350863
300.60000000,4.77750000,1.13712000,0.09507821,0.11358410
300.80000000,4.77800000,1.13078000,0.09514121,0.11365917
301.00000000,4.78025000,1.12768000,0.09520394,0.11373396
301.20000000,4.77500000,1.14643000,0.09526711,0.11381007
301.40000000,4.78012000,1.12662000,0.09533025,0.11388487
301.60000000,4.78012000,1.12662000,0.09539284,0.11395963
301.80000000,4.77787000,1.13763000,0.09545574,0.11403513
302.00000000,4.77850000,1.13148000,0.09551877,0.11411026
302.20000000,4.78062000,1.12771000,0.09558152,0.11418514
302.40000000,4.78062000,1.12771000,0.09564418,0.11425993
302.60000000,4.77525000,1.14540000,0.09570732,0.11433594
302.80000000,4.77837000,1.13312000,0.09577061,0.11441114
303.00000000,4.77812000,1.13737000,0.09583368,0.11448665
303.20000000,4.77975000,1.12633000,0.09589656,0.11456142
303.40000000,4.77975000,1.12633000,0.09595913,0.11463622
303.60000000,4.78137000,1.12150000,0.09602157,0.11471069
303.80000000,4.78100000,1.12195000,0.09608389,0.11478513
304.00000000,4.77725000,1.13897000,0.09614669,0.11486070
304.20000000,4.77725000,1.13897000,0.09620997,0.11493623
304.40000000,4.77450000,1.15091000,0.09627358,0.11501258
304.60000000,4.77625000,1.14220000,0.09633728,0.11508829
304.80000000,4.77275000,1.15491000,0.09640108,0.11516480
305.00000000,4.76975000,1.16819000,0.09646561,0.11524219
305.20000000,4.76975000,1.16819000,0.09653051,0.11531963
305.40000000,4.77325000,1.15267000,0.09659498,0.11539601
305.60000000,4.77112000,1.16640000,0.09665940,0.11547336
305.80000000,4.77437000,1.15097000,0.09672377,0.11554968
306.00000000,4.77437000,1.14976000,0.09678768,0.11562592
306.20000000,4.77437000,1.14976000,0.09685156,0.11570212
306.40000000,4.77137000,1.16476000,0.09691585,0.11577931
306.60000000,4.77187000,1.16016000,0.09698043,0.11585631
306.80000000,4.77862000,1.13526000,0.09704419,0.11593166
307.00000000,4.77862000,1.13526000,0.09710726,0.11600703
307.20000000,4.78050000,1.13065000,0.09717020,0.11608203
307.40000000,4.77600000,1.14304000,0.09723336,0.11615791
307.60000000,4.77962000,1.13356000,0.09729660,0.11623316
307.80000000,4.77962000,1.13356000,0.09735958,0.11630834
308.00000000,4.77475000,1.14774000,0.09742295,0.11638454
308.20000000,4.78062000,1.12313000,0.09748603,0.11645912
308.40000000,4.78062000,1.12796000,0.09754856,0.11653401
308.60000000,4.78062000,1.12796000,0.09761122,0.11660883
308.80000000,4.77587000,1.14547000,0.09767437,0.11668490
309.00000000,4.78175000,1.11996000,0.09773730,0.11675924
309.20000000,4.77887000,1.13164000,0.09779984,0.11683440
309.40000000,4.78212000,1.11776000,0.09786233,0.11690864
309.60000000,4.78212000,1.11776000,0.09792443,0.11698286
309.80000000,4.78112000,1.12380000,0.09798669,0.11705742
310.00000000,4.77637000,1.14006000,0.09804958,0.11713303
310.20000000,4.77550000,1.14556000,0.09811307,0.11720901
310.40000000,4.77937000,1.12960000,0.09817626,0.11728400
310.60000000,4.77937000,1.12960000,0.09823902,0.11735891
310.80000000,4.77525000,1.14742000,0.09830227,0.11743509
311.00000000,4.78012000,1.12857000,0.09836549,0.11750993
311.20000000,4.77475000,1.14582000,0.09842867,0.11758592
311.40000000,4.77475000,1.14582000,0.09849233,0.11766198
311.60000000,4.77925000,1.13228000,0.09855561,0.11773709
311.80000000,4.77625000,1.14329000,0.09861882,0.11781298
312.00000000,4.77925000,1.12835000,0.09868192,0.11788788
312.20000000,4.77925000,1.12835000,0.09874460,0.11796271
312.40000000,4.77487000,1.14723000,0.09880782,0.11803887
312.60000000,4.77975000,1.12576000,0.09887095,0.11811356
312.80000000,4.77737000,1.13872000,0.09893386,0.11818912
313.00000000,4.77762000,1.13395000,0.09899699,0.11826437
313.20000000,4.77762000,1.13395000,0.09905998,0.11833966
313.40000000,4.78037000,1.12560000,0.09912275,0.11841440
313.60000000,4.78087000,1.12380000,0.09918523,0.11848894
313.80000000,4.77600000,1.14083000,0.09924814,0.11856463
314.00000000,4.77650000,1.13734000,0.09931142,0.11864008
314.20000000,4.77650000,1.13734000,0.09937461,0.11871542
314.40000000,4.76987000,1.16579000,0.09943858,0.11879282
314.60000000,4.78012000,1.12460000,0.09950220,0.11886741
314.80000000,4.77537000,1.14416000,0.09956523,0.11894330
315.00000000,4.77537000,1.14416000,0.09962879,0.11901925
315.20000000,4.77987000,1.12688000,0.09969187,0.11909407
315.40000000,4.78050000,1.12041000,0.09975430,0.11916839
315.60000000,4.77562000,1.14886000,0.09981733,0.11924458
315.80000000,4.77525000,1.14236000,0.09988098,0.11932035
316.00000000,4.77525000,1.14236000,0.09994444,0.11939604
316.20000000,4.77037000,1.16336000,0.10000849,0.11947321
316.40000000,4.77612000,1.14086000,0.10007250,0.11954897
316.60000000,4.78175000,1.12006000,0.10013530,0.11962336
316.80000000,4.78175000,1.12006000,0.10019753,0.11969775
317.00000000,4.78187000,1.12102000,0.10025978,0.11977219
317.20000000,4.78125000,1.12473000,0.10032216,0.11984680
317.40000000,4.77575000,1.14166000,0.10038512,0.11992260
317.60000000,4.78075000,1.12598000,0.10044811,0.11999737
317.80000000,4.78075000,1.12598000,0.10051066,0.12007197
318.00000000,4.77050000,1.16489000,0.10057430,0.12014921
318.20000000,4.77387000,1.15094000,0.10063862,0.12022544
318.40000000,4.76925000,1.16931000,0.10070308,0.12030290
318.60000000,4.76925000,1.16931000,0.10076804,0.12038041
318.80000000,4.77262000,1.15305000,0.10083255,0.12045678
319.00000000,4.76862000,1.17363000,0.10089718,0.12053460
319.20000000,4.77450000,1.14800000,0.10096167,0.12061071
319.40000000,4.77362000,1.15203000,0.10102556,0.12068709
319.60000000,4.77362000,1.15203000,0.10108956,0.12076344
319.80000000,4.77175000,1.16038000,0.10115379,0.12084032
320.00000000,4.76975000,1.16368000,0.10121835,0.12091744
320.20000000,4.77212000,1.15756000,0.10128283,0.12099427
320.40000000,4.77850000,1.13120000,0.10134640,0.12106934
320.60000000,4.77850000,1.13120000,0.10140925,0.12114447
320.80000000,4.78162000,1.11897000,0.10147175,0.12121872
321.00000000,4.77800000,1.13596000,0.10153439,0.12129401
321.20000000,4.77200000,1.15628000,0.10159806,0.12137065
321.40000000,4.77200000,1.15628000,0.10166230,0.12144730
321.60000000,4.77300000,1.15520000,0.10172651,0.12152392
321.80000000,4.77550000,1.14355000,0.10179036,0.12159972
322.00000000,4.77262000,1.14940000,0.10185406,0.12167595
322.20000000,4.77512000,1.14352000,0.10191775,0.12175179
322.40000000,4.77512000,1.14352000,0.10198128,0.12182760
322.60000000,4.77325000,1.15139000,0.10204503,0.12190385
322.80000000,4.76775000,1.17312000,0.10210959,0.12198160
323.00000000,4.77200000,1.15836000,0.10217436,0.12205837
323.20000000,4.77200000,1.15836000,0.10223871,0.12213511
323.40000000,4.76962000,1.16723000,0.10230331,0.12221250
323.60000000,4.77412000,1.15292000,0.10236776,0.12228896
323.80000000,4.77475000,1.14563000,0.10243161,0.12236493
324.00000000,4.77512000,1.14736000,0.10249530,0.12244103
324.20000000,4.77512000,1.14736000,0.10255905,0.12251712
324.40000000,4.77500000,1.14598000,0.10262275,0.12259300
324.60000000,4.76762000,1.17440000,0.10268720,0.12267085
324.80000000,4.77237000,1.15830000,0.10275200,0.12274762
325.00000000,4.77237000,1.15830000,0.10281635,0.12282434
325.20000000,4.76912000,1.16560000,0.10288090,0.12290160
325.40000000,4.77237000,1.15520000,0.10294537,0.12297823
325.60000000,4.77575000,1.14332000,0.10300922,0.12305416
325.80000000,4.78162000,1.11616000,0.10307198,0.12312828
326.00000000,4.78162000,1.11616000,0.10313399,0.12320239
326.20000000,4.78075000,1.12329000,0.10319620,0.12327688
326.40000000,4.77450000,1.14726000,0.10325927,0.12335301
326.60000000,4.77750000,1.13299000,0.10332261,0.12342819
326.80000000,4.77750000,1.13299000,0.10338555,0.12350330
327.00000000,4.77350000,1.15334000,0.10344906,0.12357988
327.20000000,4.78050000,1.12572000,0.10351237,0.12365458
327.40000000,4.77800000,1.13500000,0.10357517,0.12372990
327.60000000,4.77212000,1.15760000,0.10363885,0.12380663
327.80000000,4.77212000,1.15760000,0.10370316,0.12388344
328.00000000,4.77762000,1.13475000,0.10376684,0.12395875
328.20000000,4.77837000,1.13472000,0.10382988,0.12403406
328.40000000,4.77962000,1.12681000,0.10389270,0.12410886
328.60000000,4.77962000,1.12681000,0.10395530,0.12418363
328.80000000,4.77762000,1.13507000,0.10401813,0.12425896
329.00000000,4.77825000,1.13299000,0.10408113,0.12433415
329.20000000,4.77825000,1.13356000,0.10414409,0.12440938
329.40000000,4.77825000,1.13356000,0.10420707,0.12448456
329.60000000,4.77525000,1.14748000,0.10427043,0.12456071
329.80000000,4.77850000,1.12985000,0.10433369,0.12463569
330.00000000,4.77800000,1.13769000,0.10439667,0.12471116
330.20000000,4.77625000,1.14243000,0.10446001,0.12478695
330.40000000,4.77625000,1.14243000,0.10452348,0.12486279
330.60000000,4.77975000,1.12707000,0.10458652,0.12493756
330.80000000,4.77625000,1.14531000,0.10464964,0.12501361
331.00000000,4.78100000,1.11686000,0.10471248,0.12508777
331.20000000,4.78100000,1.11686000,0.10477453,0.12516185
331.40000000,4.77550000,1.14777000,0.10483744,0.12523798
331.60000000,4.77587000,1.14640000,0.10490116,0.12531393
331.80000000,4.76975000,1.16553000,0.10496538,0.12539116
332.00000000,4.77087000,1.16204000,0.10503004,0.12546816
332.20000000,4.77087000,1.16204000,0.10509460,0.12554514
332.40000000,4.77025000,1.16496000,0.10515923,0.12562237
332.60000000,4.77287000,1.15481000,0.10522367,0.12569892
332.80000000,4.77300000,1.15766000,0.10528791,0.12577567
333.00000000,4.77137000,1.16041000,0.10535230,0.12585257
333.20000000,4.77137000,1.16041000,0.10541677,0.12592948
333.40000000,4.77250000,1.15657000,0.10548113,0.12600610
333.60000000,4.76987000,1.16524000,0.10554562,0.12608340
333.80000000,4.77587000,1.14195000,0.10560971,0.12615914
334.00000000,4.77587000,1.14195000,0.10567315,0.12623498
334.20000000,4.78150000,1.12323000,0.10573607,0.12630957
334.40000000,4.78150000,1.12070000,0.10579840,0.12638401
334.60000000,4.78225000,1.12147000,0.10586069,0.12645848
334.80000000,4.78112000,1.12281000,0.10592303,0.12653304
335.00000000,4.78112000,1.12281000,0.10598541,0.12660759
335.20000000,4.78037000,1.12726000,0.10604791,0.12668240
335.40000000,4.77837000,1.13539000,0.10611076,0.12675781
335.60000000,4.78187000,1.12115000,0.10617344,0.12683227
335.80000000,4.78187000,1.12115000,0.10623573,0.12690672
336.00000000,4.78100000,1.12425000,0.10629810,0.12698137
336.20000000,4.78087000,1.12710000,0.10636064,0.12705614
336.40000000,4.77637000,1.14236000,0.10642368,0.12713193
336.60000000,4.77725000,1.13833000,0.10648703,0.12720746
336.80000000,4.77725000,1.13833000,0.10655027,0.12728298
337.00000000,4.77650000,1.14099000,0.10661358,0.12735872
337.20000000,4.77912000,1.13030000,0.10667668,0.12743377
337.40000000,4.78125000,1.12499000,0.10673932,0.12750848
337.60000000,4.78125000,1.12499000,0.10680182,0.12758319
337.80000000,4.78175000,1.11648000,0.10686409,0.12765728
338.00000000,4.77737000,1.13929000,0.10692675,0.12773291
338.20000000,4.77962000,1.13238000,0.10698985,0.12780811
338.40000000,4.78175000,1.11814000,0.10705236,0.12788237
338.60000000,4.78175000,1.11814000,0.10711448,0.12795663
338.80000000,4.78200000,1.12406000,0.10717676,0.12803119
339.00000000,4.77587000,1.14137000,0.10723969,0.12810697
339.20000000,4.78025000,1.12950000,0.10730277,0.12818196
339.40000000,4.78025000,1.12950000,0.10736552,0.12825698
339.60000000,4.78187000,1.11964000,0.10742800,0.12833132
339.80000000,4.78087000,1.12342000,0.10749031,0.12840595
340.00000000,4.78275000,1.12172000,0.10755267,0.12848038
340.20000000,4.77775000,1.13411000,0.10761533,0.12855564
340.40000000,4.77775000,1.13411000,0.10767834,0.12863087
340.60000000,4.77612000,1.14422000,0.10774163,0.12870678
340.80000000,4.77625000,1.14176000,0.10780513,0.12878253
341.00000000,4.77687000,1.13955000,0.10786850,0.12885803
341.20000000,4.77037000,1.16393000,0.10793248,0.12893514
341.40000000,4.77037000,1.16393000,0.10799714,0.12901229
341.60000000,4.77250000,1.15635000,0.10806160,0.12908890
341.80000000,4.76962000,1.17136000,0.10812625,0.12916662
342.00000000,4.77750000,1.13875000,0.10819042,0.12924218
342.20000000,4.77750000,1.13875000,0.10825369,0.12931778
342.40000000,4.78012000,1.12556000,0.10831659,0.12939247
342.60000000,4.77775000,1.13724000,0.10837944,0.12946792
342.80000000,4.77662000,1.14224000,0.10844276,0.12954377
343.00000000,4.78125000,1.12249000,0.10850567,0.12961831
343.20000000,4.78125000,1.12249000,0.10856803,0.12969284
343.40000000,4.78037000,1.12716000,0.10863052,0.12976752
343.60000000,4.77075000,1.16294000,0.10869413,0.12984464
343.80000000,4.77412000,1.15158000,0.10875843,0.12992099
344.00000000,4.77412000,1.15158000,0.10882240,0.12999736
344.20000000,4.77487000,1.14755000,0.10888627,0.13007344
344.40000000,4.77325000,1.15027000,0.10895010,0.13014962
344.60000000,4.76837000,1.17180000,0.10901460,0.13022731
344.80000000,4.77375000,1.15270000,0.10907917,0.13030374
345.00000000,4.77375000,1.15270000,0.10914321,0.13038019
345.20000000,4.77537000,1.14742000,0.10920710,0.13045624
345.40000000,4.77175000,1.15904000,0.10927117,0.13053307
345.60000000,4.77287000,1.15449000,0.10933543,0.13060960
345.80000000,4.77287000,1.15449000,0.10939957,0.13068618
346.00000000,4.77562000,1.14579000,0.10946347,0.13076206
346.20000000,4.76850000,1.16928000,0.10952777,0.13083960
346.40000000,4.77437000,1.14947000,0.10959218,0.13091582
346.60000000,4.77712000,1.14140000,0.10965582,0.13099155
346.80000000,4.77712000,1.14140000,0.10971923,0.13106716
347.00000000,4.76975000,1.16560000,0.10978331,0.13114444
347.20000000,4.77350000,1.15350000,0.10984773,0.13122098
347.40000000,4.77737000,1.13312000,0.10991125,0.13129616
347.60000000,4.77950000,1.13180000,0.10997416,0.13137129
347.80000000,4.77950000,1.13180000,0.11003704,0.13144637
348.00000000,4.77600000,1.13913000,0.11010012,0.13152198
348.20000000,4.77887000,1.13216000,0.11016322,0.13159712
348.40000000,4.77962000,1.12710000,0.11022597,0.13167194
348.60000000,4.77962000,1.12710000,0.11028859,0.13174670
348.80000000,4.77562000,1.14230000,0.11035163,0.13182253
349.00000000,4.77950000,1.12636000,0.11041465,0.13189730
349.20000000,4.77550000,1.14320000,0.11047769,0.13197312
349.40000000,4.77550000,1.14320000,0.11054120,0.13204899
349.60000000,4.77825000,1.13123000,0.11060438,0.13212402
349.80000000,4.77537000,1.14547000,0.11066762,0.13220005
350.00000000,4.77887000,1.13142000,0.11073087,0.13227515
350.20000000,4.77887000,1.13142000,0.11079372,0.13235024
350.40000000,4.77875000,1.12969000,0.11085653,0.13242518
350.60000000,4.77625000,1.14099000,0.11091961,0.13250095
350.80000000,4.78125000,1.12169000,0.11098246,0.13257544
351.00000000,4.78137000,1.12012000,0.11104473,0.13264982
351.20000000,4.78137000,1.12012000,0.11110696,0.13272418
351.40000000,4.77937000,1.12627000,0.11116936,0.13279890
351.60000000,4.77700000,1.13792000,0.11123226,0.13287437
351.80000000,4.77537000,1.14208000,0.11129559,0.13295012
352.00000000,4.77537000,1.14208000,0.11135904,0.13302593
352.20000000,4.77925000,1.12585000,0.11142204,0.13310059
352.40000000,4.77487000,1.14723000,0.11148518,0.13317663
352.60000000,4.77225000,1.15628000,0.11154916,0.13325341
352.80000000,4.78087000,1.12316000,0.11161248,0.13332799
353.00000000,4.78087000,1.12316000,0.11167488,0.13340259
353.20000000,4.78237000,1.11788000,0.11173713,0.13347683
353.40000000,4.78112000,1.12025000,0.11179930,0.13355121
353.60000000,4.78075000,1.12438000,0.11186165,0.13362587
353.80000000,4.78075000,1.12438000,0.11192412,0.13370052
354.00000000,4.78050000,1.12288000,0.11198654,0.13377509
354.20000000,4.78150000,1.11948000,0.11204883,0.13384944
354.40000000,4.78150000,1.12288000,0.11211112,0.13392395
354.60000000,4.77762000,1.13475000,0.11217383,0.13399924
354.80000000,4.77762000,1.13475000,0.11223687,0.13407453
355.00000000,4.77712000,1.13907000,0.11230003,0.13415010
355.20000000,4.77675000,1.13830000,0.11236329,0.13422561
355.40000000,4.77575000,1.14384000,0.11242668,0.13430148
355.60000000,4.77725000,1.13392000,0.11248996,0.13437671
355.80000000,4.77725000,1.13392000,0.11255295,0.13445194
356.00000000,4.77637000,1.14118000,0.11261615,0.13452767
356.20000000,4.77837000,1.13366000,0.11267934,0.13460280
356.40000000,4.77175000,1.15875000,0.11274302,0.13467960
356.60000000,4.77175000,1.15875000,0.11280739,0.13475648
356.80000000,4.77725000,1.13772000,0.11287118,0.13483197
357.00000000,4.77700000,1.13862000,0.11293441,0.13490753
357.20000000,4.77812000,1.13497000,0.11299757,0.13498285
357.40000000,4.77787000,1.13609000,0.11306065,0.13505824
357.60000000,4.77787000,1.13609000,0.11312377,0.13513361
357.80000000,4.77662000,1.13580000,0.11318688,0.13520903
358.00000000,4.78125000,1.12118000,0.11324957,0.13528341
358.20000000,4.77662000,1.13731000,0.11331231,0.13535886
358.40000000,4.77662000,1.13731000,0.11337549,0.13543428
358.60000000,4.77462000,1.14537000,0.11343890,0.13551013
358.80000000,4.76800000,1.17443000,0.11350334,0.13558797
359.00000000,4.77200000,1.15641000,0.11356808,0.13566455
359.20000000,4.76787000,1.17257000,0.11363278,0.13574220
359.40000000,4.76787000,1.17257000,0.11369792,0.13581991
359.60000000,4.77175000,1.16118000,0.11376275,0.13589681
359.80000000,4.76862000,1.16720000,0.11382742,0.13597418
360.00000000,4.77250000,1.15820000,0.11389202,0.13605095
360.20000000,4.77250000,1.15820000,0.11395636,0.13612766
360.40000000,4.76887000,1.16595000,0.11402092,0.13620496
360.60000000,4.77300000,1.15011000,0.11408526,0.13628121
360.80000000,4.77362000,1.15427000,0.11414927,0.13635779
361.00000000,4.77712000,1.13507000,0.11421286,0.13643310
361.20000000,4.77712000,1.13507000,0.11427592,0.13650843
361.40000000,4.77800000,1.13308000,0.11433892,0.13658361
361.60000000,4.77712000,1.14067000,0.11440208,0.13665935
361.80000000,4.78100000,1.12192000,0.11446493,0.13673383
362.00000000,4.77950000,1.12652000,0.11452739,0.13680861
362.20000000,4.77950000,1.12652000,0.11458998,0.13688335
362.40000000,4.77712000,1.13718000,0.11465286,0.13695884
362.60000000,4.77962000,1.12659000,0.11471574,0.13703362
362.80000000,4.77887000,1.13056000,0.11477844,0.13710866
363.00000000,4.77887000,1.13056000,0.11484125,0.13718363
363.20000000,4.77450000,1.14444000,0.11490444,0.13725960
363.40000000,4.77962000,1.12675000,0.11496753,0.13733433
363.60000000,4.77537000,1.14643000,0.11503067,0.13741037
363.80000000,4.77825000,1.12902000,0.11509388,0.13748529
364.00000000,4.77825000,1.12902000,0.11515660,0.13756025
364.20000000,4.78037000,1.12422000,0.11521919,0.13763490
364.40000000,4.78100000,1.12275000,0.11528161,0.13770938
364.60000000,4.77587000,1.14240000,0.11534453,0.13778515
364.80000000,4.77587000,1.14240000,0.11540800,0.13786101
365.00000000,4.78087000,1.12473000,0.11547097,0.13793569
365.20000000,4.78087000,1.11939000,0.11553331,0.13801002
365.40000000,4.78100000,1.12268000,0.11559559,0.13808456
365.60000000,4.78000000,1.12166000,0.11565793,0.13815902
365.80000000,4.78000000,1.12166000,0.11572025,0.13823350
366.00000000,4.78087000,1.12297000,0.11578260,0.13830808
366.20000000,4.78125000,1.12025000,0.11584491,0.13838236
366.40000000,4.77462000,1.14508000,0.11590783,0.13845830
366.60000000,4.77462000,1.14508000,0.11597145,0.13853435
366.80000000,4.78187000,1.12204000,0.11603443,0.13860885
367.00000000,4.78037000,1.12316000,0.11609679,0.13868342
367.20000000,4.78050000,1.12262000,0.11615917,0.13875796
367.40000000,4.78075000,1.12640000,0.11622165,0.13883275
367.60000000,4.78075000,1.12640000,0.11628423,0.13890747
367.80000000,4.77625000,1.14076000,0.11634720,0.13898315
368.00000000,4.77637000,1.14150000,0.11641060,0.13905889
368.20000000,4.77737000,1.13532000,0.11647384,0.13913422
368.40000000,4.77737000,1.13532000,0.11653692,0.13920953
368.60000000,4.77612000,1.13942000,0.11660010,0.13928514
368.80000000,4.77762000,1.13267000,0.11666322,0.13936029
369.00000000,4.77712000,1.13721000,0.11672627,0.13943574
369.20000000,4.78125000,1.12256000,0.11678904,0.13951029
369.40000000,4.78125000,1.12256000,0.11685141,0.13958482
369.60000000,4.78025000,1.12572000,0.11691386,0.13965957
369.80000000,4.78150000,1.11913000,0.11697621,0.13973372
370.00000000,4.77000000,1.16601000,0.11703969,0.13981097
370.20000000,4.77000000,1.16601000,0.11710447,0.13988830
370.40000000,4.77562000,1.14064000,0.11716854,0.13996399
370.60000000,4.77725000,1.13865000,0.11723186,0.14003957
370.80000000,4.77950000,1.12713000,0.11729479,0.14011439
371.00000000,4.77950000,1.12713000,0.11735741,0.14018917
371.20000000,4.77662000,1.13532000,0.11742026,0.14026453
371.40000000,4.77937000,1.12998000,0.11748318,0.14033955
371.60000000,4.77987000,1.12304000,0.11754577,0.14041403
371.80000000,4.77537000,1.14460000,0.11760876,0.14048995
372.00000000,4.77537000,1.14460000,0.11767235,0.14056591
372.20000000,4.77825000,1.13513000,0.11773567,0.14064118
372.40000000,4.77412000,1.14688000,0.11779906,0.14071713
372.60000000,4.76837000,1.17084000,0.11786344,0.14079467
372.80000000,4.76837000,1.17084000,0.11792849,0.14087227
373.00000000,4.77150000,1.15404000,0.11799307,0.14094881
373.20000000,4.77562000,1.14518000,0.11805694,0.14102473
373.40000000,4.77325000,1.15139000,0.11812073,0.14110101
373.60000000,4.76975000,1.16748000,0.11818514,0.14117835
373.80000000,4.76975000,1.16748000,0.11825000,0.14125573
374.00000000,4.77200000,1.15740000,0.11831458,0.14133240
374.20000000,4.77000000,1.16723000,0.11837916,0.14140975
374.40000000,4.77100000,1.16003000,0.11844380,0.14148662
374.60000000,4.77100000,1.16003000,0.11850825,0.14156347
374.80000000,4.76987000,1.16646000,0.11857287,0.14164080
375.00000000,4.77325000,1.15180000,0.11863727,0.14171715
375.20000000,4.77300000,1.15392000,0.11870132,0.14179357
375.40000000,4.76825000,1.17372000,0.11876597,0.14187130
375.60000000,4.76825000,1.17372000,0.11883118,0.14194912
375.80000000,4.77350000,1.15097000,0.11889575,0.14202537
376.00000000,4.77012000,1.16304000,0.11896003,0.14210249
376.20000000,4.77400000,1.15081000,0.11902431,0.14217878
376.40000000,4.77312000,1.15712000,0.11908842,0.14225549
376.60000000,4.77312000,1.15712000,0.11915270,0.14233213
376.80000000,4.76887000,1.16784000,0.11921728,0.14240958
377.00000000,4.77512000,1.14444000,0.11928151,0.14248549
377.20000000,4.77575000,1.13955000,0.11934496,0.14256108
377.40000000,4.77575000,1.13955000,0.11940826,0.14263672
377.60000000,4.77937000,1.12505000,0.11947117,0.14271140
377.80000000,4.77937000,1.12848000,0.11953377,0.14278625
378.00000000,4.77525000,1.14345000,0.11959688,0.14286214
378.20000000,4.77850000,1.13251000,0.11966010,0.14293730
378.40000000,4.77850000,1.13251000,0.11972302,0.14301242
378.60000000,4.77562000,1.14454000,0.11978627,0.14308838
378.80000000,4.77862000,1.13289000,0.11984953,0.14316353
379.00000000,4.77612000,1.14112000,0.11991270,0.14323922
379.20000000,4.77612000,1.14112000,0.11997609,0.14331496
379.40000000,4.77862000,1.12988000,0.12003918,0.14338998
379.60000000,4.78050000,1.12601000,0.12010184,0.14346468
379.80000000,4.77637000,1.14332000,0.12016488,0.14354059
380.00000000,4.78050000,1.12243000,0.12022781,0.14361511
380.20000000,4.78050000,1.12243000,0.12029017,0.14368966
380.40000000,4.78212000,1.11939000,0.12035244,0.14376398
380.60000000,4.78000000,1.12409000,0.12041476,0.14383856
380.80000000,4.77712000,1.13267000,0.12047745,0.14391371
381.00000000,4.77712000,1.13267000,0.12054038,0.14398888
381.20000000,4.77837000,1.13440000,0.12060335,0.14406415
381.40000000,4.77712000,1.13660000,0.12066643,0.14413963
381.60000000,4.78137000,1.12217000,0.12072918,0.14421416
381.80000000,4.78225000,1.11891000,0.12079143,0.14428848
382.00000000,4.78225000,1.11891000,0.12085359,0.14436276
382.20000000,4.78000000,1.12240000,0.12091585,0.14443723
382.40000000,4.77662000,1.14198000,0.12097875,0.14451306
382.60000000,4.78087000,1.12441000,0.12104170,0.14458772
382.80000000,4.78087000,1.12441000,0.12110417,0.14466240
383.00000000,4.78225000,1.11852000,0.12116648,0.14473667
383.20000000,4.78100000,1.12320000,0.12122875,0.14481123
383.40000000,4.77925000,1.12793000,0.12129128,0.14488604
383.60000000,4.77525000,1.14604000,0.12135444,0.14496205
383.80000000,4.77525000,1.14604000,0.12141811,0.14503813
384.00000000,4.78012000,1.12563000,0.12148121,0.14511279
384.20000000,4.77562000,1.14422000,0.12154426,0.14518878
384.40000000,4.78125000,1.12678000,0.12160735,0.14526360
384.60000000,4.78125000,1.12678000,0.12166995,0.14533842
384.80000000,4.78100000,1.12336000,0.12173245,0.14541301
385.00000000,4.78075000,1.12265000,0.12179484,0.14548746
385.20000000,4.77475000,1.14563000,0.12185785,0.14556344
385.40000000,4.77662000,1.13625000,0.12192123,0.14563882
385.60000000,4.77662000,1.13625000,0.12198436,0.14571420
385.80000000,4.77650000,1.14384000,0.12204769,0.14579005
386.00000000,4.77437000,1.14537000,0.12211128,0.14586600
386.20000000,4.77375000,1.14931000,0.12217502,0.14594220
386.40000000,4.77375000,1.14931000,0.12223887,0.14601842
386.60000000,4.77500000,1.14697000,0.12230266,0.14609447
386.80000000,4.77412000,1.14979000,0.12236646,0.14617065
387.00000000,4.77025000,1.16608000,0.12243079,0.14624791
387.20000000,4.77025000,1.16608000,0.12249557,0.14632523
387.40000000,4.77462000,1.14656000,0.12255981,0.14640123
387.60000000,4.77212000,1.15936000,0.12262386,0.14647806
387.80000000,4.77150000,1.15977000,0.12268828,0.14655506
388.00000000,4.78012000,1.12368000,0.12275171,0.14662966
388.20000000,4.78012000,1.12368000,0.12281414,0.14670428
388.40000000,4.78125000,1.11993000,0.12287646,0.14677865
388.60000000,4.78112000,1.12160000,0.12293873,0.14685314
388.80000000,4.78175000,1.11785000,0.12300093,0.14692738
389.00000000,4.78175000,1.11785000,0.12306304,0.14700160
389.20000000,4.78050000,1.12272000,0.12312528,0.14707616
389.40000000,4.78200000,1.12150000,0.12318762,0.14715053
389.60000000,4.77425000,1.14745000,0.12325064,0.14722671
389.80000000,4.78025000,1.12528000,0.12331377,0.14730142
390.00000000,4.78025000,1.12528000,0.12337629,0.14737615
390.20000000,4.78162000,1.12195000,0.12343871,0.14745067
390.40000000,4.78187000,1.11616000,0.12350088,0.14752479
390.60000000,4.78175000,1.12076000,0.12356302,0.14759923
390.80000000,4.78175000,1.12076000,0.12362528,0.14767360
391.00000000,4.77762000,1.13420000,0.12368792,0.14774888
391.20000000,4.77900000,1.13116000,0.12375085,0.14782398
391.40000000,4.78012000,1.12771000,0.12381359,0.14789886
391.60000000,4.78100000,1.12064000,0.12387605,0.14797327
391.80000000,4.78100000,1.12064000,0.12393831,0.14804769
392.00000000,4.78112000,1.12396000,0.12400066,0.14812233
392.20000000,4.78175000,1.12054000,0.12406300,0.14819664
392.40000000,4.77450000,1.14694000,0.12412599,0.14827276
392.60000000,4.77875000,1.13171000,0.12418928,0.14834788
392.80000000,4.77875000,1.13171000,0.12425216,0.14842295
393.00000000,4.77600000,1.13900000,0.12431523,0.14849857
393.20000000,4.78062000,1.12921000,0.12437824,0.14857347
393.40000000,4.77525000,1.14268000,0.12444135,0.14864925
393.60000000,4.77525000,1.14268000,0.12450483,0.14872508
393.80000000,4.77800000,1.13536000,0.12456811,0.14880039
394.00000000,4.77550000,1.14553000,0.12463146,0.14887642
394.20000000,4.77912000,1.12892000,0.12469464,0.14895131
394.40000000,4.77600000,1.14284000,0.12475775,0.14902712
394.60000000,4.77600000,1.14284000,0.12482124,0.14910296
394.80000000,4.77825000,1.13340000,0.12488447,0.14917817
395.00000000,4.77750000,1.13731000,0.12494754,0.14925363
395.20000000,4.77762000,1.13465000,0.12501065,0.14932892
395.40000000,4.77762000,1.13465000,0.12507369,0.14940425
395.60000000,4.77962000,1.12608000,0.12513649,0.14947896
395.80000000,4.77675000,1.13843000,0.12519939,0.14955452
396.00000000,4.77925000,1.12995000,0.12526240,0.14962946
396.20000000,4.77500000,1.14732000,0.12532566,0.14970555
396.40000000,4.77500000,1.14732000,0.12538940,0.14978174
396.60000000,4.78100000,1.12352000,0.12545248,0.14985633
396.80000000,4.78025000,1.12665000,0.12551498,0.14993098
397.00000000,4.77062000,1.16236000,0.12557857,0.15000799
397.20000000,4.77062000,1.16236000,0.12564314,0.15008506
397.40000000,4.77375000,1.15062000,0.12570739,0.15016132
397.60000000,4.77175000,1.15808000,0.12577152,0.15023804
397.80000000,4.76987000,1.16640000,0.12583609,0.15031533
398.00000000,4.77100000,1.16518000,0.12590086,0.15039254
398.20000000,4.77100000,1.16518000,0.12596559,0.15046977
398.40000000,4.77250000,1.15664000,0.12603008,0.15054647
398.60000000,4.77437000,1.14540000,0.12609403,0.15062234
398.80000000,4.76900000,1.17120000,0.12615838,0.15069991
399.00000000,4.76900000,1.17120000,0.12622345,0.15077755
399.20000000,4.77300000,1.15302000,0.12628801,0.15085395
399.40000000,4.77087000,1.16387000,0.12635237,0.15093116
399.60000000,4.77637000,1.14288000,0.12641644,0.15100695
399.80000000,4.77412000,1.14662000,0.12648004,0.15108297
400.00000000,4.77412000,1.14662000,0.12654374,0.15115901
400.20000000,4.77425000,1.15459000,0.12660766,0.15123549
400.40000000,4.76937000,1.16675000,0.12667214,0.15131286
400.60000000,4.77487000,1.14656000,0.12673640,0.15138890
400.80000000,4.77487000,1.14656000,0.12680010,0.15146484
401.00000000,4.76887000,1.16790000,0.12686439,0.15154224
401.20000000,4.77175000,1.15603000,0.12692895,0.15161893
401.40000000,4.77637000,1.14425000,0.12699284,0.15169485
401.60000000,4.77700000,1.13737000,0.12705622,0.15177031
401.80000000,4.77700000,1.13737000,0.12711941,0.15184579
402.00000000,4.77787000,1.13721000,0.12718259,0.15192125
402.20000000,4.77750000,1.13596000,0.12724573,0.15199661
402.40000000,4.77687000,1.13760000,0.12730889,0.15207209
402.60000000,4.77687000,1.13760000,0.12737209,0.15214759
402.80000000,4.77875000,1.13536000,0.12743523,0.15222295
403.00000000,4.77912000,1.13024000,0.12749816,0.15229799
403.20000000,4.78025000,1.12896000,0.12756092,0.15237295
403.40000000,4.78025000,1.12896000,0.12762364,0.15244787
403.60000000,4.77812000,1.13657000,0.12768657,0.15252328
403.80000000,4.77762000,1.13772000,0.12774974,0.15259877
404.00000000,4.77700000,1.13875000,0.12781298,0.15267430
404.20000000,4.77575000,1.13984000,0.12787627,0.15274991
404.40000000,4.77575000,1.13984000,0.12793960,0.15282556
404.60000000,4.77900000,1.13174000,0.12800269,0.15290066
404.80000000,4.77737000,1.13600000,0.12806569,0.15297606
405.00000000,4.77900000,1.13043000,0.12812864,0.15305109
405.20000000,4.78187000,1.12156000,0.12819120,0.15312558
405.40000000,4.78187000,1.12156000,0.12825351,0.15320005
405.60000000,4.78062000,1.12102000,0.12831580,0.15327449
405.80000000,4.78125000,1.11993000,0.12837805,0.15334874
406.00000000,4.77350000,1.15465000,0.12844123,0.15342529
406.20000000,4.77350000,1.15465000,0.12850538,0.15350181
406.40000000,4.77150000,1.15929000,0.12856966,0.15357861
406.60000000,4.76975000,1.16739000,0.12863429,0.15365598
406.80000000,4.77175000,1.15900000,0.12869891,0.15373279
407.00000000,4.77025000,1.16544000,0.12876348,0.15381001
407.20000000,4.77025000,1.16544000,0.12882822,0.15388725
407.40000000,4.77187000,1.15830000,0.12889277,0.15396397
407.60000000,4.76925000,1.16640000,0.12895735,0.15404126
407.80000000,4.77075000,1.16259000,0.12902204,0.15411829
408.00000000,4.77075000,1.16259000,0.12908663,0.15419531
408.20000000,4.76962000,1.16630000,0.12915132,0.15427257
408.40000000,4.76975000,1.16633000,0.12921612,0.15434991
408.60000000,4.77400000,1.15494000,0.12928060,0.15442642
408.80000000,4.76975000,1.16694000,0.12934509,0.15450372
409.00000000,4.76975000,1.16694000,0.12940992,0.15458116
409.20000000,4.77787000,1.13683000,0.12947392,0.15465666
409.40000000,4.78200000,1.11955000,0.12953659,0.15473100
409.60000000,4.78087000,1.12067000,0.12959882,0.15480542
409.80000000,4.78087000,1.12067000,0.12966108,0.15487982
410.00000000,4.78025000,1.12988000,0.12972360,0.15495475
410.20000000,4.77462000,1.14704000,0.12978684,0.15503088
410.40000000,4.77912000,1.13302000,0.12985018,0.15510609
410.60000000,4.77912000,1.13033000,0.12991305,0.15518112
410.80000000,4.77912000,1.13033000,0.12997585,0.15525609
411.00000000,4.77587000,1.14076000,0.13003893,0.15533181
411.20000000,4.77875000,1.13462000,0.13010214,0.15540717
411.40000000,4.78250000,1.11596000,0.13016465,0.15548130
411.60000000,4.78250000,1.11596000,0.13022665,0.15555542
411.80000000,4.78187000,1.11868000,0.13028872,0.15562965
412.00000000,4.77762000,1.13795000,0.13035141,0.15570519
412.20000000,4.77962000,1.12620000,0.13041430,0.15577993
412.40000000,4.77812000,1.13532000,0.13047712,0.15585527
412.60000000,4.77812000,1.13532000,0.13054019,0.15593060
412.80000000,4.77750000,1.13561000,0.13060328,0.15600591
413.00000000,4.77462000,1.14118000,0.13066652,0.15608153
413.20000000,4.77125000,1.16268000,0.13073052,0.15615857
413.40000000,4.77075000,1.15984000,0.13079503,0.15623542
413.60000000,4.77075000,1.15984000,0.13085947,0.15631235
413.80000000,4.77562000,1.14348000,0.13092345,0.15638817
414.00000000,4.77362000,1.15001000,0.13098715,0.15646445
414.20000000,4.77625000,1.13913000,0.13105074,0.15654002
414.40000000,4.77625000,1.13913000,0.13111403,0.15661548
414.60000000,4.76925000,1.16854000,0.13117813,0.15669294
414.80000000,4.77312000,1.15040000,0.13124254,0.15676935
415.00000000,4.78200000,1.11792000,0.13130555,0.15684359
415.20000000,4.78187000,1.11817000,0.13136767,0.15691786
415.40000000,4.78187000,1.11817000,0.13142979,0.15699206
415.60000000,4.77787000,1.13331000,0.13149233,0.15706730
415.80000000,4.78012000,1.12800000,0.13155514,0.15714218
416.00000000,4.77975000,1.12550000,0.13161774,0.15721690
416.20000000,4.77975000,1.12550000,0.13168027,0.15729157
416.40000000,4.77687000,1.13664000,0.13174310,0.15736705
416.60000000,4.78087000,1.12544000,0.13180594,0.15744178
416.80000000,4.78087000,1.12236000,0.13186838,0.15751631
417.00000000,4.78137000,1.11836000,0.13193062,0.15759058
417.20000000,4.78137000,1.11836000,0.13199275,0.15766483
417.40000000,4.78012000,1.12838000,0.13205516,0.15773967
417.60000000,4.77562000,1.14409000,0.13211829,0.15781562
417.80000000,4.77975000,1.13059000,0.13218147,0.15789067
418.00000000,4.77975000,1.13059000,0.13224428,0.15796567
418.20000000,4.77587000,1.14092000,0.13230738,0.15804143
418.40000000,4.78087000,1.12348000,0.13237028,0.15811602
418.60000000,4.78062000,1.12707000,0.13243279,0.15819078
418.80000000,4.77600000,1.14272000,0.13249584,0.15826659
419.00000000,4.77600000,1.14272000,0.13255933,0.15834246
419.20000000,4.78075000,1.12515000,0.13262233,0.15841717
419.40000000,4.78062000,1.12307000,0.13268478,0.15849167
419.60000000,4.77662000,1.13897000,0.13274761,0.15856724
419.80000000,4.77987000,1.12800000,0.13281058,0.15864212
420.00000000,4.77987000,1.12800000,0.13287325,0.15871695
420.20000000,4.77650000,1.14009000,0.13293625,0.15879259
420.40000000,4.77650000,1.14352000,0.13299968,0.15886844
420.60000000,4.77625000,1.14390000,0.13306322,0.15894433
420.80000000,4.77625000,1.14390000,0.13312677,0.15902030
421.00000000,4.78200000,1.11913000,0.13318964,0.15909459
421.20000000,4.77962000,1.13072000,0.13325213,0.15916959
421.40000000,4.77562000,1.14249000,0.13331528,0.15924545
421.60000000,4.78050000,1.12332000,0.13337822,0.15932003
421.80000000,4.78050000,1.12332000,0.13344062,0.15939454
422.00000000,4.77575000,1.14240000,0.13350356,0.15947034
422.20000000,4.77737000,1.13801000,0.13356690,0.15954586
422.40000000,4.77787000,1.13459000,0.13363003,0.15962115
422.60000000,4.77787000,1.13459000,0.13369306,0.15969647
422.80000000,4.77987000,1.12723000,0.13375589,0.15977126
423.00000000,4.77662000,1.13836000,0.13381883,0.15984684
423.20000000,4.78037000,1.12528000,0.13388170,0.15992158
423.40000000,4.78250000,1.11984000,0.13394407,0.15999596
423.60000000,4.78250000,1.11984000,0.13400628,0.16007024
423.80000000,4.77562000,1.14224000,0.13406912,0.16014609
424.00000000,4.78112000,1.12345000,0.13413205,0.16022067
424.20000000,4.77937000,1.13235000,0.13419471,0.16029583
424.40000000,4.77937000,1.13235000,0.13425762,0.16037095
424.60000000,4.77612000,1.14099000,0.13432077,0.16044670
424.80000000,4.78037000,1.12521000,0.13438372,0.16052136
425.00000000,4.77712000,1.13699000,0.13444656,0.16059680
425.20000000,4.77875000,1.13334000,0.13450963,0.16067202
425.40000000,4.77875000,1.13334000,0.13457259,0.16074728
425.60000000,4.78125000,1.12268000,0.13463526,0.16082175
425.80000000,4.77625000,1.14099000,0.13469814,0.16089748
426.00000000,4.77862000,1.13484000,0.13476135,0.16097280
426.20000000,4.77462000,1.14739000,0.13482475,0.16104889
426.40000000,4.77462000,1.14739000,0.13488849,0.16112499
426.60000000,4.77562000,1.14275000,0.13495211,0.16120076
426.80000000,4.77387000,1.14838000,0.13501575,0.16127685
427.00000000,4.77037000,1.16211000,0.13507993,0.16135384
427.20000000,4.77037000,1.16211000,0.13514449,0.16143087
427.40000000,4.77212000,1.15964000,0.13520898,0.16150775
427.60000000,4.77350000,1.15033000,0.13527315,0.16158404
427.80000000,4.77537000,1.14819000,0.13533700,0.16166020
428.00000000,4.77537000,1.14819000,0.13540079,0.16173628
428.20000000,4.77075000,1.16217000,0.13546496,0.16181334
428.40000000,4.77425000,1.14780000,0.13552913,0.16188946
428.60000000,4.77475000,1.14684000,0.13559287,0.16196551
428.80000000,4.78175000,1.12163000,0.13565588,0.16204000
429.00000000,4.78175000,1.12163000,0.13571819,0.16211450
429.20000000,4.78200000,1.12003000,0.13578046,0.16218884
429.40000000,4.77900000,1.13004000,0.13584297,0.16226379
429.60000000,4.77537000,1.14454000,0.13590615,0.16233970
429.80000000,4.77537000,1.14454000,0.13596973,0.16241563
430.00000000,4.77675000,1.14467000,0.13603332,0.16249155
430.20000000,4.77562000,1.14284000,0.13609686,0.16256735
430.40000000,4.77512000,1.14956000,0.13616054,0.16264359
430.60000000,4.77037000,1.16800000,0.13622492,0.16272098
430.80000000,4.77037000,1.16800000,0.13628981,0.16279843
431.00000000,4.77462000,1.14742000,0.13635413,0.16287453
431.20000000,4.77537000,1.14723000,0.13641787,0.16295061
431.40000000,4.77450000,1.14531000,0.13648155,0.16302656
431.60000000,4.77450000,1.14531000,0.13654518,0.16310253
431.80000000,4.77587000,1.14473000,0.13660879,0.16317846
432.00000000,4.77575000,1.14371000,0.13667236,0.16325427
432.20000000,4.77287000,1.15532000,0.13673622,0.16333086
432.40000000,4.77287000,1.15532000,0.13680040,0.16340739
432.60000000,4.76962000,1.16883000,0.13686496,0.16348490
432.80000000,4.77450000,1.15100000,0.13692940,0.16356114
433.00000000,4.76900000,1.16915000,0.13699385,0.16363867
433.20000000,4.77437000,1.15164000,0.13705832,0.16371503
433.40000000,4.77437000,1.15164000,0.13712230,0.16379141
433.60000000,4.77487000,1.14665000,0.13718614,0.16386754
433.80000000,4.78037000,1.12915000,0.13724935,0.16394251
434.00000000,4.78050000,1.12467000,0.13731196,0.16401718
434.20000000,4.77950000,1.12780000,0.13737453,0.16409205
434.40000000,4.77950000,1.12780000,0.13743718,0.16416687
434.60000000,4.77712000,1.14076000,0.13750020,0.16424261
434.80000000,4.77987000,1.12681000,0.13756319,0.16431735
435.00000000,4.77575000,1.14336000,0.13762625,0.16439319
435.20000000,4.77575000,1.14336000,0.13768977,0.16446908
435.40000000,4.77925000,1.12982000,0.13775291,0.16454409
435.60000000,4.78000000,1.12528000,0.13781555,0.16461884
435.80000000,4.78312000,1.11651000,0.13787783,0.16469295
436.00000000,4.77900000,1.12956000,0.13794022,0.16476793
436.20000000,4.77900000,1.12956000,0.13800297,0.16484285
436.40000000,4.77600000,1.14636000,0.13806619,0.16491894
436.60000000,4.77887000,1.13484000,0.13812956,0.16499422
436.80000000,4.77637000,1.14092000,0.13819277,0.16506991
437.00000000,4.77637000,1.14092000,0.13825616,0.16514561
437.20000000,4.77687000,1.14012000,0.13831952,0.16522127
437.40000000,4.77825000,1.13376000,0.13838268,0.16529641
437.60000000,4.77187000,1.15676000,0.13844631,0.16537309
437.80000000,4.77287000,1.15811000,0.13851061,0.16544986
438.00000000,4.77287000,1.15811000,0.13857495,0.16552674
438.20000000,4.77950000,1.12851000,0.13863847,0.16560160
438.40000000,4.77600000,1.14473000,0.13870161,0.16567757
438.60000000,4.77837000,1.13280000,0.13876488,0.16575275
438.80000000,4.77837000,1.13280000,0.13882781,0.16582789
439.00000000,4.77575000,1.14096000,0.13889097,0.16590362
439.20000000,4.77887000,1.13254000,0.13895412,0.16597875
439.40000000,4.77625000,1.14000000,0.13901725,0.16605443
439.60000000,4.77987000,1.12873000,0.13908027,0.16612936
439.80000000,4.77987000,1.12873000,0.13914298,0.16620429
440.00000000,4.77962000,1.12918000,0.13920570,0.16627918
440.20000000,4.77512000,1.14608000,0.13926890,0.16635519
440.40000000,4.77525000,1.14828000,0.13933263,0.16643135
440.60000000,4.77525000,1.14828000,0.13939642,0.16650743
440.80000000,4.77025000,1.16540000,0.13946069,0.16658470
441.00000000,4.77425000,1.15219000,0.13952507,0.16666111
441.20000000,4.77487000,1.14508000,0.13958888,0.16673701
441.40000000,4.77237000,1.15612000,0.13965281,0.16681364
441.60000000,4.77237000,1.15612000,0.13971703,0.16689023
441.80000000,4.76987000,1.16566000,0.13978153,0.16696755
442.00000000,4.77562000,1.14358000,0.13984567,0.16704344
442.20000000,4.77812000,1.13644000,0.13990901,0.16711886
442.40000000,4.77187000,1.15814000,0.13997275,0.16719561
442.60000000,4.77187000,1.15814000,0.14003709,0.16727238
442.80000000,4.77262000,1.15929000,0.14010146,0.16734919
443.00000000,4.77012000,1.16713000,0.14016608,0.16742653
443.20000000,4.77137000,1.16012000,0.14023073,0.16750341
443.40000000,4.77137000,1.16012000,0.14029518,0.16758027
443.60000000,4.76987000,1.16886000,0.14035987,0.16765774
443.80000000,4.77225000,1.15670000,0.14042447,0.16773436
444.00000000,4.76912000,1.17043000,0.14048911,0.16781189
444.20000000,4.76912000,1.17043000,0.14055414,0.16788950
444.40000000,4.77437000,1.14992000,0.14061859,0.16796581
444.60000000,4.77837000,1.13286000,0.14068200,0.16804104
444.80000000,4.78100000,1.12678000,0.14074477,0.16811586
445.00000000,4.77800000,1.12940000,0.14080744,0.16819081
445.20000000,4.77800000,1.12940000,0.14087019,0.16826569
445.40000000,4.77387000,1.14582000,0.14093339,0.16834175
445.60000000,4.77950000,1.12588000,0.14099649,0.16841641
445.80000000,4.77450000,1.14643000,0.14105961,0.16849244
446.00000000,4.77450000,1.14643000,0.14112330,0.16856857
446.20000000,4.78137000,1.12256000,0.14118633,0.16864310
446.40000000,4.78012000,1.12118000,0.14124865,0.16871756
446.60000000,4.78187000,1.11753000,0.14131084,0.16879178
446.80000000,4.78187000,1.11753000,0.14137293,0.16886597
447.00000000,4.77987000,1.12473000,0.14143521,0.16894057
447.20000000,4.77562000,1.14080000,0.14149814,0.16901632
447.40000000,4.78062000,1.12454000,0.14156107,0.16909101
447.60000000,4.78262000,1.11766000,0.14162335,0.16916526
447.80000000,4.78262000,1.11766000,0.14168544,0.16923947
448.00000000,4.78075000,1.12387000,0.14174771,0.16931412
448.20000000,4.78237000,1.11904000,0.14181001,0.16938838
448.40000000,4.77825000,1.13001000,0.14187249,0.16946337
448.60000000,4.77825000,1.13001000,0.14193526,0.16953834
448.80000000,4.77637000,1.14195000,0.14199837,0.16961414
449.00000000,4.77962000,1.12435000,0.14206133,0.16968880
449.20000000,4.78050000,1.12185000,0.14212372,0.16976329
449.40000000,4.78100000,1.12131000,0.14218603,0.16983775
449.60000000,4.78100000,1.12131000,0.14224833,0.16991213
449.80000000,4.77612000,1.13737000,0.14231107,0.16998767
450.00000000,4.78225000,1.11916000,0.14237375,0.17006200
450.20000000,4.78150000,1.12038000,0.14243596,0.17013642
450.40000000,4.78250000,1.11558000,0.14249807,0.17021052
450.60000000,4.78250000,1.11558000,0.14256004,0.17028460
450.80000000,4.78137000,1.12153000,0.14262219,0.17035906
451.00000000,4.77987000,1.12614000,0.14268462,0.17043371
451.20000000,4.77300000,1.15145000,0.14274789,0.17051004
451.40000000,4.77300000,1.15145000,0.14281186,0.17058638
451.60000000,4.77337000,1.14998000,0.14287579,0.17066256
451.80000000,4.76975000,1.16729000,0.14294015,0.17073997
452.00000000,4.77437000,1.15132000,0.14300456,0.17081624
452.20000000,4.77025000,1.16428000,0.14306888,0.17089338
452.40000000,4.77025000,1.16428000,0.14313357,0.17097059
452.60000000,4.77462000,1.14697000,0.14319777,0.17104656
452.80000000,4.76887000,1.16755000,0.14326206,0.17112396
453.00000000,4.77300000,1.15315000,0.14332652,0.17120040
453.20000000,4.77300000,1.15315000,0.14339059,0.17127695
453.40000000,4.77937000,1.12921000,0.14345399,0.17135179
453.60000000,4.77187000,1.15929000,0.14351755,0.17142861
453.80000000,4.77150000,1.16339000,0.14358207,0.17150570
454.00000000,4.77087000,1.16144000,0.14364665,0.17158266
454.20000000,4.77087000,1.16144000,0.14371118,0.17165968
454.40000000,4.77450000,1.14550000,0.14377526,0.17173561
454.60000000,4.77275000,1.15564000,0.14383918,0.17181217
454.80000000,4.76962000,1.16486000,0.14390364,0.17188933
455.00000000,4.76962000,1.16486000,0.14396835,0.17196657
455.20000000,4.77375000,1.14707000,0.14403257,0.17204257
455.40000000,4.77050000,1.16361000,0.14409676,0.17211984
455.60000000,4.78150000,1.11632000,0.14416009,0.17219396
455.80000000,4.78050000,1.12172000,0.14422226,0.17226844
456.00000000,4.78050000,1.12172000,0.14428457,0.17234285
456.20000000,4.77625000,1.13987000,0.14434740,0.17241854
456.40000000,4.78112000,1.12483000,0.14441030,0.17249324
456.60000000,4.78150000,1.11932000,0.14447264,0.17256759
456.80000000,4.78225000,1.11641000,0.14453475,0.17264174
457.00000000,4.78225000,1.11641000,0.14459677,0.17271587
457.20000000,4.78087000,1.12268000,0.14465897,0.17279035
457.40000000,4.77662000,1.13904000,0.14472179,0.17286598
457.60000000,4.78025000,1.12070000,0.14478456,0.17294038
457.80000000,4.78025000,1.12070000,0.14484682,0.17301480
458.00000000,4.78087000,1.12281000,0.14490914,0.17308933
458.20000000,4.77937000,1.12595000,0.14497161,0.17316401
458.40000000,4.77575000,1.14054000,0.14503457,0.17323969
458.60000000,4.77725000,1.13760000,0.14509785,0.17331517
458.80000000,4.77725000,1.13760000,0.14516105,0.17339063
459.00000000,4.77600000,1.13932000,0.14522430,0.17346629
459.20000000,4.78137000,1.12300000,0.14528714,0.17354081
459.40000000,4.77775000,1.13331000,0.14534981,0.17361601
459.60000000,4.77775000,1.13331000,0.14541277,0.17369118
459.80000000,4.77525000,1.14236000,0.14547599,0.17376701
460.00000000,4.77925000,1.12960000,0.14553910,0.17384194
460.20000000,4.77650000,1.13955000,0.14560213,0.17391756
460.40000000,4.77737000,1.13398000,0.14566528,0.17399280
460.60000000,4.77737000,1.13398000,0.14572828,0.17406808
460.80000000,4.77975000,1.12716000,0.14579109,0.17414291
461.00000000,4.77975000,1.12422000,0.14585363,0.17421747
461.20000000,4.77525000,1.14105000,0.14591655,0.17429314
461.40000000,4.77650000,1.13408000,0.14597975,0.17436838
461.60000000,4.77650000,1.13408000,0.14604276,0.17444354
461.80000000,4.77162000,1.15510000,0.14610635,0.17452020
462.00000000,4.77825000,1.12793000,0.14616976,0.17459507
462.20000000,4.77950000,1.12502000,0.14623234,0.17466975
462.40000000,4.77950000,1.12502000,0.14629485,0.17474437
462.60000000,4.77562000,1.14131000,0.14635780,0.17482012
462.80000000,4.77837000,1.12585000,0.14642078,0.17489475
463.00000000,4.77325000,1.14982000,0.14648399,0.17497098
463.20000000,4.77337000,1.14880000,0.14654784,0.17504714
463.40000000,4.77337000,1.14880000,0.14661166,0.17512328
463.60000000,4.77150000,1.13548000,0.14667511,0.17519859
463.80000000,4.77550000,1.12252000,0.14673784,0.17527307
464.00000000,4.77712000,1.12176000,0.14680018,0.17534749
464.20000000,4.77712000,1.12176000,0.14686250,0.17542192
464.40000000,4.77725000,1.12022000,0.14692477,0.17549618
464.60000000,4.77275000,1.14038000,0.14698757,0.17557183
464.80000000,4.77625000,1.12611000,0.14705053,0.17564653
465.00000000,4.77625000,1.12588000,0.14711308,0.17572122
465.20000000,4.77625000,1.12588000,0.14717563,0.17579585
465.40000000,4.77250000,1.13920000,0.14723855,0.17587136
465.60000000,4.77275000,1.13731000,0.14730179,0.17594675
465.80000000,4.77275000,1.13817000,0.14736499,0.17602220
466.00000000,4.77275000,1.13817000,0.14742823,0.17609766
466.20000000,4.77337000,1.13596000,0.14749140,0.17617294
466.40000000,4.77187000,1.13891000,0.14755459,0.17624848
466.60000000,4.77512000,1.12787000,0.14761755,0.17632328
466.80000000,4.77350000,1.13440000,0.14768039,0.17639849
467.00000000,4.77350000,1.13440000,0.14774342,0.17647357
467.20000000,4.76537000,1.16419000,0.14780727,0.17655071
467.40000000,4.77075000,1.14755000,0.14787148,0.17662669
467.60000000,4.76737000,1.15916000,0.14793556,0.17670345
467.80000000,4.76737000,1.15916000,0.14799995,0.17678022
468.00000000,4.76850000,1.15648000,0.14806428,0.17685679
468.20000000,4.76762000,1.15792000,0.14812857,0.17693345
468.40000000,4.76650000,1.16457000,0.14819308,0.17701055
468.60000000,4.76650000,1.16457000,0.14825778,0.17708771
468.80000000,4.77062000,1.14960000,0.14832206,0.17716386
469.00000000,4.76912000,1.14876000,0.14838590,0.17724000
469.20000000,4.77262000,1.14064000,0.14844950,0.17731561
469.40000000,4.77262000,1.14064000,0.14851287,0.17739123
469.60000000,4.77300000,1.13472000,0.14857607,0.17746655
469.80000000,4.77925000,1.11363000,0.14863853,0.17754043
470.00000000,4.77650000,1.12316000,0.14870066,0.17761483
470.20000000,4.76987000,1.15081000,0.14876382,0.17769107
470.40000000,4.76987000,1.15081000,0.14882776,0.17776743
470.60000000,4.77737000,1.12028000,0.14889084,0.17784165
470.80000000,4.77012000,1.14582000,0.14895379,0.17791765
471.00000000,4.77525000,1.13052000,0.14901702,0.17799245
471.20000000,4.76425000,1.17078000,0.14908095,0.17806992
471.40000000,4.76425000,1.17078000,0.14914599,0.17814749
471.60000000,4.76987000,1.15120000,0.14921049,0.17822375
471.80000000,4.76962000,1.14928000,0.14927439,0.17829984
472.00000000,4.76737000,1.15552000,0.14933842,0.17837636
472.20000000,4.76737000,1.15552000,0.14940261,0.17845283
472.40000000,4.76537000,1.16761000,0.14946714,0.17853012
472.60000000,4.76600000,1.16611000,0.14953197,0.17860734
472.80000000,4.76762000,1.15932000,0.14959656,0.17868420
473.00000000,4.77325000,1.13801000,0.14966038,0.17875964
473.20000000,4.77325000,1.13801000,0.14972360,0.17883512
473.40000000,4.77537000,1.12790000,0.14978654,0.17890988
473.60000000,4.77212000,1.14131000,0.14984958,0.17898559
473.80000000,4.77612000,1.12896000,0.14991264,0.17906047
474.00000000,4.77612000,1.12896000,0.14997536,0.17913538
474.20000000,4.77725000,1.11968000,0.15003782,0.17920964
474.40000000,4.77487000,1.13171000,0.15010036,0.17928464
474.60000000,4.77200000,1.14086000,0.15016349,0.17936034
474.80000000,4.77750000,1.11974000,0.15022628,0.17943464
475.00000000,4.77750000,1.11974000,0.15028849,0.17950895
475.20000000,4.77812000,1.11849000,0.15035066,0.17958317
475.40000000,4.77737000,1.11888000,0.15041281,0.17965743
475.60000000,4.77900000,1.11436000,0.15047485,0.17973140
475.80000000,4.77675000,1.11952000,0.15053690,0.17980567
476.00000000,4.77675000,1.11952000,0.15059909,0.17987993
476.20000000,4.77575000,1.12691000,0.15066149,0.17995470
476.40000000,4.77750000,1.12201000,0.15072396,0.18002909
476.60000000,4.77337000,1.13667000,0.15078671,0.18010445
476.80000000,4.77337000,1.13667000,0.15084985,0.18017988
477.00000000,4.77825000,1.11795000,0.15091248,0.18025406
477.20000000,4.77712000,1.12035000,0.15097466,0.18032834
477.40000000,4.77375000,1.13251000,0.15103724,0.18040343
477.60000000,4.77400000,1.13820000,0.15110031,0.18047890
477.80000000,4.77400000,1.13820000,0.15116355,0.18055439
478.00000000,4.77537000,1.12595000,0.15122644,0.18062899
478.20000000,4.77037000,1.14547000,0.15128953,0.18070502
478.40000000,4.77912000,1.11456000,0.15135231,0.18077900
478.60000000,4.77912000,1.11456000,0.15141423,0.18085293
478.80000000,4.77537000,1.12707000,0.15147650,0.18092773
479.00000000,4.77875000,1.11884000,0.15153889,0.18100188
479.20000000,4.77175000,1.14009000,0.15160163,0.18107747
479.40000000,4.77375000,1.13548000,0.15166484,0.18115276
479.60000000,4.77375000,1.13548000,0.15172793,0.18122801
479.80000000,4.77175000,1.14649000,0.15179131,0.18130401
480.00000000,4.77287000,1.13408000,0.15185466,0.18137916
480.20000000,4.77112000,1.14633000,0.15191801,0.18145512
480.40000000,4.77062000,1.14588000,0.15198168,0.18153104
480.60000000,4.77062000,1.14588000,0.15204534,0.18160691
480.80000000,4.76725000,1.16048000,0.15210941,0.18168380
481.00000000,4.77037000,1.14832000,0.15217354,0.18175986
481.20000000,4.76925000,1.15004000,0.15223738,0.18183604
481.40000000,4.76925000,1.15004000,0.15230127,0.18191215
481.60000000,4.76487000,1.17225000,0.15236578,0.18198978
481.80000000,4.76800000,1.15798000,0.15243051,0.18206643
482.00000000,4.76612000,1.16326000,0.15249499,0.18214349
482.20000000,4.76962000,1.15187000,0.15255930,0.18221980
482.40000000,4.76962000,1.15187000,0.15262329,0.18229599
482.60000000,4.76262000,1.17561000,0.15268794,0.18237385
482.80000000,4.76875000,1.15584000,0.15275271,0.18245033
483.00000000,4.76400000,1.17238000,0.15281738,0.18252790
483.20000000,4.76400000,1.17238000,0.15288251,0.18260558
483.40000000,4.77025000,1.14720000,0.15294694,0.18268158
483.60000000,4.77012000,1.14864000,0.15301072,0.18275769
483.80000000,4.77087000,1.14400000,0.15307440,0.18283348
484.00000000,4.76987000,1.14960000,0.15313811,0.18290964
484.20000000,4.76987000,1.14960000,0.15320198,0.18298583
484.40000000,4.77187000,1.14332000,0.15326567,0.18306153
484.60000000,4.76712000,1.16153000,0.15332970,0.18313845
484.80000000,4.76800000,1.15814000,0.15339413,0.18321514
485.00000000,4.76800000,1.15814000,0.15345847,0.18329189
485.20000000,4.77125000,1.14355000,0.15352241,0.18336771
485.40000000,4.77337000,1.13340000,0.15358566,0.18344287
485.60000000,4.77487000,1.12982000,0.15364852,0.18351774
485.80000000,4.77125000,1.14249000,0.15371164,0.18359345
486.00000000,4.77125000,1.14249000,0.15377512,0.18366926
486.20000000,4.77775000,1.12121000,0.15383800,0.18374360
486.40000000,4.77337000,1.13382000,0.15390064,0.18381873
486.60000000,4.77112000,1.14140000,0.15396384,0.18389436
486.80000000,4.77112000,1.14140000,0.15402725,0.18397006
487.00000000,4.77475000,1.13148000,0.15409038,0.18404503
487.20000000,4.77100000,1.14278000,0.15415356,0.18412084
487.40000000,4.77587000,1.12467000,0.15421654,0.18419544
487.60000000,4.77600000,1.12521000,0.15427904,0.18427008
487.80000000,4.77600000,1.12521000,0.15434155,0.18434465
488.00000000,4.77162000,1.14224000,0.15440453,0.18442042
488.20000000,4.77612000,1.12460000,0.15446750,0.18449494
488.40000000,4.77075000,1.14547000,0.15453056,0.18457083
488.60000000,4.77325000,1.13712000,0.15459397,0.18464622
488.80000000,4.77325000,1.13712000,0.15465714,0.18472159
489.00000000,4.77200000,1.14368000,0.15472049,0.18479746
489.20000000,4.77650000,1.12144000,0.15478341,0.18487187
489.40000000,4.77775000,1.12134000,0.15484571,0.18494628
489.60000000,4.77775000,1.12134000,0.15490801,0.18502061
489.80000000,4.77237000,1.14000000,0.15497083,0.18509621
490.00000000,4.77475000,1.13081000,0.15503390,0.18517124
490.20000000,4.77750000,1.12147000,0.15509647,0.18524566
490.40000000,4.77575000,1.12796000,0.15515895,0.18532047
490.60000000,4.77575000,1.12796000,0.15522162,0.18539524
490.80000000,4.77262000,1.13926000,0.15528459,0.18547077
491.00000000,4.77337000,1.13929000,0.15534789,0.18554630
491.20000000,4.77450000,1.13014000,0.15541093,0.18562125
491.40000000,4.77450000,1.13014000,0.15547371,0.18569615
491.60000000,4.77187000,1.14252000,0.15553684,0.18577195
491.80000000,4.77675000,1.12201000,0.15559974,0.18584642
492.00000000,4.77900000,1.11548000,0.15566190,0.18592046
492.20000000,4.77800000,1.11929000,0.15572397,0.18599474
492.40000000,4.77800000,1.11929000,0.15578616,0.18606896
492.60000000,4.77475000,1.12633000,0.15584854,0.18614362
492.80000000,4.77237000,1.14000000,0.15591149,0.18621921
493.00000000,4.77437000,1.13456000,0.15597467,0.18629445
493.20000000,4.77437000,1.13456000,0.15603770,0.18636967
493.40000000,4.77387000,1.13356000,0.15610071,0.18644483
493.60000000,4.77337000,1.13734000,0.15616379,0.18652024
493.80000000,4.77425000,1.13075000,0.15622679,0.18659522
494.00000000,4.76962000,1.15020000,0.15629015,0.18667141
494.20000000,4.76962000,1.15020000,0.15635405,0.18674753
494.40000000,4.76437000,1.17526000,0.15641864,0.18682539
494.60000000,4.77037000,1.14835000,0.15648319,0.18690139
494.80000000,4.76500000,1.17084000,0.15654761,0.18697888
495.00000000,4.76750000,1.15702000,0.15661227,0.18705549
495.20000000,4.76750000,1.15702000,0.15667655,0.18713208
495.40000000,4.76625000,1.16528000,0.15674106,0.18720932
495.60000000,4.77225000,1.14560000,0.15680525,0.18728528
495.80000000,4.77412000,1.13350000,0.15686856,0.18736044
496.00000000,4.77412000,1.13350000,0.15693153,0.18743560
496.20000000,4.77437000,1.13251000,0.15699448,0.18751056
496.40000000,4.76525000,1.16841000,0.15705839,0.18758795
496.60000000,4.76925000,1.15484000,0.15712293,0.18766445
496.80000000,4.76925000,1.15484000,0.15718708,0.18774092
497.00000000,4.76800000,1.15961000,0.15725137,0.18781784
497.20000000,4.77587000,1.12566000,0.15731485,0.18789244
497.40000000,4.77162000,1.14380000,0.15737790,0.18796825
497.60000000,4.77162000,1.14380000,0.15744144,0.18804412
497.80000000,4.77612000,1.12620000,0.15750450,0.18811880
498.00000000,4.77450000,1.13868000,0.15756741,0.18819420
498.20000000,4.76762000,1.16185000,0.15763131,0.18827113
498.40000000,4.76737000,1.16041000,0.15769582,0.18834797
498.60000000,4.76737000,1.16041000,0.15776029,0.18842491
498.80000000,4.77425000,1.13859000,0.15782415,0.18850045
499.00000000,4.77662000,1.12521000,0.15788703,0.18857501
499.20000000,4.77137000,1.14860000,0.15795019,0.18865113
499.40000000,4.77137000,1.14860000,0.15801400,0.18872734
499.60000000,4.77750000,1.12160000,0.15807706,0.18880175
499.80000000,4.77662000,1.12342000,0.15813943,0.18887627
500.00000000,4.77550000,1.12828000,0.15820197,0.18895107
500.20000000,4.77362000,1.14115000,0.15826501,0.18902673
500.40000000,4.77362000,1.14115000,0.15832841,0.18910239
500.60000000,4.77400000,1.13164000,0.15839154,0.18917742
500.80000000,4.77362000,1.13766000,0.15845458,0.18925289
501.00000000,4.77625000,1.12729000,0.15851749,0.18932767
501.20000000,4.77725000,1.12582000,0.15858008,0.18940237
501.40000000,4.77725000,1.12582000,0.15864263,0.18947698
501.60000000,4.77175000,1.14486000,0.15870570,0.18955294
501.80000000,4.77712000,1.12515000,0.15876876,0.18962759
502.00000000,4.77687000,1.12524000,0.15883127,0.18970225
502.20000000,4.77687000,1.12524000,0.15889378,0.18977688
502.40000000,4.77537000,1.13030000,0.15895644,0.18985180
502.60000000,4.77250000,1.13913000,0.15901947,0.18992733
502.80000000,4.77400000,1.13673000,0.15908269,0.19000269
503.00000000,4.77300000,1.13721000,0.15914586,0.19007807
503.20000000,4.77300000,1.13721000,0.15920904,0.19015353
503.40000000,4.77762000,1.12140000,0.15927178,0.19022795
503.60000000,4.77775000,1.11974000,0.15933403,0.19030216
503.80000000,4.77162000,1.14044000,0.15939681,0.19037774
504.00000000,4.77162000,1.14044000,0.15946017,0.19045336
504.20000000,4.77462000,1.13011000,0.15952324,0.19052827
504.40000000,4.77212000,1.13993000,0.15958630,0.19060384
504.60000000,4.77312000,1.13756000,0.15964956,0.19067922
504.80000000,4.77125000,1.14630000,0.15971300,0.19075518
505.00000000,4.77125000,1.14630000,0.15977669,0.19083122
505.20000000,4.77587000,1.12806000,0.15983986,0.19090589
505.40000000,4.76600000,1.16483000,0.15990355,0.19098308
505.60000000,4.77112000,1.15004000,0.15996786,0.19105928
505.80000000,4.77112000,1.15004000,0.16003175,0.19113546
506.00000000,4.76912000,1.15251000,0.16009571,0.19121174
506.20000000,4.76562000,1.16534000,0.16016009,0.19128890
506.40000000,4.76725000,1.16156000,0.16022473,0.19136578
506.60000000,4.76500000,1.16873000,0.16028946,0.19144312
506.80000000,4.76500000,1.16873000,0.16035439,0.19152052
507.00000000,4.76812000,1.16028000,0.16041908,0.19159738
507.20000000,4.76937000,1.15468000,0.16048339,0.19167390
507.40000000,4.77112000,1.14585000,0.16054729,0.19174983
507.60000000,4.77037000,1.15113000,0.16061109,0.19182609
507.80000000,4.77037000,1.15113000,0.16067505,0.19190236
508.00000000,4.77025000,1.14694000,0.16073888,0.19197828
508.20000000,4.76562000,1.16864000,0.16080320,0.19205566
508.40000000,4.76775000,1.16172000,0.16086794,0.19213259
508.60000000,4.76775000,1.16172000,0.16093248,0.19220948
508.80000000,4.76525000,1.16688000,0.16099716,0.19228673
509.00000000,4.76650000,1.16476000,0.16106193,0.19236384
509.20000000,4.76687000,1.16483000,0.16112664,0.19244096
509.40000000,4.76687000,1.16483000,0.16119135,0.19251818
509.60000000,4.77312000,1.14028000,0.16125538,0.19259379
509.80000000,4.77412000,1.13318000,0.16131853,0.19266891
510.00000000,4.77325000,1.14016000,0.16138168,0.19274450
510.20000000,4.77325000,1.14016000,0.16144502,0.19282009
510.40000000,4.77337000,1.13990000,0.16150836,0.19289563
510.60000000,4.77162000,1.14256000,0.16157176,0.19297143
510.80000000,4.77675000,1.12243000,0.16163468,0.19304590
511.00000000,4.77325000,1.13760000,0.16169745,0.19312132
511.20000000,4.77325000,1.13760000,0.16176065,0.19319675
511.40000000,4.77437000,1.13180000,0.16182369,0.19327178
511.60000000,4.77287000,1.13913000,0.16188677,0.19334737
511.80000000,4.77762000,1.12070000,0.16194955,0.19342173
512.00000000,4.77762000,1.12070000,0.16201181,0.19349611
512.20000000,4.77812000,1.11753000,0.16207398,0.19357027
512.40000000,4.77837000,1.11849000,0.16213609,0.19364446
512.60000000,4.77562000,1.12822000,0.16219850,0.19371934
512.80000000,4.77887000,1.11225000,0.16226074,0.19379317
513.00000000,4.77887000,1.11225000,0.16232253,0.19386698
513.20000000,4.77850000,1.12083000,0.16238456,0.19394125
513.40000000,4.77037000,1.14665000,0.16244754,0.19401734
513.60000000,4.77837000,1.11846000,0.16251046,0.19409157
513.80000000,4.77837000,1.11846000,0.16257260,0.19416577
514.00000000,4.77650000,1.12374000,0.16263488,0.19424032
514.20000000,4.77675000,1.12227000,0.16269727,0.19431472
514.40000000,4.77275000,1.13830000,0.16276007,0.19439020
514.60000000,4.77475000,1.13020000,0.16282308,0.19446516
514.80000000,4.77475000,1.13020000,0.16288587,0.19454007
515.00000000,4.77262000,1.14163000,0.16294898,0.19461580
515.20000000,4.77600000,1.12937000,0.16301206,0.19469073
515.40000000,4.77712000,1.12230000,0.16307461,0.19476520
515.60000000,4.77712000,1.12230000,0.16313696,0.19483965
515.80000000,4.77675000,1.12691000,0.16319943,0.19491441
516.00000000,4.77662000,1.12825000,0.16326208,0.19498921
516.20000000,4.77287000,1.13923000,0.16332506,0.19506475
516.40000000,4.77425000,1.13510000,0.16338824,0.19514001
516.60000000,4.77425000,1.13510000,0.16345130,0.19521531
516.80000000,4.77575000,1.12704000,0.16351414,0.19529003
517.00000000,4.77350000,1.14012000,0.16357711,0.19536565
517.20000000,4.77537000,1.12886000,0.16364014,0.19544052
517.40000000,4.77537000,1.12886000,0.16370286,0.19551537
517.60000000,4.77425000,1.13628000,0.16376578,0.19559069
517.80000000,4.77250000,1.13996000,0.16382901,0.19566626
518.00000000,4.77337000,1.13638000,0.16389224,0.19574161
518.20000000,4.77400000,1.13408000,0.16395531,0.19581681
518.40000000,4.77400000,1.13408000,0.16401831,0.19589199
518.60000000,4.77287000,1.14035000,0.16408149,0.19596748
518.80000000,4.76650000,1.16681000,0.16414558,0.19604473
519.00000000,4.76700000,1.16563000,0.16421037,0.19612191
519.20000000,4.76737000,1.16489000,0.16427510,0.19619904
519.40000000,4.76737000,1.16489000,0.16433982,0.19627620
519.60000000,4.76925000,1.15347000,0.16440422,0.19635258
519.80000000,4.76737000,1.16009000,0.16446848,0.19642939
520.00000000,4.76687000,1.16118000,0.16453296,0.19650626
520.20000000,4.76687000,1.16118000,0.16459747,0.19658317
520.40000000,4.76875000,1.15040000,0.16466168,0.19665932
520.60000000,4.76562000,1.16896000,0.16472611,0.19673682
520.80000000,4.77400000,1.13798000,0.16479019,0.19681219
521.00000000,4.76825000,1.15603000,0.16485391,0.19688875
521.20000000,4.76825000,1.15603000,0.16491814,0.19696532
521.40000000,4.76937000,1.15596000,0.16498236,0.19704189
521.60000000,4.76925000,1.15552000,0.16504657,0.19711841
521.80000000,4.76750000,1.16140000,0.16511093,0.19719531
522.00000000,4.76750000,1.16140000,0.16517545,0.19727219
522.20000000,4.76637000,1.16560000,0.16524009,0.19734940
522.40000000,4.76900000,1.15356000,0.16530451,0.19742573
522.60000000,4.76437000,1.17382000,0.16536916,0.19750356
522.80000000,4.77387000,1.13424000,0.16543327,0.19757876
523.00000000,4.77387000,1.13424000,0.16549628,0.19765401
523.20000000,4.77637000,1.12691000,0.16555909,0.19772872
523.40000000,4.77337000,1.14160000,0.16562211,0.19780442
523.60000000,4.77475000,1.13139000,0.16568525,0.19787945
523.80000000,4.77475000,1.13139000,0.16574810,0.19795446
524.00000000,4.77312000,1.13843000,0.16581115,0.19802997
524.20000000,4.77550000,1.13033000,0.16587417,0.19810493
524.40000000,4.77500000,1.12700000,0.16593688,0.19817963
524.60000000,4.77237000,1.14403000,0.16599996,0.19825546
524.80000000,4.77237000,1.14403000,0.16606352,0.19833136
525.00000000,4.77712000,1.12131000,0.16612644,0.19840573
525.20000000,4.77537000,1.12726000,0.16618891,0.19848055
525.40000000,4.77837000,1.12134000,0.16625137,0.19855497
525.60000000,4.77837000,1.12134000,0.16631366,0.19862932
525.80000000,4.77425000,1.13344000,0.16637630,0.19870449
526.00000000,4.77525000,1.13273000,0.16643924,0.19877956
526.20000000,4.77162000,1.14361000,0.16650248,0.19885535
526.40000000,4.77162000,1.14361000,0.16656601,0.19893121
526.60000000,4.77562000,1.12992000,0.16662916,0.19900607
526.80000000,4.77050000,1.15193000,0.16669255,0.19908251
527.00000000,4.77750000,1.12070000,0.16675568,0.19915688
527.20000000,4.77800000,1.12006000,0.16681792,0.19923121
527.40000000,4.77800000,1.12006000,0.16688015,0.19930553
527.60000000,4.77762000,1.12275000,0.16694245,0.19938001
527.80000000,4.77662000,1.12336000,0.16700484,0.19945447
528.00000000,4.77237000,1.14300000,0.16706779,0.19953023
528.20000000,4.77237000,1.14300000,0.16713129,0.19960601
528.40000000,4.77337000,1.13625000,0.16719461,0.19968133
528.60000000,4.77237000,1.14134000,0.16725787,0.19975704
528.80000000,4.77625000,1.12665000,0.16732087,0.19983173
529.00000000,4.77337000,1.13510000,0.16738370,0.19990699
529.20000000,4.77337000,1.13510000,0.16744676,0.19998224
529.40000000,4.77375000,1.13580000,0.16750984,0.20005753
529.60000000,4.77237000,1.14003000,0.16757306,0.20013315
529.80000000,4.77575000,1.12732000,0.16763604,0.20020792
530.00000000,4.77575000,1.12732000,0.16769867,0.20028264
530.20000000,4.77187000,1.14620000,0.16776182,0.20035866
530.40000000,4.77537000,1.13251000,0.16782512,0.20043373
530.60000000,4.77300000,1.14278000,0.16788832,0.20050951
530.80000000,4.77450000,1.13123000,0.16795149,0.20058453
531.00000000,4.77450000,1.13123000,0.16801433,0.20065952
531.20000000,4.77300000,1.14147000,0.16807746,0.20073521
531.40000000,4.77437000,1.13372000,0.16814066,0.20081036
531.60000000,4.77237000,1.14073000,0.16820384,0.20088597
531.80000000,4.77237000,1.14073000,0.16826722,0.20096157
532.00000000,4.77175000,1.14208000,0.16833063,0.20103721
532.20000000,4.76887000,1.15436000,0.16839442,0.20111372
532.40000000,4.77175000,1.14512000,0.16845829,0.20118957
532.60000000,4.76900000,1.15356000,0.16852215,0.20126597
532.80000000,4.76900000,1.15356000,0.16858623,0.20134253
533.00000000,4.77850000,1.11993000,0.16864938,0.20141684
533.20000000,4.77725000,1.12358000,0.16871170,0.20149138
533.40000000,4.77625000,1.12038000,0.16877404,0.20156570
533.60000000,4.77725000,1.12342000,0.16883636,0.20164024
533.80000000,4.77725000,1.12342000,0.16889878,0.20171478
534.00000000,4.77737000,1.12108000,0.16896112,0.20178916
534.20000000,4.77662000,1.12355000,0.16902347,0.20186364
534.40000000,4.77312000,1.14160000,0.16908640,0.20193932
534.60000000,4.77312000,1.14160000,0.16914982,0.20201495
534.80000000,4.77025000,1.14662000,0.16921338,0.20209091
535.00000000,4.76962000,1.15280000,0.16927725,0.20216721
535.20000000,4.76537000,1.16777000,0.16934171,0.20224455
535.40000000,4.76825000,1.15916000,0.16940635,0.20232131
535.60000000,4.76825000,1.15916000,0.16947075,0.20239803
535.80000000,4.76525000,1.17126000,0.16953548,0.20247557
536.00000000,4.76662000,1.16096000,0.16960027,0.20255242
536.20000000,4.76587000,1.16771000,0.16966495,0.20262971
536.40000000,4.76587000,1.16771000,0.16972982,0.20270714
536.60000000,4.77400000,1.13321000,0.16979374,0.20278224
536.80000000,4.77162000,1.14291000,0.16985696,0.20285805
537.00000000,4.77575000,1.12870000,0.16992006,0.20293286
537.20000000,4.77250000,1.13523000,0.16998295,0.20300811
537.40000000,4.77250000,1.13523000,0.17004602,0.20308341
537.60000000,4.77537000,1.13056000,0.17010896,0.20315843
537.80000000,4.77800000,1.11708000,0.17017139,0.20323253
538.00000000,4.77575000,1.12771000,0.17023375,0.20330733
538.20000000,4.77575000,1.12771000,0.17029640,0.20338207
538.40000000,4.77187000,1.14243000,0.17035946,0.20345784
538.60000000,4.77562000,1.12806000,0.17042253,0.20353266
538.80000000,4.77537000,1.12800000,0.17048519,0.20360740
539.00000000,4.77075000,1.14640000,0.17054837,0.20368336
539.20000000,4.77075000,1.14640000,0.17061206,0.20375938
539.40000000,4.77450000,1.13315000,0.17067538,0.20383449
539.60000000,4.77200000,1.14342000,0.17073862,0.20391031
539.80000000,4.77462000,1.13244000,0.17080184,0.20398541
540.00000000,4.77537000,1.13046000,0.17086470,0.20406039
540.20000000,4.77537000,1.13046000,0.17092750,0.20413538
540.40000000,4.77662000,1.12435000,0.17099013,0.20420998
540.60000000,0.52375000,1.12307000,0.17105256,0.20428440
540.80000000,4.77150000,1.14307000,0.17111551,0.20436016
541.00000000,4.77150000,1.14307000,0.17117901,0.20443598
541.20000000,4.77575000,1.12665000,0.17124206,0.20451066
541.40000000,4.77262000,1.13948000,0.17130501,0.20458617
541.60000000,4.77162000,1.14534000,0.17136848,0.20466208
541.80000000,4.77012000,1.14835000,0.17143219,0.20473816
542.00000000,4.77012000,1.14835000,0.17149599,0.20481422
542.20000000,4.76875000,1.15625000,0.17156000,0.20489078
542.40000000,4.76762000,1.16108000,0.17162438,0.20496764
542.60000000,4.76612000,1.16476000,0.17168898,0.20504474
542.80000000,4.76612000,1.16476000,0.17175369,0.20512185
543.00000000,4.76662000,1.16300000,0.17181835,0.20519894
543.20000000,4.77225000,1.14025000,0.17188233,0.20527461
543.40000000,4.77812000,1.11865000,0.17194508,0.20534884
543.60000000,4.77812000,1.11865000,0.17200722,0.20542301
543.80000000,4.77362000,1.13628000,0.17206986,0.20549834
544.00000000,4.77300000,1.13830000,0.17213304,0.20557385
544.20000000,4.77662000,1.12537000,0.17219592,0.20564851
544.40000000,4.77662000,1.12537000,0.17225844,0.20572320
544.60000000,4.77825000,1.11814000,0.17232076,0.20579738
544.80000000,4.77675000,1.12348000,0.17238303,0.20587193
545.00000000,4.77800000,1.11785000,0.17244529,0.20594610
545.20000000,4.77700000,1.12070000,0.17250747,0.20602046
545.40000000,4.77700000,1.12070000,0.17256973,0.20609482
545.60000000,4.77725000,1.12377000,0.17263208,0.20616939
545.80000000,4.77775000,1.11859000,0.17269437,0.20624351
546.00000000,4.77112000,1.14342000,0.17275720,0.20631928
546.20000000,4.77112000,1.14342000,0.17282072,0.20639515
546.40000000,4.77775000,1.12220000,0.17288366,0.20646961
546.60000000,4.77712000,1.12089000,0.17294597,0.20654388
546.80000000,4.77062000,1.14787000,0.17300899,0.20662003
547.00000000,4.77675000,1.12284000,0.17307206,0.20669453
547.20000000,4.77675000,1.12284000,0.17313444,0.20676896
547.40000000,4.77275000,1.14105000,0.17319733,0.20684468
547.60000000,4.77812000,1.12416000,0.17326025,0.20691926
547.80000000,4.77662000,1.12460000,0.17332272,0.20699387
548.00000000,4.77662000,1.12460000,0.17338519,0.20706846
548.20000000,4.77550000,1.12851000,0.17344778,0.20714314
548.40000000,4.76462000,1.17196000,0.17351168,0.20722080
548.60000000,4.77137000,1.14339000,0.17357600,0.20729653
548.80000000,4.76887000,1.15568000,0.17363986,0.20737308
549.00000000,4.76887000,1.15568000,0.17370407,0.20744957
549.20000000,4.76537000,1.16697000,0.17376858,0.20752688
549.40000000,4.76975000,1.15321000,0.17383303,0.20760319
549.60000000,4.76437000,1.17283000,0.17389765,0.20768080
549.80000000,4.76962000,1.14857000,0.17396213,0.20775688
550.00000000,4.76962000,1.14857000,0.17402594,0.20783306
550.20000000,4.77562000,1.12777000,0.17408917,0.20790789
550.40000000,4.77687000,1.12217000,0.17415167,0.20798224
550.60000000,4.77075000,1.14726000,0.17421471,0.20805826
550.80000000,4.77075000,1.14726000,0.17427844,0.20813439
551.00000000,4.77762000,1.11913000,0.17434140,0.20820855
551.20000000,4.77150000,1.14198000,0.17440421,0.20828429
551.40000000,4.77525000,1.12969000,0.17446731,0.20835915
551.60000000,4.77112000,1.14444000,0.17453048,0.20843499
551.80000000,4.77112000,1.14444000,0.17459406,0.20851092
552.00000000,4.77712000,1.12134000,0.17465700,0.20858532
552.20000000,4.77712000,1.12080000,0.17471928,0.20865969
552.40000000,4.77712000,1.12278000,0.17478160,0.20873418
552.60000000,4.77712000,1.12278000,0.17484398,0.20880860
552.80000000,4.77250000,1.14214000,0.17490689,0.20888438
553.00000000,4.77662000,1.12070000,0.17496975,0.20895874
553.20000000,4.77775000,1.12102000,0.17503202,0.20903312
553.40000000,4.77737000,1.11856000,0.17509423,0.20910734
553.60000000,4.77737000,1.11856000,0.17515637,0.20918157
553.80000000,4.77800000,1.11862000,0.17521852,0.20925582
554.00000000,4.77900000,1.11923000,0.17528068,0.20933010
554.20000000,4.77850000,1.11379000,0.17534271,0.20940402
554.40000000,4.77850000,1.11379000,0.17540458,0.20947787
554.60000000,4.77375000,1.13523000,0.17546706,0.20955314
554.80000000,4.77387000,1.13209000,0.17553004,0.20962822
555.00000000,4.77512000,1.13001000,0.17559287,0.20970314
555.20000000,4.77350000,1.14016000,0.17565594,0.20977873
555.40000000,4.77350000,1.14016000,0.17571928,0.20985438
555.60000000,4.77725000,1.12089000,0.17578208,0.20992878
555.80000000,4.77900000,1.11824000,0.17584428,0.21000297
556.00000000,4.77712000,1.12377000,0.17590656,0.21007756
556.20000000,4.77862000,1.11801000,0.17596883,0.21015176
556.40000000,4.77862000,1.11801000,0.17603094,0.21022592
556.60000000,4.77587000,1.12617000,0.17609328,0.21030058
556.80000000,4.77325000,1.13865000,0.17615619,0.21037607
557.00000000,4.77337000,1.13840000,0.17621945,0.21045154
557.20000000,4.77337000,1.13840000,0.17628269,0.21052701
557.40000000,4.77312000,1.13846000,0.17634594,0.21060257
557.60000000,4.77862000,1.11856000,0.17640863,0.21067677
557.80000000,4.77637000,1.12582000,0.17647097,0.21075139
558.00000000,4.77237000,1.14089000,0.17653394,0.21082701
558.20000000,4.77237000,1.14089000,0.17659732,0.21090270
558.40000000,4.77612000,1.12896000,0.17666037,0.21097751
558.60000000,4.77150000,1.14294000,0.17672348,0.21105331
558.80000000,4.77462000,1.13315000,0.17678671,0.21112845
559.00000000,4.77462000,1.13315000,0.17684966,0.21120354
559.20000000,4.77125000,1.14332000,0.17691289,0.21127932
559.40000000,4.77187000,1.14451000,0.17697644,0.21135507
559.60000000,4.76587000,1.16726000,0.17704066,0.21143238
559.80000000,4.76837000,1.15734000,0.17710523,0.21150903
560.00000000,4.76837000,1.15734000,0.17716953,0.21158563
560.20000000,4.76587000,1.16870000,0.17723414,0.21166301
560.40000000,4.76712000,1.16297000,0.17729891,0.21173999
560.60000000,4.76550000,1.16704000,0.17736363,0.21181723
560.80000000,4.77112000,1.14886000,0.17742796,0.21189336
561.00000000,4.77112000,1.14886000,0.17749179,0.21196953
561.20000000,4.77375000,1.13526000,0.17755524,0.21204485
561.40000000,4.77712000,1.12531000,0.17761803,0.21211941
561.60000000,4.77000000,1.15376000,0.17768134,0.21219584
561.80000000,4.77000000,1.15376000,0.17774544,0.21227218
562.00000000,4.76387000,1.17436000,0.17781011,0.21235000
562.20000000,4.77100000,1.14659000,0.17787458,0.21242596
562.40000000,4.76975000,1.15136000,0.17793841,0.21250223
562.60000000,4.76937000,1.14969000,0.17800233,0.21257839
562.80000000,4.76937000,1.14969000,0.17806620,0.21265449
563.00000000,4.76600000,1.16800000,0.17813058,0.21273186
563.20000000,4.76962000,1.15136000,0.17819501,0.21280814
563.40000000,4.77650000,1.12736000,0.17825830,0.21288293
563.60000000,4.77650000,1.12736000,0.17832093,0.21295772
563.80000000,4.77700000,1.12492000,0.17838350,0.21303231
564.00000000,4.77425000,1.13190000,0.17844619,0.21310736
564.20000000,4.77387000,1.13862000,0.17850926,0.21318286
564.40000000,4.77387000,1.13862000,0.17857251,0.21325835
564.60000000,4.77387000,1.13532000,0.17863568,0.21333360
564.80000000,4.77212000,1.14243000,0.17869895,0.21340935
565.00000000,4.77387000,1.13555000,0.17876223,0.21348464
565.20000000,4.77387000,1.13545000,0.17882531,0.21355993
565.40000000,4.77387000,1.13545000,0.17888839,0.21363525
565.60000000,4.77637000,1.12956000,0.17895131,0.21371011
565.80000000,4.77175000,1.14387000,0.17901446,0.21378600
566.00000000,4.77687000,1.12524000,0.17907749,0.21386066
566.20000000,4.77237000,1.14534000,0.17914056,0.21393657
566.40000000,4.77237000,1.14534000,0.17920419,0.21401257
566.60000000,4.77725000,1.12262000,0.17926719,0.21408708
566.80000000,4.77887000,1.11984000,0.17932948,0.21416137
567.00000000,4.77675000,1.12230000,0.17939176,0.21423583
567.20000000,4.77675000,1.12230000,0.17945411,0.21431024
567.40000000,4.77362000,1.13712000,0.17951687,0.21438566
567.60000000,4.77575000,1.13209000,0.17957991,0.21446068
567.80000000,4.77087000,1.14230000,0.17964308,0.21453637
568.00000000,4.77612000,1.12809000,0.17970615,0.21461120
568.20000000,4.77612000,1.12809000,0.17976882,0.21468597
568.40000000,4.77212000,1.14048000,0.17983184,0.21476164
568.60000000,4.77687000,1.12304000,0.17989471,0.21483607
568.80000000,4.77212000,1.14336000,0.17995767,0.21491185
569.00000000,4.77212000,1.14336000,0.18002119,0.21498769
569.20000000,4.77562000,1.12854000,0.18008430,0.21506252
569.40000000,4.77400000,1.13644000,0.18014721,0.21513787
569.60000000,4.77412000,1.13657000,0.18021035,0.21521319
569.80000000,4.77125000,1.14320000,0.18027368,0.21528895
570.00000000,4.77125000,1.14320000,0.18033719,0.21536479
570.20000000,4.77700000,1.12803000,0.18040028,0.21543964
570.40000000,4.77712000,1.12294000,0.18046281,0.21551411
570.60000000,4.77500000,1.13606000,0.18052556,0.21558945
570.80000000,4.77250000,1.14182000,0.18058883,0.21566514
571.00000000,4.77250000,1.14182000,0.18065227,0.21574087
571.20000000,4.77525000,1.13036000,0.18071538,0.21581581
571.40000000,4.77375000,1.13756000,0.18077838,0.21589123
571.60000000,4.77750000,1.11987000,0.18084109,0.21596554
571.80000000,4.77750000,1.11987000,0.18090330,0.21603983
572.00000000,4.77625000,1.12822000,0.18096575,0.21611462
572.20000000,4.77287000,1.14339000,0.18102885,0.21619049
572.40000000,4.77725000,1.12409000,0.18109183,0.21626507
572.60000000,4.77725000,1.12409000,0.18115428,0.21633965
572.80000000,4.77700000,1.12576000,0.18121678,0.21641430
573.00000000,4.77450000,1.13187000,0.18127949,0.21648935
573.20000000,4.77362000,1.13820000,0.18134255,0.21656481
573.40000000,4.77637000,1.12665000,0.18140546,0.21663955
573.60000000,4.77637000,1.12665000,0.18146805,0.21671423
573.80000000,4.77262000,1.14163000,0.18153106,0.21679002
574.00000000,4.77962000,1.11372000,0.18159371,0.21686391
574.20000000,4.77712000,1.12182000,0.18165581,0.21693834
574.40000000,4.77712000,1.12182000,0.18171813,0.21701279
574.60000000,4.77812000,1.12169000,0.18178045,0.21708723
574.80000000,4.77812000,1.11817000,0.18184267,0.21716129
575.00000000,4.76912000,1.15222000,0.18190574,0.21723764
575.20000000,4.77112000,1.14720000,0.18196961,0.21731366
575.40000000,4.77112000,1.14720000,0.18203334,0.21738967
575.60000000,4.77000000,1.14825000,0.18209710,0.21746572
575.80000000,4.76900000,1.15568000,0.18216110,0.21754224
576.00000000,4.76687000,1.16419000,0.18222554,0.21761931
576.20000000,4.76687000,1.16419000,0.18229022,0.21769641
576.40000000,4.76825000,1.16016000,0.18235479,0.21777324
576.60000000,4.76775000,1.16188000,0.18241929,0.21785020
576.80000000,4.76937000,1.15222000,0.18248357,0.21792656
577.00000000,4.77150000,1.14579000,0.18254740,0.21800249
577.20000000,4.77150000,1.14579000,0.18261106,0.21807852
577.40000000,4.77762000,1.12204000,0.18267405,0.21815297
577.60000000,4.77750000,1.12185000,0.18273638,0.21822744
577.80000000,4.77925000,1.12032000,0.18279866,0.21830180
578.00000000,4.77925000,1.12032000,0.18286090,0.21837613
578.20000000,4.77687000,1.12252000,0.18292321,0.21845055
578.40000000,4.77312000,1.13961000,0.18298604,0.21852615
578.60000000,4.77625000,1.12864000,0.18304905,0.21860098
578.80000000,4.77375000,1.13376000,0.18311189,0.21867615
579.00000000,4.77375000,1.13376000,0.18317488,0.21875130
579.20000000,4.77262000,1.13952000,0.18323803,0.21882690
579.40000000,4.77650000,1.12304000,0.18330088,0.21890131
579.60000000,4.77075000,1.14572000,0.18336390,0.21897732
579.80000000,4.77675000,1.12300000,0.18342692,0.21905183
580.00000000,4.77675000,1.12300000,0.18348931,0.21912626
580.20000000,4.77225000,1.13913000,0.18355214,0.21920180
580.40000000,4.77475000,1.13510000,0.18361532,0.21927711
580.60000000,4.77675000,1.12128000,0.18367799,0.21935150
580.80000000,4.77675000,1.12128000,0.18374029,0.21942588
581.00000000,4.77587000,1.12540000,0.18380269,0.21950045
581.20000000,4.77137000,1.14422000,0.18386574,0.21957636
581.40000000,4.77612000,1.12748000,0.18392884,0.21965113
581.60000000,4.77525000,1.12752000,0.18399148,0.21972591
581.80000000,4.77525000,1.12752000,0.18405412,0.21980069
582.00000000,4.77487000,1.13302000,0.18411691,0.21987585
582.20000000,4.77600000,1.12742000,0.18417970,0.21995061
582.40000000,4.77462000,1.13164000,0.18424246,0.22002565
582.60000000,4.77462000,1.13164000,0.18430532,0.22010066
582.80000000,4.77225000,1.13974000,0.18436842,0.22017626
583.00000000,4.77612000,1.12732000,0.18443139,0.22025105
583.20000000,4.77612000,1.12953000,0.18449408,0.22032594
583.40000000,4.77387000,1.13526000,0.18455699,0.22040121
583.60000000,4.77387000,1.13526000,0.18462006,0.22047651
583.80000000,4.77587000,1.12739000,0.18468291,0.22055126
584.00000000,4.77362000,1.13692000,0.18474581,0.22062664
584.20000000,4.77375000,1.13747000,0.18480899,0.22070206
584.40000000,4.77387000,1.13622000,0.18487215,0.22077739
584.60000000,4.77387000,1.13622000,0.18493527,0.22085278
584.80000000,4.77712000,1.11952000,0.18499793,0.22092708
585.00000000,4.77875000,1.11932000,0.18506012,0.22100138
585.20000000,4.77887000,1.12009000,0.18512233,0.22107572
585.40000000,4.77887000,1.12009000,0.18518455,0.22115001
585.60000000,4.77512000,1.13251000,0.18524713,0.22122507
585.80000000,4.77237000,1.14086000,0.18531028,0.22130070
586.00000000,4.77275000,1.13964000,0.18537362,0.22137625
586.20000000,4.77325000,1.14265000,0.18543702,0.22145200
586.40000000,4.77325000,1.14265000,0.18550050,0.22152776
586.60000000,4.77375000,1.13408000,0.18556374,0.22160295
586.80000000,4.77375000,1.13792000,0.18562685,0.22167840
587.00000000,4.77387000,1.13849000,0.18569009,0.22175389
587.20000000,4.77387000,1.13849000,0.18575334,0.22182937
587.40000000,4.77362000,1.13638000,0.18581653,0.22190478
587.60000000,4.77775000,1.12313000,0.18587929,0.22197919
587.80000000,4.77037000,1.15043000,0.18594245,0.22205544
588.00000000,4.77212000,1.14300000,0.18600615,0.22213120
588.20000000,4.77212000,1.14300000,0.18606965,0.22220685
588.40000000,4.76575000,1.16876000,0.18613387,0.22228427
588.60000000,4.76937000,1.15292000,0.18619836,0.22236062
588.80000000,4.76750000,1.16582000,0.18626277,0.22243781
589.00000000,4.76750000,1.16582000,0.18632754,0.22251507
589.20000000,4.77162000,1.14723000,0.18639179,0.22259108
589.40000000,4.77037000,1.15136000,0.18645564,0.22266740
589.60000000,4.77275000,1.14083000,0.18651931,0.22274302
589.80000000,4.77250000,1.14227000,0.18658273,0.22281874
590.00000000,4.77250000,1.14227000,0.18664619,0.22289439
590.20000000,4.76850000,1.15526000,0.18671001,0.22297095
590.40000000,4.77162000,1.14704000,0.18677396,0.22304694
590.60000000,4.76950000,1.15516000,0.18683791,0.22312346
590.80000000,4.77062000,1.15347000,0.18690204,0.22319988
591.00000000,4.77062000,1.15347000,0.18696612,0.22327624
591.20000000,4.76587000,1.17027000,0.18703067,0.22335373
591.40000000,4.76750000,1.16089000,0.18709542,0.22343059
591.60000000,4.76712000,1.16723000,0.18716009,0.22350787
591.80000000,4.76712000,1.16723000,0.18722494,0.22358522
592.00000000,4.77112000,1.14876000,0.18728927,0.22366139
592.20000000,4.77437000,1.13923000,0.18735283,0.22373683
592.40000000,4.76800000,1.16083000,0.18741672,0.22381371
592.60000000,4.76837000,1.15827000,0.18748114,0.22389042
592.80000000,4.76837000,1.15827000,0.18754549,0.22396719
593.00000000,4.77200000,1.14569000,0.18760949,0.22404317
593.20000000,4.77487000,1.13590000,0.18767286,0.22411849
593.40000000,4.77400000,1.13734000,0.18773601,0.22419390
593.60000000,4.77400000,1.13734000,0.18779919,0.22426933
593.80000000,4.77550000,1.13452000,0.18786230,0.22434459
594.00000000,4.77575000,1.13212000,0.18792526,0.22441968
594.20000000,4.77550000,1.13468000,0.18798823,0.22449493
594.40000000,4.77312000,1.13936000,0.18805140,0.22457047
594.60000000,4.77312000,1.13936000,0.18811470,0.22464611
594.80000000,4.78012000,1.11865000,0.18817742,0.22472034
595.00000000,4.77775000,1.12358000,0.18823970,0.22479490
595.20000000,4.77862000,1.11945000,0.18830201,0.22486920
595.40000000,4.77862000,1.11945000,0.18836420,0.22494350
595.60000000,4.77925000,1.11756000,0.18842634,0.22501767
595.80000000,4.77825000,1.12102000,0.18848852,0.22509207
596.00000000,4.77862000,1.11785000,0.18855071,0.22516626
596.20000000,4.77862000,1.11785000,0.18861282,0.22524038
596.40000000,4.77387000,1.14230000,0.18867560,0.22531619
596.60000000,4.77812000,1.12281000,0.18873852,0.22539066
596.80000000,4.77562000,1.12918000,0.18880107,0.22546556
597.00000000,4.77562000,1.12918000,0.18886381,0.22554044
597.20000000,4.77500000,1.13600000,0.18892673,0.22561582
597.40000000,4.77750000,1.11872000,0.18898936,0.22568995
597.60000000,4.77087000,1.14803000,0.18905232,0.22576615
597.80000000,4.77900000,1.11900000,0.18911530,0.22584042
598.00000000,4.77900000,1.11900000,0.18917746,0.22591468
598.20000000,4.77812000,1.11987000,0.18923965,0.22598896
598.40000000,4.77525000,1.13427000,0.18930227,0.22606419
598.60000000,4.77537000,1.12921000,0.18936514,0.22613908
598.80000000,4.77537000,1.12921000,0.18942788,0.22621395
599.00000000,4.77350000,1.14211000,0.18949097,0.22628969
599.20000000,4.77475000,1.13600000,0.18955425,0.22636502
599.40000000,4.77475000,1.13404000,0.18961731,0.22644025
599.60000000,4.77650000,1.13340000,0.18968029,0.22651545
599.80000000,4.77650000,1.13340000,0.18974326,0.22659064
600.00000000,4.77700000,1.12195000,0.18980591,0.22666504
600.20000000,4.77437000,1.13625000,0.18986863,0.22674038
600.40000000,4.77425000,1.13590000,0.18993175,0.22681567
600.60000000,4.77225000,1.14515000,0.18999511,0.22689157
600.80000000,4.77225000,1.14515000,0.19005873,0.22696755
601.00000000,4.77675000,1.12924000,0.19012191,0.22704241
601.20000000,4.77325000,1.13993000,0.19018494,0.22711803
601.40000000,4.77612000,1.13011000,0.19024800,0.22719299
601.60000000,4.77612000,1.13011000,0.19031078,0.22726795
601.80000000,4.77537000,1.13193000,0.19037362,0.22734295
602.00000000,4.77062000,1.15280000,0.19043708,0.22741935
602.20000000,4.77175000,1.14572000,0.19050093,0.22749526
602.40000000,4.77025000,1.15004000,0.19056470,0.22757145
602.60000000,4.77025000,1.15004000,0.19062859,0.22764768
602.80000000,4.77237000,1.14243000,0.19069227,0.22772339
603.00000000,4.77137000,1.14883000,0.19075592,0.22779953
603.20000000,4.77200000,1.14160000,0.19081954,0.22787519
603.40000000,4.77200000,1.14160000,0.19088296,0.22795076
603.60000000,4.76587000,1.17017000,0.19094718,0.22802831
603.80000000,4.77162000,1.14742000,0.19101156,0.22810442
604.00000000,4.77575000,1.12876000,0.19107478,0.22817933
604.20000000,4.77837000,1.12057000,0.19113726,0.22825370
604.40000000,4.77837000,1.12057000,0.19119952,0.22832800
604.60000000,4.77412000,1.13731000,0.19126224,0.22840340
604.80000000,4.77325000,1.13980000,0.19132549,0.22847895
605.00000000,4.77275000,1.14409000,0.19138893,0.22855479
605.20000000,4.77275000,1.14409000,0.19145249,0.22863066
605.40000000,4.77450000,1.13088000,0.19151569,0.22870562
605.60000000,4.77237000,1.14374000,0.19157887,0.22878153
605.80000000,4.77862000,1.12217000,0.19164181,0.22885598
606.00000000,4.77687000,1.12995000,0.19170437,0.22893094
606.20000000,4.77687000,1.12995000,0.19176715,0.22900584
606.40000000,4.77250000,1.14656000,0.19183038,0.22908189
606.60000000,4.77575000,1.12963000,0.19189361,0.22915674
606.80000000,4.77087000,1.15120000,0.19195697,0.22923303
607.00000000,4.77662000,1.12739000,0.19202026,0.22930782
607.20000000,4.77662000,1.12739000,0.19208289,0.22938265
607.40000000,4.77887000,1.12144000,0.19214536,0.22945707
607.60000000,4.77787000,1.12284000,0.19220770,0.22953159
607.80000000,4.77887000,1.12016000,0.19227001,0.22960594
608.00000000,4.77887000,1.12016000,0.19233224,0.22968022
608.20000000,4.77412000,1.13968000,0.19239501,0.22975581
608.40000000,4.77550000,1.13136000,0.19245810,0.22983090
608.60000000,4.77900000,1.11974000,0.19252063,0.22990522
608.80000000,4.77750000,1.12499000,0.19258298,0.22997987
609.00000000,4.77750000,1.12499000,0.19264548,0.23005443
609.20000000,4.77212000,1.14502000,0.19270854,0.23013039
609.40000000,4.77600000,1.13104000,0.19277176,0.23020535
609.60000000,4.77175000,1.14476000,0.19283498,0.23028121
609.80000000,4.77175000,1.14476000,0.19289857,0.23035716
610.00000000,4.77675000,1.12729000,0.19296169,0.23043192
610.20000000,4.77487000,1.13478000,0.19302452,0.23050719
610.40000000,4.77562000,1.13257000,0.19308750,0.23058231
610.60000000,4.77212000,1.14611000,0.19315080,0.23065827
610.80000000,4.77212000,1.14611000,0.19321447,0.23073434
611.00000000,4.77837000,1.12006000,0.19327742,0.23080866
611.20000000,4.77775000,1.12489000,0.19333978,0.23088331
611.40000000,4.77475000,1.13574000,0.19340258,0.23095862
611.60000000,4.77475000,1.13574000,0.19346567,0.23103393
611.80000000,4.77375000,1.13574000,0.19352877,0.23110925
612.00000000,4.77487000,1.13872000,0.19359195,0.23118476
612.20000000,4.77487000,1.13216000,0.19365503,0.23125984
612.40000000,4.77487000,1.13216000,0.19371793,0.23133493
612.60000000,4.77537000,1.13177000,0.19378081,0.23140996
612.80000000,4.77287000,1.14185000,0.19384397,0.23148569
613.00000000,4.77525000,1.12876000,0.19390704,0.23156055
613.20000000,4.77262000,1.14131000,0.19397010,0.23163621
613.40000000,4.77262000,1.14131000,0.19403351,0.23171183
613.60000000,4.77100000,1.15084000,0.19409718,0.23178802
613.80000000,4.76650000,1.16752000,0.19416158,0.23186535
614.00000000,4.76875000,1.15801000,0.19422617,0.23194205
614.20000000,4.76875000,1.15801000,0.19429051,0.23201871
614.40000000,4.76625000,1.16889000,0.19435514,0.23209616
614.60000000,4.77125000,1.15251000,0.19441963,0.23217251
614.80000000,4.76975000,1.15347000,0.19448368,0.23224893
615.00000000,4.76975000,1.15347000,0.19454776,0.23232539
615.20000000,4.77250000,1.14659000,0.19461166,0.23240143
615.40000000,4.77537000,1.13500000,0.19467503,0.23247665
615.60000000,4.77150000,1.14707000,0.19473842,0.23255263
615.80000000,4.76900000,1.15990000,0.19480251,0.23262945
616.00000000,4.76900000,1.15990000,0.19486695,0.23270630
616.20000000,4.77037000,1.15008000,0.19493111,0.23278244
616.40000000,4.76637000,1.16944000,0.19499554,0.23285989
616.60000000,4.76862000,1.15964000,0.19506024,0.23293670
616.80000000,4.76862000,1.15964000,0.19512466,0.23301352
617.00000000,4.76975000,1.15334000,0.19518891,0.23308987
617.20000000,4.76675000,1.16819000,0.19525340,0.23316734
617.40000000,4.77475000,1.13603000,0.19531741,0.23324267
617.60000000,4.77400000,1.13936000,0.19538061,0.23331821
617.80000000,4.77400000,1.13936000,0.19544391,0.23339381
618.00000000,4.77687000,1.12796000,0.19550689,0.23346860
618.20000000,4.77425000,1.13836000,0.19556984,0.23354407
618.40000000,4.77350000,1.14032000,0.19563314,0.23361966
618.60000000,4.77250000,1.14096000,0.19569651,0.23369529
618.80000000,4.77250000,1.14096000,0.19575990,0.23377094
619.00000000,4.77437000,1.13769000,0.19582319,0.23384644
619.20000000,4.77787000,1.12435000,0.19588603,0.23392098
619.40000000,4.77325000,1.14009000,0.19594893,0.23399656
619.60000000,4.77325000,1.14009000,0.19601227,0.23407219
619.80000000,4.77587000,1.13075000,0.19607534,0.23414716
620.00000000,4.77412000,1.13792000,0.19613836,0.23422260
620.20000000,4.77350000,1.13766000,0.19620157,0.23429802
620.40000000,4.77300000,1.14387000,0.19626495,0.23437385
620.60000000,4.77300000,1.14387000,0.19632850,0.23444973
620.80000000,4.77587000,1.13228000,0.19639172,0.23452478
621.00000000,4.77250000,1.14406000,0.19645496,0.23460070
621.20000000,4.77812000,1.12614000,0.19651802,0.23467544
621.40000000,4.77812000,1.12614000,0.19658058,0.23475009
621.60000000,4.77312000,1.14112000,0.19664356,0.23482581
621.80000000,4.77762000,1.12601000,0.19670654,0.23490048
622.00000000,4.77425000,1.13619000,0.19676937,0.23497582
622.20000000,4.77100000,1.15161000,0.19683292,0.23505213
622.40000000,4.77100000,1.15161000,0.19689690,0.23512843
622.60000000,4.77087000,1.15216000,0.19696090,0.23520481
622.80000000,4.77312000,1.13929000,0.19702455,0.23528041
623.00000000,4.77737000,1.12572000,0.19708746,0.23535510
623.20000000,4.77737000,1.12572000,0.19715000,0.23542973
623.40000000,4.77325000,1.13913000,0.19721292,0.23550527
623.60000000,4.77412000,1.13436000,0.19727607,0.23558041
623.80000000,4.76987000,1.15724000,0.19733973,0.23565708
624.00000000,4.77475000,1.12902000,0.19740323,0.23573195
624.20000000,4.77475000,1.12902000,0.19746596,0.23580676
624.40000000,4.77050000,1.15286000,0.19752934,0.23588320
624.60000000,4.77425000,1.13440000,0.19759288,0.23595842
624.80000000,4.77400000,1.13849000,0.19765601,0.23603391
625.00000000,4.77400000,1.13849000,0.19771926,0.23610938
625.20000000,4.77275000,1.14268000,0.19778263,0.23618516
625.40000000,4.77487000,1.13056000,0.19784577,0.23626008
625.60000000,4.77162000,1.14896000,0.19790909,0.23633622
625.80000000,4.77450000,1.13798000,0.19797262,0.23641169
626.00000000,4.77450000,1.13798000,0.19803584,0.23648717
626.20000000,4.77575000,1.13164000,0.19809889,0.23656223
626.40000000,4.77575000,1.13008000,0.19816171,0.23663719
626.60000000,4.77225000,1.14374000,0.19822487,0.23671300
626.80000000,4.77225000,1.14374000,0.19828841,0.23678892
627.00000000,4.77950000,1.11593000,0.19835118,0.23686295
627.20000000,4.77625000,1.12492000,0.19841343,0.23693759
627.40000000,4.77737000,1.11910000,0.19847576,0.23701184
627.60000000,4.77737000,1.11910000,0.19853793,0.23708610
627.80000000,4.77762000,1.12214000,0.19860019,0.23716057
628.00000000,4.77825000,1.12419000,0.19866259,0.23723517
628.20000000,4.77775000,1.12160000,0.19872497,0.23730960
628.40000000,4.77787000,1.12112000,0.19878727,0.23738400
628.60000000,4.77787000,1.12112000,0.19884955,0.23745831
628.80000000,4.77237000,1.14300000,0.19891245,0.23753410
629.00000000,4.77450000,1.13523000,0.19897573,0.23760927
629.20000000,4.76712000,1.16384000,0.19903959,0.23768633
629.40000000,4.76712000,1.16384000,0.19910425,0.23776341
629.60000000,4.76850000,1.16038000,0.19916881,0.23784027
629.80000000,4.76950000,1.15388000,0.19923310,0.23791666
630.00000000,4.76675000,1.16480000,0.19929751,0.23799383
630.20000000,4.76975000,1.15276000,0.19936188,0.23807020
630.40000000,4.76975000,1.15276000,0.19942592,0.23814652
630.60000000,4.76712000,1.16192000,0.19949022,0.23822346
630.80000000,4.76750000,1.16393000,0.19955483,0.23830070
631.00000000,4.77825000,1.12166000,0.19961832,0.23837514
631.20000000,4.77825000,1.12166000,0.19968063,0.23844959
631.40000000,4.77887000,1.11747000,0.19974283,0.23852364
631.60000000,4.77125000,1.14905000,0.19980579,0.23859977
631.80000000,4.77037000,1.14787000,0.19986959,0.23867575
632.00000000,4.76587000,1.16889000,0.19993395,0.23875312
632.20000000,4.76587000,1.16889000,0.19999888,0.23883056
632.40000000,4.77012000,1.15171000,0.20006335,0.23890679
632.60000000,4.76525000,1.17283000,0.20012792,0.23898447
632.80000000,4.76875000,1.16147000,0.20019276,0.23906138
633.00000000,4.76787000,1.16233000,0.20025731,0.23913835
633.20000000,4.76787000,1.16233000,0.20032188,0.23921535
633.40000000,4.76975000,1.15536000,0.20038626,0.23929197
633.60000000,4.77500000,1.13177000,0.20044979,0.23936700
633.80000000,4.77275000,1.14195000,0.20051295,0.23944269
634.00000000,4.77275000,1.14195000,0.20057639,0.23951843
634.20000000,4.77512000,1.13209000,0.20063956,0.23959345
634.40000000,4.77150000,1.14752000,0.20070288,0.23966957
634.60000000,4.77612000,1.13120000,0.20076618,0.23974456
634.80000000,4.77262000,1.13958000,0.20082926,0.23982010
635.00000000,4.77262000,1.13958000,0.20089257,0.23989569
635.20000000,4.77587000,1.12947000,0.20095560,0.23997057
635.40000000,4.77375000,1.13801000,0.20101858,0.24004604
635.60000000,4.77500000,1.13308000,0.20108167,0.24012119
635.80000000,4.77500000,1.13308000,0.20114462,0.24019635
636.00000000,4.77587000,1.12902000,0.20120745,0.24027121
636.20000000,4.77387000,1.13801000,0.20127043,0.24034668
636.40000000,4.77500000,1.12950000,0.20133341,0.24042154
636.60000000,4.77225000,1.14457000,0.20139658,0.24049741
636.80000000,4.77225000,1.14457000,0.20146017,0.24057332
637.00000000,4.77550000,1.12988000,0.20152335,0.24064821
637.20000000,4.77212000,1.14611000,0.20158657,0.24072425
637.40000000,4.77687000,1.12217000,0.20164958,0.24079870
637.60000000,4.77687000,1.12217000,0.20171192,0.24087317
637.80000000,4.77800000,1.12288000,0.20177428,0.24094759
638.00000000,4.77187000,1.14624000,0.20183732,0.24102364
638.20000000,4.77737000,1.12198000,0.20190032,0.24109812
638.40000000,4.77912000,1.11728000,0.20196252,0.24117228
638.60000000,4.77912000,1.11728000,0.20202459,0.24124644
638.80000000,4.77887000,1.12115000,0.20208677,0.24132086
639.00000000,4.77937000,1.11753000,0.20214896,0.24139502
639.20000000,4.77775000,1.12355000,0.20221121,0.24146957
639.40000000,4.77700000,1.12790000,0.20227375,0.24154440
639.60000000,4.77700000,1.12790000,0.20233641,0.24161918
639.80000000,4.77350000,1.13584000,0.20239929,0.24169447
640.00000000,4.77250000,1.14185000,0.20246256,0.24177011
640.20000000,4.76950000,1.15107000,0.20252625,0.24184636
640.40000000,4.76950000,1.15107000,0.20259020,0.24192261
640.60000000,4.76950000,1.15539000,0.20265427,0.24199912
640.80000000,4.76800000,1.16060000,0.20271860,0.24207615
641.00000000,4.77812000,1.12201000,0.20278201,0.24215060
641.20000000,4.77775000,1.12492000,0.20284443,0.24222525
641.40000000,4.77775000,1.12492000,0.20290692,0.24229982
641.60000000,4.77300000,1.14092000,0.20296986,0.24237547
641.80000000,4.77400000,1.13849000,0.20303318,0.24245095
642.00000000,4.77387000,1.14182000,0.20309652,0.24252666
642.20000000,4.77387000,1.14182000,0.20315995,0.24260238
642.40000000,4.77462000,1.13600000,0.20322323,0.24267772
642.60000000,4.77475000,1.13702000,0.20328637,0.24275308
642.80000000,4.77237000,1.14675000,0.20334980,0.24282909
643.00000000,4.77237000,1.14358000,0.20341342,0.24290489
643.20000000,4.77237000,1.14358000,0.20347696,0.24298064
643.40000000,4.76937000,1.15843000,0.20354090,0.24305734
643.60000000,4.76687000,1.16569000,0.20360546,0.24313456
643.80000000,4.76950000,1.15424000,0.20366990,0.24321102
644.00000000,4.76950000,1.15424000,0.20373403,0.24328751
644.20000000,4.77150000,1.14707000,0.20379795,0.24336358
644.40000000,4.77475000,1.13664000,0.20386139,0.24343900
644.60000000,4.77725000,1.12630000,0.20392425,0.24351373
644.80000000,4.77525000,1.13200000,0.20398698,0.24358880
645.00000000,4.77525000,1.13200000,0.20404987,0.24366389
645.20000000,4.77575000,1.13516000,0.20411284,0.24373914
645.40000000,4.77325000,1.13932000,0.20417602,0.24381471
645.60000000,4.77550000,1.13030000,0.20423907,0.24388968
645.80000000,4.77550000,1.13030000,0.20430186,0.24396461
646.00000000,4.77287000,1.13990000,0.20436493,0.24404022
646.20000000,4.77587000,1.13152000,0.20442802,0.24411532
646.40000000,4.77862000,1.12169000,0.20449061,0.24418976
646.60000000,4.77237000,1.14576000,0.20455359,0.24426571
646.80000000,4.77237000,1.14576000,0.20461725,0.24434172
647.00000000,4.77662000,1.13235000,0.20468053,0.24441680
647.20000000,4.77400000,1.14198000,0.20474370,0.24449252
647.40000000,4.77612000,1.12672000,0.20480672,0.24456726
647.60000000,4.77612000,1.12672000,0.20486932,0.24464204
647.80000000,4.77825000,1.12195000,0.20493178,0.24471642
648.00000000,4.77325000,1.14336000,0.20499471,0.24479230
648.20000000,4.77875000,1.11830000,0.20505753,0.24486653
648.40000000,4.77875000,1.11830000,0.20511966,0.24494070
648.60000000,4.77537000,1.13443000,0.20518223,0.24501589
648.80000000,4.77262000,1.14361000,0.20524551,0.24509177
649.00000000,4.77712000,1.13011000,0.20530867,0.24516666
649.20000000,4.77150000,1.14742000,0.20537194,0.24524271
649.40000000,4.77150000,1.14742000,0.20543568,0.24531878
649.60000000,4.77387000,1.13510000,0.20549909,0.24539402
649.80000000,4.77212000,1.14931000,0.20556254,0.24547017
650.00000000,4.77075000,1.14748000,0.20562634,0.24554620
650.20000000,4.77075000,1.14748000,0.20569009,0.24562225
650.40000000,4.77137000,1.14969000,0.20575390,0.24569835
650.60000000,4.76625000,1.16700000,0.20581825,0.24577564
650.80000000,4.76862000,1.15830000,0.20588285,0.24585241
651.00000000,4.77175000,1.14841000,0.20594692,0.24592852
651.20000000,4.77175000,1.14841000,0.20601072,0.24600466
651.40000000,4.77387000,1.13865000,0.20607425,0.24608023
651.60000000,4.77825000,1.12307000,0.20613708,0.24615476
651.80000000,4.77825000,1.12172000,0.20619943,0.24622920
652.00000000,4.77825000,1.12172000,0.20626175,0.24630361
652.20000000,4.77587000,1.13059000,0.20632431,0.24637858
652.40000000,4.77450000,1.13968000,0.20638738,0.24645420
652.60000000,4.77725000,1.12406000,0.20645026,0.24652880
652.80000000,4.77850000,1.12281000,0.20651267,0.24660332
653.00000000,4.77850000,1.12281000,0.20657505,0.24667783
653.20000000,4.77762000,1.12028000,0.20663736,0.24675216
653.40000000,4.77762000,1.12358000,0.20669969,0.24682670
653.60000000,4.77637000,1.12665000,0.20676219,0.24690144
653.80000000,4.77325000,1.14182000,0.20682521,0.24697714
654.00000000,4.77325000,1.14182000,0.20688864,0.24705290
654.20000000,4.77725000,1.12332000,0.20695156,0.24712738
654.40000000,4.77412000,1.13564000,0.20701431,0.24720269
654.60000000,4.77462000,1.14012000,0.20707753,0.24727830
654.80000000,4.77462000,1.14012000,0.20714087,0.24735395
655.00000000,4.77750000,1.12300000,0.20720373,0.24742848
655.20000000,4.77837000,1.12012000,0.20726604,0.24750282
655.40000000,4.77850000,1.11830000,0.20732822,0.24757705
655.60000000,4.77950000,1.11894000,0.20739036,0.24765133
655.80000000,4.77950000,1.11894000,0.20745253,0.24772557
656.00000000,4.77700000,1.12768000,0.20751493,0.24780022
656.20000000,4.76650000,1.16614000,0.20757865,0.24787749
656.40000000,4.77037000,1.15254000,0.20764306,0.24795385
656.60000000,4.77037000,1.15254000,0.20770709,0.24803023
656.80000000,4.77187000,1.14611000,0.20777094,0.24810618
657.00000000,4.77112000,1.14656000,0.20783462,0.24818217
657.20000000,4.77175000,1.14630000,0.20789831,0.24825804
657.40000000,4.76550000,1.16819000,0.20796261,0.24833536
657.60000000,4.76550000,1.16819000,0.20802751,0.24841273
657.80000000,4.76862000,1.15977000,0.20809217,0.24848958
658.00000000,4.77100000,1.14748000,0.20815626,0.24856570
658.20000000,4.77625000,1.12924000,0.20821950,0.24864061
658.40000000,4.77625000,1.12924000,0.20828224,0.24871550
658.60000000,4.77512000,1.13273000,0.20834507,0.24879060
658.80000000,4.77362000,1.14041000,0.20840821,0.24886623
659.00000000,4.77475000,1.13692000,0.20847147,0.24894156
659.20000000,4.77050000,1.14819000,0.20853495,0.24901763
659.40000000,4.77050000,1.14819000,0.20859874,0.24909372
659.60000000,4.77112000,1.14972000,0.20866257,0.24917000
659.80000000,4.77712000,1.12652000,0.20872580,0.24924475
660.00000000,4.77712000,1.12345000,0.20878830,0.24931929
660.20000000,4.77712000,1.12345000,0.20885071,0.24939383
660.40000000,4.77750000,1.12777000,0.20891324,0.24946857
660.60000000,4.77137000,1.14777000,0.20897645,0.24954467
660.80000000,4.77425000,1.13702000,0.20903992,0.24962007
661.00000000,4.77837000,1.12198000,0.20910267,0.24969453
661.20000000,4.77837000,1.12198000,0.20916500,0.24976891
661.40000000,4.77300000,1.13955000,0.20922782,0.24984442
661.60000000,4.77125000,1.14684000,0.20929133,0.24992042
661.80000000,4.76625000,1.16710000,0.20935561,0.24999768
662.00000000,4.76625000,1.16710000,0.20942045,0.25007502
662.20000000,4.77112000,1.15068000,0.20948483,0.25015129
662.40000000,4.77250000,1.14649000,0.20954864,0.25022728
662.60000000,4.77200000,1.14470000,0.20961229,0.25030315
662.80000000,4.77200000,1.14470000,0.20967588,0.25037900
663.00000000,4.77075000,1.15212000,0.20973968,0.25045539
663.20000000,4.77387000,1.13689000,0.20980326,0.25053085
663.40000000,4.77900000,1.12083000,0.20986598,0.25060524
663.60000000,4.77775000,1.12336000,0.20992832,0.25067979
663.80000000,4.77775000,1.12336000,0.20999073,0.25075433
664.00000000,4.77812000,1.11846000,0.21005300,0.25082855
664.20000000,4.77750000,1.12051000,0.21011519,0.25090291
664.40000000,4.77800000,1.12086000,0.21017745,0.25097729
664.60000000,4.77800000,1.12086000,0.21023972,0.25105161
664.80000000,4.77412000,1.13612000,0.21030242,0.25112696
665.00000000,4.77500000,1.13289000,0.21036544,0.25120210
665.20000000,4.77575000,1.12540000,0.21042817,0.25127675
665.40000000,4.77575000,1.13379000,0.21049093,0.25135195
665.60000000,4.77575000,1.13379000,0.21055392,0.25142715
665.80000000,4.77550000,1.13334000,0.21061689,0.25150236
666.00000000,4.77787000,1.12377000,0.21067959,0.25157694
666.20000000,4.77837000,1.12185000,0.21074197,0.25165139
666.40000000,4.77837000,1.12185000,0.21080429,0.25172583
666.60000000,4.77737000,1.12774000,0.21086678,0.25180060
666.80000000,4.77325000,1.14473000,0.21092991,0.25187652
667.00000000,4.77537000,1.13491000,0.21099323,0.25195170
667.20000000,4.76962000,1.15683000,0.21105689,0.25202834
667.40000000,4.76962000,1.15683000,0.21112116,0.25210505
667.60000000,4.77437000,1.13587000,0.21118484,0.25218026
667.80000000,4.76787000,1.15932000,0.21124860,0.25225700
668.00000000,4.76600000,1.17052000,0.21131332,0.25233449
668.20000000,4.76600000,1.17052000,0.21137835,0.25241203
668.40000000,4.77012000,1.15283000,0.21144288,0.25248841
668.60000000,4.77000000,1.14940000,0.21150684,0.25256459
668.80000000,4.77200000,1.14940000,0.21157069,0.25264069
669.00000000,4.76737000,1.16000000,0.21163484,0.25271750
669.20000000,4.76737000,1.16000000,0.21169929,0.25279432
669.40000000,4.76800000,1.16176000,0.21176378,0.25287133
669.60000000,4.77287000,1.14310000,0.21182780,0.25294699
669.80000000,4.76562000,1.16764000,0.21189199,0.25302433
670.00000000,4.76900000,1.15417000,0.21195648,0.25310078
670.20000000,4.76900000,1.15417000,0.21202060,0.25317728
670.40000000,4.77212000,1.14547000,0.21208448,0.25325319
670.60000000,4.77150000,1.14556000,0.21214812,0.25332909
670.80000000,4.77037000,1.15302000,0.21221197,0.25340548
671.00000000,4.77037000,1.15302000,0.21227603,0.25348180
671.20000000,4.76562000,1.16960000,0.21234055,0.25355930
671.40000000,4.77112000,1.14707000,0.21240490,0.25363541
671.60000000,4.77700000,1.12361000,0.21246797,0.25370991
671.80000000,4.77387000,1.13628000,0.21253075,0.25378525
672.00000000,4.77387000,1.13628000,0.21259387,0.25386062
672.20000000,4.77612000,1.12880000,0.21265679,0.25393552
672.40000000,4.77712000,1.12374000,0.21271936,0.25401008
672.60000000,4.77750000,1.12211000,0.21278175,0.25408454
672.80000000,4.77750000,1.12211000,0.21284409,0.25415900
673.00000000,4.77762000,1.12070000,0.21290639,0.25423335
673.20000000,4.77662000,1.12860000,0.21296887,0.25430816
673.40000000,4.77262000,1.14339000,0.21303198,0.25438400
673.60000000,4.77575000,1.12876000,0.21309510,0.25445887
673.80000000,4.77575000,1.12876000,0.21315780,0.25453370
674.00000000,4.77325000,1.14163000,0.21322087,0.25460942
674.20000000,4.77537000,1.13190000,0.21328402,0.25468453
674.40000000,4.77800000,1.12112000,0.21334661,0.25475893
674.60000000,4.77800000,1.12112000,0.21340889,0.25483335
674.80000000,4.77925000,1.12176000,0.21347119,0.25490779
675.00000000,4.77762000,1.12444000,0.21353359,0.25498242
675.20000000,4.77912000,1.11910000,0.21359591,0.25505668
675.40000000,4.77775000,1.12502000,0.21365825,0.25513134
675.60000000,4.77775000,1.12502000,0.21372075,0.25520581
675.80000000,4.76637000,1.16758000,0.21378443,0.25528316
676.00000000,4.76962000,1.15673000,0.21384899,0.25535974
676.20000000,4.76700000,1.16531000,0.21391350,0.25543690
676.40000000,4.76700000,1.16531000,0.21397824,0.25551404
676.60000000,4.76637000,1.16854000,0.21404306,0.25559142
676.80000000,4.76762000,1.16124000,0.21410778,0.25566829
677.00000000,4.76600000,1.16598000,0.21417243,0.25574547
677.20000000,4.76912000,1.15737000,0.21423696,0.25582213
677.40000000,4.76912000,1.15737000,0.21430126,0.25589875
677.60000000,4.76650000,1.16841000,0.21436587,0.25597622
677.80000000,4.77412000,1.13824000,0.21442994,0.25605168
678.00000000,4.77300000,1.14022000,0.21449323,0.25612727
678.20000000,4.77300000,1.14022000,0.21455658,0.25620288
678.40000000,4.77462000,1.13356000,0.21461974,0.25627810
678.60000000,4.77800000,1.11939000,0.21468232,0.25635234
678.80000000,4.77475000,1.13715000,0.21474500,0.25642775
679.00000000,4.77300000,1.14160000,0.21480830,0.25650343
679.20000000,4.77300000,1.14160000,0.21487172,0.25657915
679.40000000,4.77575000,1.13436000,0.21493494,0.25665432
679.60000000,4.77112000,1.15030000,0.21499841,0.25673054
679.80000000,4.77587000,1.13062000,0.21506176,0.25680554
680.00000000,4.77587000,1.13062000,0.21512458,0.25688048
680.20000000,4.77262000,1.14396000,0.21518776,0.25695636
680.40000000,4.77550000,1.12755000,0.21525086,0.25703105
680.60000000,4.76962000,1.15728000,0.21531432,0.25710771
680.80000000,4.77637000,1.12803000,0.21537780,0.25718255
681.00000000,4.77637000,1.12803000,0.21544047,0.25725731
681.20000000,4.77212000,1.14454000,0.21550360,0.25733324
681.40000000,4.77625000,1.12774000,0.21556672,0.25740809
681.60000000,4.77875000,1.12297000,0.21562924,0.25748262
681.80000000,4.77875000,1.12297000,0.21569163,0.25755706
682.00000000,4.77262000,1.14412000,0.21575460,0.25763288
682.20000000,4.77175000,1.14393000,0.21581816,0.25770879
682.40000000,4.77787000,1.12137000,0.21588108,0.25778321
682.60000000,4.77787000,1.12137000,0.21594338,0.25785761
682.80000000,4.77750000,1.12112000,0.21600567,0.25793197
683.00000000,4.77537000,1.12992000,0.21606820,0.25800679
683.20000000,4.76737000,1.16249000,0.21613188,0.25808382
683.40000000,4.77100000,1.14787000,0.21619606,0.25815988
683.60000000,4.77100000,1.14787000,0.21625983,0.25823593
683.80000000,4.77012000,1.14896000,0.21632363,0.25831198
684.00000000,4.76550000,1.16867000,0.21638801,0.25838939
684.20000000,4.76912000,1.15321000,0.21645250,0.25846577
684.40000000,4.76912000,1.15321000,0.21651657,0.25854211
684.60000000,4.76587000,1.16809000,0.21658105,0.25861948
684.80000000,4.76937000,1.15404000,0.21664555,0.25869596
685.00000000,4.77150000,1.14892000,0.21670953,0.25877213
685.20000000,4.77337000,1.13984000,0.21677310,0.25884770
685.40000000,4.77337000,1.13984000,0.21683643,0.25892327
685.60000000,4.77375000,1.13846000,0.21689971,0.25899878
685.80000000,4.77500000,1.13347000,0.21696282,0.25907396
686.00000000,4.77562000,1.12691000,0.21702561,0.25914866
686.20000000,4.77275000,1.14137000,0.21708862,0.25922432
686.40000000,4.77275000,1.14137000,0.21715203,0.25930002
686.60000000,4.77537000,1.12681000,0.21721503,0.25937471
686.80000000,4.77250000,1.14441000,0.21727812,0.25945060
687.00000000,4.77500000,1.12940000,0.21734128,0.25952551
687.20000000,4.77500000,1.12940000,0.21740403,0.25960035
687.40000000,4.77162000,1.14307000,0.21746715,0.25967618
687.60000000,4.77637000,1.12832000,0.21753025,0.25975097
687.80000000,4.77200000,1.14032000,0.21759326,0.25982661
688.00000000,4.77625000,1.12972000,0.21765632,0.25990155
688.20000000,4.77625000,1.12972000,0.21771908,0.25997647
688.40000000,4.77437000,1.13449000,0.21778198,0.26005167
688.60000000,4.77312000,1.13622000,0.21784505,0.26012702
688.80000000,4.77437000,1.13782000,0.21790822,0.26020247
689.00000000,4.77437000,1.13782000,0.21797143,0.26027791
689.20000000,4.77387000,1.13609000,0.21803460,0.26035331
689.40000000,4.77862000,1.12176000,0.21809731,0.26042774
689.60000000,4.77750000,1.12169000,0.21815963,0.26050219
689.80000000,4.77875000,1.11952000,0.21822189,0.26057650
690.00000000,4.77875000,1.11952000,0.21828408,0.26065074
690.20000000,4.77500000,1.13792000,0.21834679,0.26072619
690.40000000,4.77400000,1.13836000,0.21841002,0.26080167
690.60000000,4.77350000,1.14048000,0.21847332,0.26087728
690.80000000,4.77350000,1.13728000,0.21853659,0.26095268
691.00000000,4.77350000,1.13728000,0.21859978,0.26102805
691.20000000,4.77187000,1.14368000,0.21866314,0.26110388
691.40000000,4.77387000,1.13587000,0.21872646,0.26117922
691.60000000,4.77537000,1.12720000,0.21878932,0.26125398
691.80000000,4.77537000,1.12720000,0.21885194,0.26132871
692.00000000,4.77325000,1.14012000,0.21891492,0.26140435
692.20000000,4.77687000,1.12118000,0.21897774,0.26147873
692.40000000,4.77662000,1.12764000,0.21904020,0.26155348
692.60000000,4.77275000,1.14060000,0.21910321,0.26162909
692.80000000,4.77275000,1.14060000,0.21916658,0.26170472
693.00000000,4.77425000,1.13539000,0.21922980,0.26178005
693.20000000,4.77700000,1.12406000,0.21929256,0.26185457
693.40000000,4.77325000,1.13641000,0.21935535,0.26192991
693.60000000,4.77325000,1.13641000,0.21941849,0.26200529
693.80000000,4.77625000,1.12832000,0.21948140,0.26208016
694.00000000,4.77725000,1.12438000,0.21954397,0.26215475
694.20000000,4.77662000,1.12684000,0.21960650,0.26222946
694.40000000,4.77325000,1.13987000,0.21966947,0.26230502
694.60000000,4.77325000,1.13987000,0.21973279,0.26238064
694.80000000,4.77600000,1.12630000,0.21979574,0.26245538
695.00000000,4.77825000,1.11881000,0.21985811,0.26252960
695.20000000,4.77612000,1.13046000,0.21992059,0.26260453
695.40000000,4.77250000,1.14051000,0.21998367,0.26268013
695.60000000,4.77250000,1.14051000,0.22004703,0.26275580
695.80000000,4.77737000,1.12377000,0.22010993,0.26283038
696.00000000,4.77812000,1.12131000,0.22017229,0.26290480
696.20000000,4.77850000,1.12083000,0.22023457,0.26297919
696.40000000,4.77850000,1.12083000,0.22029684,0.26305351
696.60000000,4.77462000,1.13203000,0.22035942,0.26312846
696.80000000,4.76700000,1.16368000,0.22042319,0.26320552
697.00000000,4.76750000,1.16131000,0.22048777,0.26328237
697.20000000,4.76500000,1.16966000,0.22055252,0.26335978
697.40000000,4.76500000,1.16966000,0.22061750,0.26343725
697.60000000,4.76850000,1.15840000,0.22068217,0.26351399
697.80000000,4.76962000,1.14979000,0.22074629,0.26359012
698.00000000,4.76775000,1.16118000,0.22081048,0.26366702
698.20000000,4.76775000,1.16118000,0.22087499,0.26374395
698.40000000,4.77025000,1.15302000,0.22093928,0.26382036
698.60000000,4.77137000,1.14521000,0.22100312,0.26389622
698.80000000,4.76925000,1.15529000,0.22106702,0.26397269
699.00000000,4.76612000,1.16611000,0.22113150,0.26404988
699.20000000,4.76612000,1.16611000,0.22119629,0.26412711
699.40000000,4.76837000,1.15622000,0.22126079,0.26420373
699.60000000,4.77100000,1.14902000,0.22132483,0.26427977
699.80000000,4.76500000,1.17024000,0.22138925,0.26435722
700.00000000,4.76500000,1.17024000,0.22145427,0.26443471
700.20000000,4.76812000,1.15881000,0.22151896,0.26451142
700.40000000,4.76587000,1.16723000,0.22158357,0.26458874
700.60000000,4.76937000,1.15388000,0.22164805,0.26466517
700.80000000,4.76925000,1.15228000,0.22171211,0.26474150
701.00000000,4.76925000,1.15228000,0.22177613,0.26481779
701.20000000,4.76700000,1.16326000,0.22184045,0.26489497
701.40000000,4.77725000,1.12435000,0.22190399,0.26496959
701.60000000,4.77812000,1.12211000,0.22196639,0.26504405
701.80000000,4.77812000,1.12211000,0.22202873,0.26511854
702.00000000,4.77962000,1.11881000,0.22209098,0.26519280
702.20000000,4.77875000,1.12156000,0.22215321,0.26526723
702.40000000,4.77837000,1.12000000,0.22221548,0.26534156
702.60000000,4.77975000,1.12384000,0.22227781,0.26541617
702.80000000,4.77975000,1.12384000,0.22234024,0.26549076
703.00000000,4.77875000,1.11993000,0.22240257,0.26556508
703.20000000,4.77800000,1.12313000,0.22246488,0.26563953
703.40000000,4.77262000,1.14169000,0.22252779,0.26571521
703.60000000,4.77262000,1.14169000,0.22259121,0.26579099
703.80000000,4.77912000,1.11788000,0.22265398,0.26586516
704.00000000,4.77712000,1.12659000,0.22271633,0.26593983
704.20000000,4.77237000,1.14403000,0.22277940,0.26601566
704.40000000,4.77637000,1.13104000,0.22284260,0.26609069
704.60000000,4.77637000,1.13104000,0.22290543,0.26616571
704.80000000,4.77537000,1.13116000,0.22296827,0.26624068
705.00000000,4.77187000,1.14428000,0.22303148,0.26631648
705.20000000,4.76937000,1.15750000,0.22309542,0.26639315
705.40000000,4.76937000,1.15750000,0.22315972,0.26646987
705.60000000,4.77212000,1.14422000,0.22322366,0.26654573
705.80000000,4.77375000,1.13606000,0.22328700,0.26662113
706.00000000,4.77837000,1.12662000,0.22334985,0.26669590
706.20000000,4.77225000,1.14432000,0.22341293,0.26677175
706.40000000,4.77225000,1.14432000,0.22347651,0.26684765
706.60000000,4.77562000,1.12912000,0.22353966,0.26692255
706.80000000,4.77625000,1.13001000,0.22360241,0.26699746
707.00000000,4.77275000,1.14265000,0.22366554,0.26707320
707.20000000,4.77512000,1.13395000,0.22372878,0.26714840
707.40000000,4.77512000,1.13395000,0.22379178,0.26722353
707.60000000,4.77037000,1.15116000,0.22385525,0.26729992
707.80000000,4.77737000,1.12585000,0.22391850,0.26737462
708.00000000,4.77575000,1.13017000,0.22398117,0.26744958
708.20000000,4.77575000,1.13017000,0.22404396,0.26752457
708.40000000,4.77737000,1.12275000,0.22410654,0.26759908
708.60000000,4.77812000,1.11929000,0.22416882,0.26767335
708.80000000,4.77725000,1.12387000,0.22423113,0.26774792
709.00000000,4.77725000,1.12387000,0.22429356,0.26782244
709.20000000,4.77425000,1.13916000,0.22435643,0.26789803
709.40000000,4.77750000,1.12393000,0.22441929,0.26797261
709.60000000,4.77812000,1.12160000,0.22448167,0.26804705
709.80000000,4.77812000,1.12160000,0.22454398,0.26812148
710.00000000,4.77825000,1.12310000,0.22460633,0.26819584
710.20000000,4.76700000,1.16502000,0.22466989,0.26827304
710.40000000,4.77087000,1.15091000,0.22473422,0.26834927
710.60000000,4.76912000,1.15676000,0.22479832,0.26842589
710.80000000,4.76912000,1.15676000,0.22486259,0.26850246
711.00000000,4.76612000,1.16585000,0.22492710,0.26857973
711.20000000,4.77162000,1.14985000,0.22499143,0.26865592
711.40000000,4.77100000,1.14736000,0.22505524,0.26873196
711.60000000,4.77137000,1.14995000,0.22511905,0.26880816
711.80000000,4.77137000,1.14995000,0.22518294,0.26888443
712.00000000,4.77537000,1.13334000,0.22524636,0.26895964
712.20000000,4.77775000,1.11993000,0.22530895,0.26903395
712.40000000,4.77762000,1.12297000,0.22537126,0.26910847
712.60000000,4.77762000,1.12297000,0.22543364,0.26918292
712.80000000,4.77362000,1.13897000,0.22549648,0.26925850
713.00000000,4.77762000,1.12278000,0.22555930,0.26933301
713.20000000,4.77812000,1.12176000,0.22562165,0.26940743
713.40000000,4.77662000,1.12364000,0.22568402,0.26948197
713.60000000,4.77662000,1.12364000,0.22574645,0.26955653
713.80000000,4.77762000,1.12268000,0.22580885,0.26963102
714.00000000,4.77725000,1.12080000,0.22587116,0.26970541
714.20000000,4.77862000,1.12275000,0.22593349,0.26977993
714.40000000,4.77862000,1.12275000,0.22599586,0.26985443
714.60000000,4.77800000,1.12195000,0.22605821,0.26992888
714.80000000,4.77762000,1.12249000,0.22612056,0.27000335
715.00000000,4.77662000,1.12710000,0.22618305,0.27007810
715.20000000,4.77475000,1.13820000,0.22624597,0.27015358
715.40000000,4.77475000,1.13820000,0.22630921,0.27022911
715.60000000,4.77787000,1.12192000,0.22637199,0.27030356
715.80000000,4.77800000,1.12332000,0.22643435,0.27037810
716.00000000,4.77800000,1.11971000,0.22649666,0.27045241
716.20000000,4.77800000,1.11971000,0.22655887,0.27052671
716.40000000,4.77800000,1.12342000,0.22662118,0.27060128
716.60000000,4.77875000,1.11958000,0.22668348,0.27067554
716.80000000,4.77612000,1.12873000,0.22674593,0.27075036
717.00000000,4.77250000,1.14512000,0.22680910,0.27082627
717.20000000,4.77250000,1.14512000,0.22687272,0.27090222
717.40000000,4.77562000,1.13024000,0.22693592,0.27097722
717.60000000,4.77800000,1.12364000,0.22699853,0.27105179
717.80000000,4.77837000,1.12230000,0.22706091,0.27112628
718.00000000,4.77650000,1.12384000,0.22712331,0.27120083
718.20000000,4.77650000,1.12384000,0.22718574,0.27127532
718.40000000,4.77225000,1.14390000,0.22724874,0.27135121
718.60000000,4.77675000,1.12432000,0.22731174,0.27142582
718.80000000,4.77787000,1.12217000,0.22737414,0.27150029
719.00000000,4.77787000,1.12217000,0.22743649,0.27157476
719.20000000,4.77812000,1.12406000,0.22749888,0.27164934
719.40000000,4.77725000,1.12409000,0.22756133,0.27172391
719.60000000,4.77625000,1.13091000,0.22762397,0.27179892
719.80000000,4.77550000,1.13203000,0.22768683,0.27187400
720.00000000,4.77550000,1.13203000,0.22774972,0.27194909
720.20000000,4.77600000,1.12825000,0.22781251,0.27202393
720.40000000,4.77600000,1.13276000,0.22787531,0.27209904
720.60000000,4.77387000,1.13641000,0.22793834,0.27217439
720.80000000,4.77387000,1.13641000,0.22800148,0.27224981
721.00000000,4.77862000,1.12086000,0.22806418,0.27232409
721.20000000,4.77125000,1.14745000,0.22812719,0.27240024
721.40000000,4.77850000,1.12179000,0.22819022,0.27247461
721.60000000,4.77325000,1.14262000,0.22825312,0.27255036
721.80000000,4.77325000,1.14262000,0.22831660,0.27262607
722.00000000,4.77075000,1.14729000,0.22838021,0.27270211
722.20000000,4.77175000,1.14892000,0.22844399,0.27277817
722.40000000,4.76637000,1.16988000,0.22850841,0.27285561
722.60000000,4.76637000,1.16988000,0.22857340,0.27293310
722.80000000,4.76925000,1.15433000,0.22863796,0.27300952
723.00000000,4.76662000,1.16867000,0.22870249,0.27308691
723.20000000,4.76787000,1.15891000,0.22876714,0.27316366
723.40000000,4.77225000,1.14496000,0.22883114,0.27323955
723.60000000,4.77225000,1.14496000,0.22889475,0.27331535
723.80000000,4.76662000,1.16604000,0.22895894,0.27339257
724.00000000,4.76850000,1.16009000,0.22902356,0.27346940
724.20000000,4.76737000,1.16275000,0.22908808,0.27354639
724.40000000,4.76737000,1.16275000,0.22915268,0.27362342
724.60000000,4.76937000,1.15638000,0.22921710,0.27369999
724.80000000,4.76775000,1.16246000,0.22928151,0.27377698
725.00000000,4.76862000,1.15907000,0.22934600,0.27385375
725.20000000,4.76862000,1.15907000,0.22941039,0.27393055
725.40000000,4.77087000,1.14499000,0.22947439,0.27400647
725.60000000,4.77387000,1.13667000,0.22953777,0.27408185
725.80000000,4.77487000,1.13225000,0.22960080,0.27415694
726.00000000,4.77775000,1.12534000,0.22966351,0.27423161
726.20000000,4.77775000,1.12534000,0.22972603,0.27430630
726.40000000,4.77850000,1.12048000,0.22978841,0.27438066
726.60000000,4.77812000,1.11987000,0.22985064,0.27445497
726.80000000,4.77762000,1.12361000,0.22991296,0.27452952
727.00000000,4.77762000,1.12361000,0.22997538,0.27460411
727.20000000,4.77937000,1.11830000,0.23003766,0.27467834
727.40000000,4.77912000,1.11702000,0.23009975,0.27475247
727.60000000,4.77812000,1.12688000,0.23016208,0.27482717
727.80000000,4.77325000,1.14275000,0.23022513,0.27490293
728.00000000,4.77325000,1.14275000,0.23028861,0.27497877
728.20000000,4.77812000,1.12124000,0.23035150,0.27505319
728.40000000,4.77875000,1.11929000,0.23041374,0.27512747
728.60000000,4.77837000,1.11987000,0.23047594,0.27520179
728.80000000,4.77837000,1.11987000,0.23053815,0.27527612
729.00000000,4.77912000,1.12227000,0.23060043,0.27535062
729.20000000,4.77912000,1.11811000,0.23066267,0.27542483
729.40000000,4.77912000,1.12000000,0.23072484,0.27549907
729.60000000,4.77237000,1.14889000,0.23078786,0.27557522
729.80000000,4.77237000,1.14889000,0.23085169,0.27565143
730.00000000,4.77612000,1.13043000,0.23091500,0.27572637
730.20000000,4.77275000,1.14563000,0.23097823,0.27580236
730.40000000,4.77587000,1.12944000,0.23104142,0.27587728
730.60000000,4.77587000,1.12944000,0.23110417,0.27595219
730.80000000,4.77587000,1.13257000,0.23116700,0.27602732
731.00000000,4.77587000,1.13353000,0.23122995,0.27610252
731.20000000,4.77675000,1.12582000,0.23129271,0.27617724
731.40000000,4.77875000,1.12265000,0.23135517,0.27625176
731.60000000,4.77875000,1.12265000,0.23141754,0.27632618
731.80000000,4.77325000,1.14172000,0.23148044,0.27640190
732.00000000,4.77475000,1.13344000,0.23154364,0.27647701
732.20000000,4.77150000,1.14745000,0.23160699,0.27655311
732.40000000,4.77512000,1.12956000,0.23167024,0.27662803
732.60000000,4.77512000,1.12956000,0.23173300,0.27670289
732.80000000,4.77200000,1.14832000,0.23179627,0.27677907
733.00000000,4.77625000,1.12876000,0.23185952,0.27685389
733.20000000,4.77300000,1.14057000,0.23192256,0.27692950
733.40000000,4.77300000,1.14057000,0.23198593,0.27700517
733.60000000,4.77637000,1.12812000,0.23204895,0.27707994
733.80000000,4.77250000,1.14435000,0.23211207,0.27715590
734.00000000,4.77925000,1.12137000,0.23217501,0.27723031
734.20000000,4.77750000,1.12352000,0.23223736,0.27730486
734.40000000,4.77750000,1.12352000,0.23229978,0.27737934
734.60000000,4.77275000,1.14070000,0.23236268,0.27745501
734.80000000,4.77625000,1.12912000,0.23242573,0.27752987
735.00000000,4.77387000,1.13804000,0.23248870,0.27760533
735.20000000,4.77387000,1.13804000,0.23255193,0.27768084
735.40000000,4.77712000,1.12876000,0.23261490,0.27775574
735.60000000,4.77775000,1.12454000,0.23267749,0.27783032
735.80000000,4.77500000,1.13622000,0.23274029,0.27790571
736.00000000,4.77762000,1.12534000,0.23280311,0.27798039
736.20000000,4.77762000,1.12534000,0.23286563,0.27805499
736.40000000,4.77337000,1.13644000,0.23292845,0.27813038
736.60000000,4.77625000,1.12841000,0.23299137,0.27820524
736.80000000,4.77675000,1.12784000,0.23305404,0.27828007
737.00000000,4.77675000,1.12784000,0.23311670,0.27835486
737.20000000,4.77475000,1.13577000,0.23317957,0.27843013
737.40000000,4.77137000,1.15148000,0.23324311,0.27850642
737.60000000,4.77025000,1.15104000,0.23330707,0.27858268
737.80000000,4.77037000,1.15158000,0.23337103,0.27865898
738.00000000,4.77037000,1.15158000,0.23343501,0.27873532
738.20000000,4.77300000,1.14556000,0.23349882,0.27881124
738.40000000,4.77150000,1.14566000,0.23356246,0.27888716
738.60000000,4.77162000,1.14934000,0.23362621,0.27896333
738.80000000,4.77162000,1.14934000,0.23369006,0.27903943
739.00000000,4.76700000,1.16496000,0.23375435,0.27911672
739.20000000,4.77712000,1.12691000,0.23381801,0.27919151
739.40000000,4.77812000,1.12224000,0.23388049,0.27926598
739.60000000,4.77462000,1.13651000,0.23394323,0.27934135
739.80000000,4.77462000,1.13651000,0.23400637,0.27941673
740.00000000,4.77537000,1.13513000,0.23406947,0.27949200
740.20000000,4.77425000,1.13657000,0.23413258,0.27956741
740.40000000,4.77737000,1.12726000,0.23419546,0.27964221
740.60000000,4.77737000,1.12726000,0.23425809,0.27971701
740.80000000,4.77762000,1.12563000,0.23432067,0.27979170
741.00000000,4.77762000,1.12592000,0.23438321,0.27986639
741.20000000,4.77625000,1.13241000,0.23444594,0.27994151
741.40000000,4.77625000,1.13241000,0.23450885,0.28001658
741.60000000,4.77312000,1.13888000,0.23457194,0.28009211
741.80000000,4.77512000,1.13353000,0.23463507,0.28016727
742.00000000,4.77412000,1.14025000,0.23469823,0.28024288
742.20000000,4.77500000,1.13011000,0.23476129,0.28031783
742.40000000,4.77500000,1.13011000,0.23482408,0.28039276
742.60000000,4.77375000,1.14064000,0.23488715,0.28046843
742.80000000,4.77687000,1.12483000,0.23495008,0.28054308
743.00000000,4.77800000,1.12332000,0.23501253,0.28061762
743.20000000,4.77800000,1.12332000,0.23507494,0.28069210
743.40000000,4.77387000,1.14032000,0.23513782,0.28076776
743.60000000,4.77725000,1.12656000,0.23520078,0.28084242
743.80000000,4.77150000,1.15084000,0.23526405,0.28091868
744.00000000,4.77062000,1.15126000,0.23532799,0.28099496
744.20000000,4.77062000,1.15126000,0.23539195,0.28107118
744.40000000,4.76687000,1.16742000,0.23545636,0.28114856
744.60000000,4.77237000,1.14889000,0.23552070,0.28122471
744.80000000,4.77262000,1.14464000,0.23558441,0.28130059
745.00000000,4.77262000,1.14464000,0.23564800,0.28137645
745.20000000,4.77200000,1.14809000,0.23571169,0.28145255
745.40000000,4.77262000,1.14467000,0.23577538,0.28152842
745.60000000,4.77212000,1.14646000,0.23583902,0.28160439
745.80000000,4.77125000,1.15046000,0.23590282,0.28168063
746.00000000,4.77125000,1.15046000,0.23596674,0.28175697
746.20000000,4.77737000,1.12224000,0.23602987,0.28183138
746.40000000,4.77400000,1.13891000,0.23609268,0.28190692
746.60000000,4.77537000,1.13472000,0.23615583,0.28198218
746.80000000,4.77537000,1.13472000,0.23621887,0.28205748
747.00000000,4.77800000,1.12284000,0.23628158,0.28213201
747.20000000,4.77937000,1.11926000,0.23634386,0.28220630
747.40000000,4.77862000,1.11856000,0.23640603,0.28228043
747.60000000,4.77162000,1.14758000,0.23646897,0.28235648
747.80000000,4.77162000,1.14758000,0.23653273,0.28243261
748.00000000,4.77650000,1.12982000,0.23659599,0.28250752
748.20000000,4.77350000,1.14108000,0.23665907,0.28258320
748.40000000,4.77550000,1.13280000,0.23672223,0.28265833
748.60000000,4.77837000,1.12028000,0.23678482,0.28273268
748.80000000,4.77837000,1.12028000,0.23684706,0.28280703
749.00000000,4.77825000,1.11910000,0.23690926,0.28288130
749.20000000,4.77850000,1.12102000,0.23697149,0.28295561
749.40000000,4.77250000,1.14179000,0.23703434,0.28303129
749.60000000,4.77250000,1.14179000,0.23709778,0.28310705
749.80000000,4.77737000,1.12732000,0.23716081,0.28318188
750.00000000,4.77912000,1.11968000,0.23722322,0.28325619
750.20000000,4.77862000,1.11955000,0.23728542,0.28333049
750.40000000,4.77812000,1.12246000,0.23734770,0.28340498
750.60000000,4.77812000,1.12246000,0.23741006,0.28347940
750.80000000,4.77387000,1.14156000,0.23747295,0.28355506
751.00000000,4.77187000,1.14659000,0.23753651,0.28363095
751.20000000,4.76575000,1.16784000,0.23760080,0.28370826
751.40000000,4.76575000,1.16784000,0.23766568,0.28378564
751.60000000,4.77087000,1.14704000,0.23772998,0.28386168
751.80000000,4.77287000,1.14643000,0.23779369,0.28393759
752.00000000,4.76787000,1.16115000,0.23785779,0.28401447
752.20000000,4.76700000,1.16851000,0.23792250,0.28409184
752.40000000,4.76700000,1.16851000,0.23798742,0.28416932
752.60000000,4.77450000,1.13683000,0.23805146,0.28424467
752.80000000,4.77225000,1.14400000,0.23811481,0.28432053
753.00000000,4.77450000,1.13552000,0.23817813,0.28439583
753.20000000,4.77450000,1.13552000,0.23824122,0.28447110
753.40000000,4.77250000,1.14336000,0.23830452,0.28454693
753.60000000,4.77525000,1.13123000,0.23836770,0.28462200
753.80000000,4.77800000,1.12268000,0.23843031,0.28469650
754.00000000,4.77775000,1.11916000,0.23849258,0.28477077
754.20000000,4.77775000,1.11916000,0.23855476,0.28484503
754.40000000,4.77775000,1.12646000,0.23861714,0.28491977
754.60000000,4.77725000,1.12092000,0.23867957,0.28499408
754.80000000,4.77275000,1.14336000,0.23874246,0.28506987
755.00000000,4.77600000,1.12924000,0.23880559,0.28514477
755.20000000,4.77600000,1.12924000,0.23886833,0.28521961
755.40000000,4.77162000,1.14486000,0.23893150,0.28529554
755.60000000,4.77537000,1.13344000,0.23899478,0.28537067
755.80000000,4.77212000,1.14342000,0.23905803,0.28544645
756.00000000,4.77212000,1.14342000,0.23912155,0.28552229
756.20000000,4.77550000,1.13027000,0.23918471,0.28559719
756.40000000,4.77125000,1.14688000,0.23924796,0.28567329
756.60000000,4.77750000,1.12332000,0.23931102,0.28574784
756.80000000,4.77837000,1.12179000,0.23937339,0.28582229
757.00000000,4.77837000,1.12179000,0.23943571,0.28589673
757.20000000,4.77762000,1.12256000,0.23949805,0.28597123
757.40000000,4.77825000,1.12188000,0.23956040,0.28604564
757.60000000,4.77575000,1.13152000,0.23962299,0.28612069
757.80000000,4.77575000,1.13152000,0.23968586,0.28619569
758.00000000,4.77187000,1.14390000,0.23974906,0.28627142
758.20000000,4.76675000,1.16723000,0.23981326,0.28634873
758.40000000,4.76875000,1.15532000,0.23987777,0.28642519
758.60000000,4.76550000,1.17472000,0.23994250,0.28650295
758.80000000,4.76550000,1.17472000,0.24000776,0.28658076
759.00000000,4.76937000,1.16217000,0.24007267,0.28665778
759.20000000,4.77137000,1.14966000,0.24013689,0.28673402
759.40000000,4.77512000,1.13779000,0.24020043,0.28680948
759.60000000,4.77462000,1.13651000,0.24026361,0.28688485
759.80000000,4.77462000,1.13651000,0.24032675,0.28696027
760.00000000,4.77787000,1.12569000,0.24038958,0.28703496
760.20000000,4.77712000,1.12825000,0.24045219,0.28710977
760.40000000,4.77425000,1.13948000,0.24051519,0.28718533
760.60000000,4.77425000,1.13948000,0.24057849,0.28726089
760.80000000,4.77487000,1.13536000,0.24064168,0.28733618
761.00000000,4.77400000,1.13891000,0.24070486,0.28741171
761.20000000,4.77512000,1.13408000,0.24076799,0.28748692
761.40000000,4.77512000,1.13408000,0.24083100,0.28756213
761.60000000,4.77475000,1.13436000,0.24089401,0.28763735
761.80000000,4.77437000,1.13510000,0.24095705,0.28771264
762.00000000,4.77587000,1.13379000,0.24102008,0.28778785
762.20000000,4.77237000,1.14256000,0.24108331,0.28786358
762.40000000,4.77237000,1.14256000,0.24114678,0.28793941
762.60000000,4.77825000,1.11808000,0.24120958,0.28801360
762.80000000,4.77762000,1.12576000,0.24127191,0.28808830
763.00000000,4.77875000,1.11708000,0.24133421,0.28816244
763.20000000,4.77875000,1.11708000,0.24139627,0.28823658
763.40000000,4.77875000,1.11945000,0.24145839,0.28831087
763.60000000,4.77800000,1.12233000,0.24152067,0.28838531
763.80000000,4.77525000,1.13644000,0.24158341,0.28846068
764.00000000,4.77525000,1.13644000,0.24164655,0.28853602
764.20000000,4.77325000,1.14227000,0.24170984,0.28861169
764.40000000,4.76987000,1.14774000,0.24177345,0.28868776
764.60000000,4.77162000,1.14588000,0.24183717,0.28876371
764.80000000,4.77237000,1.14422000,0.24190078,0.28883955
765.00000000,4.77237000,1.14422000,0.24196435,0.28891539
765.20000000,4.77212000,1.14691000,0.24202799,0.28899132
765.40000000,4.76650000,1.16659000,0.24209225,0.28906857
765.60000000,4.76812000,1.16124000,0.24215692,0.28914548
765.80000000,4.76812000,1.16124000,0.24222143,0.28922241
766.00000000,4.76987000,1.15251000,0.24228570,0.28929880
766.20000000,4.77287000,1.14419000,0.24234950,0.28937471
766.40000000,4.77625000,1.12950000,0.24241266,0.28944956
766.60000000,4.77150000,1.14505000,0.24247584,0.28952544
766.80000000,4.77150000,1.14505000,0.24253945,0.28960142
767.00000000,4.77712000,1.12393000,0.24260248,0.28967600
767.20000000,4.77787000,1.12355000,0.24266491,0.28975057
767.40000000,4.77850000,1.11779000,0.24272717,0.28982475
767.60000000,4.77850000,1.11779000,0.24278927,0.28989885
767.80000000,4.77262000,1.14262000,0.24285206,0.28997466
768.00000000,4.77737000,1.12294000,0.24291499,0.29004916
768.20000000,4.77637000,1.12790000,0.24297751,0.29012402
768.40000000,4.77875000,1.11846000,0.24303991,0.29019825
768.60000000,4.77875000,1.11846000,0.24310205,0.29027247
768.80000000,4.77762000,1.12089000,0.24316425,0.29034685
769.00000000,4.77812000,1.12128000,0.24322653,0.29042121
769.20000000,4.77450000,1.13440000,0.24328919,0.29049644
769.40000000,4.77512000,1.13228000,0.24335216,0.29057154
769.60000000,4.77512000,1.13228000,0.24341506,0.29064668
769.80000000,4.77825000,1.12121000,0.24347766,0.29072106
770.00000000,4.77637000,1.12265000,0.24353999,0.29079556
770.20000000,4.77837000,1.11750000,0.24360221,0.29086973
770.40000000,4.77837000,1.11750000,0.24366430,0.29094389
770.60000000,4.77800000,1.11766000,0.24372638,0.29101804
770.80000000,4.77675000,1.12569000,0.24378870,0.29109273
771.00000000,4.77712000,1.12518000,0.24385122,0.29116731
771.20000000,4.77287000,1.14153000,0.24391419,0.29124299
771.40000000,4.77287000,1.14153000,0.24397761,0.29131872
771.60000000,4.77687000,1.12761000,0.24404064,0.29139346
771.80000000,4.77212000,1.14252000,0.24410370,0.29146924
772.00000000,4.77537000,1.13420000,0.24416694,0.29154446
772.20000000,4.77537000,1.13420000,0.24422995,0.29161963
772.40000000,4.77175000,1.14652000,0.24429330,0.29169566
772.60000000,4.77475000,1.13091000,0.24435657,0.29177063
772.80000000,4.77312000,1.14505000,0.24441979,0.29184660
773.00000000,4.77700000,1.12537000,0.24448285,0.29192127
773.20000000,4.77700000,1.12537000,0.24454537,0.29199585
773.40000000,4.77162000,1.14896000,0.24460855,0.29207205
773.60000000,4.77500000,1.13430000,0.24467197,0.29214727
773.80000000,4.77487000,1.13312000,0.24473496,0.29222242
774.00000000,4.77487000,1.13312000,0.24479791,0.29229754
774.20000000,4.77350000,1.13977000,0.24486104,0.29237319
774.40000000,4.77837000,1.11833000,0.24492377,0.29244737
774.60000000,4.77625000,1.13027000,0.24498623,0.29252227
774.80000000,4.77100000,1.14835000,0.24504953,0.29259836
775.00000000,4.77100000,1.14835000,0.24511332,0.29267451
775.20000000,4.77450000,1.13209000,0.24517667,0.29274960
775.40000000,4.77575000,1.12966000,0.24523950,0.29282446
775.60000000,4.77087000,1.14976000,0.24530281,0.29290060
775.80000000,4.76800000,1.16278000,0.24536705,0.29297760
776.00000000,4.76800000,1.16278000,0.24543165,0.29305459
776.20000000,4.76750000,1.16368000,0.24549627,0.29313166
776.40000000,4.76825000,1.15830000,0.24556077,0.29320836
776.60000000,4.76775000,1.16051000,0.24562518,0.29328521
776.80000000,4.76775000,1.16051000,0.24568966,0.29336207
777.00000000,4.76875000,1.15452000,0.24575396,0.29343851
777.20000000,4.76675000,1.16950000,0.24581852,0.29351602
777.40000000,4.77200000,1.14752000,0.24588288,0.29359203
777.60000000,4.76912000,1.15616000,0.24594687,0.29366861
777.80000000,4.76912000,1.15616000,0.24601110,0.29374516
778.00000000,4.76725000,1.16652000,0.24607562,0.29382249
778.20000000,4.77325000,1.14000000,0.24613969,0.29389797
778.40000000,4.76687000,1.16633000,0.24620376,0.29397519
778.60000000,4.76687000,1.16633000,0.24626855,0.29405246
778.80000000,4.77037000,1.14902000,0.24633287,0.29412852
779.00000000,4.76612000,1.17011000,0.24639729,0.29420606
779.20000000,4.77075000,1.14937000,0.24646172,0.29428229
779.40000000,4.77562000,1.13020000,0.24652504,0.29435726
779.60000000,4.77562000,1.13020000,0.24658783,0.29443227
779.80000000,4.77900000,1.12044000,0.24665035,0.29450655
780.00000000,4.77337000,1.13843000,0.24671309,0.29458204
780.20000000,4.77400000,1.13734000,0.24677631,0.29465745
780.40000000,4.77512000,1.13430000,0.24683941,0.29473268
780.60000000,4.77512000,1.13430000,0.24690243,0.29480786
780.80000000,4.77237000,1.14064000,0.24696562,0.29488351
781.00000000,4.77487000,1.13699000,0.24702889,0.29495888
781.20000000,4.77325000,1.13756000,0.24709207,0.29503430
781.40000000,4.77325000,1.13756000,0.24715527,0.29510973
781.60000000,4.77412000,1.13619000,0.24721843,0.29518509
781.80000000,4.77587000,1.13046000,0.24728139,0.29526008
782.00000000,4.77600000,1.12934000,0.24734416,0.29533499
782.20000000,4.77600000,1.12934000,0.24740690,0.29540986
782.40000000,4.77300000,1.14361000,0.24747004,0.29548569
782.60000000,4.77425000,1.13718000,0.24753339,0.29556109
782.80000000,4.77387000,1.13827000,0.24759660,0.29563654
783.00000000,4.77262000,1.14169000,0.24765993,0.29571222
783.20000000,4.77262000,1.14169000,0.24772336,0.29578793
783.40000000,4.77487000,1.13500000,0.24778660,0.29586320
783.60000000,4.77475000,1.13699000,0.24784971,0.29593862
783.80000000,4.77562000,1.13385000,0.24791279,0.29601382
784.00000000,4.77562000,1.13385000,0.24797578,0.29608905
784.20000000,4.77725000,1.12361000,0.24803849,0.29616362
784.40000000,4.77812000,1.12291000,0.24810089,0.29623806
784.60000000,4.77325000,1.14032000,0.24816376,0.29631366
784.80000000,4.77325000,1.14032000,0.24822711,0.29638932
785.00000000,4.77712000,1.12665000,0.24829008,0.29646402
785.20000000,4.77387000,1.13734000,0.24835297,0.29653949
785.40000000,4.77725000,1.12665000,0.24841586,0.29661424
785.60000000,4.77737000,1.12835000,0.24847850,0.29668911
785.80000000,4.77737000,1.12835000,0.24854119,0.29676397
786.00000000,4.77662000,1.12716000,0.24860384,0.29683868
786.20000000,4.77237000,1.14617000,0.24866699,0.29691474
786.40000000,4.77812000,1.11987000,0.24872993,0.29698906
786.60000000,4.77812000,1.11987000,0.24879215,0.29706339
786.80000000,4.77925000,1.12019000,0.24885437,0.29713771
787.00000000,4.77650000,1.12953000,0.24891686,0.29721260
787.20000000,4.77362000,1.13843000,0.24897986,0.29728810
787.40000000,4.77537000,1.13328000,0.24904297,0.29736327
787.60000000,4.77537000,1.13328000,0.24910593,0.29743837
787.80000000,4.77137000,1.15046000,0.24916936,0.29751469
788.00000000,4.77662000,1.12870000,0.24923267,0.29758951
788.20000000,4.77250000,1.14073000,0.24929571,0.29766512
788.40000000,4.77250000,1.14073000,0.24935909,0.29774080
788.60000000,4.77687000,1.12595000,0.24942205,0.29781547
788.80000000,4.77450000,1.14051000,0.24948501,0.29789113
789.00000000,4.77637000,1.12825000,0.24954803,0.29796592
789.20000000,4.77300000,1.14377000,0.24961114,0.29804174
789.40000000,4.77300000,1.14377000,0.24967468,0.29811761
789.60000000,4.77575000,1.13008000,0.24973785,0.29819251
789.80000000,4.77200000,1.14499000,0.24980104,0.29826845
790.00000000,4.77550000,1.13299000,0.24986432,0.29834356
790.20000000,4.77300000,1.13907000,0.24992743,0.29841907
790.40000000,4.77300000,1.13907000,0.24999071,0.29849461
790.60000000,4.77512000,1.13248000,0.25005381,0.29856969
790.80000000,4.77325000,1.13740000,0.25011686,0.29864512
791.00000000,4.77475000,1.13308000,0.25017993,0.29872026
791.20000000,4.77475000,1.13308000,0.25024288,0.29879536
791.40000000,4.77212000,1.14892000,0.25030627,0.29887151
791.60000000,4.77200000,1.14636000,0.25037003,0.29894743
791.80000000,4.76875000,1.15801000,0.25043404,0.29902415
792.00000000,4.76962000,1.15497000,0.25049829,0.29910066
792.20000000,4.76962000,1.15497000,0.25056245,0.29917719
792.40000000,4.77112000,1.14665000,0.25062639,0.29925318
792.60000000,4.77137000,1.14864000,0.25069015,0.29932920
792.80000000,4.76537000,1.16972000,0.25075454,0.29940662
793.00000000,4.76537000,1.16972000,0.25081953,0.29948418
793.20000000,4.77425000,1.14057000,0.25088370,0.29955979
793.40000000,4.77275000,1.14121000,0.25094709,0.29963545
793.60000000,4.77325000,1.14022000,0.25101046,0.29971107
793.80000000,4.77550000,1.13529000,0.25107367,0.29978637
794.00000000,4.77550000,1.13529000,0.25113674,0.29986174
794.20000000,4.77962000,1.11667000,0.25119929,0.29993585
794.40000000,4.77850000,1.12179000,0.25126147,0.30001030
794.60000000,4.77850000,1.12099000,0.25132377,0.30008470
794.80000000,4.77300000,1.14332000,0.25138667,0.30016049
795.00000000,4.77300000,1.14332000,0.25145019,0.30023634
795.20000000,4.77675000,1.12860000,0.25151330,0.30031118
795.40000000,4.77400000,1.13942000,0.25157630,0.30038678
795.60000000,4.77737000,1.12553000,0.25163921,0.30046146
795.80000000,4.77737000,1.12553000,0.25170174,0.30053614
796.00000000,4.77737000,1.12345000,0.25176421,0.30061059
796.20000000,4.77100000,1.14624000,0.25182726,0.30068662
796.40000000,4.77600000,1.13193000,0.25189054,0.30076163
796.60000000,4.77112000,1.14864000,0.25195389,0.30083774
796.80000000,4.77112000,1.14864000,0.25201771,0.30091397
797.00000000,4.77787000,1.12204000,0.25208078,0.30098844
797.20000000,4.77900000,1.11990000,0.25214306,0.30106277
797.40000000,4.77875000,1.12012000,0.25220528,0.30113712
797.60000000,4.77875000,1.12012000,0.25226751,0.30121135
797.80000000,4.77200000,1.14707000,0.25233049,0.30128750
798.00000000,4.77975000,1.11545000,0.25239333,0.30136152
798.20000000,4.77762000,1.12438000,0.25245555,0.30143602
798.40000000,4.77037000,1.15129000,0.25251876,0.30151230
798.60000000,4.77037000,1.15129000,0.25258272,0.30158864
798.80000000,4.77475000,1.13046000,0.25264611,0.30166356
799.00000000,4.77162000,1.14332000,0.25270927,0.30173942
799.20000000,4.77687000,1.12592000,0.25277230,0.30181412
799.40000000,4.77687000,1.12592000,0.25283485,0.30188873
799.60000000,4.77112000,1.14297000,0.25289788,0.30196455
799.80000000,4.77625000,1.12937000,0.25296100,0.30203938
800.00000000,4.77100000,1.14780000,0.25302425,0.30211550
800.20000000,4.77475000,1.13180000,0.25308757,0.30219056
800.40000000,4.77475000,1.13180000,0.25315045,0.30226559
800.60000000,4.77325000,1.14009000,0.25321356,0.30234124
800.80000000,4.77750000,1.12204000,0.25327640,0.30241568
801.00000000,4.77675000,1.12512000,0.25333882,0.30249032
801.20000000,4.77675000,1.12512000,0.25340133,0.30256489
801.40000000,4.77187000,1.14563000,0.25346440,0.30264089
801.60000000,4.77625000,1.12908000,0.25352759,0.30271573
801.80000000,4.77250000,1.14848000,0.25359085,0.30279189
802.00000000,4.77425000,1.13731000,0.25365435,0.30286730
802.20000000,4.77425000,1.13731000,0.25371753,0.30294269
802.40000000,4.77287000,1.14092000,0.25378082,0.30301839
802.60000000,4.77725000,1.12419000,0.25384374,0.30309301
802.80000000,4.77900000,1.11472000,0.25390593,0.30316700
803.00000000,4.77900000,1.11472000,0.25396786,0.30324094
803.20000000,4.77587000,1.13104000,0.25403024,0.30331593
803.40000000,4.77387000,1.13936000,0.25409331,0.30339152
803.60000000,4.77687000,1.12592000,0.25415623,0.30346622
803.80000000,4.77650000,1.13059000,0.25421891,0.30354123
804.00000000,4.77650000,1.13059000,0.25428172,0.30361618
804.20000000,4.77300000,1.14121000,0.25434483,0.30369189
804.40000000,4.77650000,1.12860000,0.25440788,0.30376668
804.60000000,4.77150000,1.14617000,0.25447106,0.30384264
804.80000000,4.76887000,1.15651000,0.25453503,0.30391924
805.00000000,4.76887000,1.15651000,0.25459928,0.30399581
805.20000000,4.76737000,1.16528000,0.25466377,0.30407298
805.40000000,4.76825000,1.16134000,0.25472840,0.30414990
805.60000000,4.76825000,1.15750000,0.25479281,0.30422655
805.80000000,4.76825000,1.15750000,0.25485712,0.30430319
806.00000000,4.76700000,1.16729000,0.25492170,0.30438047
806.20000000,4.76700000,1.16358000,0.25498644,0.30445752
806.40000000,4.76775000,1.16457000,0.25505111,0.30453464
806.60000000,4.76775000,1.16457000,0.25511581,0.30461172
806.80000000,4.76550000,1.17068000,0.25518068,0.30468925
807.00000000,4.76862000,1.15884000,0.25524539,0.30476607
807.20000000,4.77237000,1.14668000,0.25530943,0.30484207
807.40000000,4.77137000,1.14710000,0.25537315,0.30491809
807.60000000,4.77137000,1.14710000,0.25543688,0.30499405
807.80000000,4.76762000,1.16515000,0.25550110,0.30507123
808.00000000,4.76937000,1.15552000,0.25556557,0.30514772
808.20000000,4.76637000,1.16713000,0.25563009,0.30522498
808.40000000,4.76787000,1.16086000,0.25569475,0.30530186
808.60000000,4.76787000,1.16086000,0.25575924,0.30537873
808.80000000,4.76775000,1.16102000,0.25582374,0.30545562
809.00000000,4.76825000,1.15820000,0.25588816,0.30553232
809.20000000,4.77087000,1.15049000,0.25595229,0.30560855
809.40000000,4.77087000,1.15049000,0.25601621,0.30568485
809.60000000,4.77462000,1.13353000,0.25607965,0.30575999
809.80000000,4.77262000,1.14592000,0.25614297,0.30583602
810.00000000,4.77762000,1.12499000,0.25620605,0.30591067
810.20000000,4.77762000,1.12499000,0.25626855,0.30598533
810.40000000,4.77787000,1.12201000,0.25633097,0.30605973
810.60000000,4.77462000,1.13584000,0.25639369,0.30613506
810.80000000,4.77500000,1.13094000,0.25645665,0.30621014
811.00000000,4.77962000,1.11814000,0.25651913,0.30628436
811.20000000,4.77962000,1.11814000,0.25658125,0.30635848
811.40000000,4.77250000,1.14304000,0.25664406,0.30643432
811.60000000,4.77700000,1.12694000,0.25670711,0.30650913
811.80000000,4.77987000,1.11539000,0.25676940,0.30658318
812.00000000,4.77987000,1.11539000,0.25683137,0.30665724
812.20000000,4.78112000,1.11196000,0.25689324,0.30673099
812.40000000,4.77475000,1.13270000,0.25695559,0.30680609
812.60000000,4.77412000,1.13772000,0.25701866,0.30688151
812.80000000,4.77300000,1.13907000,0.25708190,0.30695702
813.00000000,4.77300000,1.13907000,0.25714518,0.30703261
813.20000000,4.77775000,1.12742000,0.25720814,0.30710745
813.40000000,4.77950000,1.11756000,0.25727050,0.30718162
813.60000000,4.77875000,1.12144000,0.25733269,0.30725606
813.80000000,4.77875000,1.12144000,0.25739500,0.30733046
814.00000000,4.77725000,1.12825000,0.25745749,0.30740526
814.20000000,4.77337000,1.14246000,0.25752056,0.30748106
814.40000000,4.77662000,1.12899000,0.25758366,0.30755588
814.60000000,4.77200000,1.14784000,0.25764690,0.30763196
814.80000000,4.77200000,1.14784000,0.25771067,0.30770811
815.00000000,4.77650000,1.12729000,0.25777387,0.30778284
815.20000000,4.77287000,1.14227000,0.25783691,0.30785861
815.40000000,4.77612000,1.12832000,0.25789999,0.30793346
815.60000000,4.77612000,1.12832000,0.25796267,0.30800826
815.80000000,4.77325000,1.14387000,0.25802579,0.30808415
816.00000000,4.77712000,1.12563000,0.25808883,0.30815886
816.20000000,4.77887000,1.11859000,0.25815117,0.30823310
816.40000000,4.77862000,1.12166000,0.25821340,0.30830755
816.60000000,4.77862000,1.12166000,0.25827571,0.30838190
816.80000000,4.77287000,1.14233000,0.25833860,0.30845769
817.00000000,4.77700000,1.13161000,0.25840177,0.30853273
817.20000000,4.77412000,1.13920000,0.25846484,0.30860830
817.40000000,4.77625000,1.12624000,0.25852777,0.30868301
817.60000000,4.77625000,1.12624000,0.25859034,0.30875765
817.80000000,4.77200000,1.14608000,0.25865346,0.30883369
818.00000000,4.77662000,1.12828000,0.25871664,0.30890846
818.20000000,4.77162000,1.14416000,0.25877976,0.30898429
818.40000000,4.77162000,1.14416000,0.25884333,0.30906010
818.60000000,4.77087000,1.14982000,0.25890705,0.30913626
818.80000000,4.76862000,1.15984000,0.25897121,0.30921309
819.00000000,4.76950000,1.15641000,0.25903555,0.30928971
819.20000000,4.77100000,1.15030000,0.25909962,0.30936594
819.40000000,4.77100000,1.15030000,0.25916353,0.30944207
819.60000000,4.76537000,1.17241000,0.25922805,0.30951972
819.80000000,4.76825000,1.15827000,0.25929279,0.30959648
820.00000000,4.77187000,1.14505000,0.25935677,0.30967237
820.20000000,4.77187000,1.14505000,0.25942038,0.30974835
820.40000000,4.77737000,1.12736000,0.25948350,0.30982306
820.60000000,4.77162000,1.14848000,0.25954672,0.30989924
820.80000000,4.77612000,1.12742000,0.25960994,0.30997399
821.00000000,4.77362000,1.14198000,0.25967298,0.31004971
821.20000000,4.77362000,1.14198000,0.25973642,0.31012548
821.40000000,4.77725000,1.12185000,0.25979931,0.31019994
821.60000000,4.77887000,1.12134000,0.25986162,0.31027436
821.80000000,4.77875000,1.12096000,0.25992391,0.31034876
822.00000000,4.77875000,1.12096000,0.25998618,0.31042317
822.20000000,4.77925000,1.11580000,0.26004831,0.31049715
822.40000000,4.77350000,1.14028000,0.26011098,0.31057279
822.60000000,4.77612000,1.12841000,0.26017400,0.31064757
822.80000000,4.77175000,1.14780000,0.26023723,0.31072364
823.00000000,4.77175000,1.14780000,0.26030100,0.31079981
823.20000000,4.77825000,1.12278000,0.26036407,0.31087427
823.40000000,4.77462000,1.13235000,0.26042671,0.31094933
823.60000000,4.77262000,1.14419000,0.26048995,0.31102517
823.80000000,4.77262000,1.14419000,0.26055351,0.31110101
824.00000000,4.77237000,1.14422000,0.26061708,0.31117692
824.20000000,4.77612000,1.12931000,0.26068023,0.31125175
824.40000000,4.77100000,1.14784000,0.26074349,0.31132781
824.60000000,4.77550000,1.13116000,0.26080679,0.31140284
824.80000000,4.77550000,1.13116000,0.26086964,0.31147782
825.00000000,4.77275000,1.14409000,0.26093284,0.31155371
825.20000000,4.77587000,1.12867000,0.26099597,0.31162857
825.40000000,4.77062000,1.15158000,0.26105931,0.31170488
825.60000000,4.77062000,1.15158000,0.26112329,0.31178129
825.80000000,4.77750000,1.12790000,0.26118661,0.31185605
826.00000000,4.77262000,1.14092000,0.26124963,0.31193176
826.20000000,4.77750000,1.12595000,0.26131260,0.31200647
826.40000000,4.77587000,1.12726000,0.26137519,0.31208124
826.60000000,4.77587000,1.12726000,0.26143781,0.31215602
826.80000000,4.77612000,1.12883000,0.26150048,0.31223087
827.00000000,4.77400000,1.14006000,0.26156351,0.31230648
827.20000000,4.77562000,1.13024000,0.26162657,0.31238145
827.40000000,4.77562000,1.13024000,0.26168936,0.31245637
827.60000000,4.77237000,1.14582000,0.26175258,0.31253236
827.80000000,4.77500000,1.13116000,0.26181583,0.31260745
828.00000000,4.77987000,1.11497000,0.26187823,0.31268147
828.20000000,4.77987000,1.11497000,0.26194017,0.31275543
828.40000000,4.77587000,1.13142000,0.26200257,0.31283045
828.60000000,4.77400000,1.13552000,0.26206554,0.31290576
828.80000000,4.77537000,1.13267000,0.26212854,0.31298094
829.00000000,4.77900000,1.11900000,0.26219109,0.31305521
829.20000000,4.77900000,1.11900000,0.26225326,0.31312946
829.40000000,4.77750000,1.12787000,0.26231567,0.31320434
829.60000000,4.78000000,1.11737000,0.26237804,0.31327835
829.80000000,4.76850000,1.16044000,0.26244131,0.31335520
830.00000000,4.76850000,1.16044000,0.26250578,0.31343210
830.20000000,4.77137000,1.15065000,0.26256998,0.31350833
830.40000000,4.77012000,1.15331000,0.26263398,0.31358469
830.60000000,4.76675000,1.16620000,0.26269841,0.31366194
830.80000000,4.76937000,1.16086000,0.26276305,0.31373884
831.00000000,4.76937000,1.16086000,0.26282754,0.31381565
831.20000000,4.76437000,1.17712000,0.26289248,0.31389361
831.40000000,4.76825000,1.16249000,0.26295747,0.31397061
831.60000000,4.76925000,1.15744000,0.26302191,0.31404728
831.80000000,4.76662000,1.16540000,0.26308644,0.31412443
832.00000000,4.76662000,1.16540000,0.26315118,0.31420162
832.20000000,4.76875000,1.15990000,0.26321577,0.31427849
832.40000000,4.77137000,1.14707000,0.26327986,0.31435447
832.60000000,4.76975000,1.15667000,0.26334385,0.31443110
832.80000000,4.76975000,1.15667000,0.26340811,0.31450769
833.00000000,4.76775000,1.16480000,0.26347259,0.31458483
833.20000000,4.76825000,1.16438000,0.26353729,0.31466197
833.40000000,4.76962000,1.15904000,0.26360183,0.31473883
833.60000000,4.77487000,1.13520000,0.26366556,0.31481412
833.80000000,4.77487000,1.13520000,0.26372863,0.31488940
834.00000000,4.77475000,1.13513000,0.26379169,0.31496472
834.20000000,4.77787000,1.12288000,0.26385442,0.31503919
834.40000000,4.77487000,1.13452000,0.26391712,0.31511443
834.60000000,4.77487000,1.13452000,0.26398015,0.31518965
834.80000000,4.77387000,1.13948000,0.26404332,0.31526523
835.00000000,4.77562000,1.13264000,0.26410643,0.31534037
835.20000000,4.77650000,1.12800000,0.26416923,0.31541521
835.40000000,4.77700000,1.12972000,0.26423194,0.31549016
835.60000000,4.77700000,1.12972000,0.26429470,0.31556506
835.80000000,4.77350000,1.14310000,0.26435784,0.31564094
836.00000000,4.77937000,1.11814000,0.26442065,0.31571507
836.20000000,4.77325000,1.14470000,0.26448351,0.31579096
836.40000000,4.77325000,1.14470000,0.26454710,0.31586688
836.60000000,4.77512000,1.13289000,0.26461037,0.31594198
836.80000000,4.77337000,1.14422000,0.26467362,0.31601786
837.00000000,4.77450000,1.13961000,0.26473706,0.31609346
837.20000000,4.77637000,1.12832000,0.26480006,0.31616831
837.40000000,4.77637000,1.12832000,0.26486274,0.31624313
837.60000000,4.77462000,1.13948000,0.26492574,0.31631874
837.80000000,4.77737000,1.12595000,0.26498867,0.31639348
838.00000000,4.77900000,1.12313000,0.26505114,0.31646802
838.20000000,4.77900000,1.12313000,0.26511354,0.31654257
838.40000000,4.77912000,1.12473000,0.26517598,0.31661714
838.60000000,4.77337000,1.14019000,0.26523889,0.31669278
838.80000000,4.77662000,1.13376000,0.26530206,0.31676796
839.00000000,4.77412000,1.13587000,0.26536510,0.31684327
839.20000000,4.77412000,1.13587000,0.26542821,0.31691863
839.40000000,4.77662000,1.12844000,0.26549110,0.31699346
839.60000000,4.77462000,1.13804000,0.26555406,0.31706893
839.80000000,4.77462000,1.13932000,0.26561732,0.31714448
840.00000000,4.77575000,1.13401000,0.26568047,0.31721970
840.20000000,4.77575000,1.13401000,0.26574347,0.31729488
840.40000000,4.77337000,1.14080000,0.26580666,0.31737057
840.60000000,4.77662000,1.13008000,0.26586974,0.31744551
840.80000000,4.77475000,1.13446000,0.26593264,0.31752074
841.00000000,4.77475000,1.13446000,0.26599567,0.31759598
841.20000000,4.77525000,1.13398000,0.26605868,0.31767124
841.40000000,4.77837000,1.12208000,0.26612135,0.31774566
841.60000000,4.77537000,1.13609000,0.26618408,0.31782101
841.80000000,4.77537000,1.13609000,0.26624719,0.31789640
842.00000000,4.77750000,1.12745000,0.26631007,0.31797122
842.20000000,4.77812000,1.12393000,0.26637261,0.31804582
842.40000000,4.77912000,1.11708000,0.26643486,0.31811997
842.60000000,4.77925000,1.12022000,0.26649700,0.31819433
842.80000000,4.77925000,1.12022000,0.26655924,0.31826865
843.00000000,4.77725000,1.12380000,0.26662157,0.31834315
843.20000000,4.77312000,1.14412000,0.26668457,0.31841906
843.40000000,4.77700000,1.12572000,0.26674762,0.31849375
843.60000000,4.77700000,1.12572000,0.26681016,0.31856847
843.80000000,4.77862000,1.11888000,0.26687251,0.31864271
844.00000000,4.77737000,1.12796000,0.26693492,0.31871751
844.20000000,4.77512000,1.13414000,0.26699776,0.31879273
844.40000000,4.77512000,1.13414000,0.26706077,0.31886801
844.60000000,4.77900000,1.12144000,0.26712342,0.31894240
844.80000000,4.77612000,1.12944000,0.26718595,0.31901728
845.00000000,4.77362000,1.14124000,0.26724902,0.31909285
845.20000000,4.76762000,1.16576000,0.26731310,0.31917004
845.40000000,4.76762000,1.16576000,0.26737787,0.31924732
845.60000000,4.77275000,1.14435000,0.26744204,0.31932312
845.80000000,4.76925000,1.15846000,0.26750601,0.31939981
846.00000000,4.76637000,1.16828000,0.26757064,0.31947715
846.20000000,4.76762000,1.16236000,0.26763538,0.31955412
846.40000000,4.76762000,1.16236000,0.26769995,0.31963107
846.60000000,4.76650000,1.16860000,0.26776470,0.31970842
846.80000000,4.76587000,1.16467000,0.26782951,0.31978562
847.00000000,4.77225000,1.14732000,0.26789374,0.31986166
847.20000000,4.77225000,1.14732000,0.26795748,0.31993775
847.40000000,4.77487000,1.13478000,0.26802087,0.32001299
847.60000000,4.77362000,1.13801000,0.26808400,0.32008851
847.80000000,4.77800000,1.12758000,0.26814693,0.32016333
848.00000000,4.77387000,1.14012000,0.26820993,0.32023893
848.20000000,4.77387000,1.14012000,0.26827327,0.32031460
848.40000000,4.77850000,1.12105000,0.26833608,0.32038901
848.60000000,4.77900000,1.12038000,0.26839834,0.32046335
848.80000000,4.77750000,1.12256000,0.26846064,0.32053783
849.00000000,4.77750000,1.12256000,0.26852301,0.32061236
849.20000000,4.77987000,1.12176000,0.26858535,0.32068673
849.40000000,4.77350000,1.14390000,0.26864828,0.32076262
849.60000000,4.77712000,1.12723000,0.26871137,0.32083740
849.80000000,4.77637000,1.13353000,0.26877417,0.32091260
850.00000000,4.77637000,1.13353000,0.26883714,0.32098779
850.20000000,4.77600000,1.13020000,0.26890002,0.32106275
850.40000000,4.77500000,1.13622000,0.26896298,0.32113816
850.60000000,4.77887000,1.12195000,0.26902571,0.32121263
850.80000000,4.77887000,1.12195000,0.26908804,0.32128709
851.00000000,4.77837000,1.12419000,0.26915043,0.32136174
851.20000000,4.78125000,1.11593000,0.26921266,0.32143581
851.40000000,4.77900000,1.12108000,0.26927480,0.32151024
851.60000000,4.77987000,1.11846000,0.26933701,0.32158449
851.80000000,4.77987000,1.11846000,0.26939914,0.32165864
852.00000000,4.77362000,1.14131000,0.26946191,0.32173440
852.20000000,4.77950000,1.11936000,0.26952471,0.32180872
852.40000000,4.78037000,1.11542000,0.26958679,0.32188278
852.60000000,4.78037000,1.11542000,0.26964875,0.32195680
852.80000000,4.77825000,1.12208000,0.26971091,0.32203129
853.00000000,4.77950000,1.11952000,0.26977317,0.32210553
853.20000000,4.77475000,1.13872000,0.26983590,0.32218102
853.40000000,4.77325000,1.14048000,0.26989921,0.32225663
853.60000000,4.77325000,1.14048000,0.26996257,0.32233229
853.80000000,4.77637000,1.13008000,0.27002565,0.32240721
854.00000000,4.77350000,1.13859000,0.27008866,0.32248272
854.20000000,4.77462000,1.13843000,0.27015191,0.32255821
854.40000000,4.77475000,1.13708000,0.27021512,0.32263362
854.60000000,4.77475000,1.13708000,0.27027829,0.32270900
854.80000000,4.77287000,1.14003000,0.27034155,0.32278460
855.00000000,4.77512000,1.13568000,0.27040476,0.32285993
855.20000000,4.77575000,1.13606000,0.27046787,0.32293529
855.40000000,4.77575000,1.13606000,0.27053098,0.32301064
855.60000000,4.77562000,1.13472000,0.27059406,0.32308597
855.80000000,4.77950000,1.12124000,0.27065672,0.32316037
856.00000000,4.77800000,1.12361000,0.27071908,0.32323487
856.20000000,4.77350000,1.14368000,0.27078206,0.32331069
856.40000000,4.77350000,1.14368000,0.27084560,0.32338639
856.60000000,4.76587000,1.17072000,0.27090989,0.32346395
856.80000000,4.77000000,1.15385000,0.27097446,0.32354035
857.00000000,4.76700000,1.16873000,0.27103897,0.32361773
857.20000000,4.76700000,1.16873000,0.27110390,0.32369516
857.40000000,4.77050000,1.15510000,0.27116845,0.32377166
857.60000000,4.76825000,1.16396000,0.27123287,0.32384874
857.80000000,4.76787000,1.16742000,0.27129763,0.32392603
858.00000000,4.76700000,1.16630000,0.27136246,0.32400325
858.20000000,4.76700000,1.16630000,0.27142725,0.32408054
858.40000000,4.77100000,1.15004000,0.27149160,0.32415678
858.60000000,4.77312000,1.14140000,0.27155525,0.32423237
858.80000000,4.76825000,1.16284000,0.27161925,0.32430938
859.00000000,4.76837000,1.16265000,0.27168385,0.32438638
859.20000000,4.76837000,1.16265000,0.27174844,0.32446334
859.40000000,4.76637000,1.16598000,0.27181313,0.32454057
859.60000000,4.76900000,1.15900000,0.27187771,0.32461733
859.80000000,4.76850000,1.16380000,0.27194223,0.32469441
860.00000000,4.76850000,1.16380000,0.27200689,0.32477151
860.20000000,4.77000000,1.15267000,0.27207123,0.32484784
860.40000000,4.76775000,1.16489000,0.27213561,0.32492515
860.60000000,4.77825000,1.12320000,0.27219917,0.32499969
860.80000000,4.77812000,1.12153000,0.27226152,0.32507411
861.00000000,4.77812000,1.12153000,0.27232383,0.32514845
861.20000000,4.77237000,1.14643000,0.27238683,0.32522449
861.40000000,4.77550000,1.13344000,0.27245016,0.32529963
861.60000000,4.77337000,1.14467000,0.27251344,0.32537552
861.80000000,4.77337000,1.14467000,0.27257703,0.32545145
862.00000000,4.77612000,1.12921000,0.27264019,0.32552632
862.20000000,4.77375000,1.14028000,0.27270324,0.32560201
862.40000000,4.77912000,1.12160000,0.27276607,0.32567642
862.60000000,4.77650000,1.12729000,0.27282853,0.32575120
862.80000000,4.77650000,1.12729000,0.27289116,0.32582594
863.00000000,4.77362000,1.14208000,0.27295420,0.32590170
863.20000000,4.77625000,1.13238000,0.27301738,0.32597680
863.40000000,4.77462000,1.13830000,0.27308045,0.32605228
863.60000000,4.77500000,1.13718000,0.27314366,0.32612770
863.80000000,4.77500000,1.13718000,0.27320684,0.32620307
864.00000000,4.77200000,1.14540000,0.27327024,0.32627906
864.20000000,4.77675000,1.12860000,0.27333341,0.32635392
864.40000000,4.77562000,1.13705000,0.27339634,0.32642934
864.60000000,4.77562000,1.13705000,0.27345951,0.32650479
864.80000000,4.77787000,1.12576000,0.27352237,0.32657946
865.00000000,4.77562000,1.13577000,0.27358519,0.32665477
865.20000000,4.77400000,1.14009000,0.27364841,0.32673038
865.40000000,4.77487000,1.13769000,0.27371168,0.32680582
865.60000000,4.77487000,1.13769000,0.27377489,0.32688123
865.80000000,4.77187000,1.14784000,0.27383837,0.32695729
866.00000000,4.77150000,1.15152000,0.27390224,0.32703353
866.20000000,4.76662000,1.16691000,0.27396664,0.32711078
866.40000000,4.76662000,1.16691000,0.27403147,0.32718806
866.60000000,4.76812000,1.16582000,0.27409627,0.32726524
866.80000000,4.76675000,1.16921000,0.27416113,0.32734267
867.00000000,4.76825000,1.16457000,0.27422596,0.32741982
867.20000000,4.76975000,1.15363000,0.27429035,0.32749625
867.40000000,4.76975000,1.15363000,0.27435444,0.32757269
867.60000000,4.77087000,1.15084000,0.27441846,0.32764889
867.80000000,4.76712000,1.16758000,0.27448286,0.32772624
868.00000000,4.77012000,1.15609000,0.27454740,0.32780283
868.20000000,4.77012000,1.15609000,0.27461163,0.32787943
868.40000000,4.77012000,1.15654000,0.27467587,0.32795614
868.60000000,4.77600000,1.13449000,0.27473951,0.32803137
868.80000000,4.77412000,1.14176000,0.27480274,0.32810711
869.00000000,4.77662000,1.12979000,0.27486584,0.32818207
869.20000000,4.77662000,1.12979000,0.27492861,0.32825698
869.40000000,4.77425000,1.14070000,0.27499167,0.32833265
869.60000000,4.77612000,1.13238000,0.27505482,0.32840771
869.80000000,4.77225000,1.14422000,0.27511805,0.32848355
870.00000000,4.77225000,1.14422000,0.27518162,0.32855947
870.20000000,4.77775000,1.12640000,0.27524470,0.32863419
870.40000000,4.77587000,1.13004000,0.27530737,0.32870915
870.60000000,4.77600000,1.13251000,0.27537022,0.32878427
870.80000000,4.77562000,1.13568000,0.27543323,0.32885959
871.00000000,4.77562000,1.13568000,0.27549632,0.32893496
871.20000000,4.77825000,1.12268000,0.27555905,0.32900945
871.40000000,4.77700000,1.13120000,0.27562166,0.32908449
871.60000000,4.77637000,1.13488000,0.27568461,0.32915978
871.80000000,4.77650000,1.13136000,0.27574756,0.32923483
872.00000000,4.77650000,1.13136000,0.27581041,0.32930989
872.20000000,4.77687000,1.13356000,0.27587333,0.32938499
872.40000000,4.77012000,1.15622000,0.27593693,0.32946164
872.60000000,4.77287000,1.14697000,0.27600091,0.32953767
872.80000000,4.77287000,1.14697000,0.27606463,0.32961372
873.00000000,4.77362000,1.14307000,0.27612824,0.32968947
873.20000000,4.77150000,1.14966000,0.27619193,0.32976568
873.40000000,4.77312000,1.14617000,0.27625570,0.32984167
873.60000000,4.77200000,1.14844000,0.27631944,0.32991778
873.80000000,4.77200000,1.14844000,0.27638324,0.32999398
874.00000000,4.77725000,1.12979000,0.27644653,0.33006896
874.20000000,4.77850000,1.12147000,0.27650906,0.33014339
874.40000000,4.77850000,1.11923000,0.27657130,0.33021767
874.60000000,4.77850000,1.11923000,0.27663348,0.33029189
874.80000000,4.77425000,1.14294000,0.27669632,0.33036776
875.00000000,4.77962000,1.11737000,0.27675911,0.33044193
875.20000000,4.77900000,1.12310000,0.27682134,0.33051647
875.40000000,4.77887000,1.12134000,0.27688369,0.33059090
875.60000000,4.77887000,1.12134000,0.27694599,0.33066532
875.80000000,4.77862000,1.12016000,0.27700825,0.33073968
876.00000000,4.77962000,1.11996000,0.27707048,0.33081403
876.20000000,4.77800000,1.12166000,0.27713274,0.33088846
876.40000000,4.77800000,1.12166000,0.27719506,0.33096294
876.60000000,4.78062000,1.11654000,0.27725723,0.33103704
876.80000000,4.77837000,1.12412000,0.27731947,0.33111163
877.00000000,4.77775000,1.12576000,0.27738197,0.33118634
877.20000000,4.77775000,1.12576000,0.27744451,0.33126101
877.40000000,4.77575000,1.13520000,0.27750731,0.33133634
877.60000000,4.77812000,1.12406000,0.27757007,0.33141087
877.80000000,4.77350000,1.14537000,0.27763311,0.33148689
878.00000000,4.77875000,1.12160000,0.27769608,0.33156133
878.20000000,4.77875000,1.12160000,0.27775839,0.33163576
878.40000000,4.77775000,1.12617000,0.27782083,0.33171051
878.60000000,4.77950000,1.11904000,0.27788320,0.33178477
878.80000000,4.77737000,1.12784000,0.27794561,0.33185960
879.00000000,4.77375000,1.14044000,0.27800862,0.33193521
879.20000000,4.77375000,1.14044000,0.27807198,0.33201090
879.40000000,4.77812000,1.12259000,0.27813484,0.33208537
879.60000000,4.77650000,1.13011000,0.27819741,0.33216019
879.80000000,4.76662000,1.17008000,0.27826131,0.33223765
880.00000000,4.76662000,1.17008000,0.27832631,0.33231516
880.20000000,4.76937000,1.15830000,0.27839099,0.33239202
880.40000000,4.77787000,1.13068000,0.27845457,0.33246702
880.60000000,4.77600000,1.13139000,0.27851741,0.33254207
880.80000000,4.77412000,1.13891000,0.27858047,0.33261759
881.00000000,4.77412000,1.13891000,0.27864374,0.33269313
881.20000000,4.77562000,1.13718000,0.27870697,0.33276850
881.40000000,4.77187000,1.14918000,0.27877048,0.33284471
881.60000000,4.77512000,1.13475000,0.27883392,0.33291997
881.80000000,4.77512000,1.13475000,0.27889696,0.33299523
882.00000000,4.77487000,1.13753000,0.27896008,0.33307073
882.20000000,4.77912000,1.11942000,0.27902277,0.33314502
882.40000000,4.77825000,1.12332000,0.27908507,0.33321957
882.60000000,4.77800000,1.12233000,0.27914745,0.33329404
882.80000000,4.77800000,1.12233000,0.27920980,0.33336854
883.00000000,4.77900000,1.12147000,0.27927213,0.33344296
883.20000000,4.77800000,1.12118000,0.27933443,0.33351739
883.40000000,4.77950000,1.12121000,0.27939672,0.33359182
883.60000000,4.77950000,1.12121000,0.27945901,0.33366616
883.80000000,4.77400000,1.13958000,0.27952181,0.33374170
884.00000000,4.77275000,1.14508000,0.27958527,0.33381754
884.20000000,4.76900000,1.15651000,0.27964920,0.33389413
884.40000000,4.76787000,1.16067000,0.27971357,0.33397099
884.60000000,4.76787000,1.16067000,0.27977805,0.33404793
884.80000000,4.77300000,1.14684000,0.27984215,0.33412393
885.00000000,4.77150000,1.15200000,0.27990600,0.33420022
885.20000000,4.76812000,1.16483000,0.27997036,0.33427736
885.40000000,4.76812000,1.16483000,0.28003507,0.33435454
885.60000000,4.77075000,1.15350000,0.28009947,0.33443094
885.80000000,4.76862000,1.15884000,0.28016370,0.33450775
886.00000000,4.77225000,1.14828000,0.28022779,0.33458381
886.20000000,4.76900000,1.15884000,0.28029188,0.33466057
886.40000000,4.76900000,1.15884000,0.28035626,0.33473728
886.60000000,4.76637000,1.16819000,0.28042089,0.33481464
886.80000000,4.76775000,1.16268000,0.28048564,0.33489165
887.00000000,4.76925000,1.15555000,0.28055004,0.33496820
887.20000000,4.76925000,1.15555000,0.28061423,0.33504479
887.40000000,4.77225000,1.14649000,0.28067818,0.33512089
887.60000000,4.77912000,1.12182000,0.28074119,0.33519533
887.80000000,4.77787000,1.12048000,0.28080347,0.33526961
888.00000000,4.77312000,1.14320000,0.28086635,0.33534540
888.20000000,4.77312000,1.14320000,0.28092987,0.33542124
888.40000000,4.77662000,1.12614000,0.28099290,0.33549590
888.60000000,4.77362000,1.14086000,0.28105587,0.33557162
888.80000000,4.77837000,1.12179000,0.28111873,0.33564607
889.00000000,4.77600000,1.12844000,0.28118123,0.33572092
889.20000000,4.77600000,1.12844000,0.28124392,0.33579573
889.40000000,4.77337000,1.14304000,0.28130702,0.33587157
889.60000000,4.77687000,1.12899000,0.28137013,0.33594642
889.80000000,4.77375000,1.14233000,0.28143322,0.33602216
890.00000000,4.77375000,1.14233000,0.28149669,0.33609791
890.20000000,4.77437000,1.13753000,0.28156002,0.33617332
890.40000000,4.77300000,1.14473000,0.28162341,0.33624924
890.60000000,4.77537000,1.13548000,0.28168675,0.33632451
890.80000000,4.77262000,1.14393000,0.28175007,0.33640034
891.00000000,4.77262000,1.14393000,0.28181362,0.33647619
891.20000000,4.77425000,1.13708000,0.28187698,0.33655163
891.40000000,4.77675000,1.12867000,0.28193992,0.33662652
891.60000000,4.77762000,1.11974000,0.28200238,0.33670082
891.80000000,4.77762000,1.11974000,0.28206458,0.33677505
892.00000000,4.77275000,1.14460000,0.28212748,0.33685099
892.20000000,4.77725000,1.12294000,0.28219047,0.33692550
892.40000000,4.77700000,1.12585000,0.28225293,0.33700015
892.60000000,4.77400000,1.14105000,0.28231590,0.33707580
892.80000000,4.77400000,1.14105000,0.28237930,0.33715150
893.00000000,4.77612000,1.12780000,0.28244232,0.33722625
893.20000000,4.77225000,1.14659000,0.28250550,0.33730232
893.40000000,4.77687000,1.12566000,0.28256862,0.33737700
893.60000000,4.77687000,1.12566000,0.28263115,0.33745165
893.80000000,4.77450000,1.13260000,0.28269388,0.33752674
894.00000000,4.77362000,1.14297000,0.28275709,0.33760258
894.20000000,4.77775000,1.12083000,0.28281997,0.33767696
894.40000000,4.77787000,1.12460000,0.28288235,0.33775159
894.60000000,4.77787000,1.12460000,0.28294483,0.33782623
894.80000000,4.77862000,1.12134000,0.28300721,0.33790065
895.00000000,4.77837000,1.12294000,0.28306955,0.33797508
895.20000000,4.77237000,1.14678000,0.28313260,0.33805119
895.40000000,4.77850000,1.12115000,0.28319560,0.33812560
895.60000000,4.77850000,1.12115000,0.28325789,0.33820001
895.80000000,4.77862000,1.12217000,0.28332020,0.33827448
896.00000000,4.77850000,1.12115000,0.28338251,0.33834890
896.20000000,4.77925000,1.12108000,0.28344480,0.33842332
896.40000000,4.77925000,1.12108000,0.28350708,0.33849768
896.60000000,4.77575000,1.13244000,0.28356968,0.33857267
896.80000000,4.76762000,1.16028000,0.28363337,0.33864960
897.00000000,4.77412000,1.13932000,0.28369724,0.33872517
897.20000000,4.77587000,1.13430000,0.28376040,0.33880041
897.40000000,4.77587000,1.13430000,0.28382342,0.33887562
897.60000000,4.77387000,1.14086000,0.28388662,0.33895133
897.80000000,4.77787000,1.12131000,0.28394945,0.33902577
898.00000000,4.77962000,1.11667000,0.28401162,0.33909989
898.20000000,4.77962000,1.11667000,0.28407366,0.33917400
898.40000000,4.77787000,1.12540000,0.28413594,0.33924867
898.60000000,4.77737000,1.12534000,0.28419846,0.33932328
898.80000000,4.77387000,1.14348000,0.28426148,0.33939910
899.00000000,4.77387000,1.14348000,0.28432501,0.33947485
899.20000000,4.76962000,1.15891000,0.28438896,0.33955159
899.40000000,4.76762000,1.16332000,0.28445347,0.33962864
899.60000000,4.76862000,1.16323000,0.28451809,0.33970568
899.80000000,4.76887000,1.15811000,0.28458258,0.33978239
900.00000000,4.76887000,1.15811000,0.28464692,0.33985907
900.20000000,4.76725000,1.16390000,0.28471142,0.33993618
900.40000000,4.77012000,1.15513000,0.28477583,0.34001267
900.60000000,4.76762000,1.16713000,0.28484034,0.34008995
900.80000000,4.76762000,1.16713000,0.28490518,0.34016735
901.00000000,4.77487000,1.13827000,0.28496922,0.34024290
901.20000000,4.77850000,1.12256000,0.28503202,0.34031742
901.40000000,4.77975000,1.12032000,0.28509432,0.34039179
901.60000000,4.77150000,1.14803000,0.28515733,0.34046787
901.80000000,4.77150000,1.14803000,0.28522111,0.34054401
902.00000000,4.77487000,1.13488000,0.28528453,0.34061926
902.20000000,4.77412000,1.13820000,0.28534767,0.34069477
902.40000000,4.77662000,1.12764000,0.28541061,0.34076958
902.60000000,4.77662000,1.12764000,0.28547325,0.34084435
902.80000000,4.77400000,1.14089000,0.28553627,0.34092001
903.00000000,4.77487000,1.13606000,0.28559952,0.34099535
903.20000000,4.77512000,1.13459000,0.28566259,0.34107060
903.40000000,4.78050000,1.11600000,0.28572511,0.34114470
903.60000000,4.78050000,1.11600000,0.28578711,0.34121877
903.80000000,4.77900000,1.12089000,0.28584924,0.34129317
904.00000000,4.77912000,1.11705000,0.28591141,0.34136724
904.20000000,4.77375000,1.14083000,0.28597413,0.34144288
904.40000000,4.77375000,1.14083000,0.28603751,0.34151858
904.60000000,4.77775000,1.12611000,0.28610048,0.34159331
904.80000000,4.77812000,1.12534000,0.28616302,0.34166802
905.00000000,4.77962000,1.11702000,0.28622531,0.34174214
905.20000000,4.77787000,1.12368000,0.28628755,0.34181671
905.40000000,4.77787000,1.12368000,0.28634997,0.34189131
905.60000000,4.78000000,1.11932000,0.28641228,0.34196549
905.80000000,4.77187000,1.14396000,0.28647515,0.34204141
906.00000000,4.77800000,1.12550000,0.28653819,0.34211609
906.20000000,4.77800000,1.12550000,0.28660072,0.34219079
906.40000000,4.77850000,1.12246000,0.28666316,0.34226529
906.60000000,4.77862000,1.12121000,0.28672548,0.34233971
906.80000000,4.77925000,1.12089000,0.28678776,0.34241410
907.00000000,4.77825000,1.12249000,0.28685008,0.34248859
907.20000000,4.77825000,1.12249000,0.28691244,0.34256310
907.40000000,4.77925000,1.12060000,0.28697475,0.34263743
907.60000000,4.77537000,1.13190000,0.28703732,0.34271252
907.80000000,4.77637000,1.13200000,0.28710020,0.34278761
908.00000000,4.77637000,1.13200000,0.28716309,0.34286274
908.20000000,4.77837000,1.12182000,0.28722570,0.34293718
908.40000000,4.77812000,1.12323000,0.28728806,0.34301165
908.60000000,4.77362000,1.14307000,0.28735101,0.34308749
908.80000000,4.77662000,1.12736000,0.28741408,0.34316228
909.00000000,4.77662000,1.12736000,0.28747671,0.34323702
909.20000000,4.77337000,1.14262000,0.28753977,0.34331283
909.40000000,4.77700000,1.12704000,0.28760281,0.34338752
909.60000000,4.77175000,1.14668000,0.28766597,0.34346360
909.80000000,4.77700000,1.13046000,0.28772923,0.34353861
910.00000000,4.77700000,1.13046000,0.28779203,0.34361353
910.20000000,4.77225000,1.14339000,0.28785519,0.34368943
910.40000000,4.77912000,1.12038000,0.28791808,0.34376379
910.60000000,4.77900000,1.11852000,0.28798027,0.34383804
910.80000000,4.77900000,1.11852000,0.28804241,0.34391228
911.00000000,4.77925000,1.12156000,0.28810463,0.34398673
911.20000000,4.77912000,1.12128000,0.28816693,0.34406116
911.40000000,4.77987000,1.11324000,0.28822900,0.34413498
911.60000000,4.77425000,1.13990000,0.28829159,0.34421057
911.80000000,4.77425000,1.13990000,0.28835492,0.34428620
912.00000000,4.77687000,1.12838000,0.28841793,0.34436099
912.20000000,4.77250000,1.14588000,0.28848110,0.34443699
912.40000000,4.77525000,1.13772000,0.28854453,0.34451244
912.60000000,4.77525000,1.13772000,0.28860774,0.34458779
912.80000000,4.76787000,1.16246000,0.28867163,0.34466477
913.00000000,4.76800000,1.16470000,0.28873628,0.34474193
913.20000000,4.76987000,1.15603000,0.28880074,0.34481852
913.40000000,4.77062000,1.15414000,0.28886491,0.34489499
913.60000000,4.77062000,1.15414000,0.28892903,0.34497150
913.80000000,4.77275000,1.14771000,0.28899297,0.34504751
914.00000000,4.76837000,1.16083000,0.28905710,0.34512441
914.20000000,4.76987000,1.15744000,0.28912149,0.34520109
914.40000000,4.76987000,1.15744000,0.28918580,0.34527780
914.60000000,4.77162000,1.14806000,0.28924984,0.34535389
914.80000000,4.77225000,1.14460000,0.28931352,0.34542967
915.00000000,4.76675000,1.17036000,0.28937783,0.34550718
915.20000000,4.76850000,1.15894000,0.28944253,0.34558394
915.40000000,4.76850000,1.15894000,0.28950692,0.34566066
915.60000000,4.76625000,1.17046000,0.28957162,0.34573819
915.80000000,4.76937000,1.15612000,0.28963625,0.34581473
916.00000000,4.76675000,1.16812000,0.28970081,0.34589208
916.20000000,4.76762000,1.16323000,0.28976557,0.34596911
916.40000000,4.76762000,1.16323000,0.28983019,0.34604613
916.60000000,4.76762000,1.16444000,0.28989485,0.34612325
916.80000000,4.76850000,1.16121000,0.28995945,0.34620015
917.00000000,4.76800000,1.16387000,0.29002404,0.34627722
917.20000000,4.76800000,1.16387000,0.29008870,0.34635441
917.40000000,4.77500000,1.13616000,0.29015259,0.34642965
917.60000000,4.76825000,1.16057000,0.29021639,0.34650651
917.80000000,4.76825000,1.15904000,0.29028082,0.34658327
918.00000000,4.77375000,1.13884000,0.29034465,0.34665878
918.20000000,4.77375000,1.13884000,0.29040792,0.34673430
918.40000000,4.77475000,1.13814000,0.29047117,0.34680979
918.60000000,4.77537000,1.13417000,0.29053429,0.34688501
918.80000000,4.77512000,1.13712000,0.29059738,0.34696042
919.00000000,4.77512000,1.13712000,0.29066055,0.34703586
919.20000000,4.77650000,1.13116000,0.29072356,0.34711093
919.40000000,4.77812000,1.12496000,0.29078623,0.34718562
919.60000000,4.78025000,1.11609000,0.29084848,0.34725971
919.80000000,4.77850000,1.11875000,0.29091056,0.34733396
920.00000000,4.77850000,1.11875000,0.29097271,0.34740822
920.20000000,4.77875000,1.12396000,0.29103501,0.34748275
920.40000000,4.77450000,1.13801000,0.29109784,0.34755824
920.60000000,4.77612000,1.13094000,0.29116087,0.34763326
920.80000000,4.77612000,1.13094000,0.29122370,0.34770825
921.00000000,4.77437000,1.13891000,0.29128675,0.34778382
921.20000000,4.77700000,1.12649000,0.29134968,0.34785853
921.40000000,4.77550000,1.13478000,0.29141249,0.34793380
921.60000000,4.77487000,1.13625000,0.29147558,0.34800915
921.80000000,4.77487000,1.13625000,0.29153870,0.34808450
922.00000000,4.77425000,1.13916000,0.29160191,0.34816005
922.20000000,4.77550000,1.13414000,0.29166505,0.34823527
922.40000000,4.77487000,1.13497000,0.29172809,0.34831053
922.60000000,4.77462000,1.13539000,0.29179115,0.34838583
922.80000000,4.77462000,1.13539000,0.29185423,0.34846118
923.00000000,4.77862000,1.11993000,0.29191688,0.34853551
923.20000000,4.77825000,1.11955000,0.29197908,0.34860982
923.40000000,4.77900000,1.12201000,0.29204135,0.34868429
923.60000000,4.77900000,1.12201000,0.29210368,0.34875867
923.80000000,4.77300000,1.14508000,0.29216666,0.34883465
924.00000000,4.77725000,1.12566000,0.29222973,0.34890926
924.20000000,4.77250000,1.14816000,0.29229290,0.34898537
924.40000000,4.77912000,1.12019000,0.29235591,0.34905972
924.60000000,4.77912000,1.12019000,0.29241814,0.34913407
924.80000000,4.77887000,1.12128000,0.29248040,0.34920850
925.00000000,4.77912000,1.11753000,0.29254259,0.34928266
925.20000000,4.77787000,1.12070000,0.29260476,0.34935703
925.40000000,4.77787000,1.12070000,0.29266702,0.34943137
925.60000000,4.77612000,1.13468000,0.29272967,0.34950663
925.80000000,4.77575000,1.12924000,0.29279256,0.34958154
926.00000000,4.77600000,1.13436000,0.29285544,0.34965678
926.20000000,4.77175000,1.14822000,0.29291884,0.34973288
926.40000000,4.77175000,1.14822000,0.29298263,0.34980897
926.60000000,4.77125000,1.15155000,0.29304652,0.34988520
926.80000000,4.76650000,1.16921000,0.29311098,0.34996262
927.00000000,4.76750000,1.16224000,0.29317574,0.35003958
927.20000000,4.76750000,1.16224000,0.29324031,0.35011654
927.40000000,4.76750000,1.16451000,0.29330494,0.35019372
927.60000000,4.77187000,1.15020000,0.29336924,0.35026998
927.80000000,4.77387000,1.13913000,0.29343283,0.35034551
928.00000000,4.77387000,1.13913000,0.29349612,0.35042112
928.20000000,4.77900000,1.12275000,0.29355895,0.35049565
928.40000000,4.77925000,1.11606000,0.29362114,0.35056971
928.60000000,4.77812000,1.12521000,0.29368340,0.35064434
928.80000000,4.77512000,1.13360000,0.29374614,0.35071952
929.00000000,4.77512000,1.13360000,0.29380912,0.35079473
929.20000000,4.77712000,1.12739000,0.29387192,0.35086949
929.40000000,4.77475000,1.13500000,0.29393477,0.35094473
929.60000000,4.77287000,1.14518000,0.29399811,0.35102065
929.80000000,4.77287000,1.14518000,0.29406173,0.35109663
930.00000000,4.77737000,1.12681000,0.29412484,0.35117132
930.20000000,4.77262000,1.14643000,0.29418798,0.35124739
930.40000000,4.77712000,1.12880000,0.29425119,0.35132223
930.60000000,4.77350000,1.14172000,0.29431426,0.35139792
930.80000000,4.77350000,1.14172000,0.29437768,0.35147369
931.00000000,4.77825000,1.12355000,0.29444061,0.35154824
931.20000000,4.77712000,1.12688000,0.29450312,0.35162296
931.40000000,4.77412000,1.13929000,0.29456607,0.35169850
931.60000000,4.77412000,1.13929000,0.29462936,0.35177408
931.80000000,4.77650000,1.12896000,0.29469237,0.35184900
932.00000000,4.77800000,1.12425000,0.29475496,0.35192353
932.20000000,4.77287000,1.14345000,0.29481795,0.35199937
932.40000000,4.77587000,1.13283000,0.29488118,0.35207452
932.60000000,4.77587000,1.13283000,0.29494412,0.35214961
932.80000000,4.77262000,1.14307000,0.29500734,0.35222548
933.00000000,4.77887000,1.12220000,0.29507026,0.35229996
933.20000000,4.77887000,1.12256000,0.29513261,0.35237447
933.40000000,4.77887000,1.12256000,0.29519498,0.35244897
933.60000000,4.77812000,1.12060000,0.29525729,0.35252334
933.80000000,4.77862000,1.12166000,0.29531957,0.35259779
934.00000000,4.77925000,1.12246000,0.29538191,0.35267225
934.20000000,4.77612000,1.13123000,0.29544451,0.35274729
934.40000000,4.77612000,1.13123000,0.29550736,0.35282228
934.60000000,4.77287000,1.14582000,0.29557061,0.35289834
934.80000000,4.77950000,1.11904000,0.29563352,0.35297260
935.00000000,4.77787000,1.12380000,0.29569582,0.35304713
935.20000000,4.77512000,1.13616000,0.29575860,0.35312248
935.40000000,4.77512000,1.13616000,0.29582172,0.35319780
935.60000000,4.77262000,1.14480000,0.29588508,0.35327377
935.80000000,4.77837000,1.12195000,0.29594805,0.35334824
936.00000000,4.77912000,1.11846000,0.29601028,0.35342248
936.20000000,4.77912000,1.11846000,0.29607242,0.35349671
936.40000000,4.77812000,1.12435000,0.29613472,0.35357133
936.60000000,4.77837000,1.12345000,0.29619716,0.35364584
936.80000000,4.77562000,1.13340000,0.29625985,0.35372103
937.00000000,4.77662000,1.13280000,0.29632280,0.35379619
937.20000000,4.77662000,1.13280000,0.29638573,0.35387137
937.40000000,4.77887000,1.12003000,0.29644831,0.35394563
937.60000000,4.77325000,1.14160000,0.29651113,0.35402126
937.80000000,4.76987000,1.15699000,0.29657498,0.35409790
938.00000000,4.76987000,1.15699000,0.29663926,0.35417460
938.20000000,4.77312000,1.14377000,0.29670317,0.35425037
938.40000000,4.76962000,1.15840000,0.29676712,0.35432707
938.60000000,4.76725000,1.16342000,0.29683161,0.35440417
938.80000000,4.77150000,1.15132000,0.29689591,0.35448047
939.00000000,4.77150000,1.15132000,0.29695987,0.35455677
939.20000000,4.77125000,1.14940000,0.29702378,0.35463284
939.40000000,4.76525000,1.17344000,0.29708830,0.35471057
939.60000000,4.76950000,1.16105000,0.29715315,0.35478748
939.80000000,4.76775000,1.16176000,0.29721767,0.35486441
940.00000000,4.76775000,1.16176000,0.29728222,0.35494140
940.20000000,4.77100000,1.14934000,0.29734641,0.35501747
940.40000000,4.76562000,1.16953000,0.29741083,0.35509494
940.60000000,4.76912000,1.15635000,0.29747543,0.35517153
940.80000000,4.76912000,1.15635000,0.29753968,0.35524820
941.00000000,4.77400000,1.14016000,0.29760347,0.35532381
941.20000000,4.77475000,1.13843000,0.29766676,0.35539930
941.40000000,4.77375000,1.13926000,0.29773003,0.35547485
941.60000000,4.77512000,1.13676000,0.29779325,0.35555024
941.80000000,4.77512000,1.13676000,0.29785641,0.35562568
942.00000000,4.77812000,1.12182000,0.29791915,0.35570014
942.20000000,4.77912000,1.12246000,0.29798149,0.35577465
942.40000000,4.77912000,1.12012000,0.29804378,0.35584900
942.60000000,4.77912000,1.12012000,0.29810601,0.35592327
942.80000000,4.77400000,1.13744000,0.29816872,0.35599876
943.00000000,4.77875000,1.12256000,0.29823150,0.35607317
943.20000000,4.77237000,1.14585000,0.29829451,0.35614920
943.40000000,4.77762000,1.12755000,0.29835766,0.35622402
943.60000000,4.77762000,1.12755000,0.29842030,0.35629867
943.80000000,4.76687000,1.16803000,0.29848407,0.35637608
944.00000000,4.77137000,1.14934000,0.29854844,0.35645224
944.20000000,4.77112000,1.14912000,0.29861228,0.35652839
944.40000000,4.77112000,1.14912000,0.29867612,0.35660456
944.60000000,4.77250000,1.14595000,0.29873988,0.35668044
944.80000000,4.76762000,1.16531000,0.29880408,0.35675765
945.00000000,4.77075000,1.15292000,0.29886847,0.35683395
945.20000000,4.76512000,1.17417000,0.29893311,0.35691166
945.40000000,4.76512000,1.17417000,0.29899835,0.35698954
945.60000000,4.77562000,1.13414000,0.29906247,0.35706479
945.80000000,4.77675000,1.12502000,0.29912522,0.35713940
946.00000000,4.77500000,1.13536000,0.29918801,0.35721469
946.20000000,4.77500000,1.13536000,0.29925108,0.35729002
946.40000000,4.77675000,1.13020000,0.29931402,0.35736503
946.60000000,4.77862000,1.12211000,0.29937658,0.35743941
946.80000000,4.77262000,1.14377000,0.29943952,0.35751523
947.00000000,4.77775000,1.12694000,0.29950260,0.35759001
947.20000000,4.77775000,1.12694000,0.29956520,0.35766472
947.40000000,4.77337000,1.14256000,0.29962825,0.35774050
947.60000000,4.77537000,1.13452000,0.29969150,0.35781575
947.80000000,4.77200000,1.14713000,0.29975488,0.35789178
948.00000000,4.77200000,1.14713000,0.29981861,0.35796789
948.20000000,4.77762000,1.12470000,0.29988171,0.35804256
948.40000000,4.77962000,1.12284000,0.29994415,0.35811708
948.60000000,4.77887000,1.11862000,0.30000641,0.35819133
948.80000000,4.77887000,1.11862000,0.30006855,0.35826556
949.00000000,4.77800000,1.12585000,0.30013090,0.35834021
949.20000000,4.77375000,1.14028000,0.30019385,0.35841586
949.40000000,4.77700000,1.12716000,0.30025683,0.35849065
949.60000000,4.77875000,1.12384000,0.30031936,0.35856524
949.80000000,4.77875000,1.12384000,0.30038180,0.35863976
950.00000000,4.77437000,1.13708000,0.30044460,0.35871505
950.20000000,4.76762000,1.16838000,0.30050864,0.35879246
950.40000000,4.77012000,1.15622000,0.30057321,0.35886906
950.60000000,4.77075000,1.15456000,0.30063740,0.35894556
950.80000000,4.77075000,1.15456000,0.30070154,0.35902218
951.00000000,4.77800000,1.12534000,0.30076487,0.35909677
951.20000000,4.77200000,1.15059000,0.30082809,0.35917312
951.40000000,4.77812000,1.12739000,0.30089137,0.35924794
951.60000000,4.77812000,1.12739000,0.30095400,0.35932266
951.80000000,4.77212000,1.14992000,0.30101726,0.35939900
952.00000000,4.77950000,1.11932000,0.30108030,0.35947330
952.20000000,4.77937000,1.12128000,0.30114254,0.35954773
952.40000000,4.77937000,1.12128000,0.30120483,0.35962214
952.60000000,4.77787000,1.12448000,0.30126721,0.35969670
952.80000000,4.77450000,1.13772000,0.30133005,0.35977214
953.00000000,4.77387000,1.14016000,0.30139332,0.35984766
953.20000000,4.76900000,1.15472000,0.30145707,0.35992414
953.40000000,4.76900000,1.15472000,0.30152122,0.36000057
953.60000000,4.76562000,1.17180000,0.30158585,0.36007827
953.80000000,4.77412000,1.14025000,0.30165007,0.36015382
954.00000000,4.77050000,1.15235000,0.30171375,0.36023017
954.20000000,4.77050000,1.15235000,0.30177777,0.36030649
954.40000000,4.76862000,1.16224000,0.30184207,0.36038350
954.60000000,4.77037000,1.15398000,0.30190641,0.36045993
954.80000000,4.76900000,1.16080000,0.30197071,0.36053691
955.00000000,4.77462000,1.13731000,0.30203454,0.36061233
955.20000000,4.77462000,1.13731000,0.30209773,0.36068773
955.40000000,4.77312000,1.14499000,0.30216112,0.36076372
955.60000000,4.77887000,1.12201000,0.30222410,0.36083820
955.80000000,4.77950000,1.11593000,0.30228626,0.36091228
956.00000000,4.77787000,1.12572000,0.30234853,0.36098698
956.20000000,4.77787000,1.12572000,0.30241107,0.36106171
956.40000000,4.77950000,1.11888000,0.30247342,0.36113597
956.60000000,4.77875000,1.12233000,0.30253568,0.36121044
956.80000000,4.77750000,1.12867000,0.30259820,0.36128533
957.00000000,4.77750000,1.12867000,0.30266091,0.36136021
957.20000000,4.77662000,1.12748000,0.30272358,0.36143500
957.40000000,4.77587000,1.13206000,0.30278634,0.36151014
957.60000000,4.77900000,1.12006000,0.30284890,0.36158448
957.80000000,4.77887000,1.11827000,0.30291108,0.36165871
958.00000000,4.77887000,1.11827000,0.30297320,0.36173292
958.20000000,4.77825000,1.12425000,0.30303550,0.36180754
958.40000000,4.77875000,1.11923000,0.30309781,0.36188178
958.60000000,4.77625000,1.13113000,0.30316032,0.36195682
958.80000000,4.77625000,1.13113000,0.30322317,0.36203185
959.00000000,4.77612000,1.13049000,0.30328599,0.36210688
959.20000000,4.77837000,1.12092000,0.30334853,0.36218129
959.40000000,4.77962000,1.12009000,0.30341078,0.36225563
959.60000000,4.77862000,1.12067000,0.30347302,0.36233001
959.80000000,4.77862000,1.12067000,0.30353528,0.36240436
960.00000000,4.77675000,1.12950000,0.30359779,0.36247926
960.20000000,4.77462000,1.13801000,0.30366077,0.36255477
960.40000000,4.77737000,1.12745000,0.30372370,0.36262958
960.60000000,4.77737000,1.12745000,0.30378634,0.36270432
960.80000000,4.77312000,1.14422000,0.30384944,0.36278026
961.00000000,4.77837000,1.12204000,0.30391239,0.36285471
961.20000000,4.77762000,1.12569000,0.30397483,0.36292937
961.40000000,4.77487000,1.13964000,0.30403775,0.36300494
961.60000000,4.77487000,1.13964000,0.30410107,0.36308057
961.80000000,4.77800000,1.12505000,0.30416397,0.36315523
962.00000000,4.77775000,1.12630000,0.30422651,0.36322998
962.20000000,4.77862000,1.12438000,0.30428903,0.36330460
962.40000000,4.77675000,1.12832000,0.30435161,0.36337946
962.60000000,4.77675000,1.12832000,0.30441429,0.36345431
962.80000000,4.77650000,1.12854000,0.30447698,0.36352913
963.00000000,4.77312000,1.14128000,0.30454003,0.36360487
963.20000000,4.77850000,1.12265000,0.30460292,0.36367938
963.40000000,4.77850000,1.12265000,0.30466529,0.36375382
963.60000000,4.77425000,1.14150000,0.30472818,0.36382953
963.80000000,4.77537000,1.13212000,0.30479134,0.36390460
964.00000000,4.77400000,1.14374000,0.30485456,0.36398047
964.20000000,4.77637000,1.13360000,0.30491782,0.36405567
964.40000000,4.77637000,1.13360000,0.30498079,0.36413092
964.60000000,4.77937000,1.11856000,0.30504335,0.36420516
964.80000000,4.77837000,1.12380000,0.30510564,0.36427976
965.00000000,4.77987000,1.11356000,0.30516779,0.36435369
965.20000000,4.77987000,1.11356000,0.30522965,0.36442755
965.40000000,4.77562000,1.13577000,0.30529214,0.36450285
965.60000000,4.77325000,1.14355000,0.30535545,0.36457865
965.80000000,4.77275000,1.14464000,0.30541901,0.36465456
966.00000000,4.77500000,1.13475000,0.30548233,0.36472982
966.20000000,4.77500000,1.13475000,0.30554537,0.36480504
966.40000000,4.77287000,1.14572000,0.30560872,0.36488101
966.60000000,4.77437000,1.13779000,0.30567215,0.36495639
966.80000000,4.77000000,1.15532000,0.30573584,0.36503293
967.00000000,4.77000000,1.15532000,0.30580003,0.36510942
967.20000000,4.76675000,1.16793000,0.30586456,0.36518679
967.40000000,4.76962000,1.16118000,0.30592926,0.36526366
967.60000000,4.76650000,1.16748000,0.30599395,0.36534102
967.80000000,4.77112000,1.14969000,0.30605831,0.36541721
968.00000000,4.77112000,1.14969000,0.30612218,0.36549342
968.20000000,4.77275000,1.14425000,0.30618590,0.36556932
968.40000000,4.77600000,1.13024000,0.30624908,0.36564427
968.60000000,4.77450000,1.14214000,0.30631221,0.36572001
968.80000000,4.77450000,1.14214000,0.30637566,0.36579563
969.00000000,4.76700000,1.16617000,0.30643978,0.36587289
969.20000000,4.77025000,1.15571000,0.30650427,0.36594941
969.40000000,4.76712000,1.16825000,0.30656883,0.36602676
969.60000000,4.77025000,1.15382000,0.30663333,0.36610320
969.80000000,4.77025000,1.15382000,0.30669743,0.36617957
970.00000000,4.76537000,1.17334000,0.30676207,0.36625734
970.20000000,4.77187000,1.14742000,0.30682654,0.36633338
970.40000000,4.77150000,1.14368000,0.30689018,0.36640917
970.60000000,4.77150000,1.14368000,0.30695372,0.36648504
970.80000000,4.77625000,1.13456000,0.30701700,0.36656025
971.00000000,4.77325000,1.14099000,0.30708021,0.36663595
971.20000000,4.77650000,1.12748000,0.30714323,0.36671074
971.40000000,4.77412000,1.14108000,0.30720624,0.36678641
971.60000000,4.77412000,1.14108000,0.30726964,0.36686204
971.80000000,4.77212000,1.14691000,0.30733319,0.36693815
972.00000000,4.77800000,1.12499000,0.30739630,0.36701278
972.20000000,4.77675000,1.12969000,0.30745893,0.36708773
972.40000000,4.77675000,1.12969000,0.30752169,0.36716265
972.60000000,4.77500000,1.13436000,0.30758458,0.36723794
972.80000000,4.77862000,1.12390000,0.30764731,0.36731253
973.00000000,4.77862000,1.12329000,0.30770973,0.36738708
973.20000000,4.77862000,1.12329000,0.30777214,0.36746157
973.40000000,4.77475000,1.13664000,0.30783491,0.36753697
973.60000000,4.77612000,1.13241000,0.30789794,0.36761213
973.80000000,4.77875000,1.11817000,0.30796046,0.36768634
974.00000000,4.77837000,1.12198000,0.30802268,0.36776080
974.20000000,4.77837000,1.12198000,0.30808502,0.36783526
974.40000000,4.77800000,1.12598000,0.30814746,0.36790989
974.60000000,4.77187000,1.14483000,0.30821054,0.36798585
974.80000000,4.77762000,1.12886000,0.30827370,0.36806076
975.00000000,4.77337000,1.14140000,0.30833676,0.36813643
975.20000000,4.77337000,1.14140000,0.30840017,0.36821218
975.40000000,4.77850000,1.12086000,0.30846301,0.36828658
975.60000000,4.77912000,1.12115000,0.30852529,0.36836097
975.80000000,4.77700000,1.13011000,0.30858782,0.36843595
976.00000000,4.77487000,1.13705000,0.30865080,0.36851135
976.20000000,4.77487000,1.13705000,0.30871397,0.36858679
976.40000000,4.77700000,1.12700000,0.30877686,0.36866151
976.60000000,4.77325000,1.14278000,0.30883991,0.36873732
976.80000000,4.77650000,1.12963000,0.30890303,0.36881226
977.00000000,4.77650000,1.12963000,0.30896579,0.36888714
977.20000000,4.77250000,1.14320000,0.30902892,0.36896302
977.40000000,4.77900000,1.11980000,0.30909178,0.36903734
977.60000000,4.77900000,1.12396000,0.30915411,0.36911195
977.80000000,4.77900000,1.12396000,0.30921655,0.36918653
978.00000000,4.77812000,1.12400000,0.30927900,0.36926112
978.20000000,4.77787000,1.12310000,0.30934142,0.36933560
978.40000000,4.77437000,1.14006000,0.30940428,0.36941126
978.60000000,4.77850000,1.12307000,0.30946715,0.36948580
978.80000000,4.77850000,1.12307000,0.30952954,0.36956035
979.00000000,4.77987000,1.11932000,0.30959183,0.36963463
979.20000000,4.77812000,1.12201000,0.30965409,0.36970903
979.40000000,4.77375000,1.14204000,0.30971698,0.36978475
979.60000000,4.77375000,1.14204000,0.30978042,0.36986052
979.80000000,4.77700000,1.12883000,0.30984350,0.36993534
980.00000000,4.77237000,1.14662000,0.30990671,0.37001129
980.20000000,4.76925000,1.16329000,0.30997087,0.37008833
980.40000000,4.76800000,1.16310000,0.31003550,0.37016535
980.60000000,4.76800000,1.16310000,0.31010011,0.37024244
980.80000000,4.77237000,1.14624000,0.31016426,0.37031842
981.00000000,4.77225000,1.14716000,0.31022797,0.37039444
981.20000000,4.77175000,1.14940000,0.31029176,0.37047053
981.40000000,4.76600000,1.17456000,0.31035631,0.37054828
981.60000000,4.76600000,1.17456000,0.31042157,0.37062612
981.80000000,4.77187000,1.15203000,0.31048620,0.37070248
982.00000000,4.77200000,1.14771000,0.31055008,0.37077866
982.20000000,4.77900000,1.12444000,0.31061319,0.37085329
982.40000000,4.77900000,1.12444000,0.31067566,0.37092791
982.60000000,4.77787000,1.12393000,0.31073812,0.37100252
982.80000000,4.78000000,1.12028000,0.31080046,0.37107689
983.00000000,4.77937000,1.11990000,0.31086268,0.37115119
983.20000000,4.77675000,1.13065000,0.31092520,0.37122620
983.40000000,4.77675000,1.13065000,0.31098801,0.37130119
983.60000000,4.77525000,1.13830000,0.31105104,0.37137675
983.80000000,4.77937000,1.12166000,0.31111381,0.37145119
984.00000000,4.77825000,1.12505000,0.31117622,0.37152585
984.20000000,4.77825000,1.12505000,0.31123873,0.37160052
984.40000000,4.77862000,1.12467000,0.31130122,0.37167515
984.60000000,4.77787000,1.12403000,0.31136368,0.37174968
984.80000000,4.77412000,1.14227000,0.31142663,0.37182544
985.00000000,4.77537000,1.13622000,0.31148993,0.37190080
985.20000000,4.77537000,1.13622000,0.31155305,0.37197613
985.40000000,4.77325000,1.14556000,0.31161643,0.37205212
985.60000000,4.77625000,1.13430000,0.31167976,0.37212731
985.80000000,4.77300000,1.14649000,0.31174312,0.37220332
986.00000000,4.77300000,1.14649000,0.31180681,0.37227938
986.20000000,4.77687000,1.13276000,0.31187012,0.37235448
986.40000000,4.77362000,1.14310000,0.31193334,0.37243032
986.60000000,4.77687000,1.12963000,0.31199647,0.37250523
986.80000000,4.77425000,1.13993000,0.31205952,0.37258082
987.00000000,4.77425000,1.13993000,0.31212285,0.37265647
987.20000000,4.77850000,1.12582000,0.31218578,0.37273110
987.40000000,4.77250000,1.14755000,0.31224893,0.37280724
987.60000000,4.77725000,1.13033000,0.31231221,0.37288223
987.80000000,4.77412000,1.14195000,0.31237533,0.37295795
988.00000000,4.77412000,1.14195000,0.31243877,0.37303374
988.20000000,4.77825000,1.12614000,0.31250177,0.37310841
988.40000000,4.77400000,1.14291000,0.31256480,0.37318421
988.60000000,4.77550000,1.13142000,0.31262798,0.37325926
988.80000000,4.77550000,1.13142000,0.31269083,0.37333427
989.00000000,4.77387000,1.14348000,0.31275402,0.37341012
989.20000000,4.77575000,1.13718000,0.31281738,0.37348560
989.40000000,4.77875000,1.12544000,0.31288023,0.37356030
989.60000000,4.77912000,1.12451000,0.31294272,0.37363494
989.80000000,4.77912000,1.12451000,0.31300520,0.37370954
990.00000000,4.77637000,1.13155000,0.31306787,0.37378462
990.20000000,4.77737000,1.12905000,0.31313066,0.37385956
990.40000000,4.77875000,1.12636000,0.31319331,0.37393432
990.60000000,4.77875000,1.12636000,0.31325589,0.37400896
990.80000000,4.77175000,1.14758000,0.31331905,0.37408511
991.00000000,4.77750000,1.13334000,0.31338241,0.37416024
991.20000000,4.77275000,1.14300000,0.31344564,0.37423601
991.40000000,4.77725000,1.12931000,0.31350876,0.37431094
991.60000000,4.77725000,1.12931000,0.31357150,0.37438577
991.80000000,4.77137000,1.15462000,0.31363494,0.37446232
992.00000000,4.77300000,1.14598000,0.31369885,0.37453828
992.20000000,4.77250000,1.14950000,0.31376261,0.37461447
992.40000000,4.77250000,1.14950000,0.31382647,0.37469061
992.60000000,4.76900000,1.16016000,0.31389063,0.37476747
992.80000000,4.77025000,1.15984000,0.31395507,0.37484437
993.00000000,4.77362000,1.14432000,0.31401908,0.37492024
993.20000000,4.77362000,1.14432000,0.31408265,0.37499610
993.40000000,4.77300000,1.14550000,0.31414626,0.37507203
993.60000000,4.77275000,1.15116000,0.31421005,0.37514828
993.80000000,4.76912000,1.16249000,0.31427432,0.37522533
994.00000000,4.77200000,1.14691000,0.31433847,0.37530134
994.20000000,4.77200000,1.14691000,0.31440219,0.37537727
994.40000000,4.76650000,1.16896000,0.31446652,0.37545474
994.60000000,4.77162000,1.15052000,0.31453095,0.37553090
994.80000000,4.76625000,1.17072000,0.31459543,0.37560840
995.00000000,4.76625000,1.17072000,0.31466047,0.37568596
995.20000000,4.76975000,1.15584000,0.31472510,0.37576247
995.40000000,4.76625000,1.16860000,0.31478966,0.37584002
995.60000000,4.77762000,1.12726000,0.31485344,0.37591482
995.80000000,4.77762000,1.12726000,0.31491606,0.37598965
996.00000000,4.77962000,1.12176000,0.31497854,0.37606409
996.20000000,4.77787000,1.12425000,0.31504092,0.37613866
996.40000000,4.77575000,1.13417000,0.31510366,0.37621394
996.60000000,4.77887000,1.12380000,0.31516638,0.37628853
996.80000000,4.77887000,1.12380000,0.31522881,0.37636313
997.00000000,4.77937000,1.11516000,0.31529101,0.37643710
997.20000000,4.77600000,1.13443000,0.31535349,0.37651239
997.40000000,4.77862000,1.12348000,0.31541621,0.37658695
997.60000000,4.77850000,1.11859000,0.31547849,0.37666119
997.80000000,4.77850000,1.11859000,0.31554064,0.37673542
998.00000000,4.77812000,1.12582000,0.31560298,0.37681005
998.20000000,4.77275000,1.14585000,0.31566608,0.37688614
998.40000000,4.78125000,1.11337000,0.31572884,0.37696008
998.60000000,4.78125000,1.11337000,0.31579069,0.37703396
998.80000000,4.77787000,1.12531000,0.31585288,0.37710860
999.00000000,4.77575000,1.13241000,0.31591559,0.37718372
999.20000000,4.77600000,1.13376000,0.31597854,0.37725892
999.40000000,4.77575000,1.13574000,0.31604159,0.37733426
999.60000000,4.77575000,1.13574000,0.31610468,0.37740959
999.80000000,4.77550000,1.14000000,0.31616790,0.37748518
1000.00000000,4.77450000,1.13907000,0.31623120,0.37756075
1000.20000000,4.77687000,1.13043000,0.31629425,0.37763575
1000.40000000,4.77687000,1.13043000,0.31635705,0.37771073
1000.60000000,4.77550000,1.13792000,0.31642006,0.37778623
1000.80000000,4.77737000,1.13033000,0.31648306,0.37786119
1001.00000000,4.77487000,1.13718000,0.31654605,0.37793665
1001.20000000,4.77762000,1.12924000,0.31660901,0.37801158
1001.40000000,4.77762000,1.12924000,0.31667174,0.37808645
1001.60000000,4.77312000,1.14467000,0.31673491,0.37816239
1001.80000000,4.77687000,1.12832000,0.31679805,0.37823725
1002.00000000,4.77700000,1.12963000,0.31686077,0.37831220
1002.20000000,4.78037000,1.11600000,0.31692315,0.37838629
1002.40000000,4.78037000,1.11600000,0.31698515,0.37846036
1002.60000000,4.77850000,1.12512000,0.31704740,0.37853502
1002.80000000,4.77750000,1.12432000,0.31710988,0.37860959
1003.00000000,4.77537000,1.13657000,0.31717269,0.37868497
1003.20000000,4.77537000,1.13657000,0.31723583,0.37876039
1003.40000000,4.77787000,1.12876000,0.31729875,0.37883530
1003.60000000,4.77825000,1.12412000,0.31736133,0.37890993
1003.80000000,4.78000000,1.12025000,0.31742368,0.37898430
1004.00000000,4.77962000,1.12019000,0.31748591,0.37905866
1004.20000000,4.77962000,1.12019000,0.31754814,0.37913301
1004.40000000,4.77912000,1.12060000,0.31761039,0.37920740
1004.60000000,4.77925000,1.12076000,0.31767265,0.37928174
1004.80000000,4.77575000,1.13673000,0.31773536,0.37935714
1005.00000000,4.77575000,1.13673000,0.31779851,0.37943253
1005.20000000,4.77575000,1.13328000,0.31786156,0.37950772
1005.40000000,4.77700000,1.13059000,0.31792445,0.37958269
1005.60000000,4.77437000,1.13971000,0.31798751,0.37965832
1005.80000000,4.77737000,1.13216000,0.31805062,0.37973344
1006.00000000,4.77737000,1.13216000,0.31811352,0.37980852
1006.20000000,4.77487000,1.14192000,0.31817669,0.37988432
1006.40000000,4.77950000,1.11814000,0.31823947,0.37995851
1006.60000000,4.77700000,1.12966000,0.31830191,0.38003346
1006.80000000,4.77700000,1.12966000,0.31836467,0.38010838
1007.00000000,4.77525000,1.13584000,0.31842760,0.38018360
1007.20000000,4.76812000,1.16163000,0.31849141,0.38026052
1007.40000000,4.76750000,1.16483000,0.31855604,0.38033766
1007.60000000,4.76812000,1.16393000,0.31862073,0.38041474
1007.80000000,4.76812000,1.16393000,0.31868539,0.38049180
1008.00000000,4.76712000,1.16704000,0.31875014,0.38056917
1008.20000000,4.77287000,1.14582000,0.31881438,0.38064506
1008.40000000,4.76887000,1.15827000,0.31887839,0.38072177
1008.60000000,4.76887000,1.15827000,0.31894273,0.38079848
1008.80000000,4.76837000,1.16400000,0.31900724,0.38087564
1009.00000000,4.77275000,1.14723000,0.31907144,0.38095171
1009.20000000,4.77412000,1.13782000,0.31913492,0.38102715
1009.40000000,4.77387000,1.14150000,0.31919823,0.38110284
1009.60000000,4.77387000,1.14150000,0.31926165,0.38117858
1009.80000000,4.77737000,1.12809000,0.31932469,0.38125336
1010.00000000,4.77300000,1.14665000,0.31938788,0.38132947
1010.20000000,4.77875000,1.12006000,0.31945084,0.38140381
1010.40000000,4.77875000,1.12006000,0.31951307,0.38147814
1010.60000000,4.77800000,1.12329000,0.31957538,0.38155270
1010.80000000,4.77950000,1.11913000,0.31963767,0.38162697
1011.00000000,4.77787000,1.12729000,0.31970007,0.38170178
1011.20000000,4.77787000,1.12729000,0.31976270,0.38177660
1011.40000000,4.77900000,1.11916000,0.31982510,0.38185087
1011.60000000,4.77812000,1.12604000,0.31988747,0.38192554
1011.80000000,4.77437000,1.13692000,0.31995033,0.38200095
1012.00000000,4.77587000,1.13564000,0.32001346,0.38207628
1012.20000000,4.77587000,1.13564000,0.32007655,0.38215160
1012.40000000,4.77512000,1.13584000,0.32013964,0.38222699
1012.60000000,4.77925000,1.11968000,0.32020230,0.38230128
1012.80000000,4.77712000,1.12822000,0.32026474,0.38237614
1013.00000000,4.77712000,1.12822000,0.32032742,0.38245093
1013.20000000,4.77325000,1.14105000,0.32039045,0.38252661
1013.40000000,4.77487000,1.13436000,0.32045366,0.38260182
1013.60000000,4.77387000,1.13731000,0.32051676,0.38267724
1013.80000000,4.77475000,1.13465000,0.32057987,0.38275249
1014.00000000,4.77475000,1.13465000,0.32064291,0.38282775
1014.20000000,4.77612000,1.13036000,0.32070582,0.38290267
1014.40000000,4.77200000,1.14841000,0.32076912,0.38297885
1014.60000000,4.77587000,1.13088000,0.32083244,0.38305386
1014.80000000,4.77587000,1.13088000,0.32089526,0.38312882
1015.00000000,4.77250000,1.14902000,0.32095859,0.38320505
1015.20000000,4.77650000,1.12889000,0.32102187,0.38327988
1015.40000000,4.77275000,1.14387000,0.32108500,0.38335578
1015.60000000,4.77737000,1.12521000,0.32114803,0.38343044
1015.80000000,4.77737000,1.12521000,0.32121054,0.38350502
1016.00000000,4.77275000,1.14508000,0.32127361,0.38358087
1016.20000000,4.76925000,1.15974000,0.32133763,0.38365766
1016.40000000,4.76725000,1.16643000,0.32140225,0.38373489
1016.60000000,4.76725000,1.16643000,0.32146705,0.38381220
1016.80000000,4.77187000,1.15004000,0.32153139,0.38388843
1017.00000000,4.77237000,1.14732000,0.32159521,0.38396441
1017.20000000,4.76850000,1.16022000,0.32165931,0.38404129
1017.40000000,4.77050000,1.15472000,0.32172361,0.38411780
1017.60000000,4.77050000,1.15472000,0.32178776,0.38419442
1017.80000000,4.77750000,1.12697000,0.32185114,0.38426922
1018.00000000,4.77912000,1.11606000,0.32191345,0.38434326
1018.20000000,4.77625000,1.13251000,0.32197591,0.38441844
1018.40000000,4.78012000,1.11673000,0.32203839,0.38449258
1018.60000000,4.78012000,1.11673000,0.32210043,0.38456669
1018.80000000,4.77762000,1.12633000,0.32216274,0.38464146
1019.00000000,4.78000000,1.11459000,0.32222498,0.38471540
1019.20000000,4.77637000,1.12864000,0.32228730,0.38479027
1019.40000000,4.77637000,1.12864000,0.32235000,0.38486513
1019.60000000,4.77562000,1.13481000,0.32241287,0.38494044
1019.80000000,4.77812000,1.12502000,0.32247564,0.38501510
1020.00000000,4.77762000,1.12707000,0.32253820,0.38508994
1020.20000000,4.78150000,1.11305000,0.32260043,0.38516386
1020.40000000,4.78150000,1.11305000,0.32266226,0.38523769
1020.60000000,4.77562000,1.13446000,0.32272470,0.38531290
1020.80000000,4.77337000,1.14572000,0.32278803,0.38538880
1021.00000000,4.77000000,1.15737000,0.32285201,0.38546548
1021.20000000,4.77000000,1.15737000,0.32291631,0.38554214
1021.40000000,4.76912000,1.15993000,0.32298068,0.38561899
1021.60000000,4.77025000,1.15798000,0.32304506,0.38569566
1021.80000000,4.76737000,1.16444000,0.32310957,0.38577278
1022.00000000,4.76825000,1.16227000,0.32317420,0.38584975
1022.20000000,4.76825000,1.16227000,0.32323878,0.38592673
1022.40000000,4.76850000,1.16422000,0.32330340,0.38600386
1022.60000000,4.77000000,1.15417000,0.32336780,0.38608025
1022.80000000,4.76562000,1.17324000,0.32343245,0.38615791
1023.00000000,4.76562000,1.17324000,0.32349763,0.38623566
1023.20000000,4.77162000,1.15065000,0.32356218,0.38631194
1023.40000000,4.77287000,1.14492000,0.32362595,0.38638782
1023.60000000,4.77187000,1.15273000,0.32368977,0.38646423
1023.80000000,4.77287000,1.14288000,0.32375354,0.38653999
1024.00000000,4.77287000,1.14288000,0.32381703,0.38661575
1024.20000000,4.77237000,1.14864000,0.32388069,0.38669189
1024.40000000,4.77275000,1.14323000,0.32394435,0.38676758
1024.60000000,4.76700000,1.16828000,0.32400856,0.38684493
1024.80000000,4.76937000,1.16208000,0.32407329,0.38692191
1025.00000000,4.76937000,1.16208000,0.32413785,0.38699891
1025.20000000,4.77112000,1.15040000,0.32420209,0.38707522
1025.40000000,4.77575000,1.13609000,0.32426560,0.38715063
1025.60000000,4.77900000,1.12115000,0.32432830,0.38722504
1025.80000000,4.77900000,1.12115000,0.32439059,0.38729946
1026.00000000,4.77937000,1.11868000,0.32445280,0.38737371
1026.20000000,4.77837000,1.12323000,0.32451508,0.38744824
1026.40000000,4.77787000,1.12012000,0.32457739,0.38752257
1026.60000000,4.77500000,1.13897000,0.32464015,0.38759811
1026.80000000,4.77500000,1.13897000,0.32470342,0.38767370
1027.00000000,4.77825000,1.12467000,0.32476630,0.38774833
1027.20000000,4.77762000,1.12422000,0.32482877,0.38782294
1027.40000000,4.77862000,1.12214000,0.32489117,0.38789742
1027.60000000,4.77862000,1.12214000,0.32495351,0.38797184
1027.80000000,4.77550000,1.13404000,0.32501618,0.38804708
1028.00000000,4.77675000,1.12704000,0.32507899,0.38812181
1028.20000000,4.77437000,1.13888000,0.32514193,0.38819733
1028.40000000,4.77687000,1.12515000,0.32520482,0.38827198
1028.60000000,4.77687000,1.12515000,0.32526733,0.38834658
1028.80000000,4.77350000,1.13977000,0.32533024,0.38842217
1029.00000000,4.77512000,1.13827000,0.32539352,0.38849766
1029.20000000,4.77462000,1.13308000,0.32545662,0.38857280
1029.40000000,4.77462000,1.13308000,0.32551957,0.38864795
1029.60000000,4.77537000,1.13481000,0.32558256,0.38872321
1029.80000000,4.77462000,1.14179000,0.32564580,0.38879897
1030.00000000,4.77787000,1.12345000,0.32570872,0.38887353
1030.20000000,4.77787000,1.12345000,0.32577114,0.38894801
1030.40000000,4.77350000,1.14115000,0.32583404,0.38902372
1030.60000000,4.77712000,1.12707000,0.32589705,0.38909849
1030.80000000,4.77650000,1.13308000,0.32595983,0.38917366
1031.00000000,4.77387000,1.14070000,0.32602299,0.38924929
1031.20000000,4.77387000,1.14070000,0.32608637,0.38932501
1031.40000000,4.77912000,1.12096000,0.32614919,0.38939940
1031.60000000,4.77787000,1.12483000,0.32621157,0.38947396
1031.80000000,4.77312000,1.14038000,0.32627449,0.38954956
1032.00000000,4.77312000,1.14038000,0.32633785,0.38962522
1032.20000000,4.77650000,1.12915000,0.32640089,0.38970006
1032.40000000,4.77212000,1.14460000,0.32646405,0.38977597
1032.60000000,4.77525000,1.13318000,0.32652732,0.38985113
1032.80000000,4.77525000,1.13318000,0.32659028,0.38992625
1033.00000000,4.77337000,1.14422000,0.32665354,0.39000217
1033.20000000,4.77700000,1.12707000,0.32671663,0.39007689
1033.40000000,4.77312000,1.14425000,0.32677972,0.39015281
1033.60000000,4.77737000,1.12889000,0.32684286,0.39022771
1033.80000000,4.77737000,1.12889000,0.32690558,0.39030253
1034.00000000,4.77187000,1.14496000,0.32696874,0.39037845
1034.20000000,4.77412000,1.14080000,0.32703224,0.39045406
1034.40000000,4.77187000,1.15097000,0.32709590,0.39053034
1034.60000000,4.76650000,1.16851000,0.32716033,0.39060770
1034.80000000,4.76650000,1.16851000,0.32722524,0.39068510
1035.00000000,4.76912000,1.15929000,0.32728991,0.39076185
1035.20000000,4.76675000,1.16572000,0.32735449,0.39083907
1035.40000000,4.76987000,1.15596000,0.32741898,0.39091565
1035.60000000,4.76987000,1.15596000,0.32748320,0.39099217
1035.80000000,4.76612000,1.17132000,0.32754785,0.39106984
1036.00000000,4.77375000,1.14019000,0.32761206,0.39114543
1036.20000000,4.77337000,1.14419000,0.32767551,0.39122131
1036.40000000,4.77537000,1.13180000,0.32773873,0.39129638
1036.60000000,4.77537000,1.13180000,0.32780161,0.39137142
1036.80000000,4.77400000,1.14025000,0.32786472,0.39144707
1037.00000000,4.77637000,1.12998000,0.32792778,0.39152198
1037.20000000,4.77325000,1.14425000,0.32799096,0.39159784
1037.40000000,4.77325000,1.14425000,0.32805453,0.39167375
1037.60000000,4.77650000,1.13020000,0.32811771,0.39174867
1037.80000000,4.77300000,1.14473000,0.32818090,0.39182462
1038.00000000,4.77700000,1.12860000,0.32824405,0.39189942
1038.20000000,4.77200000,1.14848000,0.32830730,0.39197554
1038.40000000,4.77200000,1.14848000,0.32837110,0.39205173
1038.60000000,4.77650000,1.12835000,0.32843435,0.39212655
1038.80000000,4.77425000,1.14355000,0.32849746,0.39220246
1039.00000000,4.77912000,1.11952000,0.32856032,0.39227677
1039.20000000,4.77912000,1.11952000,0.32862252,0.39235105
1039.40000000,4.77750000,1.12496000,0.32868486,0.39242567
1039.60000000,4.77562000,1.13590000,0.32874766,0.39250101
1039.80000000,4.77562000,1.13385000,0.32881071,0.39257630
1040.00000000,4.78112000,1.11616000,0.32887321,0.39265042
1040.20000000,4.78112000,1.11616000,0.32893522,0.39272449
1040.40000000,4.77825000,1.12643000,0.32899752,0.39279927
1040.60000000,4.77975000,1.11552000,0.32905979,0.39287330
1040.80000000,4.77837000,1.12435000,0.32912201,0.39294792
1041.00000000,4.77837000,1.12435000,0.32918447,0.39302245
1041.20000000,4.77250000,1.14643000,0.32924755,0.39309855
1041.40000000,4.77912000,1.12150000,0.32931055,0.39317297
1041.60000000,4.77812000,1.12681000,0.32937300,0.39324770
1041.80000000,4.77487000,1.13548000,0.32943584,0.39332300
1042.00000000,4.77487000,1.13548000,0.32949893,0.39339830
1042.20000000,4.77475000,1.13724000,0.32956206,0.39347371
1042.40000000,4.77425000,1.14000000,0.32962531,0.39354931
1042.60000000,4.77462000,1.14009000,0.32968865,0.39362491
1042.80000000,4.77337000,1.14409000,0.32975210,0.39370076
1043.00000000,4.77337000,1.14409000,0.32981566,0.39377665
1043.20000000,4.77600000,1.13584000,0.32987899,0.39385194
1043.40000000,4.77237000,1.14489000,0.32994235,0.39392789
1043.60000000,4.77637000,1.12960000,0.33000553,0.39400283
1043.80000000,4.77637000,1.12960000,0.33006828,0.39407782
1044.00000000,4.78000000,1.11577000,0.33013065,0.39415188
1044.20000000,4.77887000,1.12304000,0.33019284,0.39422642
1044.40000000,4.77900000,1.11894000,0.33025512,0.39430069
1044.60000000,4.77200000,1.14902000,0.33031812,0.39437684
1044.80000000,4.77200000,1.14902000,0.33038195,0.39445305
1045.00000000,4.77525000,1.13545000,0.33044541,0.39452832
1045.20000000,4.77300000,1.14435000,0.33050874,0.39460426
1045.40000000,4.77800000,1.12825000,0.33057187,0.39467913
1045.60000000,4.77800000,1.12825000,0.33063455,0.39475397
1045.80000000,4.77587000,1.13212000,0.33069733,0.39482902
1046.00000000,4.77312000,1.14448000,0.33076057,0.39490490
1046.20000000,4.77337000,1.14204000,0.33082409,0.39498061
1046.40000000,4.76825000,1.16176000,0.33088808,0.39505755
1046.60000000,4.76825000,1.16176000,0.33095262,0.39513451
1046.80000000,4.76975000,1.15769000,0.33101705,0.39521126
1047.00000000,4.77337000,1.14448000,0.33108100,0.39528714
1047.20000000,4.77275000,1.14313000,0.33114455,0.39536292
1047.40000000,4.77275000,1.14313000,0.33120805,0.39543869
1047.60000000,4.77275000,1.14889000,0.33127172,0.39551485
1047.80000000,4.77262000,1.14393000,0.33133541,0.39559067
1048.00000000,4.77237000,1.14352000,0.33139895,0.39566647
1048.20000000,4.77237000,1.14352000,0.33146248,0.39574225
1048.40000000,4.77175000,1.14953000,0.33152618,0.39581846
1048.60000000,4.77300000,1.14608000,0.33158994,0.39589440
1048.80000000,4.77087000,1.15478000,0.33165386,0.39597092
1049.00000000,4.77087000,1.15478000,0.33171801,0.39604740
1049.20000000,4.76875000,1.16131000,0.33178235,0.39612432
1049.40000000,4.76862000,1.15894000,0.33184680,0.39620119
1049.60000000,4.77587000,1.13360000,0.33191048,0.39627644
1049.80000000,4.77937000,1.12035000,0.33197309,0.39635081
1050.00000000,4.77937000,1.12035000,0.33203533,0.39642509
1050.20000000,4.77400000,1.14147000,0.33209816,0.39650081
1050.40000000,4.77587000,1.13382000,0.33216136,0.39657594
1050.60000000,4.77100000,1.15043000,0.33222481,0.39665215
1050.80000000,4.76962000,1.16121000,0.33228902,0.39672907
1051.00000000,4.76962000,1.16121000,0.33235354,0.39680596
1051.20000000,4.76737000,1.16684000,0.33241820,0.39688327
1051.40000000,4.77012000,1.15824000,0.33248279,0.39695997
1051.60000000,4.76812000,1.16163000,0.33254723,0.39703690
1051.80000000,4.76812000,1.16163000,0.33261177,0.39711385
1052.00000000,4.76937000,1.15846000,0.33267621,0.39719053
1052.20000000,4.76625000,1.16995000,0.33274089,0.39726801
1052.40000000,4.76800000,1.16195000,0.33280567,0.39734507
1052.60000000,4.77512000,1.13449000,0.33286946,0.39742031
1052.80000000,4.77512000,1.13449000,0.33293248,0.39749561
1053.00000000,4.77887000,1.12179000,0.33299516,0.39757003
1053.20000000,4.77637000,1.12659000,0.33305761,0.39764471
1053.40000000,4.77312000,1.14054000,0.33312059,0.39772032
1053.60000000,4.77850000,1.12288000,0.33318346,0.39779485
1053.80000000,4.77850000,1.12288000,0.33324584,0.39786937
1054.00000000,4.77862000,1.12000000,0.33330815,0.39794371
1054.20000000,4.77900000,1.12105000,0.33337040,0.39801809
1054.40000000,4.77662000,1.12867000,0.33343289,0.39809296
1054.60000000,4.77662000,1.12867000,0.33349559,0.39816782
1054.80000000,4.77537000,1.13532000,0.33355848,0.39824311
1055.00000000,4.77475000,1.13606000,0.33362158,0.39831847
1055.20000000,4.77562000,1.13372000,0.33368463,0.39839367
1055.40000000,4.77600000,1.13254000,0.33374758,0.39846879
1055.60000000,4.77600000,1.13254000,0.33381050,0.39854387
1055.80000000,4.77312000,1.14483000,0.33387376,0.39861977
1056.00000000,4.77337000,1.13968000,0.33393721,0.39869538
1056.20000000,4.77662000,1.13308000,0.33400035,0.39877055
1056.40000000,4.77662000,1.13308000,0.33406330,0.39884575
1056.60000000,4.77837000,1.12380000,0.33412599,0.39892025
1056.80000000,4.77287000,1.14678000,0.33418906,0.39899635
1057.00000000,4.77825000,1.12377000,0.33425213,0.39907084
1057.20000000,4.77225000,1.14867000,0.33431525,0.39914697
1057.40000000,4.77225000,1.14867000,0.33437907,0.39922319
1057.60000000,4.77712000,1.13168000,0.33444241,0.39929821
1057.80000000,4.77325000,1.14694000,0.33450571,0.39937434
1058.00000000,4.77925000,1.12051000,0.33456869,0.39944872
1058.20000000,4.77925000,1.12051000,0.33463094,0.39952310
1058.40000000,4.77962000,1.11984000,0.33469317,0.39959743
1058.60000000,4.77912000,1.12166000,0.33475544,0.39967188
1058.80000000,4.77837000,1.12518000,0.33481785,0.39974647
1059.00000000,4.77300000,1.14188000,0.33488082,0.39982216
1059.20000000,4.77300000,1.14188000,0.33494426,0.39989792
1059.40000000,4.77675000,1.12857000,0.33500733,0.39997274
1059.60000000,4.77325000,1.14003000,0.33507035,0.40004834
1059.80000000,4.77475000,1.13673000,0.33513359,0.40012371
1060.00000000,4.77362000,1.14140000,0.33519687,0.40019938
1060.20000000,4.77362000,1.14140000,0.33526028,0.40027510
1060.40000000,4.77662000,1.12828000,0.33532333,0.40034990
1060.60000000,4.77337000,1.14361000,0.33538644,0.40042577
1060.80000000,4.77637000,1.13241000,0.33544966,0.40050089
1061.00000000,4.77637000,1.13241000,0.33551257,0.40057598
1061.20000000,4.77425000,1.13571000,0.33557557,0.40065123
1061.40000000,4.77050000,1.15529000,0.33563921,0.40072774
1061.60000000,4.76800000,1.16249000,0.33570360,0.40080474
1061.80000000,4.76937000,1.15548000,0.33576798,0.40088128
1062.00000000,4.76937000,1.15548000,0.33583218,0.40095779
1062.20000000,4.76762000,1.16620000,0.33589667,0.40103506
1062.40000000,4.77037000,1.15539000,0.33596116,0.40111156
1062.60000000,4.76725000,1.16649000,0.33602565,0.40118880
1062.80000000,4.76725000,1.16649000,0.33609046,0.40126616
1063.00000000,4.77537000,1.13433000,0.33615437,0.40134145
1063.20000000,4.77850000,1.12243000,0.33621706,0.40141596
1063.40000000,4.77975000,1.11859000,0.33627931,0.40149020
1063.60000000,4.77862000,1.12502000,0.33634163,0.40156487
1063.80000000,4.77862000,1.12502000,0.33640413,0.40163955
1064.00000000,4.77950000,1.11731000,0.33646642,0.40171371
1064.20000000,4.77912000,1.12412000,0.33652868,0.40178826
1064.40000000,4.77462000,1.13881000,0.33659154,0.40186378
1064.60000000,4.77462000,1.13881000,0.33665481,0.40193932
1064.80000000,4.77637000,1.13094000,0.33671786,0.40201428
1065.00000000,4.77187000,1.14595000,0.33678110,0.40209029
1065.20000000,4.77562000,1.13209000,0.33684438,0.40216536
1065.40000000,4.77475000,1.13920000,0.33690747,0.40224091
1065.60000000,4.77475000,1.13920000,0.33697076,0.40231647
1065.80000000,4.77575000,1.12963000,0.33703378,0.40239138
1066.00000000,4.77475000,1.13692000,0.33709674,0.40246679
1066.20000000,4.77550000,1.13225000,0.33715978,0.40254189
1066.40000000,4.77225000,1.14838000,0.33722313,0.40261801
1066.60000000,4.77225000,1.14838000,0.33728693,0.40269419
1066.80000000,4.77625000,1.13193000,0.33735027,0.40276923
1067.00000000,4.77325000,1.13923000,0.33741336,0.40284475
1067.20000000,4.77762000,1.12691000,0.33747630,0.40291953
1067.40000000,4.77762000,1.12691000,0.33753891,0.40299434
1067.60000000,4.77987000,1.11603000,0.33760121,0.40306840
1067.80000000,4.77762000,1.12419000,0.33766344,0.40314295
1068.00000000,4.77512000,1.13776000,0.33772628,0.40321841
1068.20000000,4.77512000,1.13776000,0.33778948,0.40329393
1068.40000000,4.77912000,1.11785000,0.33785214,0.40336806
1068.60000000,4.77475000,1.13254000,0.33791465,0.40344315
1068.80000000,4.77337000,1.14310000,0.33797786,0.40351893
1069.00000000,4.77412000,1.13808000,0.33804123,0.40359439
1069.20000000,4.77412000,1.13808000,0.33810446,0.40366988
1069.40000000,4.77525000,1.13670000,0.33816764,0.40374526
1069.60000000,4.77475000,1.13622000,0.33823078,0.40382060
1069.80000000,4.77450000,1.13481000,0.33829386,0.40389585
1070.00000000,4.77450000,1.13481000,0.33835691,0.40397119
1070.20000000,4.77950000,1.12236000,0.33841961,0.40404567
1070.40000000,4.77812000,1.12275000,0.33848197,0.40412011
1070.60000000,4.77362000,1.14368000,0.33854493,0.40419593
1070.80000000,4.77875000,1.11920000,0.33860779,0.40427022
1071.00000000,4.77875000,1.11920000,0.33866997,0.40434450
1071.20000000,4.77900000,1.12134000,0.33873220,0.40441889
1071.40000000,4.77625000,1.13609000,0.33879491,0.40449428
1071.60000000,4.77800000,1.12083000,0.33885760,0.40456866
1071.80000000,4.77800000,1.12083000,0.33891987,0.40464306
1072.00000000,4.77925000,1.11747000,0.33898204,0.40471716
1072.20000000,4.77425000,1.13948000,0.33904474,0.40479275
1072.40000000,4.77662000,1.12889000,0.33910775,0.40486765
1072.60000000,4.77212000,1.14470000,0.33917090,0.40494352
1072.80000000,4.77212000,1.14470000,0.33923450,0.40501947
1073.00000000,4.77750000,1.12560000,0.33929756,0.40509411
1073.20000000,4.77412000,1.14256000,0.33936057,0.40516995
1073.40000000,4.77950000,1.11926000,0.33942339,0.40524425
1073.60000000,4.77950000,1.11926000,0.33948558,0.40531857
1073.80000000,4.78050000,1.11465000,0.33954763,0.40539249
1074.00000000,4.77512000,1.13443000,0.33961010,0.40546773
1074.20000000,4.77500000,1.13808000,0.33967323,0.40554320
1074.40000000,4.77987000,1.11840000,0.33973591,0.40561745
1074.60000000,4.77987000,1.11840000,0.33979804,0.40569157
1074.80000000,4.77200000,1.14768000,0.33986099,0.40576755
1075.00000000,4.76662000,1.16947000,0.33992535,0.40584505
1075.20000000,4.77137000,1.15334000,0.33998988,0.40592148
1075.40000000,4.77137000,1.15334000,0.34005395,0.40599791
1075.60000000,4.77112000,1.14985000,0.34011793,0.40607405
1075.80000000,4.76750000,1.16777000,0.34018231,0.40615149
1076.00000000,4.77475000,1.13936000,0.34024639,0.40622703
1076.20000000,4.77362000,1.14220000,0.34030977,0.40630276
1076.40000000,4.77362000,1.14220000,0.34037323,0.40637855
1076.60000000,4.77737000,1.12774000,0.34043628,0.40645340
1076.80000000,4.77925000,1.11888000,0.34049869,0.40652761
1077.00000000,4.77500000,1.13676000,0.34056134,0.40660300
1077.20000000,4.77500000,1.13676000,0.34062450,0.40667846
1077.40000000,4.77937000,1.11865000,0.34068715,0.40675272
1077.60000000,4.78012000,1.11548000,0.34074920,0.40682677
1077.80000000,4.77950000,1.11990000,0.34081130,0.40690109
1078.00000000,4.77837000,1.12246000,0.34087359,0.40697559
1078.20000000,4.77837000,1.12246000,0.34093595,0.40705000
1078.40000000,4.77337000,1.13948000,0.34099878,0.40712563
1078.60000000,4.77862000,1.12252000,0.34106161,0.40720011
1078.80000000,4.77712000,1.12899000,0.34112415,0.40727502
1079.00000000,4.77712000,1.12899000,0.34118687,0.40734987
1079.20000000,4.77400000,1.14124000,0.34124994,0.40742556
1079.40000000,4.77487000,1.13852000,0.34131326,0.40750106
1079.60000000,4.77475000,1.13392000,0.34137639,0.40757630
1079.80000000,4.77725000,1.12844000,0.34143923,0.40765117
1080.00000000,4.77725000,1.12844000,0.34150192,0.40772603
1080.20000000,4.77662000,1.12540000,0.34156453,0.40780067
1080.40000000,4.77487000,1.13644000,0.34162736,0.40787610
1080.60000000,4.77925000,1.11926000,0.34169001,0.40795032
1080.80000000,4.77437000,1.13952000,0.34175276,0.40802588
1081.00000000,4.77437000,1.13952000,0.34181606,0.40810138
1081.20000000,4.77050000,1.15190000,0.34187972,0.40817767
1081.40000000,4.76837000,1.16163000,0.34194398,0.40825462
1081.60000000,4.76937000,1.15862000,0.34200843,0.40833137
1081.80000000,4.76937000,1.15862000,0.34207280,0.40840808
1082.00000000,4.76700000,1.16892000,0.34213745,0.40848551
1082.20000000,4.76975000,1.15904000,0.34220212,0.40856235
1082.40000000,4.77287000,1.14428000,0.34226610,0.40863812
1082.60000000,4.76750000,1.16480000,0.34233024,0.40871524
1082.80000000,4.76750000,1.16480000,0.34239495,0.40879241
1083.00000000,4.77000000,1.15331000,0.34245934,0.40886880
1083.20000000,4.76887000,1.15968000,0.34252359,0.40894574
1083.40000000,4.77662000,1.12832000,0.34258715,0.40902059
1083.60000000,4.77662000,1.12832000,0.34264983,0.40909539
1083.80000000,4.77337000,1.14323000,0.34271293,0.40917123
1084.00000000,4.77600000,1.13529000,0.34277622,0.40924650
1084.20000000,4.77375000,1.14012000,0.34283943,0.40932214
1084.40000000,4.77662000,1.12896000,0.34290246,0.40939704
1084.60000000,4.77662000,1.12896000,0.34296518,0.40947186
1084.80000000,4.77212000,1.14899000,0.34302846,0.40954808
1085.00000000,4.77637000,1.12707000,0.34309168,0.40962279
1085.20000000,4.77250000,1.14624000,0.34315483,0.40969877
1085.40000000,4.77250000,1.14624000,0.34321851,0.40977483
1085.60000000,4.77762000,1.12873000,0.34328170,0.40984963
1085.80000000,4.77125000,1.15008000,0.34334500,0.40992597
1086.00000000,4.77950000,1.12060000,0.34340808,0.41000035
1086.20000000,4.77887000,1.12118000,0.34347035,0.41007477
1086.40000000,4.77887000,1.12118000,0.34353264,0.41014918
1086.60000000,4.77887000,1.12108000,0.34359492,0.41022360
1086.80000000,4.77925000,1.12240000,0.34365724,0.41029811
1087.00000000,4.77962000,1.11478000,0.34371938,0.41037211
1087.20000000,4.77925000,1.12320000,0.34378155,0.41044667
1087.40000000,4.77925000,1.12320000,0.34384395,0.41052121
1087.60000000,4.77862000,1.12515000,0.34390640,0.41059582
1087.80000000,4.77412000,1.14163000,0.34396937,0.41067149
1088.00000000,4.77212000,1.15152000,0.34403307,0.41074781
1088.20000000,4.77212000,1.15152000,0.34409704,0.41082405
1088.40000000,4.76725000,1.16800000,0.34416147,0.41090141
1088.60000000,4.76862000,1.16304000,0.34422622,0.41097846
1088.80000000,4.77000000,1.15632000,0.34429065,0.41105507
1089.00000000,4.76575000,1.17244000,0.34435534,0.41113267
1089.20000000,4.76575000,1.17244000,0.34442047,0.41121038
1089.40000000,4.77187000,1.14784000,0.34448493,0.41128639
1089.60000000,4.76812000,1.16400000,0.34454914,0.41136348
1089.80000000,4.77000000,1.15459000,0.34461355,0.41143997
1090.00000000,4.77000000,1.15459000,0.34467769,0.41151660
1090.20000000,4.77887000,1.12752000,0.34474109,0.41159145
1090.40000000,4.77937000,1.11974000,0.34480351,0.41166577
1090.60000000,4.77900000,1.11952000,0.34486571,0.41174008
1090.80000000,4.77900000,1.11952000,0.34492791,0.41181440
1091.00000000,4.78025000,1.12163000,0.34499016,0.41188884
1091.20000000,4.77800000,1.12716000,0.34505263,0.41196360
1091.40000000,4.77575000,1.13734000,0.34511553,0.41203908
1091.60000000,4.77812000,1.12540000,0.34517838,0.41211376
1091.80000000,4.77812000,1.12540000,0.34524091,0.41218839
1092.00000000,4.77437000,1.14137000,0.34530387,0.41226410
1092.20000000,4.77587000,1.14000000,0.34536724,0.41233973
1092.40000000,4.77675000,1.13184000,0.34543035,0.41241482
1092.60000000,4.77675000,1.13184000,0.34549323,0.41248995
1092.80000000,4.77950000,1.12112000,0.34555581,0.41256440
1093.00000000,4.78100000,1.11811000,0.34561801,0.41263858
1093.20000000,4.77650000,1.13600000,0.34568063,0.41271394
1093.40000000,4.77650000,1.13600000,0.34574374,0.41278928
1093.60000000,4.77537000,1.13846000,0.34580692,0.41286478
1093.80000000,4.77487000,1.13596000,0.34587010,0.41294012
1094.00000000,4.77525000,1.13593000,0.34593320,0.41301543
1094.20000000,4.77300000,1.14761000,0.34599664,0.41309150
1094.40000000,4.77300000,1.14761000,0.34606039,0.41316764
1094.60000000,4.77700000,1.12937000,0.34612364,0.41324254
1094.80000000,4.77475000,1.13795000,0.34618662,0.41331806
1095.00000000,4.77837000,1.12364000,0.34624944,0.41339263
1095.20000000,4.77837000,1.12364000,0.34631187,0.41346719
1095.40000000,4.77762000,1.12787000,0.34637441,0.41354197
1095.60000000,4.77375000,1.14326000,0.34643750,0.41361786
1095.80000000,4.77950000,1.11836000,0.34650032,0.41369211
1096.00000000,4.77975000,1.11977000,0.34656249,0.41376644
1096.20000000,4.77975000,1.11977000,0.34662470,0.41384079
1096.40000000,4.78037000,1.11465000,0.34668677,0.41391472
1096.60000000,4.77525000,1.13228000,0.34674918,0.41398981
1096.80000000,4.77512000,1.13840000,0.34681226,0.41406534
1097.00000000,4.77712000,1.13027000,0.34687527,0.41414033
1097.20000000,4.77712000,1.13027000,0.34693807,0.41421527
1097.40000000,4.77337000,1.14140000,0.34700117,0.41429100
1097.60000000,4.77750000,1.13187000,0.34706432,0.41436617
1097.80000000,4.78137000,1.11222000,0.34712665,0.41444003
1098.00000000,4.78137000,1.11222000,0.34718844,0.41451385
1098.20000000,4.77912000,1.11974000,0.34725044,0.41458821
1098.40000000,4.78125000,1.11526000,0.34731252,0.41466216
1098.60000000,4.77425000,1.13942000,0.34737515,0.41473775
1098.80000000,4.77637000,1.13129000,0.34743823,0.41481280
1099.00000000,4.77637000,1.13129000,0.34750108,0.41488779
1099.20000000,4.77300000,1.14275000,0.34756425,0.41496361
1099.40000000,4.77650000,1.13046000,0.34762739,0.41503856
1099.60000000,4.77387000,1.14233000,0.34769052,0.41511430
1099.80000000,4.77387000,1.14233000,0.34775399,0.41519003
1100.00000000,4.77325000,1.14211000,0.34781744,0.41526566
1100.20000000,4.76750000,1.16694000,0.34788158,0.41534295
1100.40000000,4.76925000,1.15891000,0.34794619,0.41541967
1100.60000000,4.76637000,1.16912000,0.34801086,0.41549707
1100.80000000,4.76637000,1.16912000,0.34807581,0.41557453
1101.00000000,4.77025000,1.16083000,0.34814053,0.41565138
1101.20000000,4.76675000,1.16627000,0.34820517,0.41572862
1101.40000000,4.76825000,1.16342000,0.34826989,0.41580566
1101.60000000,4.76775000,1.16643000,0.34833460,0.41588290
1101.80000000,4.76775000,1.16643000,0.34839941,0.41596017
1102.00000000,4.77012000,1.15404000,0.34846386,0.41603658
1102.20000000,4.76725000,1.16819000,0.34852837,0.41611397
1102.40000000,4.76937000,1.15907000,0.34859302,0.41619075
1102.60000000,4.76937000,1.15907000,0.34865741,0.41626749
1102.80000000,4.76712000,1.17120000,0.34872214,0.41634510
1103.00000000,4.77112000,1.15424000,0.34878673,0.41642151
1103.20000000,4.76650000,1.16998000,0.34885130,0.41649914
1103.40000000,4.77712000,1.12921000,0.34891516,0.41657406
1103.60000000,4.77712000,1.12921000,0.34897790,0.41664902
1103.80000000,4.77962000,1.12160000,0.34904042,0.41672347
1104.00000000,4.77925000,1.12272000,0.34910276,0.41679790
1104.20000000,4.77300000,1.14364000,0.34916571,0.41687371
1104.40000000,4.77300000,1.14364000,0.34922925,0.41694958
1104.60000000,4.77625000,1.12976000,0.34929240,0.41702447
1104.80000000,4.77275000,1.14451000,0.34935557,0.41710044
1105.00000000,4.77975000,1.11830000,0.34941843,0.41717466
1105.20000000,4.77812000,1.12665000,0.34948079,0.41724943
1105.40000000,4.77812000,1.12665000,0.34954338,0.41732420
1105.60000000,4.77887000,1.12467000,0.34960592,0.41739877
1105.80000000,4.77362000,1.14435000,0.34966895,0.41747472
1106.00000000,4.77837000,1.12617000,0.34973202,0.41754946
1106.20000000,4.77837000,1.12617000,0.34979458,0.41762419
1106.40000000,4.77787000,1.12640000,0.34985715,0.41769892
1106.60000000,4.77675000,1.12928000,0.34991981,0.41777382
1106.80000000,4.77575000,1.13529000,0.34998272,0.41784913
1107.00000000,4.77950000,1.12240000,0.35004543,0.41792363
1107.20000000,4.77950000,1.12240000,0.35010778,0.41799812
1107.40000000,4.77825000,1.12038000,0.35017008,0.41807248
1107.60000000,4.77837000,1.12688000,0.35023251,0.41814718
1107.80000000,4.77325000,1.14224000,0.35029554,0.41822291
1108.00000000,4.77325000,1.14224000,0.35035900,0.41829867
1108.20000000,4.77587000,1.13398000,0.35042223,0.41837390
1108.40000000,4.77600000,1.13596000,0.35048528,0.41844929
1108.60000000,4.77875000,1.12336000,0.35054804,0.41852378
1108.80000000,4.77412000,1.14371000,0.35061101,0.41859961
1109.00000000,4.77412000,1.14371000,0.35067455,0.41867549
1109.20000000,4.77637000,1.13401000,0.35073782,0.41875072
1109.40000000,4.77675000,1.13081000,0.35080073,0.41882578
1109.60000000,4.77937000,1.12038000,0.35086327,0.41890015
1109.80000000,4.77725000,1.12928000,0.35092576,0.41897508
1110.00000000,4.77725000,1.12928000,0.35098849,0.41904993
1110.20000000,4.77175000,1.14844000,0.35105176,0.41912610
1110.40000000,4.77575000,1.13897000,0.35111530,0.41920160
1110.60000000,4.77275000,1.14332000,0.35117870,0.41927739
1110.80000000,4.77275000,1.14332000,0.35124222,0.41935324
1111.00000000,4.77662000,1.13372000,0.35130547,0.41942849
1111.20000000,4.77900000,1.12160000,0.35136812,0.41950293
1111.40000000,4.77837000,1.12316000,0.35143047,0.41957747
1111.60000000,4.77525000,1.13721000,0.35149326,0.41965289
1111.80000000,4.77525000,1.13721000,0.35155644,0.41972834
1112.00000000,4.77712000,1.12963000,0.35161941,0.41980330
1112.20000000,4.77787000,1.12489000,0.35168203,0.41987795
1112.40000000,4.77387000,1.14329000,0.35174504,0.41995376
1112.60000000,4.77387000,1.14329000,0.35180855,0.42002957
1112.80000000,4.77475000,1.13830000,0.35187193,0.42010513
1113.00000000,4.77925000,1.11939000,0.35193464,0.42017943
1113.20000000,4.77900000,1.12227000,0.35199691,0.42025392
1113.40000000,4.77900000,1.12227000,0.35205926,0.42032843
1113.60000000,4.78012000,1.11846000,0.35212150,0.42040266
1113.80000000,4.77837000,1.12563000,0.35218384,0.42047740
1114.00000000,4.78075000,1.11888000,0.35224619,0.42055169
1114.20000000,4.77512000,1.13443000,0.35230878,0.42062693
1114.40000000,4.77512000,1.13443000,0.35237180,0.42070220
1114.60000000,4.77725000,1.13315000,0.35243479,0.42077741
1114.80000000,4.77900000,1.12300000,0.35249746,0.42085184
1115.00000000,4.77187000,1.14963000,0.35256059,0.42092803
1115.20000000,4.77187000,1.14963000,0.35262446,0.42100420
1115.40000000,4.77012000,1.15964000,0.35268860,0.42108096
1115.60000000,4.76625000,1.16886000,0.35275329,0.42115840
1115.80000000,4.76975000,1.15747000,0.35281791,0.42123508
1116.00000000,4.76975000,1.15747000,0.35288221,0.42131171
1116.20000000,4.76687000,1.16992000,0.35294686,0.42138923
1116.40000000,4.77087000,1.15337000,0.35301139,0.42146567
1116.60000000,4.77175000,1.14816000,0.35307533,0.42154178
1116.80000000,4.77287000,1.14419000,0.35313900,0.42161763
1117.00000000,4.77287000,1.14419000,0.35320257,0.42169352
1117.20000000,4.77562000,1.13529000,0.35326589,0.42176878
1117.40000000,4.77300000,1.14569000,0.35332925,0.42184468
1117.60000000,4.76975000,1.15651000,0.35339320,0.42192136
1117.80000000,4.77400000,1.14633000,0.35345717,0.42199737
1118.00000000,4.77400000,1.14633000,0.35352085,0.42207342
1118.20000000,4.77662000,1.12870000,0.35358405,0.42214825
1118.40000000,4.77375000,1.14368000,0.35364717,0.42222414
1118.60000000,4.77737000,1.13254000,0.35371040,0.42229929
1118.80000000,4.77737000,1.13254000,0.35377332,0.42237438
1119.00000000,4.77400000,1.14147000,0.35383648,0.42245001
1119.20000000,4.77025000,1.15779000,0.35390035,0.42252680
1119.40000000,4.77537000,1.13846000,0.35396414,0.42260235
1119.60000000,4.77825000,1.12227000,0.35402693,0.42267683
1119.80000000,4.77825000,1.12227000,0.35408928,0.42275134
1120.00000000,4.78025000,1.11993000,0.35415156,0.42282565
1120.20000000,4.77762000,1.12636000,0.35421396,0.42290042
1120.40000000,4.77962000,1.12070000,0.35427638,0.42297482
1120.60000000,4.77962000,1.12070000,0.35433864,0.42304920
1120.80000000,4.77887000,1.12441000,0.35440101,0.42312384
1121.00000000,4.77912000,1.11974000,0.35446334,0.42319818
1121.20000000,4.78037000,1.12073000,0.35452558,0.42327257
1121.40000000,4.77875000,1.12512000,0.35458796,0.42334724
1121.60000000,4.77875000,1.12512000,0.35465047,0.42342193
1121.80000000,4.77937000,1.11948000,0.35471282,0.42349616
1122.00000000,4.77400000,1.14249000,0.35477565,0.42357194
1122.20000000,4.77600000,1.13638000,0.35483895,0.42364732
1122.40000000,4.77600000,1.13638000,0.35490209,0.42372265
1122.60000000,4.77287000,1.14390000,0.35496543,0.42379856
1122.80000000,4.77775000,1.13004000,0.35502859,0.42387350
1123.00000000,4.77462000,1.13840000,0.35509160,0.42394910
1123.20000000,4.78187000,1.11196000,0.35515411,0.42402295
1123.40000000,4.78187000,1.11196000,0.35521589,0.42409662
1123.60000000,4.76987000,1.15724000,0.35527892,0.42417338
1123.80000000,4.77587000,1.13308000,0.35534254,0.42424858
1124.00000000,4.77812000,1.12777000,0.35540534,0.42432334
1124.20000000,4.77337000,1.14636000,0.35546852,0.42439934
1124.40000000,4.77337000,1.14636000,0.35553220,0.42447536
1124.60000000,4.77437000,1.14054000,0.35559573,0.42455100
1124.80000000,4.77537000,1.13392000,0.35565891,0.42462618
1125.00000000,4.77312000,1.14406000,0.35572218,0.42470202
1125.20000000,4.77312000,1.14406000,0.35578574,0.42477794
1125.40000000,4.77775000,1.13059000,0.35584893,0.42485298
1125.60000000,4.77887000,1.12444000,0.35591157,0.42492756
1125.80000000,4.77575000,1.13632000,0.35597437,0.42500292
1126.00000000,4.77487000,1.14108000,0.35603763,0.42507859
1126.20000000,4.77487000,1.14108000,0.35610102,0.42515434
1126.40000000,4.77975000,1.11955000,0.35616382,0.42522865
1126.60000000,4.77862000,1.12432000,0.35622615,0.42530317
1126.80000000,4.77237000,1.14764000,0.35628926,0.42537924
1127.00000000,4.77237000,1.14764000,0.35635301,0.42545537
1127.20000000,4.77637000,1.13382000,0.35641639,0.42553053
1127.40000000,4.77262000,1.14729000,0.35647975,0.42560668
1127.60000000,4.77912000,1.12368000,0.35654283,0.42568127
1127.80000000,4.77912000,1.12368000,0.35660526,0.42575585
1128.00000000,4.77850000,1.12195000,0.35666764,0.42583032
1128.20000000,4.77937000,1.12368000,0.35673002,0.42590488
1128.40000000,4.77712000,1.12899000,0.35679259,0.42597978
1128.60000000,4.76975000,1.15955000,0.35685616,0.42605660
1128.80000000,4.76975000,1.15955000,0.35692058,0.42613343
1129.00000000,4.77087000,1.15465000,0.35698486,0.42620988
1129.20000000,4.76675000,1.16924000,0.35704942,0.42628735
1129.40000000,4.77075000,1.15430000,0.35711396,0.42636384
1129.60000000,4.77075000,1.15430000,0.35717809,0.42644028
1129.80000000,4.76800000,1.16579000,0.35724253,0.42651757
1130.00000000,4.77387000,1.14329000,0.35730668,0.42659335
1130.20000000,4.77212000,1.14688000,0.35737029,0.42666936
1130.40000000,4.76812000,1.16470000,0.35743450,0.42674649
1130.60000000,4.76812000,1.16470000,0.35749921,0.42682366
1130.80000000,4.77037000,1.15587000,0.35756367,0.42690020
1131.00000000,4.76750000,1.17065000,0.35762829,0.42697778
1131.20000000,4.77137000,1.15200000,0.35769281,0.42705412
1131.40000000,4.77137000,1.15200000,0.35775681,0.42713048
1131.60000000,4.77287000,1.14790000,0.35782070,0.42720648
1131.80000000,4.76687000,1.16633000,0.35788498,0.42728372
1132.00000000,4.76825000,1.16169000,0.35794965,0.42736066
1132.20000000,4.76825000,1.16169000,0.35801419,0.42743755
1132.40000000,4.76575000,1.17443000,0.35807908,0.42751537
1132.60000000,4.77075000,1.15667000,0.35814383,0.42759194
1132.80000000,4.76612000,1.17353000,0.35820856,0.42766967
1133.00000000,4.76925000,1.16176000,0.35827343,0.42774662
1133.20000000,4.76925000,1.16176000,0.35833797,0.42782369
1133.40000000,4.77587000,1.13356000,0.35840173,0.42789892
1133.60000000,4.77875000,1.12153000,0.35846437,0.42797338
1133.80000000,4.78025000,1.11440000,0.35852648,0.42804738
1134.00000000,4.78062000,1.11788000,0.35858849,0.42812160
1134.20000000,4.78062000,1.11788000,0.35865059,0.42819574
1134.40000000,4.77525000,1.13440000,0.35871316,0.42827095
1134.60000000,4.77337000,1.14748000,0.35877654,0.42834703
1134.80000000,4.77387000,1.13974000,0.35884008,0.42842260
1135.00000000,4.77387000,1.13974000,0.35890340,0.42849805
1135.20000000,4.76650000,1.16960000,0.35896754,0.42857558
1135.40000000,4.77250000,1.15094000,0.35903200,0.42865184
1135.60000000,4.77050000,1.15302000,0.35909600,0.42872819
1135.80000000,4.76812000,1.16422000,0.35916037,0.42880529
1136.00000000,4.76812000,1.16422000,0.35922505,0.42888242
1136.20000000,4.76962000,1.16006000,0.35928961,0.42895922
1136.40000000,4.76662000,1.17046000,0.35935435,0.42903677
1136.60000000,4.77062000,1.15712000,0.35941900,0.42911344
1136.80000000,4.77062000,1.15712000,0.35948329,0.42919002
1137.00000000,4.76512000,1.17408000,0.35954804,0.42926785
1137.20000000,4.77287000,1.14531000,0.35961247,0.42934376
1137.40000000,4.77237000,1.14880000,0.35967620,0.42941996
1137.60000000,4.77575000,1.13302000,0.35973958,0.42949512
1137.80000000,4.77575000,1.13302000,0.35980253,0.42957018
1138.00000000,4.77012000,1.16185000,0.35986627,0.42964720
1138.20000000,4.77300000,1.14425000,0.35993033,0.42972316
1138.40000000,4.77962000,1.11961000,0.35999322,0.42979749
1138.60000000,4.77962000,1.11961000,0.36005542,0.42987170
1138.80000000,4.77287000,1.14550000,0.36011834,0.42994773
1139.00000000,4.77850000,1.12572000,0.36018143,0.43002244
1139.20000000,4.77875000,1.12636000,0.36024398,0.43009713
1139.40000000,4.77425000,1.14022000,0.36030694,0.43017274
1139.60000000,4.77425000,1.14022000,0.36037029,0.43024836
1139.80000000,4.77500000,1.13561000,0.36043351,0.43032369
1140.00000000,4.77625000,1.13376000,0.36049654,0.43039885
1140.20000000,4.77287000,1.14310000,0.36055979,0.43047462
1140.40000000,4.77675000,1.13145000,0.36062297,0.43054969
1140.60000000,4.77675000,1.13145000,0.36068583,0.43062472
1140.80000000,4.77462000,1.14108000,0.36074896,0.43070041
1141.00000000,4.77625000,1.13216000,0.36081210,0.43077548
1141.20000000,4.77375000,1.14092000,0.36087524,0.43085112
1141.40000000,4.77375000,1.14092000,0.36093863,0.43092679
1141.60000000,4.77487000,1.13808000,0.36100193,0.43100230
1141.80000000,4.77700000,1.12995000,0.36106493,0.43107723
1142.00000000,4.77487000,1.13932000,0.36112797,0.43115266
1142.20000000,4.76687000,1.16729000,0.36119204,0.43122994
1142.40000000,4.76687000,1.16729000,0.36125689,0.43130726
1142.60000000,4.76862000,1.16521000,0.36132168,0.43138447
1142.80000000,4.77125000,1.15676000,0.36138618,0.43146115
1143.00000000,4.77300000,1.14598000,0.36145015,0.43153712
1143.20000000,4.77300000,1.14598000,0.36151381,0.43161310
1143.40000000,4.77325000,1.14947000,0.36157758,0.43168919
1143.60000000,4.76612000,1.17484000,0.36164214,0.43176705
1143.80000000,4.77175000,1.15068000,0.36170674,0.43184331
1144.00000000,4.77437000,1.14099000,0.36177039,0.43191897
1144.20000000,4.77437000,1.14099000,0.36183378,0.43199464
1144.40000000,4.77500000,1.13667000,0.36189705,0.43206997
1144.60000000,4.77200000,1.15088000,0.36196059,0.43214629
1144.80000000,4.77437000,1.14368000,0.36202433,0.43222213
1145.00000000,4.77437000,1.14368000,0.36208787,0.43229795
1145.20000000,4.77337000,1.14582000,0.36215147,0.43237388
1145.40000000,4.77125000,1.15526000,0.36221539,0.43245041
1145.60000000,4.76975000,1.16009000,0.36227970,0.43252726
1145.80000000,4.76725000,1.16793000,0.36234437,0.43260460
1146.00000000,4.76725000,1.16793000,0.36240925,0.43268198
1146.20000000,4.77087000,1.15584000,0.36247380,0.43275864
1146.40000000,4.77512000,1.13942000,0.36253756,0.43283421
1146.60000000,4.77812000,1.12883000,0.36260057,0.43290912
1146.80000000,4.77812000,1.12883000,0.36266328,0.43298400
1147.00000000,4.77587000,1.13702000,0.36272622,0.43305943
1147.20000000,4.77637000,1.13299000,0.36278928,0.43313457
1147.40000000,4.77525000,1.14323000,0.36285250,0.43321039
1147.60000000,4.77525000,1.14323000,0.36291602,0.43328627
1147.80000000,4.77887000,1.12256000,0.36297896,0.43336071
1148.00000000,4.77437000,1.14201000,0.36304186,0.43343650
1148.20000000,4.77850000,1.12131000,0.36310473,0.43351092
1148.40000000,4.77575000,1.13750000,0.36316748,0.43358637
1148.60000000,4.77575000,1.13750000,0.36323067,0.43366185
1148.80000000,4.77750000,1.13001000,0.36329366,0.43373679
1149.00000000,4.77500000,1.13609000,0.36335660,0.43381217
1149.20000000,4.77700000,1.13280000,0.36341963,0.43388733
1149.40000000,4.77700000,1.13280000,0.36348256,0.43396251
1149.60000000,4.77887000,1.12595000,0.36354530,0.43403729
1149.80000000,4.78175000,1.11548000,0.36360757,0.43411128
1150.00000000,4.77562000,1.13779000,0.36367016,0.43418676
1150.20000000,4.77625000,1.13222000,0.36373321,0.43426186
1150.40000000,4.77625000,1.13222000,0.36379611,0.43433694
1150.60000000,4.77450000,1.14300000,0.36385931,0.43441283
1150.80000000,4.78000000,1.12070000,0.36392220,0.43448720
1151.00000000,4.77825000,1.12713000,0.36398463,0.43456200
1151.20000000,4.77825000,1.12713000,0.36404725,0.43463678
1151.40000000,4.77650000,1.13734000,0.36411016,0.43471225
1151.60000000,4.77762000,1.12416000,0.36417297,0.43478684
1151.80000000,4.77762000,1.12828000,0.36423554,0.43486166
1152.00000000,4.77425000,1.14195000,0.36429860,0.43493738
1152.20000000,4.77425000,1.14195000,0.36436205,0.43501319
1152.40000000,4.78012000,1.11820000,0.36442483,0.43508742
1152.60000000,4.77962000,1.12118000,0.36448703,0.43516185
1152.80000000,4.77925000,1.12224000,0.36454935,0.43523634
1153.00000000,4.77925000,1.12224000,0.36461170,0.43531085
1153.20000000,4.78050000,1.12006000,0.36467398,0.43538519
1153.40000000,4.77862000,1.12732000,0.36473641,0.43546005
1153.60000000,4.78100000,1.11708000,0.36479875,0.43553421
1153.80000000,4.78012000,1.12166000,0.36486094,0.43560868
1154.00000000,4.78012000,1.12166000,0.36492326,0.43568305
1154.20000000,4.77400000,1.14217000,0.36498614,0.43575868
1154.40000000,4.76762000,1.16857000,0.36505033,0.43583616
1154.60000000,4.77362000,1.14624000,0.36511463,0.43591215
1154.80000000,4.77362000,1.14624000,0.36517831,0.43598812
1155.00000000,4.77200000,1.14867000,0.36524206,0.43606429
1155.20000000,4.77412000,1.14643000,0.36530581,0.43614028
1155.40000000,4.77237000,1.14828000,0.36536955,0.43621638
1155.60000000,4.77212000,1.14851000,0.36543335,0.43629251
1155.80000000,4.77212000,1.14851000,0.36549716,0.43636856
1156.00000000,4.76800000,1.17174000,0.36556161,0.43644621
1156.20000000,4.77125000,1.15321000,0.36562619,0.43652262
1156.40000000,4.77050000,1.15849000,0.36569040,0.43659938
1156.60000000,4.76712000,1.16902000,0.36575506,0.43667678
1156.80000000,4.76712000,1.16902000,0.36582000,0.43675426
1157.00000000,4.77200000,1.14918000,0.36588440,0.43683046
1157.20000000,4.77400000,1.14371000,0.36594809,0.43690630
1157.40000000,4.77487000,1.14115000,0.36601156,0.43698198
1157.60000000,4.77487000,1.14115000,0.36607495,0.43705774
1157.80000000,4.77987000,1.11827000,0.36613771,0.43713188
1158.00000000,4.77362000,1.14441000,0.36620057,0.43720783
1158.20000000,4.77837000,1.12588000,0.36626363,0.43728255
1158.40000000,4.77837000,1.12588000,0.36632618,0.43735730
1158.60000000,4.78037000,1.11996000,0.36638856,0.43743157
1158.80000000,4.77475000,1.14214000,0.36645140,0.43750738
1159.00000000,4.77850000,1.12345000,0.36651433,0.43758197
1159.20000000,4.78037000,1.11894000,0.36657662,0.43765626
1159.40000000,4.78037000,1.11894000,0.36663879,0.43773054
1159.60000000,4.77975000,1.12185000,0.36670103,0.43780500
1159.80000000,4.77887000,1.12467000,0.36676343,0.43787958
1160.00000000,4.77437000,1.14188000,0.36682639,0.43795530
1160.20000000,4.77437000,1.14188000,0.36688983,0.43803104
1160.40000000,4.77612000,1.13500000,0.36695308,0.43810630
1160.60000000,4.77412000,1.14198000,0.36701633,0.43818211
1160.80000000,4.77987000,1.12009000,0.36707916,0.43825647
1161.00000000,4.78012000,1.11510000,0.36714125,0.43833051
1161.20000000,4.78012000,1.11510000,0.36720320,0.43840452
1161.40000000,4.77875000,1.12272000,0.36726536,0.43847901
1161.60000000,4.77737000,1.13052000,0.36732795,0.43855400
1161.80000000,4.77612000,1.13369000,0.36739085,0.43862921
1162.00000000,4.77612000,1.13369000,0.36745383,0.43870446
1162.20000000,4.77950000,1.11993000,0.36751643,0.43877879
1162.40000000,4.77862000,1.12320000,0.36757874,0.43885336
1162.60000000,4.78012000,1.11948000,0.36764104,0.43892769
1162.80000000,4.78000000,1.11843000,0.36770320,0.43900194
1163.00000000,4.78000000,1.11843000,0.36776533,0.43907618
1163.20000000,4.77925000,1.12003000,0.36782751,0.43915049
1163.40000000,4.77712000,1.13180000,0.36789007,0.43922555
1163.60000000,4.77462000,1.14185000,0.36795322,0.43930127
1163.80000000,4.77462000,1.14185000,0.36801666,0.43937705
1164.00000000,4.77850000,1.12377000,0.36807959,0.43945154
1164.20000000,4.77262000,1.15046000,0.36814277,0.43952783
1164.40000000,4.77450000,1.13817000,0.36820634,0.43960330
1164.60000000,4.77450000,1.13817000,0.36826957,0.43967879
1164.80000000,4.77537000,1.14051000,0.36833287,0.43975444
1165.00000000,4.77575000,1.13612000,0.36839611,0.43982985
1165.20000000,4.77900000,1.12265000,0.36845885,0.43990433
1165.40000000,4.77637000,1.13670000,0.36852161,0.43997973
1165.60000000,4.77637000,1.13670000,0.36858476,0.44005512
1165.80000000,4.77487000,1.14038000,0.36864801,0.44013072
1166.00000000,4.77337000,1.14489000,0.36871149,0.44020668
1166.20000000,4.77700000,1.13292000,0.36877476,0.44028180
1166.40000000,4.77400000,1.14342000,0.36883800,0.44035762
1166.60000000,4.77400000,1.14342000,0.36890152,0.44043352
1166.80000000,4.77937000,1.12403000,0.36896450,0.44050811
1167.00000000,4.77825000,1.12553000,0.36902699,0.44058273
1167.20000000,4.77312000,1.14432000,0.36909004,0.44065859
1167.40000000,4.77312000,1.14432000,0.36915362,0.44073449
1167.60000000,4.77562000,1.13737000,0.36921700,0.44080993
1167.80000000,4.77575000,1.13731000,0.36928018,0.44088543
1168.00000000,4.77987000,1.11881000,0.36934285,0.44095971
1168.20000000,4.77987000,1.11833000,0.36940499,0.44103395
1168.40000000,4.77987000,1.11833000,0.36946712,0.44110817
1168.60000000,4.77850000,1.12422000,0.36952942,0.44118281
1168.80000000,4.78000000,1.12064000,0.36959177,0.44125718
1169.00000000,4.77837000,1.12483000,0.36965415,0.44133183
1169.20000000,4.77837000,1.12483000,0.36971664,0.44140638
1169.40000000,4.77200000,1.14684000,0.36977974,0.44148240
1169.60000000,4.77287000,1.14816000,0.36984349,0.44155853
1169.80000000,4.77375000,1.14163000,0.36990710,0.44163418
1170.00000000,4.77137000,1.15187000,0.36997080,0.44171052
1170.20000000,4.77137000,1.15187000,0.37003480,0.44178684
1170.40000000,4.77075000,1.15536000,0.37009889,0.44186338
1170.60000000,4.77000000,1.15849000,0.37016316,0.44194013
1170.80000000,4.77000000,1.16003000,0.37022756,0.44201699
1171.00000000,4.77687000,1.12976000,0.37029117,0.44209194
1171.20000000,4.77687000,1.12976000,0.37035393,0.44216685
1171.40000000,4.77400000,1.14176000,0.37041703,0.44224264
1171.60000000,4.77962000,1.12256000,0.37047993,0.44231716
1171.80000000,4.77950000,1.12233000,0.37054229,0.44239166
1172.00000000,4.77950000,1.12233000,0.37060464,0.44246607
1172.20000000,4.77312000,1.14800000,0.37066770,0.44254220
1172.40000000,4.77500000,1.13798000,0.37073120,0.44261766
1172.60000000,4.77412000,1.14057000,0.37079450,0.44269333
1172.80000000,4.77687000,1.13552000,0.37085772,0.44276867
1173.00000000,4.77687000,1.13552000,0.37092081,0.44284392
1173.20000000,4.77187000,1.15222000,0.37098435,0.44292030
1173.40000000,4.77262000,1.14816000,0.37104825,0.44299645
1173.60000000,4.77537000,1.13590000,0.37111170,0.44307179
1173.80000000,4.77537000,1.13590000,0.37117481,0.44314715
1174.00000000,4.77675000,1.13440000,0.37123787,0.44322236
1174.20000000,4.77375000,1.14764000,0.37130126,0.44329844
1174.40000000,4.77312000,1.14822000,0.37136503,0.44337456
1174.60000000,4.77300000,1.14790000,0.37142881,0.44345066
1174.80000000,4.77300000,1.14790000,0.37149259,0.44352667
1175.00000000,4.76750000,1.17043000,0.37155698,0.44360423
1175.20000000,4.77162000,1.15254000,0.37162151,0.44368053
1175.40000000,4.76650000,1.17584000,0.37168619,0.44375838
1175.60000000,4.76650000,1.17584000,0.37175151,0.44383627
1175.80000000,4.76987000,1.15840000,0.37181635,0.44391300
1176.00000000,4.76912000,1.15923000,0.37188073,0.44398994
1176.20000000,4.77862000,1.12694000,0.37194424,0.44406473
1176.40000000,4.77262000,1.14822000,0.37200744,0.44414085
1176.60000000,4.77262000,1.14822000,0.37207123,0.44421703
1176.80000000,4.77712000,1.13321000,0.37213460,0.44429217
1177.00000000,4.77387000,1.14403000,0.37219785,0.44436808
1177.20000000,4.77787000,1.12643000,0.37226092,0.44444283
1177.40000000,4.77787000,1.12643000,0.37232350,0.44451749
1177.60000000,4.77187000,1.15180000,0.37238679,0.44459391
1177.80000000,4.77725000,1.12976000,0.37245016,0.44466882
1178.00000000,4.77437000,1.14089000,0.37251324,0.44474448
1178.20000000,4.77700000,1.13084000,0.37257634,0.44481951
1178.40000000,4.77700000,1.13084000,0.37263917,0.44489445
1178.60000000,4.77162000,1.14950000,0.37270251,0.44497073
1178.80000000,4.77800000,1.12755000,0.37276576,0.44504549
1179.00000000,4.77375000,1.14297000,0.37282883,0.44512127
1179.20000000,4.77375000,1.14297000,0.37289233,0.44519711
1179.40000000,4.77737000,1.12828000,0.37295542,0.44527200
1179.60000000,4.77900000,1.12416000,0.37301799,0.44534653
1179.80000000,4.77362000,1.14390000,0.37308099,0.44542237
1180.00000000,4.77362000,1.14390000,0.37314454,0.44549832
1180.20000000,4.78000000,1.11929000,0.37320740,0.44557247
1180.40000000,4.77037000,1.15849000,0.37327068,0.44564925
1180.60000000,4.77150000,1.15337000,0.37333489,0.44572574
1180.80000000,4.77525000,1.13632000,0.37339850,0.44580111
1181.00000000,4.77525000,1.13632000,0.37346163,0.44587648
1181.20000000,4.77550000,1.13804000,0.37352480,0.44595199
1181.40000000,4.77787000,1.12697000,0.37358772,0.44602673
1181.60000000,4.77462000,1.14176000,0.37365074,0.44610244
1181.80000000,4.77462000,1.14176000,0.37371417,0.44617820
1182.00000000,4.77737000,1.12947000,0.37377726,0.44625307
1182.20000000,4.77275000,1.14598000,0.37384047,0.44632914
1182.40000000,4.77937000,1.12419000,0.37390353,0.44640375
1182.60000000,4.77800000,1.12982000,0.37396614,0.44647872
1182.80000000,4.77800000,1.12982000,0.37402891,0.44655361
1183.00000000,4.77212000,1.15001000,0.37409223,0.44662983
1183.20000000,4.77212000,1.15382000,0.37415623,0.44670621
1183.40000000,4.76637000,1.17241000,0.37422085,0.44678382
1183.60000000,4.76637000,1.17241000,0.37428598,0.44686148
1183.80000000,4.76937000,1.16291000,0.37435085,0.44693852
1184.00000000,4.76925000,1.16252000,0.37441545,0.44701559
1184.20000000,4.77337000,1.14601000,0.37447957,0.44709160
1184.40000000,4.77587000,1.13782000,0.37454301,0.44716708
1184.60000000,4.77587000,1.13782000,0.37460622,0.44724260
1184.80000000,4.77875000,1.12316000,0.37466903,0.44731715
1185.00000000,4.77962000,1.12185000,0.37473139,0.44739162
1185.20000000,4.77900000,1.12473000,0.37479380,0.44746627
1185.40000000,4.77900000,1.12473000,0.37485628,0.44754088
1185.60000000,4.77625000,1.13398000,0.37491902,0.44761611
1185.80000000,4.77662000,1.13449000,0.37498204,0.44769133
1186.00000000,4.77350000,1.14185000,0.37504527,0.44776701
1186.20000000,4.77237000,1.14694000,0.37510885,0.44784304
1186.40000000,4.77237000,1.14694000,0.37517256,0.44791917
1186.60000000,4.77912000,1.12086000,0.37523556,0.44799356
1186.80000000,4.77875000,1.12534000,0.37529795,0.44806817
1187.00000000,4.77387000,1.14432000,0.37536100,0.44814405
1187.20000000,4.77825000,1.12604000,0.37542406,0.44821878
1187.40000000,4.77825000,1.12604000,0.37548662,0.44829351
1187.60000000,4.77850000,1.12608000,0.37554918,0.44836825
1187.80000000,4.77900000,1.12016000,0.37561158,0.44844260
1188.00000000,4.77875000,1.12128000,0.37567384,0.44851702
1188.20000000,4.77875000,1.12128000,0.37573613,0.44859135
1188.40000000,4.77300000,1.14544000,0.37579910,0.44866737
1188.60000000,4.77812000,1.12662000,0.37586221,0.44874214
1188.80000000,4.77862000,1.12499000,0.37592475,0.44881683
1189.00000000,4.78037000,1.12176000,0.37598716,0.44889131
1189.20000000,4.78037000,1.12176000,0.37604948,0.44896577
1189.40000000,4.77937000,1.11955000,0.37611174,0.44903998
1189.60000000,4.77225000,1.15036000,0.37617480,0.44911629
1189.80000000,4.77625000,1.14035000,0.37623843,0.44919194
1190.00000000,4.77625000,1.14035000,0.37630178,0.44926763
1190.20000000,4.77925000,1.12182000,0.37636462,0.44934200
1190.40000000,4.77337000,1.14640000,0.37642762,0.44941792
1190.60000000,4.76812000,1.16729000,0.37649189,0.44949521
1190.80000000,4.76737000,1.16960000,0.37655681,0.44957266
1191.00000000,4.76737000,1.16960000,0.37662178,0.44965013
1191.20000000,4.76912000,1.16214000,0.37668655,0.44972709
1191.40000000,4.76837000,1.16284000,0.37675114,0.44980410
1191.60000000,4.76800000,1.16304000,0.37681575,0.44988112
1191.80000000,4.76800000,1.16729000,0.37688048,0.44995842
1192.00000000,4.76800000,1.16729000,0.37694533,0.45003582
1192.20000000,4.77387000,1.14406000,0.37700953,0.45011166
1192.40000000,4.77312000,1.14633000,0.37707315,0.45018770
1192.60000000,4.77625000,1.13190000,0.37713644,0.45026279
1192.80000000,4.77625000,1.13190000,0.37719932,0.45033784
1193.00000000,4.77412000,1.14204000,0.37726248,0.45041361
1193.20000000,4.77687000,1.13219000,0.37732566,0.45048869
1193.40000000,4.77462000,1.14041000,0.37738879,0.45056431
1193.60000000,4.77412000,1.14636000,0.37745231,0.45064032
1193.80000000,4.77412000,1.14636000,0.37751599,0.45071623
1194.00000000,4.76750000,1.16908000,0.37758031,0.45079371
1194.20000000,4.77212000,1.15129000,0.37764477,0.45087003
1194.40000000,4.77275000,1.14588000,0.37770858,0.45094599
1194.60000000,4.77275000,1.14588000,0.37777224,0.45102194
1194.80000000,4.77237000,1.14812000,0.37783596,0.45109806
1195.00000000,4.77375000,1.14499000,0.37789966,0.45117396
1195.20000000,4.77262000,1.14816000,0.37796335,0.45125007
1195.40000000,4.77262000,1.14816000,0.37802714,0.45132618
1195.60000000,4.77312000,1.14515000,0.37809084,0.45140202
1195.80000000,4.76800000,1.16380000,0.37815498,0.45147916
1196.00000000,4.77250000,1.14793000,0.37821920,0.45155525
1196.20000000,4.76937000,1.16051000,0.37828332,0.45163212
1196.40000000,4.76937000,1.16051000,0.37834779,0.45170901
1196.60000000,4.76987000,1.15686000,0.37841216,0.45178566
1196.80000000,4.77062000,1.15510000,0.37847639,0.45186213
1197.00000000,4.76662000,1.17184000,0.37854102,0.45193971
1197.20000000,4.76662000,1.17184000,0.37860612,0.45201733
1197.40000000,4.76925000,1.15683000,0.37867081,0.45209396
1197.60000000,4.76925000,1.16361000,0.37873527,0.45217104
1197.80000000,4.76937000,1.15721000,0.37879973,0.45224769
1198.00000000,4.77200000,1.15107000,0.37886385,0.45232398
1198.20000000,4.77200000,1.15107000,0.37892780,0.45240036
1198.40000000,4.77725000,1.13110000,0.37899119,0.45247535
1198.60000000,4.77387000,1.13964000,0.37905427,0.45255097
1198.80000000,4.77737000,1.13161000,0.37911736,0.45262606
1199.00000000,4.77737000,1.13161000,0.37918023,0.45270112
1199.20000000,4.77575000,1.13609000,0.37924322,0.45277647
1199.40000000,4.77537000,1.13584000,0.37930633,0.45285182
1199.60000000,4.77650000,1.13398000,0.37936938,0.45292705
1199.80000000,4.77662000,1.13219000,0.37943233,0.45300216
1200.00000000,4.77662000,1.13219000,0.37949523,0.45307727
1200.20000000,4.77662000,1.13510000,0.37955821,0.45315254
1200.40000000,4.77450000,1.13958000,0.37962139,0.45322816
1200.60000000,4.77762000,1.12579000,0.37968432,0.45330286
1200.80000000,4.77762000,1.12579000,0.37974686,0.45337757
1201.00000000,4.77787000,1.12614000,0.37980942,0.45345227
1201.20000000,4.77575000,1.13209000,0.37987215,0.45352741
1201.40000000,4.77925000,1.12246000,0.37993477,0.45360192
1201.60000000,4.77925000,1.12246000,0.37999713,0.45367644
1201.80000000,4.78000000,1.11856000,0.38005938,0.45375068
1202.00000000,4.77912000,1.12592000,0.38012173,0.45382544
1202.20000000,4.78025000,1.11696000,0.38018403,0.45389957
1202.40000000,4.77875000,1.12176000,0.38024622,0.45397402
1202.60000000,4.77875000,1.12176000,0.38030854,0.45404850
1202.80000000,4.78050000,1.11664000,0.38037072,0.45412252
1203.00000000,4.77262000,1.14380000,0.38043351,0.45419829
1203.20000000,4.76937000,1.15673000,0.38049741,0.45427499
1203.40000000,4.77400000,1.14166000,0.38056125,0.45435068
1203.60000000,4.77400000,1.14166000,0.38062468,0.45442640
1203.80000000,4.77512000,1.13635000,0.38068796,0.45450174
1204.00000000,4.77337000,1.14352000,0.38075129,0.45457761
1204.20000000,4.77700000,1.13216000,0.38081450,0.45465272
1204.40000000,4.77700000,1.13216000,0.38087740,0.45472776
1204.60000000,4.77212000,1.14876000,0.38094076,0.45480388
1204.80000000,4.77062000,1.15318000,0.38100470,0.45488038
1205.00000000,4.77662000,1.13132000,0.38106816,0.45495539
1205.20000000,4.77400000,1.14089000,0.38113128,0.45503104
1205.40000000,4.77400000,1.14089000,0.38119466,0.45510668
1205.60000000,4.77362000,1.14259000,0.38125809,0.45518245
1205.80000000,4.77425000,1.13840000,0.38132145,0.45525793
1206.00000000,4.77400000,1.13798000,0.38138468,0.45533338
1206.20000000,4.77400000,1.13798000,0.38144790,0.45540886
1206.40000000,4.77512000,1.13881000,0.38151115,0.45548436
1206.60000000,4.77387000,1.14076000,0.38157447,0.45556007
1206.80000000,4.77837000,1.12374000,0.38163737,0.45563467
1207.00000000,4.77975000,1.11798000,0.38169964,0.45570889
1207.20000000,4.77975000,1.11798000,0.38176175,0.45578303
1207.40000000,4.77475000,1.13920000,0.38182445,0.45585858
1207.60000000,4.77500000,1.14064000,0.38188778,0.45593427
1207.80000000,4.77762000,1.12816000,0.38195080,0.45600913
1208.00000000,4.77837000,1.12044000,0.38201326,0.45608349
1208.20000000,4.77837000,1.12044000,0.38207551,0.45615775
1208.40000000,4.77237000,1.14867000,0.38213854,0.45623383
1208.60000000,4.76875000,1.16336000,0.38220276,0.45631088
1208.80000000,4.76850000,1.16540000,0.38226745,0.45638806
1209.00000000,4.76850000,1.16540000,0.38233220,0.45646529
1209.20000000,4.77112000,1.15468000,0.38239664,0.45654172
1209.40000000,4.76550000,1.17270000,0.38246129,0.45661941
1209.60000000,4.77012000,1.15888000,0.38252606,0.45669614
1209.80000000,4.76750000,1.16672000,0.38259066,0.45677340
1210.00000000,4.76750000,1.16672000,0.38265548,0.45685072
1210.20000000,4.77187000,1.14953000,0.38271982,0.45692683
1210.40000000,4.76700000,1.16796000,0.38278419,0.45700422
1210.60000000,4.77062000,1.15228000,0.38284864,0.45708057
1210.80000000,4.77062000,1.15228000,0.38291266,0.45715686
1211.00000000,4.76687000,1.17027000,0.38297717,0.45723439
1211.20000000,4.77037000,1.15900000,0.38304187,0.45731125
1211.40000000,4.77425000,1.14208000,0.38310579,0.45738699
1211.60000000,4.77500000,1.14057000,0.38316920,0.45746263
1211.80000000,4.77500000,1.14057000,0.38323257,0.45753831
1212.00000000,4.77725000,1.12947000,0.38329562,0.45761322
1212.20000000,4.77537000,1.13734000,0.38335859,0.45768869
1212.40000000,4.77775000,1.12700000,0.38342149,0.45776348
1212.60000000,4.77775000,1.12700000,0.38348410,0.45783829
1212.80000000,4.77962000,1.11808000,0.38354646,0.45791253
1213.00000000,4.78087000,1.11907000,0.38360860,0.45798675
1213.20000000,4.77537000,1.13852000,0.38367132,0.45806226
1213.40000000,4.77800000,1.12310000,0.38373414,0.45813679
1213.60000000,4.77800000,1.12310000,0.38379653,0.45821131
1213.80000000,4.77675000,1.13286000,0.38385920,0.45828640
1214.00000000,4.77300000,1.14582000,0.38392250,0.45836236
1214.20000000,4.77825000,1.12684000,0.38398562,0.45843715
1214.40000000,4.77825000,1.12684000,0.38404823,0.45851194
1214.60000000,4.77887000,1.12323000,0.38411073,0.45858648
1214.80000000,4.77850000,1.12329000,0.38417313,0.45866100
1215.00000000,4.77600000,1.13628000,0.38423590,0.45873637
1215.20000000,4.77600000,1.13628000,0.38429902,0.45881181
1215.40000000,4.78012000,1.11788000,0.38436164,0.45888602
1215.60000000,4.77987000,1.12153000,0.38442385,0.45896048
1215.80000000,4.78012000,1.12144000,0.38448615,0.45903493
1216.00000000,4.77887000,1.12342000,0.38454851,0.45910950
1216.20000000,4.77887000,1.12342000,0.38461092,0.45918408
1216.40000000,4.78012000,1.12105000,0.38467327,0.45925848
1216.60000000,4.77825000,1.12460000,0.38473565,0.45933315
1216.80000000,4.78050000,1.11801000,0.38479794,0.45940738
1217.00000000,4.78050000,1.11801000,0.38486005,0.45948159
1217.20000000,4.77950000,1.12393000,0.38492233,0.45955620
1217.40000000,4.77937000,1.11894000,0.38498463,0.45963039
1217.60000000,4.77350000,1.14633000,0.38504755,0.45970639
1217.80000000,4.77712000,1.13132000,0.38511082,0.45978145
1218.00000000,4.77712000,1.13132000,0.38517367,0.45985648
1218.20000000,4.77550000,1.13737000,0.38523669,0.45993199
1218.40000000,4.77962000,1.12243000,0.38529946,0.46000648
1218.60000000,4.77825000,1.12620000,0.38536193,0.46008122
1218.80000000,4.77825000,1.12620000,0.38542449,0.46015592
1219.00000000,4.77612000,1.13712000,0.38548736,0.46023139
1219.20000000,4.77862000,1.12768000,0.38555027,0.46030615
1219.40000000,4.77337000,1.14835000,0.38561350,0.46038238
1219.60000000,4.77925000,1.12259000,0.38567658,0.46045690
1219.80000000,4.77925000,1.12259000,0.38573895,0.46053140
1220.00000000,4.77837000,1.12534000,0.38580139,0.46060607
1220.20000000,4.77737000,1.13081000,0.38586406,0.46068106
1220.40000000,4.77462000,1.14617000,0.38592731,0.46075706
1220.60000000,4.77462000,1.14617000,0.38599098,0.46083312
1220.80000000,4.77762000,1.13100000,0.38605424,0.46090811
1221.00000000,4.77387000,1.14220000,0.38611738,0.46098390
1221.20000000,4.77787000,1.12409000,0.38618034,0.46105842
1221.40000000,4.77325000,1.14185000,0.38624328,0.46113412
1221.60000000,4.77325000,1.14185000,0.38630671,0.46120990
1221.80000000,4.77825000,1.12441000,0.38636967,0.46128452
1222.00000000,4.77825000,1.12515000,0.38643215,0.46135923
1222.20000000,4.78037000,1.11494000,0.38649438,0.46143325
1222.40000000,4.78037000,1.11494000,0.38655632,0.46150724
1222.60000000,4.77825000,1.12345000,0.38661850,0.46158183
1222.80000000,4.78025000,1.11443000,0.38668066,0.46165574
1223.00000000,4.77462000,1.14086000,0.38674331,0.46173134
1223.20000000,4.77162000,1.15411000,0.38680706,0.46180783
1223.40000000,4.77162000,1.15411000,0.38687117,0.46188424
1223.60000000,4.76687000,1.16883000,0.38693570,0.46196168
1223.80000000,4.77062000,1.15747000,0.38700032,0.46203830
1224.00000000,4.76562000,1.17020000,0.38706498,0.46211586
1224.20000000,4.77225000,1.14902000,0.38712940,0.46219202
1224.40000000,4.77225000,1.14902000,0.38719323,0.46226814
1224.60000000,4.77012000,1.15980000,0.38725737,0.46234494
1224.80000000,4.76750000,1.16838000,0.38732204,0.46242242
1225.00000000,4.77462000,1.14272000,0.38738624,0.46249820
1225.20000000,4.77462000,1.14272000,0.38744972,0.46257396
1225.40000000,4.77375000,1.14332000,0.38751322,0.46264980
1225.60000000,4.77575000,1.13430000,0.38757649,0.46272502
1225.80000000,4.77487000,1.13990000,0.38763966,0.46280066
1226.00000000,4.77787000,1.12326000,0.38770253,0.46287520
1226.20000000,4.77787000,1.12326000,0.38776493,0.46294968
1226.40000000,4.77387000,1.14588000,0.38782796,0.46302574
1226.60000000,4.77925000,1.12284000,0.38789098,0.46310026
1226.80000000,4.77837000,1.12144000,0.38795332,0.46317469
1227.00000000,4.77837000,1.12144000,0.38801563,0.46324914
1227.20000000,4.78000000,1.12198000,0.38807794,0.46332361
1227.40000000,4.77925000,1.12000000,0.38814022,0.46339796
1227.60000000,4.77975000,1.12073000,0.38820246,0.46347234
1227.80000000,4.77825000,1.12665000,0.38826489,0.46354711
1228.00000000,4.77825000,1.12665000,0.38832748,0.46362184
1228.20000000,4.77550000,1.13404000,0.38839028,0.46369706
1228.40000000,4.77587000,1.13484000,0.38845330,0.46377230
1228.60000000,4.77375000,1.14035000,0.38851650,0.46384791
1228.80000000,4.77375000,1.14035000,0.38857986,0.46392349
1229.00000000,4.77225000,1.14848000,0.38864343,0.46399959
1229.20000000,4.77037000,1.15820000,0.38870751,0.46407632
1229.40000000,4.77025000,1.15411000,0.38877174,0.46415278
1229.60000000,4.77300000,1.14358000,0.38883556,0.46422859
1229.80000000,4.77300000,1.14358000,0.38889910,0.46430439
1230.00000000,4.77225000,1.14624000,0.38896270,0.46438041
1230.20000000,4.77475000,1.14147000,0.38902625,0.46445617
1230.40000000,4.77887000,1.12380000,0.38908917,0.46453076
1230.60000000,4.77887000,1.12380000,0.38915161,0.46460527
1230.80000000,4.77350000,1.14246000,0.38921456,0.46468110
1231.00000000,4.77950000,1.12284000,0.38927748,0.46475558
1231.20000000,4.77562000,1.13427000,0.38934018,0.46483081
1231.40000000,4.77587000,1.13190000,0.38940313,0.46490589
1231.60000000,4.77587000,1.13190000,0.38946601,0.46498103
1231.80000000,4.77937000,1.12697000,0.38952876,0.46505575
1232.00000000,4.77350000,1.14147000,0.38959177,0.46513146
1232.20000000,4.77587000,1.13424000,0.38965499,0.46520670
1232.40000000,4.77587000,1.13424000,0.38971800,0.46528192
1232.60000000,4.77475000,1.14028000,0.38978118,0.46535757
1232.80000000,4.77712000,1.13001000,0.38984425,0.46543257
1233.00000000,4.77875000,1.12355000,0.38990684,0.46550714
1233.20000000,4.77875000,1.12355000,0.38996926,0.46558158
1233.40000000,4.77012000,1.15750000,0.39003263,0.46565823
1233.60000000,4.76762000,1.16480000,0.39009713,0.46573541
1233.80000000,4.77112000,1.15356000,0.39016153,0.46581186
1234.00000000,4.77275000,1.14755000,0.39022545,0.46588792
1234.20000000,4.77275000,1.14755000,0.39028921,0.46596398
1234.40000000,4.77200000,1.15350000,0.39035312,0.46604038
1234.60000000,4.76875000,1.16105000,0.39041742,0.46611727
1234.80000000,4.76787000,1.16611000,0.39048206,0.46619449
1235.00000000,4.77625000,1.13648000,0.39054602,0.46626988
1235.20000000,4.77625000,1.13648000,0.39060916,0.46634528
1235.40000000,4.77687000,1.13155000,0.39067216,0.46642038
1235.60000000,4.77850000,1.12540000,0.39073485,0.46649502
1235.80000000,4.77537000,1.13750000,0.39079771,0.46657046
1236.00000000,4.77537000,1.13750000,0.39086091,0.46664594
1236.20000000,4.77725000,1.12752000,0.39092382,0.46672069
1236.40000000,4.77362000,1.14387000,0.39098692,0.46679660
1236.60000000,4.77825000,1.12537000,0.39104995,0.46687129
1236.80000000,4.77825000,1.12537000,0.39111247,0.46694593
1237.00000000,4.77525000,1.13993000,0.39117540,0.46702145
1237.20000000,4.77025000,1.15852000,0.39123924,0.46709816
1237.40000000,4.76725000,1.16688000,0.39130384,0.46717547
1237.60000000,4.77037000,1.15788000,0.39136841,0.46725218
1237.80000000,4.77037000,1.15788000,0.39143274,0.46732884
1238.00000000,4.76637000,1.17136000,0.39149744,0.46740643
1238.20000000,4.76950000,1.15916000,0.39156218,0.46748320
1238.40000000,4.76825000,1.16457000,0.39162673,0.46756032
1238.60000000,4.76825000,1.16457000,0.39169142,0.46763744
1238.80000000,4.76812000,1.16486000,0.39175613,0.46771466
1239.00000000,4.77250000,1.15107000,0.39182046,0.46779097
1239.20000000,4.77362000,1.14444000,0.39188423,0.46786684
1239.40000000,4.77325000,1.14438000,0.39194781,0.46794271
1239.60000000,4.77325000,1.14438000,0.39201138,0.46801850
1239.80000000,4.76837000,1.16435000,0.39207551,0.46809563
1240.00000000,4.76950000,1.15638000,0.39213998,0.46817228
1240.20000000,4.77262000,1.14774000,0.39220398,0.46824836
1240.40000000,4.77262000,1.14774000,0.39226774,0.46832444
1240.60000000,4.77287000,1.14841000,0.39233153,0.46840059
1240.80000000,4.77387000,1.13916000,0.39239507,0.46847610
1241.00000000,4.77237000,1.14796000,0.39245860,0.46855210
1241.20000000,4.76725000,1.16880000,0.39252296,0.46862949
1241.40000000,4.76725000,1.16880000,0.39258789,0.46870704
1241.60000000,4.77725000,1.12624000,0.39265164,0.46878173
1241.80000000,4.77487000,1.14041000,0.39271460,0.46885737
1242.00000000,4.77537000,1.13507000,0.39277781,0.46893263
1242.20000000,4.77400000,1.14166000,0.39284105,0.46900833
1242.40000000,4.77400000,1.14166000,0.39290448,0.46908408
1242.60000000,4.77737000,1.12963000,0.39296757,0.46915901
1242.80000000,4.77575000,1.13523000,0.39303048,0.46923434
1243.00000000,4.77800000,1.12953000,0.39309339,0.46930930
1243.20000000,4.77800000,1.12953000,0.39315614,0.46938421
1243.40000000,4.77512000,1.13337000,0.39321900,0.46945938
1243.60000000,4.77537000,1.13494000,0.39328201,0.46953465
1243.80000000,4.77500000,1.13833000,0.39334516,0.46961021
1244.00000000,4.77925000,1.11756000,0.39340782,0.46968439
1244.20000000,4.77925000,1.11756000,0.39346991,0.46975859
1244.40000000,4.78037000,1.11763000,0.39353200,0.46983279
1244.60000000,4.77962000,1.11619000,0.39359405,0.46990686
1244.80000000,4.77837000,1.12486000,0.39365630,0.46998152
1245.00000000,4.77837000,1.12486000,0.39371879,0.47005606
1245.20000000,4.77150000,1.15331000,0.39378207,0.47013256
1245.40000000,4.77575000,1.13286000,0.39384558,0.47020768
1245.60000000,4.77425000,1.14192000,0.39390877,0.47028347
1245.80000000,4.77887000,1.12316000,0.39397169,0.47035802
1246.00000000,4.77887000,1.12316000,0.39403408,0.47043256
1246.20000000,4.77825000,1.12553000,0.39409655,0.47050720
1246.40000000,4.77475000,1.14028000,0.39415949,0.47058288
1246.60000000,4.77887000,1.12409000,0.39422238,0.47065749
1246.80000000,4.77887000,1.12409000,0.39428483,0.47073213
1247.00000000,4.78050000,1.12150000,0.39434721,0.47080655
1247.20000000,4.77825000,1.12361000,0.39440958,0.47088112
1247.40000000,4.77837000,1.12169000,0.39447195,0.47095557
1247.60000000,4.77275000,1.14438000,0.39453489,0.47103143
1247.80000000,4.77275000,1.14438000,0.39459847,0.47110737
1248.00000000,4.77825000,1.12428000,0.39466149,0.47118194
1248.20000000,4.77562000,1.13344000,0.39472420,0.47125712
1248.40000000,4.77337000,1.14665000,0.39478754,0.47133314
1248.60000000,4.77337000,1.14665000,0.39485124,0.47140918
1248.80000000,4.77437000,1.13897000,0.39491473,0.47148470
