# 5.0 sps, start/stop: 50/0 mA (5 s), channels: 4
# V min: 4.77125, V max: 4.78962
# I min: 1.09027, I max: 1.15776
Time,Voltage,Current,Capacity,Energy
0.00000000,4.77900000,1.12681000,0.00003130,0.00007481
0.20000000,4.78012000,1.12560000,0.00009387,0.00014954
0.40000000,4.78000000,1.12720000,0.00015644,0.00022439
0.60000000,4.78125000,1.11843000,0.00021882,0.00029871
0.80000000,4.78462000,1.10835000,0.00028068,0.00037237
1.00000000,4.78462000,1.10835000,0.00034225,0.00044599
1.20000000,4.78250000,1.11452000,0.00040400,0.00052004
1.40000000,4.78375000,1.10931000,0.00046577,0.00059380
1.60000000,4.78775000,1.09510000,0.00052701,0.00066662
1.80000000,4.78775000,1.09510000,0.00058785,0.00073943
2.00000000,4.78700000,1.09654000,0.00064872,0.00081226
2.20000000,4.78200000,1.11737000,0.00071022,0.00088648
2.40000000,4.78262000,1.11510000,0.00077224,0.00096055
2.60000000,4.78237000,1.11385000,0.00083415,0.00103453
2.80000000,4.78237000,1.11385000,0.00089603,0.00110855
3.00000000,4.78437000,1.10691000,0.00095772,0.00118199
3.20000000,4.77712000,1.12806000,0.00101980,0.00125691
3.40000000,4.78200000,1.10793000,0.00108191,0.00133050
3.60000000,4.78200000,1.10793000,0.00114346,0.00140406
3.80000000,4.78037000,1.11600000,0.00120524,0.00147806
4.00000000,4.77437000,1.13644000,0.00126781,0.00155341
4.20000000,4.77387000,1.13766000,0.00133098,0.00162884
4.40000000,4.77387000,1.13766000,0.00139418,0.00170424
4.60000000,4.77187000,1.14876000,0.00145769,0.00178044
4.80000000,4.77612000,1.13142000,0.00152103,0.00185553
5.00000000,4.77825000,1.12336000,0.00158366,0.00193008
5.20000000,4.77450000,1.13996000,0.00164653,0.00200567
5.40000000,4.77450000,1.13996000,0.00170986,0.00208132
5.60000000,4.77800000,1.12678000,0.00177283,0.00215614
5.80000000,4.78075000,1.11798000,0.00183518,0.00223040
6.00000000,4.78237000,1.10947000,0.00189706,0.00230409
6.20000000,4.78237000,1.10947000,0.00195869,0.00237778
6.40000000,4.78175000,1.11049000,0.00202036,0.00245149
6.60000000,4.77925000,1.12208000,0.00208238,0.00252601
6.80000000,4.78212000,1.10835000,0.00214433,0.00259963
7.00000000,4.78087000,1.11510000,0.00220609,0.00267367
7.20000000,4.78087000,1.11510000,0.00226804,0.00274776
7.40000000,4.78350000,1.10880000,0.00232982,0.00282138
7.60000000,4.78062000,1.11500000,0.00239159,0.00289540
7.80000000,4.77962000,1.12124000,0.00245371,0.00296983
8.00000000,4.77962000,1.12124000,0.00251600,0.00304435
8.20000000,4.78550000,1.09920000,0.00257768,0.00311733
8.40000000,4.78037000,1.11571000,0.00263920,0.00319145
8.60000000,4.78300000,1.10819000,0.00270098,0.00326502
8.80000000,4.77962000,1.11913000,0.00276285,0.00333931
9.00000000,4.77962000,1.11913000,0.00282502,0.00341364
9.20000000,4.78212000,1.11155000,0.00288699,0.00348738
9.40000000,4.77650000,1.13376000,0.00294936,0.00356258
9.60000000,4.77550000,1.13632000,0.00301241,0.00363794
9.80000000,4.77550000,1.13632000,0.00307554,0.00371338
10.00000000,4.77987000,1.12160000,0.00313826,0.00378779
10.20000000,4.77675000,1.13017000,0.00320081,0.00386275
10.40000000,4.77525000,1.13718000,0.00326379,0.00393817
10.60000000,4.77512000,1.14022000,0.00332706,0.00401379
10.80000000,4.77512000,1.14022000,0.00339040,0.00408946
11.00000000,4.77837000,1.12630000,0.00345336,0.00416422
11.20000000,4.77900000,1.12403000,0.00351587,0.00423887
11.40000000,4.78187000,1.11270000,0.00357800,0.00431277
11.60000000,4.78187000,1.11270000,0.00363982,0.00438664
11.80000000,4.78012000,1.11686000,0.00370175,0.00446086
12.00000000,4.78412000,1.10256000,0.00376340,0.00453411
12.20000000,4.78400000,1.10400000,0.00382469,0.00460740
12.40000000,4.77925000,1.12214000,0.00388653,0.00468188
12.60000000,4.77925000,1.12214000,0.00394887,0.00475644
12.80000000,4.78362000,1.10534000,0.00401075,0.00482984
13.00000000,4.78112000,1.11270000,0.00407236,0.00490371
13.20000000,4.78000000,1.11692000,0.00413429,0.00497786
13.40000000,4.78025000,1.11785000,0.00419637,0.00505208
13.60000000,4.78025000,1.11785000,0.00425847,0.00512632
13.80000000,4.78175000,1.10982000,0.00432035,0.00520006
14.00000000,4.78400000,1.10409000,0.00438185,0.00527338
14.20000000,4.78125000,1.11449000,0.00444348,0.00534739
14.40000000,4.78125000,1.11449000,0.00450539,0.00542139
14.60000000,4.78087000,1.11292000,0.00456727,0.00549527
14.80000000,4.77987000,1.11964000,0.00462928,0.00556964
15.00000000,4.78212000,1.11004000,0.00469122,0.00564341
15.20000000,4.78475000,1.09897000,0.00475258,0.00571644
15.40000000,4.78475000,1.09897000,0.00481363,0.00578939
15.60000000,4.77975000,1.12099000,0.00487530,0.00586387
15.80000000,4.78325000,1.10409000,0.00493710,0.00593725
16.00000000,4.78575000,1.09472000,0.00499818,0.00601002
16.20000000,4.78575000,1.09472000,0.00505900,0.00608278
16.40000000,4.78587000,1.09625000,0.00511986,0.00615556
16.60000000,4.77962000,1.11836000,0.00518138,0.00622983
16.80000000,4.78175000,1.11056000,0.00524329,0.00630362
17.00000000,4.78362000,1.10233000,0.00530476,0.00637685
17.20000000,4.78362000,1.10233000,0.00536600,0.00645005
17.40000000,4.78112000,1.11187000,0.00542751,0.00652390
17.60000000,4.78212000,1.11417000,0.00548934,0.00659785
17.80000000,4.77900000,1.12304000,0.00555149,0.00667240
18.00000000,4.77900000,1.12304000,0.00561388,0.00674696
18.20000000,4.78037000,1.11622000,0.00567608,0.00682110
18.40000000,4.78237000,1.11161000,0.00573796,0.00689481
18.60000000,4.77437000,1.13955000,0.00580050,0.00697040
18.80000000,4.77587000,1.13472000,0.00586367,0.00704567
19.00000000,4.77587000,1.13472000,0.00592671,0.00712090
19.20000000,4.77337000,1.14640000,0.00599007,0.00719700
19.40000000,4.78000000,1.11875000,0.00605300,0.00727128
19.60000000,4.78012000,1.11846000,0.00611514,0.00734557
19.80000000,4.78212000,1.11027000,0.00617705,0.00741931
20.00000000,4.78212000,1.11027000,0.00623873,0.00749300
20.20000000,4.77887000,1.12188000,0.00630073,0.00756750
20.40000000,4.78137000,1.11430000,0.00636285,0.00764152
20.60000000,4.78287000,1.10675000,0.00642455,0.00771504
20.80000000,4.78287000,1.10675000,0.00648603,0.00778856
21.00000000,4.78275000,1.10832000,0.00654756,0.00786218
21.20000000,4.78237000,1.11158000,0.00660923,0.00793593
21.40000000,4.77737000,1.12806000,0.00667144,0.00801091
21.60000000,4.78525000,1.09897000,0.00673330,0.00808395
21.80000000,4.78525000,1.09897000,0.00679435,0.00815697
22.00000000,4.78450000,1.09846000,0.00685539,0.00822987
22.20000000,4.77837000,1.12515000,0.00691716,0.00830461
22.40000000,4.78225000,1.11187000,0.00697930,0.00837846
22.60000000,4.78225000,1.11187000,0.00704107,0.00845221
22.80000000,4.77612000,1.13398000,0.00710346,0.00852744
23.00000000,4.77650000,1.13424000,0.00716646,0.00860269
23.20000000,4.77675000,1.13315000,0.00722945,0.00867778
23.40000000,4.77125000,1.15132000,0.00729290,0.00875408
23.60000000,4.77125000,1.15132000,0.00735686,0.00883039
23.80000000,4.77250000,1.14857000,0.00742075,0.00890658
24.00000000,4.77587000,1.13648000,0.00748422,0.00898195
24.20000000,4.77487000,1.13827000,0.00754741,0.00905744
24.40000000,4.77487000,1.13827000,0.00761065,0.00913295
24.60000000,4.77687000,1.13475000,0.00767379,0.00920825
24.80000000,4.77737000,1.12915000,0.00773667,0.00928313
25.00000000,4.77462000,1.13942000,0.00779969,0.00935869
25.20000000,4.77462000,1.13942000,0.00786299,0.00943433
25.40000000,4.78025000,1.11984000,0.00792575,0.00950871
25.60000000,4.78162000,1.11145000,0.00798773,0.00958252
25.80000000,4.78175000,1.11113000,0.00804947,0.00965631
26.00000000,4.78125000,1.11363000,0.00811127,0.00973027
26.20000000,4.78125000,1.11363000,0.00817313,0.00980417
26.40000000,4.77825000,1.12505000,0.00823532,0.00987874
26.60000000,4.77225000,1.14880000,0.00829848,0.00995494
26.80000000,4.77600000,1.13686000,0.00836197,0.01003036
27.00000000,4.77600000,1.13686000,0.00842513,0.01010580
27.20000000,4.77825000,1.12441000,0.00848795,0.01018046
27.40000000,4.78025000,1.11948000,0.00855028,0.01025470
27.60000000,4.77525000,1.13705000,0.00861296,0.01033013
27.80000000,4.77637000,1.13068000,0.00867595,0.01040514
28.00000000,4.77637000,1.13068000,0.00873876,0.01048017
28.20000000,4.77750000,1.12787000,0.00880150,0.01055497
28.40000000,4.77525000,1.13558000,0.00886438,0.01063038
28.60000000,4.78100000,1.11443000,0.00892688,0.01070438
28.80000000,4.78100000,1.11443000,0.00898879,0.01077842
29.00000000,4.78375000,1.10489000,0.00905044,0.01085182
29.20000000,4.78312000,1.10780000,0.00911190,0.01092539
29.40000000,4.78150000,1.11584000,0.00917367,0.01099952
29.60000000,4.78312000,1.10678000,0.00923541,0.01107304
29.80000000,4.78312000,1.10678000,0.00929690,0.01114652
30.00000000,4.78000000,1.11977000,0.00935874,0.01122084
30.20000000,4.77862000,1.12633000,0.00942114,0.01129562
30.40000000,4.78050000,1.11616000,0.00948343,0.01136973
30.60000000,4.78050000,1.11616000,0.00954544,0.01144393
30.80000000,4.78600000,1.09667000,0.00960690,0.01151673
31.00000000,4.77987000,1.12160000,0.00966852,0.01159124
31.20000000,4.78325000,1.10614000,0.00973040,0.01166476
31.40000000,4.78537000,1.09987000,0.00979168,0.01173786
31.60000000,4.78537000,1.09987000,0.00985279,0.01181098
31.80000000,4.78625000,1.09536000,0.00991376,0.01188372
32.00000000,4.78187000,1.11075000,0.00997505,0.01195750
32.20000000,4.78225000,1.11302000,0.01003682,0.01203143
32.40000000,4.78225000,1.11302000,0.01009865,0.01210532
32.60000000,4.78012000,1.11897000,0.01016065,0.01217964
32.80000000,4.78212000,1.11052000,0.01022258,0.01225340
33.00000000,4.78187000,1.11366000,0.01028436,0.01232734
33.20000000,4.78037000,1.11779000,0.01034635,0.01240155
33.40000000,4.78037000,1.11779000,0.01040845,0.01247573
33.60000000,4.77812000,1.12851000,0.01047085,0.01255070
33.80000000,4.78312000,1.10803000,0.01053297,0.01262428
34.00000000,4.78125000,1.11414000,0.01059470,0.01269827
34.20000000,4.78125000,1.11414000,0.01065659,0.01277230
34.40000000,4.78450000,1.10172000,0.01071815,0.01284549
34.60000000,4.78262000,1.11225000,0.01077965,0.01291931
34.80000000,4.77925000,1.12208000,0.01084171,0.01299375
35.00000000,4.77650000,1.13440000,0.01090439,0.01306901
35.20000000,4.77650000,1.13440000,0.01096741,0.01314436
35.40000000,4.78262000,1.10966000,0.01102975,0.01321807
35.60000000,4.78225000,1.11020000,0.01109141,0.01329179
35.80000000,4.78150000,1.11692000,0.01115327,0.01336600
36.00000000,4.78362000,1.10672000,0.01121504,0.01343953
36.20000000,4.78362000,1.10672000,0.01127653,0.01351302
36.40000000,4.78075000,1.11644000,0.01133828,0.01358701
36.60000000,4.77200000,1.15356000,0.01140134,0.01366356
36.80000000,4.77762000,1.12950000,0.01146476,0.01373851
37.00000000,4.77762000,1.12950000,0.01152751,0.01381341
37.20000000,4.77487000,1.14064000,0.01159056,0.01388908
37.40000000,4.77650000,1.13529000,0.01165379,0.01396434
37.60000000,4.77300000,1.14684000,0.01171718,0.01404040
37.80000000,4.77500000,1.14067000,0.01178072,0.01411605
38.00000000,4.77500000,1.14067000,0.01184409,0.01419176
38.20000000,4.77875000,1.12617000,0.01190706,0.01426651
38.40000000,4.77900000,1.12483000,0.01196959,0.01434109
38.60000000,4.77400000,1.14476000,0.01203263,0.01441699
38.80000000,4.77400000,1.14476000,0.01209623,0.01449295
39.00000000,4.77762000,1.13075000,0.01215944,0.01456801
39.20000000,4.77912000,1.12332000,0.01222205,0.01464256
39.40000000,4.77812000,1.13030000,0.01228465,0.01471748
39.60000000,4.77275000,1.14883000,0.01234796,0.01479364
39.80000000,4.77275000,1.14883000,0.01241178,0.01486985
40.00000000,4.77650000,1.13526000,0.01247523,0.01494522
40.20000000,4.78000000,1.12259000,0.01253795,0.01501983
40.40000000,4.78550000,1.10028000,0.01259969,0.01509295
40.60000000,4.78462000,1.10227000,0.01266088,0.01516620
40.80000000,4.78462000,1.10227000,0.01272211,0.01523938
41.00000000,4.78050000,1.11888000,0.01278381,0.01531371
41.20000000,4.78275000,1.10816000,0.01284567,0.01538735
41.40000000,4.78500000,1.10108000,0.01290704,0.01546053
41.60000000,4.78500000,1.10108000,0.01296821,0.01553372
41.80000000,4.78575000,1.09929000,0.01302933,0.01560662
42.00000000,4.77487000,1.14016000,0.01309154,0.01568228
42.20000000,4.77775000,1.13036000,0.01315461,0.01575724
42.40000000,4.77487000,1.13897000,0.01321765,0.01583278
42.60000000,4.77487000,1.13897000,0.01328092,0.01590832
42.80000000,4.77575000,1.13542000,0.01334410,0.01598365
43.00000000,4.77662000,1.13398000,0.01340714,0.01605885
43.20000000,4.77487000,1.13955000,0.01347029,0.01613442
43.40000000,4.77487000,1.13955000,0.01353360,0.01621002
43.60000000,4.77625000,1.13376000,0.01359675,0.01628524
43.80000000,4.77675000,1.13331000,0.01365972,0.01636045
44.00000000,4.77812000,1.12512000,0.01372246,0.01643515
44.20000000,4.78062000,1.11708000,0.01378474,0.01650932
44.40000000,4.78062000,1.11708000,0.01384680,0.01658348
44.60000000,4.78000000,1.12332000,0.01390904,0.01665797
44.80000000,4.77425000,1.14464000,0.01397203,0.01673392
45.00000000,4.77762000,1.13068000,0.01403524,0.01680893
45.20000000,4.77650000,1.13660000,0.01409822,0.01688434
45.40000000,4.77650000,1.13660000,0.01416136,0.01695974
45.60000000,4.77675000,1.13219000,0.01422438,0.01703488
45.80000000,4.77862000,1.12697000,0.01428714,0.01710963
46.00000000,4.77537000,1.13836000,0.01435006,0.01718513
46.20000000,4.77537000,1.13836000,0.01441331,0.01726059
46.40000000,4.77275000,1.14659000,0.01447678,0.01733670
46.60000000,4.77900000,1.12755000,0.01453995,0.01741157
46.80000000,4.78125000,1.11641000,0.01460228,0.01748571
47.00000000,4.78137000,1.11574000,0.01466428,0.01755981
47.20000000,4.78137000,1.11574000,0.01472627,0.01763391
47.40000000,4.78175000,1.11574000,0.01478826,0.01770797
47.60000000,4.77975000,1.12006000,0.01485036,0.01778233
47.80000000,4.77950000,1.12585000,0.01491275,0.01785706
48.00000000,4.77950000,1.12585000,0.01497529,0.01793170
48.20000000,4.77300000,1.15011000,0.01503852,0.01800799
48.40000000,4.77600000,1.13363000,0.01510195,0.01808320
48.60000000,4.77687000,1.13558000,0.01516499,0.01815851
48.80000000,4.77512000,1.13932000,0.01522818,0.01823407
49.00000000,4.77512000,1.13932000,0.01529147,0.01830968
49.20000000,4.77787000,1.12956000,0.01535450,0.01838465
49.40000000,4.77862000,1.12732000,0.01541719,0.01845949
49.60000000,4.78037000,1.11897000,0.01547959,0.01853379
49.80000000,4.78037000,1.11897000,0.01554175,0.01860800
50.00000000,4.77500000,1.14096000,0.01560453,0.01868370
50.20000000,4.77712000,1.13424000,0.01566773,0.01875895
50.40000000,4.77675000,1.13222000,0.01573068,0.01883405
50.60000000,4.77575000,1.14092000,0.01579383,0.01890972
50.80000000,4.77575000,1.14092000,0.01585721,0.01898541
51.00000000,4.77625000,1.13651000,0.01592047,0.01906079
51.20000000,4.77537000,1.13961000,0.01598370,0.01913642
51.40000000,4.77875000,1.12812000,0.01604669,0.01921137
51.60000000,4.78300000,1.10940000,0.01610885,0.01928506
51.80000000,4.78300000,1.10940000,0.01617048,0.01935874
52.00000000,4.78175000,1.11686000,0.01623232,0.01943293
52.20000000,4.78275000,1.11161000,0.01629422,0.01950684
52.40000000,4.78712000,1.09353000,0.01635547,0.01957955
52.60000000,4.78712000,1.09353000,0.01641623,0.01965213
52.80000000,4.77887000,1.12803000,0.01647794,0.01972708
53.00000000,4.78400000,1.10720000,0.01654003,0.01980063
53.20000000,4.78275000,1.11065000,0.01660163,0.01987438
53.40000000,4.78100000,1.11990000,0.01666359,0.01994874
53.60000000,4.78100000,1.11990000,0.01672581,0.02002308
53.80000000,4.77937000,1.12352000,0.01678813,0.02009768
54.00000000,4.78037000,1.12249000,0.01685052,0.02017223
54.20000000,4.78187000,1.11632000,0.01691271,0.02024637
54.40000000,4.78187000,1.11632000,0.01697472,0.02032050
54.60000000,4.78162000,1.11590000,0.01703673,0.02039465
54.80000000,4.78425000,1.10656000,0.01709846,0.02046819
55.00000000,4.78487000,1.10096000,0.01715978,0.02054136
55.20000000,4.78237000,1.11430000,0.01722132,0.02061537
55.40000000,4.78237000,1.11430000,0.01728322,0.02068941
55.60000000,4.78400000,1.10787000,0.01734495,0.02076302
55.80000000,4.78400000,1.10598000,0.01740645,0.02083644
56.00000000,4.77950000,1.12499000,0.01746842,0.02091112
56.20000000,4.77950000,1.12499000,0.01753092,0.02098586
56.40000000,4.78387000,1.10496000,0.01759286,0.02105923
56.60000000,4.78025000,1.12115000,0.01765470,0.02113373
56.80000000,4.78450000,1.10569000,0.01771655,0.02120720
57.00000000,4.77762000,1.13011000,0.01777866,0.02128219
57.20000000,4.77762000,1.13011000,0.01784144,0.02135726
57.40000000,4.78262000,1.11369000,0.01790377,0.02143128
57.60000000,4.78537000,1.10070000,0.01796528,0.02150447
57.80000000,4.78762000,1.09228000,0.01802620,0.02157710
58.00000000,4.78762000,1.09228000,0.01808688,0.02164967
58.20000000,4.78325000,1.11100000,0.01814808,0.02172342
58.40000000,4.77950000,1.12425000,0.01821017,0.02179810
58.60000000,4.78300000,1.11043000,0.01827225,0.02187185
58.80000000,4.78175000,1.11606000,0.01833409,0.02194597
59.00000000,4.78175000,1.11606000,0.01839610,0.02202010
59.20000000,4.78212000,1.11078000,0.01845795,0.02209382
59.40000000,4.77900000,1.12636000,0.01852010,0.02216864
59.60000000,4.78250000,1.11484000,0.01858235,0.02224269
59.80000000,4.77675000,1.13347000,0.01864481,0.02231789
60.00000000,4.77675000,1.13347000,0.01870778,0.02239315
60.20000000,4.78075000,1.12048000,0.01877039,0.02246755
60.40000000,4.78037000,1.12310000,0.01883271,0.02254214
60.60000000,4.78200000,1.11382000,0.01889484,0.02261611
60.80000000,4.78200000,1.11382000,0.01895672,0.02269009
61.00000000,4.78175000,1.11747000,0.01901870,0.02276437
61.20000000,4.78600000,1.10163000,0.01908035,0.02283754
61.40000000,4.78237000,1.11350000,0.01914188,0.02291150
61.60000000,4.77762000,1.13395000,0.01920431,0.02298674
61.80000000,4.77762000,1.13395000,0.01926730,0.02306205
62.00000000,4.78125000,1.11820000,0.01932986,0.02313633
62.20000000,4.78325000,1.11011000,0.01939176,0.02321003
62.40000000,4.77987000,1.12537000,0.01945386,0.02328474
62.60000000,4.78362000,1.10860000,0.01951591,0.02335839
62.80000000,4.78362000,1.10860000,0.01957750,0.02343206
63.00000000,4.78425000,1.10915000,0.01963910,0.02350567
63.20000000,4.77837000,1.12777000,0.01970124,0.02358045
63.40000000,4.77412000,1.14246000,0.01976430,0.02365620
63.60000000,4.77412000,1.14246000,0.01982777,0.02373202
63.80000000,4.77837000,1.13200000,0.01989095,0.02380715
64.00000000,4.77837000,1.13270000,0.01995386,0.02388227
64.20000000,4.77487000,1.14080000,0.02001701,0.02395792
64.40000000,4.77700000,1.13398000,0.02008020,0.02403316
64.60000000,4.77700000,1.13398000,0.02014320,0.02410835
64.80000000,4.77400000,1.14691000,0.02020656,0.02418450
65.00000000,4.78050000,1.11990000,0.02026953,0.02425887
65.20000000,4.78150000,1.12105000,0.02033177,0.02433332
65.40000000,4.78150000,1.12105000,0.02039406,0.02440778
65.60000000,4.78250000,1.11344000,0.02045612,0.02448179
65.80000000,4.78550000,1.10217000,0.02051767,0.02455504
66.00000000,4.78512000,1.10499000,0.02057898,0.02462848
66.20000000,4.78512000,1.10499000,0.02064037,0.02470186
66.40000000,4.78162000,1.11545000,0.02070205,0.02477596
66.60000000,4.78275000,1.11462000,0.02076399,0.02484999
66.80000000,4.78225000,1.11414000,0.02082590,0.02492399
67.00000000,4.78225000,1.11414000,0.02088780,0.02499790
67.20000000,4.77637000,1.13811000,0.02095036,0.02507342
67.40000000,4.77775000,1.13462000,0.02101349,0.02514887
67.60000000,4.78800000,1.09104000,0.02107532,0.02522135
67.80000000,4.78262000,1.11084000,0.02113648,0.02529514
68.00000000,4.78262000,1.11084000,0.02119819,0.02536893
68.20000000,4.78325000,1.11116000,0.02125992,0.02544273
68.40000000,4.78175000,1.11491000,0.02132175,0.02551676
68.60000000,4.78062000,1.12105000,0.02138386,0.02559119
68.80000000,4.78287000,1.11395000,0.02144594,0.02566519
69.00000000,4.78287000,1.11395000,0.02150783,0.02573918
69.20000000,4.78237000,1.11260000,0.02156968,0.02581309
69.40000000,4.78312000,1.10953000,0.02163141,0.02588676
69.60000000,4.78062000,1.12096000,0.02169336,0.02596119
69.80000000,4.78062000,1.12096000,0.02175564,0.02603568
70.00000000,4.78450000,1.10358000,0.02181743,0.02610902
70.20000000,4.78512000,1.10272000,0.02187872,0.02618231
70.40000000,4.78475000,1.10646000,0.02194008,0.02625571
70.60000000,4.77687000,1.13180000,0.02200226,0.02633080
70.80000000,4.77687000,1.13180000,0.02206514,0.02640595
71.00000000,4.78037000,1.12192000,0.02212774,0.02648045
71.20000000,4.78125000,1.11737000,0.02218994,0.02655472
71.40000000,4.78587000,1.09929000,0.02225152,0.02662779
71.60000000,4.78587000,1.09929000,0.02231259,0.02670079
71.80000000,4.78087000,1.12137000,0.02237427,0.02677516
72.00000000,4.77500000,1.14112000,0.02243712,0.02685081
72.20000000,4.77337000,1.14761000,0.02250069,0.02692696
72.40000000,4.77762000,1.13612000,0.02256413,0.02700235
72.60000000,4.77762000,1.13612000,0.02262725,0.02707770
72.80000000,4.77525000,1.13948000,0.02269046,0.02715330
73.00000000,4.77687000,1.13689000,0.02275369,0.02722873
73.20000000,4.77750000,1.13366000,0.02281676,0.02730396
73.40000000,4.77750000,1.13366000,0.02287974,0.02737915
73.60000000,4.77562000,1.13788000,0.02294284,0.02745473
73.80000000,4.78262000,1.11401000,0.02300540,0.02752868
74.00000000,4.77912000,1.12566000,0.02306761,0.02760344
74.20000000,4.78212000,1.11139000,0.02312975,0.02767726
74.40000000,4.78212000,1.11139000,0.02319149,0.02775107
74.60000000,4.78150000,1.11798000,0.02325342,0.02782535
74.80000000,4.78425000,1.10380000,0.02331514,0.02789867
75.00000000,4.78250000,1.11056000,0.02337665,0.02797241
75.20000000,4.78062000,1.12124000,0.02343864,0.02804686
75.40000000,4.78062000,1.12124000,0.02350093,0.02812137
75.60000000,4.78487000,1.10089000,0.02356266,0.02819454
75.80000000,4.78550000,1.09987000,0.02362379,0.02826764
76.00000000,4.78525000,1.10281000,0.02368498,0.02834094
76.20000000,4.78525000,1.10281000,0.02374624,0.02841414
76.40000000,4.77912000,1.12448000,0.02380811,0.02848881
76.60000000,4.78137000,1.11766000,0.02387039,0.02856294
76.80000000,4.77550000,1.13833000,0.02393306,0.02863843
77.00000000,4.77450000,1.13942000,0.02399633,0.02871399
77.20000000,4.77450000,1.13942000,0.02405963,0.02878962
77.40000000,4.77937000,1.12691000,0.02412259,0.02886442
77.60000000,4.77900000,1.12627000,0.02418517,0.02893912
77.80000000,4.77537000,1.14160000,0.02424817,0.02901484
78.00000000,4.77537000,1.14160000,0.02431159,0.02909056
78.20000000,4.77600000,1.14192000,0.02437502,0.02916627
78.40000000,4.77350000,1.14659000,0.02443859,0.02924244
78.60000000,4.78287000,1.11190000,0.02450133,0.02931627
78.80000000,4.78087000,1.11971000,0.02456332,0.02939062
79.00000000,4.78087000,1.11971000,0.02462552,0.02946501
79.20000000,4.78337000,1.10876000,0.02468743,0.02953864
79.40000000,4.78175000,1.11756000,0.02474927,0.02961286
79.60000000,4.78187000,1.11465000,0.02481127,0.02968696
79.80000000,4.78587000,1.10022000,0.02487280,0.02976009
80.00000000,4.78587000,1.10022000,0.02493392,0.02983317
80.20000000,4.78275000,1.11308000,0.02499540,0.02990708
80.40000000,4.78050000,1.11961000,0.02505742,0.02998132
80.60000000,4.77462000,1.14313000,0.02512028,0.03005713
80.80000000,4.77462000,1.14313000,0.02518378,0.03013296
81.00000000,4.77612000,1.13942000,0.02524719,0.03020856
81.20000000,4.77725000,1.13094000,0.02531025,0.03028365
81.40000000,4.78062000,1.12019000,0.02537278,0.03035809
81.60000000,4.78450000,1.10630000,0.02543463,0.03043160
81.80000000,4.78450000,1.10630000,0.02549609,0.03050512
82.00000000,4.78487000,1.10300000,0.02555746,0.03057841
82.20000000,4.78350000,1.11008000,0.02561894,0.03065214
82.40000000,4.78225000,1.11267000,0.02568068,0.03072604
82.60000000,4.78225000,1.11267000,0.02574249,0.03079990
82.80000000,4.77962000,1.12361000,0.02580461,0.03087457
83.00000000,4.78450000,1.10726000,0.02586658,0.03094817
83.20000000,4.78612000,1.09763000,0.02592783,0.03102111
83.40000000,4.78462000,1.10560000,0.02598903,0.03109458
83.60000000,4.78462000,1.10560000,0.02605045,0.03116804
83.80000000,4.78362000,1.10976000,0.02611199,0.03124177
84.00000000,4.78350000,1.10812000,0.02617360,0.03131542
84.20000000,4.78537000,1.10428000,0.02623505,0.03138881
84.40000000,4.78537000,1.10428000,0.02629640,0.03146225
84.60000000,4.78825000,1.09328000,0.02635744,0.03153495
84.80000000,4.78737000,1.09248000,0.02641816,0.03160747
85.00000000,4.77950000,1.12819000,0.02647985,0.03168243
85.20000000,4.78425000,1.10745000,0.02654195,0.03175602
85.40000000,4.78425000,1.10745000,0.02660347,0.03182958
85.60000000,4.78262000,1.11347000,0.02666516,0.03190357
85.80000000,4.78425000,1.10793000,0.02672687,0.03197715
86.00000000,4.78162000,1.11504000,0.02678862,0.03205116
86.20000000,4.77912000,1.12624000,0.02685088,0.03212592
86.40000000,4.77912000,1.12624000,0.02691344,0.03220065
86.60000000,4.77750000,1.13110000,0.02697615,0.03227564
86.80000000,4.77337000,1.14694000,0.02703943,0.03235175
87.00000000,4.77787000,1.13129000,0.02710271,0.03242682
87.20000000,4.77787000,1.13129000,0.02716556,0.03250189
87.40000000,4.77787000,1.12963000,0.02722836,0.03257680
87.60000000,4.77475000,1.14348000,0.02729151,0.03265266
87.80000000,4.77650000,1.13814000,0.02735488,0.03272830
88.00000000,4.78475000,1.10249000,0.02741712,0.03280156
88.20000000,4.78475000,1.10249000,0.02747837,0.03287479
88.40000000,4.78212000,1.11632000,0.02754001,0.03294893
88.60000000,4.78212000,1.11532000,0.02760200,0.03302298
88.80000000,4.78000000,1.12144000,0.02766413,0.03309743
89.00000000,4.78000000,1.12144000,0.02772643,0.03317195
89.20000000,4.78462000,1.10284000,0.02778822,0.03324520
89.40000000,4.78187000,1.11388000,0.02784979,0.03331921
89.60000000,4.78387000,1.10572000,0.02791145,0.03339259
89.80000000,4.77850000,1.13068000,0.02797357,0.03346763
90.00000000,4.77850000,1.13068000,0.02803639,0.03354265
90.20000000,4.77725000,1.13456000,0.02809931,0.03361787
90.40000000,4.77350000,1.14771000,0.02816271,0.03369401
90.60000000,4.77612000,1.13836000,0.02822621,0.03376952
90.80000000,4.77612000,1.13836000,0.02828945,0.03384499
91.00000000,4.77375000,1.14889000,0.02835299,0.03392122
91.20000000,4.77675000,1.13680000,0.02841648,0.03399660
91.40000000,4.77475000,1.14460000,0.02847985,0.03407254
91.60000000,4.77700000,1.13216000,0.02854309,0.03414766
91.80000000,4.77700000,1.13216000,0.02860599,0.03422288
92.00000000,4.78337000,1.11168000,0.02866832,0.03429666
92.20000000,4.77850000,1.12745000,0.02873052,0.03437158
92.40000000,4.78462000,1.10499000,0.02879253,0.03444501
92.60000000,4.78462000,1.10662000,0.02885396,0.03451855
92.80000000,4.78462000,1.10662000,0.02891544,0.03459207
93.00000000,4.78362000,1.10825000,0.02897697,0.03466571
93.20000000,4.78387000,1.10915000,0.02903856,0.03473933
93.40000000,4.77925000,1.12524000,0.02910063,0.03481402
93.60000000,4.77925000,1.12524000,0.02916314,0.03488876
93.80000000,4.78262000,1.11190000,0.02922528,0.03496261
94.00000000,4.78162000,1.11686000,0.02928719,0.03503680
94.20000000,4.78275000,1.11190000,0.02934910,0.03511066
94.40000000,4.78275000,1.11190000,0.02941088,0.03518453
94.60000000,4.78375000,1.10528000,0.02947246,0.03525794
94.80000000,4.78175000,1.11612000,0.02953417,0.03533210
95.00000000,4.78400000,1.10579000,0.02959589,0.03540557
95.20000000,4.78387000,1.10931000,0.02965742,0.03547928
95.40000000,4.78387000,1.10931000,0.02971905,0.03555294
95.60000000,4.78125000,1.11795000,0.02978092,0.03562718
95.80000000,4.78125000,1.11564000,0.02984296,0.03570132
96.00000000,4.78450000,1.10713000,0.02990470,0.03577489
96.20000000,4.78450000,1.10713000,0.02996621,0.03584849
96.40000000,4.78662000,1.09548000,0.03002739,0.03592129
96.60000000,4.78512000,1.10105000,0.03008841,0.03599445
96.80000000,4.78400000,1.10976000,0.03014982,0.03606819
97.00000000,4.78137000,1.11619000,0.03021165,0.03614231
97.20000000,4.78137000,1.11619000,0.03027366,0.03621649
97.40000000,4.78487000,1.10473000,0.03033536,0.03628987
97.60000000,4.78225000,1.11654000,0.03039706,0.03636395
97.80000000,4.77712000,1.13715000,0.03045966,0.03643940
98.00000000,4.77712000,1.13715000,0.03052283,0.03651496
98.20000000,4.78437000,1.10780000,0.03058519,0.03658863
98.40000000,4.78787000,1.09385000,0.03064635,0.03666133
98.60000000,4.78550000,1.10300000,0.03070738,0.03673464
98.80000000,4.78550000,1.10300000,0.03076865,0.03680787
99.00000000,4.78012000,1.12492000,0.03083054,0.03688261
99.20000000,4.78375000,1.10857000,0.03089258,0.03695625
99.40000000,4.78262000,1.11587000,0.03095437,0.03703037
99.60000000,4.78275000,1.11270000,0.03101628,0.03710429
99.80000000,4.78275000,1.11270000,0.03107809,0.03717816
100.00000000,4.78025000,1.12083000,0.03114013,0.03725263
100.20000000,4.78362000,1.11228000,0.03120217,0.03732655
100.40000000,4.78500000,1.10313000,0.03126370,0.03739986
100.60000000,4.78500000,1.10313000,0.03132499,0.03747313
100.80000000,4.78225000,1.11507000,0.03138661,0.03754718
101.00000000,4.78162000,1.11756000,0.03144862,0.03762137
101.20000000,4.77975000,1.12416000,0.03151089,0.03769607
101.40000000,4.78387000,1.10902000,0.03157293,0.03776975
101.60000000,4.78387000,1.10902000,0.03163454,0.03784341
101.80000000,4.78187000,1.11894000,0.03169643,0.03791773
102.00000000,4.78237000,1.11280000,0.03175842,0.03799160
102.20000000,4.77975000,1.12361000,0.03182054,0.03806625
102.40000000,4.78350000,1.11020000,0.03188259,0.03814001
102.60000000,4.78350000,1.11020000,0.03194427,0.03821380
102.80000000,4.78537000,1.10243000,0.03200573,0.03828698
103.00000000,4.77937000,1.12876000,0.03206771,0.03836202
103.20000000,4.78637000,1.10102000,0.03212965,0.03843521
103.40000000,4.78637000,1.10102000,0.03219082,0.03850840
103.60000000,4.78612000,1.09779000,0.03225189,0.03858129
103.80000000,4.78062000,1.12374000,0.03231360,0.03865579
104.00000000,4.77362000,1.14732000,0.03237669,0.03873189
104.20000000,4.77550000,1.14160000,0.03244027,0.03880761
104.40000000,4.77550000,1.14160000,0.03250369,0.03888335
104.60000000,4.77700000,1.13721000,0.03256699,0.03895878
104.80000000,4.77562000,1.14025000,0.03263025,0.03903440
105.00000000,4.77475000,1.14480000,0.03269373,0.03911032
105.20000000,4.77475000,1.14480000,0.03275733,0.03918624
105.40000000,4.77525000,1.14147000,0.03282084,0.03926205
105.60000000,4.78175000,1.11705000,0.03288357,0.03933619
105.80000000,4.77875000,1.13081000,0.03294601,0.03941129
106.00000000,4.78150000,1.11737000,0.03300846,0.03948549
106.20000000,4.78150000,1.11737000,0.03307054,0.03955967
106.40000000,4.78000000,1.12304000,0.03313277,0.03963432
106.60000000,4.78575000,1.10313000,0.03319461,0.03970767
106.80000000,4.78737000,1.09289000,0.03325561,0.03978034
107.00000000,4.78462000,1.10800000,0.03331675,0.03985397
107.20000000,4.78462000,1.10800000,0.03337830,0.03992755
107.40000000,4.78137000,1.11836000,0.03344014,0.04000179
107.60000000,4.77962000,1.12595000,0.03350249,0.04007656
107.80000000,4.78125000,1.12108000,0.03356490,0.04015100
108.00000000,4.78125000,1.12108000,0.03362719,0.04022550
108.20000000,4.78425000,1.10854000,0.03368912,0.04029906
108.40000000,4.77775000,1.13427000,0.03375142,0.04037440
108.60000000,4.78262000,1.11305000,0.03381385,0.04044839
108.80000000,4.78587000,1.09750000,0.03387525,0.04052134
109.00000000,4.78587000,1.09750000,0.03393622,0.04059427
109.20000000,4.78462000,1.10643000,0.03399744,0.04066777
109.40000000,4.78325000,1.10969000,0.03405900,0.04074152
109.60000000,4.78500000,1.10297000,0.03412046,0.04081482
109.80000000,4.78500000,1.10297000,0.03418174,0.04088808
110.00000000,4.78225000,1.11788000,0.03424343,0.04096235
110.20000000,4.78312000,1.11190000,0.03430537,0.04103617
110.40000000,4.78050000,1.11990000,0.03436736,0.04111058
110.60000000,4.78350000,1.11257000,0.03442938,0.04118449
110.80000000,4.78350000,1.11257000,0.03449119,0.04125836
111.00000000,4.78025000,1.12124000,0.03455324,0.04133286
111.20000000,4.78387000,1.10784000,0.03461516,0.04140650
111.40000000,4.78612000,1.09923000,0.03467646,0.04147957
111.60000000,4.78612000,1.09923000,0.03473753,0.04155262
111.80000000,4.78475000,1.10355000,0.03479872,0.04162596
112.00000000,4.78512000,1.10313000,0.03486002,0.04169923
112.20000000,4.78200000,1.11574000,0.03492165,0.04177337
112.40000000,4.78475000,1.10473000,0.03498333,0.04184679
112.60000000,4.78475000,1.10473000,0.03504471,0.04192011
112.80000000,4.77850000,1.13056000,0.03510680,0.04199521
113.00000000,4.78325000,1.10918000,0.03516901,0.04206887
113.20000000,4.78150000,1.11756000,0.03523087,0.04214309
113.40000000,4.78150000,1.11756000,0.03529295,0.04221733
113.60000000,4.78287000,1.11241000,0.03535490,0.04229116
113.80000000,4.77875000,1.12748000,0.03541711,0.04236606
114.00000000,4.78325000,1.11200000,0.03547932,0.04243994
114.20000000,4.78150000,1.11820000,0.03554127,0.04251420
114.40000000,4.78150000,1.11820000,0.03560339,0.04258852
114.60000000,4.78525000,1.10432000,0.03566513,0.04266187
114.80000000,4.78262000,1.11430000,0.03572676,0.04273589
115.00000000,4.77900000,1.12633000,0.03578900,0.04281065
115.20000000,4.77900000,1.12633000,0.03585157,0.04288550
115.40000000,4.78462000,1.10704000,0.03591361,0.04295910
115.60000000,4.78700000,1.09584000,0.03597480,0.04303192
115.80000000,4.78487000,1.10448000,0.03603592,0.04310532
116.00000000,4.78487000,1.10448000,0.03609728,0.04317866
116.20000000,4.78075000,1.12128000,0.03615911,0.04325316
116.40000000,4.78350000,1.10889000,0.03622106,0.04332681
116.60000000,4.78212000,1.11721000,0.03628289,0.04340101
116.80000000,4.78437000,1.10528000,0.03634463,0.04347446
117.00000000,4.78437000,1.10528000,0.03640603,0.04354777
117.20000000,4.77562000,1.14134000,0.03646844,0.04362352
117.40000000,4.77875000,1.12998000,0.03653153,0.04369851
117.60000000,4.77850000,1.12905000,0.03659428,0.04377345
117.80000000,4.77850000,1.12905000,0.03665701,0.04384834
118.00000000,4.77600000,1.14211000,0.03672010,0.04392412
118.20000000,4.77737000,1.13251000,0.03678328,0.04399925
118.40000000,4.77600000,1.13846000,0.03684636,0.04407475
118.60000000,4.77525000,1.14499000,0.03690979,0.04415069
118.80000000,4.77525000,1.14499000,0.03697340,0.04422670
119.00000000,4.77987000,1.12278000,0.03703640,0.04430126
119.20000000,4.78087000,1.12153000,0.03709874,0.04437563
119.40000000,4.77462000,1.14489000,0.03716169,0.04445155
119.60000000,4.77462000,1.14489000,0.03722530,0.04452750
119.80000000,4.77612000,1.13673000,0.03728868,0.04460293
120.00000000,4.77787000,1.13356000,0.03735174,0.04467818
120.20000000,4.77937000,1.12755000,0.03741455,0.04475308
120.40000000,4.78300000,1.11235000,0.03747677,0.04482697
120.60000000,4.78300000,1.11235000,0.03753857,0.04490085
120.80000000,4.78175000,1.12000000,0.03760058,0.04497528
121.00000000,4.78500000,1.10396000,0.03766235,0.04504867
121.20000000,4.78637000,1.10028000,0.03772358,0.04512181
121.40000000,4.78162000,1.11619000,0.03778515,0.04519594
121.60000000,4.78162000,1.11619000,0.03784716,0.04527008
121.80000000,4.78237000,1.11475000,0.03790913,0.04534417
122.00000000,4.78550000,1.10291000,0.03797073,0.04541752
122.20000000,4.78825000,1.09152000,0.03803169,0.04549011
122.40000000,4.78825000,1.09152000,0.03809233,0.04556261
122.60000000,4.78225000,1.11548000,0.03815364,0.04563673
122.80000000,4.78412000,1.10806000,0.03821540,0.04571041
123.00000000,4.78737000,1.09619000,0.03827663,0.04578332
123.20000000,4.78912000,1.09036000,0.03833737,0.04585585
123.40000000,4.78912000,1.09036000,0.03839794,0.04592831
123.60000000,4.78475000,1.10537000,0.03845894,0.04600172
123.80000000,4.78200000,1.11996000,0.03852075,0.04607611
124.00000000,4.78262000,1.11331000,0.03858279,0.04615007
124.20000000,4.78262000,1.11331000,0.03864464,0.04622401
124.40000000,4.78225000,1.11526000,0.03870654,0.04629810
124.60000000,4.78325000,1.11308000,0.03876844,0.04637206
124.80000000,4.78375000,1.11004000,0.03883019,0.04644580
125.00000000,4.78312000,1.11475000,0.03889199,0.04651986
125.20000000,4.78312000,1.11475000,0.03895392,0.04659390
125.40000000,4.78237000,1.11523000,0.03901587,0.04666799
125.60000000,4.78337000,1.11472000,0.03907781,0.04674209
125.80000000,4.78612000,1.10108000,0.03913936,0.04681528
126.00000000,4.78612000,1.10108000,0.03920053,0.04688843
126.20000000,4.78300000,1.10992000,0.03926195,0.04696215
126.40000000,4.78250000,1.11523000,0.03932376,0.04703628
126.60000000,4.78587000,1.09945000,0.03938528,0.04710936
126.80000000,4.78587000,1.09913000,0.03944635,0.04718242
127.00000000,4.78587000,1.09913000,0.03950741,0.04725546
127.20000000,4.78412000,1.10790000,0.03956872,0.04732906
127.40000000,4.78325000,1.10816000,0.03963027,0.04740268
127.60000000,4.78325000,1.11036000,0.03969190,0.04747648
127.80000000,4.78550000,1.09840000,0.03975325,0.04754948
128.00000000,4.78550000,1.09840000,0.03981428,0.04762249
128.20000000,4.78550000,1.10163000,0.03987539,0.04769569
128.40000000,4.78450000,1.10435000,0.03993667,0.04776909
128.60000000,4.78525000,1.10044000,0.03999791,0.04784223
128.80000000,4.78525000,1.10044000,0.04005904,0.04791532
129.00000000,4.78200000,1.11504000,0.04012059,0.04798940
129.20000000,4.78387000,1.10544000,0.04018227,0.04806276
129.40000000,4.77800000,1.13206000,0.04024442,0.04813799
129.60000000,4.78437000,1.10518000,0.04030656,0.04821142
129.80000000,4.78437000,1.10518000,0.04036796,0.04828490
130.00000000,4.78650000,1.09532000,0.04042909,0.04835764
130.20000000,4.78212000,1.11420000,0.04049046,0.04843166
130.40000000,4.78300000,1.10892000,0.04055222,0.04850533
130.60000000,4.78300000,1.10892000,0.04061382,0.04857883
130.80000000,4.77250000,1.15251000,0.04067664,0.04865529
131.00000000,4.77675000,1.13635000,0.04074022,0.04873065
131.20000000,4.77462000,1.14249000,0.04080352,0.04880647
131.40000000,4.77800000,1.13241000,0.04086671,0.04888162
131.60000000,4.77800000,1.13241000,0.04092963,0.04895673
131.80000000,4.77600000,1.13696000,0.04099266,0.04903215
132.00000000,4.77600000,1.13916000,0.04105589,0.04910769
132.20000000,4.77475000,1.14262000,0.04111927,0.04918352
132.40000000,4.77812000,1.13056000,0.04118242,0.04925855
132.60000000,4.77812000,1.13056000,0.04124522,0.04933361
132.80000000,4.78000000,1.12313000,0.04130783,0.04940823
133.00000000,4.78400000,1.10668000,0.04136977,0.04948180
133.20000000,4.78625000,1.09878000,0.04143103,0.04955484
133.40000000,4.78625000,1.09878000,0.04149207,0.04962781
133.60000000,4.78150000,1.11612000,0.04155360,0.04970195
133.80000000,4.78262000,1.11094000,0.04161546,0.04977571
134.00000000,4.78075000,1.12032000,0.04167744,0.04985014
134.20000000,4.78312000,1.10659000,0.04173930,0.04992365
134.40000000,4.78312000,1.10659000,0.04180078,0.04999708
134.60000000,4.77775000,1.13286000,0.04186298,0.05007225
134.80000000,4.77712000,1.13456000,0.04192597,0.05014762
135.00000000,4.78325000,1.11075000,0.04198834,0.05022141
135.20000000,4.78325000,1.11075000,0.04205004,0.05029514
135.40000000,4.77925000,1.12345000,0.04211211,0.05036978
135.60000000,4.78337000,1.10982000,0.04217414,0.05044346
135.80000000,4.78025000,1.12265000,0.04223615,0.05051804
136.00000000,4.78300000,1.11129000,0.04229821,0.05059187
136.20000000,4.78300000,1.11129000,0.04235995,0.05066563
136.40000000,4.77887000,1.12723000,0.04242213,0.05074052
136.60000000,4.78400000,1.10844000,0.04248423,0.05081416
136.80000000,4.78325000,1.10896000,0.04254582,0.05088783
137.00000000,4.78325000,1.10896000,0.04260743,0.05096149
137.20000000,4.78212000,1.11683000,0.04266926,0.05103570
137.40000000,4.78400000,1.10787000,0.04273106,0.05110926
137.60000000,4.78075000,1.12038000,0.04279295,0.05118370
137.80000000,4.78387000,1.10870000,0.04285487,0.05125736
138.00000000,4.78387000,1.10870000,0.04291647,0.05133090
138.20000000,4.77537000,1.14060000,0.04297895,0.05140664
138.40000000,4.78100000,1.12067000,0.04304176,0.05148099
138.60000000,4.77700000,1.13318000,0.04310437,0.05155617
138.80000000,4.77700000,1.13318000,0.04316732,0.05163140
139.00000000,4.77937000,1.12611000,0.04323008,0.05170611
139.20000000,4.77687000,1.13417000,0.04329286,0.05178134
139.40000000,4.77587000,1.13699000,0.04335595,0.05185675
139.60000000,4.77525000,1.14486000,0.04341934,0.05193268
139.80000000,4.77525000,1.14486000,0.04348294,0.05200860
140.00000000,4.77462000,1.14320000,0.04354650,0.05208444
140.20000000,4.77675000,1.13875000,0.04360989,0.05215999
140.40000000,4.77675000,1.13532000,0.04367305,0.05223531
140.60000000,4.77475000,1.14364000,0.04373636,0.05231115
140.80000000,4.77475000,1.14364000,0.04379989,0.05238704
141.00000000,4.77725000,1.13561000,0.04386321,0.05246233
141.20000000,4.77387000,1.14534000,0.04392657,0.05253832
141.40000000,4.77725000,1.13449000,0.04398989,0.05261360
141.60000000,4.77725000,1.13449000,0.04405292,0.05268883
141.80000000,4.77450000,1.14345000,0.04411620,0.05276470
142.00000000,4.77750000,1.13472000,0.04417948,0.05284009
142.20000000,4.78325000,1.11360000,0.04424193,0.05291407
142.40000000,4.78262000,1.11299000,0.04430378,0.05298800
142.60000000,4.78262000,1.11299000,0.04436562,0.05306193
142.80000000,4.78287000,1.11257000,0.04442744,0.05313584
143.00000000,4.78262000,1.11248000,0.04448924,0.05320972
143.20000000,4.78175000,1.11657000,0.04455116,0.05328387
143.40000000,4.78175000,1.11657000,0.04461319,0.05335807
143.60000000,4.78425000,1.10873000,0.04467501,0.05343169
143.80000000,4.78125000,1.11868000,0.04473688,0.05350598
144.00000000,4.78087000,1.12169000,0.04479911,0.05358031
144.20000000,4.77150000,1.15619000,0.04486239,0.05365693
144.40000000,4.77150000,1.15619000,0.04492662,0.05373362
144.60000000,4.77550000,1.14057000,0.04499042,0.05380925
144.80000000,4.77462000,1.14544000,0.04505392,0.05388525
145.00000000,4.77687000,1.13475000,0.04511726,0.05396053
145.20000000,4.77262000,1.15190000,0.04518078,0.05403689
145.40000000,4.77262000,1.15190000,0.04524477,0.05411328
145.60000000,4.77500000,1.14508000,0.04530858,0.05418927
145.80000000,4.77762000,1.13292000,0.04537185,0.05426444
146.00000000,4.78325000,1.10979000,0.04543415,0.05433817
146.20000000,4.78325000,1.10979000,0.04549581,0.05441183
146.40000000,4.77912000,1.12470000,0.04555787,0.05448651
146.60000000,4.78087000,1.12089000,0.04562025,0.05456094
146.80000000,4.78075000,1.11945000,0.04568248,0.05463527
147.00000000,4.78075000,1.11945000,0.04574468,0.05470965
147.20000000,4.78362000,1.10784000,0.04580654,0.05478322
147.40000000,4.78125000,1.11929000,0.04586841,0.05485760
147.60000000,4.78475000,1.10412000,0.04593017,0.05493097
147.80000000,4.78475000,1.10412000,0.04599151,0.05500431
148.00000000,4.78225000,1.11609000,0.04605318,0.05507842
148.20000000,4.78087000,1.11824000,0.04611525,0.05515268
148.40000000,4.78150000,1.11664000,0.04617733,0.05522689
148.60000000,4.78512000,1.10262000,0.04623897,0.05530017
148.80000000,4.78512000,1.10262000,0.04630023,0.05537342
149.00000000,4.78312000,1.10848000,0.04636165,0.05544704
149.20000000,4.78187000,1.11574000,0.04642343,0.05552116
149.40000000,4.78275000,1.11241000,0.04648533,0.05559505
149.60000000,4.78375000,1.10761000,0.04654699,0.05566864
149.80000000,4.78375000,1.10761000,0.04660853,0.05574211
150.00000000,4.77550000,1.14140000,0.04667100,0.05581796
150.20000000,4.78500000,1.10096000,0.04673329,0.05589108
150.40000000,4.78175000,1.11852000,0.04679494,0.05596536
150.60000000,4.78175000,1.11852000,0.04685708,0.05603955
150.80000000,4.77537000,1.14249000,0.04691989,0.05611534
151.00000000,4.77612000,1.13913000,0.04698327,0.05619086
151.20000000,4.77375000,1.14777000,0.04704679,0.05626696
151.40000000,4.77375000,1.14777000,0.04711056,0.05634309
151.60000000,4.77525000,1.13984000,0.04717410,0.05641874
151.80000000,4.77862000,1.12889000,0.04723712,0.05649361
152.00000000,4.77537000,1.13836000,0.04730010,0.05656912
152.20000000,4.77625000,1.13705000,0.04736331,0.05664455
152.40000000,4.77625000,1.13705000,0.04742647,0.05672001
152.60000000,4.77775000,1.13264000,0.04748952,0.05679511
152.80000000,4.77437000,1.14348000,0.04755275,0.05687094
153.00000000,4.77475000,1.14467000,0.04761631,0.05694681
153.20000000,4.77212000,1.15152000,0.04768009,0.05702313
153.40000000,4.77212000,1.15152000,0.04774406,0.05709951
153.60000000,4.77575000,1.13875000,0.04780768,0.05717503
153.80000000,4.77475000,1.14470000,0.04787111,0.05725101
154.00000000,4.77912000,1.12467000,0.04793415,0.05732566
154.20000000,4.77912000,1.12467000,0.04799663,0.05740032
154.40000000,4.77937000,1.12697000,0.04805918,0.05747503
154.60000000,4.77300000,1.14896000,0.04812240,0.05755127
154.80000000,4.77762000,1.13328000,0.04818579,0.05762653
155.00000000,4.78175000,1.11689000,0.04824830,0.05770071
155.20000000,4.78175000,1.11689000,0.04831035,0.05777491
155.40000000,4.78362000,1.10716000,0.04837213,0.05784850
155.60000000,4.78525000,1.10400000,0.04843355,0.05792185
155.80000000,4.78387000,1.10643000,0.04849495,0.05799536
156.00000000,4.78387000,1.10643000,0.04855642,0.05806891
156.20000000,4.78612000,1.09900000,0.04861768,0.05814189
156.40000000,4.78087000,1.11888000,0.04867929,0.05821623
156.60000000,4.78387000,1.10848000,0.04874116,0.05828980
156.80000000,4.77875000,1.12883000,0.04880330,0.05836472
157.00000000,4.77875000,1.12883000,0.04886602,0.05843974
157.20000000,4.78475000,1.10291000,0.04892801,0.05851304
157.40000000,4.78525000,1.10403000,0.04898931,0.05858628
157.60000000,4.77637000,1.13600000,0.04905154,0.05866165
157.80000000,4.77700000,1.13340000,0.04911458,0.05873685
158.00000000,4.77700000,1.13340000,0.04917754,0.05881204
158.20000000,4.77662000,1.13587000,0.04924058,0.05888737
158.40000000,4.77475000,1.14208000,0.04930385,0.05896315
158.60000000,4.77750000,1.13177000,0.04936702,0.05903825
158.80000000,4.77750000,1.13177000,0.04942989,0.05911337
159.00000000,4.77937000,1.12544000,0.04949259,0.05918796
159.20000000,4.77175000,1.15571000,0.04955596,0.05926468
159.40000000,4.77975000,1.12480000,0.04961931,0.05933934
159.60000000,4.77875000,1.12460000,0.04968179,0.05941398
159.80000000,4.77875000,1.12460000,0.04974427,0.05948869
160.00000000,4.78300000,1.11120000,0.04980637,0.05956244
160.20000000,4.77862000,1.12700000,0.04986854,0.05963730
160.40000000,4.78250000,1.11392000,0.04993079,0.05971129
160.60000000,4.78250000,1.11392000,0.04999268,0.05978528
160.80000000,4.78262000,1.11360000,0.05005455,0.05985925
161.00000000,4.78225000,1.11244000,0.05011639,0.05993313
161.20000000,4.78175000,1.11731000,0.05017832,0.06000723
161.40000000,4.77500000,1.14192000,0.05024108,0.06008296
161.60000000,4.77500000,1.14192000,0.05030452,0.06015882
161.80000000,4.78350000,1.11065000,0.05036709,0.06023258
162.00000000,4.78125000,1.12035000,0.05042906,0.06030695
162.20000000,4.77950000,1.12339000,0.05049139,0.06038152
162.40000000,4.77725000,1.13388000,0.05055409,0.06045676
162.60000000,4.77725000,1.13388000,0.05061709,0.06053210
162.80000000,4.78425000,1.10262000,0.05067921,0.06060538
163.00000000,4.78550000,1.10070000,0.05074041,0.06067849
163.20000000,4.78200000,1.11561000,0.05080198,0.06075258
163.40000000,4.78200000,1.11561000,0.05086396,0.06082668
163.60000000,4.78175000,1.11417000,0.05092589,0.06090066
163.80000000,4.78112000,1.11830000,0.05098791,0.06097495
164.00000000,4.78300000,1.10998000,0.05104980,0.06104874
164.20000000,4.78662000,1.09804000,0.05111114,0.06112174
164.40000000,4.78662000,1.09804000,0.05117214,0.06119475
164.60000000,4.78700000,1.09648000,0.05123310,0.06126760
164.80000000,4.78362000,1.10809000,0.05129434,0.06134116
165.00000000,4.77987000,1.12512000,0.05135637,0.06141585
165.20000000,4.77987000,1.12512000,0.05141888,0.06149059
165.40000000,4.78300000,1.10880000,0.05148093,0.06156419
165.60000000,4.77912000,1.12684000,0.05154303,0.06163894
165.80000000,4.77612000,1.13484000,0.05160586,0.06171423
166.00000000,4.77687000,1.13200000,0.05166882,0.06178934
166.20000000,4.77687000,1.13200000,0.05173171,0.06186441
166.40000000,4.77512000,1.14198000,0.05179488,0.06194018
166.60000000,4.77675000,1.13305000,0.05185807,0.06201529
166.80000000,4.77350000,1.14819000,0.05192144,0.06209142
167.00000000,4.77350000,1.14819000,0.05198523,0.06216757
167.20000000,4.77500000,1.13961000,0.05204878,0.06224319
167.40000000,4.77787000,1.12665000,0.05211173,0.06231807
167.60000000,4.78525000,1.10224000,0.05217365,0.06239125
167.80000000,4.78025000,1.12035000,0.05223538,0.06246563
168.00000000,4.78025000,1.12035000,0.05229763,0.06254006
168.20000000,4.78337000,1.11296000,0.05235966,0.06261404
168.40000000,4.78587000,1.09859000,0.05242109,0.06268698
168.60000000,4.78037000,1.11776000,0.05248266,0.06276124
168.80000000,4.78362000,1.10915000,0.05254452,0.06283494
169.00000000,4.78362000,1.10915000,0.05260614,0.06290858
169.20000000,4.78087000,1.11590000,0.05266794,0.06298271
169.40000000,4.78275000,1.11145000,0.05272982,0.06305658
169.60000000,4.78562000,1.10048000,0.05279126,0.06312973
169.80000000,4.78562000,1.10048000,0.05285240,0.06320290
170.00000000,4.78737000,1.09184000,0.05291329,0.06327548
170.20000000,4.78575000,1.10230000,0.05297424,0.06334873
170.40000000,4.78500000,1.10150000,0.05303546,0.06342194
170.60000000,4.78137000,1.11747000,0.05309710,0.06349615
170.80000000,4.78137000,1.11747000,0.05315918,0.06357037
171.00000000,4.78212000,1.11516000,0.05322120,0.06364432
171.20000000,4.77512000,1.13987000,0.05328384,0.06371989
171.40000000,4.77287000,1.14960000,0.05334743,0.06379609
171.60000000,4.77287000,1.14960000,0.05341130,0.06387231
171.80000000,4.77350000,1.14598000,0.05347506,0.06394833
172.00000000,4.77625000,1.13459000,0.05353841,0.06402360
172.20000000,4.77662000,1.13772000,0.05360153,0.06409908
172.40000000,4.77662000,1.13772000,0.05366474,0.06417456
172.60000000,4.77662000,1.13123000,0.05372777,0.06424963
172.80000000,4.77825000,1.12976000,0.05379057,0.06432466
173.00000000,4.78175000,1.11484000,0.05385292,0.06439870
173.20000000,4.78312000,1.10928000,0.05391470,0.06447240
173.40000000,4.78312000,1.10928000,0.05397633,0.06454606
173.60000000,4.78137000,1.11814000,0.05403820,0.06462036
173.80000000,4.78425000,1.10380000,0.05409992,0.06469372
174.00000000,4.78500000,1.10348000,0.05416124,0.06476705
174.20000000,4.78237000,1.11219000,0.05422278,0.06484092
174.40000000,4.78237000,1.11219000,0.05428457,0.06491479
174.60000000,4.78162000,1.11449000,0.05434642,0.06498884
174.80000000,4.78400000,1.10800000,0.05440816,0.06506246
175.00000000,4.78412000,1.10326000,0.05446958,0.06513577
175.20000000,4.78412000,1.10326000,0.05453088,0.06520903
175.40000000,4.78112000,1.11596000,0.05459252,0.06528316
175.60000000,4.78300000,1.10912000,0.05465433,0.06535685
175.80000000,4.78362000,1.10528000,0.05471584,0.06543029
176.00000000,4.77937000,1.12339000,0.05477775,0.06550486
176.20000000,4.77937000,1.12339000,0.05484016,0.06557945
176.40000000,4.78112000,1.11587000,0.05490236,0.06565356
176.60000000,4.78137000,1.11324000,0.05496428,0.06572749
176.80000000,4.78162000,1.11433000,0.05502616,0.06580149
177.00000000,4.78162000,1.11433000,0.05508806,0.06587550
177.20000000,4.78225000,1.11340000,0.05514994,0.06594942
177.40000000,4.77975000,1.12086000,0.05521201,0.06602388
177.60000000,4.78312000,1.11158000,0.05527402,0.06609772
177.80000000,4.78312000,1.11158000,0.05533577,0.06617152
178.00000000,4.78000000,1.12022000,0.05539777,0.06624594
178.20000000,4.78337000,1.10761000,0.05545965,0.06631944
178.40000000,4.77787000,1.12937000,0.05552179,0.06639437
178.60000000,4.77662000,1.13251000,0.05558462,0.06646950
178.80000000,4.77662000,1.13251000,0.05564754,0.06654472
179.00000000,4.78212000,1.11244000,0.05570990,0.06661862
179.20000000,4.78287000,1.10800000,0.05577158,0.06669222
179.40000000,4.78300000,1.10736000,0.05583311,0.06676578
179.60000000,4.78300000,1.10736000,0.05589463,0.06683935
179.80000000,4.78287000,1.11030000,0.05595624,0.06691306
180.00000000,4.78012000,1.11948000,0.05601817,0.06698742
180.20000000,4.78275000,1.10966000,0.05608009,0.06706111
180.40000000,4.78087000,1.11763000,0.05614196,0.06713532
180.60000000,4.78087000,1.11763000,0.05620405,0.06720954
180.80000000,4.78162000,1.11312000,0.05626602,0.06728345
181.00000000,4.78087000,1.11740000,0.05632798,0.06735767
181.20000000,4.78237000,1.10873000,0.05638982,0.06743132
181.40000000,4.78237000,1.10873000,0.05645141,0.06750497
181.60000000,4.78325000,1.10691000,0.05651296,0.06757846
181.80000000,4.78025000,1.11936000,0.05657480,0.06765281
182.00000000,4.78212000,1.11027000,0.05663673,0.06772654
182.20000000,4.78137000,1.11692000,0.05669860,0.06780071
182.40000000,4.78137000,1.11692000,0.05676065,0.06787491
182.60000000,4.78325000,1.10534000,0.05682238,0.06794838
182.80000000,4.78512000,1.09718000,0.05688356,0.06802118
183.00000000,4.77775000,1.12915000,0.05694540,0.06809611
183.20000000,4.77775000,1.12915000,0.05700813,0.06817111
183.40000000,4.78212000,1.11043000,0.05707034,0.06824490
183.60000000,4.78450000,1.10387000,0.05713185,0.06831819
183.80000000,4.78062000,1.11801000,0.05719357,0.06839245
184.00000000,4.78225000,1.10963000,0.05725545,0.06846615
184.20000000,4.78225000,1.10963000,0.05731710,0.06853982
184.40000000,4.78012000,1.12025000,0.05737904,0.06861417
184.60000000,4.77862000,1.12371000,0.05744137,0.06868873
184.80000000,4.77725000,1.13017000,0.05750398,0.06876365
185.00000000,4.77337000,1.14550000,0.05756719,0.06883960
185.20000000,4.77337000,1.14550000,0.05763083,0.06891561
185.40000000,4.77762000,1.12880000,0.05769400,0.06899052
185.60000000,4.77850000,1.12777000,0.05775669,0.06906530
185.80000000,4.77400000,1.14236000,0.05781975,0.06914105
186.00000000,4.77400000,1.14236000,0.05788321,0.06921683
186.20000000,4.77650000,1.13241000,0.05794640,0.06929201
186.40000000,4.78012000,1.11916000,0.05800894,0.06936637
186.60000000,4.78375000,1.10380000,0.05807069,0.06943968
186.80000000,4.78162000,1.11561000,0.05813234,0.06951376
187.00000000,4.78162000,1.11561000,0.05819432,0.06958786
187.20000000,4.78187000,1.10992000,0.05825614,0.06966152
187.40000000,4.77825000,1.12624000,0.05831826,0.06973635
187.60000000,4.78387000,1.10473000,0.05838023,0.06980975
187.80000000,4.78387000,1.10473000,0.05844160,0.06988317
188.00000000,4.78487000,1.09904000,0.05850282,0.06995615
188.20000000,4.78125000,1.11660000,0.05856436,0.07003028
188.40000000,4.78025000,1.11875000,0.05862646,0.07010452
188.60000000,4.77762000,1.12848000,0.05868888,0.07017940
188.80000000,4.77762000,1.12848000,0.05875157,0.07025434
189.00000000,4.78150000,1.11568000,0.05881391,0.07032845
189.20000000,4.78262000,1.10796000,0.05887568,0.07040203
189.40000000,4.78162000,1.11513000,0.05893743,0.07047610
189.60000000,4.78262000,1.10857000,0.05899920,0.07054974
189.80000000,4.78262000,1.10857000,0.05906079,0.07062337
190.00000000,4.78200000,1.11024000,0.05912242,0.07069711
190.20000000,4.78200000,1.11299000,0.05918418,0.07077107
190.40000000,4.78487000,1.10102000,0.05924568,0.07084424
190.60000000,4.78487000,1.10102000,0.05930684,0.07091743
190.80000000,4.78625000,1.09884000,0.05936795,0.07099045
191.00000000,4.78400000,1.10585000,0.05942919,0.07106394
191.20000000,4.78537000,1.09974000,0.05949046,0.07113698
191.40000000,4.78187000,1.11516000,0.05955198,0.07121105
191.60000000,4.78187000,1.11516000,0.05961394,0.07128514
191.80000000,4.78387000,1.10595000,0.05967564,0.07135854
192.00000000,4.77825000,1.12928000,0.05973772,0.07143356
192.20000000,4.78362000,1.10876000,0.05979989,0.07150723
192.40000000,4.78362000,1.10876000,0.05986149,0.07158090
192.60000000,4.78362000,1.10604000,0.05992301,0.07165441
192.80000000,4.78575000,1.10092000,0.05998432,0.07172750
193.00000000,4.78000000,1.11846000,0.06004597,0.07180181
193.20000000,4.78350000,1.10659000,0.06010777,0.07187533
193.40000000,4.78350000,1.10659000,0.06016925,0.07194890
193.60000000,4.78725000,1.09385000,0.06023037,0.07202161
193.80000000,4.78575000,1.09756000,0.06029125,0.07209450
194.00000000,4.78125000,1.11849000,0.06035280,0.07216877
194.20000000,4.78125000,1.11849000,0.06041494,0.07224305
194.40000000,4.78150000,1.11308000,0.06047693,0.07231692
194.60000000,4.77837000,1.12496000,0.06053910,0.07239152
194.80000000,4.77462000,1.14304000,0.06060210,0.07246736
195.00000000,4.77687000,1.13212000,0.06066530,0.07254247
195.20000000,4.77687000,1.13212000,0.06072819,0.07261750
195.40000000,4.77212000,1.15356000,0.06079168,0.07269403
195.60000000,4.77637000,1.13433000,0.06085524,0.07276923
195.80000000,4.77350000,1.14665000,0.06091860,0.07284526
196.00000000,4.77350000,1.14665000,0.06098230,0.07292134
196.20000000,4.77775000,1.13392000,0.06104565,0.07299659
196.40000000,4.77775000,1.12822000,0.06110849,0.07307154
196.60000000,4.78300000,1.11248000,0.06117073,0.07314544
196.80000000,4.78300000,1.11248000,0.06123253,0.07321935
197.00000000,4.78375000,1.10668000,0.06129417,0.07329284
197.20000000,4.78087000,1.11686000,0.06135594,0.07336703
197.40000000,4.78300000,1.11075000,0.06141782,0.07344082
197.60000000,4.77950000,1.12249000,0.06147985,0.07351533
197.80000000,4.77950000,1.12249000,0.06154221,0.07358986
198.00000000,4.78062000,1.11804000,0.06160445,0.07366407
198.20000000,4.77850000,1.12857000,0.06166686,0.07373890
198.40000000,4.77425000,1.14486000,0.06173001,0.07381481
198.60000000,4.77425000,1.14486000,0.06179361,0.07389076
198.80000000,4.77612000,1.14041000,0.06185709,0.07396637
199.00000000,4.77387000,1.14572000,0.06192059,0.07404239
199.20000000,4.77725000,1.13395000,0.06198392,0.07411766
199.40000000,4.77900000,1.12854000,0.06204676,0.07419256
199.60000000,4.77900000,1.12854000,0.06210946,0.07426745
199.80000000,4.77737000,1.13100000,0.06217223,0.07434258
200.00000000,4.78337000,1.10633000,0.06223437,0.07441606
200.20000000,4.78212000,1.11632000,0.06229611,0.07449021
200.40000000,4.78212000,1.11632000,0.06235813,0.07456437
200.60000000,4.78312000,1.10825000,0.06241993,0.07463794
200.80000000,4.77987000,1.12332000,0.06248191,0.07471258
201.00000000,4.78425000,1.10540000,0.06254382,0.07478600
201.20000000,4.78162000,1.11686000,0.06260555,0.07486017
201.40000000,4.78162000,1.11686000,0.06266760,0.07493436
201.60000000,4.78262000,1.11376000,0.06272956,0.07500834
201.80000000,4.78275000,1.11126000,0.06279137,0.07508223
202.00000000,4.78762000,1.09520000,0.06285266,0.07515506
202.20000000,4.78762000,1.09520000,0.06291350,0.07522779
202.40000000,4.78175000,1.11481000,0.06297489,0.07530191
202.60000000,4.78687000,1.09763000,0.06303635,0.07537485
202.80000000,4.78450000,1.10672000,0.06309758,0.07544837
203.00000000,4.78287000,1.11049000,0.06315917,0.07552214
203.20000000,4.78287000,1.11049000,0.06322086,0.07559589
203.40000000,4.78187000,1.11680000,0.06328273,0.07567009
203.60000000,4.78400000,1.10598000,0.06334448,0.07574353
203.80000000,4.78087000,1.12102000,0.06340634,0.07581801
204.00000000,4.78350000,1.10889000,0.06346828,0.07589168
204.20000000,4.78350000,1.10889000,0.06352988,0.07596534
204.40000000,4.78237000,1.11376000,0.06359162,0.07603934
204.60000000,4.78387000,1.11091000,0.06365342,0.07611312
204.80000000,4.78225000,1.11116000,0.06371515,0.07618693
205.00000000,4.78225000,1.11116000,0.06377688,0.07626069
205.20000000,4.77987000,1.12361000,0.06383895,0.07633533
205.40000000,4.78287000,1.11273000,0.06390107,0.07640923
205.60000000,4.78175000,1.11552000,0.06396297,0.07648336
205.80000000,4.78425000,1.10857000,0.06402475,0.07655702
206.00000000,4.78425000,1.10857000,0.06408634,0.07663070
206.20000000,4.78550000,1.10124000,0.06414772,0.07670386
206.40000000,4.78300000,1.10860000,0.06420911,0.07677750
206.60000000,4.78262000,1.11331000,0.06427083,0.07685145
206.80000000,4.78262000,1.11331000,0.06433268,0.07692539
207.00000000,4.78212000,1.11372000,0.06439454,0.07699933
207.20000000,4.78012000,1.12534000,0.06445673,0.07707412
207.40000000,4.78487000,1.10499000,0.06451869,0.07714750
207.60000000,4.78112000,1.11875000,0.06458046,0.07722179
207.80000000,4.78112000,1.11875000,0.06464261,0.07729614
208.00000000,4.78537000,1.10387000,0.06470435,0.07736945
208.20000000,4.78162000,1.11724000,0.06476605,0.07744366
208.40000000,4.78225000,1.11475000,0.06482805,0.07751770
208.60000000,4.78475000,1.10444000,0.06488969,0.07759110
208.80000000,4.78475000,1.10444000,0.06495105,0.07766450
209.00000000,4.78537000,1.10038000,0.06501229,0.07773762
209.20000000,4.78425000,1.10886000,0.06507366,0.07781127
209.40000000,4.78237000,1.11372000,0.06513540,0.07788525
209.60000000,4.78237000,1.11372000,0.06519727,0.07795928
209.80000000,4.78587000,1.09939000,0.06525875,0.07803238
210.00000000,4.78762000,1.09622000,0.06531974,0.07810522
210.20000000,4.78400000,1.10633000,0.06538092,0.07817877
210.40000000,4.78675000,1.09817000,0.06544216,0.07825178
210.60000000,4.78675000,1.09817000,0.06550317,0.07832480
210.80000000,4.78775000,1.09321000,0.06556404,0.07839742
211.00000000,4.78287000,1.11209000,0.06562530,0.07847132
211.20000000,4.78425000,1.10764000,0.06568695,0.07854492
211.40000000,4.78425000,1.10764000,0.06574849,0.07861842
211.60000000,4.77762000,1.13337000,0.06581074,0.07869359
211.80000000,4.77562000,1.14060000,0.06587391,0.07876927
212.00000000,4.77700000,1.13452000,0.06593710,0.07884452
212.20000000,4.77587000,1.14035000,0.06600030,0.07892016
212.40000000,4.77587000,1.14035000,0.06606365,0.07899583
212.60000000,4.77737000,1.13580000,0.06612687,0.07907119
212.80000000,4.77737000,1.13158000,0.06618986,0.07914624
213.00000000,4.77525000,1.14464000,0.06625309,0.07922216
213.20000000,4.77525000,1.14464000,0.06631668,0.07929814
213.40000000,4.77937000,1.12601000,0.06637975,0.07937285
213.60000000,4.77712000,1.13276000,0.06644249,0.07944801
213.80000000,4.77737000,1.13628000,0.06650552,0.07952348
214.00000000,4.78225000,1.11536000,0.06656807,0.07959756
214.20000000,4.78225000,1.11536000,0.06663003,0.07967166
214.40000000,4.78337000,1.11196000,0.06669190,0.07974550
214.60000000,4.78087000,1.12147000,0.06675394,0.07981996
214.80000000,4.78062000,1.11971000,0.06681620,0.07989429
215.00000000,4.77962000,1.12675000,0.06687860,0.07996909
215.20000000,4.77962000,1.12675000,0.06694120,0.08004394
215.40000000,4.78275000,1.11081000,0.06700335,0.08011766
215.60000000,4.77850000,1.12851000,0.06706555,0.08019251
215.80000000,4.77550000,1.14412000,0.06712868,0.08026839
216.00000000,4.77550000,1.14412000,0.06719224,0.08034438
216.20000000,4.78212000,1.11372000,0.06725496,0.08041838
216.40000000,4.78400000,1.10803000,0.06731668,0.08049200
216.60000000,4.78350000,1.10896000,0.06737826,0.08056567
216.80000000,4.78300000,1.11027000,0.06743991,0.08063942
217.00000000,4.78300000,1.11027000,0.06750159,0.08071314
217.20000000,4.78037000,1.12329000,0.06756363,0.08078778
217.40000000,4.78412000,1.10608000,0.06762556,0.08086127
217.60000000,4.78425000,1.10611000,0.06768701,0.08093477
217.80000000,4.78425000,1.10611000,0.06774846,0.08100821
218.00000000,4.78012000,1.12352000,0.06781039,0.08108288
218.20000000,4.78525000,1.10256000,0.06787223,0.08115614
218.40000000,4.78400000,1.10816000,0.06793364,0.08122975
218.60000000,4.78300000,1.11020000,0.06799526,0.08130351
218.80000000,4.78300000,1.11020000,0.06805694,0.08137726
219.00000000,4.78337000,1.11094000,0.06811863,0.08145099
219.20000000,4.77850000,1.12784000,0.06818082,0.08152592
219.40000000,4.78325000,1.10947000,0.06824297,0.08159959
219.60000000,4.78075000,1.11936000,0.06830488,0.08167391
219.80000000,4.78075000,1.11936000,0.06836707,0.08174831
220.00000000,4.78562000,1.09683000,0.06842863,0.08182121
220.20000000,4.78550000,1.10368000,0.06848975,0.08189455
220.40000000,4.78400000,1.10544000,0.06855112,0.08196800
220.60000000,4.78400000,1.10544000,0.06861253,0.08204141
220.80000000,4.78137000,1.11606000,0.06867424,0.08211556
221.00000000,4.78375000,1.10627000,0.06873597,0.08218904
221.20000000,4.78262000,1.11334000,0.06879763,0.08226296
221.40000000,4.78037000,1.11900000,0.06885964,0.08233726
221.60000000,4.78037000,1.11900000,0.06892180,0.08241160
221.80000000,4.78362000,1.10624000,0.06898362,0.08248509
222.00000000,4.78262000,1.11228000,0.06904524,0.08255895
222.20000000,4.78150000,1.11504000,0.06910711,0.08263300
222.40000000,4.78150000,1.11504000,0.06916906,0.08270710
222.60000000,4.78437000,1.10700000,0.06923078,0.08278060
222.80000000,4.78075000,1.11881000,0.06929261,0.08285495
223.00000000,4.78462000,1.10451000,0.06935437,0.08292828
223.20000000,4.78025000,1.12064000,0.06941618,0.08300268
223.40000000,4.78025000,1.12064000,0.06947844,0.08307712
223.60000000,4.78250000,1.11187000,0.06954045,0.08315101
223.80000000,4.78512000,1.10547000,0.06960204,0.08322444
224.00000000,4.78262000,1.11200000,0.06966364,0.08329831
224.20000000,4.78262000,1.11200000,0.06972542,0.08337216
224.40000000,4.78187000,1.11363000,0.06978724,0.08344618
224.60000000,4.78550000,1.10316000,0.06984882,0.08351949
224.80000000,4.78487000,1.10275000,0.06991009,0.08359264
225.00000000,4.77612000,1.14179000,0.06997244,0.08366838
225.20000000,4.77612000,1.14179000,0.07003587,0.08374414
225.40000000,4.77687000,1.13708000,0.07009918,0.08381955
225.60000000,4.77500000,1.14166000,0.07016247,0.08389530
225.80000000,4.77750000,1.13497000,0.07022571,0.08397058
226.00000000,4.77550000,1.14083000,0.07028893,0.08404625
226.20000000,4.77550000,1.14083000,0.07035231,0.08412194
226.40000000,4.77725000,1.13651000,0.07041557,0.08419733
226.60000000,4.77575000,1.13872000,0.07047877,0.08427296
226.80000000,4.78250000,1.11289000,0.07054132,0.08434689
227.00000000,4.78250000,1.11289000,0.07060314,0.08442078
227.20000000,4.78062000,1.11964000,0.07066516,0.08449517
227.40000000,4.78350000,1.10937000,0.07072707,0.08456886
227.60000000,4.78287000,1.11452000,0.07078885,0.08464293
227.80000000,4.78500000,1.10169000,0.07085041,0.08471615
228.00000000,4.78500000,1.10169000,0.07091162,0.08478939
228.20000000,4.78662000,1.09747000,0.07097270,0.08486235
228.40000000,4.78687000,1.09708000,0.07103366,0.08493530
228.60000000,4.78725000,1.09481000,0.07109455,0.08500809
228.80000000,4.78725000,1.09481000,0.07115537,0.08508083
229.00000000,4.78362000,1.10960000,0.07121661,0.08515451
229.20000000,4.78100000,1.11776000,0.07127848,0.08522872
229.40000000,4.78050000,1.12140000,0.07134068,0.08530308
229.60000000,4.77412000,1.14592000,0.07140366,0.08537906
229.80000000,4.77412000,1.14592000,0.07146732,0.08545507
230.00000000,4.77575000,1.14038000,0.07153083,0.08553069
230.20000000,4.77412000,1.14889000,0.07159442,0.08560693
230.40000000,4.77812000,1.12931000,0.07165770,0.08568187
230.60000000,4.77812000,1.12931000,0.07172044,0.08575682
230.80000000,4.77850000,1.13113000,0.07178323,0.08583187
231.00000000,4.77700000,1.13366000,0.07184614,0.08590706
231.20000000,4.77550000,1.14236000,0.07190936,0.08598283
231.40000000,4.77775000,1.13296000,0.07197257,0.08605801
231.60000000,4.77775000,1.13296000,0.07203551,0.08613318
231.80000000,4.77712000,1.13366000,0.07209847,0.08620833
232.00000000,4.77287000,1.15177000,0.07216196,0.08628477
232.20000000,4.77850000,1.13036000,0.07222535,0.08635979
232.40000000,4.77850000,1.13036000,0.07228815,0.08643477
232.60000000,4.77550000,1.14035000,0.07235122,0.08651041
232.80000000,4.77625000,1.14166000,0.07241461,0.08658620
233.00000000,4.77975000,1.12352000,0.07247753,0.08666079
233.20000000,4.77975000,1.12352000,0.07253995,0.08673544
233.40000000,4.78400000,1.10995000,0.07260199,0.08680918
233.60000000,4.78312000,1.11219000,0.07266372,0.08688305
233.80000000,4.78237000,1.11465000,0.07272557,0.08695709
234.00000000,4.78175000,1.11772000,0.07278758,0.08703132
234.20000000,4.78175000,1.11772000,0.07284968,0.08710548
234.40000000,4.77737000,1.13321000,0.07291221,0.08718073
234.60000000,4.78112000,1.11856000,0.07297475,0.08725502
234.80000000,4.78175000,1.11891000,0.07303691,0.08732933
235.00000000,4.78175000,1.11891000,0.07309907,0.08740352
235.20000000,4.77412000,1.14518000,0.07316196,0.08747950
235.40000000,4.77725000,1.13561000,0.07322531,0.08755487
235.60000000,4.77862000,1.12784000,0.07328819,0.08762978
235.80000000,4.78200000,1.11593000,0.07335052,0.08770390
236.00000000,4.78200000,1.11593000,0.07341251,0.08777805
236.20000000,4.78412000,1.10857000,0.07347430,0.08785165
236.40000000,4.78025000,1.12022000,0.07353621,0.08792604
236.60000000,4.78150000,1.11971000,0.07359843,0.08800040
236.80000000,4.78150000,1.11971000,0.07366064,0.08807479
237.00000000,4.78325000,1.11174000,0.07372262,0.08814866
237.20000000,4.78450000,1.10329000,0.07378415,0.08822192
237.40000000,4.78037000,1.12441000,0.07384603,0.08829661
237.60000000,4.78300000,1.11059000,0.07390812,0.08837039
237.80000000,4.78300000,1.11059000,0.07396982,0.08844420
238.00000000,4.78500000,1.10480000,0.07403136,0.08851756
238.20000000,4.78125000,1.11798000,0.07409310,0.08859178
238.40000000,4.77950000,1.12448000,0.07415539,0.08866642
238.60000000,4.77950000,1.12448000,0.07421786,0.08874110
238.80000000,4.78137000,1.12128000,0.07428024,0.08881548
239.00000000,4.77625000,1.13705000,0.07434297,0.08889091
239.20000000,4.77625000,1.14006000,0.07440623,0.08896655
239.40000000,4.77750000,1.13126000,0.07446932,0.08904162
239.60000000,4.77750000,1.13126000,0.07453217,0.08911669
239.80000000,4.77775000,1.13097000,0.07459501,0.08919169
240.00000000,4.77525000,1.14147000,0.07465813,0.08926747
240.20000000,4.77950000,1.12467000,0.07472108,0.08934210
240.40000000,4.77800000,1.13216000,0.07478377,0.08941723
240.60000000,4.77800000,1.13216000,0.07484667,0.08949246
240.80000000,4.78375000,1.10931000,0.07490893,0.08956618
241.00000000,4.78525000,1.10236000,0.07497036,0.08963940
241.20000000,4.78187000,1.11769000,0.07503203,0.08971363
241.40000000,4.78187000,1.11769000,0.07509413,0.08978787
241.60000000,4.78287000,1.11030000,0.07515602,0.08986164
241.80000000,4.78387000,1.10681000,0.07521760,0.08993516
242.00000000,4.78250000,1.11280000,0.07527926,0.09000907
242.20000000,4.78200000,1.11283000,0.07534108,0.09008298
242.40000000,4.78200000,1.11283000,0.07540290,0.09015691
242.60000000,4.78287000,1.11324000,0.07546474,0.09023084
242.80000000,4.78150000,1.11497000,0.07552663,0.09030493
243.00000000,4.78450000,1.10499000,0.07558830,0.09037835
243.20000000,4.78450000,1.10499000,0.07564969,0.09045174
243.40000000,4.78187000,1.11587000,0.07571138,0.09052588
243.60000000,4.78350000,1.10755000,0.07577314,0.09059944
243.80000000,4.78187000,1.11664000,0.07583492,0.09067362
244.00000000,4.78312000,1.11132000,0.07589681,0.09074744
244.20000000,4.78312000,1.11132000,0.07595855,0.09082129
244.40000000,4.78450000,1.10684000,0.07602017,0.09089481
244.60000000,4.78237000,1.11552000,0.07608190,0.09096889
244.80000000,4.78137000,1.11731000,0.07614392,0.09104309
245.00000000,4.78137000,1.11731000,0.07620600,0.09111731
245.20000000,4.78287000,1.11260000,0.07626794,0.09119122
245.40000000,4.78262000,1.11139000,0.07632971,0.09126506
245.60000000,4.78412000,1.10694000,0.07639133,0.09133856
245.80000000,4.78050000,1.12240000,0.07645326,0.09141308
246.00000000,4.78050000,1.12240000,0.07651562,0.09148765
246.20000000,4.78337000,1.10790000,0.07657757,0.09156130
246.40000000,4.78625000,1.09929000,0.07663888,0.09163428
246.60000000,4.78025000,1.12060000,0.07670054,0.09170874
246.80000000,4.78425000,1.10566000,0.07676238,0.09178221
247.00000000,4.78425000,1.10566000,0.07682381,0.09185567
247.20000000,4.78350000,1.11065000,0.07688537,0.09192944
247.40000000,4.78237000,1.11356000,0.07694716,0.09200344
247.60000000,4.78450000,1.10649000,0.07700883,0.09207697
247.80000000,4.78450000,1.10649000,0.07707030,0.09215050
248.00000000,4.78462000,1.10550000,0.07713174,0.09222397
248.20000000,4.78512000,1.10188000,0.07719306,0.09229716
248.40000000,4.78237000,1.11683000,0.07725469,0.09237126
248.60000000,4.77762000,1.13264000,0.07731717,0.09244642
248.80000000,4.77762000,1.13264000,0.07738010,0.09252152
249.00000000,4.77400000,1.14515000,0.07744337,0.09259753
249.20000000,4.77862000,1.12889000,0.07750654,0.09267246
249.40000000,4.77937000,1.12652000,0.07756919,0.09274724
249.60000000,4.77937000,1.12652000,0.07763177,0.09282195
249.80000000,4.77487000,1.14489000,0.07769487,0.09289787
250.00000000,4.77437000,1.14320000,0.07775843,0.09297374
250.20000000,4.77875000,1.12771000,0.07782151,0.09304857
250.40000000,4.77750000,1.13312000,0.07788431,0.09312376
250.60000000,4.77750000,1.13312000,0.07794726,0.09319896
250.80000000,4.77850000,1.12790000,0.07801006,0.09327391
251.00000000,4.78412000,1.10876000,0.07807219,0.09334751
251.20000000,4.77937000,1.12489000,0.07813424,0.09342218
251.40000000,4.77562000,1.14064000,0.07819717,0.09349783
251.60000000,4.77562000,1.14064000,0.07826054,0.09357348
251.80000000,4.77525000,1.14307000,0.07832398,0.09364926
252.00000000,4.77287000,1.14892000,0.07838764,0.09372551
252.20000000,4.77887000,1.12745000,0.07845088,0.09380035
252.40000000,4.77887000,1.12745000,0.07851351,0.09387519
252.60000000,4.77962000,1.12502000,0.07857608,0.09394987
252.80000000,4.77912000,1.12502000,0.07863858,0.09402445
253.00000000,4.77362000,1.15196000,0.07870183,0.09410090
253.20000000,4.77812000,1.13097000,0.07876525,0.09417596
253.40000000,4.77812000,1.13097000,0.07882808,0.09425104
253.60000000,4.78025000,1.12166000,0.07889065,0.09432558
253.80000000,4.78475000,1.10732000,0.07895257,0.09439912
254.00000000,4.78150000,1.11708000,0.07901435,0.09447331
254.20000000,4.78150000,1.11708000,0.07907641,0.09454749
254.40000000,4.78162000,1.11542000,0.07913843,0.09462161
254.60000000,4.78437000,1.10627000,0.07920014,0.09469509
254.80000000,4.78212000,1.11382000,0.07926181,0.09476907
255.00000000,4.78212000,1.11382000,0.07932369,0.09484307
255.20000000,4.78400000,1.10988000,0.07938546,0.09491683
255.40000000,4.78500000,1.10214000,0.07944690,0.09499008
255.60000000,4.78512000,1.10352000,0.07950817,0.09506337
255.80000000,4.78162000,1.11756000,0.07956987,0.09513759
256.00000000,4.78162000,1.11756000,0.07963196,0.09521182
256.20000000,4.78262000,1.10992000,0.07969383,0.09528554
256.40000000,4.78212000,1.11660000,0.07975568,0.09535972
256.60000000,4.78287000,1.11046000,0.07981754,0.09543348
256.80000000,4.78587000,1.09968000,0.07987893,0.09550658
257.00000000,4.78587000,1.09968000,0.07994003,0.09557963
257.20000000,4.78312000,1.11075000,0.08000143,0.09565338
257.40000000,4.78037000,1.11916000,0.08006337,0.09572773
257.60000000,4.78300000,1.11212000,0.08012535,0.09580160
257.80000000,4.78300000,1.11212000,0.08018713,0.09587547
258.00000000,4.78212000,1.11436000,0.08024898,0.09594947
258.20000000,4.78137000,1.11696000,0.08031096,0.09602352
258.40000000,4.77337000,1.15068000,0.08037395,0.09609981
258.60000000,4.77337000,1.15068000,0.08043788,0.09617616
258.80000000,4.77762000,1.13196000,0.08050129,0.09625129
259.00000000,4.77875000,1.12896000,0.08056409,0.09632619
259.20000000,4.77650000,1.13603000,0.08062701,0.09640155
259.40000000,4.77650000,1.13603000,0.08069012,0.09647692
259.60000000,4.77687000,1.13584000,0.08075323,0.09655228
259.80000000,4.77687000,1.13948000,0.08081643,0.09662783
260.00000000,4.77387000,1.14585000,0.08087991,0.09670389
260.20000000,4.77887000,1.12921000,0.08094311,0.09677884
260.40000000,4.77887000,1.12921000,0.08100584,0.09685376
260.60000000,4.77700000,1.13689000,0.08106879,0.09692911
260.80000000,4.77250000,1.15001000,0.08113231,0.09700541
261.00000000,4.77700000,1.13734000,0.08119585,0.09708092
261.20000000,4.78000000,1.12556000,0.08125871,0.09715565
261.40000000,4.78000000,1.12556000,0.08132124,0.09723024
261.60000000,4.77187000,1.15372000,0.08138455,0.09730682
261.80000000,4.77900000,1.12870000,0.08144795,0.09738171
262.00000000,4.77725000,1.13366000,0.08151080,0.09745693
262.20000000,4.77725000,1.13366000,0.08157378,0.09753211
262.40000000,4.77475000,1.14390000,0.08163704,0.09760800
262.60000000,4.77687000,1.13734000,0.08170041,0.09768358
262.80000000,4.78412000,1.10688000,0.08176275,0.09775717
263.00000000,4.78725000,1.09721000,0.08182398,0.09783012
263.20000000,4.78725000,1.09721000,0.08188493,0.09790299
263.40000000,4.78150000,1.11667000,0.08194643,0.09797718
263.60000000,4.78375000,1.10809000,0.08200823,0.09805078
263.80000000,4.78187000,1.11760000,0.08207005,0.09812500
264.00000000,4.78187000,1.11760000,0.08213214,0.09819925
264.20000000,4.78312000,1.11065000,0.08219404,0.09827304
264.40000000,4.78412000,1.10838000,0.08225568,0.09834664
264.60000000,4.78062000,1.11926000,0.08231756,0.09842096
264.80000000,4.78112000,1.11788000,0.08237970,0.09849519
265.00000000,4.78112000,1.11788000,0.08244180,0.09856946
265.20000000,4.78312000,1.11504000,0.08250383,0.09864353
265.40000000,4.78300000,1.11171000,0.08256568,0.09871733
265.60000000,4.77987000,1.12336000,0.08262777,0.09879186
265.80000000,4.77700000,1.13600000,0.08269053,0.09886724
266.00000000,4.77700000,1.13600000,0.08275364,0.09894265
266.20000000,4.77975000,1.12105000,0.08281633,0.09901700
266.40000000,4.77550000,1.14054000,0.08287916,0.09909267
266.60000000,4.77675000,1.13369000,0.08294233,0.09916789
266.80000000,4.77675000,1.13369000,0.08300531,0.09924311
267.00000000,4.77775000,1.13091000,0.08306822,0.09931820
267.20000000,4.78012000,1.12489000,0.08313088,0.09939296
267.40000000,4.78562000,1.09990000,0.08319268,0.09946608
267.60000000,4.78600000,1.10022000,0.08325379,0.09953921
267.80000000,4.78600000,1.10022000,0.08331492,0.09961226
268.00000000,4.78012000,1.12300000,0.08337667,0.09968688
268.20000000,4.78425000,1.10486000,0.08343856,0.09976030
268.40000000,4.78500000,1.10496000,0.08349994,0.09983374
268.60000000,4.78500000,1.10496000,0.08356133,0.09990711
268.80000000,4.78087000,1.12003000,0.08362313,0.09998155
269.00000000,4.78537000,1.10192000,0.08368485,0.10005477
269.20000000,4.78425000,1.10707000,0.08374622,0.10012833
269.40000000,4.78400000,1.10579000,0.08380768,0.10020180
269.60000000,4.78400000,1.10579000,0.08386912,0.10027528
269.80000000,4.78450000,1.10604000,0.08393056,0.10034875
270.00000000,4.78262000,1.11331000,0.08399220,0.10042269
270.20000000,4.78175000,1.11564000,0.08405412,0.10049678
270.40000000,4.78037000,1.12236000,0.08411629,0.10057130
270.60000000,4.78037000,1.12236000,0.08417864,0.10064587
270.80000000,4.78387000,1.10825000,0.08424060,0.10071948
271.00000000,4.78175000,1.11689000,0.08430241,0.10079369
271.20000000,4.78387000,1.11248000,0.08436434,0.10086760
271.40000000,4.78387000,1.11248000,0.08442614,0.10094143
271.60000000,4.77837000,1.12947000,0.08448842,0.10101646
271.80000000,4.78287000,1.11193000,0.08455068,0.10109038
272.00000000,4.78662000,1.09763000,0.08461206,0.10116333
272.20000000,4.78512000,1.10336000,0.08467320,0.10123666
272.40000000,4.78512000,1.10336000,0.08473449,0.10130992
272.60000000,4.78075000,1.12214000,0.08479631,0.10138449
272.80000000,4.78425000,1.10480000,0.08485817,0.10145781
273.00000000,4.77812000,1.13353000,0.08492035,0.10153303
273.20000000,4.77812000,1.13353000,0.08498332,0.10160825
273.40000000,4.77787000,1.13139000,0.08504624,0.10168342
273.60000000,4.78350000,1.10972000,0.08510849,0.10175712
273.80000000,4.78175000,1.12006000,0.08517043,0.10183155
274.00000000,4.78487000,1.10240000,0.08523216,0.10190481
274.20000000,4.78487000,1.10240000,0.08529341,0.10197805
274.40000000,4.78337000,1.11184000,0.08535491,0.10205192
274.60000000,4.78337000,1.11120000,0.08541666,0.10212569
274.80000000,4.77987000,1.12355000,0.08547874,0.10220028
275.00000000,4.77987000,1.12355000,0.08554116,0.10227491
275.20000000,4.78275000,1.11452000,0.08560333,0.10234890
275.40000000,4.77987000,1.12400000,0.08566551,0.10242346
275.60000000,4.77587000,1.13760000,0.08572833,0.10249892
275.80000000,4.77612000,1.13952000,0.08579159,0.10257451
276.00000000,4.77612000,1.13952000,0.08585489,0.10265013
276.20000000,4.77800000,1.12899000,0.08591791,0.10272502
276.40000000,4.77612000,1.13961000,0.08598092,0.10280063
276.60000000,4.77675000,1.13500000,0.08604411,0.10287593
276.80000000,4.77675000,1.13500000,0.08610716,0.10295127
277.00000000,4.77950000,1.12297000,0.08616988,0.10302582
277.20000000,4.78000000,1.12608000,0.08623236,0.10310062
277.40000000,4.78237000,1.11318000,0.08629456,0.10317456
277.60000000,4.78237000,1.11318000,0.08635640,0.10324849
277.80000000,4.78162000,1.11708000,0.08641835,0.10332273
278.00000000,4.78512000,1.10409000,0.08648005,0.10339602
278.20000000,4.77925000,1.12476000,0.08654197,0.10347068
278.40000000,4.78362000,1.11040000,0.08660405,0.10354445
278.60000000,4.78362000,1.11040000,0.08666574,0.10361827
278.80000000,4.78637000,1.09763000,0.08672708,0.10369109
279.00000000,4.77700000,1.13644000,0.08678913,0.10376647
279.20000000,4.77575000,1.14195000,0.08685242,0.10384222
279.40000000,4.77575000,1.14195000,0.08691586,0.10391798
279.60000000,4.77687000,1.13529000,0.08697912,0.10399330
279.80000000,4.77687000,1.13862000,0.08704229,0.10406885
280.00000000,4.77712000,1.13596000,0.08710547,0.10414422
280.20000000,4.77712000,1.13596000,0.08716858,0.10421953
280.40000000,4.77325000,1.15251000,0.08723215,0.10429602
280.60000000,4.77850000,1.13129000,0.08729558,0.10437118
280.80000000,4.78362000,1.10892000,0.08735781,0.10444491
281.00000000,4.78737000,1.09798000,0.08741912,0.10451792
281.20000000,4.78737000,1.09798000,0.08748011,0.10459086
281.40000000,4.78312000,1.11363000,0.08754155,0.10466484
281.60000000,4.78287000,1.11414000,0.08760343,0.10473889
281.80000000,4.78562000,1.10281000,0.08766501,0.10481219
282.00000000,4.78237000,1.11436000,0.08772660,0.10488621
282.20000000,4.78237000,1.11436000,0.08778851,0.10496027
282.40000000,4.78537000,1.10601000,0.08785019,0.10503377
282.60000000,4.78437000,1.10499000,0.08791160,0.10510720
282.80000000,4.78462000,1.10713000,0.08797305,0.10518077
283.00000000,4.78462000,1.10713000,0.08803456,0.10525431
283.20000000,4.78262000,1.11363000,0.08809625,0.10532834
283.40000000,4.78637000,1.09827000,0.08815769,0.10540131
283.60000000,4.78400000,1.10864000,0.08821899,0.10547498
283.80000000,4.78400000,1.10483000,0.08828048,0.10554839
284.00000000,4.78400000,1.10483000,0.08834185,0.10562176
284.20000000,4.78137000,1.11811000,0.08840360,0.10569601
284.40000000,4.78125000,1.11856000,0.08846573,0.10577031
284.60000000,4.78275000,1.11369000,0.08852774,0.10584429
284.80000000,4.78275000,1.11369000,0.08858961,0.10591829
285.00000000,4.78437000,1.11075000,0.08865140,0.10599215
285.20000000,4.78737000,1.09571000,0.08871269,0.10606496
285.40000000,4.78487000,1.10441000,0.08877381,0.10613828
285.60000000,4.77975000,1.12585000,0.08883576,0.10621302
285.80000000,4.77975000,1.12585000,0.08889831,0.10628780
286.00000000,4.78225000,1.11456000,0.08896054,0.10636181
286.20000000,4.78100000,1.12067000,0.08902263,0.10643628
286.40000000,4.78450000,1.10883000,0.08908456,0.10650996
286.60000000,4.78450000,1.10883000,0.08914616,0.10658363
286.80000000,4.78337000,1.11017000,0.08920780,0.10665734
287.00000000,4.78037000,1.12342000,0.08926984,0.10673199
287.20000000,4.78475000,1.10428000,0.08933172,0.10680539
287.40000000,4.78550000,1.10406000,0.08939307,0.10687877
287.60000000,4.78550000,1.10406000,0.08945440,0.10695209
287.80000000,4.78162000,1.11798000,0.08951613,0.10702636
288.00000000,4.78312000,1.11113000,0.08957805,0.10710018
288.20000000,4.78312000,1.11462000,0.08963987,0.10717423
288.40000000,4.78387000,1.11043000,0.08970168,0.10724801
288.60000000,4.78387000,1.11043000,0.08976337,0.10732175
288.80000000,4.78137000,1.11673000,0.08982524,0.10739590
289.00000000,4.78125000,1.11942000,0.08988735,0.10747030
289.20000000,4.78512000,1.10444000,0.08994913,0.10754370
289.40000000,4.78512000,1.10444000,0.09001048,0.10761708
289.60000000,4.78337000,1.11110000,0.09007203,0.10769091
289.80000000,4.78437000,1.10937000,0.09013371,0.10776464
290.00000000,4.78500000,1.10240000,0.09019514,0.10783793
290.20000000,4.78725000,1.09699000,0.09025624,0.10791087
290.40000000,4.78725000,1.09699000,0.09031718,0.10798380
290.60000000,4.78637000,1.10003000,0.09037821,0.10805683
290.80000000,4.78050000,1.11878000,0.09043984,0.10813119
291.00000000,4.78512000,1.10585000,0.09050164,0.10820468
291.20000000,4.78512000,1.10585000,0.09056308,0.10827818
291.40000000,4.78537000,1.10291000,0.09062443,0.10835143
291.60000000,4.78200000,1.11670000,0.09068609,0.10842562
291.80000000,4.78337000,1.11097000,0.09074797,0.10849938
292.00000000,4.78037000,1.12054000,0.09080995,0.10857378
292.20000000,4.78037000,1.12054000,0.09087220,0.10864820
292.40000000,4.78187000,1.11728000,0.09093437,0.10872230
292.60000000,4.77475000,1.14284000,0.09099715,0.10879813
292.80000000,4.77750000,1.13395000,0.09106039,0.10887337
293.00000000,4.77750000,1.13395000,0.09112339,0.10894860
293.20000000,4.77700000,1.13616000,0.09118645,0.10902392
293.40000000,4.77262000,1.15193000,0.09125000,0.10910035
293.60000000,4.77762000,1.13292000,0.09131347,0.10917553
293.80000000,4.77775000,1.13353000,0.09137643,0.10925075
294.00000000,4.77775000,1.13353000,0.09143940,0.10932593
294.20000000,4.77500000,1.14118000,0.09150259,0.10940175
294.40000000,4.78400000,1.11030000,0.09156513,0.10947555
294.60000000,4.78550000,1.10336000,0.09162662,0.10954889
294.80000000,4.78575000,1.09801000,0.09168777,0.10962187
295.00000000,4.78575000,1.09801000,0.09174877,0.10969475
295.20000000,4.77925000,1.12713000,0.09181058,0.10976962
295.40000000,4.78275000,1.11094000,0.09187275,0.10984341
295.60000000,4.78187000,1.11657000,0.09193462,0.10991756
295.80000000,4.78187000,1.11657000,0.09199666,0.10999177
296.00000000,4.78512000,1.10646000,0.09205841,0.11006520
296.20000000,4.77800000,1.13046000,0.09212054,0.11014031
296.40000000,4.78375000,1.11113000,0.09218281,0.11021419
296.60000000,4.78737000,1.09635000,0.09224413,0.11028708
296.80000000,4.78737000,1.09635000,0.09230504,0.11036000
297.00000000,4.78862000,1.09027000,0.09236578,0.11043241
297.20000000,4.78187000,1.11817000,0.09242712,0.11050667
297.40000000,4.78125000,1.11692000,0.09248921,0.11058084
297.60000000,4.78125000,1.11692000,0.09255126,0.11065502
297.80000000,4.78225000,1.11321000,0.09261321,0.11072897
298.00000000,4.78287000,1.11305000,0.09267505,0.11080291
298.20000000,4.78275000,1.11110000,0.09273683,0.11087676
298.40000000,4.78600000,1.10121000,0.09279828,0.11094996
298.60000000,4.78600000,1.10121000,0.09285946,0.11102319
298.80000000,4.78750000,1.09683000,0.09292052,0.11109607
299.00000000,4.78425000,1.10400000,0.09298165,0.11116946
299.20000000,4.78625000,1.10144000,0.09304291,0.11124268
299.40000000,4.78350000,1.11148000,0.09310438,0.11131652
299.60000000,4.78350000,1.11148000,0.09316613,0.11139037
299.80000000,4.78387000,1.10780000,0.09322778,0.11146400
300.00000000,4.78537000,1.10598000,0.09328927,0.11153751
300.20000000,4.78112000,1.12019000,0.09335111,0.11161189
300.40000000,4.78112000,1.12019000,0.09341334,0.11168629
300.60000000,4.78175000,1.11788000,0.09347551,0.11176052
300.80000000,4.78100000,1.12025000,0.09353768,0.11183495
301.00000000,4.78375000,1.10745000,0.09359956,0.11190853
301.20000000,4.78375000,1.10745000,0.09366109,0.11198216
301.40000000,4.78737000,1.09712000,0.09372233,0.11205501
301.60000000,4.78087000,1.12035000,0.09378392,0.11212946
301.80000000,4.78462000,1.10771000,0.09384581,0.11220308
302.00000000,4.78500000,1.10806000,0.09390736,0.11227672
302.20000000,4.78500000,1.10806000,0.09396892,0.11235031
302.40000000,4.78225000,1.11280000,0.09403061,0.11242410
302.60000000,4.77425000,1.14928000,0.09409345,0.11250037
302.80000000,4.77800000,1.13046000,0.09415677,0.11257539
303.00000000,4.77800000,1.13046000,0.09421958,0.11265044
303.20000000,4.78012000,1.12537000,0.09428224,0.11272513
303.40000000,4.77875000,1.12992000,0.09434489,0.11280005
303.60000000,4.77400000,1.14588000,0.09440810,0.11287603
303.80000000,4.77400000,1.14588000,0.09447176,0.11295208
304.00000000,4.77825000,1.13305000,0.09453507,0.11302729
304.20000000,4.77950000,1.12460000,0.09459778,0.11310191
304.40000000,4.77762000,1.13257000,0.09466048,0.11317704
304.60000000,4.77575000,1.14259000,0.09472368,0.11325283
304.80000000,4.77575000,1.14259000,0.09478715,0.11332875
305.00000000,4.78412000,1.10784000,0.09484967,0.11340233
305.20000000,4.78225000,1.11852000,0.09491151,0.11347663
305.40000000,4.78287000,1.11286000,0.09497349,0.11355056
305.60000000,4.78562000,1.10284000,0.09503504,0.11362386
305.80000000,4.78562000,1.10284000,0.09509631,0.11369704
306.00000000,4.77800000,1.13308000,0.09515842,0.11377223
306.20000000,4.77725000,1.13398000,0.09522139,0.11384739
306.40000000,4.77275000,1.15468000,0.09528497,0.11392394
306.60000000,4.77275000,1.15468000,0.09534911,0.11400055
306.80000000,4.77737000,1.13638000,0.09541275,0.11407591
307.00000000,4.77437000,1.14553000,0.09547614,0.11415195
307.20000000,4.77937000,1.12819000,0.09553930,0.11422681
307.40000000,4.77800000,1.13171000,0.09560208,0.11430192
307.60000000,4.77800000,1.13171000,0.09566495,0.11437706
307.80000000,4.78100000,1.12108000,0.09572753,0.11445155
308.00000000,4.78400000,1.10988000,0.09578950,0.11452517
308.20000000,4.77587000,1.13868000,0.09585196,0.11460070
308.40000000,4.78550000,1.10451000,0.09591427,0.11467412
308.60000000,4.78550000,1.10451000,0.09597563,0.11474753
308.80000000,4.78587000,1.10240000,0.09603693,0.11482076
309.00000000,4.78250000,1.11299000,0.09609847,0.11489471
309.20000000,4.78387000,1.10979000,0.09616021,0.11496845
309.40000000,4.78387000,1.10979000,0.09622187,0.11504220
309.60000000,4.78512000,1.10464000,0.09628338,0.11511551
309.80000000,4.77800000,1.13318000,0.09634554,0.11519069
310.00000000,4.77662000,1.13942000,0.09640867,0.11526628
310.20000000,4.78275000,1.11468000,0.09647128,0.11534032
310.40000000,4.78275000,1.11468000,0.09653321,0.11541436
310.60000000,4.78237000,1.11660000,0.09659519,0.11548854
310.80000000,4.78325000,1.11526000,0.09665719,0.11556266
311.00000000,4.78500000,1.10348000,0.09671882,0.11563599
311.20000000,4.78500000,1.10348000,0.09678012,0.11570928
311.40000000,4.78187000,1.11798000,0.09684183,0.11578359
311.60000000,4.78575000,1.10227000,0.09690350,0.11585681
311.80000000,4.78262000,1.11308000,0.09696504,0.11593075
312.00000000,4.78262000,1.11308000,0.09702688,0.11600469
312.20000000,4.78275000,1.11699000,0.09708883,0.11607893
312.40000000,4.78562000,1.10608000,0.09715058,0.11615243
312.60000000,4.78475000,1.10508000,0.09721200,0.11622584
312.80000000,4.78275000,1.11747000,0.09727374,0.11630007
313.00000000,4.78275000,1.11747000,0.09733582,0.11637433
313.20000000,4.78450000,1.10800000,0.09739764,0.11644791
313.40000000,4.78175000,1.11836000,0.09745948,0.11652218
313.60000000,4.78112000,1.12240000,0.09752172,0.11659674
313.80000000,4.78312000,1.11097000,0.09758376,0.11667055
314.00000000,4.78312000,1.11097000,0.09764548,0.11674432
314.20000000,4.78087000,1.12323000,0.09770754,0.11681895
314.40000000,4.78437000,1.10800000,0.09776952,0.11689258
314.60000000,4.78450000,1.10342000,0.09783095,0.11696591
314.80000000,4.78450000,1.10342000,0.09789225,0.11703922
315.00000000,4.78387000,1.11046000,0.09795375,0.11711295
315.20000000,4.78050000,1.12118000,0.09801574,0.11718743
315.40000000,4.78300000,1.11433000,0.09807784,0.11726146
315.60000000,4.78312000,1.11379000,0.09813973,0.11733545
315.80000000,4.78312000,1.11379000,0.09820161,0.11740948
316.00000000,4.78550000,1.10217000,0.09826316,0.11748274
316.20000000,4.78562000,1.10560000,0.09832449,0.11755614
316.40000000,4.78025000,1.12441000,0.09838643,0.11763079
316.60000000,4.78025000,1.12441000,0.09844890,0.11770549
316.80000000,4.78337000,1.11126000,0.09851100,0.11777929
317.00000000,4.78150000,1.12096000,0.09857301,0.11785376
317.20000000,4.78325000,1.11260000,0.09863505,0.11792769
317.40000000,4.78387000,1.11139000,0.09869683,0.11800153
317.60000000,4.78387000,1.11139000,0.09875857,0.11807535
317.80000000,4.78250000,1.11788000,0.09882050,0.11814963
318.00000000,4.78412000,1.10886000,0.09888235,0.11822329
318.20000000,4.78262000,1.11788000,0.09894420,0.11829754
318.40000000,4.78312000,1.11516000,0.09900623,0.11837162
318.60000000,4.78312000,1.11516000,0.09906819,0.11844566
318.80000000,4.78012000,1.12585000,0.09913044,0.11852047
319.00000000,4.78437000,1.10819000,0.09919249,0.11859409
319.20000000,4.78325000,1.11324000,0.09925420,0.11866805
319.40000000,4.78325000,1.11324000,0.09931605,0.11874193
319.60000000,4.77787000,1.13593000,0.09937852,0.11881730
319.80000000,4.77787000,1.13676000,0.09944165,0.11889270
320.00000000,4.77537000,1.14144000,0.09950494,0.11896845
320.20000000,4.77825000,1.13414000,0.09956815,0.11904372
320.40000000,4.77825000,1.13414000,0.09963115,0.11911899
320.60000000,4.77862000,1.13366000,0.09969415,0.11919416
320.80000000,4.77400000,1.14924000,0.09975756,0.11927042
321.00000000,4.77775000,1.13440000,0.09982100,0.11934570
321.20000000,4.77775000,1.13440000,0.09988402,0.11942101
321.40000000,4.78000000,1.12515000,0.09994678,0.11949576
321.60000000,4.78362000,1.11209000,0.10000893,0.11956966
321.80000000,4.78425000,1.10803000,0.10007060,0.11964334
322.00000000,4.78762000,1.09392000,0.10013177,0.11971608
322.20000000,4.78762000,1.09392000,0.10019254,0.11978874
322.40000000,4.78287000,1.11491000,0.10025390,0.11986281
322.60000000,4.78312000,1.11372000,0.10031580,0.11993674
322.80000000,4.77937000,1.12592000,0.10037801,0.12001148
323.00000000,4.77937000,1.12592000,0.10044056,0.12008628
323.20000000,4.78350000,1.11308000,0.10050276,0.12016013
323.40000000,4.77712000,1.13462000,0.10056520,0.12023551
323.60000000,4.78337000,1.11206000,0.10062760,0.12030934
323.80000000,4.77975000,1.13024000,0.10068989,0.12038437
324.00000000,4.77975000,1.13024000,0.10075268,0.12045940
324.20000000,4.78000000,1.12348000,0.10081528,0.12053400
324.40000000,4.78062000,1.12275000,0.10087768,0.12060867
324.60000000,4.78850000,1.09241000,0.10093921,0.12068120
324.80000000,4.78062000,1.12118000,0.10100070,0.12075565
325.00000000,4.78062000,1.12118000,0.10106299,0.12083014
325.20000000,4.78400000,1.11132000,0.10112500,0.12090398
325.40000000,4.78412000,1.10851000,0.10118666,0.12097761
325.60000000,4.78225000,1.11564000,0.10124845,0.12105171
325.80000000,4.78225000,1.11564000,0.10131043,0.12112581
326.00000000,4.78225000,1.11891000,0.10137250,0.12120014
326.20000000,4.78275000,1.11264000,0.10143448,0.12127407
326.40000000,4.78412000,1.10972000,0.10149622,0.12134784
326.60000000,4.78637000,1.10153000,0.10155764,0.12142107
326.80000000,4.78637000,1.10153000,0.10161884,0.12149425
327.00000000,4.78337000,1.11046000,0.10168028,0.12156800
327.20000000,4.78200000,1.12048000,0.10174225,0.12164244
327.40000000,4.78350000,1.11120000,0.10180424,0.12171627
327.60000000,4.78350000,1.11120000,0.10186597,0.12179010
327.80000000,4.78350000,1.11248000,0.10192774,0.12186401
328.00000000,4.78400000,1.11200000,0.10198953,0.12193790
328.20000000,4.78400000,1.11068000,0.10205128,0.12201164
328.40000000,4.78050000,1.12348000,0.10211334,0.12208624
328.60000000,4.78050000,1.12348000,0.10217575,0.12216091
328.80000000,4.78525000,1.10668000,0.10223770,0.12223439
329.00000000,4.78100000,1.12064000,0.10229957,0.12230886
329.20000000,4.78437000,1.10777000,0.10236147,0.12238247
329.40000000,4.78175000,1.11894000,0.10242332,0.12245678
329.60000000,4.78175000,1.11894000,0.10248549,0.12253112
329.80000000,4.78312000,1.11347000,0.10254750,0.12260511
330.00000000,4.78475000,1.10668000,0.10260917,0.12267864
330.20000000,4.78387000,1.11200000,0.10267080,0.12275253
330.40000000,4.78387000,1.11200000,0.10273258,0.12282639
330.60000000,4.78275000,1.11529000,0.10279445,0.12290047
330.80000000,4.78200000,1.12124000,0.10285657,0.12297495
331.00000000,4.78300000,1.11155000,0.10291859,0.12304882
331.20000000,4.78475000,1.10755000,0.10298024,0.12312242
331.40000000,4.78475000,1.10755000,0.10304177,0.12319597
331.60000000,4.78150000,1.12054000,0.10310366,0.12327044
331.80000000,4.78475000,1.10636000,0.10316552,0.12334394
332.00000000,4.78337000,1.11555000,0.10322724,0.12341805
332.20000000,4.78337000,1.11555000,0.10328921,0.12349219
332.40000000,4.78462000,1.10672000,0.10335094,0.12356572
332.60000000,4.78412000,1.10889000,0.10341249,0.12363929
332.80000000,4.77675000,1.13964000,0.10347494,0.12371491
333.00000000,4.77775000,1.13392000,0.10353810,0.12379016
333.20000000,4.77775000,1.13392000,0.10360109,0.12386536
333.40000000,4.77500000,1.14633000,0.10366443,0.12394143
333.60000000,4.77787000,1.13366000,0.10372777,0.12401668
333.80000000,4.77900000,1.12812000,0.10379059,0.12409156
334.00000000,4.77900000,1.12812000,0.10385327,0.12416647
334.20000000,4.78125000,1.12400000,0.10391583,0.12424109
334.40000000,4.77975000,1.12592000,0.10397832,0.12431578
334.60000000,4.77662000,1.13868000,0.10404123,0.12439142
334.80000000,4.78287000,1.11603000,0.10410386,0.12446556
335.00000000,4.78287000,1.11603000,0.10416586,0.12453966
335.20000000,4.78025000,1.12332000,0.10422807,0.12461434
335.40000000,4.78700000,1.09904000,0.10428980,0.12468740
335.60000000,4.78600000,1.10284000,0.10435096,0.12476070
335.80000000,4.78437000,1.10726000,0.10441235,0.12483428
336.00000000,4.78437000,1.10726000,0.10447387,0.12490782
336.20000000,4.78212000,1.11961000,0.10453573,0.12498223
336.40000000,4.78487000,1.10540000,0.10459753,0.12505571
336.60000000,4.78612000,1.10115000,0.10465883,0.12512891
336.80000000,4.78612000,1.10115000,0.10472000,0.12520201
337.00000000,4.77975000,1.12972000,0.10478197,0.12527707
337.20000000,4.78412000,1.10953000,0.10484417,0.12535078
337.40000000,4.78325000,1.11443000,0.10490595,0.12542482
337.60000000,4.78437000,1.10979000,0.10496773,0.12549856
337.80000000,4.78437000,1.10979000,0.10502939,0.12557226
338.00000000,4.78112000,1.12192000,0.10509138,0.12564678
338.20000000,4.78237000,1.11840000,0.10515361,0.12572107
338.40000000,4.78337000,1.11104000,0.10521554,0.12579488
338.60000000,4.78337000,1.11104000,0.10527726,0.12586871
338.80000000,4.78437000,1.11065000,0.10533898,0.12594253
339.00000000,4.78550000,1.10336000,0.10540048,0.12601586
339.20000000,4.78512000,1.10288000,0.10546176,0.12608915
339.40000000,4.78425000,1.10950000,0.10552322,0.12616288
339.60000000,4.78425000,1.10950000,0.10558485,0.12623658
339.80000000,4.78262000,1.11094000,0.10564653,0.12631040
340.00000000,4.78425000,1.11132000,0.10570826,0.12638421
340.20000000,4.78225000,1.11788000,0.10577018,0.12645846
340.40000000,4.78225000,1.11788000,0.10583229,0.12653275
340.60000000,4.78487000,1.10406000,0.10589401,0.12660617
340.80000000,4.78812000,1.09353000,0.10595505,0.12667889
341.00000000,4.78787000,1.09248000,0.10601578,0.12675154
341.20000000,4.78762000,1.09724000,0.10607660,0.12682450
341.40000000,4.78762000,1.09724000,0.10613756,0.12689742
341.60000000,4.78525000,1.10774000,0.10619881,0.12697105
341.80000000,4.78525000,1.10441000,0.10626026,0.12704445
342.00000000,4.78250000,1.11798000,0.10632199,0.12711871
342.20000000,4.78250000,1.11798000,0.10638410,0.12719300
342.40000000,4.78487000,1.10614000,0.10644588,0.12726653
342.60000000,4.78587000,1.10140000,0.10650720,0.12733970
342.80000000,4.78312000,1.11321000,0.10656872,0.12741365
343.00000000,4.78312000,1.11321000,0.10663056,0.12748760
343.20000000,4.78262000,1.11283000,0.10669240,0.12756157
343.40000000,4.78587000,1.09961000,0.10675386,0.12763467
343.60000000,4.78637000,1.10332000,0.10681505,0.12770797
343.80000000,4.78350000,1.11078000,0.10687655,0.12778176
344.00000000,4.78350000,1.11078000,0.10693826,0.12785553
344.20000000,4.78162000,1.11894000,0.10700020,0.12792990
344.40000000,4.78537000,1.10675000,0.10706202,0.12800342
344.60000000,4.78300000,1.11270000,0.10712367,0.12807734
344.80000000,4.78300000,1.11270000,0.10718549,0.12815125
345.00000000,4.78275000,1.11478000,0.10724737,0.12822533
345.20000000,4.78412000,1.11081000,0.10730919,0.12829911
345.40000000,4.78225000,1.11545000,0.10737103,0.12837325
345.60000000,4.78600000,1.10179000,0.10743262,0.12844649
345.80000000,4.78600000,1.10179000,0.10749383,0.12851974
346.00000000,4.78637000,1.10214000,0.10755505,0.12859300
346.20000000,4.78587000,1.10153000,0.10761626,0.12866618
346.40000000,4.78362000,1.11286000,0.10767777,0.12874012
346.60000000,4.78362000,1.11286000,0.10773960,0.12881402
346.80000000,4.78112000,1.12195000,0.10780168,0.12888843
347.00000000,4.77512000,1.14492000,0.10786464,0.12896438
347.20000000,4.77662000,1.14000000,0.10792811,0.12903997
347.40000000,4.77387000,1.15008000,0.10799173,0.12911622
347.60000000,4.77387000,1.15008000,0.10805562,0.12919256
347.80000000,4.77912000,1.12825000,0.10811891,0.12926747
348.00000000,4.78062000,1.12540000,0.10818151,0.12934223
348.20000000,4.78250000,1.11334000,0.10824370,0.12941618
348.40000000,4.77875000,1.13084000,0.10830603,0.12949124
348.60000000,4.77875000,1.13084000,0.10836886,0.12956637
348.80000000,4.78387000,1.11091000,0.10843113,0.12964016
349.00000000,4.78262000,1.11459000,0.10849295,0.12971422
349.20000000,4.78375000,1.11356000,0.10855484,0.12978820
349.40000000,4.78375000,1.11356000,0.10861671,0.12986223
349.60000000,4.78600000,1.10249000,0.10867826,0.12993555
349.80000000,4.78862000,1.09267000,0.10873924,0.13000821
350.00000000,4.78762000,1.09881000,0.10880012,0.13008116
350.20000000,4.78025000,1.12524000,0.10886189,0.13015587
350.40000000,4.78025000,1.12524000,0.10892441,0.13023064
350.60000000,4.78425000,1.11174000,0.10898655,0.13030456
350.80000000,4.78762000,1.09891000,0.10904795,0.13037757
351.00000000,4.78362000,1.11075000,0.10910933,0.13045137
351.20000000,4.78362000,1.11075000,0.10917104,0.13052518
351.40000000,4.78425000,1.10960000,0.10923272,0.13059891
351.60000000,4.78425000,1.11145000,0.10929441,0.13067272
351.80000000,4.78150000,1.11971000,0.10935639,0.13074716
352.00000000,4.78662000,1.10313000,0.10941814,0.13082049
352.20000000,4.78662000,1.10313000,0.10947942,0.13089380
352.40000000,4.78437000,1.10912000,0.10954087,0.13096748
352.60000000,4.78350000,1.11241000,0.10960258,0.13104140
352.80000000,4.78412000,1.11305000,0.10966440,0.13111536
353.00000000,4.78412000,1.11305000,0.10972624,0.13118926
353.20000000,4.78037000,1.12323000,0.10978835,0.13126379
353.40000000,4.77737000,1.13708000,0.10985114,0.13133937
353.60000000,4.78575000,1.10787000,0.10991350,0.13141294
353.80000000,4.78175000,1.11894000,0.10997536,0.13148726
354.00000000,4.78175000,1.11894000,0.11003752,0.13156160
354.20000000,4.78350000,1.11536000,0.11009958,0.13163571
354.40000000,4.78425000,1.10947000,0.11016138,0.13170949
354.60000000,4.78800000,1.09385000,0.11022259,0.13178219
354.80000000,4.78550000,1.10796000,0.11028375,0.13185583
355.00000000,4.78550000,1.10796000,0.11034530,0.13192941
355.20000000,4.78137000,1.11952000,0.11040718,0.13200380
355.40000000,4.78412000,1.10947000,0.11046909,0.13207752
355.60000000,4.78400000,1.11075000,0.11053077,0.13215132
355.80000000,4.78400000,1.11075000,0.11059247,0.13222509
356.00000000,4.78162000,1.11990000,0.11065444,0.13229942
356.20000000,4.77900000,1.13132000,0.11071697,0.13237449
356.40000000,4.77762000,1.13830000,0.11078002,0.13245007
356.60000000,4.78075000,1.12323000,0.11084284,0.13252465
356.80000000,4.78075000,1.12323000,0.11090524,0.13259920
357.00000000,4.77862000,1.13475000,0.11096796,0.13267445
357.20000000,4.77475000,1.14784000,0.11103136,0.13275064
357.40000000,4.77875000,1.13033000,0.11109465,0.13282566
357.60000000,4.77875000,1.13033000,0.11115744,0.13290068
357.80000000,4.77900000,1.13200000,0.11122029,0.13297577
358.00000000,4.77587000,1.14179000,0.11128345,0.13305165
358.20000000,4.78500000,1.10684000,0.11134591,0.13312523
358.40000000,4.78600000,1.10409000,0.11140732,0.13319862
358.60000000,4.78600000,1.10409000,0.11146866,0.13327195
358.80000000,4.78212000,1.11609000,0.11153033,0.13334611
359.00000000,4.78412000,1.11139000,0.11159221,0.13341995
359.20000000,4.78362000,1.11155000,0.11165396,0.13349380
359.40000000,4.78325000,1.10905000,0.11171564,0.13356748
359.60000000,4.78325000,1.10905000,0.11177725,0.13364111
359.80000000,4.77987000,1.12886000,0.11183942,0.13371603
360.00000000,4.77887000,1.13081000,0.11190219,0.13379102
360.20000000,4.77437000,1.14713000,0.11196546,0.13386708
360.40000000,4.77437000,1.14713000,0.11202919,0.13394319
360.60000000,4.77687000,1.13900000,0.11209269,0.13401881
360.80000000,4.78025000,1.12332000,0.11215554,0.13409333
361.00000000,4.77612000,1.14275000,0.11221848,0.13416916
361.20000000,4.77787000,1.13622000,0.11228179,0.13424456
361.40000000,4.77787000,1.13622000,0.11234491,0.13431996
361.60000000,4.77787000,1.13328000,0.11240795,0.13439523
361.80000000,4.78212000,1.11827000,0.11247050,0.13446942
362.00000000,4.77712000,1.13504000,0.11253309,0.13454473
362.20000000,4.77712000,1.13504000,0.11259615,0.13462012
362.40000000,4.78212000,1.11670000,0.11265869,0.13469429
362.60000000,4.78212000,1.11798000,0.11272077,0.13476858
362.80000000,4.78450000,1.10384000,0.11278249,0.13484188
363.00000000,4.78137000,1.12134000,0.11284430,0.13491635
363.20000000,4.78137000,1.12134000,0.11290659,0.13499087
363.40000000,4.78487000,1.10656000,0.11296848,0.13506435
363.60000000,4.78100000,1.11872000,0.11303029,0.13513853
363.80000000,4.77437000,1.14982000,0.11309331,0.13521478
364.00000000,4.77437000,1.14982000,0.11315719,0.13529109
364.20000000,4.77887000,1.12694000,0.11322043,0.13536591
364.40000000,4.78025000,1.12371000,0.11328295,0.13544050
364.60000000,4.77925000,1.12982000,0.11334555,0.13551540
364.80000000,4.77312000,1.15190000,0.11340893,0.13559177
365.00000000,4.77312000,1.15190000,0.11347292,0.13566819
365.20000000,4.77687000,1.13920000,0.11353656,0.13574375
365.40000000,4.77575000,1.14329000,0.11359997,0.13581960
365.60000000,4.77650000,1.13932000,0.11366337,0.13589518
365.80000000,4.77650000,1.13932000,0.11372667,0.13597073
366.00000000,4.77412000,1.15081000,0.11379028,0.13604710
366.20000000,4.77837000,1.13132000,0.11385367,0.13612216
366.40000000,4.77712000,1.13750000,0.11391670,0.13619763
366.60000000,4.77675000,1.14012000,0.11397996,0.13627327
366.80000000,4.77675000,1.14012000,0.11404330,0.13634892
367.00000000,4.77762000,1.13433000,0.11410648,0.13642424
367.20000000,4.78037000,1.12668000,0.11416929,0.13649906
367.40000000,4.78137000,1.12220000,0.11423176,0.13657358
367.60000000,4.78137000,1.12220000,0.11429410,0.13664802
367.80000000,4.77600000,1.14038000,0.11435695,0.13672367
368.00000000,4.77662000,1.14134000,0.11442033,0.13679944
368.20000000,4.77987000,1.12672000,0.11448333,0.13687424
368.40000000,4.78012000,1.12400000,0.11454585,0.13694887
368.60000000,4.78012000,1.12400000,0.11460830,0.13702344
368.80000000,4.77662000,1.13945000,0.11467117,0.13709899
369.00000000,4.77400000,1.14652000,0.11473467,0.13717510
369.20000000,4.78000000,1.12470000,0.11479776,0.13724977
369.40000000,4.78000000,1.12470000,0.11486024,0.13732437
369.60000000,4.77587000,1.14131000,0.11492319,0.13740011
369.80000000,4.77775000,1.13184000,0.11498633,0.13747516
370.00000000,4.77450000,1.14729000,0.11504964,0.13755124
370.20000000,4.77450000,1.14729000,0.11511338,0.13762732
370.40000000,4.77437000,1.14662000,0.11517710,0.13770342
370.60000000,4.77862000,1.13030000,0.11524035,0.13777851
370.80000000,4.78312000,1.11590000,0.11530274,0.13785268
371.00000000,4.78562000,1.10348000,0.11536439,0.13792603
371.20000000,4.78562000,1.10348000,0.11542570,0.13799937
371.40000000,4.78550000,1.10483000,0.11548704,0.13807283
371.60000000,4.78725000,1.09897000,0.11554825,0.13814581
371.80000000,4.78175000,1.11779000,0.11560983,0.13822005
372.00000000,4.78175000,1.11779000,0.11567193,0.13829434
372.20000000,4.78487000,1.10768000,0.11573375,0.13836792
372.40000000,4.78275000,1.11766000,0.11579556,0.13844213
372.60000000,4.78100000,1.12185000,0.11585777,0.13851667
372.80000000,4.78375000,1.11328000,0.11591986,0.13859064
373.00000000,4.78375000,1.11328000,0.11598171,0.13866458
373.20000000,4.78237000,1.11692000,0.11604366,0.13873873
373.40000000,4.77987000,1.12592000,0.11610596,0.13881342
373.60000000,4.77650000,1.14137000,0.11616894,0.13888916
373.80000000,4.77750000,1.13462000,0.11623216,0.13896445
374.00000000,4.77750000,1.13462000,0.11629520,0.13903979
374.20000000,4.78125000,1.12185000,0.11635788,0.13911426
374.40000000,4.77925000,1.13030000,0.11642044,0.13918927
374.60000000,4.77850000,1.13043000,0.11648323,0.13926430
374.80000000,4.77850000,1.13043000,0.11654604,0.13933927
375.00000000,4.77512000,1.14601000,0.11660927,0.13941539
375.20000000,4.78225000,1.12003000,0.11667222,0.13948977
375.40000000,4.78137000,1.12003000,0.11673444,0.13956419
375.60000000,4.78400000,1.11347000,0.11679648,0.13963817
375.80000000,4.78400000,1.11347000,0.11685834,0.13971217
376.00000000,4.78500000,1.10547000,0.11691998,0.13978563
376.20000000,4.78437000,1.10860000,0.11698148,0.13985928
376.40000000,4.78350000,1.11328000,0.11704320,0.13993324
376.60000000,4.78350000,1.11328000,0.11710505,0.14000722
376.80000000,4.78450000,1.10608000,0.11716670,0.14008070
377.00000000,4.78300000,1.11321000,0.11722834,0.14015467
377.20000000,4.78412000,1.10998000,0.11729010,0.14022838
377.40000000,4.78150000,1.11715000,0.11735196,0.14030257
377.60000000,4.78150000,1.11715000,0.11741403,0.14037678
377.80000000,4.78262000,1.11772000,0.11747611,0.14045107
378.00000000,4.78587000,1.10374000,0.11753781,0.14052439
378.20000000,4.78237000,1.11632000,0.11759948,0.14059853
378.40000000,4.78237000,1.11632000,0.11766150,0.14067276
378.60000000,4.78712000,1.10134000,0.11772310,0.14074590
378.80000000,4.78150000,1.12000000,0.11778481,0.14082030
379.00000000,4.78325000,1.11376000,0.11784685,0.14089434
379.20000000,4.78637000,1.10188000,0.11790840,0.14096759
379.40000000,4.78637000,1.10188000,0.11796962,0.14104081
379.60000000,4.78400000,1.10969000,0.11803105,0.14111453
379.80000000,4.78362000,1.11174000,0.11809275,0.14118836
380.00000000,4.78100000,1.12249000,0.11815482,0.14126289
380.20000000,4.78175000,1.11625000,0.11821700,0.14133703
380.40000000,4.78175000,1.11625000,0.11827902,0.14141121
380.60000000,4.78512000,1.10598000,0.11834075,0.14148466
380.80000000,4.78187000,1.11683000,0.11840249,0.14155873
381.00000000,4.77512000,1.14656000,0.11846536,0.14163478
381.20000000,4.77512000,1.14656000,0.11852906,0.14171093
381.40000000,4.78200000,1.11721000,0.11859194,0.14178512
381.60000000,4.78137000,1.11824000,0.11865404,0.14185934
381.80000000,4.77887000,1.12902000,0.11871646,0.14193428
382.00000000,4.77937000,1.12876000,0.11877918,0.14200921
382.20000000,4.77937000,1.12876000,0.11884189,0.14208416
382.40000000,4.78062000,1.12208000,0.11890441,0.14215871
382.60000000,4.78400000,1.11056000,0.11896643,0.14223247
382.80000000,4.78200000,1.11804000,0.11902833,0.14230673
383.00000000,4.78200000,1.11804000,0.11909045,0.14238102
383.20000000,4.78387000,1.10870000,0.11915230,0.14245465
383.40000000,4.78175000,1.12073000,0.11921423,0.14252912
383.60000000,4.78412000,1.10956000,0.11927618,0.14260288
383.80000000,4.78662000,1.09894000,0.11933753,0.14267594
384.00000000,4.78662000,1.09894000,0.11939858,0.14274903
384.20000000,4.78862000,1.09446000,0.11945951,0.14282170
384.40000000,4.78100000,1.12102000,0.11952105,0.14289618
384.60000000,4.78337000,1.11552000,0.11958318,0.14297030
384.80000000,4.78400000,1.10908000,0.11964497,0.14304399
385.00000000,4.78400000,1.10908000,0.11970659,0.14311765
385.20000000,4.78200000,1.11852000,0.11976847,0.14319197
385.40000000,4.78362000,1.11132000,0.11983041,0.14326577
385.60000000,4.78150000,1.11974000,0.11989238,0.14334013
385.80000000,4.78150000,1.11974000,0.11995459,0.14341456
386.00000000,4.78562000,1.10582000,0.12001641,0.14348800
386.20000000,4.78175000,1.11689000,0.12007815,0.14356221
386.40000000,4.78412000,1.10844000,0.12013996,0.14363586
386.60000000,4.78425000,1.10992000,0.12020159,0.14370961
386.80000000,4.78425000,1.10992000,0.12026325,0.14378322
387.00000000,4.77487000,1.14412000,0.12032586,0.14385916
387.20000000,4.77900000,1.13030000,0.12038904,0.14393418
387.40000000,4.77875000,1.13289000,0.12045191,0.14400937
387.60000000,4.77875000,1.13289000,0.12051484,0.14408455
387.80000000,4.77787000,1.13216000,0.12057776,0.14415967
388.00000000,4.77725000,1.13708000,0.12064080,0.14423514
388.20000000,4.77887000,1.12912000,0.12070375,0.14431006
388.40000000,4.77725000,1.13593000,0.12076666,0.14438543
388.60000000,4.77725000,1.13593000,0.12082977,0.14446085
388.80000000,4.78012000,1.12726000,0.12089264,0.14453576
389.00000000,4.78512000,1.10499000,0.12095464,0.14460923
389.20000000,4.78675000,1.10006000,0.12101590,0.14468236
389.40000000,4.78600000,1.10304000,0.12107709,0.14475568
389.60000000,4.78600000,1.10304000,0.12113837,0.14482895
389.80000000,4.78275000,1.11376000,0.12119995,0.14490297
390.00000000,4.78500000,1.10659000,0.12126163,0.14497653
390.20000000,4.78612000,1.09872000,0.12132289,0.14504957
390.40000000,4.78612000,1.09872000,0.12138393,0.14512257
390.60000000,4.78375000,1.11072000,0.12144530,0.14519633
390.80000000,4.78150000,1.12092000,0.12150729,0.14527076
391.00000000,4.78062000,1.12256000,0.12156961,0.14534536
391.20000000,4.78500000,1.10870000,0.12163159,0.14541904
391.40000000,4.78500000,1.10870000,0.12169318,0.14549268
391.60000000,4.78187000,1.12099000,0.12175512,0.14556717
391.80000000,4.78437000,1.10934000,0.12181707,0.14564092
392.00000000,4.78650000,1.10259000,0.12187851,0.14571421
392.20000000,4.78650000,1.10259000,0.12193977,0.14578752
392.40000000,4.78687000,1.09766000,0.12200089,0.14586052
392.60000000,4.78825000,1.09283000,0.12206173,0.14593313
392.80000000,4.78412000,1.10947000,0.12212291,0.14600681
393.00000000,4.78162000,1.11936000,0.12218482,0.14608115
393.20000000,4.78162000,1.11936000,0.12224701,0.14615550
393.40000000,4.78225000,1.11702000,0.12230913,0.14622972
393.60000000,4.78437000,1.10803000,0.12237094,0.14630336
393.80000000,4.78500000,1.10688000,0.12243246,0.14637692
394.00000000,4.78500000,1.10688000,0.12249395,0.14645045
394.20000000,4.78275000,1.11785000,0.12255575,0.14652471
394.40000000,4.78275000,1.11302000,0.12261772,0.14659865
394.60000000,4.78325000,1.11296000,0.12267955,0.14667258
394.80000000,4.78275000,1.11446000,0.12274143,0.14674661
395.00000000,4.78275000,1.11446000,0.12280334,0.14682066
395.20000000,4.78412000,1.10944000,0.12286512,0.14689434
395.40000000,4.78125000,1.12214000,0.12292710,0.14696891
395.60000000,4.78475000,1.10691000,0.12298902,0.14704247
395.80000000,4.78612000,1.10147000,0.12305037,0.14711569
396.00000000,4.78612000,1.10147000,0.12311156,0.14718881
396.20000000,4.78025000,1.12636000,0.12317344,0.14726363
396.40000000,4.78250000,1.11446000,0.12323569,0.14733766
396.60000000,4.78250000,1.11670000,0.12329767,0.14741183
396.80000000,4.78250000,1.11670000,0.12335970,0.14748605
397.00000000,4.78500000,1.10678000,0.12342147,0.14755958
397.20000000,4.78387000,1.11145000,0.12348309,0.14763339
397.40000000,4.78087000,1.12224000,0.12354513,0.14770790
397.60000000,4.78500000,1.10662000,0.12360704,0.14778145
397.80000000,4.78500000,1.10662000,0.12366852,0.14785488
398.00000000,4.77800000,1.13446000,0.12373078,0.14793026
398.20000000,4.78412000,1.10857000,0.12379308,0.14800390
398.40000000,4.78262000,1.11667000,0.12385489,0.14807808
398.60000000,4.78262000,1.11667000,0.12391693,0.14815229
398.80000000,4.78475000,1.10889000,0.12397875,0.14822601
399.00000000,4.78675000,1.10179000,0.12404016,0.14829925
399.20000000,4.78625000,1.10419000,0.12410144,0.14837265
399.40000000,4.77950000,1.12816000,0.12416345,0.14844754
399.60000000,4.77950000,1.12816000,0.12422612,0.14852250
399.80000000,4.78375000,1.11360000,0.12428839,0.14859646
400.00000000,4.78237000,1.11632000,0.12435034,0.14867056
400.20000000,4.77925000,1.12912000,0.12441271,0.14874551
400.40000000,4.77925000,1.12912000,0.12447544,0.14882040
400.60000000,4.77512000,1.14812000,0.12453870,0.14889656
400.80000000,4.77600000,1.14016000,0.12460226,0.14897218
401.00000000,4.77575000,1.14377000,0.12466570,0.14904805
401.20000000,4.77875000,1.13398000,0.12472897,0.14912331
401.40000000,4.77875000,1.13398000,0.12479197,0.14919854
401.60000000,4.77625000,1.14041000,0.12485515,0.14927420
401.80000000,4.77725000,1.13705000,0.12491841,0.14934972
402.00000000,4.78200000,1.12012000,0.12498111,0.14942412
402.20000000,4.78200000,1.12012000,0.12504334,0.14949859
402.40000000,4.78725000,1.09385000,0.12510484,0.14957130
402.60000000,4.78550000,1.10620000,0.12516595,0.14964475
402.80000000,4.78062000,1.12185000,0.12522784,0.14971923
403.00000000,4.78062000,1.12185000,0.12529017,0.14979376
403.20000000,4.78325000,1.11168000,0.12535221,0.14986759
403.40000000,4.78137000,1.12166000,0.12541425,0.14994214
403.60000000,4.78525000,1.10300000,0.12547604,0.15001544
403.80000000,4.78525000,1.10300000,0.12553732,0.15008875
404.00000000,4.78537000,1.10547000,0.12559867,0.15016217
404.20000000,4.78175000,1.11846000,0.12566044,0.15023644
404.40000000,4.78087000,1.12118000,0.12572265,0.15031087
404.60000000,4.78012000,1.12608000,0.12578508,0.15038563
404.80000000,4.78012000,1.12608000,0.12584764,0.15046046
405.00000000,4.78412000,1.10777000,0.12590969,0.15053402
405.20000000,4.78137000,1.11923000,0.12597155,0.15060842
405.40000000,4.78575000,1.10588000,0.12603336,0.15068190
405.60000000,4.78450000,1.10672000,0.12609482,0.15075545
405.80000000,4.78450000,1.10672000,0.12615630,0.15082897
406.00000000,4.78312000,1.11388000,0.12621799,0.15090296
406.20000000,4.78287000,1.11443000,0.12627989,0.15097699
406.40000000,4.78262000,1.11289000,0.12634176,0.15105091
406.60000000,4.78262000,1.11289000,0.12640358,0.15112485
406.80000000,4.78375000,1.11142000,0.12646537,0.15119870
407.00000000,4.78425000,1.10588000,0.12652696,0.15127212
407.20000000,4.78000000,1.12611000,0.12658896,0.15134694
407.40000000,4.78387000,1.11014000,0.12665108,0.15142071
407.60000000,4.78387000,1.11014000,0.12671275,0.15149443
407.80000000,4.78125000,1.11878000,0.12677467,0.15156870
408.00000000,4.78000000,1.12940000,0.12683712,0.15164367
408.20000000,4.77950000,1.12822000,0.12689983,0.15171857
408.40000000,4.77950000,1.12822000,0.12696251,0.15179349
408.60000000,4.78175000,1.11856000,0.12702492,0.15186779
408.80000000,4.78200000,1.12060000,0.12708712,0.15194217
409.00000000,4.77962000,1.12368000,0.12714946,0.15201667
409.20000000,4.77312000,1.15241000,0.12721268,0.15209306
409.40000000,4.77312000,1.15241000,0.12727671,0.15216955
409.60000000,4.77875000,1.12889000,0.12734008,0.15224456
409.80000000,4.78400000,1.10822000,0.12740222,0.15231813
410.00000000,4.78000000,1.12777000,0.12746433,0.15239300
410.20000000,4.78000000,1.12777000,0.12752698,0.15246791
410.40000000,4.78237000,1.11430000,0.12758926,0.15254190
410.60000000,4.78087000,1.12003000,0.12765133,0.15261634
410.80000000,4.78525000,1.10649000,0.12771317,0.15268981
411.00000000,4.78025000,1.12380000,0.12777513,0.15276442
411.20000000,4.78025000,1.12380000,0.12783756,0.15283910
411.40000000,4.78462000,1.11052000,0.12789962,0.15291294
411.60000000,4.78725000,1.09990000,0.12796103,0.15298601
411.80000000,4.78350000,1.11145000,0.12802245,0.15305985
412.00000000,4.78350000,1.11145000,0.12808420,0.15313369
412.20000000,4.78350000,1.11164000,0.12814595,0.15320755
412.40000000,4.78387000,1.11014000,0.12820767,0.15328128
412.60000000,4.78137000,1.11734000,0.12826954,0.15335548
412.80000000,4.78700000,1.09942000,0.12833112,0.15342857
413.00000000,4.78700000,1.09942000,0.12839220,0.15350168
413.20000000,4.78775000,1.09484000,0.12845315,0.15357444
413.40000000,4.78487000,1.10505000,0.12851426,0.15364788
413.60000000,4.78537000,1.10473000,0.12857564,0.15372131
413.80000000,4.77512000,1.14217000,0.12863805,0.15379706
414.00000000,4.77512000,1.14217000,0.12870151,0.15387286
414.20000000,4.77812000,1.13273000,0.12876470,0.15394796
414.40000000,4.77387000,1.14755000,0.12882804,0.15402409
414.60000000,4.77675000,1.13641000,0.12889148,0.15409949
414.80000000,4.77675000,1.13641000,0.12895462,0.15417485
415.00000000,4.77487000,1.14921000,0.12901811,0.15425115
415.20000000,4.78037000,1.12524000,0.12908129,0.15432586
415.40000000,4.78025000,1.12432000,0.12914377,0.15440051
415.60000000,4.78362000,1.11267000,0.12920591,0.15447443
415.80000000,4.78362000,1.11267000,0.12926773,0.15454835
416.00000000,4.78325000,1.10883000,0.12932944,0.15462209
416.20000000,4.78825000,1.09235000,0.12939058,0.15469474
416.40000000,4.78662000,1.10012000,0.12945148,0.15476787
416.60000000,4.78662000,1.10012000,0.12951260,0.15484091
416.80000000,4.78012000,1.12569000,0.12957443,0.15491571
417.00000000,4.78437000,1.11100000,0.12963656,0.15498958
417.20000000,4.78687000,1.09651000,0.12969788,0.15506248
417.40000000,4.78687000,1.09651000,0.12975879,0.15513530
417.60000000,4.78187000,1.11692000,0.12982028,0.15520945
417.80000000,4.78000000,1.12838000,0.12988265,0.15528437
418.00000000,4.78037000,1.12422000,0.12994522,0.15535901
418.20000000,4.78450000,1.10899000,0.13000725,0.15543271
418.40000000,4.78450000,1.10899000,0.13006886,0.15550638
418.60000000,4.78350000,1.11459000,0.13013063,0.15558040
418.80000000,4.78150000,1.11795000,0.13019265,0.15565467
419.00000000,4.78312000,1.11401000,0.13025464,0.15572868
419.20000000,4.78312000,1.11401000,0.13031653,0.15580269
419.40000000,4.78362000,1.11244000,0.13037838,0.15587658
419.60000000,4.78212000,1.11596000,0.13044028,0.15595074
419.80000000,4.78512000,1.10697000,0.13050203,0.15602431
420.00000000,4.78737000,1.09555000,0.13056321,0.15609716
420.20000000,4.78737000,1.09555000,0.13062407,0.15616993
420.40000000,4.78275000,1.11488000,0.13068547,0.15624402
420.60000000,4.78475000,1.10899000,0.13074725,0.15631769
420.80000000,4.78262000,1.11516000,0.13080903,0.15639176
421.00000000,4.78262000,1.11516000,0.13087098,0.15646582
421.20000000,4.78137000,1.12080000,0.13093309,0.15654028
421.40000000,4.78375000,1.11123000,0.13099509,0.15661419
421.60000000,4.78837000,1.09116000,0.13105627,0.15668666
421.80000000,4.78187000,1.11913000,0.13111767,0.15676098
422.00000000,4.78187000,1.11913000,0.13117984,0.15683534
422.20000000,4.78362000,1.11056000,0.13124178,0.15690912
422.40000000,4.78375000,1.10985000,0.13130346,0.15698285
422.60000000,4.78262000,1.11571000,0.13136528,0.15705696
422.80000000,4.78262000,1.11571000,0.13142726,0.15713110
423.00000000,4.78450000,1.10601000,0.13148898,0.15720455
423.20000000,4.78187000,1.11769000,0.13155075,0.15727880
423.40000000,4.78300000,1.11388000,0.13161273,0.15735278
423.60000000,4.78187000,1.11660000,0.13167469,0.15742694
423.80000000,4.78187000,1.11660000,0.13173672,0.15750115
424.00000000,4.78525000,1.10723000,0.13179850,0.15757470
424.20000000,4.78250000,1.11318000,0.13186018,0.15764861
424.40000000,4.78062000,1.12294000,0.13192229,0.15772317
424.60000000,4.78062000,1.12294000,0.13198468,0.15779780
424.80000000,4.78537000,1.10438000,0.13204655,0.15787123
425.00000000,4.78737000,1.09628000,0.13210768,0.15794410
425.20000000,4.78525000,1.10595000,0.13216885,0.15801752
425.40000000,4.77987000,1.12652000,0.13223086,0.15809230
425.60000000,4.77987000,1.12652000,0.13229345,0.15816716
425.80000000,4.78437000,1.10896000,0.13235554,0.15824081
426.00000000,4.78212000,1.11827000,0.13241741,0.15831514
426.20000000,4.78512000,1.10588000,0.13247919,0.15838866
426.40000000,4.78712000,1.09971000,0.13254046,0.15846178
426.60000000,4.78712000,1.09971000,0.13260155,0.15853486
426.80000000,4.78450000,1.10697000,0.13266285,0.15860840
427.00000000,4.78362000,1.11315000,0.13272452,0.15868235
427.20000000,4.78325000,1.11305000,0.13278636,0.15875630
427.40000000,4.78325000,1.11305000,0.13284819,0.15883020
427.60000000,4.78025000,1.12384000,0.13291033,0.15890475
427.80000000,4.77650000,1.14067000,0.13297323,0.15898044
428.00000000,4.77750000,1.13468000,0.13303644,0.15905574
428.20000000,4.77825000,1.13126000,0.13309938,0.15913082
428.40000000,4.77825000,1.13126000,0.13316223,0.15920583
428.60000000,4.77437000,1.15011000,0.13322560,0.15928215
428.80000000,4.77750000,1.13395000,0.13328905,0.15935736
429.00000000,4.77575000,1.14278000,0.13335229,0.15943316
429.20000000,4.77575000,1.14278000,0.13341578,0.15950908
429.40000000,4.78337000,1.11286000,0.13347843,0.15958294
429.60000000,4.77862000,1.12953000,0.13354072,0.15965799
429.80000000,4.78375000,1.11337000,0.13360302,0.15973200
430.00000000,4.78600000,1.10294000,0.13366459,0.15980532
430.20000000,4.78600000,1.10294000,0.13372586,0.15987858
430.40000000,4.78275000,1.11398000,0.13378744,0.15995263
430.60000000,4.78587000,1.10441000,0.13384907,0.16002604
430.80000000,4.78625000,1.10035000,0.13391031,0.16009919
431.00000000,4.78625000,1.10035000,0.13397144,0.16017235
431.20000000,4.78700000,1.09712000,0.13403248,0.16024529
431.40000000,4.78700000,1.09968000,0.13409350,0.16031832
431.60000000,4.78125000,1.12019000,0.13415517,0.16039273
431.80000000,4.78300000,1.11475000,0.13421725,0.16046678
432.00000000,4.78300000,1.11475000,0.13427918,0.16054081
432.20000000,4.78125000,1.12176000,0.13434130,0.16061539
432.40000000,4.78712000,1.09651000,0.13440292,0.16068831
432.60000000,4.78800000,1.09449000,0.13446378,0.16076110
432.80000000,4.78712000,1.09907000,0.13452472,0.16083417
433.00000000,4.78712000,1.09907000,0.13458577,0.16090722
433.20000000,4.78525000,1.10467000,0.13464699,0.16098067
433.40000000,4.78762000,1.09683000,0.13470814,0.16105351
433.60000000,4.78162000,1.11891000,0.13476969,0.16112782
433.80000000,4.78162000,1.11891000,0.13483185,0.16120216
434.00000000,4.78375000,1.11312000,0.13489385,0.16127616
434.20000000,4.78662000,1.10176000,0.13495538,0.16134939
434.40000000,4.78550000,1.10300000,0.13501662,0.16142269
434.60000000,4.78437000,1.10995000,0.13507809,0.16149644
434.80000000,4.78437000,1.10995000,0.13513976,0.16157012
435.00000000,4.77937000,1.12864000,0.13520194,0.16164506
435.20000000,4.78037000,1.12323000,0.13526449,0.16171965
435.40000000,4.78137000,1.12204000,0.13532686,0.16179416
435.60000000,4.78137000,1.12204000,0.13538920,0.16186865
435.80000000,4.77962000,1.12675000,0.13545166,0.16194337
436.00000000,4.77512000,1.14492000,0.13551476,0.16201944
436.20000000,4.78362000,1.11139000,0.13557744,0.16209332
436.40000000,4.78625000,1.09881000,0.13563883,0.16216636
436.60000000,4.78625000,1.09881000,0.13569988,0.16223939
436.80000000,4.78512000,1.10694000,0.13576115,0.16231290
437.00000000,4.78125000,1.12019000,0.13582301,0.16238733
437.20000000,4.78425000,1.10796000,0.13588491,0.16246096
437.40000000,4.78425000,1.10796000,0.13594646,0.16253454
437.60000000,4.78212000,1.11785000,0.13600829,0.16260884
437.80000000,4.78537000,1.10150000,0.13606994,0.16268208
438.00000000,4.78725000,1.09782000,0.13613103,0.16275503
438.20000000,4.78425000,1.10883000,0.13619232,0.16282871
438.40000000,4.78425000,1.10883000,0.13625393,0.16290233
438.60000000,4.78075000,1.12268000,0.13631591,0.16297693
438.80000000,4.78387000,1.11193000,0.13637799,0.16305078
439.00000000,4.78225000,1.11740000,0.13643991,0.16312500
439.20000000,4.78225000,1.11740000,0.13650199,0.16319926
439.40000000,4.78512000,1.10339000,0.13656368,0.16327261
439.60000000,4.78662000,1.10067000,0.13662490,0.16334579
439.80000000,4.78662000,1.09878000,0.13668600,0.16341884
440.00000000,4.78662000,1.09878000,0.13674704,0.16349182
440.20000000,4.78237000,1.11468000,0.13680853,0.16356590
440.40000000,4.78512000,1.10825000,0.13687027,0.16363956
440.60000000,4.78537000,1.09990000,0.13693161,0.16371252
440.80000000,4.77625000,1.13948000,0.13699382,0.16378811
441.00000000,4.77625000,1.13948000,0.13705712,0.16386373
441.20000000,4.77787000,1.13200000,0.13712022,0.16393886
441.40000000,4.77900000,1.12912000,0.13718303,0.16401375
441.60000000,4.77500000,1.14582000,0.13724622,0.16408974
441.80000000,4.77500000,1.14582000,0.13730988,0.16416573
442.00000000,4.77550000,1.14198000,0.13737343,0.16424156
442.20000000,4.78062000,1.12345000,0.13743635,0.16431607
442.40000000,4.77500000,1.14566000,0.13749939,0.16439218
442.60000000,4.78337000,1.11059000,0.13756206,0.16446596
442.80000000,4.78337000,1.11059000,0.13762376,0.16453972
443.00000000,4.78212000,1.11747000,0.13768565,0.16461393
443.20000000,4.78137000,1.11958000,0.13774779,0.16468836
443.40000000,4.78612000,1.10048000,0.13780946,0.16476151
443.60000000,4.78612000,1.10048000,0.13787060,0.16483470
443.80000000,4.78825000,1.09676000,0.13793163,0.16490755
444.00000000,4.78287000,1.11289000,0.13799301,0.16498148
444.20000000,4.78312000,1.11212000,0.13805481,0.16505543
444.40000000,4.78725000,1.10096000,0.13811629,0.16512863
444.60000000,4.78725000,1.10096000,0.13817745,0.16520182
444.80000000,4.78662000,1.09923000,0.13823857,0.16527488
445.00000000,4.78537000,1.10512000,0.13829980,0.16534828
445.20000000,4.78175000,1.11760000,0.13836154,0.16542250
445.40000000,4.78175000,1.11760000,0.13842363,0.16549676
445.60000000,4.78387000,1.10937000,0.13848549,0.16557045
445.80000000,4.78287000,1.11574000,0.13854730,0.16564459
446.00000000,4.78450000,1.10870000,0.13860909,0.16571825
446.20000000,4.78337000,1.11200000,0.13867078,0.16579213
446.40000000,4.78337000,1.11200000,0.13873256,0.16586602
446.60000000,4.78462000,1.10908000,0.13879425,0.16593974
446.80000000,4.78537000,1.10409000,0.13885573,0.16601308
447.00000000,4.78325000,1.11267000,0.13891731,0.16608700
447.20000000,4.78325000,1.11267000,0.13897912,0.16616095
447.40000000,4.78500000,1.10716000,0.13904078,0.16623453
447.60000000,4.78487000,1.10505000,0.13910223,0.16630795
447.80000000,4.78387000,1.11324000,0.13916385,0.16638192
448.00000000,4.78412000,1.11203000,0.13922567,0.16645581
448.20000000,4.78412000,1.11203000,0.13928744,0.16652964
448.40000000,4.78050000,1.12374000,0.13934955,0.16660430
448.60000000,4.78337000,1.11590000,0.13941176,0.16667841
448.80000000,4.78137000,1.11792000,0.13947381,0.16675269
449.00000000,4.78412000,1.11200000,0.13953575,0.16682658
449.20000000,4.78412000,1.11200000,0.13959753,0.16690042
449.40000000,4.78112000,1.12294000,0.13965961,0.16697504
449.60000000,4.78450000,1.10556000,0.13972152,0.16704849
449.80000000,4.78337000,1.11507000,0.13978320,0.16712257
450.00000000,4.78337000,1.11507000,0.13984515,0.16719664
450.20000000,4.78262000,1.11632000,0.13990713,0.16727082
450.40000000,4.78475000,1.10329000,0.13996879,0.16734413
450.60000000,4.78412000,1.10803000,0.14003021,0.16741771
450.80000000,4.78137000,1.11782000,0.14009204,0.16749194
451.00000000,4.78137000,1.11782000,0.14015414,0.16756622
451.20000000,4.78437000,1.10544000,0.14021590,0.16763968
451.40000000,4.78412000,1.10892000,0.14027741,0.16771335
451.60000000,4.78325000,1.11283000,0.14033913,0.16778727
451.80000000,4.78325000,1.11283000,0.14040095,0.16786121
452.00000000,4.78387000,1.10857000,0.14046266,0.16793480
452.20000000,4.77925000,1.13091000,0.14052486,0.16800995
452.40000000,4.78425000,1.10774000,0.14058705,0.16808355
452.60000000,4.78387000,1.10988000,0.14064865,0.16815729
452.80000000,4.78387000,1.10988000,0.14071031,0.16823102
453.00000000,4.78300000,1.11542000,0.14077212,0.16830512
453.20000000,4.78325000,1.11260000,0.14083401,0.16837900
453.40000000,4.78112000,1.12073000,0.14089605,0.16845339
453.60000000,4.77887000,1.12851000,0.14095853,0.16852829
453.80000000,4.77887000,1.12851000,0.14102122,0.16860323
454.00000000,4.78087000,1.11926000,0.14108366,0.16867750
454.20000000,4.77762000,1.13478000,0.14114627,0.16875274
454.40000000,4.77400000,1.14944000,0.14120972,0.16882895
454.60000000,4.77400000,1.14944000,0.14127358,0.16890524
454.80000000,4.77825000,1.13155000,0.14133694,0.16898030
455.00000000,4.77662000,1.13996000,0.14140004,0.16905594
455.20000000,4.77712000,1.13696000,0.14146329,0.16913138
455.40000000,4.77762000,1.13334000,0.14152635,0.16920659
455.60000000,4.77762000,1.13334000,0.14158932,0.16928181
455.80000000,4.77875000,1.12944000,0.14165217,0.16935672
456.00000000,4.77550000,1.14432000,0.14171533,0.16943276
456.20000000,4.78450000,1.10598000,0.14177784,0.16950626
456.40000000,4.78450000,1.10598000,0.14183928,0.16957978
456.60000000,4.78662000,1.10256000,0.14190063,0.16965306
456.80000000,4.78525000,1.10684000,0.14196200,0.16972657
457.00000000,4.78150000,1.11971000,0.14202385,0.16980099
457.20000000,4.78575000,1.10499000,0.14208565,0.16987444
457.40000000,4.78575000,1.10499000,0.14214704,0.16994786
457.60000000,4.78412000,1.11158000,0.14220861,0.17002172
457.80000000,4.78400000,1.10870000,0.14227028,0.17009540
458.00000000,4.78512000,1.10812000,0.14233186,0.17016899
458.20000000,4.78100000,1.12425000,0.14239387,0.17024364
458.40000000,4.78100000,1.12425000,0.14245633,0.17031834
458.60000000,4.78375000,1.10918000,0.14251837,0.17039203
458.80000000,4.78350000,1.11462000,0.14258014,0.17046606
459.00000000,4.78237000,1.11814000,0.14264216,0.17054033
459.20000000,4.78237000,1.11814000,0.14270428,0.17061460
459.40000000,4.78250000,1.11811000,0.14276640,0.17068892
459.60000000,4.78550000,1.10636000,0.14282819,0.17076251
459.80000000,4.78900000,1.09107000,0.14288923,0.17083502
460.00000000,4.78500000,1.10860000,0.14295033,0.17090869
460.20000000,4.78500000,1.10860000,0.14301192,0.17098230
460.40000000,4.78062000,1.12416000,0.14307394,0.17105700
460.60000000,4.78462000,1.10748000,0.14313593,0.17113059
460.80000000,4.78400000,1.11462000,0.14319766,0.17120465
461.00000000,4.78400000,1.11462000,0.14325958,0.17127873
461.20000000,4.78512000,1.10553000,0.14332125,0.17135221
461.40000000,4.78600000,1.10064000,0.14338253,0.17142541
461.60000000,4.78800000,1.09526000,0.14344353,0.17149820
461.80000000,4.78550000,1.10147000,0.14350455,0.17157141
462.00000000,4.78550000,1.10147000,0.14356574,0.17164462
462.20000000,4.78512000,1.10160000,0.14362694,0.17171779
462.40000000,4.78250000,1.11251000,0.14368844,0.17179169
462.60000000,4.78287000,1.10864000,0.14375014,0.17186534
462.80000000,4.78475000,1.10441000,0.14381162,0.17193873
463.00000000,4.78475000,1.10441000,0.14387297,0.17201206
463.20000000,4.78075000,1.12195000,0.14393481,0.17208660
463.40000000,4.78312000,1.10848000,0.14399677,0.17216028
463.60000000,4.78612000,1.09849000,0.14405808,0.17223330
463.80000000,4.78612000,1.09849000,0.14411910,0.17230634
464.00000000,4.78725000,1.09558000,0.14418005,0.17237903
464.20000000,4.77725000,1.12944000,0.14424186,0.17245397
464.40000000,4.77712000,1.13328000,0.14430471,0.17252921
464.60000000,4.78000000,1.12265000,0.14436737,0.17260374
464.80000000,4.78000000,1.12265000,0.14442974,0.17267829
465.00000000,4.78100000,1.11808000,0.14449199,0.17275253
465.20000000,4.78112000,1.11900000,0.14455413,0.17282675
465.40000000,4.77562000,1.13827000,0.14461683,0.17290225
465.60000000,4.77562000,1.13827000,0.14468007,0.17297771
465.80000000,4.77312000,1.14617000,0.14474352,0.17305375
466.00000000,4.77650000,1.13734000,0.14480695,0.17312930
466.20000000,4.78300000,1.10860000,0.14486934,0.17320296
466.40000000,4.78362000,1.10684000,0.14493088,0.17327649
466.60000000,4.78362000,1.10684000,0.14499237,0.17334994
466.80000000,4.77787000,1.13011000,0.14505451,0.17342504
467.00000000,4.78450000,1.10172000,0.14511650,0.17349819
467.20000000,4.78037000,1.11939000,0.14517820,0.17357251
467.40000000,4.78037000,1.11939000,0.14524039,0.17364688
467.60000000,4.78375000,1.10937000,0.14530230,0.17372044
467.80000000,4.77400000,1.14336000,0.14536488,0.17379627
468.00000000,4.77537000,1.13968000,0.14542829,0.17387181
468.20000000,4.77225000,1.15222000,0.14549196,0.17394818
468.40000000,4.77225000,1.15222000,0.14555597,0.17402464
468.60000000,4.77737000,1.12924000,0.14561934,0.17409949
468.80000000,4.77275000,1.14896000,0.14568263,0.17417569
469.00000000,4.77512000,1.13888000,0.14574618,0.17425122
469.20000000,4.77837000,1.12608000,0.14580909,0.17432596
469.40000000,4.77837000,1.12608000,0.14587165,0.17440076
469.60000000,4.78250000,1.11264000,0.14593384,0.17447461
469.80000000,4.77912000,1.12409000,0.14599597,0.17454923
470.00000000,4.77937000,1.12281000,0.14605839,0.17462376
470.20000000,4.77937000,1.12281000,0.14612076,0.17469829
470.40000000,4.77962000,1.12451000,0.14618319,0.17477299
470.60000000,4.78275000,1.11040000,0.14624527,0.17484672
470.80000000,4.78075000,1.11977000,0.14630722,0.17492111
471.00000000,4.78300000,1.11481000,0.14636929,0.17499517
471.20000000,4.78300000,1.11481000,0.14643123,0.17506923
471.40000000,4.78362000,1.10620000,0.14649292,0.17514270
471.60000000,4.78150000,1.11606000,0.14655465,0.17521670
471.80000000,4.77412000,1.14384000,0.14661742,0.17529254
472.00000000,4.77412000,1.14384000,0.14668097,0.17536841
472.20000000,4.77575000,1.13612000,0.14674430,0.17544371
472.40000000,4.77187000,1.15305000,0.14680789,0.17552022
472.60000000,4.77725000,1.13260000,0.14687138,0.17559535
472.80000000,4.77637000,1.13603000,0.14693440,0.17567071
473.00000000,4.77637000,1.13603000,0.14699751,0.17574605
473.20000000,4.77437000,1.14502000,0.14706087,0.17582199
473.40000000,4.77562000,1.13798000,0.14712429,0.17589755
473.60000000,4.78075000,1.11734000,0.14718694,0.17597179
473.80000000,4.78400000,1.10592000,0.14724870,0.17604528
474.00000000,4.78400000,1.10592000,0.14731014,0.17611861
474.20000000,4.77425000,1.14460000,0.14737265,0.17619455
474.40000000,4.77687000,1.13158000,0.14743588,0.17626961
474.60000000,4.77625000,1.13667000,0.14749888,0.17634502
474.80000000,4.77625000,1.13667000,0.14756203,0.17642039
475.00000000,4.77437000,1.14252000,0.14762534,0.17649618
475.20000000,4.77625000,1.13539000,0.14768862,0.17657146
475.40000000,4.77387000,1.14764000,0.14775204,0.17664757
475.60000000,4.77475000,1.14105000,0.14781561,0.17672324
475.80000000,4.77475000,1.14105000,0.14787900,0.17679889
476.00000000,4.77375000,1.14521000,0.14794251,0.17687486
476.20000000,4.77637000,1.13721000,0.14800591,0.17695029
476.40000000,4.77537000,1.13734000,0.14806909,0.17702572
476.60000000,4.77537000,1.13734000,0.14813228,0.17710113
476.80000000,4.77362000,1.14464000,0.14819567,0.17717700
477.00000000,4.77225000,1.15283000,0.14825949,0.17725346
477.20000000,4.77537000,1.13798000,0.14832312,0.17732889
477.40000000,4.77287000,1.14832000,0.14838663,0.17740502
477.60000000,4.77287000,1.14832000,0.14845042,0.17748122
477.80000000,4.77775000,1.12931000,0.14851369,0.17755613
478.00000000,4.77587000,1.13545000,0.14857660,0.17763148
478.20000000,4.77837000,1.12672000,0.14863944,0.17770626
478.40000000,4.77837000,1.12672000,0.14870203,0.17778109
478.60000000,4.78200000,1.11478000,0.14876430,0.17785513
478.80000000,4.78225000,1.11139000,0.14882614,0.17792896
479.00000000,4.78275000,1.11174000,0.14888789,0.17800283
479.20000000,4.78425000,1.10364000,0.14894943,0.17807617
479.40000000,4.78425000,1.10364000,0.14901074,0.17814951
479.60000000,4.78500000,1.10259000,0.14907203,0.17822276
479.80000000,4.78325000,1.11001000,0.14913349,0.17829650
480.00000000,4.78287000,1.11020000,0.14919516,0.17837020
480.20000000,4.77987000,1.12268000,0.14925718,0.17844473
480.40000000,4.77987000,1.12268000,0.14931955,0.17851930
480.60000000,4.78237000,1.11334000,0.14938167,0.17859324
480.80000000,4.78112000,1.11657000,0.14944361,0.17866743
481.00000000,4.78425000,1.10697000,0.14950537,0.17874098
481.20000000,4.78425000,1.10697000,0.14956687,0.17881441
481.40000000,4.77575000,1.13913000,0.14962926,0.17888991
481.60000000,4.77237000,1.14819000,0.14969280,0.17896604
481.80000000,4.77350000,1.14736000,0.14975656,0.17904215
482.00000000,4.77650000,1.13436000,0.14981995,0.17911741
482.20000000,4.77650000,1.13436000,0.14988297,0.17919265
482.40000000,4.77550000,1.13766000,0.14994608,0.17926807
482.60000000,4.77362000,1.14915000,0.15000960,0.17934429
482.80000000,4.77525000,1.14211000,0.15007325,0.17942004
483.00000000,4.77525000,1.14211000,0.15013670,0.17949585
483.20000000,4.77962000,1.12096000,0.15019956,0.17957032
483.40000000,4.78300000,1.11100000,0.15026156,0.17964412
483.60000000,4.78287000,1.11088000,0.15032328,0.17971792
483.80000000,4.77987000,1.12006000,0.15038525,0.17979227
484.00000000,4.77987000,1.12006000,0.15044747,0.17986668
484.20000000,4.78275000,1.11020000,0.15050943,0.17994038
484.40000000,4.78012000,1.11996000,0.15057137,0.18001480
484.60000000,4.78437000,1.10265000,0.15063311,0.18008807
484.80000000,4.78437000,1.10265000,0.15069437,0.18016134
485.00000000,4.78412000,1.10524000,0.15075570,0.18023481
485.20000000,4.78600000,1.09619000,0.15081685,0.18030766
485.40000000,4.78525000,1.09993000,0.15087786,0.18038077
485.60000000,4.78525000,1.09993000,0.15093896,0.18045378
485.80000000,4.77900000,1.12544000,0.15100078,0.18052854
486.00000000,4.78337000,1.10793000,0.15106282,0.18060215
486.20000000,4.78325000,1.10812000,0.15112437,0.18067577
486.40000000,4.78325000,1.10812000,0.15118594,0.18074937
486.60000000,4.78237000,1.11324000,0.15124764,0.18082328
486.80000000,4.78050000,1.11884000,0.15130964,0.18089759
487.00000000,4.78150000,1.11462000,0.15137168,0.18097163
487.20000000,4.78287000,1.11056000,0.15143349,0.18104540
487.40000000,4.78287000,1.11056000,0.15149519,0.18111914
487.60000000,4.78087000,1.11536000,0.15155702,0.18119323
487.80000000,4.78262000,1.11136000,0.15161888,0.18126699
488.00000000,4.77837000,1.12764000,0.15168107,0.18134187
488.20000000,4.78125000,1.11577000,0.15174339,0.18141596
488.40000000,4.78125000,1.11577000,0.15180538,0.18149007
488.60000000,4.78200000,1.11427000,0.15186732,0.18156404
488.80000000,4.77987000,1.12025000,0.15192939,0.18163840
489.00000000,4.77925000,1.12310000,0.15199171,0.18171295
489.20000000,4.77925000,1.12310000,0.15205410,0.18178751
489.40000000,4.77950000,1.12291000,0.15211649,0.18186207
489.60000000,4.78100000,1.11817000,0.15217874,0.18193636
489.80000000,4.78325000,1.10966000,0.15224063,0.18201010
490.00000000,4.78512000,1.10492000,0.15230214,0.18208354
490.20000000,4.78512000,1.10492000,0.15236353,0.18215695
490.40000000,4.78375000,1.10512000,0.15242492,0.18223041
490.60000000,4.78600000,1.09785000,0.15248611,0.18230330
490.80000000,4.78062000,1.11987000,0.15254771,0.18237766
491.00000000,4.78062000,1.11987000,0.15260993,0.18245202
491.20000000,4.78087000,1.11744000,0.15267208,0.18252608
491.40000000,4.77200000,1.15145000,0.15273510,0.18260245
491.60000000,4.77512000,1.14099000,0.15279878,0.18267816
491.80000000,4.77787000,1.12844000,0.15286182,0.18275305
492.00000000,4.77787000,1.12844000,0.15292451,0.18282788
492.20000000,4.77487000,1.14432000,0.15298764,0.18290379
492.40000000,4.77637000,1.13366000,0.15305092,0.18297899
492.60000000,4.77587000,1.13852000,0.15311404,0.18305451
492.80000000,4.77587000,1.13852000,0.15317729,0.18313004
493.00000000,4.77625000,1.13968000,0.15324057,0.18320574
493.20000000,4.78262000,1.11158000,0.15330311,0.18327954
493.40000000,4.78037000,1.11846000,0.15336505,0.18335385
493.60000000,4.78337000,1.11139000,0.15342699,0.18342768
493.80000000,4.78337000,1.11139000,0.15348874,0.18350156
494.00000000,4.78587000,1.09993000,0.15355016,0.18357461
494.20000000,4.78162000,1.11571000,0.15361171,0.18364870
494.40000000,4.78137000,1.11612000,0.15367370,0.18372283
494.60000000,4.78200000,1.11289000,0.15373562,0.18379674
494.80000000,4.78200000,1.11289000,0.15379745,0.18387055
495.00000000,4.77537000,1.14067000,0.15386004,0.18394622
495.20000000,4.77637000,1.13779000,0.15392334,0.18402170
495.40000000,4.77637000,1.13731000,0.15398653,0.18409715
495.60000000,4.77637000,1.13731000,0.15404972,0.18417258
495.80000000,4.77512000,1.14416000,0.15411309,0.18424851
496.00000000,4.77812000,1.13273000,0.15417634,0.18432371
496.20000000,4.78037000,1.12051000,0.15423893,0.18439811
496.40000000,4.78012000,1.12387000,0.15430127,0.18447272
496.60000000,4.78012000,1.12387000,0.15436371,0.18454736
496.80000000,4.78200000,1.11580000,0.15442592,0.18462148
497.00000000,4.78275000,1.11241000,0.15448782,0.18469541
497.20000000,4.78462000,1.10432000,0.15454939,0.18476879
497.40000000,4.78462000,1.10432000,0.15461074,0.18484213
497.60000000,4.78150000,1.11894000,0.15467250,0.18491647
497.80000000,4.78350000,1.10822000,0.15473437,0.18499011
498.00000000,4.78412000,1.10924000,0.15479596,0.18506378
498.20000000,4.78212000,1.11555000,0.15485776,0.18513787
498.40000000,4.78212000,1.11555000,0.15491974,0.18521197
498.60000000,4.78237000,1.11302000,0.15498164,0.18528589
498.80000000,4.78175000,1.11894000,0.15504364,0.18536026
499.00000000,4.78562000,1.10220000,0.15510534,0.18543352
499.20000000,4.78562000,1.10220000,0.15516657,0.18550683
499.40000000,4.78875000,1.09091000,0.15522749,0.18557931
499.60000000,4.78350000,1.11001000,0.15528863,0.18565309
499.80000000,4.78612000,1.09721000,0.15534994,0.18572603
500.00000000,4.78637000,1.10032000,0.15541098,0.18579918
500.20000000,4.78637000,1.10032000,0.15547211,0.18587226
500.40000000,4.78237000,1.11369000,0.15553361,0.18594626
500.60000000,4.78375000,1.10668000,0.15559529,0.18601972
500.80000000,4.77937000,1.12748000,0.15565735,0.18609456
501.00000000,4.78525000,1.10460000,0.15571935,0.18616798
501.20000000,4.78525000,1.10460000,0.15578072,0.18624137
501.40000000,4.78412000,1.10576000,0.15584212,0.18631482
501.60000000,4.78250000,1.11507000,0.15590381,0.18638892
501.80000000,4.78450000,1.10665000,0.15596552,0.18646246
502.00000000,4.78450000,1.10665000,0.15602700,0.18653597
502.20000000,4.78287000,1.11097000,0.15608860,0.18660973
502.40000000,4.78037000,1.12252000,0.15615064,0.18668429
502.60000000,4.78200000,1.11369000,0.15621276,0.18675825
502.80000000,4.78125000,1.12003000,0.15627481,0.18683263
503.00000000,4.78125000,1.12003000,0.15633703,0.18690702
503.20000000,4.78200000,1.11724000,0.15639918,0.18698122
503.40000000,4.78187000,1.11708000,0.15646124,0.18705548
503.60000000,4.78625000,1.09958000,0.15652282,0.18712858
503.80000000,4.78625000,1.09958000,0.15658390,0.18720166
504.00000000,4.78537000,1.10380000,0.15664511,0.18727494
504.20000000,4.78012000,1.12035000,0.15670689,0.18734939
504.40000000,4.78487000,1.10572000,0.15676873,0.18742289
504.60000000,4.78550000,1.10428000,0.15683012,0.18749628
504.80000000,4.78550000,1.10428000,0.15689146,0.18756970
505.00000000,4.78662000,1.09568000,0.15695257,0.18764248
505.20000000,4.78300000,1.11216000,0.15701390,0.18771619
505.40000000,4.77162000,1.15459000,0.15707687,0.18779270
505.60000000,4.77700000,1.13657000,0.15714051,0.18786811
505.80000000,4.77700000,1.13657000,0.15720365,0.18794347
506.00000000,4.77387000,1.14780000,0.15726711,0.18801965
506.20000000,4.77862000,1.12652000,0.15733028,0.18809438
506.40000000,4.77637000,1.13593000,0.15739313,0.18816974
506.60000000,4.77637000,1.13593000,0.15745624,0.18824507
506.80000000,4.77487000,1.14508000,0.15751960,0.18832106
507.00000000,4.77825000,1.12777000,0.15758273,0.18839597
507.20000000,4.78225000,1.11516000,0.15764504,0.18846999
507.40000000,4.77937000,1.12355000,0.15770722,0.18854458
507.60000000,4.77937000,1.12355000,0.15776964,0.18861914
507.80000000,4.77825000,1.12985000,0.15783224,0.18869419
508.00000000,4.78262000,1.11513000,0.15789460,0.18876818
508.20000000,4.77712000,1.13216000,0.15795702,0.18884330
508.40000000,4.77712000,1.13216000,0.15801992,0.18891838
508.60000000,4.77512000,1.14067000,0.15808306,0.18899404
508.80000000,4.77537000,1.14272000,0.15814648,0.18906980
509.00000000,4.77362000,1.14592000,0.15821006,0.18914577
509.20000000,4.77650000,1.13737000,0.15827348,0.18922123
509.40000000,4.77650000,1.13737000,0.15833667,0.18929667
509.60000000,4.77562000,1.14121000,0.15839996,0.18937235
509.80000000,4.77512000,1.14214000,0.15846339,0.18944810
510.00000000,4.77787000,1.13145000,0.15852654,0.18952318
510.20000000,4.77787000,1.13145000,0.15858940,0.18959833
510.40000000,4.78175000,1.11347000,0.15865176,0.18967230
510.60000000,4.78312000,1.10956000,0.15871351,0.18974593
510.80000000,4.77825000,1.13001000,0.15877572,0.18982093
511.00000000,4.77825000,1.13001000,0.15883850,0.18989600
511.20000000,4.78375000,1.10745000,0.15890065,0.18996958
511.40000000,4.78325000,1.10720000,0.15896217,0.19004311
511.60000000,4.78187000,1.11273000,0.15902383,0.19011701
511.80000000,4.77975000,1.12044000,0.15908587,0.19019139
512.00000000,4.77975000,1.12044000,0.15914811,0.19026578
512.20000000,4.78025000,1.12099000,0.15921038,0.19034024
512.40000000,4.78225000,1.11436000,0.15927247,0.19041423
512.60000000,4.78050000,1.12041000,0.15933455,0.19048862
512.80000000,4.78050000,1.12041000,0.15939679,0.19056305
513.00000000,4.78287000,1.11129000,0.15945878,0.19063682
513.20000000,4.78012000,1.12339000,0.15952086,0.19071148
513.40000000,4.78450000,1.10227000,0.15958268,0.19078472
513.60000000,4.78650000,1.09779000,0.15964379,0.19085770
513.80000000,4.78650000,1.09779000,0.15970478,0.19093068
514.00000000,4.78600000,1.09964000,0.15976582,0.19100369
514.20000000,4.78100000,1.11628000,0.15982737,0.19107784
514.40000000,4.78250000,1.11372000,0.15988932,0.19115182
514.60000000,4.78250000,1.11372000,0.15995119,0.19122582
514.80000000,4.78400000,1.10723000,0.16001289,0.19129935
515.00000000,4.78137000,1.11542000,0.16007463,0.19137344
515.20000000,4.78287000,1.11126000,0.16013648,0.19144722
515.40000000,4.78000000,1.12099000,0.16019849,0.19152164
515.60000000,4.78000000,1.12099000,0.16026076,0.19159610
515.80000000,4.78212000,1.11475000,0.16032287,0.19167015
516.00000000,4.78300000,1.11132000,0.16038470,0.19174395
516.20000000,4.78112000,1.11628000,0.16044658,0.19181807
516.40000000,4.78112000,1.11628000,0.16050859,0.19189221
516.60000000,4.78212000,1.11424000,0.16057055,0.19196621
516.80000000,4.78125000,1.11635000,0.16063251,0.19204037
517.00000000,4.78350000,1.10582000,0.16069424,0.19211384
517.20000000,4.78312000,1.10950000,0.16075578,0.19218754
517.40000000,4.78312000,1.10950000,0.16081742,0.19226120
517.60000000,4.78025000,1.12112000,0.16087938,0.19233568
517.80000000,4.78300000,1.10870000,0.16094132,0.19240928
518.00000000,4.77950000,1.12396000,0.16100334,0.19248389
518.20000000,4.77950000,1.12396000,0.16106578,0.19255848
518.40000000,4.77800000,1.12857000,0.16112835,0.19263337
518.60000000,4.77825000,1.12825000,0.16119104,0.19270828
518.80000000,4.78012000,1.12147000,0.16125353,0.19278265
519.00000000,4.77462000,1.14320000,0.16131644,0.19285846
519.20000000,4.77462000,1.14320000,0.16137995,0.19293432
519.40000000,4.77812000,1.12608000,0.16144298,0.19300900
519.60000000,4.77475000,1.14134000,0.16150597,0.19308469
519.80000000,4.77462000,1.14214000,0.16156940,0.19316054
520.00000000,4.78150000,1.11724000,0.16163216,0.19323473
520.20000000,4.78150000,1.11724000,0.16169423,0.19330892
520.40000000,4.78075000,1.11654000,0.16175628,0.19338309
520.60000000,4.78325000,1.10524000,0.16181799,0.19345657
520.80000000,4.78637000,1.09721000,0.16187917,0.19352951
521.00000000,4.78637000,1.09721000,0.16194013,0.19360241
521.20000000,4.78425000,1.10512000,0.16200130,0.19367582
521.40000000,4.78237000,1.11260000,0.16206291,0.19374972
521.60000000,4.78262000,1.11436000,0.16212477,0.19382362
521.80000000,4.77487000,1.14224000,0.16218745,0.19389937
522.00000000,4.77487000,1.14224000,0.16225091,0.19397513
522.20000000,4.77525000,1.13779000,0.16231424,0.19405060
522.40000000,4.77600000,1.13868000,0.16237748,0.19412614
522.60000000,4.77625000,1.13747000,0.16244071,0.19420160
522.80000000,4.77625000,1.13747000,0.16250390,0.19427708
523.00000000,4.77787000,1.13158000,0.16256693,0.19435210
523.20000000,4.77312000,1.15072000,0.16263032,0.19442846
523.40000000,4.77800000,1.13036000,0.16269369,0.19450348
523.60000000,4.77875000,1.12803000,0.16275642,0.19457835
523.80000000,4.77875000,1.12803000,0.16281909,0.19465320
524.00000000,4.77762000,1.13500000,0.16288195,0.19472861
524.20000000,4.78325000,1.10803000,0.16294426,0.19480223
524.40000000,4.78387000,1.10886000,0.16300584,0.19487590
524.60000000,4.78387000,1.10886000,0.16306744,0.19494955
524.80000000,4.78237000,1.11625000,0.16312925,0.19502373
525.00000000,4.78450000,1.10326000,0.16319090,0.19509706
525.20000000,4.78550000,1.10470000,0.16325223,0.19517038
525.40000000,4.77900000,1.12896000,0.16331428,0.19524532
525.60000000,4.77900000,1.12896000,0.16337700,0.19532029
525.80000000,4.78150000,1.11689000,0.16343939,0.19539455
526.00000000,4.78700000,1.09910000,0.16350094,0.19546757
526.20000000,4.78337000,1.11065000,0.16356232,0.19554134
526.40000000,4.78250000,1.11433000,0.16362413,0.19561536
526.60000000,4.78250000,1.11433000,0.16368604,0.19568943
526.80000000,4.78575000,1.10211000,0.16374760,0.19576269
527.00000000,4.78587000,1.09932000,0.16380875,0.19583568
527.20000000,4.78100000,1.11891000,0.16387037,0.19590998
527.40000000,4.78100000,1.11891000,0.16393253,0.19598433
527.60000000,4.78387000,1.11052000,0.16399446,0.19605805
527.80000000,4.78012000,1.11971000,0.16405641,0.19613245
528.00000000,4.78387000,1.10844000,0.16411831,0.19620610
528.20000000,4.78212000,1.11504000,0.16418007,0.19628016
528.40000000,4.78212000,1.11504000,0.16424202,0.19635421
528.60000000,4.78162000,1.11459000,0.16430395,0.19642820
528.80000000,4.77962000,1.12496000,0.16436616,0.19650292
529.00000000,4.78212000,1.11417000,0.16442836,0.19657692
529.20000000,4.78212000,1.11417000,0.16449026,0.19665092
529.40000000,4.78200000,1.11318000,0.16455213,0.19672487
529.60000000,4.78325000,1.11171000,0.16461393,0.19679875
529.80000000,4.78450000,1.10396000,0.16467548,0.19687210
530.00000000,4.78450000,1.10396000,0.16473681,0.19694550
530.20000000,4.78650000,1.09721000,0.16479795,0.19701841
530.40000000,4.78487000,1.10627000,0.16485916,0.19709185
530.60000000,4.77937000,1.12406000,0.16492111,0.19716646
530.80000000,4.78200000,1.11411000,0.16498328,0.19724046
531.00000000,4.78200000,1.11411000,0.16504518,0.19731447
531.20000000,4.78312000,1.11241000,0.16510703,0.19738838
531.40000000,4.78387000,1.10774000,0.16516870,0.19746201
531.60000000,4.78575000,1.10284000,0.16523010,0.19753532
531.80000000,4.78575000,1.10284000,0.16529137,0.19760854
532.00000000,4.78062000,1.12041000,0.16535313,0.19768299
532.20000000,4.78400000,1.10492000,0.16541494,0.19775637
532.40000000,4.78200000,1.11619000,0.16547664,0.19783051
532.60000000,4.78187000,1.11408000,0.16553859,0.19790450
532.80000000,4.78187000,1.11408000,0.16560048,0.19797854
533.00000000,4.78512000,1.10240000,0.16566205,0.19805182
533.20000000,4.78600000,1.10230000,0.16572330,0.19812501
533.40000000,4.78075000,1.11881000,0.16578499,0.19819930
533.60000000,4.78075000,1.11881000,0.16584715,0.19827358
533.80000000,4.78037000,1.12137000,0.16590938,0.19834806
534.00000000,4.78212000,1.11356000,0.16597146,0.19842206
534.20000000,4.78462000,1.10512000,0.16603309,0.19849545
534.40000000,4.78137000,1.11913000,0.16609487,0.19856977
534.60000000,4.78137000,1.11913000,0.16615705,0.19864411
534.80000000,4.78312000,1.11046000,0.16621898,0.19871790
535.00000000,4.78412000,1.10502000,0.16628052,0.19879123
535.20000000,4.77812000,1.13366000,0.16634271,0.19886646
535.40000000,4.77837000,1.13011000,0.16640559,0.19894147
535.60000000,4.77837000,1.13011000,0.16646837,0.19901649
535.80000000,4.78000000,1.12332000,0.16653097,0.19909102
536.00000000,4.77675000,1.13779000,0.16659378,0.19916647
536.20000000,4.77487000,1.14233000,0.16665711,0.19924223
536.40000000,4.77487000,1.14233000,0.16672058,0.19931805
536.60000000,4.77887000,1.12848000,0.16678365,0.19939298
536.80000000,4.78062000,1.12131000,0.16684615,0.19946743
537.00000000,4.78075000,1.11820000,0.16690836,0.19954176
537.20000000,4.78600000,1.10118000,0.16697001,0.19961496
537.40000000,4.78600000,1.10118000,0.16703118,0.19968809
537.60000000,4.78150000,1.11731000,0.16709281,0.19976234
537.80000000,4.78475000,1.10371000,0.16715450,0.19983567
538.00000000,4.78362000,1.11052000,0.16721601,0.19990945
538.20000000,4.78362000,1.11052000,0.16727770,0.19998319
538.40000000,4.78100000,1.11894000,0.16733963,0.20005755
538.60000000,4.78462000,1.10339000,0.16740137,0.20013086
538.80000000,4.78362000,1.10956000,0.16746284,0.20020458
539.00000000,4.78362000,1.10956000,0.16752448,0.20027827
539.20000000,4.78212000,1.11456000,0.16758626,0.20035233
539.40000000,4.78412000,1.10704000,0.16764797,0.20042590
539.60000000,4.78512000,1.10614000,0.16770945,0.20049937
539.80000000,4.78225000,1.11641000,0.16777119,0.20057352
540.00000000,4.78225000,1.11641000,0.16783321,0.20064770
540.20000000,4.78375000,1.10931000,0.16789503,0.20072135
540.40000000,4.78012000,1.12540000,0.16795711,0.20079611
540.60000000,4.78300000,1.11046000,0.16801922,0.20086993
540.80000000,4.78625000,1.09849000,0.16808058,0.20094295
541.00000000,4.78625000,1.09849000,0.16814160,0.20101592
541.20000000,4.78262000,1.11507000,0.16820309,0.20108996
541.40000000,4.78087000,1.11872000,0.16826514,0.20116423
541.60000000,4.77975000,1.12544000,0.16832748,0.20123894
541.80000000,4.77975000,1.12544000,0.16839000,0.20131371
542.00000000,4.78350000,1.11072000,0.16845212,0.20138747
542.20000000,4.78137000,1.11692000,0.16851400,0.20146168
542.40000000,4.78362000,1.11209000,0.16857591,0.20153558
542.60000000,4.78437000,1.10665000,0.16863755,0.20160911
542.80000000,4.78437000,1.10665000,0.16869903,0.20168258
543.00000000,4.77987000,1.12396000,0.16876099,0.20175726
543.20000000,4.78412000,1.10995000,0.16882304,0.20183101
543.40000000,4.78412000,1.10681000,0.16888462,0.20190456
543.60000000,4.78412000,1.10681000,0.16894611,0.20197806
543.80000000,4.78162000,1.11904000,0.16900794,0.20205241
544.00000000,4.78362000,1.10902000,0.16906983,0.20212614
544.20000000,4.78687000,1.09731000,0.16913111,0.20219903
544.40000000,4.78225000,1.11763000,0.16919264,0.20227326
544.60000000,4.78225000,1.11763000,0.16925473,0.20234752
544.80000000,4.78387000,1.10790000,0.16931655,0.20242117
545.00000000,4.78625000,1.10076000,0.16937790,0.20249437
545.20000000,4.78825000,1.09283000,0.16943884,0.20256703
545.40000000,4.78687000,1.09510000,0.16949961,0.20263983
545.60000000,4.78687000,1.09510000,0.16956045,0.20271262
545.80000000,4.78537000,1.10624000,0.16962160,0.20278606
546.00000000,4.77975000,1.12435000,0.16968356,0.20286079
546.20000000,4.78600000,1.10048000,0.16974536,0.20293395
546.40000000,4.78600000,1.10048000,0.16980650,0.20300712
546.60000000,4.78725000,1.09910000,0.16986760,0.20308017
546.80000000,4.78575000,1.10268000,0.16992876,0.20315337
547.00000000,4.77937000,1.12864000,0.16999074,0.20322837
547.20000000,4.78437000,1.10998000,0.17005292,0.20330212
547.40000000,4.78437000,1.10998000,0.17011459,0.20337584
547.60000000,4.78162000,1.11676000,0.17017644,0.20345004
547.80000000,4.78400000,1.10844000,0.17023825,0.20352360
548.00000000,4.77825000,1.13081000,0.17030045,0.20359865
548.20000000,4.77825000,1.13081000,0.17036328,0.20367378
548.40000000,4.78362000,1.10819000,0.17042547,0.20374744
548.60000000,4.78562000,1.10320000,0.17048690,0.20382058
548.80000000,4.77387000,1.14934000,0.17054947,0.20389683
549.00000000,4.77662000,1.13638000,0.17061296,0.20397222
549.20000000,4.77662000,1.13638000,0.17067609,0.20404759
549.40000000,4.77537000,1.14339000,0.17073942,0.20412346
549.60000000,4.77775000,1.13168000,0.17080262,0.20419859
549.80000000,4.77950000,1.12582000,0.17086533,0.20427332
550.00000000,4.77950000,1.12582000,0.17092787,0.20434803
550.20000000,4.77800000,1.13449000,0.17099066,0.20442335
550.40000000,4.78025000,1.12208000,0.17105334,0.20449795
550.60000000,4.78650000,1.09910000,0.17111504,0.20457099
550.80000000,4.78475000,1.10608000,0.17117629,0.20464449
551.00000000,4.78475000,1.10608000,0.17123774,0.20471792
551.20000000,4.78000000,1.12208000,0.17129964,0.20479250
551.40000000,4.78550000,1.10339000,0.17136146,0.20486584
551.60000000,4.78525000,1.10288000,0.17142274,0.20493906
551.80000000,4.78050000,1.12028000,0.17148450,0.20501345
552.00000000,4.78050000,1.12028000,0.17154673,0.20508790
552.20000000,4.78512000,1.10515000,0.17160855,0.20516136
552.40000000,4.78612000,1.10006000,0.17166981,0.20523449
552.60000000,4.78650000,1.09680000,0.17173083,0.20530741
552.80000000,4.78650000,1.09680000,0.17179176,0.20538028
553.00000000,4.78400000,1.10867000,0.17185303,0.20545391
553.20000000,4.78162000,1.11689000,0.17191485,0.20552815
553.40000000,4.78537000,1.10256000,0.17197650,0.20560143
553.60000000,4.78562000,1.10339000,0.17203778,0.20567477
553.80000000,4.78562000,1.10339000,0.17209908,0.20574802
554.00000000,4.77987000,1.12230000,0.17216090,0.20582260
554.20000000,4.78450000,1.10518000,0.17222277,0.20589608
554.40000000,4.78737000,1.09590000,0.17228392,0.20596895
554.60000000,4.78737000,1.09590000,0.17234480,0.20604176
554.80000000,4.78387000,1.10636000,0.17240597,0.20611525
555.00000000,4.78262000,1.11414000,0.17246765,0.20618922
555.20000000,4.78012000,1.12003000,0.17252971,0.20626362
555.40000000,4.78225000,1.11449000,0.17259178,0.20633764
555.60000000,4.78225000,1.11449000,0.17265370,0.20641170
555.80000000,4.78462000,1.10643000,0.17271539,0.20648519
556.00000000,4.78225000,1.11174000,0.17277701,0.20655904
556.20000000,4.78262000,1.11465000,0.17283885,0.20663308
556.40000000,4.78262000,1.11465000,0.17290078,0.20670709
556.60000000,4.78075000,1.12147000,0.17296289,0.20678161
556.80000000,4.78400000,1.10400000,0.17302471,0.20685497
557.00000000,4.78487000,1.10521000,0.17308608,0.20692837
557.20000000,4.78137000,1.11798000,0.17314783,0.20700261
557.40000000,4.78137000,1.11798000,0.17320994,0.20707690
557.60000000,4.78437000,1.10428000,0.17327167,0.20715030
557.80000000,4.78550000,1.10400000,0.17333301,0.20722366
558.00000000,4.78437000,1.10569000,0.17339439,0.20729713
558.20000000,4.78437000,1.10569000,0.17345582,0.20737057
558.40000000,4.78225000,1.11427000,0.17351749,0.20744460
558.60000000,4.78350000,1.11068000,0.17357929,0.20751832
558.80000000,4.77900000,1.12569000,0.17364141,0.20759304
559.00000000,4.77900000,1.12569000,0.17370395,0.20766783
559.20000000,4.78350000,1.11030000,0.17376606,0.20774163
559.40000000,4.78587000,1.10137000,0.17382750,0.20781483
559.60000000,4.78512000,1.10016000,0.17388865,0.20788794
559.80000000,4.78050000,1.12204000,0.17395038,0.20796244
560.00000000,4.78050000,1.12204000,0.17401271,0.20803695
560.20000000,4.78112000,1.11881000,0.17407496,0.20811132
560.40000000,4.78625000,1.09747000,0.17413652,0.20818424
560.60000000,4.78337000,1.10899000,0.17419781,0.20825791
560.80000000,4.78337000,1.10899000,0.17425942,0.20833157
561.00000000,4.78187000,1.11580000,0.17432122,0.20840567
561.20000000,4.78150000,1.11744000,0.17438326,0.20847994
561.40000000,4.78600000,1.10096000,0.17444488,0.20855309
561.60000000,4.78375000,1.10886000,0.17450626,0.20862677
561.80000000,4.78375000,1.10886000,0.17456787,0.20870039
562.00000000,4.78025000,1.12256000,0.17462985,0.20877490
562.20000000,4.77950000,1.12240000,0.17469221,0.20884934
562.40000000,4.77487000,1.14534000,0.17475520,0.20892530
562.60000000,4.77487000,1.14534000,0.17481883,0.20900128
562.80000000,4.77675000,1.13993000,0.17488231,0.20907691
563.00000000,4.77700000,1.13484000,0.17494550,0.20915218
563.20000000,4.77562000,1.14323000,0.17500878,0.20922805
563.40000000,4.77800000,1.13244000,0.17507199,0.20930320
563.60000000,4.77800000,1.13244000,0.17513491,0.20937834
563.80000000,4.77762000,1.13084000,0.17519778,0.20945345
564.00000000,4.78212000,1.11696000,0.17526021,0.20952766
564.20000000,4.78337000,1.11116000,0.17532211,0.20960148
564.40000000,4.78337000,1.11116000,0.17538384,0.20967530
564.60000000,4.78362000,1.10995000,0.17544554,0.20974907
564.80000000,4.78512000,1.10537000,0.17550707,0.20982255
565.00000000,4.78637000,1.09814000,0.17556828,0.20989557
565.20000000,4.78737000,1.09520000,0.17562921,0.20996839
565.40000000,4.78737000,1.09520000,0.17569005,0.21004118
565.60000000,4.78537000,1.10476000,0.17575116,0.21011456
565.80000000,4.78200000,1.11385000,0.17581279,0.21018855
566.00000000,4.78300000,1.11401000,0.17587467,0.21026255
566.20000000,4.78300000,1.11401000,0.17593656,0.21033652
566.40000000,4.78025000,1.12208000,0.17599868,0.21041105
566.60000000,4.78275000,1.11065000,0.17606070,0.21048478
566.80000000,4.77962000,1.12771000,0.17612287,0.21055970
567.00000000,4.78312000,1.11420000,0.17618515,0.21063372
567.20000000,4.78312000,1.11420000,0.17624705,0.21070774
567.40000000,4.78312000,1.11209000,0.17630889,0.21078163
567.60000000,4.78437000,1.10956000,0.17637060,0.21085536
567.80000000,4.78400000,1.10787000,0.17643220,0.21092890
568.00000000,4.77925000,1.12608000,0.17649425,0.21100364
568.20000000,4.77925000,1.12608000,0.17655681,0.21107846
568.40000000,4.78350000,1.11180000,0.17661898,0.21115229
568.60000000,4.78162000,1.11872000,0.17668094,0.21122662
568.80000000,4.78325000,1.11283000,0.17674292,0.21130054
569.00000000,4.78325000,1.11283000,0.17680475,0.21137447
569.20000000,4.78275000,1.11683000,0.17686668,0.21144868
569.40000000,4.78425000,1.10544000,0.17692841,0.21152210
569.60000000,4.78200000,1.11760000,0.17699016,0.21159636
569.80000000,4.78450000,1.10518000,0.17705191,0.21166980
570.00000000,4.78450000,1.10518000,0.17711331,0.21174326
570.20000000,4.78575000,1.10140000,0.17717460,0.21181644
570.40000000,4.78362000,1.11171000,0.17723607,0.21189026
570.60000000,4.78112000,1.11795000,0.17729801,0.21196450
570.80000000,4.78112000,1.11795000,0.17736012,0.21203878
571.00000000,4.78362000,1.11075000,0.17742203,0.21211258
571.20000000,4.78387000,1.11075000,0.17748373,0.21218637
571.40000000,4.78325000,1.11174000,0.17754547,0.21226027
571.60000000,4.78600000,1.10345000,0.17760700,0.21233362
571.80000000,4.78600000,1.10345000,0.17766831,0.21240696
572.00000000,4.78550000,1.10332000,0.17772961,0.21248023
572.20000000,4.78187000,1.11747000,0.17779129,0.21255431
572.40000000,4.77287000,1.15443000,0.17785440,0.21263092
572.60000000,4.77825000,1.13033000,0.17791787,0.21270594
572.80000000,4.77825000,1.13033000,0.17798066,0.21278089
573.00000000,4.77437000,1.14560000,0.17804388,0.21285692
573.20000000,4.77837000,1.13392000,0.17810720,0.21293214
573.40000000,4.77612000,1.13977000,0.17817036,0.21300775
573.60000000,4.77612000,1.13977000,0.17823368,0.21308335
573.80000000,4.77612000,1.14134000,0.17829705,0.21315912
574.00000000,4.77987000,1.12569000,0.17836002,0.21323385
574.20000000,4.77950000,1.12419000,0.17842252,0.21330855
574.40000000,4.78425000,1.11190000,0.17848463,0.21338243
574.60000000,4.78425000,1.11190000,0.17854640,0.21345629
574.80000000,4.78287000,1.11104000,0.17860815,0.21353012
575.00000000,4.78425000,1.10633000,0.17866974,0.21360365
575.20000000,4.78537000,1.10579000,0.17873119,0.21367715
575.40000000,4.78537000,1.10579000,0.17879263,0.21375056
575.60000000,4.78012000,1.12198000,0.17885451,0.21382501
575.80000000,4.77750000,1.13340000,0.17891716,0.21390025
576.00000000,4.77975000,1.12595000,0.17897992,0.21397499
576.20000000,4.77925000,1.12595000,0.17904247,0.21404973
576.40000000,4.77925000,1.12595000,0.17910502,0.21412442
576.60000000,4.77650000,1.14176000,0.17916801,0.21420019
576.80000000,4.77825000,1.13283000,0.17923120,0.21427539
577.00000000,4.77937000,1.12787000,0.17929399,0.21435026
577.20000000,4.77937000,1.12787000,0.17935665,0.21442506
577.40000000,4.77500000,1.14467000,0.17941978,0.21450107
577.60000000,4.78125000,1.11680000,0.17948260,0.21457526
577.80000000,4.78275000,1.11545000,0.17954461,0.21464936
578.00000000,4.78275000,1.11516000,0.17960657,0.21472343
578.20000000,4.78275000,1.11516000,0.17966852,0.21479753
578.40000000,4.78412000,1.10880000,0.17973030,0.21487123
578.60000000,4.78575000,1.10672000,0.17979184,0.21494476
578.80000000,4.78350000,1.11075000,0.17985344,0.21501853
579.00000000,4.78225000,1.11564000,0.17991528,0.21509264
579.20000000,4.78225000,1.11564000,0.17997726,0.21516679
579.40000000,4.78575000,1.10377000,0.18003891,0.21524011
579.60000000,4.78287000,1.11404000,0.18010052,0.21531413
579.80000000,4.78375000,1.11376000,0.18016240,0.21538813
580.00000000,4.78375000,1.11376000,0.18022427,0.21546216
580.20000000,4.78562000,1.10518000,0.18028591,0.21553561
580.40000000,4.78525000,1.10425000,0.18034729,0.21560901
580.60000000,4.78612000,1.10195000,0.18040857,0.21568220
580.80000000,4.78212000,1.11596000,0.18047018,0.21575632
581.00000000,4.78212000,1.11596000,0.18053217,0.21583050
581.20000000,4.78587000,1.10128000,0.18059376,0.21590372
581.40000000,4.78662000,1.10195000,0.18065497,0.21597697
581.60000000,4.78625000,1.10163000,0.18071618,0.21605020
581.80000000,4.78625000,1.10163000,0.18077738,0.21612342
582.00000000,4.78537000,1.10633000,0.18083871,0.21619688
582.20000000,4.78100000,1.12227000,0.18090062,0.21627136
582.40000000,4.77837000,1.13113000,0.18096321,0.21634640
582.60000000,4.77612000,1.14198000,0.18102635,0.21642215
582.80000000,4.77612000,1.14198000,0.18108980,0.21649794
583.00000000,4.77862000,1.13062000,0.18115292,0.21657293
583.20000000,4.77525000,1.14380000,0.18121610,0.21664886
583.40000000,4.77950000,1.12972000,0.18127925,0.21672385
583.60000000,4.77875000,1.13033000,0.18134203,0.21679887
583.80000000,4.77875000,1.13033000,0.18140483,0.21687386
584.00000000,4.77662000,1.13990000,0.18146789,0.21694946
584.20000000,4.77537000,1.14438000,0.18153134,0.21702540
584.40000000,4.77750000,1.13452000,0.18159465,0.21710068
584.60000000,4.77750000,1.13452000,0.18165768,0.21717591
584.80000000,4.77462000,1.14803000,0.18172108,0.21725209
585.00000000,4.77762000,1.13430000,0.18178448,0.21732740
585.20000000,4.78025000,1.12537000,0.18184725,0.21740212
585.40000000,4.78025000,1.12537000,0.18190977,0.21747680
585.60000000,4.77837000,1.13107000,0.18197245,0.21755181
585.80000000,4.77450000,1.14668000,0.18203572,0.21762789
586.00000000,4.77700000,1.13715000,0.18209916,0.21770334
586.20000000,4.77750000,1.13577000,0.18216229,0.21777870
586.40000000,4.77750000,1.13577000,0.18222539,0.21785415
586.60000000,4.78312000,1.11299000,0.18228786,0.21792815
586.80000000,4.78662000,1.09961000,0.18234932,0.21800119
587.00000000,4.78262000,1.11260000,0.18241077,0.21807509
587.20000000,4.78262000,1.11260000,0.18247258,0.21814899
587.40000000,4.78200000,1.11769000,0.18253453,0.21822327
587.60000000,4.78512000,1.10592000,0.18259630,0.21829678
587.80000000,4.78562000,1.10140000,0.18265761,0.21836998
588.00000000,4.78050000,1.12476000,0.18271945,0.21844466
588.20000000,4.78050000,1.12476000,0.18278194,0.21851937
588.40000000,4.78225000,1.11686000,0.18284421,0.21859354
588.60000000,4.78112000,1.11964000,0.18290633,0.21866791
588.80000000,4.78262000,1.11747000,0.18296847,0.21874214
589.00000000,4.77937000,1.12512000,0.18303077,0.21881682
589.20000000,4.77937000,1.12512000,0.18309327,0.21889149
589.40000000,4.77812000,1.13142000,0.18315595,0.21896653
589.60000000,4.77525000,1.14332000,0.18321914,0.21904239
589.80000000,4.77737000,1.13382000,0.18328240,0.21911762
590.00000000,4.77737000,1.13382000,0.18334539,0.21919280
590.20000000,4.77437000,1.14649000,0.18340873,0.21926888
590.40000000,4.77787000,1.13360000,0.18347206,0.21934413
590.60000000,4.77900000,1.12598000,0.18353483,0.21941886
590.80000000,4.78012000,1.12483000,0.18359735,0.21949354
591.00000000,4.78012000,1.12483000,0.18365984,0.21956824
591.20000000,4.78137000,1.11740000,0.18372213,0.21964245
591.40000000,4.78187000,1.11545000,0.18378415,0.21971653
591.60000000,4.78162000,1.11827000,0.18384620,0.21979080
591.80000000,4.78225000,1.11344000,0.18390819,0.21986475
592.00000000,4.78225000,1.11344000,0.18397005,0.21993877
592.20000000,4.78625000,1.10067000,0.18403155,0.22001191
592.40000000,4.78475000,1.10569000,0.18409284,0.22008534
592.60000000,4.78162000,1.11795000,0.18415461,0.22015959
592.80000000,4.78162000,1.11795000,0.18421672,0.22023387
593.00000000,4.78412000,1.11014000,0.18427861,0.22030766
593.20000000,4.78587000,1.10028000,0.18434001,0.22038078
593.40000000,4.78487000,1.10704000,0.18440132,0.22045435
593.60000000,4.78775000,1.09644000,0.18446253,0.22052726
593.80000000,4.78775000,1.09644000,0.18452344,0.22060008
594.00000000,4.78175000,1.11459000,0.18458486,0.22067415
594.20000000,4.78437000,1.10921000,0.18464663,0.22074778
594.40000000,4.77987000,1.12444000,0.18470868,0.22082243
594.60000000,4.78325000,1.11225000,0.18477081,0.22089632
594.80000000,4.78325000,1.11225000,0.18483260,0.22097026
595.00000000,4.78600000,1.10316000,0.18489414,0.22104359
595.20000000,4.78650000,1.09811000,0.18495529,0.22111659
595.40000000,4.78275000,1.11366000,0.18501672,0.22119057
595.60000000,4.78275000,1.11366000,0.18507859,0.22126451
595.80000000,4.78037000,1.12342000,0.18514073,0.22133917
596.00000000,4.78462000,1.10636000,0.18520267,0.22141266
596.20000000,4.78250000,1.11651000,0.18526442,0.22148682
596.40000000,4.78250000,1.11651000,0.18532645,0.22156104
596.60000000,4.78612000,1.10169000,0.18538806,0.22163419
596.80000000,4.78075000,1.12211000,0.18544984,0.22170872
597.00000000,4.78212000,1.11808000,0.18551206,0.22178298
597.20000000,4.78350000,1.10985000,0.18557395,0.22185671
597.40000000,4.78350000,1.10985000,0.18563561,0.22193047
597.60000000,4.78487000,1.10601000,0.18569716,0.22200392
597.80000000,4.78175000,1.11718000,0.18575892,0.22207819
598.00000000,4.78625000,1.09993000,0.18582050,0.22215131
598.20000000,4.78625000,1.09993000,0.18588161,0.22222439
598.40000000,4.78400000,1.11187000,0.18594305,0.22229826
598.60000000,4.78312000,1.11372000,0.18600487,0.22237227
598.80000000,4.78475000,1.10569000,0.18606652,0.22244575
599.00000000,4.78475000,1.10569000,0.18612795,0.22251917
599.20000000,4.78087000,1.12512000,0.18618992,0.22259390
599.40000000,4.78275000,1.11209000,0.18625206,0.22266786
599.60000000,4.78787000,1.09670000,0.18631342,0.22274069
599.80000000,4.78175000,1.11686000,0.18637490,0.22281487
600.00000000,4.78175000,1.11686000,0.18643695,0.22288908
600.20000000,4.78425000,1.10742000,0.18649874,0.22296268
600.40000000,4.78537000,1.10608000,0.18656022,0.22303621
600.60000000,4.78662000,1.09843000,0.18662146,0.22310924
600.80000000,4.78237000,1.11376000,0.18668291,0.22318322
601.00000000,4.78237000,1.11376000,0.18674478,0.22325725
601.20000000,4.78562000,1.10355000,0.18680638,0.22333058
601.40000000,4.78437000,1.10608000,0.18686775,0.22340413
601.60000000,4.78812000,1.09436000,0.18692888,0.22347691
601.80000000,4.78812000,1.09436000,0.18698968,0.22354969
602.00000000,4.78812000,1.09580000,0.18705051,0.22362254
602.20000000,4.78700000,1.09523000,0.18711138,0.22369524
602.40000000,4.77925000,1.12915000,0.18717316,0.22377021
602.60000000,4.78025000,1.12444000,0.18723576,0.22384486
602.80000000,4.78025000,1.12444000,0.18729823,0.22391952
603.00000000,4.78050000,1.12246000,0.18736065,0.22399402
603.20000000,4.77850000,1.13366000,0.18742332,0.22406917
603.40000000,4.77312000,1.15206000,0.18748681,0.22414554
603.60000000,4.77312000,1.15206000,0.18755081,0.22422201
603.80000000,4.77875000,1.13001000,0.18761420,0.22429696
604.00000000,4.77575000,1.14064000,0.18767728,0.22437262
604.20000000,4.77575000,1.13865000,0.18774059,0.22444822
604.40000000,4.78025000,1.12409000,0.18780344,0.22452285
604.60000000,4.78025000,1.12409000,0.18786589,0.22459749
604.80000000,4.78100000,1.12073000,0.18792825,0.22467199
605.00000000,4.78600000,1.10153000,0.18798998,0.22474521
605.20000000,4.78600000,1.10246000,0.18805120,0.22481849
605.40000000,4.78600000,1.10246000,0.18811245,0.22489168
605.60000000,4.77962000,1.12572000,0.18817434,0.22496647
605.80000000,4.78362000,1.11123000,0.18823648,0.22504025
606.00000000,4.78025000,1.12412000,0.18829857,0.22511493
606.20000000,4.78375000,1.10688000,0.18836055,0.22518848
606.40000000,4.78375000,1.10688000,0.18842204,0.22526202
606.60000000,4.78375000,1.11161000,0.18848366,0.22533587
606.80000000,4.78312000,1.11062000,0.18854539,0.22540966
607.00000000,4.78400000,1.10624000,0.18860697,0.22548322
607.20000000,4.78750000,1.09702000,0.18866817,0.22555616
607.40000000,4.78750000,1.09702000,0.18872912,0.22562903
607.60000000,4.78275000,1.11052000,0.18879044,0.22570277
607.80000000,4.78050000,1.12220000,0.18885246,0.22577728
608.00000000,4.78100000,1.12022000,0.18891475,0.22585167
608.20000000,4.78100000,1.12022000,0.18897698,0.22592604
608.40000000,4.78025000,1.12262000,0.18903928,0.22600054
608.60000000,4.77800000,1.13209000,0.18910192,0.22607572
608.80000000,4.78150000,1.12073000,0.18916449,0.22615011
609.00000000,4.77875000,1.12780000,0.18922695,0.22622496
609.20000000,4.77875000,1.12780000,0.18928961,0.22629976
609.40000000,4.77525000,1.14220000,0.18935266,0.22637550
609.60000000,4.77412000,1.14611000,0.18941623,0.22645153
609.80000000,4.77650000,1.13664000,0.18947964,0.22652694
610.00000000,4.77650000,1.13664000,0.18954278,0.22660248
610.20000000,4.78525000,1.10467000,0.18960504,0.22667594
610.40000000,4.78812000,1.09382000,0.18966611,0.22674866
610.60000000,4.78637000,1.10006000,0.18972705,0.22682176
610.80000000,4.78462000,1.10803000,0.18978839,0.22689539
611.00000000,4.78462000,1.10803000,0.18984995,0.22696901
611.20000000,4.78375000,1.10720000,0.18991148,0.22704259
611.40000000,4.78487000,1.10822000,0.18997302,0.22711626
611.60000000,4.78625000,1.10000000,0.19003436,0.22718929
611.80000000,4.78012000,1.12310000,0.19009611,0.22726385
612.00000000,4.78012000,1.12310000,0.19015851,0.22733845
612.20000000,4.78225000,1.11750000,0.19022075,0.22741266
612.40000000,4.78162000,1.11590000,0.19028278,0.22748681
612.60000000,4.78437000,1.10835000,0.19034457,0.22756046
612.80000000,4.78437000,1.10835000,0.19040614,0.22763410
613.00000000,4.78362000,1.11136000,0.19046780,0.22770788
613.20000000,4.77987000,1.12422000,0.19052990,0.22778257
613.40000000,4.78362000,1.11302000,0.19059205,0.22785654
613.60000000,4.78487000,1.10358000,0.19065362,0.22792988
613.80000000,4.78487000,1.10358000,0.19071493,0.22800316
614.00000000,4.78100000,1.11932000,0.19077668,0.22807754
614.20000000,4.78450000,1.10880000,0.19083857,0.22815123
614.40000000,4.78500000,1.10339000,0.19090002,0.22822456
614.60000000,4.78500000,1.10339000,0.19096132,0.22829785
614.80000000,4.78250000,1.11465000,0.19102293,0.22837191
615.00000000,4.78400000,1.10915000,0.19108470,0.22844560
615.20000000,4.78337000,1.10998000,0.19114635,0.22851931
615.40000000,4.78125000,1.12076000,0.19120831,0.22859374
615.60000000,4.78125000,1.12076000,0.19127057,0.22866821
615.80000000,4.78412000,1.10822000,0.19133249,0.22874187
616.00000000,4.78612000,1.09984000,0.19139383,0.22881482
616.20000000,4.77537000,1.14419000,0.19145616,0.22889071
616.40000000,4.77675000,1.13808000,0.19151956,0.22896621
616.60000000,4.77675000,1.13808000,0.19158278,0.22904171
616.80000000,4.77637000,1.13904000,0.19164604,0.22911727
617.00000000,4.77612000,1.14083000,0.19170937,0.22919294
617.20000000,4.77600000,1.13539000,0.19177259,0.22926826
617.40000000,4.77600000,1.13539000,0.19183567,0.22934362
617.60000000,4.77875000,1.13027000,0.19189861,0.22941858
617.80000000,4.77500000,1.14358000,0.19196177,0.22949458
618.00000000,4.78525000,1.10310000,0.19202418,0.22956787
618.20000000,4.78350000,1.11283000,0.19208573,0.22964180
618.40000000,4.78350000,1.11283000,0.19214755,0.22971571
618.60000000,4.78225000,1.11513000,0.19220944,0.22978975
618.80000000,4.78025000,1.12265000,0.19227160,0.22986437
619.00000000,4.78550000,1.10480000,0.19233348,0.22993780
619.20000000,4.78550000,1.10480000,0.19239485,0.23001124
619.40000000,4.78637000,1.09862000,0.19245606,0.23008420
619.60000000,4.78150000,1.11798000,0.19251763,0.23015847
619.80000000,4.78300000,1.11347000,0.19257962,0.23023238
620.00000000,4.77900000,1.12681000,0.19264185,0.23030717
620.20000000,4.77900000,1.12681000,0.19270445,0.23038204
620.40000000,4.78412000,1.10912000,0.19276656,0.23045576
620.60000000,4.78587000,1.10377000,0.19282803,0.23052905
620.80000000,4.78075000,1.12214000,0.19288986,0.23060356
621.00000000,4.78075000,1.12214000,0.19295220,0.23067815
621.20000000,4.78550000,1.10422000,0.19301404,0.23075150
621.40000000,4.78262000,1.11510000,0.19307569,0.23082559
621.60000000,4.78400000,1.10684000,0.19313741,0.23089913
621.80000000,4.78362000,1.10992000,0.19319899,0.23097287
622.00000000,4.78362000,1.10992000,0.19326065,0.23104658
622.20000000,4.78137000,1.11792000,0.19332253,0.23112088
622.40000000,4.78525000,1.10265000,0.19338422,0.23119415
622.60000000,4.78462000,1.10656000,0.19344558,0.23126769
622.80000000,4.78462000,1.10656000,0.19350706,0.23134120
623.00000000,4.78312000,1.11123000,0.19356866,0.23141504
623.20000000,4.78437000,1.10857000,0.19363032,0.23148864
623.40000000,4.78000000,1.12707000,0.19369243,0.23156346
623.60000000,4.78225000,1.11331000,0.19375466,0.23163741
623.80000000,4.78225000,1.11331000,0.19381651,0.23171134
624.00000000,4.78150000,1.12099000,0.19387857,0.23178583
624.20000000,4.78412000,1.11033000,0.19394055,0.23185961
624.40000000,4.77925000,1.12678000,0.19400270,0.23193440
624.60000000,4.77925000,1.12678000,0.19406529,0.23200926
624.80000000,4.78325000,1.11395000,0.19412754,0.23208324
625.00000000,4.78212000,1.11740000,0.19418952,0.23215750
625.20000000,4.78500000,1.10672000,0.19425130,0.23223105
625.40000000,4.78600000,1.10419000,0.19431271,0.23230445
625.60000000,4.78600000,1.10419000,0.19437406,0.23237777
625.80000000,4.78050000,1.12240000,0.19443591,0.23245233
626.00000000,4.78325000,1.11401000,0.19449803,0.23252620
626.20000000,4.77437000,1.14598000,0.19456081,0.23260219
626.40000000,4.77437000,1.14598000,0.19462447,0.23267822
626.60000000,4.77662000,1.13478000,0.19468783,0.23275349
626.80000000,4.77612000,1.14176000,0.19475107,0.23282922
627.00000000,4.77525000,1.14352000,0.19481455,0.23290506
627.20000000,4.77850000,1.13017000,0.19487770,0.23298007
627.40000000,4.77850000,1.13017000,0.19494049,0.23305505
627.60000000,4.77687000,1.13987000,0.19500355,0.23313069
627.80000000,4.77775000,1.13193000,0.19506665,0.23320590
628.00000000,4.78412000,1.10848000,0.19512889,0.23327956
628.20000000,4.78725000,1.09849000,0.19519019,0.23335259
628.40000000,4.78725000,1.09849000,0.19525122,0.23342555
628.60000000,4.78212000,1.11449000,0.19531269,0.23349961
628.80000000,4.78462000,1.10550000,0.19537436,0.23357308
629.00000000,4.78050000,1.12355000,0.19543627,0.23364768
629.20000000,4.78050000,1.12355000,0.19549869,0.23372232
629.40000000,4.78325000,1.11315000,0.19556082,0.23379624
629.60000000,4.78112000,1.12115000,0.19562289,0.23387060
629.80000000,4.77525000,1.14012000,0.19568570,0.23394621
630.00000000,4.77525000,1.14012000,0.19574904,0.23402184
630.20000000,4.77612000,1.13987000,0.19581237,0.23409741
630.40000000,4.77350000,1.15241000,0.19587605,0.23417387
630.60000000,4.77700000,1.13481000,0.19593958,0.23424916
630.80000000,4.77700000,1.13481000,0.19600263,0.23432445
631.00000000,4.77650000,1.13750000,0.19606575,0.23439992
631.20000000,4.77712000,1.13612000,0.19612890,0.23447533
631.40000000,4.77925000,1.12521000,0.19619172,0.23455013
631.60000000,4.78587000,1.10272000,0.19625361,0.23462342
631.80000000,4.78587000,1.10272000,0.19631487,0.23469671
632.00000000,4.78487000,1.10704000,0.19637625,0.23477024
632.20000000,4.78250000,1.11507000,0.19643798,0.23484434
632.40000000,4.78450000,1.10726000,0.19649971,0.23491792
632.60000000,4.78412000,1.10816000,0.19656125,0.23499155
632.80000000,4.78412000,1.10816000,0.19662281,0.23506513
633.00000000,4.78062000,1.12188000,0.19668476,0.23513966
633.20000000,4.78287000,1.11452000,0.19674688,0.23521364
633.40000000,4.77987000,1.12550000,0.19680910,0.23528836
633.60000000,4.77987000,1.12550000,0.19687163,0.23536310
633.80000000,4.78087000,1.12224000,0.19693407,0.23543763
634.00000000,4.78200000,1.11913000,0.19699633,0.23551198
634.20000000,4.78337000,1.11040000,0.19705826,0.23558577
634.40000000,4.78462000,1.10780000,0.19711987,0.23565939
634.60000000,4.78462000,1.10780000,0.19718142,0.23573298
634.80000000,4.78312000,1.11228000,0.19724309,0.23580685
635.00000000,4.78162000,1.11884000,0.19730506,0.23588116
635.20000000,4.78200000,1.11804000,0.19736720,0.23595542
635.40000000,4.78200000,1.11804000,0.19742931,0.23602970
635.60000000,4.78337000,1.10886000,0.19749117,0.23610343
635.80000000,4.78775000,1.09667000,0.19755244,0.23617629
636.00000000,4.78350000,1.10832000,0.19761368,0.23624988
636.20000000,4.78075000,1.12128000,0.19767562,0.23632433
636.40000000,4.78075000,1.12128000,0.19773791,0.23639884
636.60000000,4.78450000,1.10790000,0.19779983,0.23647244
636.80000000,4.78275000,1.11289000,0.19786152,0.23654637
637.00000000,4.78287000,1.11577000,0.19792343,0.23662049
637.20000000,4.78287000,1.11577000,0.19798542,0.23669464
637.40000000,4.78537000,1.10563000,0.19804712,0.23676811
637.60000000,4.78425000,1.10726000,0.19810859,0.23684167
637.80000000,4.78337000,1.11209000,0.19817024,0.23691557
638.00000000,4.78450000,1.10723000,0.19823189,0.23698915
638.20000000,4.78450000,1.10723000,0.19829340,0.23706264
638.40000000,4.77912000,1.12620000,0.19835544,0.23713746
638.60000000,4.78312000,1.11593000,0.19841772,0.23721157
638.80000000,4.78150000,1.11788000,0.19847977,0.23728587
639.00000000,4.78587000,1.10627000,0.19854155,0.23735941
639.20000000,4.78587000,1.10627000,0.19860301,0.23743291
639.40000000,4.78362000,1.11164000,0.19866462,0.23750677
639.60000000,4.78425000,1.10720000,0.19872626,0.23758033
639.80000000,4.78300000,1.11676000,0.19878803,0.23765451
640.00000000,4.78300000,1.11676000,0.19885007,0.23772875
640.20000000,4.78637000,1.10006000,0.19891165,0.23780185
640.40000000,4.78425000,1.10777000,0.19897298,0.23787542
640.60000000,4.78187000,1.11910000,0.19903484,0.23794977
640.80000000,4.78312000,1.11004000,0.19909676,0.23802351
641.00000000,4.78312000,1.11004000,0.19915843,0.23809727
641.20000000,4.78450000,1.10812000,0.19922004,0.23817081
641.40000000,4.77800000,1.13497000,0.19928235,0.23824619
641.60000000,4.78200000,1.11712000,0.19934491,0.23832038
641.80000000,4.78200000,1.11712000,0.19940697,0.23839467
642.00000000,4.78800000,1.09670000,0.19946847,0.23846758
642.20000000,4.78675000,1.10108000,0.19952952,0.23854072
642.40000000,4.78250000,1.11532000,0.19959108,0.23861479
642.60000000,4.78137000,1.12185000,0.19965323,0.23868929
642.80000000,4.78137000,1.12185000,0.19971555,0.23876382
643.00000000,4.78312000,1.11494000,0.19977769,0.23883778
643.20000000,4.77675000,1.13667000,0.19984023,0.23891319
643.40000000,4.77625000,1.14214000,0.19990353,0.23898895
643.60000000,4.77625000,1.14214000,0.19996698,0.23906468
643.80000000,4.77387000,1.15052000,0.20003067,0.23914104
644.00000000,4.77850000,1.13008000,0.20009402,0.23921600
644.20000000,4.77612000,1.14233000,0.20015714,0.23929180
644.40000000,4.77762000,1.13404000,0.20022037,0.23936705
644.60000000,4.77762000,1.13404000,0.20028337,0.23944231
644.80000000,4.77775000,1.13600000,0.20034643,0.23951774
645.00000000,4.78112000,1.12281000,0.20040918,0.23959232
645.20000000,4.78225000,1.11398000,0.20047131,0.23966631
645.40000000,4.78375000,1.11280000,0.20053316,0.23974024
645.60000000,4.78375000,1.11280000,0.20059499,0.23981417
645.80000000,4.78312000,1.11401000,0.20065684,0.23988820
646.00000000,4.78462000,1.10457000,0.20071847,0.23996163
646.20000000,4.78625000,1.10147000,0.20077975,0.24003485
646.40000000,4.78625000,1.10147000,0.20084094,0.24010801
646.60000000,4.78250000,1.11564000,0.20090253,0.24018214
646.80000000,4.78400000,1.10809000,0.20096430,0.24025571
647.00000000,4.78037000,1.12400000,0.20102630,0.24033034
647.20000000,4.78037000,1.12400000,0.20108874,0.24040500
647.40000000,4.78287000,1.11430000,0.20115092,0.24047902
647.60000000,4.78287000,1.11398000,0.20121282,0.24055304
647.80000000,4.78362000,1.11238000,0.20127466,0.24062696
648.00000000,4.78487000,1.10416000,0.20133623,0.24070034
648.20000000,4.78487000,1.10416000,0.20139757,0.24077371
648.40000000,4.78450000,1.10640000,0.20145898,0.24084718
648.60000000,4.78087000,1.12169000,0.20152087,0.24092173
648.80000000,4.78550000,1.10035000,0.20158259,0.24099487
649.00000000,4.78637000,1.09984000,0.20164371,0.24106798
649.20000000,4.78637000,1.09984000,0.20170481,0.24114105
649.40000000,4.78312000,1.11494000,0.20176633,0.24121508
649.60000000,4.78075000,1.12006000,0.20182842,0.24128945
649.80000000,4.78525000,1.10668000,0.20189027,0.24136300
650.00000000,4.78525000,1.10668000,0.20195175,0.24143658
650.20000000,4.78687000,1.09798000,0.20201299,0.24150947
650.40000000,4.77975000,1.12672000,0.20207479,0.24158431
650.60000000,4.78275000,1.11660000,0.20213710,0.24165849
650.80000000,4.78187000,1.11667000,0.20219914,0.24173265
651.00000000,4.78187000,1.11667000,0.20226118,0.24180685
651.20000000,4.78425000,1.10848000,0.20232299,0.24188047
651.40000000,4.78187000,1.11932000,0.20238487,0.24195481
651.60000000,4.78287000,1.11318000,0.20244688,0.24202876
651.80000000,4.78287000,1.11318000,0.20250873,0.24210276
652.00000000,4.78675000,1.10185000,0.20257026,0.24217599
652.20000000,4.78500000,1.10576000,0.20263158,0.24224939
652.40000000,4.77962000,1.12560000,0.20269356,0.24232412
652.60000000,4.77962000,1.12560000,0.20275609,0.24239894
652.80000000,4.78625000,1.10460000,0.20281804,0.24247236
653.00000000,4.78587000,1.10179000,0.20287933,0.24254555
653.20000000,4.78250000,1.11731000,0.20294097,0.24261976
653.40000000,4.78450000,1.10688000,0.20300276,0.24269332
653.60000000,4.78450000,1.10688000,0.20306425,0.24276681
653.80000000,4.78037000,1.12163000,0.20312615,0.24284134
654.00000000,4.78412000,1.11120000,0.20318818,0.24291516
654.20000000,4.78337000,1.11392000,0.20324998,0.24298916
654.40000000,4.78337000,1.11392000,0.20331187,0.24306317
654.60000000,4.78337000,1.11056000,0.20337366,0.24313697
654.80000000,4.78500000,1.10652000,0.20343525,0.24321047
655.00000000,4.78212000,1.11603000,0.20349698,0.24328461
655.20000000,4.78312000,1.11052000,0.20355883,0.24335838
655.40000000,4.78312000,1.11052000,0.20362053,0.24343219
655.60000000,4.78550000,1.10409000,0.20368204,0.24350559
655.80000000,4.78650000,1.09881000,0.20374324,0.24357854
656.00000000,4.77987000,1.12668000,0.20380506,0.24365334
656.20000000,4.77987000,1.12668000,0.20386765,0.24372822
656.40000000,4.78525000,1.10614000,0.20392967,0.24380168
656.60000000,4.78200000,1.11657000,0.20399141,0.24387577
656.80000000,4.77712000,1.14032000,0.20405410,0.24395142
657.00000000,4.77700000,1.13900000,0.20411742,0.24402699
657.20000000,4.77700000,1.13900000,0.20418070,0.24410253
657.40000000,4.77500000,1.14377000,0.20424411,0.24417847
657.60000000,4.78037000,1.12601000,0.20430716,0.24425323
657.80000000,4.78012000,1.12624000,0.20436972,0.24432800
658.00000000,4.78012000,1.12624000,0.20443229,0.24440276
658.20000000,4.77962000,1.12550000,0.20449484,0.24447748
658.40000000,4.78000000,1.12739000,0.20455742,0.24455245
658.60000000,4.78750000,1.09440000,0.20461913,0.24462521
658.80000000,4.78700000,1.09603000,0.20467998,0.24469808
659.00000000,4.78700000,1.09603000,0.20474087,0.24477087
659.20000000,4.78150000,1.11958000,0.20480241,0.24484526
659.40000000,4.78412000,1.10931000,0.20486433,0.24491900
659.60000000,4.78650000,1.10096000,0.20492572,0.24499219
659.80000000,4.78650000,1.10096000,0.20498689,0.24506541
660.00000000,4.78800000,1.09612000,0.20504792,0.24513825
660.20000000,4.78475000,1.10790000,0.20510914,0.24521181
660.40000000,4.78012000,1.12467000,0.20517116,0.24528654
660.60000000,4.78412000,1.10947000,0.20523322,0.24536025
660.80000000,4.78412000,1.10947000,0.20529485,0.24543393
661.00000000,4.78137000,1.11702000,0.20535670,0.24550816
661.20000000,4.78462000,1.10787000,0.20541850,0.24558171
661.40000000,4.78012000,1.12691000,0.20548058,0.24565659
661.60000000,4.78400000,1.10819000,0.20554267,0.24573022
661.80000000,4.78400000,1.10819000,0.20560423,0.24580387
662.00000000,4.78500000,1.10617000,0.20566574,0.24587728
662.20000000,4.77787000,1.13200000,0.20572791,0.24595237
662.40000000,4.77625000,1.14083000,0.20579105,0.24602805
662.60000000,4.77625000,1.14083000,0.20585443,0.24610380
662.80000000,4.78062000,1.12566000,0.20591739,0.24617846
663.00000000,4.77562000,1.14323000,0.20598041,0.24625432
663.20000000,4.77787000,1.13449000,0.20604368,0.24632956
663.40000000,4.77450000,1.14944000,0.20610712,0.24640578
663.60000000,4.77450000,1.14944000,0.20617098,0.24648203
663.80000000,4.77625000,1.13971000,0.20623457,0.24655772
664.00000000,4.78175000,1.12134000,0.20629737,0.24663219
664.20000000,4.78137000,1.12105000,0.20635966,0.24670663
664.40000000,4.78137000,1.12105000,0.20642194,0.24678115
664.60000000,4.78587000,1.10185000,0.20648369,0.24685443
664.80000000,4.78850000,1.09552000,0.20654473,0.24692727
665.00000000,4.78725000,1.09430000,0.20660556,0.24699996
665.20000000,4.78250000,1.11523000,0.20666693,0.24707404
665.40000000,4.78250000,1.11523000,0.20672889,0.24714811
665.60000000,4.78262000,1.11715000,0.20679090,0.24722236
665.80000000,4.78500000,1.10499000,0.20685263,0.24729577
666.00000000,4.78362000,1.11568000,0.20691431,0.24736990
666.20000000,4.78362000,1.11568000,0.20697629,0.24744404
666.40000000,4.78462000,1.10643000,0.20703802,0.24751753
666.60000000,4.78262000,1.11574000,0.20709975,0.24759164
666.80000000,4.78250000,1.11792000,0.20716179,0.24766596
667.00000000,4.78650000,1.09907000,0.20722338,0.24773903
667.20000000,4.78650000,1.09907000,0.20728444,0.24781209
667.40000000,4.78650000,1.10115000,0.20734555,0.24788523
667.60000000,4.78187000,1.11971000,0.20740724,0.24795962
667.80000000,4.78350000,1.11184000,0.20746923,0.24803348
668.00000000,4.78350000,1.11184000,0.20753100,0.24810742
668.20000000,4.78775000,1.09680000,0.20759235,0.24818033
668.40000000,4.78637000,1.10409000,0.20765349,0.24825371
668.60000000,4.78550000,1.10300000,0.20771479,0.24832699
668.80000000,4.78325000,1.11363000,0.20777637,0.24840097
669.00000000,4.78325000,1.11363000,0.20783824,0.24847496
669.20000000,4.78362000,1.11424000,0.20790012,0.24854892
669.40000000,4.77887000,1.12828000,0.20796241,0.24862383
669.60000000,4.78025000,1.12518000,0.20802501,0.24869853
669.80000000,4.78025000,1.12518000,0.20808752,0.24877326
670.00000000,4.78187000,1.11664000,0.20814979,0.24884737
670.20000000,4.77887000,1.12780000,0.20821214,0.24892225
670.40000000,4.78037000,1.12576000,0.20827474,0.24899700
670.60000000,4.77387000,1.14867000,0.20833792,0.24907316
670.80000000,4.77387000,1.14867000,0.20840173,0.24914941
671.00000000,4.77925000,1.13004000,0.20846503,0.24922441
671.20000000,4.77887000,1.13100000,0.20852783,0.24929947
671.40000000,4.77825000,1.13196000,0.20859069,0.24937459
671.60000000,4.77825000,1.13196000,0.20865358,0.24944969
671.80000000,4.77700000,1.14000000,0.20871669,0.24952541
672.00000000,4.78200000,1.11587000,0.20877935,0.24959953
672.20000000,4.78262000,1.11552000,0.20884134,0.24967363
672.40000000,4.78262000,1.11552000,0.20890331,0.24974775
672.60000000,4.78387000,1.11152000,0.20896517,0.24982160
672.80000000,4.78375000,1.10876000,0.20902685,0.24989522
673.00000000,4.78062000,1.12224000,0.20908882,0.24996982
673.20000000,4.78650000,1.10201000,0.20915060,0.25004308
673.40000000,4.78650000,1.10201000,0.20921183,0.25011637
673.60000000,4.78812000,1.09184000,0.20927277,0.25018897
673.80000000,4.78800000,1.09404000,0.20933349,0.25026162
674.00000000,4.78100000,1.12217000,0.20939505,0.25033614
674.20000000,4.78100000,1.12217000,0.20945739,0.25041063
674.40000000,4.77925000,1.12563000,0.20951983,0.25048543
674.60000000,4.78500000,1.10649000,0.20958183,0.25055891
674.80000000,4.78125000,1.11808000,0.20964363,0.25063320
675.00000000,4.78412000,1.10582000,0.20970540,0.25070668
675.20000000,4.78412000,1.10582000,0.20976684,0.25078018
675.40000000,4.78575000,1.10547000,0.20982826,0.25085358
675.60000000,4.78025000,1.12384000,0.20989019,0.25092826
675.80000000,4.78487000,1.10508000,0.20995210,0.25100166
676.00000000,4.78175000,1.11926000,0.21001389,0.25107599
676.20000000,4.78175000,1.11926000,0.21007607,0.25115036
676.40000000,4.78387000,1.10976000,0.21013799,0.25122409
676.60000000,4.78375000,1.10998000,0.21019965,0.25129782
676.80000000,4.78287000,1.11491000,0.21026145,0.25137189
677.00000000,4.78287000,1.11491000,0.21032339,0.25144599
677.20000000,4.78562000,1.10150000,0.21038495,0.25151921
677.40000000,4.78612000,1.10080000,0.21044613,0.25159230
677.60000000,4.78075000,1.11961000,0.21050781,0.25166666
677.80000000,4.78150000,1.11932000,0.21057000,0.25174099
678.00000000,4.78150000,1.11932000,0.21063218,0.25181538
678.20000000,4.78525000,1.10758000,0.21069404,0.25188895
678.40000000,4.78212000,1.11692000,0.21075583,0.25196317
678.60000000,4.78437000,1.10873000,0.21081766,0.25203684
678.80000000,4.78437000,1.10873000,0.21087925,0.25211044
679.00000000,4.77950000,1.12736000,0.21094137,0.25218538
679.20000000,4.78637000,1.09862000,0.21100320,0.25225842
679.40000000,4.78625000,1.09952000,0.21106426,0.25233149
679.60000000,4.78525000,1.10435000,0.21112548,0.25240489
679.80000000,4.78525000,1.10435000,0.21118683,0.25247823
680.00000000,4.78187000,1.11638000,0.21124852,0.25255238
680.20000000,4.78175000,1.11929000,0.21131062,0.25262669
680.40000000,4.78025000,1.12448000,0.21137295,0.25270135
680.60000000,4.78025000,1.12448000,0.21143542,0.25277601
680.80000000,4.78050000,1.12144000,0.21149780,0.25285039
681.00000000,4.77562000,1.14224000,0.21156068,0.25292620
681.20000000,4.77875000,1.13052000,0.21162382,0.25300122
681.40000000,4.77775000,1.13491000,0.21168675,0.25307653
681.60000000,4.77775000,1.13491000,0.21174980,0.25315183
681.80000000,4.77725000,1.13712000,0.21181291,0.25322732
682.00000000,4.77950000,1.12704000,0.21187580,0.25330217
682.20000000,4.78225000,1.11638000,0.21193812,0.25337632
682.40000000,4.78175000,1.11648000,0.21200014,0.25345047
682.60000000,4.78175000,1.11648000,0.21206217,0.25352464
682.80000000,4.78362000,1.10860000,0.21212398,0.25359828
683.00000000,4.78225000,1.11564000,0.21218576,0.25367239
683.20000000,4.78312000,1.11155000,0.21224763,0.25374623
683.40000000,4.78312000,1.11155000,0.21230938,0.25382009
683.60000000,4.78375000,1.10921000,0.21237107,0.25389366
683.80000000,4.77600000,1.14364000,0.21243365,0.25396955
684.00000000,4.77737000,1.13465000,0.21249693,0.25404478
684.20000000,4.77425000,1.14848000,0.21256035,0.25412094
684.40000000,4.77425000,1.14848000,0.21262416,0.25419717
684.60000000,4.77887000,1.13443000,0.21268757,0.25427247
684.80000000,4.77912000,1.12867000,0.21275044,0.25434740
685.00000000,4.78025000,1.12643000,0.21281308,0.25442219
685.20000000,4.78025000,1.12643000,0.21287566,0.25449686
685.40000000,4.77312000,1.15420000,0.21293901,0.25457355
685.60000000,4.78350000,1.10947000,0.21300189,0.25464724
685.80000000,4.78262000,1.11856000,0.21306378,0.25472158
686.00000000,4.78500000,1.10678000,0.21312559,0.25479514
686.20000000,4.78500000,1.10678000,0.21318708,0.25486866
686.40000000,4.78312000,1.11273000,0.21324873,0.25494256
686.60000000,4.78200000,1.11878000,0.21331072,0.25501689
686.80000000,4.78337000,1.11132000,0.21337267,0.25509072
687.00000000,4.78337000,1.11132000,0.21343441,0.25516457
687.20000000,4.78412000,1.11078000,0.21349613,0.25523835
687.40000000,4.78237000,1.11625000,0.21355799,0.25531249
687.60000000,4.78212000,1.11641000,0.21362001,0.25538666
687.80000000,4.78387000,1.11091000,0.21368188,0.25546047
688.00000000,4.78387000,1.11091000,0.21374360,0.25553431
688.20000000,4.78512000,1.10550000,0.21380517,0.25560773
688.40000000,4.78225000,1.11824000,0.21386694,0.25568204
688.60000000,4.78450000,1.11078000,0.21392885,0.25575585
688.80000000,4.78437000,1.10662000,0.21399045,0.25582939
689.00000000,4.78437000,1.10662000,0.21405193,0.25590290
689.20000000,4.78312000,1.11708000,0.21411370,0.25597717
689.40000000,4.78675000,1.09865000,0.21417525,0.25605020
689.60000000,4.78600000,1.10233000,0.21423638,0.25612347
689.80000000,4.78600000,1.10233000,0.21429762,0.25619660
690.00000000,4.77612000,1.14304000,0.21436000,0.25627246
690.20000000,4.77900000,1.12809000,0.21442308,0.25634736
690.40000000,4.78025000,1.12492000,0.21448567,0.25642203
690.60000000,4.77887000,1.13027000,0.21454831,0.25649705
690.80000000,4.77887000,1.13027000,0.21461110,0.25657209
691.00000000,4.78050000,1.12310000,0.21467370,0.25664668
691.20000000,4.78162000,1.12483000,0.21473614,0.25672130
691.40000000,4.77650000,1.14115000,0.21479908,0.25679700
691.60000000,4.77650000,1.14115000,0.21486248,0.25687274
691.80000000,4.77862000,1.13164000,0.21492561,0.25694787
692.00000000,4.78025000,1.12790000,0.21498838,0.25702277
692.20000000,4.78075000,1.12310000,0.21505091,0.25709731
692.40000000,4.77887000,1.13078000,0.21511351,0.25717236
692.60000000,4.77887000,1.13078000,0.21517633,0.25724734
692.80000000,4.77400000,1.15168000,0.21523974,0.25732378
693.00000000,4.77900000,1.13091000,0.21530314,0.25739888
693.20000000,4.78112000,1.12364000,0.21536577,0.25747341
693.40000000,4.77562000,1.14403000,0.21542876,0.25754929
693.60000000,4.77562000,1.14403000,0.21549232,0.25762520
693.80000000,4.77762000,1.13539000,0.21555563,0.25770060
694.00000000,4.78137000,1.12284000,0.21561836,0.25777519
694.20000000,4.78262000,1.11408000,0.21568050,0.25784919
694.40000000,4.78262000,1.11408000,0.21574239,0.25792322
694.60000000,4.78462000,1.10844000,0.21580413,0.25799679
694.80000000,4.77837000,1.13312000,0.21586639,0.25807196
695.00000000,4.77675000,1.13670000,0.21592944,0.25814740
695.20000000,4.77812000,1.13376000,0.21599251,0.25822264
695.40000000,4.77812000,1.13376000,0.21605550,0.25829782
695.60000000,4.77487000,1.14540000,0.21611881,0.25837381
695.80000000,4.77637000,1.14000000,0.21618229,0.25844946
696.00000000,4.77812000,1.13600000,0.21624552,0.25852485
696.20000000,4.77812000,1.13600000,0.21630863,0.25860022
696.40000000,4.77700000,1.13744000,0.21637178,0.25867563
696.60000000,4.77337000,1.15014000,0.21643532,0.25875206
696.80000000,4.78437000,1.11161000,0.21649815,0.25882582
697.00000000,4.77775000,1.13286000,0.21656049,0.25890099
697.20000000,4.77775000,1.13286000,0.21662343,0.25897616
697.40000000,4.77750000,1.13532000,0.21668644,0.25905152
697.60000000,4.77925000,1.13206000,0.21674942,0.25912669
697.80000000,4.78062000,1.12246000,0.21681204,0.25920122
698.00000000,4.77562000,1.14268000,0.21687497,0.25927701
698.20000000,4.77562000,1.14268000,0.21693845,0.25935283
698.40000000,4.77762000,1.13747000,0.21700178,0.25942834
698.60000000,4.77950000,1.12627000,0.21706467,0.25950311
698.80000000,4.77962000,1.13004000,0.21712734,0.25957812
699.00000000,4.77962000,1.13004000,0.21719012,0.25965323
699.20000000,4.78537000,1.10668000,0.21725225,0.25972675
699.40000000,4.78362000,1.10995000,0.21731383,0.25980045
699.60000000,4.78037000,1.12649000,0.21737595,0.25987524
699.80000000,4.78037000,1.12649000,0.21743853,0.25995012
700.00000000,4.78575000,1.10323000,0.21750047,0.26002348
700.20000000,4.78762000,1.09472000,0.21756152,0.26009624
700.40000000,4.78600000,1.10291000,0.21762257,0.26016956
700.60000000,4.77700000,1.13513000,0.21768474,0.26024487
700.80000000,4.77700000,1.13513000,0.21774780,0.26032017
701.00000000,4.77625000,1.13804000,0.21781094,0.26039565
701.20000000,4.77550000,1.14486000,0.21787436,0.26047161
701.40000000,4.77662000,1.13638000,0.21793772,0.26054700
701.60000000,4.77600000,1.13990000,0.21800095,0.26062261
701.80000000,4.77600000,1.13990000,0.21806428,0.26069816
702.00000000,4.77212000,1.15612000,0.21812806,0.26077488
702.20000000,4.77787000,1.13257000,0.21819163,0.26085003
702.40000000,4.77775000,1.13587000,0.21825465,0.26092541
702.60000000,4.77775000,1.13587000,0.21831775,0.26100088
702.80000000,4.78425000,1.11081000,0.21838016,0.26107470
703.00000000,4.78462000,1.10547000,0.21844172,0.26114813
703.20000000,4.78275000,1.11750000,0.21850347,0.26122237
703.40000000,4.78412000,1.10995000,0.21856534,0.26129612
703.60000000,4.78412000,1.10995000,0.21862701,0.26136991
703.80000000,4.78650000,1.09996000,0.21868840,0.26144303
704.00000000,4.78637000,1.10083000,0.21874953,0.26151615
704.20000000,4.78262000,1.11305000,0.21881102,0.26159009
704.40000000,4.78412000,1.10739000,0.21887270,0.26166367
704.60000000,4.78412000,1.10739000,0.21893423,0.26173728
704.80000000,4.78600000,1.10460000,0.21899567,0.26181062
705.00000000,4.78037000,1.12259000,0.21905754,0.26188519
705.20000000,4.78275000,1.11657000,0.21911973,0.26195936
705.40000000,4.78275000,1.11657000,0.21918177,0.26203352
705.60000000,4.78237000,1.11744000,0.21924382,0.26210777
705.80000000,4.78362000,1.11081000,0.21930572,0.26218155
706.00000000,4.78250000,1.11561000,0.21936756,0.26225565
706.20000000,4.78250000,1.11561000,0.21942954,0.26232975
706.40000000,4.78212000,1.11606000,0.21949153,0.26240394
706.60000000,4.78600000,1.09961000,0.21955308,0.26247706
706.80000000,4.78787000,1.09734000,0.21961411,0.26254998
707.00000000,4.78475000,1.10691000,0.21967533,0.26262354
707.20000000,4.78475000,1.10691000,0.21973683,0.26269707
707.40000000,4.78287000,1.11449000,0.21979853,0.26277115
707.60000000,4.78562000,1.10697000,0.21986024,0.26284473
707.80000000,4.78612000,1.10217000,0.21992161,0.26291800
708.00000000,4.78612000,1.10217000,0.21998284,0.26299126
708.20000000,4.78562000,1.10396000,0.22004412,0.26306456
708.40000000,4.78075000,1.12403000,0.22010601,0.26313927
708.60000000,4.78575000,1.10048000,0.22016780,0.26321242
708.80000000,4.78575000,1.10048000,0.22022894,0.26328559
709.00000000,4.78712000,1.09792000,0.22029001,0.26335854
709.20000000,4.78437000,1.11004000,0.22035134,0.26343225
709.40000000,4.78062000,1.12195000,0.22041334,0.26350681
709.60000000,4.78512000,1.10563000,0.22047521,0.26358029
709.80000000,4.78512000,1.10563000,0.22053664,0.26365382
710.00000000,4.78825000,1.09507000,0.22059777,0.26372654
710.20000000,4.78125000,1.11936000,0.22065928,0.26380090
710.40000000,4.78300000,1.11526000,0.22072135,0.26387499
710.60000000,4.77587000,1.14092000,0.22078403,0.26395067
710.80000000,4.77587000,1.14092000,0.22084741,0.26402636
711.00000000,4.77687000,1.13657000,0.22091067,0.26410178
711.20000000,4.77750000,1.13689000,0.22097382,0.26417721
711.40000000,4.77687000,1.13574000,0.22103695,0.26425256
711.60000000,4.77687000,1.13574000,0.22110005,0.26432790
711.80000000,4.77650000,1.13846000,0.22116322,0.26440346
712.00000000,4.77862000,1.13190000,0.22122629,0.26447852
712.20000000,4.77475000,1.14675000,0.22128958,0.26455467
712.40000000,4.78087000,1.12112000,0.22135258,0.26462911
712.60000000,4.78087000,1.12112000,0.22141486,0.26470362
712.80000000,4.78512000,1.10790000,0.22147678,0.26477730
713.00000000,4.78787000,1.09324000,0.22153792,0.26484989
713.20000000,4.78125000,1.12201000,0.22159946,0.26492440
713.40000000,4.78125000,1.12201000,0.22166179,0.26499896
713.60000000,4.78437000,1.10784000,0.22172373,0.26507261
713.80000000,4.78637000,1.09971000,0.22178505,0.26514565
714.00000000,4.78250000,1.11792000,0.22184666,0.26521993
714.20000000,4.78400000,1.11148000,0.22190858,0.26529378
714.40000000,4.78400000,1.11148000,0.22197033,0.26536756
714.60000000,4.77925000,1.12755000,0.22203253,0.26544248
714.80000000,4.78362000,1.11283000,0.22209476,0.26551641
715.00000000,4.78325000,1.11094000,0.22215653,0.26559021
715.20000000,4.78325000,1.11094000,0.22221825,0.26566401
715.40000000,4.78300000,1.11398000,0.22228005,0.26573804
715.60000000,4.78462000,1.10937000,0.22234181,0.26581173
715.80000000,4.78287000,1.11248000,0.22240353,0.26588561
716.00000000,4.78162000,1.12105000,0.22246557,0.26596006
716.20000000,4.78162000,1.12105000,0.22252785,0.26603446
716.40000000,4.77812000,1.13078000,0.22259041,0.26610945
716.60000000,4.77462000,1.14489000,0.22265362,0.26618541
716.80000000,4.77750000,1.13696000,0.22271700,0.26626086
717.00000000,4.77862000,1.12966000,0.22277996,0.26633583
717.20000000,4.77862000,1.12966000,0.22284272,0.26641083
717.40000000,4.77987000,1.12553000,0.22290537,0.26648545
717.60000000,4.77337000,1.15289000,0.22296866,0.26656198
717.80000000,4.78000000,1.12550000,0.22303195,0.26663670
718.00000000,4.78000000,1.12550000,0.22309447,0.26671151
718.20000000,4.78525000,1.10569000,0.22315645,0.26678505
718.40000000,4.78862000,1.09235000,0.22321751,0.26685763
718.60000000,4.78412000,1.10598000,0.22327857,0.26693108
718.80000000,4.78150000,1.11939000,0.22334039,0.26700541
719.00000000,4.78150000,1.11939000,0.22340258,0.26707981
719.20000000,4.78550000,1.10099000,0.22346425,0.26715302
719.40000000,4.78712000,1.09606000,0.22352528,0.26722582
719.60000000,4.78212000,1.11705000,0.22358676,0.26730001
719.80000000,4.78212000,1.11705000,0.22364882,0.26737419
720.00000000,4.78150000,1.11840000,0.22371091,0.26744855
720.20000000,4.78712000,1.09776000,0.22377247,0.26752147
720.40000000,4.78262000,1.11734000,0.22383400,0.26759572
720.60000000,4.78425000,1.10470000,0.22389573,0.26766912
720.80000000,4.78425000,1.10470000,0.22395710,0.26774254
721.00000000,4.78525000,1.10684000,0.22401853,0.26781606
721.20000000,4.78237000,1.11641000,0.22408029,0.26789023
721.40000000,4.78362000,1.11027000,0.22414214,0.26796400
721.60000000,4.78362000,1.11027000,0.22420382,0.26803778
721.80000000,4.78462000,1.10908000,0.22426547,0.26811141
722.00000000,4.77975000,1.12726000,0.22432759,0.26818632
722.20000000,4.78475000,1.10713000,0.22438966,0.26825989
722.40000000,4.78187000,1.11926000,0.22445150,0.26833423
722.60000000,4.78187000,1.11926000,0.22451368,0.26840862
722.80000000,4.78550000,1.10131000,0.22457536,0.26848180
723.00000000,4.78425000,1.10899000,0.22463676,0.26855553
723.20000000,4.78725000,1.09718000,0.22469804,0.26862849
723.40000000,4.78725000,1.09718000,0.22475900,0.26870143
723.60000000,4.78712000,1.09638000,0.22481993,0.26877427
723.80000000,4.78337000,1.11475000,0.22488135,0.26884831
724.00000000,4.78200000,1.11494000,0.22494329,0.26892233
724.20000000,4.77987000,1.12556000,0.22500552,0.26899705
724.40000000,4.77987000,1.12556000,0.22506805,0.26907176
724.60000000,4.77887000,1.13315000,0.22513080,0.26914692
724.80000000,4.77587000,1.14086000,0.22519396,0.26922263
725.00000000,4.77775000,1.13660000,0.22525723,0.26929805
725.20000000,4.77775000,1.13660000,0.22532037,0.26937348
725.40000000,4.77850000,1.13145000,0.22538337,0.26944855
725.60000000,4.77662000,1.13670000,0.22544638,0.26952398
725.80000000,4.77837000,1.13302000,0.22550942,0.26959926
726.00000000,4.78375000,1.11184000,0.22557178,0.26967313
726.20000000,4.78375000,1.11184000,0.22563355,0.26974700
726.40000000,4.78362000,1.10854000,0.22569523,0.26982065
726.60000000,4.78337000,1.11385000,0.22575696,0.26989466
726.80000000,4.78412000,1.10918000,0.22581871,0.26996836
727.00000000,4.78412000,1.10918000,0.22588033,0.27004202
727.20000000,4.78125000,1.12073000,0.22594227,0.27011648
727.40000000,4.78387000,1.11321000,0.22600433,0.27019046
727.60000000,4.78450000,1.10694000,0.22606600,0.27026402
727.80000000,4.78437000,1.11078000,0.22612760,0.27033783
728.00000000,4.78437000,1.11078000,0.22618931,0.27041163
728.20000000,4.78412000,1.11056000,0.22625102,0.27048544
728.40000000,4.78487000,1.10649000,0.22631260,0.27055893
728.60000000,4.78200000,1.12044000,0.22637446,0.27063334
728.80000000,4.78200000,1.12044000,0.22643671,0.27070781
729.00000000,4.78500000,1.10576000,0.22649855,0.27078128
729.20000000,4.78412000,1.10950000,0.22656008,0.27085497
729.40000000,4.78187000,1.11923000,0.22662199,0.27092930
729.60000000,4.78187000,1.11923000,0.22668417,0.27100369
729.80000000,4.78525000,1.10483000,0.22674595,0.27107713
730.00000000,4.78637000,1.10262000,0.22680727,0.27115034
730.20000000,4.78012000,1.12518000,0.22686915,0.27122508
730.40000000,4.78312000,1.11155000,0.22693128,0.27129893
730.60000000,4.78312000,1.11155000,0.22699303,0.27137275
730.80000000,4.78187000,1.11795000,0.22705496,0.27144704
731.00000000,4.78425000,1.10947000,0.22711684,0.27152072
731.20000000,4.78162000,1.12022000,0.22717877,0.27159511
731.40000000,4.78162000,1.12022000,0.22724101,0.27166953
731.60000000,4.78300000,1.11606000,0.22730313,0.27174370
731.80000000,4.78475000,1.10595000,0.22736485,0.27181720
732.00000000,4.78512000,1.10457000,0.22742625,0.27189059
732.20000000,4.78387000,1.11360000,0.22748787,0.27196458
732.40000000,4.78387000,1.11360000,0.22754973,0.27203857
732.60000000,4.78412000,1.10976000,0.22761149,0.27211230
732.80000000,4.78362000,1.11056000,0.22767317,0.27218609
733.00000000,4.78375000,1.11216000,0.22773491,0.27225997
733.20000000,4.78250000,1.11552000,0.22779679,0.27233406
733.40000000,4.78250000,1.11552000,0.22785877,0.27240818
733.60000000,4.78375000,1.11104000,0.22792061,0.27248199
733.80000000,4.78337000,1.11206000,0.22798237,0.27255589
734.00000000,4.78425000,1.10659000,0.22804400,0.27262942
734.20000000,4.78425000,1.10659000,0.22810547,0.27270283
734.40000000,4.77675000,1.13961000,0.22816787,0.27277844
734.60000000,4.77662000,1.13788000,0.22823113,0.27285390
734.80000000,4.77487000,1.14364000,0.22829451,0.27292978
735.00000000,4.77712000,1.13734000,0.22835787,0.27300524
735.20000000,4.77712000,1.13734000,0.22842105,0.27308067
735.40000000,4.77512000,1.14403000,0.22848442,0.27315659
735.60000000,4.77825000,1.13059000,0.22854761,0.27323162
735.80000000,4.77800000,1.13500000,0.22861054,0.27330694
736.00000000,4.77800000,1.13500000,0.22867360,0.27338236
736.20000000,4.78462000,1.10640000,0.22873586,0.27345588
736.40000000,4.78450000,1.10761000,0.22879736,0.27352944
736.60000000,4.78137000,1.12070000,0.22885926,0.27360393
736.80000000,4.78612000,1.10208000,0.22892100,0.27367719
737.00000000,4.78612000,1.10208000,0.22898223,0.27375048
737.20000000,4.78775000,1.09628000,0.22904329,0.27382326
737.40000000,4.78037000,1.12656000,0.22910504,0.27389801
737.60000000,4.77712000,1.13379000,0.22916783,0.27397322
737.80000000,4.77600000,1.14256000,0.22923106,0.27404901
738.00000000,4.77600000,1.14256000,0.22929453,0.27412482
738.20000000,4.77762000,1.13507000,0.22935780,0.27420016
738.40000000,4.77850000,1.12819000,0.22942067,0.27427495
738.60000000,4.77325000,1.15267000,0.22948403,0.27435137
738.80000000,4.77325000,1.15267000,0.22954806,0.27442787
739.00000000,4.77862000,1.12732000,0.22961140,0.27450268
739.20000000,4.77837000,1.13382000,0.22967421,0.27457796
739.40000000,4.78012000,1.12652000,0.22973699,0.27465280
739.60000000,4.78325000,1.11558000,0.22979927,0.27472691
739.80000000,4.78325000,1.11558000,0.22986125,0.27480103
740.00000000,4.78337000,1.11385000,0.22992318,0.27487503
740.20000000,4.78362000,1.11264000,0.22998503,0.27494897
740.40000000,4.78450000,1.10793000,0.23004671,0.27502259
740.60000000,4.78450000,1.10793000,0.23010826,0.27509616
740.80000000,4.78112000,1.12217000,0.23017021,0.27517071
741.00000000,4.78312000,1.11046000,0.23023222,0.27524447
741.20000000,4.78275000,1.11420000,0.23029402,0.27531850
741.40000000,4.78375000,1.11219000,0.23035586,0.27539240
741.60000000,4.78375000,1.11219000,0.23041765,0.27546631
741.80000000,4.78487000,1.10572000,0.23047926,0.27553971
742.00000000,4.77925000,1.13024000,0.23054137,0.27561482
742.20000000,4.78537000,1.10304000,0.23060341,0.27568814
742.40000000,4.78575000,1.10438000,0.23066472,0.27576154
742.60000000,4.78575000,1.10438000,0.23072608,0.27583494
742.80000000,4.78537000,1.10579000,0.23078747,0.27590839
743.00000000,4.78225000,1.11600000,0.23084919,0.27598255
743.20000000,4.78462000,1.10860000,0.23091098,0.27605622
743.40000000,4.78462000,1.10860000,0.23097257,0.27612984
743.60000000,4.78100000,1.12371000,0.23103458,0.27620448
743.80000000,4.78287000,1.11139000,0.23109667,0.27627833
744.00000000,4.78425000,1.10940000,0.23115836,0.27635202
744.20000000,4.78237000,1.11548000,0.23122016,0.27642611
744.40000000,4.78237000,1.11548000,0.23128213,0.27650025
744.60000000,4.78500000,1.10448000,0.23134379,0.27657365
744.80000000,4.78525000,1.10608000,0.23140520,0.27664712
745.00000000,4.78237000,1.11686000,0.23146695,0.27672130
745.20000000,4.78237000,1.11686000,0.23152899,0.27679551
745.40000000,4.78362000,1.11078000,0.23159087,0.27686931
745.60000000,4.78412000,1.10934000,0.23165254,0.27694298
745.80000000,4.78100000,1.12147000,0.23171451,0.27701751
746.00000000,4.78537000,1.10409000,0.23177633,0.27709090
746.20000000,4.78537000,1.10409000,0.23183767,0.27716430
746.40000000,4.78712000,1.09916000,0.23189887,0.27723739
746.60000000,4.78725000,1.09673000,0.23195987,0.27731023
746.80000000,4.78237000,1.11856000,0.23202140,0.27738453
747.00000000,4.78237000,1.11856000,0.23208355,0.27745888
747.20000000,4.78600000,1.10374000,0.23214528,0.27753228
747.40000000,4.78775000,1.09510000,0.23220636,0.27760513
747.60000000,4.78962000,1.09145000,0.23226709,0.27767767
747.80000000,4.78537000,1.10598000,0.23232813,0.27775118
748.00000000,4.78537000,1.10598000,0.23238958,0.27782463
748.20000000,4.78212000,1.11804000,0.23245135,0.27789893
748.40000000,4.78437000,1.11132000,0.23251328,0.27797274
748.60000000,4.78250000,1.11638000,0.23257516,0.27804690
748.80000000,4.78337000,1.11164000,0.23263705,0.27812075
749.00000000,4.78337000,1.11164000,0.23269881,0.27819459
749.20000000,4.78275000,1.11692000,0.23276071,0.27826882
749.40000000,4.78475000,1.10640000,0.23282247,0.27834237
749.60000000,4.78650000,1.10291000,0.23288384,0.27841569
749.80000000,4.78650000,1.10291000,0.23294512,0.27848895
750.00000000,4.78250000,1.11843000,0.23300682,0.27856328
750.20000000,4.78525000,1.10521000,0.23306859,0.27863667
750.40000000,4.78062000,1.12668000,0.23313058,0.27871152
750.60000000,4.78337000,1.11235000,0.23319278,0.27878542
750.80000000,4.78337000,1.11235000,0.23325458,0.27885935
751.00000000,4.78525000,1.10400000,0.23331614,0.27893266
751.20000000,4.78137000,1.12057000,0.23337794,0.27900703
751.40000000,4.77812000,1.13152000,0.23344049,0.27908212
751.60000000,4.77812000,1.13152000,0.23350336,0.27915717
751.80000000,4.77600000,1.14534000,0.23356660,0.27923317
752.00000000,4.77762000,1.13648000,0.23362999,0.27930856
752.20000000,4.77600000,1.14057000,0.23369324,0.27938427
752.40000000,4.77912000,1.13174000,0.23375636,0.27945939
752.60000000,4.77912000,1.13174000,0.23381923,0.27953447
752.80000000,4.77637000,1.13843000,0.23388229,0.27961010
753.00000000,4.78350000,1.11344000,0.23394484,0.27968405
753.20000000,4.78162000,1.12156000,0.23400693,0.27975853
753.40000000,4.78162000,1.12156000,0.23406924,0.27983306
753.60000000,4.78437000,1.10816000,0.23413117,0.27990670
753.80000000,4.78500000,1.10940000,0.23419277,0.27998038
754.00000000,4.78162000,1.12000000,0.23425470,0.28005480
754.20000000,4.78400000,1.11120000,0.23431668,0.28012863
754.40000000,4.78400000,1.11120000,0.23437841,0.28020246
754.60000000,4.78375000,1.11619000,0.23444028,0.28027663
754.80000000,4.78400000,1.11091000,0.23450215,0.28035046
755.00000000,4.78550000,1.10588000,0.23456372,0.28042397
755.20000000,4.78612000,1.10576000,0.23462516,0.28049747
755.40000000,4.78612000,1.10576000,0.23468659,0.28057102
755.60000000,4.78900000,1.09132000,0.23474762,0.28064350
755.80000000,4.78200000,1.11932000,0.23480903,0.28071790
756.00000000,4.78562000,1.10582000,0.23487083,0.28079140
756.20000000,4.78562000,1.10582000,0.23493227,0.28086484
756.40000000,4.78150000,1.11817000,0.23499405,0.28093913
756.60000000,4.78375000,1.11190000,0.23505599,0.28101303
756.80000000,4.78562000,1.10592000,0.23511760,0.28108654
757.00000000,4.78125000,1.12105000,0.23517946,0.28116098
757.20000000,4.78125000,1.12105000,0.23524174,0.28123550
757.40000000,4.78562000,1.10652000,0.23530362,0.28130906
757.60000000,4.78662000,1.09980000,0.23536490,0.28138218
757.80000000,4.78700000,1.09833000,0.23542596,0.28145520
758.00000000,4.78700000,1.09833000,0.23548698,0.28152814
758.20000000,4.78125000,1.12396000,0.23554871,0.28160283
758.40000000,4.78462000,1.10729000,0.23561069,0.28167636
758.60000000,4.78150000,1.12233000,0.23567262,0.28175089
758.80000000,4.78150000,1.12233000,0.23573498,0.28182548
759.00000000,4.78512000,1.10633000,0.23579688,0.28189896
759.20000000,4.78162000,1.12022000,0.23585873,0.28197338
759.40000000,4.78325000,1.11641000,0.23592086,0.28204755
759.60000000,4.78325000,1.11641000,0.23598288,0.28212169
759.80000000,4.78175000,1.12064000,0.23604502,0.28219620
760.00000000,4.78737000,1.09836000,0.23610666,0.28226924
760.20000000,4.78787000,1.09788000,0.23616767,0.28234221
760.40000000,4.78562000,1.10544000,0.23622887,0.28241569
760.60000000,4.78562000,1.10544000,0.23629029,0.28248919
760.80000000,4.78725000,1.09702000,0.23635147,0.28256209
761.00000000,4.78487000,1.10761000,0.23641271,0.28263566
761.20000000,4.78225000,1.11526000,0.23647445,0.28270974
761.40000000,4.78225000,1.11526000,0.23653641,0.28278378
761.60000000,4.77987000,1.12608000,0.23659867,0.28285860
761.80000000,4.78400000,1.11267000,0.23666086,0.28293251
762.00000000,4.78250000,1.11564000,0.23672275,0.28300664
762.20000000,4.78412000,1.11065000,0.23678460,0.28308043
762.40000000,4.78412000,1.11065000,0.23684630,0.28315420
762.60000000,4.78237000,1.11936000,0.23690824,0.28322854
762.80000000,4.78162000,1.11763000,0.23697038,0.28330282
763.00000000,4.78512000,1.10864000,0.23703222,0.28337646
763.20000000,4.78275000,1.11424000,0.23709397,0.28345048
763.40000000,4.78275000,1.11424000,0.23715587,0.28352448
763.60000000,4.78162000,1.11667000,0.23721784,0.28359863
763.80000000,4.78112000,1.12387000,0.23728008,0.28367331
764.00000000,4.78400000,1.11049000,0.23734214,0.28374709
764.20000000,4.78337000,1.11382000,0.23740393,0.28382109
764.40000000,4.78337000,1.11382000,0.23746581,0.28389506
764.60000000,4.78150000,1.12256000,0.23752793,0.28396956
764.80000000,4.77862000,1.12969000,0.23759049,0.28404458
765.00000000,4.78112000,1.12396000,0.23765310,0.28411921
765.20000000,4.78112000,1.12396000,0.23771554,0.28419385
765.40000000,4.78125000,1.12163000,0.23777792,0.28426826
765.60000000,4.77637000,1.13974000,0.23784073,0.28434390
765.80000000,4.77850000,1.13353000,0.23790388,0.28441913
766.00000000,4.77762000,1.13424000,0.23796687,0.28449439
766.20000000,4.77762000,1.13424000,0.23802988,0.28456975
766.40000000,4.78375000,1.11372000,0.23809233,0.28464373
766.60000000,4.78237000,1.11740000,0.23815430,0.28471797
766.80000000,4.78350000,1.11116000,0.23821621,0.28479179
767.00000000,4.78350000,1.11116000,0.23827794,0.28486561
767.20000000,4.78350000,1.11289000,0.23833972,0.28493954
767.40000000,4.78312000,1.11574000,0.23840162,0.28501370
767.60000000,4.78525000,1.10518000,0.23846332,0.28508710
767.80000000,4.78200000,1.11843000,0.23852508,0.28516138
768.00000000,4.78200000,1.11843000,0.23858722,0.28523570
768.20000000,4.78425000,1.11011000,0.23864912,0.28530946
768.40000000,4.78400000,1.11116000,0.23871082,0.28538329
768.60000000,4.78400000,1.11344000,0.23877262,0.28545727
768.80000000,4.78575000,1.10172000,0.23883415,0.28553050
769.00000000,4.78575000,1.10172000,0.23889536,0.28560369
769.20000000,4.78275000,1.11507000,0.23895694,0.28567774
769.40000000,4.78162000,1.12118000,0.23901905,0.28575228
769.60000000,4.78662000,1.09798000,0.23908070,0.28582527
769.80000000,4.78662000,1.09798000,0.23914170,0.28589820
770.00000000,4.78212000,1.11849000,0.23920326,0.28597247
770.20000000,4.78112000,1.12422000,0.23926556,0.28604708
770.40000000,4.77850000,1.13081000,0.23932820,0.28612213
770.60000000,4.78075000,1.12716000,0.23939092,0.28619698
770.80000000,4.78075000,1.12716000,0.23945354,0.28627173
771.00000000,4.77500000,1.14393000,0.23951663,0.28634763
771.20000000,4.77712000,1.13699000,0.23957999,0.28642302
771.40000000,4.77450000,1.14777000,0.23964345,0.28649913
771.60000000,4.77450000,1.14777000,0.23970722,0.28657527
771.80000000,4.77600000,1.13971000,0.23977076,0.28665092
772.00000000,4.77937000,1.12844000,0.23983376,0.28672579
772.20000000,4.77662000,1.14108000,0.23989681,0.28680151
772.40000000,4.77800000,1.12883000,0.23995986,0.28687642
772.60000000,4.77800000,1.12883000,0.24002257,0.28695137
772.80000000,4.78037000,1.12572000,0.24008520,0.28702617
773.00000000,4.78450000,1.10809000,0.24014725,0.28709976
773.20000000,4.78162000,1.11868000,0.24020910,0.28717406
773.40000000,4.78350000,1.11408000,0.24027112,0.28724807
773.60000000,4.78350000,1.11408000,0.24033302,0.28732203
773.80000000,4.77962000,1.12828000,0.24039531,0.28739702
774.00000000,4.78512000,1.10547000,0.24045735,0.28747045
774.20000000,4.78275000,1.11747000,0.24051910,0.28754468
774.40000000,4.78275000,1.11747000,0.24058118,0.28761896
774.60000000,4.78625000,1.09993000,0.24064278,0.28769205
774.80000000,4.78412000,1.11180000,0.24070422,0.28776589
775.00000000,4.78175000,1.12195000,0.24076626,0.28784040
775.20000000,4.78337000,1.11203000,0.24082832,0.28791428
775.40000000,4.78337000,1.11203000,0.24089010,0.28798815
775.60000000,4.78262000,1.11897000,0.24095207,0.28806250
775.80000000,4.78425000,1.11081000,0.24101401,0.28813625
776.00000000,4.78062000,1.12476000,0.24107611,0.28821094
776.20000000,4.78062000,1.12476000,0.24113859,0.28828569
776.40000000,4.78537000,1.10886000,0.24120064,0.28835934
776.60000000,4.78225000,1.11504000,0.24126241,0.28843343
776.80000000,4.78400000,1.11081000,0.24132424,0.28850724
777.00000000,4.78400000,1.11081000,0.24138596,0.28858102
777.20000000,4.78237000,1.11907000,0.24144790,0.28865535
777.40000000,4.78212000,1.11734000,0.24151002,0.28872960
777.60000000,4.78462000,1.10841000,0.24157185,0.28880322
777.80000000,4.78225000,1.11580000,0.24163363,0.28887733
778.00000000,4.78225000,1.11580000,0.24169562,0.28895137
778.20000000,4.77762000,1.13468000,0.24175813,0.28902669
778.40000000,4.77962000,1.13033000,0.24182105,0.28910165
778.60000000,4.77475000,1.14592000,0.24188428,0.28917769
778.80000000,4.77737000,1.13699000,0.24194769,0.28925313
779.00000000,4.77737000,1.13699000,0.24201086,0.28932850
779.20000000,4.77287000,1.15776000,0.24207460,0.28940535
779.40000000,4.77900000,1.12915000,0.24213813,0.28948031
779.60000000,4.78025000,1.12528000,0.24220075,0.28955502
779.80000000,4.78025000,1.12528000,0.24226326,0.28962977
780.00000000,4.78237000,1.11856000,0.24232559,0.28970402
780.20000000,4.77987000,1.12435000,0.24238790,0.28977873
780.40000000,4.78387000,1.11273000,0.24245004,0.28985263
780.60000000,4.78187000,1.11827000,0.24251201,0.28992690
780.80000000,4.78187000,1.11827000,0.24257414,0.29000122
781.00000000,4.78525000,1.10473000,0.24263589,0.29007459
781.20000000,4.78187000,1.12022000,0.24269769,0.29014905
781.40000000,4.78562000,1.10339000,0.24275946,0.29022239
781.60000000,4.78562000,1.10339000,0.24282076,0.29029574
781.80000000,4.78650000,1.10246000,0.24288203,0.29036900
782.00000000,4.78462000,1.11088000,0.24294351,0.29044269
782.20000000,4.77587000,1.14275000,0.24300611,0.29051856
782.40000000,4.78037000,1.12745000,0.24306917,0.29059342
782.60000000,4.78037000,1.12745000,0.24313181,0.29066828
782.80000000,4.78062000,1.12547000,0.24319439,0.29074304
783.00000000,4.78275000,1.11648000,0.24325667,0.29081720
783.20000000,4.78275000,1.11808000,0.24331874,0.29089147
783.40000000,4.78275000,1.11808000,0.24338085,0.29096577
783.60000000,4.78450000,1.10777000,0.24344268,0.29103932
783.80000000,4.78000000,1.12867000,0.24350481,0.29111433
784.00000000,4.78500000,1.10803000,0.24356694,0.29118796
784.20000000,4.78475000,1.10486000,0.24362841,0.29126138
784.40000000,4.78475000,1.10486000,0.24368979,0.29133476
784.60000000,4.78200000,1.11715000,0.24375151,0.29140900
784.80000000,4.78475000,1.10726000,0.24381330,0.29148253
785.00000000,4.78112000,1.11961000,0.24387516,0.29155688
785.20000000,4.78500000,1.10723000,0.24393701,0.29163046
785.40000000,4.78500000,1.10723000,0.24399853,0.29170403
785.60000000,4.78375000,1.11155000,0.24406016,0.29177788
785.80000000,4.78350000,1.10979000,0.24412186,0.29185162
786.00000000,4.78412000,1.11113000,0.24418355,0.29192545
786.20000000,4.78412000,1.11113000,0.24424528,0.29199926
786.40000000,4.78300000,1.11200000,0.24430704,0.29207301
786.60000000,4.77525000,1.14508000,0.24436973,0.29214912
786.80000000,4.78525000,1.10870000,0.24443234,0.29222271
787.00000000,4.77950000,1.12832000,0.24449448,0.29229761
787.20000000,4.77950000,1.12832000,0.24455716,0.29237259
787.40000000,4.78450000,1.10899000,0.24461931,0.29244625
787.60000000,4.78187000,1.11827000,0.24468118,0.29252054
787.80000000,4.78337000,1.11180000,0.24474313,0.29259440
788.00000000,4.78337000,1.11180000,0.24480489,0.29266828
788.20000000,4.78437000,1.11222000,0.24486667,0.29274206
788.40000000,4.77587000,1.14310000,0.24492932,0.29281791
788.60000000,4.77800000,1.13235000,0.24499253,0.29289306
788.80000000,4.77712000,1.13747000,0.24505558,0.29296853
789.00000000,4.77712000,1.13747000,0.24511877,0.29304396
789.20000000,4.77450000,1.15116000,0.24518234,0.29312030
789.40000000,4.77512000,1.14697000,0.24524618,0.29319640
789.60000000,4.77725000,1.13776000,0.24530964,0.29327190
789.80000000,4.77725000,1.13776000,0.24537285,0.29334738
790.00000000,4.77712000,1.13724000,0.24543605,0.29342287
790.20000000,4.77912000,1.13107000,0.24549906,0.29349801
790.40000000,4.78300000,1.11881000,0.24556155,0.29357233
790.60000000,4.78250000,1.11622000,0.24562364,0.29364647
790.80000000,4.78250000,1.11622000,0.24568565,0.29372065
791.00000000,4.78487000,1.10729000,0.24574741,0.29379429
791.20000000,4.78775000,1.09859000,0.24580869,0.29386734
791.40000000,4.78212000,1.11596000,0.24587020,0.29394146
791.60000000,4.78212000,1.11596000,0.24593220,0.29401556
791.80000000,4.78075000,1.12467000,0.24599444,0.29409015
792.00000000,4.77550000,1.14528000,0.24605749,0.29416612
792.20000000,4.77612000,1.14105000,0.24612100,0.29424182
792.40000000,4.77612000,1.14105000,0.24618439,0.29431750
792.60000000,4.77562000,1.14854000,0.24624799,0.29439375
792.80000000,4.77975000,1.13004000,0.24631129,0.29446873
793.00000000,4.77762000,1.13532000,0.24637422,0.29454407
793.20000000,4.77800000,1.13728000,0.24643734,0.29461954
793.40000000,4.77800000,1.13728000,0.24650053,0.29469504
793.60000000,4.77987000,1.12723000,0.24656343,0.29476993
793.80000000,4.78362000,1.11177000,0.24662562,0.29484385
794.00000000,4.78700000,1.09939000,0.24668704,0.29491694
794.20000000,4.78700000,1.09939000,0.24674812,0.29499003
794.40000000,4.78650000,1.10054000,0.24680923,0.29506311
794.60000000,4.78137000,1.12201000,0.24687097,0.29513766
794.80000000,4.78350000,1.11452000,0.24693309,0.29521172
795.00000000,4.78462000,1.10793000,0.24699483,0.29528534
795.20000000,4.78462000,1.10793000,0.24705638,0.29535894
795.40000000,4.78237000,1.11971000,0.24711826,0.29543331
795.60000000,4.78225000,1.11875000,0.24718044,0.29550763
795.80000000,4.78350000,1.11465000,0.24724248,0.29558169
796.00000000,4.78350000,1.11465000,0.24730440,0.29565577
796.20000000,4.78512000,1.11033000,0.24736621,0.29572956
796.40000000,4.78525000,1.10684000,0.24742780,0.29580306
796.60000000,4.78112000,1.12505000,0.24748979,0.29587781
796.80000000,4.78337000,1.11539000,0.24755203,0.29595191
797.00000000,4.78337000,1.11539000,0.24761399,0.29602596
797.20000000,4.78050000,1.12355000,0.24767619,0.29610053
797.40000000,4.77862000,1.13388000,0.24773889,0.29617585
797.60000000,4.78237000,1.11888000,0.24780147,0.29625017
797.80000000,4.78237000,1.11888000,0.24786363,0.29632454
798.00000000,4.78600000,1.10249000,0.24792533,0.29639776
798.20000000,4.78187000,1.12121000,0.24798710,0.29647229
798.40000000,4.78562000,1.10355000,0.24804890,0.29654556
798.60000000,4.78100000,1.12329000,0.24811076,0.29662015
798.80000000,4.78100000,1.12329000,0.24817316,0.29669473
799.00000000,4.77987000,1.12809000,0.24823570,0.29676960
799.20000000,4.77875000,1.12963000,0.24829842,0.29684452
799.40000000,4.77537000,1.14416000,0.24836158,0.29692043
799.60000000,4.77675000,1.13689000,0.24842494,0.29699585
799.80000000,4.77675000,1.13689000,0.24848810,0.29707130
800.00000000,4.77825000,1.13363000,0.24855117,0.29714654
800.20000000,4.77875000,1.13270000,0.24861412,0.29722169
800.40000000,4.77650000,1.14032000,0.24867726,0.29729734
800.60000000,4.77650000,1.14032000,0.24874061,0.29737297
800.80000000,4.77575000,1.14220000,0.24880402,0.29744873
801.00000000,4.77525000,1.14435000,0.24886753,0.29752467
801.20000000,4.77775000,1.13584000,0.24893087,0.29760000
801.40000000,4.77550000,1.14080000,0.24899411,0.29767567
801.60000000,4.77550000,1.14080000,0.24905749,0.29775134
801.80000000,4.77575000,1.13939000,0.24912083,0.29782695
802.00000000,4.77800000,1.13142000,0.24918391,0.29790201
802.20000000,4.77675000,1.13555000,0.24924688,0.29797735
802.40000000,4.77675000,1.13555000,0.24930996,0.29805280
802.60000000,4.78412000,1.11001000,0.24937234,0.29812647
802.80000000,4.77887000,1.12547000,0.24943444,0.29820127
803.00000000,4.78475000,1.10659000,0.24949644,0.29827483
803.20000000,4.78637000,1.10057000,0.24955775,0.29834799
803.40000000,4.78637000,1.10057000,0.24961889,0.29842114
803.60000000,4.78537000,1.10099000,0.24968005,0.29849425
803.80000000,4.78100000,1.12265000,0.24974181,0.29856883
804.00000000,4.78337000,1.10956000,0.24980382,0.29864255
804.20000000,4.78300000,1.11254000,0.24986554,0.29871645
804.40000000,4.78300000,1.11254000,0.24992735,0.29879038
804.60000000,4.78400000,1.11139000,0.24998913,0.29886421
804.80000000,4.78300000,1.11116000,0.25005087,0.29893790
805.00000000,4.77512000,1.14387000,0.25011350,0.29901376
805.20000000,4.77512000,1.14387000,0.25017705,0.29908964
805.40000000,4.77587000,1.14336000,0.25024059,0.29916548
805.60000000,4.77600000,1.14016000,0.25030402,0.29924119
805.80000000,4.78087000,1.12217000,0.25036686,0.29931568
806.00000000,4.77950000,1.13014000,0.25042942,0.29939070
806.20000000,4.77950000,1.13014000,0.25049221,0.29946571
806.40000000,4.77862000,1.12937000,0.25055497,0.29954059
806.60000000,4.77400000,1.14860000,0.25061825,0.29961692
806.80000000,4.78437000,1.10857000,0.25068095,0.29969058
807.00000000,4.78437000,1.10857000,0.25074254,0.29976426
807.20000000,4.78512000,1.10486000,0.25080402,0.29983763
807.40000000,4.78175000,1.12067000,0.25086584,0.29991202
807.60000000,4.77925000,1.12659000,0.25092827,0.29998688
807.80000000,4.78450000,1.10828000,0.25099035,0.30006053
808.00000000,4.78450000,1.10828000,0.25105192,0.30013414
808.20000000,4.78212000,1.11740000,0.25111374,0.30020837
808.40000000,4.78312000,1.11174000,0.25117566,0.30028222
808.60000000,4.78287000,1.11507000,0.25123752,0.30035630
808.80000000,4.78287000,1.11507000,0.25129947,0.30043038
809.00000000,4.78325000,1.11273000,0.25136135,0.30050429
809.20000000,4.78287000,1.11532000,0.25142324,0.30057844
809.40000000,4.78650000,1.10275000,0.25148485,0.30065165
809.60000000,4.78000000,1.12387000,0.25154670,0.30072626
809.80000000,4.78000000,1.12387000,0.25160914,0.30080095
810.00000000,4.78512000,1.10371000,0.25167102,0.30087434
810.20000000,4.78762000,1.09820000,0.25173218,0.30094728
810.40000000,4.78212000,1.11552000,0.25179367,0.30102142
810.60000000,4.78500000,1.10944000,0.25185548,0.30109515
810.80000000,4.78500000,1.10944000,0.25191711,0.30116890
811.00000000,4.78637000,1.10172000,0.25197854,0.30124212
811.20000000,4.78487000,1.10521000,0.25203984,0.30131555
811.40000000,4.78337000,1.11657000,0.25210156,0.30138973
811.60000000,4.78337000,1.11657000,0.25216359,0.30146393
811.80000000,4.78500000,1.10614000,0.25222533,0.30153747
812.00000000,4.78700000,1.09868000,0.25228657,0.30161047
812.20000000,4.78362000,1.11395000,0.25234804,0.30168450
812.40000000,4.78475000,1.10412000,0.25240965,0.30175787
812.60000000,4.78475000,1.10412000,0.25247099,0.30183123
812.80000000,4.78400000,1.11065000,0.25253251,0.30190495
813.00000000,4.77875000,1.13126000,0.25259479,0.30198001
813.20000000,4.77737000,1.13417000,0.25265771,0.30205527
813.40000000,4.77737000,1.13417000,0.25272072,0.30213053
813.60000000,4.77762000,1.13804000,0.25278384,0.30220602
813.80000000,4.77650000,1.13977000,0.25284711,0.30228169
814.00000000,4.78000000,1.12582000,0.25291005,0.30235643
814.20000000,4.77637000,1.14185000,0.25297304,0.30243218
814.40000000,4.77637000,1.14185000,0.25303647,0.30250797
814.60000000,4.77887000,1.12851000,0.25309954,0.30258288
814.80000000,4.77950000,1.12931000,0.25316226,0.30265785
815.00000000,4.77937000,1.13056000,0.25322503,0.30273290
815.20000000,4.77937000,1.13056000,0.25328784,0.30280792
815.40000000,4.77787000,1.13312000,0.25335072,0.30288319
815.60000000,4.78312000,1.11670000,0.25341321,0.30295742
815.80000000,4.78575000,1.10342000,0.25347488,0.30303076
816.00000000,4.78575000,1.10342000,0.25353619,0.30310403
816.20000000,4.78050000,1.12508000,0.25359809,0.30317874
816.40000000,4.78137000,1.12323000,0.25366054,0.30325336
816.60000000,4.78337000,1.11296000,0.25372266,0.30332730
816.80000000,4.78537000,1.10841000,0.25378436,0.30340097
817.00000000,4.78537000,1.10841000,0.25384594,0.30347466
817.20000000,4.78650000,1.10416000,0.25390740,0.30354797
817.40000000,4.78037000,1.12444000,0.25396931,0.30362274
817.60000000,4.78775000,1.09830000,0.25403105,0.30369577
817.80000000,4.78775000,1.09830000,0.25409207,0.30376878
818.00000000,4.78612000,1.10291000,0.25415321,0.30384210
818.20000000,4.78650000,1.10204000,0.25421446,0.30391522
818.40000000,4.77737000,1.13676000,0.25427665,0.30399065
818.60000000,4.77800000,1.13459000,0.25433974,0.30406594
818.80000000,4.77800000,1.13459000,0.25440277,0.30414121
819.00000000,4.77650000,1.14038000,0.25446597,0.30421689
819.20000000,4.77837000,1.13427000,0.25452915,0.30429210
819.40000000,4.77412000,1.15174000,0.25459265,0.30436847
819.60000000,4.77412000,1.15174000,0.25465664,0.30444490
819.80000000,4.77787000,1.13734000,0.25472022,0.30452038
820.00000000,4.77812000,1.13321000,0.25478329,0.30459555
820.20000000,4.77637000,1.14425000,0.25484656,0.30467156
820.40000000,4.78225000,1.11542000,0.25490933,0.30474564
820.60000000,4.78225000,1.11542000,0.25497129,0.30481967
820.80000000,4.77862000,1.12835000,0.25503362,0.30489468
821.00000000,4.78650000,1.10316000,0.25509561,0.30496803
821.20000000,4.78687000,1.09878000,0.25515677,0.30504108
821.40000000,4.78687000,1.09878000,0.25521782,0.30511412
821.60000000,4.78625000,1.10128000,0.25527893,0.30518731
821.80000000,4.78475000,1.11065000,0.25534037,0.30526108
822.00000000,4.78250000,1.11644000,0.25540223,0.30533522
822.20000000,4.78125000,1.12236000,0.25546442,0.30540975
822.40000000,4.78125000,1.12236000,0.25552678,0.30548425
822.60000000,4.77937000,1.13107000,0.25558937,0.30555936
822.80000000,4.78125000,1.12112000,0.25565193,0.30563388
823.00000000,4.78537000,1.10614000,0.25571380,0.30570739
823.20000000,4.78537000,1.10614000,0.25577525,0.30578094
823.40000000,4.78700000,1.10054000,0.25583655,0.30585408
823.60000000,4.78550000,1.10192000,0.25589773,0.30592723
823.80000000,4.77962000,1.12896000,0.25595970,0.30600224
824.00000000,4.78350000,1.11292000,0.25602197,0.30607618
824.20000000,4.78350000,1.11292000,0.25608380,0.30615004
824.40000000,4.77850000,1.13267000,0.25614618,0.30622520
824.60000000,4.77775000,1.13801000,0.25620925,0.30630069
824.80000000,4.77612000,1.14176000,0.25627258,0.30637643
825.00000000,4.77487000,1.14678000,0.25633615,0.30645248
825.20000000,4.77487000,1.14678000,0.25639986,0.30652858
825.40000000,4.77800000,1.13497000,0.25646324,0.30660387
825.60000000,4.77587000,1.14041000,0.25652645,0.30667953
825.80000000,4.77687000,1.13881000,0.25658976,0.30675508
826.00000000,4.77687000,1.13881000,0.25665303,0.30683065
826.20000000,4.77787000,1.13529000,0.25671620,0.30690613
826.40000000,4.78662000,1.10140000,0.25677833,0.30697937
826.60000000,4.78750000,1.09740000,0.25683940,0.30705233
826.80000000,4.78725000,1.09715000,0.25690036,0.30712528
827.00000000,4.78725000,1.09715000,0.25696132,0.30719818
827.20000000,4.78400000,1.11065000,0.25702264,0.30727196
827.40000000,4.78312000,1.11494000,0.25708447,0.30734604
827.60000000,4.78375000,1.10998000,0.25714627,0.30741979
827.80000000,4.78375000,1.10998000,0.25720794,0.30749351
828.00000000,4.78187000,1.11987000,0.25726988,0.30756792
828.20000000,4.78425000,1.10924000,0.25733180,0.30764157
828.40000000,4.78025000,1.12336000,0.25739381,0.30771621
828.60000000,4.78425000,1.11011000,0.25745585,0.30778998
828.80000000,4.78425000,1.11011000,0.25751753,0.30786369
829.00000000,4.78112000,1.11958000,0.25757946,0.30793812
829.20000000,4.78662000,1.10048000,0.25764113,0.30801124
829.40000000,4.78350000,1.11481000,0.25770267,0.30808530
829.60000000,4.78350000,1.11481000,0.25776460,0.30815933
829.80000000,4.78137000,1.11817000,0.25782663,0.30823365
830.00000000,4.78537000,1.10672000,0.25788843,0.30830716
830.20000000,4.78225000,1.11628000,0.25795018,0.30838132
830.40000000,4.78312000,1.11068000,0.25801204,0.30845510
830.60000000,4.78312000,1.11068000,0.25807374,0.30852887
830.80000000,4.78200000,1.12035000,0.25813572,0.30860330
831.00000000,4.78362000,1.11200000,0.25819773,0.30867714
831.20000000,4.78100000,1.12054000,0.25825974,0.30875158
831.40000000,4.78325000,1.11395000,0.25832181,0.30882559
831.60000000,4.78325000,1.11395000,0.25838370,0.30889955
831.80000000,4.78025000,1.12380000,0.25844586,0.30897412
832.00000000,4.77800000,1.13552000,0.25850862,0.30904944
832.20000000,4.77537000,1.14592000,0.25857199,0.30912544
832.40000000,4.77537000,1.14592000,0.25863565,0.30920146
832.60000000,4.77675000,1.13708000,0.25869907,0.30927687
832.80000000,4.77450000,1.15020000,0.25876260,0.30935320
833.00000000,4.77862000,1.13251000,0.25882601,0.30942841
833.20000000,4.78125000,1.12195000,0.25888864,0.30950292
833.40000000,4.78125000,1.12195000,0.25895097,0.30957737
833.60000000,4.77837000,1.13692000,0.25901371,0.30965286
833.80000000,4.78012000,1.12403000,0.25907652,0.30972752
834.00000000,4.78287000,1.11814000,0.25913880,0.30980180
834.20000000,4.78287000,1.11814000,0.25920092,0.30987604
834.40000000,4.78025000,1.12380000,0.25926319,0.30995072
834.60000000,4.78475000,1.10704000,0.25932516,0.31002425
834.80000000,4.78212000,1.11958000,0.25938701,0.31009863
835.00000000,4.78375000,1.11097000,0.25944897,0.31017245
835.20000000,4.78375000,1.11097000,0.25951069,0.31024622
835.40000000,4.78087000,1.12598000,0.25957283,0.31032106
835.60000000,4.78587000,1.10358000,0.25963476,0.31039438
835.80000000,4.78387000,1.11190000,0.25969630,0.31046821
836.00000000,4.78050000,1.12672000,0.25975849,0.31054302
836.20000000,4.78050000,1.12672000,0.25982108,0.31061785
836.40000000,4.78162000,1.11872000,0.25988346,0.31069218
836.60000000,4.78412000,1.11049000,0.25994538,0.31076599
836.80000000,4.78575000,1.10470000,0.26000691,0.31083942
837.00000000,4.78575000,1.10470000,0.26006828,0.31091280
837.20000000,4.78275000,1.11446000,0.26012993,0.31098687
837.40000000,4.78500000,1.10953000,0.26019170,0.31106064
837.60000000,4.78712000,1.09958000,0.26025307,0.31113368
837.80000000,4.78262000,1.11724000,0.26031465,0.31120789
838.00000000,4.78262000,1.11724000,0.26037672,0.31128215
838.20000000,4.78537000,1.10633000,0.26043848,0.31135565
838.40000000,4.78362000,1.11040000,0.26050006,0.31142938
838.60000000,4.78087000,1.12361000,0.26056211,0.31150399
838.80000000,4.78087000,1.12361000,0.26062454,0.31157868
839.00000000,4.78612000,1.10310000,0.26068639,0.31165199
839.20000000,4.78500000,1.10681000,0.26074778,0.31172552
839.40000000,4.78300000,1.11539000,0.26080950,0.31179949
839.60000000,4.77475000,1.14803000,0.26087238,0.31187562
839.80000000,4.77475000,1.14803000,0.26093616,0.31195190
840.00000000,4.78425000,1.10841000,0.26099883,0.31202559
840.20000000,4.78625000,1.10361000,0.26106028,0.31209891
840.40000000,4.78375000,1.11056000,0.26112178,0.31217266
840.60000000,4.78137000,1.12172000,0.26118379,0.31224715
840.80000000,4.78137000,1.12172000,0.26124611,0.31232170
841.00000000,4.78475000,1.10899000,0.26130807,0.31239536
841.20000000,4.78262000,1.11532000,0.26136986,0.31246948
841.40000000,4.78462000,1.10924000,0.26143165,0.31254319
841.60000000,4.78462000,1.10924000,0.26149328,0.31261682
841.80000000,4.77912000,1.12761000,0.26155541,0.31269173
842.00000000,4.78337000,1.11270000,0.26161764,0.31276557
842.20000000,4.77787000,1.13676000,0.26168013,0.31284102
842.40000000,4.77900000,1.13017000,0.26174310,0.31291604
842.60000000,4.77900000,1.13017000,0.26180589,0.31299105
842.80000000,4.77900000,1.12835000,0.26186862,0.31306591
843.00000000,4.77675000,1.14048000,0.26193165,0.31314156
843.20000000,4.77587000,1.14083000,0.26199502,0.31321723
843.40000000,4.77587000,1.14083000,0.26205840,0.31329296
843.60000000,4.77900000,1.13008000,0.26212148,0.31336791
843.80000000,4.77575000,1.14560000,0.26218469,0.31344396
844.00000000,4.77950000,1.12659000,0.26224781,0.31351877
844.20000000,4.78112000,1.12019000,0.26231022,0.31359316
844.40000000,4.78112000,1.12019000,0.26237245,0.31366760
844.60000000,4.78500000,1.10928000,0.26243438,0.31374135
844.80000000,4.78687000,1.09884000,0.26249572,0.31381432
845.00000000,4.78112000,1.12243000,0.26255742,0.31388885
845.20000000,4.78112000,1.12243000,0.26261977,0.31396343
845.40000000,4.78362000,1.11132000,0.26268182,0.31403716
845.60000000,4.77662000,1.13891000,0.26274433,0.31411272
845.80000000,4.77687000,1.14073000,0.26280765,0.31418838
846.00000000,4.77550000,1.14336000,0.26287110,0.31426421
846.20000000,4.77550000,1.14336000,0.26293462,0.31434004
846.40000000,4.77500000,1.14636000,0.26299822,0.31441612
846.60000000,4.77875000,1.13203000,0.26306151,0.31449126
846.80000000,4.77887000,1.13126000,0.26312438,0.31456629
847.00000000,4.77512000,1.14678000,0.26318766,0.31464234
847.20000000,4.77512000,1.14678000,0.26325137,0.31471856
847.40000000,4.78512000,1.10604000,0.26331395,0.31479202
847.60000000,4.78212000,1.11798000,0.26337573,0.31486626
847.80000000,4.78150000,1.12067000,0.26343791,0.31494069
848.00000000,4.78150000,1.12067000,0.26350017,0.31501515
848.20000000,4.78425000,1.10787000,0.26356207,0.31508879
848.40000000,4.78587000,1.10636000,0.26362358,0.31516225
848.60000000,4.78037000,1.12531000,0.26368557,0.31523705
848.80000000,4.78575000,1.10355000,0.26374748,0.31531040
849.00000000,4.78575000,1.10355000,0.26380879,0.31538367
849.20000000,4.78037000,1.12649000,0.26387074,0.31545846
849.40000000,4.78037000,1.12656000,0.26393332,0.31553334
849.60000000,4.78550000,1.10505000,0.26399531,0.31560679
849.80000000,4.78550000,1.10505000,0.26405670,0.31568027
850.00000000,4.78762000,1.09737000,0.26411788,0.31575310
850.20000000,4.77875000,1.12876000,0.26417972,0.31582803
850.40000000,4.77962000,1.12844000,0.26424242,0.31590298
850.60000000,4.78200000,1.12147000,0.26430492,0.31597746
850.80000000,4.78200000,1.12147000,0.26436722,0.31605189
851.00000000,4.77837000,1.13203000,0.26442982,0.31612702
851.20000000,4.77850000,1.13417000,0.26449277,0.31620230
851.40000000,4.77900000,1.12979000,0.26455566,0.31627733
851.60000000,4.78162000,1.11817000,0.26461810,0.31635159
851.80000000,4.78162000,1.11817000,0.26468022,0.31642585
852.00000000,4.78175000,1.12012000,0.26474239,0.31650030
852.20000000,4.78550000,1.10220000,0.26480413,0.31657356
852.40000000,4.78537000,1.10563000,0.26486545,0.31664704
852.60000000,4.78537000,1.10563000,0.26492688,0.31672046
852.80000000,4.78087000,1.12204000,0.26498876,0.31679492
853.00000000,4.77850000,1.13094000,0.26505134,0.31687013
853.20000000,4.78775000,1.09680000,0.26511322,0.31694300
853.40000000,4.78350000,1.11075000,0.26517454,0.31701679
853.60000000,4.78350000,1.11075000,0.26523625,0.31709062
853.80000000,4.78587000,1.10563000,0.26529782,0.31716406
854.00000000,4.78250000,1.11558000,0.26535952,0.31723817
854.20000000,4.78250000,1.11558000,0.26542149,0.31731227
854.40000000,4.78250000,1.11558000,0.26548347,0.31738640
854.60000000,4.78462000,1.10892000,0.26554526,0.31746005
854.80000000,4.78212000,1.11753000,0.26560711,0.31753426
855.00000000,4.78125000,1.12051000,0.26566928,0.31760868
855.20000000,4.78150000,1.12134000,0.26573155,0.31768314
855.40000000,4.78150000,1.12134000,0.26579385,0.31775766
855.60000000,4.78475000,1.10508000,0.26585569,0.31783110
855.80000000,4.78462000,1.10800000,0.26591717,0.31790470
856.00000000,4.78250000,1.11744000,0.26597898,0.31797892
856.20000000,4.78200000,1.11612000,0.26604103,0.31805305
856.40000000,4.78200000,1.11612000,0.26610303,0.31812720
856.60000000,4.78350000,1.11436000,0.26616499,0.31820123
856.80000000,4.78287000,1.11382000,0.26622689,0.31827525
857.00000000,4.78475000,1.10636000,0.26628856,0.31834877
857.20000000,4.78475000,1.10636000,0.26635002,0.31842229
857.40000000,4.78487000,1.10822000,0.26641154,0.31849589
857.60000000,4.78175000,1.11731000,0.26647336,0.31857010
857.80000000,4.78175000,1.12108000,0.26653554,0.31864455
858.00000000,4.78175000,1.12108000,0.26659782,0.31871907
858.20000000,4.78550000,1.10480000,0.26665965,0.31879241
858.40000000,4.78012000,1.12473000,0.26672158,0.31886715
858.60000000,4.78400000,1.11107000,0.26678368,0.31894097
858.80000000,4.77712000,1.13584000,0.26684610,0.31901633
859.00000000,4.77712000,1.13584000,0.26690920,0.31909174
859.20000000,4.77975000,1.12518000,0.26697201,0.31916644
859.40000000,4.78025000,1.12697000,0.26703457,0.31924126
859.60000000,4.77850000,1.12790000,0.26709720,0.31931612
859.80000000,4.77850000,1.12790000,0.26715986,0.31939097
860.00000000,4.77800000,1.13331000,0.26722267,0.31946614
860.20000000,4.77600000,1.14080000,0.26728584,0.31954183
860.40000000,4.77712000,1.13619000,0.26734909,0.31961722
860.60000000,4.77712000,1.13971000,0.26741231,0.31969284
860.80000000,4.77712000,1.13971000,0.26747563,0.31976856
861.00000000,4.78362000,1.11088000,0.26753815,0.31984227
861.20000000,4.77725000,1.13628000,0.26760057,0.31991766
861.40000000,4.77750000,1.14006000,0.26766380,0.31999331
861.60000000,4.77750000,1.14006000,0.26772714,0.32006906
861.80000000,4.78412000,1.10774000,0.26778958,0.32014264
862.00000000,4.78212000,1.11865000,0.26785142,0.32021700
862.20000000,4.78625000,1.10268000,0.26791312,0.32029030
862.40000000,4.78650000,1.09699000,0.26797423,0.32036323
862.60000000,4.78650000,1.09699000,0.26803517,0.32043614
862.80000000,4.78575000,1.10304000,0.26809628,0.32050940
863.00000000,4.78150000,1.11996000,0.26815803,0.32058378
863.20000000,4.78212000,1.11465000,0.26822010,0.32065782
863.40000000,4.78212000,1.11465000,0.26828203,0.32073183
863.60000000,4.78112000,1.12153000,0.26834414,0.32080622
863.80000000,4.77525000,1.14387000,0.26840707,0.32088213
864.00000000,4.77812000,1.13302000,0.26847032,0.32095732
864.20000000,4.78375000,1.11337000,0.26853272,0.32103129
864.40000000,4.78375000,1.11337000,0.26859457,0.32110527
864.60000000,4.78437000,1.10944000,0.26865632,0.32117894
864.80000000,4.78075000,1.12166000,0.26871829,0.32125340
865.00000000,4.77987000,1.12518000,0.26878071,0.32132810
865.20000000,4.77987000,1.12518000,0.26884322,0.32140281
865.40000000,4.78037000,1.12182000,0.26890563,0.32147722
865.60000000,4.77625000,1.14054000,0.26896848,0.32155302
865.80000000,4.78500000,1.10809000,0.26903094,0.32162663
866.00000000,4.78275000,1.11340000,0.26909265,0.32170059
866.20000000,4.78275000,1.11340000,0.26915450,0.32177461
866.40000000,4.78687000,1.09696000,0.26921590,0.32184744
866.60000000,4.78037000,1.12425000,0.26927760,0.32192216
866.80000000,4.78500000,1.10512000,0.26933953,0.32199560
867.00000000,4.78500000,1.10512000,0.26940092,0.32206898
867.20000000,4.78025000,1.12368000,0.26946283,0.32214361
867.40000000,4.78237000,1.11507000,0.26952502,0.32221768
867.60000000,4.78262000,1.11324000,0.26958692,0.32229164
867.80000000,4.78337000,1.11350000,0.26964877,0.32236562
868.00000000,4.78337000,1.11350000,0.26971063,0.32243959
868.20000000,4.78287000,1.11267000,0.26977247,0.32251345
868.40000000,4.77975000,1.12425000,0.26983461,0.32258817
868.60000000,4.78512000,1.10774000,0.26989661,0.32266179
868.80000000,4.78512000,1.10774000,0.26995815,0.32273539
869.00000000,4.78362000,1.10969000,0.27001974,0.32280899
869.20000000,4.77550000,1.14217000,0.27008230,0.32288483
869.40000000,4.78087000,1.12422000,0.27014525,0.32295955
869.60000000,4.78550000,1.10371000,0.27020714,0.32303291
869.80000000,4.78550000,1.10371000,0.27026846,0.32310629
870.00000000,4.78712000,1.09907000,0.27032964,0.32317932
870.20000000,4.78437000,1.10732000,0.27039093,0.32325286
870.40000000,4.78112000,1.12016000,0.27045281,0.32332725
870.60000000,4.78187000,1.12054000,0.27051505,0.32340167
870.80000000,4.78187000,1.12054000,0.27057730,0.32347600
871.00000000,4.77625000,1.13926000,0.27064007,0.32355161
871.20000000,4.77800000,1.13238000,0.27070317,0.32362680
871.40000000,4.78112000,1.12195000,0.27076579,0.32370130
871.60000000,4.78112000,1.12195000,0.27082812,0.32377587
871.80000000,4.78537000,1.10307000,0.27088993,0.32384923
872.00000000,4.78787000,1.09712000,0.27095105,0.32392217
872.20000000,4.78725000,1.09718000,0.27101200,0.32399494
872.40000000,4.77550000,1.14400000,0.27107426,0.32407082
872.60000000,4.77550000,1.14400000,0.27113781,0.32414674
872.80000000,4.77812000,1.13404000,0.27120109,0.32422201
873.00000000,4.77862000,1.13113000,0.27126401,0.32429704
873.20000000,4.77612000,1.14003000,0.27132710,0.32437266
873.40000000,4.77612000,1.14003000,0.27139043,0.32444831
873.60000000,4.77737000,1.13667000,0.27145368,0.32452367
873.80000000,4.77387000,1.14844000,0.27151715,0.32459988
874.00000000,4.77775000,1.13763000,0.27158065,0.32467547
874.20000000,4.78425000,1.11065000,0.27164310,0.32474927
874.40000000,4.78425000,1.11065000,0.27170481,0.32482302
874.60000000,4.78087000,1.12259000,0.27176684,0.32489762
874.80000000,4.78425000,1.11001000,0.27182886,0.32497138
875.00000000,4.78475000,1.10316000,0.27189034,0.32504469
875.20000000,4.78225000,1.11808000,0.27195204,0.32511896
875.40000000,4.78225000,1.11808000,0.27201415,0.32519324
875.60000000,4.78375000,1.11123000,0.27207608,0.32526704
875.80000000,4.78187000,1.11772000,0.27213799,0.32534128
876.00000000,4.78212000,1.11920000,0.27220013,0.32541562
876.20000000,4.78212000,1.11920000,0.27226231,0.32548991
876.40000000,4.77925000,1.12880000,0.27232475,0.32556481
876.60000000,4.77737000,1.13580000,0.27238766,0.32564023
876.80000000,4.78100000,1.12444000,0.27245044,0.32571494
877.00000000,4.78425000,1.10784000,0.27251245,0.32578856
877.20000000,4.78425000,1.10784000,0.27257400,0.32586219
877.40000000,4.78550000,1.10512000,0.27263547,0.32593563
877.60000000,4.78475000,1.10963000,0.27269699,0.32600936
877.80000000,4.78412000,1.10860000,0.27275861,0.32608302
878.00000000,4.78412000,1.10860000,0.27282019,0.32615669
878.20000000,4.78425000,1.11056000,0.27288184,0.32623040
878.40000000,4.77875000,1.13433000,0.27294420,0.32630568
878.60000000,4.77850000,1.12979000,0.27300709,0.32638062
878.80000000,4.77575000,1.14409000,0.27307025,0.32645651
879.00000000,4.77575000,1.14409000,0.27313381,0.32653245
879.20000000,4.77925000,1.12928000,0.27319696,0.32660737
879.40000000,4.77700000,1.13564000,0.27325988,0.32668274
879.60000000,4.77850000,1.13388000,0.27332292,0.32675800
879.80000000,4.77850000,1.13388000,0.27338591,0.32683324
880.00000000,4.77775000,1.13516000,0.27344894,0.32690857
880.20000000,4.77825000,1.13094000,0.27351189,0.32698369
880.40000000,4.78200000,1.11897000,0.27357438,0.32705797
880.60000000,4.78000000,1.12470000,0.27363671,0.32713264
880.80000000,4.78000000,1.12470000,0.27369919,0.32720736
881.00000000,4.78337000,1.11347000,0.27376136,0.32728130
881.20000000,4.78112000,1.12227000,0.27382347,0.32735581
881.40000000,4.78050000,1.12384000,0.27388586,0.32743043
881.60000000,4.78050000,1.12384000,0.27394830,0.32750501
881.80000000,4.77775000,1.13507000,0.27401104,0.32758042
882.00000000,4.78337000,1.11059000,0.27407342,0.32765417
882.20000000,4.78137000,1.11987000,0.27413538,0.32772854
882.40000000,4.78362000,1.11356000,0.27419742,0.32780252
882.60000000,4.78362000,1.11356000,0.27425928,0.32787646
882.80000000,4.78075000,1.12272000,0.27432140,0.32795107
883.00000000,4.78437000,1.10800000,0.27438337,0.32802465
883.20000000,4.78175000,1.12105000,0.27444528,0.32809910
883.40000000,4.78275000,1.11318000,0.27450735,0.32817305
883.60000000,4.78275000,1.11318000,0.27456919,0.32824705
883.80000000,4.78612000,1.10192000,0.27463072,0.32832019
884.00000000,4.77937000,1.13078000,0.27469274,0.32839529
884.20000000,4.78187000,1.11868000,0.27475523,0.32846959
884.40000000,4.78187000,1.11868000,0.27481737,0.32854389
884.60000000,4.78175000,1.12112000,0.27487959,0.32861836
884.80000000,4.78287000,1.11360000,0.27494167,0.32869232
885.00000000,4.78200000,1.11449000,0.27500356,0.32876634
885.20000000,4.78200000,1.11449000,0.27506547,0.32884041
885.40000000,4.78500000,1.10860000,0.27512723,0.32891402
885.60000000,4.78062000,1.12131000,0.27518917,0.32898849
885.80000000,4.78175000,1.11680000,0.27525134,0.32906266
886.00000000,4.77625000,1.14099000,0.27531405,0.32913835
886.20000000,4.77625000,1.14099000,0.27537744,0.32921407
886.40000000,4.77862000,1.13046000,0.27544054,0.32928912
886.60000000,4.77962000,1.12857000,0.27550329,0.32936399
886.80000000,4.77637000,1.13948000,0.27556629,0.32943958
887.00000000,4.77512000,1.14332000,0.27562970,0.32951540
887.20000000,4.77512000,1.14332000,0.27569322,0.32959128
887.40000000,4.77825000,1.13292000,0.27575645,0.32966650
887.60000000,4.78025000,1.12476000,0.27581916,0.32974117
887.80000000,4.78000000,1.12393000,0.27588163,0.32981578
888.00000000,4.78000000,1.12393000,0.27594407,0.32989047
888.20000000,4.78425000,1.11043000,0.27600613,0.32996424
888.40000000,4.78325000,1.11264000,0.27606788,0.33003809
888.60000000,4.77875000,1.13008000,0.27613018,0.33011309
888.80000000,4.78562000,1.10662000,0.27619231,0.33018664
889.00000000,4.78562000,1.10662000,0.27625379,0.33026020
889.20000000,4.78575000,1.10406000,0.27631520,0.33033352
889.40000000,4.78175000,1.11910000,0.27637695,0.33040787
889.60000000,4.78325000,1.11526000,0.27643902,0.33048196
889.80000000,4.77600000,1.14176000,0.27650171,0.33055770
890.00000000,4.77600000,1.14176000,0.27656514,0.33063356
890.20000000,4.78387000,1.11324000,0.27662778,0.33070745
890.40000000,4.77900000,1.12710000,0.27669002,0.33078231
890.60000000,4.78212000,1.11513000,0.27675230,0.33085638
890.80000000,4.78212000,1.11513000,0.27681425,0.33093050
891.00000000,4.78562000,1.10620000,0.27687595,0.33100398
891.20000000,4.78325000,1.11324000,0.27693761,0.33107796
891.40000000,4.78425000,1.10985000,0.27699936,0.33115171
891.60000000,4.78462000,1.10841000,0.27706098,0.33122537
891.80000000,4.78462000,1.10841000,0.27712255,0.33129903
892.00000000,4.78475000,1.10451000,0.27718402,0.33137238
892.20000000,4.78175000,1.12137000,0.27724585,0.33144676
892.40000000,4.77575000,1.14464000,0.27730880,0.33152268
892.60000000,4.77537000,1.14364000,0.27737236,0.33159854
892.80000000,4.77537000,1.14364000,0.27743590,0.33167450
893.00000000,4.78225000,1.12057000,0.27749879,0.33174897
893.20000000,4.78500000,1.10720000,0.27756068,0.33182250
893.40000000,4.78187000,1.11683000,0.27762245,0.33189668
893.60000000,4.78187000,1.11683000,0.27768450,0.33197092
893.80000000,4.78637000,1.10240000,0.27774615,0.33204421
894.00000000,4.78675000,1.09715000,0.27780724,0.33211712
894.20000000,4.78437000,1.10953000,0.27786854,0.33219084
894.40000000,4.78362000,1.11289000,0.27793027,0.33226478
894.60000000,4.78362000,1.11289000,0.27799210,0.33233873
894.80000000,4.78437000,1.10624000,0.27805374,0.33241225
895.00000000,4.78500000,1.10835000,0.27811526,0.33248587
895.20000000,4.78250000,1.11648000,0.27817706,0.33256004
895.40000000,4.78250000,1.11648000,0.27823909,0.33263424
895.60000000,4.78512000,1.10486000,0.27830079,0.33270764
895.80000000,4.78325000,1.11491000,0.27836245,0.33278165
896.00000000,4.77987000,1.12617000,0.27842470,0.33285642
896.20000000,4.77687000,1.13769000,0.27848759,0.33293190
896.40000000,4.77687000,1.13769000,0.27855079,0.33300739
896.60000000,4.77787000,1.13667000,0.27861397,0.33308280
896.80000000,4.77662000,1.13891000,0.27867718,0.33315833
897.00000000,4.77462000,1.14800000,0.27874071,0.33323446
897.20000000,4.77462000,1.14800000,0.27880449,0.33331065
897.40000000,4.77850000,1.13123000,0.27886780,0.33338571
897.60000000,4.77762000,1.13648000,0.27893079,0.33346110
897.80000000,4.77600000,1.14291000,0.27899411,0.33353691
898.00000000,4.78375000,1.11145000,0.27905673,0.33361076
898.20000000,4.78375000,1.11145000,0.27911847,0.33368460
898.40000000,4.78400000,1.11171000,0.27918023,0.33375846
898.60000000,4.78337000,1.11142000,0.27924198,0.33383227
898.80000000,4.78162000,1.11865000,0.27930393,0.33390656
899.00000000,4.78387000,1.11228000,0.27936590,0.33398047
899.20000000,4.78387000,1.11228000,0.27942769,0.33405427
899.40000000,4.77725000,1.13452000,0.27949010,0.33412952
899.60000000,4.77550000,1.14409000,0.27955340,0.33420546
899.80000000,4.77937000,1.12825000,0.27961652,0.33428035
900.00000000,4.77937000,1.12825000,0.27967920,0.33435527
900.20000000,4.78075000,1.11993000,0.27974165,0.33442954
900.40000000,4.77475000,1.14649000,0.27980460,0.33450559
900.60000000,4.77612000,1.13913000,0.27986809,0.33458116
900.80000000,4.77612000,1.13913000,0.27993138,0.33465668
901.00000000,4.77350000,1.15145000,0.27999501,0.33473315
901.20000000,4.78162000,1.11872000,0.28005807,0.33480742
901.40000000,4.78037000,1.12275000,0.28012033,0.33488197
901.60000000,4.78250000,1.12032000,0.28018264,0.33495638
901.80000000,4.78250000,1.12032000,0.28024488,0.33503077
902.00000000,4.78062000,1.12464000,0.28030724,0.33510548
902.20000000,4.78275000,1.11347000,0.28036941,0.33517943
902.40000000,4.78237000,1.11984000,0.28043144,0.33525382
902.60000000,4.78387000,1.11132000,0.28049342,0.33532766
902.80000000,4.78387000,1.11132000,0.28055516,0.33540143
903.00000000,4.77987000,1.12723000,0.28061734,0.33547624
903.20000000,4.77787000,1.13651000,0.28068022,0.33555165
903.40000000,4.78037000,1.12377000,0.28074301,0.33562626
903.60000000,4.78037000,1.12377000,0.28080544,0.33570096
903.80000000,4.78600000,1.10288000,0.28086729,0.33577426
904.00000000,4.78475000,1.10732000,0.28092869,0.33584779
904.20000000,4.78112000,1.12028000,0.28099056,0.33592218
904.40000000,4.78112000,1.12028000,0.28105280,0.33599661
904.60000000,4.78337000,1.11340000,0.28111485,0.33607054
904.80000000,4.78087000,1.12016000,0.28117689,0.33614498
905.00000000,4.78500000,1.10704000,0.28123876,0.33621854
905.20000000,4.78412000,1.10800000,0.28130029,0.33629216
905.40000000,4.78412000,1.10800000,0.28136184,0.33636575
905.60000000,4.78200000,1.11427000,0.28142357,0.33643970
905.80000000,4.77812000,1.13465000,0.28148604,0.33651498
906.00000000,4.77700000,1.13625000,0.28154912,0.33659036
906.20000000,4.77700000,1.13625000,0.28161225,0.33666579
906.40000000,4.77925000,1.12496000,0.28167506,0.33674047
906.60000000,4.78012000,1.12508000,0.28173756,0.33681504
906.80000000,4.77212000,1.15427000,0.28180088,0.33689164
907.00000000,4.77812000,1.13132000,0.28186436,0.33696672
907.20000000,4.77812000,1.13132000,0.28192722,0.33704185
907.40000000,4.78137000,1.12156000,0.28198980,0.33711629
907.60000000,4.77875000,1.12995000,0.28205234,0.33719123
907.80000000,4.77537000,1.14400000,0.28211550,0.33726711
908.00000000,4.77537000,1.14400000,0.28217906,0.33734300
908.20000000,4.77637000,1.13872000,0.28224247,0.33741857
908.40000000,4.77825000,1.12998000,0.28230549,0.33749354
908.60000000,4.77700000,1.13760000,0.28236848,0.33756899
908.80000000,4.77500000,1.14275000,0.28243182,0.33764477
909.00000000,4.77500000,1.14275000,0.28249530,0.33772060
909.20000000,4.77725000,1.13452000,0.28255856,0.33779586
909.40000000,4.77662000,1.13856000,0.28262170,0.33787141
909.60000000,4.77737000,1.13292000,0.28268480,0.33794658
909.80000000,4.77737000,1.13292000,0.28274774,0.33802179
910.00000000,4.77950000,1.12582000,0.28281048,0.33809657
910.20000000,4.78275000,1.11491000,0.28287272,0.33817069
910.40000000,4.78637000,1.09596000,0.28293414,0.33824355
910.60000000,4.78675000,1.09689000,0.28299505,0.33831647
910.80000000,4.78675000,1.09689000,0.28305599,0.33838933
911.00000000,4.78250000,1.11593000,0.28311746,0.33846347
911.20000000,4.78362000,1.10723000,0.28317921,0.33853699
911.40000000,4.78050000,1.12377000,0.28324118,0.33861160
911.60000000,4.78412000,1.11027000,0.28330324,0.33868538
911.80000000,4.78412000,1.11027000,0.28336492,0.33875912
912.00000000,4.78225000,1.11548000,0.28342675,0.33883322
912.20000000,4.78300000,1.11686000,0.28348876,0.33890740
912.40000000,4.78187000,1.11708000,0.28355081,0.33898159
912.60000000,4.78187000,1.11708000,0.28361287,0.33905577
912.80000000,4.78125000,1.12374000,0.28367512,0.33913037
913.00000000,4.77987000,1.12620000,0.28373761,0.33920512
913.20000000,4.77887000,1.12841000,0.28380024,0.33927994
913.40000000,4.77412000,1.15020000,0.28386354,0.33935621
913.60000000,4.77412000,1.15020000,0.28392744,0.33943253
913.80000000,4.77725000,1.13497000,0.28399091,0.33950778
914.00000000,4.77412000,1.14665000,0.28405429,0.33958389
914.20000000,4.77862000,1.13363000,0.28411763,0.33965912
914.40000000,4.77862000,1.13363000,0.28418061,0.33973425
914.60000000,4.77175000,1.15430000,0.28424417,0.33981092
914.80000000,4.78212000,1.11417000,0.28430718,0.33988488
915.00000000,4.77912000,1.12905000,0.28436949,0.33995991
915.20000000,4.78475000,1.10332000,0.28443150,0.34003323
915.40000000,4.78475000,1.10332000,0.28449280,0.34010647
915.60000000,4.77962000,1.12585000,0.28455472,0.34018126
915.80000000,4.78300000,1.11337000,0.28461692,0.34025528
916.00000000,4.78637000,1.09804000,0.28467835,0.34032827
916.20000000,4.78637000,1.09804000,0.28473935,0.34040124
916.40000000,4.78475000,1.10582000,0.28480057,0.34047471
916.60000000,4.78387000,1.10844000,0.28486207,0.34054836
916.80000000,4.78400000,1.10656000,0.28492360,0.34062192
917.00000000,4.78575000,1.10300000,0.28498498,0.34069523
917.20000000,4.78575000,1.10300000,0.28504626,0.34076851
917.40000000,4.78375000,1.11075000,0.28510775,0.34084229
917.60000000,4.78250000,1.11366000,0.28516954,0.34091632
917.80000000,4.78575000,1.10380000,0.28523114,0.34098969
918.00000000,4.78625000,1.09891000,0.28529232,0.34106274
918.20000000,4.78625000,1.09891000,0.28535337,0.34113582
918.40000000,4.78837000,1.09168000,0.28541422,0.34120835
918.60000000,4.78375000,1.11145000,0.28547542,0.34128219
918.80000000,4.78287000,1.11289000,0.28553721,0.34135611
919.00000000,4.78287000,1.11289000,0.28559903,0.34143008
919.20000000,4.78562000,1.10393000,0.28566061,0.34150341
919.40000000,4.78262000,1.11766000,0.28572232,0.34157767
919.60000000,4.78362000,1.11001000,0.28578420,0.34165142
919.80000000,4.78137000,1.12076000,0.28584617,0.34172584
920.00000000,4.78137000,1.12076000,0.28590843,0.34180028
920.20000000,4.78162000,1.11942000,0.28597066,0.34187464
920.40000000,4.78287000,1.11456000,0.28603272,0.34194873
920.60000000,4.78650000,1.10406000,0.28609434,0.34202213
920.80000000,4.78650000,1.10406000,0.28615568,0.34209541
921.00000000,4.77887000,1.13014000,0.28621774,0.34217053
921.20000000,4.78575000,1.10419000,0.28627981,0.34224388
921.40000000,4.78275000,1.11654000,0.28634149,0.34231804
921.60000000,4.78275000,1.11654000,0.28640352,0.34239221
921.80000000,4.78225000,1.11718000,0.28646557,0.34246635
922.00000000,4.77850000,1.13206000,0.28652805,0.34254149
922.20000000,4.77912000,1.12748000,0.28659082,0.34261632
922.40000000,4.77812000,1.13225000,0.28665359,0.34269145
922.60000000,4.77812000,1.13225000,0.28671649,0.34276667
922.80000000,4.78312000,1.11484000,0.28677891,0.34284060
923.00000000,4.77437000,1.14547000,0.28684169,0.34291663
923.20000000,4.77937000,1.12947000,0.28690489,0.34299161
923.40000000,4.77937000,1.12947000,0.28696763,0.34306667
923.60000000,4.78487000,1.10675000,0.28702975,0.34314010
923.80000000,4.77687000,1.13398000,0.28709199,0.34321531
924.00000000,4.77562000,1.14140000,0.28715520,0.34329102
924.20000000,4.77412000,1.14611000,0.28721874,0.34336701
924.40000000,4.77412000,1.14611000,0.28728241,0.34344304
924.60000000,4.77625000,1.13715000,0.28734584,0.34351852
924.80000000,4.77912000,1.12854000,0.28740877,0.34359342
925.00000000,4.77850000,1.13104000,0.28747154,0.34366849
925.20000000,4.77325000,1.15241000,0.28753497,0.34374489
925.40000000,4.77325000,1.15241000,0.28759899,0.34382138
925.60000000,4.77900000,1.13081000,0.28766241,0.34389636
925.80000000,4.77400000,1.14585000,0.28772566,0.34397238
926.00000000,4.77700000,1.13670000,0.28778906,0.34404780
926.20000000,4.77700000,1.13670000,0.28785221,0.34412323
926.40000000,4.77825000,1.13059000,0.28791519,0.34419831
926.60000000,4.78137000,1.11897000,0.28797768,0.34427254
926.80000000,4.77625000,1.14115000,0.28804046,0.34434824
927.00000000,4.77625000,1.14115000,0.28810386,0.34442400
927.20000000,4.77950000,1.12672000,0.28816685,0.34449879
927.40000000,4.77937000,1.12918000,0.28822952,0.34457376
927.60000000,4.78062000,1.12332000,0.28829209,0.34464830
927.80000000,4.77750000,1.13299000,0.28835476,0.34472348
928.00000000,4.77750000,1.13299000,0.28841770,0.34479870
928.20000000,4.78037000,1.12467000,0.28848042,0.34487341
928.40000000,4.78262000,1.11488000,0.28854263,0.34494744
928.60000000,4.78112000,1.12070000,0.28860473,0.34502186
928.80000000,4.78112000,1.12070000,0.28866699,0.34509636
929.00000000,4.78637000,1.10156000,0.28872872,0.34516960
929.20000000,4.78687000,1.09507000,0.28878973,0.34524237
929.40000000,4.78487000,1.10652000,0.28885089,0.34531594
929.60000000,4.78687000,1.10012000,0.28891219,0.34538908
929.80000000,4.78687000,1.10012000,0.28897330,0.34546223
930.00000000,4.78750000,1.09235000,0.28903421,0.34553482
930.20000000,4.78437000,1.10803000,0.28909533,0.34560842
930.40000000,4.78262000,1.11398000,0.28915705,0.34568241
930.60000000,4.77937000,1.12422000,0.28921922,0.34575704
930.80000000,4.77937000,1.12422000,0.28928168,0.34583176
931.00000000,4.78537000,1.10576000,0.28934362,0.34590523
931.20000000,4.78425000,1.10800000,0.28940512,0.34597884
931.40000000,4.78312000,1.11417000,0.28946684,0.34605286
931.60000000,4.78312000,1.11417000,0.28952874,0.34612685
931.80000000,4.78125000,1.12188000,0.28959085,0.34620132
932.00000000,4.77950000,1.12438000,0.28965325,0.34627593
932.20000000,4.77787000,1.13440000,0.28971599,0.34635126
932.40000000,4.78075000,1.12313000,0.28977870,0.34642583
932.60000000,4.78075000,1.12313000,0.28984110,0.34650031
932.80000000,4.77487000,1.14480000,0.28990410,0.34657628
933.00000000,4.77787000,1.13440000,0.28996741,0.34665151
933.20000000,4.77475000,1.14499000,0.29003072,0.34672744
933.40000000,4.77475000,1.14499000,0.29009433,0.34680342
933.60000000,4.77750000,1.13462000,0.29015766,0.34687867
933.80000000,4.77550000,1.14601000,0.29022101,0.34695480
934.00000000,4.78275000,1.11292000,0.29028376,0.34702878
934.20000000,4.78625000,1.10134000,0.29034526,0.34710199
934.40000000,4.78625000,1.10134000,0.29040645,0.34717517
934.60000000,4.78412000,1.10854000,0.29046783,0.34724882
934.80000000,4.78337000,1.11052000,0.29052948,0.34732258
935.00000000,4.78200000,1.11785000,0.29059137,0.34739682
935.20000000,4.78200000,1.11785000,0.29065348,0.34747106
935.40000000,4.78162000,1.11782000,0.29071558,0.34754533
935.60000000,4.78425000,1.10691000,0.29077738,0.34761892
935.80000000,4.78662000,1.10083000,0.29083870,0.34769204
936.00000000,4.78212000,1.11600000,0.29090028,0.34776616
936.20000000,4.78212000,1.11600000,0.29096228,0.34784035
936.40000000,4.78662000,1.10057000,0.29102385,0.34791354
936.60000000,4.78762000,1.09660000,0.29108489,0.34798638
936.80000000,4.78300000,1.11315000,0.29114627,0.34806034
937.00000000,4.78337000,1.11561000,0.29120818,0.34813445
937.20000000,4.78337000,1.11561000,0.29127016,0.34820852
937.40000000,4.78050000,1.12454000,0.29133238,0.34828322
937.60000000,4.78237000,1.11424000,0.29139457,0.34835731
937.80000000,4.78737000,1.09894000,0.29145605,0.34843038
938.00000000,4.78737000,1.09894000,0.29151710,0.34850339
938.20000000,4.78362000,1.11052000,0.29157847,0.34857716
938.40000000,4.78300000,1.11561000,0.29164031,0.34865125
938.60000000,4.78187000,1.12003000,0.29170241,0.34872565
938.80000000,4.78250000,1.11497000,0.29176450,0.34879971
939.00000000,4.78250000,1.11497000,0.29182644,0.34887367
939.20000000,4.77600000,1.14329000,0.29188917,0.34894953
939.40000000,4.77725000,1.13670000,0.29195250,0.34902504
939.60000000,4.78287000,1.11161000,0.29201495,0.34909888
939.80000000,4.78287000,1.11161000,0.29207671,0.34917260
940.00000000,4.77462000,1.14758000,0.29213947,0.34924877
940.20000000,4.77900000,1.12873000,0.29220270,0.34932371
940.40000000,4.78062000,1.12560000,0.29226532,0.34939836
940.60000000,4.77475000,1.14659000,0.29232843,0.34947439
940.80000000,4.77475000,1.14659000,0.29239213,0.34955044
941.00000000,4.77550000,1.14252000,0.29245572,0.34962630
941.20000000,4.78012000,1.12716000,0.29251877,0.34970106
941.40000000,4.77562000,1.14278000,0.29258182,0.34977686
941.60000000,4.77562000,1.14278000,0.29264531,0.34985277
941.80000000,4.78287000,1.11500000,0.29270802,0.34992688
942.00000000,4.78550000,1.10726000,0.29276975,0.35000051
942.20000000,4.78812000,1.09395000,0.29283090,0.35007322
942.40000000,4.78500000,1.10908000,0.29289209,0.35014692
942.60000000,4.78500000,1.10908000,0.29295371,0.35022064
942.80000000,4.78562000,1.10448000,0.29301520,0.35029401
943.00000000,4.78300000,1.11350000,0.29307681,0.35036802
943.20000000,4.78537000,1.10822000,0.29313852,0.35044160
943.40000000,4.78062000,1.12140000,0.29320045,0.35051606
943.60000000,4.78062000,1.12140000,0.29326275,0.35059054
943.80000000,4.78175000,1.11904000,0.29332499,0.35066491
944.00000000,4.78562000,1.10432000,0.29338675,0.35073824
944.20000000,4.78062000,1.12016000,0.29344854,0.35081261
944.40000000,4.78062000,1.12016000,0.29351077,0.35088704
944.60000000,4.78350000,1.11011000,0.29357272,0.35096080
944.80000000,4.78425000,1.10508000,0.29363426,0.35103421
945.00000000,4.78262000,1.11193000,0.29369584,0.35110807
945.20000000,4.78350000,1.10777000,0.29375750,0.35118166
945.40000000,4.78350000,1.10777000,0.29381904,0.35125527
945.60000000,4.78387000,1.10681000,0.29388056,0.35132876
945.80000000,4.78100000,1.11776000,0.29394235,0.35140307
946.00000000,4.78637000,1.09929000,0.29400394,0.35147615
946.20000000,4.78637000,1.09929000,0.29406501,0.35154917
946.40000000,4.78287000,1.10998000,0.29412638,0.35162296
946.60000000,4.78637000,1.09920000,0.29418774,0.35169595
946.80000000,4.78125000,1.11862000,0.29424935,0.35177029
947.00000000,4.78462000,1.10348000,0.29431107,0.35184362
947.20000000,4.78462000,1.10348000,0.29437238,0.35191685
947.40000000,4.77825000,1.12972000,0.29443441,0.35199189
947.60000000,4.78262000,1.11084000,0.29449665,0.35206564
947.80000000,4.78012000,1.12156000,0.29455866,0.35214010
948.00000000,4.78012000,1.12156000,0.29462097,0.35221461
948.20000000,4.78300000,1.11257000,0.29468303,0.35228848
948.40000000,4.78050000,1.11891000,0.29474501,0.35236278
948.60000000,4.78125000,1.11958000,0.29480719,0.35243712
948.80000000,4.78087000,1.11916000,0.29486938,0.35251143
949.00000000,4.78087000,1.11916000,0.29493156,0.35258580
949.20000000,4.78437000,1.10614000,0.29499337,0.35265936
949.40000000,4.78787000,1.09382000,0.29505448,0.35273200
949.60000000,4.78162000,1.11382000,0.29511580,0.35280597
949.80000000,4.78037000,1.12435000,0.29517797,0.35288062
950.00000000,4.78037000,1.12435000,0.29524044,0.35295527
950.20000000,4.78000000,1.12582000,0.29530294,0.35303002
950.40000000,4.78112000,1.11686000,0.29536524,0.35310415
950.60000000,4.77887000,1.13040000,0.29542766,0.35317918
950.80000000,4.77887000,1.13040000,0.29549046,0.35325415
951.00000000,4.77487000,1.14272000,0.29555361,0.35332999
951.20000000,4.77875000,1.12659000,0.29561664,0.35340476
951.40000000,4.77850000,1.13116000,0.29567936,0.35347977
951.60000000,4.77412000,1.14416000,0.29574256,0.35355563
951.80000000,4.77412000,1.14416000,0.29580613,0.35363161
952.00000000,4.78087000,1.11894000,0.29586899,0.35370589
952.20000000,4.78012000,1.12438000,0.29593130,0.35378062
952.40000000,4.78537000,1.10083000,0.29599312,0.35385379
952.60000000,4.78537000,1.10083000,0.29605427,0.35392695
952.80000000,4.78512000,1.10294000,0.29611549,0.35400021
953.00000000,4.78275000,1.11395000,0.29617707,0.35407416
953.20000000,4.77975000,1.12256000,0.29623919,0.35414869
953.40000000,4.77350000,1.14992000,0.29630232,0.35422492
953.60000000,4.77350000,1.14992000,0.29636620,0.35430122
953.80000000,4.77725000,1.13510000,0.29642968,0.35437651
954.00000000,4.77562000,1.13875000,0.29649284,0.35445206
954.20000000,4.77687000,1.13808000,0.29655608,0.35452757
954.40000000,4.77687000,1.13808000,0.29661931,0.35460301
954.60000000,4.77300000,1.15132000,0.29668290,0.35467941
954.80000000,4.77762000,1.13356000,0.29674637,0.35475460
955.00000000,4.77575000,1.14022000,0.29680953,0.35483023
955.20000000,4.77575000,1.14022000,0.29687288,0.35490595
955.40000000,4.78175000,1.11680000,0.29693557,0.35498009
955.60000000,4.77925000,1.12796000,0.29699793,0.35505504
955.80000000,4.78450000,1.10588000,0.29705998,0.35512851
956.00000000,4.78325000,1.11158000,0.29712158,0.35520236
956.20000000,4.78325000,1.11158000,0.29718333,0.35527619
956.40000000,4.78262000,1.11664000,0.29724523,0.35535039
956.60000000,4.78412000,1.10883000,0.29730704,0.35542403
956.80000000,4.78175000,1.11721000,0.29736888,0.35549823
957.00000000,4.78050000,1.12521000,0.29743117,0.35557294
957.20000000,4.78050000,1.12521000,0.29749368,0.35564767
957.40000000,4.78200000,1.11564000,0.29755593,0.35572165
957.60000000,4.77462000,1.14432000,0.29761870,0.35579761
957.80000000,4.77912000,1.12819000,0.29768183,0.35587249
958.00000000,4.77912000,1.12819000,0.29774450,0.35594739
958.20000000,4.78012000,1.12310000,0.29780704,0.35602204
958.40000000,4.78512000,1.10278000,0.29786887,0.35609530
958.60000000,4.78337000,1.11145000,0.29793038,0.35616912
958.80000000,4.78187000,1.11488000,0.29799222,0.35624316
959.00000000,4.78187000,1.11488000,0.29805416,0.35631723
959.20000000,4.78337000,1.11212000,0.29811602,0.35639109
959.40000000,4.78212000,1.11708000,0.29817794,0.35646532
959.60000000,4.78425000,1.10739000,0.29823973,0.35653891
959.80000000,4.78187000,1.11772000,0.29830154,0.35661314
960.00000000,4.78187000,1.11772000,0.29836364,0.35668734
960.20000000,4.77962000,1.12531000,0.29842594,0.35676214
960.40000000,4.78612000,1.10128000,0.29848779,0.35683536
960.60000000,4.78662000,1.10003000,0.29854894,0.35690849
960.80000000,4.78662000,1.10003000,0.29861005,0.35698153
961.00000000,4.78087000,1.12038000,0.29867173,0.35705599
961.20000000,4.78487000,1.10579000,0.29873357,0.35712950
961.40000000,4.78650000,1.10060000,0.29879486,0.35720259
961.60000000,4.78187000,1.11641000,0.29885644,0.35727674
961.80000000,4.78187000,1.11641000,0.29891846,0.35735093
962.00000000,4.78450000,1.10732000,0.29898023,0.35742451
962.20000000,4.78475000,1.10547000,0.29904170,0.35749789
962.40000000,4.77875000,1.12924000,0.29910378,0.35757283
962.60000000,4.77875000,1.12924000,0.29916651,0.35764789
962.80000000,4.78537000,1.10416000,0.29922855,0.35772121
963.00000000,4.78112000,1.11772000,0.29929027,0.35779549
963.20000000,4.78512000,1.10496000,0.29935201,0.35786893
963.40000000,4.78512000,1.10496000,0.29941340,0.35794227
963.60000000,4.77925000,1.12768000,0.29947541,0.35801719
963.80000000,4.78350000,1.10848000,0.29953753,0.35809088
964.00000000,4.78612000,1.10310000,0.29959896,0.35816423
964.20000000,4.78787000,1.09481000,0.29966002,0.35823704
964.40000000,4.78787000,1.09481000,0.29972084,0.35830980
964.60000000,4.78537000,1.10368000,0.29978191,0.35838319
964.80000000,4.78787000,1.09721000,0.29984304,0.35845607
965.00000000,4.78200000,1.11504000,0.29990449,0.35853012
965.20000000,4.78200000,1.11504000,0.29996644,0.35860425
965.40000000,4.78612000,1.10083000,0.30002799,0.35867741
965.60000000,4.78525000,1.10492000,0.30008926,0.35875087
965.80000000,4.78675000,1.09971000,0.30015050,0.35882400
966.00000000,4.78800000,1.09523000,0.30021147,0.35889683
966.20000000,4.78800000,1.09523000,0.30027232,0.35896961
966.40000000,4.78437000,1.10713000,0.30033350,0.35904317
966.60000000,4.78387000,1.11081000,0.30039511,0.35911686
966.80000000,4.77675000,1.13769000,0.30045756,0.35919234
967.00000000,4.77575000,1.13971000,0.30052083,0.35926794
967.20000000,4.77575000,1.13971000,0.30058414,0.35934359
967.40000000,4.77912000,1.12944000,0.30064718,0.35941855
967.60000000,4.77875000,1.13014000,0.30070994,0.35949346
967.80000000,4.77225000,1.15580000,0.30077344,0.35957007
968.00000000,4.77225000,1.15580000,0.30083765,0.35964676
968.20000000,4.77750000,1.13622000,0.30090132,0.35972215
968.40000000,4.77725000,1.13385000,0.30096438,0.35979745
968.60000000,4.78150000,1.12003000,0.30102698,0.35987185
968.80000000,4.78275000,1.11529000,0.30108908,0.35994593
969.00000000,4.78275000,1.11529000,0.30115104,0.36002008
969.20000000,4.78675000,1.09788000,0.30121251,0.36009302
969.40000000,4.78362000,1.11129000,0.30127388,0.36016685
969.60000000,4.78337000,1.10988000,0.30133558,0.36024059
969.80000000,4.78337000,1.10988000,0.30139724,0.36031430
970.00000000,4.78212000,1.11590000,0.30145907,0.36038842
970.20000000,4.78212000,1.11894000,0.30152114,0.36046276
970.40000000,4.78362000,1.10928000,0.30158304,0.36053645
970.60000000,4.78300000,1.11542000,0.30164484,0.36061055
970.80000000,4.78300000,1.11542000,0.30170680,0.36068462
971.00000000,4.78112000,1.12240000,0.30176897,0.36075917
971.20000000,4.78262000,1.11507000,0.30183112,0.36083318
971.40000000,4.77875000,1.13273000,0.30189356,0.36090836
971.60000000,4.77875000,1.13273000,0.30195649,0.36098362
971.80000000,4.78362000,1.11193000,0.30201884,0.36105748
972.00000000,4.78225000,1.11408000,0.30208067,0.36113151
972.20000000,4.78437000,1.10860000,0.30214241,0.36120518
972.40000000,4.78475000,1.10902000,0.30220401,0.36127888
972.60000000,4.78475000,1.10902000,0.30226563,0.36135253
972.80000000,4.78200000,1.11907000,0.30232752,0.36142689
973.00000000,4.78375000,1.11219000,0.30238950,0.36150075
973.20000000,4.78162000,1.11980000,0.30245150,0.36157515
973.40000000,4.78375000,1.11222000,0.30251350,0.36164905
973.60000000,4.78375000,1.11222000,0.30257529,0.36172296
973.80000000,4.78487000,1.10748000,0.30263694,0.36179652
974.00000000,4.78237000,1.11507000,0.30269868,0.36187064
974.20000000,4.78550000,1.10534000,0.30276036,0.36194410
974.40000000,4.78550000,1.10534000,0.30282177,0.36201751
974.60000000,4.78137000,1.12041000,0.30288359,0.36209188
974.80000000,4.77962000,1.12620000,0.30294600,0.36216672
975.00000000,4.78437000,1.11110000,0.30300815,0.36224051
975.20000000,4.78150000,1.11856000,0.30307008,0.36231479
975.40000000,4.78150000,1.11856000,0.30313222,0.36238912
975.60000000,4.78475000,1.10646000,0.30319403,0.36246263
975.80000000,4.78300000,1.11481000,0.30325573,0.36253669
976.00000000,4.78375000,1.10924000,0.30331751,0.36261039
976.20000000,4.78375000,1.10924000,0.30337914,0.36268410
976.40000000,4.78412000,1.10992000,0.30344078,0.36275780
976.60000000,4.78087000,1.12070000,0.30350274,0.36283224
976.80000000,4.78275000,1.11622000,0.30356488,0.36290637
977.00000000,4.78137000,1.12320000,0.30362708,0.36298096
977.20000000,4.78137000,1.12320000,0.30368948,0.36305559
977.40000000,4.78425000,1.10662000,0.30375142,0.36312908
977.60000000,4.78150000,1.12000000,0.30381327,0.36320353
977.80000000,4.78575000,1.10252000,0.30387501,0.36327681
978.00000000,4.78262000,1.11340000,0.30393656,0.36335077
978.20000000,4.78262000,1.11340000,0.30399842,0.36342471
978.40000000,4.78162000,1.11974000,0.30406045,0.36349913
978.60000000,4.78500000,1.10422000,0.30412223,0.36357256
978.80000000,4.78825000,1.09283000,0.30418326,0.36364524
979.00000000,4.78825000,1.09283000,0.30424397,0.36371782
979.20000000,4.78200000,1.11913000,0.30430541,0.36379215
979.40000000,4.78175000,1.11475000,0.30436747,0.36386621
979.60000000,4.78400000,1.10924000,0.30442924,0.36393987
979.80000000,4.78125000,1.12022000,0.30449117,0.36401426
980.00000000,4.78125000,1.12022000,0.30455341,0.36408865
980.20000000,4.78125000,1.11929000,0.30461562,0.36416286
980.40000000,4.77325000,1.15203000,0.30467871,0.36423931
980.60000000,4.77812000,1.13113000,0.30474213,0.36431437
980.80000000,4.77812000,1.13113000,0.30480497,0.36438942
981.00000000,4.77700000,1.13446000,0.30486790,0.36446470
981.20000000,4.77762000,1.13491000,0.30493094,0.36454000
981.40000000,4.77712000,1.13526000,0.30499400,0.36461533
981.60000000,4.77775000,1.13228000,0.30505699,0.36469047
981.80000000,4.77775000,1.13228000,0.30511989,0.36476556
982.00000000,4.77525000,1.14230000,0.30518308,0.36484146
982.20000000,4.78400000,1.10720000,0.30524556,0.36491498
982.40000000,4.78037000,1.12268000,0.30530750,0.36498951
982.60000000,4.78037000,1.12268000,0.30536987,0.36506411
982.80000000,4.78387000,1.10976000,0.30543189,0.36513787
983.00000000,4.78550000,1.10348000,0.30549336,0.36521117
983.20000000,4.78250000,1.11478000,0.30555498,0.36528525
983.40000000,4.78487000,1.10208000,0.30561656,0.36535849
983.60000000,4.78487000,1.10208000,0.30567779,0.36543170
983.80000000,4.78312000,1.11609000,0.30573940,0.36550581
984.00000000,4.78037000,1.12140000,0.30580156,0.36558031
984.20000000,4.78375000,1.11139000,0.30586358,0.36565416
984.40000000,4.78375000,1.11139000,0.30592532,0.36572797
984.60000000,4.78225000,1.11737000,0.30598723,0.36580222
984.80000000,4.78437000,1.10556000,0.30604898,0.36587565
985.00000000,4.78187000,1.11913000,0.30611078,0.36594998
985.20000000,4.78362000,1.10960000,0.30617269,0.36602370
985.40000000,4.78362000,1.10960000,0.30623433,0.36609743
985.60000000,4.78450000,1.10764000,0.30629592,0.36617109
985.80000000,4.78825000,1.09468000,0.30635710,0.36624378
986.00000000,4.78062000,1.12166000,0.30641866,0.36631825
986.20000000,4.78062000,1.12166000,0.30648098,0.36639263
986.40000000,4.77425000,1.14896000,0.30654405,0.36646890
986.60000000,4.77987000,1.12691000,0.30660727,0.36654372
986.80000000,4.78000000,1.12236000,0.30666975,0.36661823
987.00000000,4.78162000,1.12016000,0.30673204,0.36669262
987.20000000,4.78162000,1.12016000,0.30679427,0.36676688
987.40000000,4.77337000,1.14732000,0.30685726,0.36684300
987.60000000,4.77650000,1.13920000,0.30692077,0.36691860
987.80000000,4.77837000,1.13356000,0.30698390,0.36699383
988.00000000,4.77837000,1.13356000,0.30704688,0.36706918
988.20000000,4.78600000,1.10051000,0.30710894,0.36714234
988.40000000,4.78625000,1.09977000,0.30717006,0.36721543
988.60000000,4.78487000,1.10656000,0.30723134,0.36728897
988.80000000,4.78487000,1.10656000,0.30729282,0.36736246
989.00000000,4.78187000,1.12150000,0.30735471,0.36743697
989.20000000,4.78362000,1.11049000,0.30741671,0.36751070
989.40000000,4.78062000,1.11996000,0.30747867,0.36758510
989.60000000,4.78300000,1.11251000,0.30754068,0.36765901
989.80000000,4.78300000,1.11251000,0.30760248,0.36773287
990.00000000,4.78062000,1.12121000,0.30766453,0.36780740
990.20000000,4.78587000,1.10265000,0.30772631,0.36788070
990.40000000,4.78625000,1.10080000,0.30778751,0.36795388
990.60000000,4.78625000,1.10080000,0.30784867,0.36802698
990.80000000,4.78125000,1.11728000,0.30791028,0.36810121
991.00000000,4.78375000,1.11084000,0.30797217,0.36817500
991.20000000,4.78300000,1.11392000,0.30803397,0.36824900
991.40000000,4.78275000,1.11430000,0.30809587,0.36832302
991.60000000,4.78275000,1.11430000,0.30815777,0.36839704
991.80000000,4.78300000,1.11337000,0.30821965,0.36847099
992.00000000,4.78175000,1.11600000,0.30828158,0.36854511
992.20000000,4.78250000,1.11427000,0.30834353,0.36861913
992.40000000,4.78250000,1.11427000,0.30840544,0.36869312
992.60000000,4.78112000,1.11731000,0.30846742,0.36876737
992.80000000,4.78500000,1.10515000,0.30852916,0.36884083
993.00000000,4.78525000,1.10726000,0.30859062,0.36891435
993.20000000,4.78112000,1.11865000,0.30865245,0.36898864
993.40000000,4.78112000,1.11865000,0.30871459,0.36906295
993.60000000,4.78312000,1.11497000,0.30877664,0.36913692
993.80000000,4.77650000,1.13836000,0.30883923,0.36921244
994.00000000,4.77687000,1.13913000,0.30890249,0.36928801
994.20000000,4.77650000,1.13881000,0.30896577,0.36936356
994.40000000,4.77650000,1.13881000,0.30902904,0.36943909
994.60000000,4.77537000,1.14313000,0.30909242,0.36951493
994.80000000,4.77675000,1.13734000,0.30915577,0.36959035
995.00000000,4.77462000,1.14412000,0.30921915,0.36966623
995.20000000,4.77462000,1.14412000,0.30928271,0.36974210
995.40000000,4.77512000,1.14201000,0.30934621,0.36981793
995.60000000,4.78062000,1.12300000,0.30940913,0.36989251
995.80000000,4.78150000,1.11808000,0.30947138,0.36996671
996.00000000,4.77850000,1.13216000,0.30953389,0.37004185
996.20000000,4.77850000,1.13216000,0.30959678,0.37011701
996.40000000,4.77987000,1.12537000,0.30965949,0.37019175
996.60000000,4.78125000,1.12032000,0.30972187,0.37026616
996.80000000,4.78212000,1.11776000,0.30978404,0.37034040
997.00000000,4.78212000,1.11776000,0.30984614,0.37041463
997.20000000,4.78175000,1.11676000,0.30990821,0.37048881
997.40000000,4.78287000,1.11574000,0.30997022,0.37056292
997.60000000,4.78212000,1.11654000,0.31003223,0.37063711
997.80000000,4.78412000,1.10851000,0.31009404,0.37071077
998.00000000,4.78412000,1.10851000,0.31015562,0.37078434
998.20000000,4.77887000,1.13110000,0.31021783,0.37085950
998.40000000,4.78425000,1.11059000,0.31028010,0.37093326
998.60000000,4.78175000,1.11798000,0.31034201,0.37100751
998.80000000,4.78175000,1.11798000,0.31040412,0.37108182
999.00000000,4.78575000,1.10249000,0.31046580,0.37115510
999.20000000,4.78587000,1.09968000,0.31052697,0.37122822
999.40000000,4.78712000,1.09849000,0.31058803,0.37130117
999.60000000,4.78187000,1.11808000,0.31064960,0.37137543
999.80000000,4.78187000,1.11808000,0.31071172,0.37144972
1000.00000000,4.78375000,1.10867000,0.31077357,0.37152329
1000.20000000,4.77825000,1.13180000,0.31083581,0.37159851
1000.40000000,4.78475000,1.10646000,0.31089798,0.37167198
1000.60000000,4.78137000,1.12108000,0.31095986,0.37174643
1000.80000000,4.78137000,1.12108000,0.31102214,0.37182093
1001.00000000,4.78450000,1.10784000,0.31108405,0.37189446
1001.20000000,4.77900000,1.12793000,0.31114616,0.37196939
1001.40000000,4.78312000,1.11392000,0.31120843,0.37204339
1001.60000000,4.78312000,1.11392000,0.31127032,0.37211743
1001.80000000,4.78550000,1.10396000,0.31133192,0.37219075
1002.00000000,4.78225000,1.11811000,0.31139365,0.37226505
1002.20000000,4.78450000,1.11155000,0.31145558,0.37233892
1002.40000000,4.78037000,1.12483000,0.31151770,0.37241360
1002.60000000,4.78037000,1.12483000,0.31158019,0.37248839
1002.80000000,4.78750000,1.10099000,0.31164202,0.37256160
1003.00000000,4.78712000,1.09798000,0.31170311,0.37263461
1003.20000000,4.78787000,1.09520000,0.31176403,0.37270744
1003.40000000,4.78787000,1.09520000,0.31182487,0.37278018
1003.60000000,4.78187000,1.11830000,0.31188636,0.37285446
1003.80000000,4.78287000,1.11408000,0.31194837,0.37292846
1004.00000000,4.78200000,1.12067000,0.31201044,0.37300287
1004.20000000,4.78062000,1.12435000,0.31207281,0.37307752
1004.40000000,4.78062000,1.12435000,0.31213527,0.37315216
1004.60000000,4.77987000,1.12908000,0.31219787,0.37322708
1004.80000000,4.77712000,1.13993000,0.31226089,0.37330274
1005.00000000,4.77925000,1.12883000,0.31232391,0.37337767
1005.20000000,4.77925000,1.12883000,0.31238663,0.37345260
1005.40000000,4.77900000,1.13107000,0.31244940,0.37352766
1005.60000000,4.77825000,1.12867000,0.31251217,0.37360256
1005.80000000,4.77812000,1.13446000,0.31257504,0.37367785
1006.00000000,4.78362000,1.11222000,0.31263745,0.37375175
1006.20000000,4.78362000,1.11222000,0.31269924,0.37382559
1006.40000000,4.78025000,1.12505000,0.31276138,0.37390034
1006.60000000,4.78375000,1.11388000,0.31282357,0.37397434
1006.80000000,4.78612000,1.10179000,0.31288512,0.37404759
1007.00000000,4.78612000,1.10179000,0.31294633,0.37412076
1007.20000000,4.78187000,1.12067000,0.31300807,0.37419510
1007.40000000,4.77637000,1.14060000,0.31307088,0.37427071
1007.60000000,4.77262000,1.15302000,0.31313459,0.37434714
1007.80000000,4.77262000,1.15302000,0.31319865,0.37442365
1008.00000000,4.77787000,1.13606000,0.31326223,0.37449908
1008.20000000,4.78037000,1.12224000,0.31332496,0.37457352
1008.40000000,4.77562000,1.14467000,0.31338793,0.37464946
1008.60000000,4.77712000,1.13744000,0.31345133,0.37472493
1008.80000000,4.77712000,1.13744000,0.31351452,0.37480036
1009.00000000,4.77437000,1.14553000,0.31357793,0.37487647
1009.20000000,4.78425000,1.11084000,0.31364061,0.37495026
1009.40000000,4.78262000,1.11427000,0.31370242,0.37502428
1009.60000000,4.78262000,1.11427000,0.31376432,0.37509826
1009.80000000,4.78050000,1.12345000,0.31382648,0.37517293
1010.00000000,4.78537000,1.10544000,0.31388839,0.37524639
1010.20000000,4.78437000,1.10739000,0.31394986,0.37531995
1010.40000000,4.78325000,1.11452000,0.31401158,0.37539400
1010.60000000,4.78325000,1.11452000,0.31407350,0.37546805
1010.80000000,4.78387000,1.10822000,0.31413524,0.37554167
1011.00000000,4.78300000,1.11267000,0.31419693,0.37561553
1011.20000000,4.77937000,1.12512000,0.31425909,0.37569021
1011.40000000,4.77937000,1.12512000,0.31432160,0.37576496
1011.60000000,4.78362000,1.10908000,0.31438366,0.37583862
1011.80000000,4.78137000,1.11900000,0.31444555,0.37591295
1012.00000000,4.78262000,1.11248000,0.31450754,0.37598689
1012.20000000,4.78537000,1.10323000,0.31456909,0.37606021
1012.40000000,4.78537000,1.10323000,0.31463038,0.37613348
1012.60000000,4.78175000,1.12006000,0.31469214,0.37620792
1012.80000000,4.78537000,1.10374000,0.31475391,0.37628129
1013.00000000,4.78612000,1.10428000,0.31481524,0.37635470
1013.20000000,4.78612000,1.10428000,0.31487659,0.37642814
1013.40000000,4.78850000,1.09286000,0.31493762,0.37650078
1013.60000000,4.78550000,1.10409000,0.31499865,0.37657410
1013.80000000,4.78175000,1.12080000,0.31506045,0.37664847
1014.00000000,4.77700000,1.13731000,0.31512318,0.37672392
1014.20000000,4.77700000,1.13731000,0.31518636,0.37679933
1014.40000000,4.77400000,1.15033000,0.31524991,0.37687566
1014.60000000,4.77762000,1.13612000,0.31531342,0.37695100
1014.80000000,4.77462000,1.14371000,0.31537675,0.37702691
1015.00000000,4.77837000,1.13360000,0.31544001,0.37710214
1015.20000000,4.77837000,1.13360000,0.31550298,0.37717738
1015.40000000,4.77850000,1.13113000,0.31556589,0.37725243
1015.60000000,4.77737000,1.13408000,0.31562881,0.37732767
1015.80000000,4.77662000,1.13872000,0.31569195,0.37740321
1016.00000000,4.77662000,1.13872000,0.31575521,0.37747877
1016.20000000,4.77737000,1.13379000,0.31581834,0.37755398
1016.40000000,4.77600000,1.14345000,0.31588159,0.37762983
1016.60000000,4.77625000,1.13939000,0.31594500,0.37770543
1016.80000000,4.77750000,1.13270000,0.31600812,0.37778059
1017.00000000,4.77750000,1.13270000,0.31607105,0.37785571
1017.20000000,4.77500000,1.14617000,0.31613435,0.37793177
1017.40000000,4.77775000,1.13212000,0.31619763,0.37800693
1017.60000000,4.78000000,1.12489000,0.31626033,0.37808161
1017.80000000,4.78000000,1.12489000,0.31632282,0.37815631
1018.00000000,4.78112000,1.12115000,0.31638521,0.37823076
1018.20000000,4.78125000,1.11830000,0.31644742,0.37830504
1018.40000000,4.78225000,1.11798000,0.31650954,0.37837932
1018.60000000,4.78400000,1.10940000,0.31657141,0.37845303
1018.80000000,4.78400000,1.10940000,0.31663304,0.37852674
1019.00000000,4.78337000,1.11312000,0.31669478,0.37860067
1019.20000000,4.78200000,1.11856000,0.31675677,0.37867494
1019.40000000,4.78062000,1.12252000,0.31681902,0.37874947
1019.60000000,4.78062000,1.12252000,0.31688139,0.37882403
1019.80000000,4.78275000,1.11385000,0.31694351,0.37889803
1020.00000000,4.78300000,1.11222000,0.31700534,0.37897191
1020.20000000,4.78312000,1.11187000,0.31706712,0.37904576
1020.40000000,4.78162000,1.12012000,0.31712912,0.37912014
1020.60000000,4.78162000,1.12012000,0.31719135,0.37919451
1020.80000000,4.77987000,1.12281000,0.31725365,0.37926903
1021.00000000,4.77887000,1.13190000,0.31731629,0.37934413
1021.20000000,4.77700000,1.13532000,0.31737926,0.37941945
1021.40000000,4.77700000,1.13532000,0.31744234,0.37949479
1021.60000000,4.77775000,1.13251000,0.31750533,0.37956989
1021.80000000,4.77475000,1.14870000,0.31756870,0.37964609
1022.00000000,4.77575000,1.14185000,0.31763233,0.37972183
1022.20000000,4.77650000,1.14124000,0.31769574,0.37979754
1022.40000000,4.77650000,1.14124000,0.31775915,0.37987329
1022.60000000,4.77937000,1.12918000,0.31782221,0.37994831
1022.80000000,4.78312000,1.11360000,0.31788451,0.38002223
1023.00000000,4.77975000,1.12656000,0.31794674,0.38009702
1023.20000000,4.77975000,1.12656000,0.31800933,0.38017184
1023.40000000,4.78212000,1.11577000,0.31807161,0.38024593
1023.60000000,4.78100000,1.12188000,0.31813377,0.38032049
1023.80000000,4.78450000,1.10633000,0.31819567,0.38039400
1024.00000000,4.78450000,1.10633000,0.31825713,0.38046748
1024.20000000,4.78200000,1.11667000,0.31831888,0.38054167
1024.40000000,4.78362000,1.11184000,0.31838078,0.38061551
1024.60000000,4.78137000,1.11955000,0.31844276,0.38068985
1024.80000000,4.78137000,1.12019000,0.31850498,0.38076424
1025.00000000,4.78137000,1.12019000,0.31856721,0.38083867
1025.20000000,4.78350000,1.11200000,0.31862922,0.38091252
1025.40000000,4.78162000,1.11849000,0.31869118,0.38098686
1025.60000000,4.78562000,1.10508000,0.31875294,0.38106031
1025.80000000,4.78775000,1.09430000,0.31881404,0.38113308
1026.00000000,4.78775000,1.09430000,0.31887483,0.38120581
1026.20000000,4.78575000,1.10342000,0.31893588,0.38127910
1026.40000000,4.78212000,1.11734000,0.31899757,0.38135332
1026.60000000,4.78237000,1.11603000,0.31905960,0.38142744
1026.80000000,4.78237000,1.11603000,0.31912160,0.38150157
1027.00000000,4.78212000,1.11769000,0.31918365,0.38157585
1027.20000000,4.78525000,1.10262000,0.31924533,0.38164917
1027.40000000,4.78775000,1.09686000,0.31930642,0.38172211
1027.60000000,4.78487000,1.10700000,0.31936764,0.38179568
1027.80000000,4.78487000,1.10700000,0.31942914,0.38186921
1028.00000000,4.78275000,1.11398000,0.31949084,0.38194322
1028.20000000,4.78325000,1.11344000,0.31955271,0.38201714
1028.40000000,4.78012000,1.12387000,0.31961486,0.38209176
1028.60000000,4.78012000,1.12387000,0.31967729,0.38216629
1028.80000000,4.77512000,1.14688000,0.31974037,0.38224240
1029.00000000,4.77787000,1.13427000,0.31980374,0.38231783
1029.20000000,4.78825000,1.09660000,0.31986570,0.38239076
1029.40000000,4.78175000,1.11955000,0.31992726,0.38246511
1029.60000000,4.78175000,1.11955000,0.31998946,0.38253952
1029.80000000,4.78525000,1.10595000,0.32005128,0.38261295
1030.00000000,4.78075000,1.12435000,0.32011323,0.38268762
1030.20000000,4.78137000,1.11862000,0.32017554,0.38276190
1030.40000000,4.78137000,1.11862000,0.32023768,0.38283617
1030.60000000,4.78025000,1.12739000,0.32030007,0.38291110
1030.80000000,4.78512000,1.10496000,0.32036208,0.38298450
1031.00000000,4.78312000,1.11494000,0.32042375,0.38305855
1031.20000000,4.78187000,1.12166000,0.32048587,0.38313305
1031.40000000,4.78187000,1.12166000,0.32054819,0.38320758
1031.60000000,4.78412000,1.10800000,0.32061012,0.38328119
1031.80000000,4.78375000,1.11360000,0.32067184,0.38335519
1032.00000000,4.78450000,1.10796000,0.32073355,0.38342882
1032.20000000,4.78450000,1.10796000,0.32079510,0.38350239
1032.40000000,4.78100000,1.12339000,0.32085708,0.38357702
1032.60000000,4.78325000,1.11318000,0.32091921,0.38365099
1032.80000000,4.78400000,1.11123000,0.32098100,0.38372483
1033.00000000,4.78437000,1.10918000,0.32104267,0.38379853
1033.20000000,4.78437000,1.10918000,0.32110430,0.38387223
1033.40000000,4.78387000,1.11046000,0.32116595,0.38394597
1033.60000000,4.78125000,1.12374000,0.32122801,0.38402066
1033.80000000,4.78550000,1.10412000,0.32128990,0.38409405
1034.00000000,4.78550000,1.10412000,0.32135124,0.38416744
1034.20000000,4.78637000,1.09984000,0.32141246,0.38424037
1034.40000000,4.77375000,1.15068000,0.32147497,0.38431669
1034.60000000,4.77562000,1.14281000,0.32153868,0.38439249
1034.80000000,4.77562000,1.14316000,0.32160218,0.38446831
1035.00000000,4.77562000,1.14316000,0.32166569,0.38454415
1035.20000000,4.77675000,1.13616000,0.32172900,0.38461954
1035.40000000,4.77750000,1.13568000,0.32179211,0.38469492
1035.60000000,4.77900000,1.13043000,0.32185506,0.38476990
1035.80000000,4.77550000,1.14332000,0.32191822,0.38484573
1036.00000000,4.77550000,1.14332000,0.32198174,0.38492168
1036.20000000,4.78300000,1.11488000,0.32204446,0.38499576
1036.40000000,4.78412000,1.10761000,0.32210620,0.38506939
1036.60000000,4.78625000,1.10352000,0.32216762,0.38514275
1036.80000000,4.78625000,1.10352000,0.32222893,0.38521614
1037.00000000,4.78812000,1.09321000,0.32228995,0.38528884
1037.20000000,4.78812000,1.09241000,0.32235066,0.38536136
1037.40000000,4.77962000,1.12838000,0.32241235,0.38543635
1037.60000000,4.78550000,1.10361000,0.32247435,0.38550970
1037.80000000,4.78550000,1.10361000,0.32253566,0.38558296
1038.00000000,4.77925000,1.13267000,0.32259778,0.38565811
1038.20000000,4.77712000,1.13747000,0.32266084,0.38573360
1038.40000000,4.77825000,1.13427000,0.32272394,0.38580888
1038.60000000,4.77825000,1.13427000,0.32278696,0.38588418
1038.80000000,4.78000000,1.12630000,0.32284975,0.38595888
1039.00000000,4.77550000,1.14224000,0.32291276,0.38603469
1039.20000000,4.77875000,1.13376000,0.32297599,0.38610990
1039.40000000,4.77600000,1.14217000,0.32303921,0.38618566
1039.60000000,4.77600000,1.14217000,0.32310266,0.38626141
1039.80000000,4.77500000,1.14832000,0.32316629,0.38633764
1040.00000000,4.77962000,1.12816000,0.32322952,0.38641253
1040.20000000,4.77962000,1.12652000,0.32329215,0.38648737
1040.40000000,4.78287000,1.11587000,0.32335444,0.38656149
1040.60000000,4.78287000,1.11587000,0.32341643,0.38663563
1040.80000000,4.78362000,1.11254000,0.32347833,0.38670955
1041.00000000,4.78362000,1.11411000,0.32354018,0.38678360
1041.20000000,4.78600000,1.10281000,0.32360177,0.38685691
1041.40000000,4.78600000,1.10281000,0.32366303,0.38693022
1041.60000000,4.78637000,1.10179000,0.32372427,0.38700339
1041.80000000,4.78112000,1.12284000,0.32378607,0.38707789
1042.00000000,4.77737000,1.13779000,0.32384886,0.38715349
1042.20000000,4.78412000,1.10995000,0.32391130,0.38722724
1042.40000000,4.78412000,1.10995000,0.32397296,0.38730097
1042.60000000,4.78262000,1.11910000,0.32403488,0.38737534
1042.80000000,4.78487000,1.10707000,0.32409672,0.38744894
1043.00000000,4.78650000,1.10396000,0.32415814,0.38752233
1043.20000000,4.78650000,1.10396000,0.32421947,0.38759570
1043.40000000,4.78512000,1.10531000,0.32428084,0.38766913
1043.60000000,4.78350000,1.11363000,0.32434247,0.38774315
1043.80000000,4.78575000,1.10444000,0.32440409,0.38781648
1044.00000000,4.78025000,1.12412000,0.32446599,0.38789111
1044.20000000,4.78025000,1.12412000,0.32452844,0.38796580
1044.40000000,4.78337000,1.11596000,0.32459067,0.38803997
1044.60000000,4.78587000,1.10368000,0.32465232,0.38811335
1044.80000000,4.78687000,1.10086000,0.32471356,0.38818654
1045.00000000,4.78687000,1.10086000,0.32477472,0.38825965
1045.20000000,4.78137000,1.12256000,0.32483648,0.38833415
1045.40000000,4.77875000,1.13206000,0.32489911,0.38840933
1045.60000000,4.78162000,1.12252000,0.32496174,0.38848385
1045.80000000,4.77962000,1.12931000,0.32502429,0.38855882
1046.00000000,4.77962000,1.12931000,0.32508703,0.38863380
1046.20000000,4.78062000,1.12515000,0.32514965,0.38870843
1046.40000000,4.77525000,1.14521000,0.32521272,0.38878453
1046.60000000,4.78487000,1.10486000,0.32527522,0.38885796
1046.80000000,4.78550000,1.10656000,0.32533665,0.38893151
1047.00000000,4.78550000,1.10656000,0.32539812,0.38900501
1047.20000000,4.78287000,1.11795000,0.32545991,0.38907925
1047.40000000,4.78100000,1.12310000,0.32552217,0.38915379
1047.60000000,4.77900000,1.13270000,0.32558483,0.38922898
1047.80000000,4.77900000,1.13270000,0.32564775,0.38930415
1048.00000000,4.77812000,1.13436000,0.32571073,0.38937940
1048.20000000,4.77675000,1.13987000,0.32577390,0.38945505
1048.40000000,4.77800000,1.13542000,0.32583710,0.38953039
1048.60000000,4.77262000,1.15644000,0.32590077,0.38960705
1048.80000000,4.77262000,1.15644000,0.32596501,0.38968381
1049.00000000,4.77925000,1.13212000,0.32602858,0.38975899
1049.20000000,4.78087000,1.12467000,0.32609127,0.38983361
1049.40000000,4.77750000,1.13590000,0.32615407,0.38990899
1049.60000000,4.77750000,1.13590000,0.32621717,0.38998433
1049.80000000,4.77587000,1.14416000,0.32628051,0.39006027
1050.00000000,4.77850000,1.13401000,0.32634379,0.39013549
1050.20000000,4.77625000,1.14172000,0.32640700,0.39021129
1050.40000000,4.78025000,1.12422000,0.32646995,0.39028593
1050.60000000,4.78025000,1.12422000,0.32653240,0.39036062
1050.80000000,4.78300000,1.11686000,0.32659466,0.39043482
1051.00000000,4.78350000,1.11315000,0.32665660,0.39050884
1051.20000000,4.78750000,1.09625000,0.32671797,0.39058173
1051.40000000,4.78750000,1.09625000,0.32677888,0.39065461
1051.60000000,4.78650000,1.10112000,0.32683991,0.39072769
1051.80000000,4.77850000,1.13152000,0.32690193,0.39080286
1052.00000000,4.78375000,1.11161000,0.32696424,0.39087677
1052.20000000,4.78675000,1.10096000,0.32702570,0.39094996
1052.40000000,4.78675000,1.10096000,0.32708687,0.39102318
1052.60000000,4.78800000,1.09318000,0.32714781,0.39109586
1052.80000000,4.78725000,1.10092000,0.32720876,0.39116902
1053.00000000,4.78487000,1.10777000,0.32727011,0.39124262
1053.20000000,4.78325000,1.11808000,0.32733194,0.39131690
1053.40000000,4.78325000,1.11808000,0.32739406,0.39139120
1053.60000000,4.78462000,1.10918000,0.32745593,0.39146486
1053.80000000,4.78150000,1.12121000,0.32751788,0.39153934
1054.00000000,4.78325000,1.11638000,0.32758004,0.39161351
1054.20000000,4.78325000,1.11638000,0.32764206,0.39168765
1054.40000000,4.78175000,1.11897000,0.32770415,0.39176200
1054.60000000,4.78400000,1.11382000,0.32776617,0.39183598
1054.80000000,4.78200000,1.11897000,0.32782820,0.39191029
1055.00000000,4.78312000,1.11334000,0.32789020,0.39198426
1055.20000000,4.78312000,1.11334000,0.32795206,0.39205820
1055.40000000,4.78212000,1.11964000,0.32801408,0.39213257
1055.60000000,4.78237000,1.11619000,0.32807619,0.39220669
1055.80000000,4.78100000,1.12307000,0.32813839,0.39228126
1056.00000000,4.78100000,1.12307000,0.32820078,0.39235588
1056.20000000,4.78350000,1.11472000,0.32826295,0.39242991
1056.40000000,4.78162000,1.12035000,0.32832503,0.39250436
1056.60000000,4.78487000,1.10828000,0.32838694,0.39257802
1056.80000000,4.78325000,1.11334000,0.32844865,0.39265198
1057.00000000,4.78325000,1.11334000,0.32851050,0.39272594
1057.20000000,4.78300000,1.11564000,0.32857242,0.39280004
1057.40000000,4.78212000,1.11846000,0.32863448,0.39287436
1057.60000000,4.78450000,1.10896000,0.32869635,0.39294805
1057.80000000,4.78450000,1.10896000,0.32875796,0.39302174
1058.00000000,4.78412000,1.11011000,0.32881960,0.39309543
1058.20000000,4.77925000,1.12854000,0.32888178,0.39317031
1058.40000000,4.77762000,1.13718000,0.32894472,0.39324577
1058.60000000,4.78000000,1.12582000,0.32900758,0.39332051
1058.80000000,4.78000000,1.12582000,0.32907013,0.39339519
1059.00000000,4.77562000,1.14297000,0.32913315,0.39347105
1059.20000000,4.77887000,1.13113000,0.32919632,0.39354615
1059.40000000,4.78037000,1.12380000,0.32925895,0.39362076
1059.60000000,4.78037000,1.12380000,0.32932139,0.39369525
1059.80000000,4.77225000,1.15734000,0.32938475,0.39377210
1060.00000000,4.78087000,1.12496000,0.32944815,0.39384682
1060.20000000,4.78250000,1.11638000,0.32951041,0.39392098
1060.40000000,4.78250000,1.11638000,0.32957243,0.39399516
1060.60000000,4.78462000,1.10953000,0.32963426,0.39406884
1060.80000000,4.78100000,1.12166000,0.32969624,0.39414335
1061.00000000,4.78312000,1.11484000,0.32975836,0.39421738
1061.20000000,4.78125000,1.12412000,0.32982056,0.39429203
1061.40000000,4.78125000,1.12412000,0.32988301,0.39436664
1061.60000000,4.77887000,1.12963000,0.32994561,0.39444158
1061.80000000,4.77625000,1.14412000,0.33000877,0.39451744
1062.00000000,4.77387000,1.15219000,0.33007256,0.39459383
1062.20000000,4.77387000,1.15219000,0.33013657,0.39467029
1062.40000000,4.77775000,1.13548000,0.33020012,0.39474568
1062.60000000,4.78062000,1.12739000,0.33026297,0.39482056
1062.80000000,4.78212000,1.11926000,0.33032538,0.39489496
1063.00000000,4.78550000,1.10624000,0.33038720,0.39496848
1063.20000000,4.78550000,1.10624000,0.33044866,0.39504200
1063.40000000,4.78525000,1.10816000,0.33051017,0.39511559
1063.60000000,4.78125000,1.11968000,0.33057205,0.39518996
1063.80000000,4.78212000,1.11836000,0.33063422,0.39526424
1064.00000000,4.78212000,1.11836000,0.33069635,0.39533855
1064.20000000,4.78400000,1.11145000,0.33075829,0.39541241
1064.40000000,4.78487000,1.10899000,0.33081997,0.39548613
1064.60000000,4.78625000,1.10342000,0.33088143,0.39555943
1064.80000000,4.78275000,1.11680000,0.33094310,0.39563362
1065.00000000,4.78275000,1.11680000,0.33100514,0.39570776
1065.20000000,4.77987000,1.12790000,0.33106750,0.39578261
1065.40000000,4.77812000,1.13628000,0.33113039,0.39585802
1065.60000000,4.77850000,1.13260000,0.33119341,0.39593319
1065.80000000,4.77850000,1.13260000,0.33125634,0.39600847
1066.00000000,4.78587000,1.10796000,0.33131857,0.39608206
1066.20000000,4.78187000,1.11955000,0.33138045,0.39615649
1066.40000000,4.78700000,1.10380000,0.33144221,0.39622983
1066.60000000,4.78362000,1.11091000,0.33150373,0.39630364
1066.80000000,4.78362000,1.11091000,0.33156545,0.39637741
1067.00000000,4.78150000,1.12038000,0.33162743,0.39645185
1067.20000000,4.78387000,1.11401000,0.33168949,0.39652584
1067.40000000,4.78175000,1.11904000,0.33175152,0.39660022
1067.60000000,4.78587000,1.10582000,0.33181332,0.39667372
1067.80000000,4.78587000,1.10582000,0.33187476,0.39674721
1068.00000000,4.78487000,1.10915000,0.33193628,0.39682093
1068.20000000,4.78512000,1.10672000,0.33199784,0.39689445
1068.40000000,4.78312000,1.11795000,0.33205963,0.39696872
1068.60000000,4.78312000,1.11795000,0.33212174,0.39704296
1068.80000000,4.78175000,1.11948000,0.33218389,0.39711725
1069.00000000,4.77750000,1.13747000,0.33224658,0.39719269
1069.20000000,4.77525000,1.14716000,0.33231005,0.39726890
1069.40000000,4.78312000,1.11392000,0.33237285,0.39734290
1069.60000000,4.78312000,1.11392000,0.33243474,0.39741696
1069.80000000,4.78712000,1.09891000,0.33249621,0.39748997
1070.00000000,4.78362000,1.11190000,0.33255762,0.39756381
1070.20000000,4.78150000,1.12099000,0.33261964,0.39763825
1070.40000000,4.78150000,1.12099000,0.33268192,0.39771269
1070.60000000,4.78112000,1.12144000,0.33274421,0.39778718
1070.80000000,4.78262000,1.11504000,0.33280633,0.39786127
1071.00000000,4.78387000,1.11244000,0.33286821,0.39793522
1071.20000000,4.78612000,1.10160000,0.33292971,0.39800845
1071.40000000,4.78612000,1.10160000,0.33299091,0.39808161
1071.60000000,4.78187000,1.11926000,0.33305260,0.39815600
1071.80000000,4.78562000,1.10528000,0.33311439,0.39822946
1072.00000000,4.78500000,1.10492000,0.33317579,0.39830289
1072.20000000,4.78500000,1.10492000,0.33323717,0.39837634
1072.40000000,4.78662000,1.10192000,0.33329847,0.39844953
1072.60000000,4.78162000,1.11708000,0.33336011,0.39852377
1072.80000000,4.78562000,1.10406000,0.33342181,0.39859717
1073.00000000,4.78650000,1.10329000,0.33348313,0.39867052
1073.20000000,4.78650000,1.10329000,0.33354442,0.39874376
1073.40000000,4.77987000,1.12764000,0.33360639,0.39881870
1073.60000000,4.78487000,1.10857000,0.33366851,0.39889239
1073.80000000,4.78637000,1.10044000,0.33372987,0.39896548
1074.00000000,4.78200000,1.11776000,0.33379148,0.39903972
1074.20000000,4.78200000,1.11776000,0.33385358,0.39911399
1074.40000000,4.78437000,1.11081000,0.33391549,0.39918779
1074.60000000,4.78350000,1.10947000,0.33397716,0.39926145
1074.80000000,4.78012000,1.12729000,0.33403929,0.39933629
1075.00000000,4.78012000,1.12729000,0.33410192,0.39941107
1075.20000000,4.77562000,1.14377000,0.33416501,0.39948695
1075.40000000,4.77700000,1.13731000,0.33422837,0.39956234
1075.60000000,4.77287000,1.15344000,0.33429200,0.39963887
1075.80000000,4.77675000,1.13875000,0.33435567,0.39971442
1076.00000000,4.77675000,1.13875000,0.33441894,0.39979003
1076.20000000,4.78075000,1.12406000,0.33448179,0.39986465
1076.40000000,4.77975000,1.12406000,0.33454424,0.39993932
1076.60000000,4.78275000,1.11465000,0.33460643,0.40001336
1076.80000000,4.78275000,1.11465000,0.33466835,0.40008736
1077.00000000,4.77987000,1.13001000,0.33473070,0.40016234
1077.20000000,4.77725000,1.13673000,0.33479367,0.40023789
1077.40000000,4.78562000,1.10550000,0.33485595,0.40031137
1077.60000000,4.78737000,1.09856000,0.33491718,0.40038441
1077.80000000,4.78737000,1.09856000,0.33497821,0.40045735
1078.00000000,4.78012000,1.12428000,0.33503995,0.40053206
1078.20000000,4.78450000,1.10995000,0.33510202,0.40060582
1078.40000000,4.78700000,1.09744000,0.33516333,0.40067878
1078.60000000,4.78700000,1.09744000,0.33522430,0.40075169
1078.80000000,4.78312000,1.11286000,0.33528570,0.40082560
1079.00000000,4.78225000,1.11769000,0.33534766,0.40089989
1079.20000000,4.78575000,1.10275000,0.33540934,0.40097319
1079.40000000,4.78575000,1.10275000,0.33547060,0.40104645
1079.60000000,4.78312000,1.11478000,0.33553220,0.40112052
1079.80000000,4.78362000,1.11104000,0.33559403,0.40119431
1080.00000000,4.78250000,1.11920000,0.33565598,0.40126866
1080.20000000,4.78000000,1.12406000,0.33571829,0.40134328
1080.40000000,4.78000000,1.12406000,0.33578074,0.40141798
1080.60000000,4.78462000,1.10924000,0.33584277,0.40149172
1080.80000000,4.78662000,1.10035000,0.33590415,0.40156480
1081.00000000,4.78187000,1.11734000,0.33596575,0.40163901
1081.20000000,4.78187000,1.11734000,0.33602783,0.40171323
1081.40000000,4.78300000,1.11568000,0.33608986,0.40178734
1081.60000000,4.78212000,1.11638000,0.33615186,0.40186151
1081.80000000,4.78387000,1.11177000,0.33621375,0.40193539
1082.00000000,4.78425000,1.10963000,0.33627546,0.40200912
1082.20000000,4.78425000,1.10963000,0.33633710,0.40208276
1082.40000000,4.77837000,1.13145000,0.33639936,0.40215793
1082.60000000,4.78362000,1.11369000,0.33646172,0.40223189
1082.80000000,4.78162000,1.12025000,0.33652377,0.40230629
1083.00000000,4.78162000,1.12025000,0.33658601,0.40238069
1083.20000000,4.78162000,1.12073000,0.33664826,0.40245512
1083.40000000,4.78200000,1.11968000,0.33671049,0.40252949
1083.60000000,4.78200000,1.11833000,0.33677266,0.40260379
1083.80000000,4.78350000,1.11635000,0.33683474,0.40267796
1084.00000000,4.78350000,1.11635000,0.33689675,0.40275215
1084.20000000,4.78537000,1.10611000,0.33695849,0.40282560
1084.40000000,4.78075000,1.12646000,0.33702051,0.40290043
1084.60000000,4.78312000,1.11379000,0.33708273,0.40297442
1084.80000000,4.78312000,1.11379000,0.33714461,0.40304839
1085.00000000,4.78150000,1.12134000,0.33720670,0.40312289
1085.20000000,4.78375000,1.11305000,0.33726877,0.40319679
1085.40000000,4.78025000,1.12502000,0.33733093,0.40327152
1085.60000000,4.78262000,1.11705000,0.33739321,0.40334572
1085.80000000,4.78262000,1.11705000,0.33745527,0.40341992
1086.00000000,4.78237000,1.11667000,0.33751732,0.40349411
1086.20000000,4.78387000,1.10825000,0.33757912,0.40356771
1086.40000000,4.78150000,1.12060000,0.33764104,0.40364216
1086.60000000,4.78362000,1.11212000,0.33770306,0.40371605
1086.80000000,4.78362000,1.11212000,0.33776484,0.40379002
1087.00000000,4.78875000,1.09488000,0.33782615,0.40386280
1087.20000000,4.78612000,1.10195000,0.33788717,0.40393599
1087.40000000,4.78225000,1.11792000,0.33794883,0.40401024
1087.60000000,4.78225000,1.11792000,0.33801094,0.40408454
1087.80000000,4.78500000,1.10732000,0.33807275,0.40415817
1088.00000000,4.78762000,1.09459000,0.33813391,0.40423084
1088.20000000,4.78050000,1.12406000,0.33819554,0.40430542
1088.40000000,4.77687000,1.13728000,0.33825836,0.40438087
1088.60000000,4.77687000,1.13728000,0.33832154,0.40445632
1088.80000000,4.77625000,1.14089000,0.33838482,0.40453195
1089.00000000,4.77312000,1.15193000,0.33844851,0.40460840
1089.20000000,4.77825000,1.13308000,0.33851199,0.40468360
1089.40000000,4.77825000,1.13308000,0.33857493,0.40475875
1089.60000000,4.77575000,1.14451000,0.33863820,0.40483471
1089.80000000,4.77850000,1.13113000,0.33870141,0.40490983
1090.00000000,4.78125000,1.12374000,0.33876405,0.40498445
1090.20000000,4.78125000,1.12102000,0.33882640,0.40505889
1090.40000000,4.78125000,1.12102000,0.33888868,0.40513341
1090.60000000,4.78587000,1.10339000,0.33895047,0.40520674
1090.80000000,4.78512000,1.10787000,0.33901189,0.40528032
1091.00000000,4.78225000,1.11606000,0.33907367,0.40535445
1091.20000000,4.78225000,1.11606000,0.33913567,0.40542859
1091.40000000,4.78262000,1.11747000,0.33919772,0.40550279
1091.60000000,4.78100000,1.12128000,0.33925990,0.40557731
1091.80000000,4.78525000,1.10662000,0.33932179,0.40565079
1092.00000000,4.78087000,1.12316000,0.33938373,0.40572537
1092.20000000,4.78087000,1.12316000,0.33944613,0.40580001
1092.40000000,4.78462000,1.10889000,0.33950813,0.40587362
1092.60000000,4.77987000,1.12800000,0.33957026,0.40594861
1092.80000000,4.78650000,1.09913000,0.33963213,0.40602168
1093.00000000,4.78650000,1.10163000,0.33969326,0.40609492
1093.20000000,4.78650000,1.10163000,0.33975446,0.40616808
1093.40000000,4.78200000,1.11641000,0.33981607,0.40624227
1093.60000000,4.78437000,1.10908000,0.33987789,0.40631600
1093.80000000,4.78637000,1.10240000,0.33993932,0.40638928
1094.00000000,4.78637000,1.10240000,0.34000057,0.40646257
1094.20000000,4.78675000,1.09849000,0.34006170,0.40653549
1094.40000000,4.77950000,1.12803000,0.34012355,0.40661033
1094.60000000,4.77662000,1.13718000,0.34018647,0.40668576
1094.80000000,4.77575000,1.14124000,0.34024976,0.40676146
1095.00000000,4.77575000,1.14124000,0.34031317,0.40683718
1095.20000000,4.77712000,1.13747000,0.34037646,0.40691266
1095.40000000,4.77812000,1.13328000,0.34043954,0.40698781
1095.60000000,4.77462000,1.14825000,0.34050292,0.40706396
1095.80000000,4.77462000,1.14825000,0.34056671,0.40714017
1096.00000000,4.77887000,1.13052000,0.34063001,0.40721527
1096.20000000,4.78300000,1.11523000,0.34069239,0.40728935
1096.40000000,4.78275000,1.11648000,0.34075438,0.40736355
1096.60000000,4.78500000,1.10396000,0.34081606,0.40743692
1096.80000000,4.78500000,1.10396000,0.34087739,0.40751026
1097.00000000,4.78287000,1.11676000,0.34093908,0.40758449
1097.20000000,4.78637000,1.10112000,0.34100068,0.40765759
1097.40000000,4.77925000,1.12924000,0.34106264,0.40773261
1097.60000000,4.78362000,1.11241000,0.34112491,0.40780652
1097.80000000,4.78362000,1.11241000,0.34118671,0.40788038
1098.00000000,4.78050000,1.12089000,0.34124874,0.40795484
1098.20000000,4.78275000,1.11622000,0.34131089,0.40802897
1098.40000000,4.78212000,1.11654000,0.34137291,0.40810313
1098.60000000,4.78212000,1.11654000,0.34143494,0.40817738
1098.80000000,4.78812000,1.09411000,0.34149634,0.40825006
1099.00000000,4.78275000,1.11491000,0.34155771,0.40832412
1099.20000000,4.78237000,1.11334000,0.34161960,0.40839812
1099.40000000,4.78600000,1.10393000,0.34168119,0.40847150
1099.60000000,4.78600000,1.10393000,0.34174252,0.40854483
1099.80000000,4.78250000,1.11312000,0.34180411,0.40861880
1100.00000000,4.78462000,1.10924000,0.34186584,0.40869243
1100.20000000,4.77925000,1.12624000,0.34192794,0.40876719
1100.40000000,4.77925000,1.12624000,0.34199050,0.40884204
1100.60000000,4.78500000,1.10598000,0.34205251,0.40891558
1100.80000000,4.78775000,1.09907000,0.34211376,0.40898865
1101.00000000,4.78675000,1.09894000,0.34217482,0.40906164
1101.20000000,4.78237000,1.11859000,0.34223642,0.40913594
1101.40000000,4.78237000,1.11859000,0.34229856,0.40921025
1101.60000000,4.78275000,1.11600000,0.34236063,0.40928426
1101.80000000,4.77500000,1.14457000,0.34242342,0.40936023
1102.00000000,4.77900000,1.13286000,0.34248669,0.40943535
1102.20000000,4.77450000,1.14601000,0.34254999,0.40951135
1102.40000000,4.77450000,1.14601000,0.34261366,0.40958737
1102.60000000,4.77600000,1.14275000,0.34267723,0.40966315
1102.80000000,4.77475000,1.14668000,0.34274083,0.40973925
1103.00000000,4.77837000,1.13292000,0.34280415,0.40981444
1103.20000000,4.77837000,1.13292000,0.34286709,0.40988965
1103.40000000,4.78025000,1.12604000,0.34292984,0.40996447
1103.60000000,4.78400000,1.11116000,0.34299198,0.41003825
1103.80000000,4.78037000,1.12454000,0.34305409,0.41011298
1104.00000000,4.78500000,1.10553000,0.34311603,0.41018645
1104.20000000,4.78500000,1.10553000,0.34317745,0.41025990
1104.40000000,4.78337000,1.11276000,0.34323907,0.41033380
1104.60000000,4.78162000,1.12150000,0.34330113,0.41040834
1104.80000000,4.78550000,1.10313000,0.34336293,0.41048166
1105.00000000,4.78550000,1.10313000,0.34342421,0.41055501
1105.20000000,4.78762000,1.09750000,0.34348534,0.41062788
1105.40000000,4.78025000,1.12419000,0.34354706,0.41070258
1105.60000000,4.78450000,1.10908000,0.34360909,0.41077630
1105.80000000,4.78525000,1.10563000,0.34367061,0.41084978
1106.00000000,4.78525000,1.10563000,0.34373203,0.41092321
1106.20000000,4.78187000,1.11718000,0.34379378,0.41099743
1106.40000000,4.78337000,1.11571000,0.34385580,0.41107160
1106.60000000,4.78625000,1.10022000,0.34391736,0.41114473
1106.80000000,4.78625000,1.10022000,0.34397848,0.41121789
1107.00000000,4.78737000,1.09600000,0.34403949,0.41129067
1107.20000000,4.78125000,1.11971000,0.34410103,0.41136505
1107.40000000,4.78250000,1.11408000,0.34416308,0.41143902
1107.60000000,4.78050000,1.12368000,0.34422524,0.41151362
1107.80000000,4.78050000,1.12368000,0.34428767,0.41158831
1108.00000000,4.78550000,1.10272000,0.34434952,0.41166161
1108.20000000,4.78600000,1.09974000,0.34441069,0.41173473
1108.40000000,4.78737000,1.09747000,0.34447173,0.41180770
1108.60000000,4.78487000,1.10355000,0.34453287,0.41188104
1108.80000000,4.78487000,1.10355000,0.34459418,0.41195434
1109.00000000,4.78200000,1.11865000,0.34465590,0.41202866
1109.20000000,4.78387000,1.11248000,0.34471788,0.41210263
1109.40000000,4.78712000,1.09651000,0.34477924,0.41217553
1109.60000000,4.78712000,1.09651000,0.34484016,0.41224841
1109.80000000,4.78512000,1.10771000,0.34490139,0.41232195
1110.00000000,4.78050000,1.12256000,0.34496334,0.41239657
1110.20000000,4.78550000,1.10492000,0.34502521,0.41247001
1110.40000000,4.78600000,1.10307000,0.34508655,0.41254334
1110.60000000,4.78600000,1.10307000,0.34514783,0.41261658
1110.80000000,4.78075000,1.12128000,0.34520961,0.41269108
1111.00000000,4.78362000,1.11318000,0.34527168,0.41276503
1111.20000000,4.78362000,1.11043000,0.34533345,0.41283881
1111.40000000,4.78362000,1.11043000,0.34539514,0.41291258
1111.60000000,4.78287000,1.11532000,0.34545697,0.41298659
1111.80000000,4.77800000,1.13654000,0.34551952,0.41306193
1112.00000000,4.77312000,1.14972000,0.34558303,0.41313821
1112.20000000,4.77650000,1.13929000,0.34564661,0.41321379
1112.40000000,4.77650000,1.13929000,0.34570990,0.41328935
1112.60000000,4.77550000,1.14425000,0.34577333,0.41336530
1112.80000000,4.77862000,1.13248000,0.34583658,0.41344038
1113.00000000,4.77337000,1.15472000,0.34590011,0.41351693
1113.20000000,4.77712000,1.13593000,0.34596374,0.41359230
1113.40000000,4.77712000,1.13593000,0.34602685,0.41366762
1113.60000000,4.77400000,1.15020000,0.34609035,0.41374395
1113.80000000,4.77825000,1.13308000,0.34615378,0.41381925
1114.00000000,4.78475000,1.10579000,0.34621597,0.41389273
1114.20000000,4.78475000,1.10579000,0.34627740,0.41396616
1114.40000000,4.78100000,1.12492000,0.34633936,0.41404091
1114.60000000,4.78450000,1.10768000,0.34640138,0.41411456
1114.80000000,4.78725000,1.09792000,0.34646265,0.41418756
1115.00000000,4.77812000,1.13456000,0.34652466,0.41426285
1115.20000000,4.77812000,1.13456000,0.34658769,0.41433812
1115.40000000,4.77625000,1.14163000,0.34665092,0.41441388
1115.60000000,4.77800000,1.13494000,0.34671416,0.41448915
1115.80000000,4.77512000,1.14467000,0.34677748,0.41456506
1116.00000000,4.77512000,1.14467000,0.34684107,0.41464100
1116.20000000,4.77612000,1.14188000,0.34690459,0.41471673
1116.40000000,4.77562000,1.14681000,0.34696816,0.41479284
1116.60000000,4.77812000,1.13385000,0.34703151,0.41486809
1116.80000000,4.77787000,1.13852000,0.34709463,0.41494364
1117.00000000,4.77787000,1.13852000,0.34715789,0.41501919
1117.20000000,4.77812000,1.13337000,0.34722099,0.41509436
1117.40000000,4.77550000,1.14480000,0.34728428,0.41517029
1117.60000000,4.78575000,1.10649000,0.34734681,0.41524384
1117.80000000,4.78575000,1.10649000,0.34740828,0.41531741
1118.00000000,4.78712000,1.09939000,0.34746956,0.41539050
1118.20000000,4.78687000,1.10064000,0.34753067,0.41546362
1118.40000000,4.78337000,1.11427000,0.34759220,0.41553765
1118.60000000,4.78275000,1.11552000,0.34765413,0.41561175
1118.80000000,4.78275000,1.11552000,0.34771611,0.41568580
1119.00000000,4.77925000,1.12944000,0.34777847,0.41576076
1119.20000000,4.77837000,1.12969000,0.34784122,0.41583573
1119.40000000,4.77837000,1.12969000,0.34790398,0.41591078
1119.60000000,4.78362000,1.11449000,0.34796632,0.41598480
1119.80000000,4.78187000,1.11856000,0.34802835,0.41605916
1120.00000000,4.78600000,1.10438000,0.34809010,0.41613258
1120.20000000,4.78712000,1.10060000,0.34815135,0.41620576
1120.40000000,4.78712000,1.10060000,0.34821249,0.41627882
1120.60000000,4.77975000,1.12819000,0.34827440,0.41635381
1120.80000000,4.78575000,1.10556000,0.34833645,0.41642730
1121.00000000,4.78600000,1.10419000,0.34839783,0.41650070
1121.20000000,4.78600000,1.10419000,0.34845918,0.41657403
1121.40000000,4.78175000,1.11798000,0.34852090,0.41664824
1121.60000000,4.77937000,1.12918000,0.34858332,0.41672312
1121.80000000,4.77437000,1.14908000,0.34864661,0.41679939
1122.00000000,4.77887000,1.13174000,0.34870997,0.41687451
1122.20000000,4.77887000,1.13174000,0.34877284,0.41694957
1122.40000000,4.77537000,1.14617000,0.34883612,0.41702564
1122.60000000,4.77850000,1.13395000,0.34889945,0.41710081
1122.80000000,4.77287000,1.15667000,0.34896308,0.41717758
1123.00000000,4.77862000,1.13206000,0.34902666,0.41725271
1123.20000000,4.77862000,1.13206000,0.34908955,0.41732786
1123.40000000,4.77987000,1.13065000,0.34915240,0.41740289
1123.60000000,4.77750000,1.13900000,0.34921545,0.41747846
1123.80000000,4.77700000,1.13974000,0.34927875,0.41755408
1124.00000000,4.77700000,1.13974000,0.34934206,0.41762975
1124.20000000,4.78037000,1.12665000,0.34940502,0.41770455
1124.40000000,4.78062000,1.12265000,0.34946750,0.41777904
1124.60000000,4.77737000,1.13491000,0.34953021,0.41785433
1124.80000000,4.77637000,1.14134000,0.34959344,0.41793005
1125.00000000,4.77637000,1.14134000,0.34965685,0.41800573
1125.20000000,4.77425000,1.14857000,0.34972046,0.41808195
1125.40000000,4.77787000,1.13561000,0.34978391,0.41815730
1125.60000000,4.77737000,1.13657000,0.34984702,0.41823271
1125.80000000,4.77737000,1.13657000,0.34991016,0.41830816
1126.00000000,4.77962000,1.13040000,0.34997314,0.41838327
1126.20000000,4.78375000,1.11216000,0.35003543,0.41845714
1126.40000000,4.78225000,1.11891000,0.35009740,0.41853149
1126.60000000,4.78437000,1.10988000,0.35015931,0.41860524
1126.80000000,4.78437000,1.10988000,0.35022097,0.41867903
1127.00000000,4.78712000,1.09804000,0.35028231,0.41875197
1127.20000000,4.78300000,1.11715000,0.35034384,0.41882620
1127.40000000,4.78362000,1.11273000,0.35040578,0.41890019
1127.60000000,4.78750000,1.09878000,0.35046721,0.41897325
1127.80000000,4.78750000,1.09878000,0.35052825,0.41904630
1128.00000000,4.78687000,1.10019000,0.35058934,0.41911936
1128.20000000,4.78162000,1.11952000,0.35065099,0.41919379
1128.40000000,4.78687000,1.10227000,0.35071271,0.41926708
1128.60000000,4.78687000,1.10227000,0.35077395,0.41934027
1128.80000000,4.78087000,1.12166000,0.35083572,0.41941475
1129.00000000,4.78112000,1.12294000,0.35089807,0.41948924
1129.20000000,4.77600000,1.14240000,0.35096100,0.41956503
1129.40000000,4.77650000,1.14092000,0.35102443,0.41964072
1129.60000000,4.77650000,1.14092000,0.35108781,0.41971645
1129.80000000,4.77950000,1.12892000,0.35115086,0.41979141
1130.00000000,4.78025000,1.12256000,0.35121340,0.41986584
1130.20000000,4.77400000,1.15180000,0.35127658,0.41994221
1130.40000000,4.77400000,1.15180000,0.35134057,0.42001872
1130.60000000,4.78262000,1.11612000,0.35140357,0.42009285
1130.80000000,4.78225000,1.11478000,0.35146554,0.42016689
1131.00000000,4.78200000,1.11744000,0.35152754,0.42024110
1131.20000000,4.78137000,1.12019000,0.35158970,0.42031549
1131.40000000,4.78137000,1.12019000,0.35165193,0.42038990
1131.60000000,4.78262000,1.11648000,0.35171406,0.42046411
1131.80000000,4.78625000,1.10115000,0.35177566,0.42053726
1132.00000000,4.78287000,1.11539000,0.35183723,0.42061136
1132.20000000,4.78287000,1.11539000,0.35189920,0.42068547
1132.40000000,4.78400000,1.11203000,0.35196107,0.42075930
1132.60000000,4.78012000,1.12470000,0.35202320,0.42083405
1132.80000000,4.78537000,1.10883000,0.35208524,0.42090772
1133.00000000,4.78350000,1.11129000,0.35214691,0.42098155
1133.20000000,4.78350000,1.11129000,0.35220865,0.42105536
1133.40000000,4.78212000,1.11916000,0.35227061,0.42112972
1133.60000000,4.78400000,1.11014000,0.35233253,0.42120346
1133.80000000,4.78250000,1.11529000,0.35239435,0.42127757
1134.00000000,4.78475000,1.10768000,0.35245610,0.42135119
1134.20000000,4.78475000,1.10768000,0.35251764,0.42142477
1134.40000000,4.78325000,1.11206000,0.35257930,0.42149862
1134.60000000,4.78150000,1.12163000,0.35264135,0.42157316
1134.80000000,4.78462000,1.10745000,0.35270326,0.42164675
1135.00000000,4.78462000,1.10745000,0.35276479,0.42172032
1135.20000000,4.78300000,1.11116000,0.35282642,0.42179416
1135.40000000,4.78462000,1.10934000,0.35288810,0.42186790
1135.60000000,4.78562000,1.10300000,0.35294955,0.42194123
1135.80000000,4.78687000,1.09996000,0.35301075,0.42201436
1136.00000000,4.78687000,1.09996000,0.35307185,0.42208740
1136.20000000,4.78075000,1.12281000,0.35313360,0.42216195
1136.40000000,4.78075000,1.11952000,0.35319588,0.42223626
1136.60000000,4.77887000,1.13065000,0.35325839,0.42231130
1136.80000000,4.77887000,1.13065000,0.35332120,0.42238641
1137.00000000,4.78312000,1.11129000,0.35338348,0.42246022
1137.20000000,4.78187000,1.11571000,0.35344534,0.42253434
1137.40000000,4.78300000,1.11334000,0.35350726,0.42260823
1137.60000000,4.77900000,1.12550000,0.35356945,0.42268294
1137.80000000,4.77900000,1.12550000,0.35363198,0.42275772
1138.00000000,4.78362000,1.11206000,0.35369413,0.42283164
1138.20000000,4.78637000,1.09833000,0.35375553,0.42290463
1138.40000000,4.78462000,1.10678000,0.35381678,0.42297818
1138.60000000,4.78462000,1.10678000,0.35387827,0.42305167
1138.80000000,4.78087000,1.12409000,0.35394024,0.42312638
1139.00000000,4.78512000,1.10355000,0.35400212,0.42319976
1139.20000000,4.78762000,1.09622000,0.35406322,0.42327265
1139.40000000,4.78425000,1.10688000,0.35412442,0.42334620
1139.60000000,4.78425000,1.10688000,0.35418591,0.42341978
1139.80000000,4.78600000,1.09932000,0.35424720,0.42349277
1140.00000000,4.78075000,1.12054000,0.35430886,0.42356723
1140.20000000,4.78462000,1.10556000,0.35437070,0.42364070
1140.40000000,4.78462000,1.10556000,0.35443212,0.42371409
1140.60000000,4.77912000,1.12841000,0.35449417,0.42378907
1140.80000000,4.78462000,1.10483000,0.35455621,0.42386252
1141.00000000,4.78625000,1.10508000,0.35461759,0.42393598
1141.20000000,4.78637000,1.09958000,0.35467883,0.42400907
1141.40000000,4.78637000,1.09958000,0.35473992,0.42408201
1141.60000000,4.77575000,1.14160000,0.35480218,0.42415776
1141.80000000,4.77750000,1.13542000,0.35486543,0.42423305
1142.00000000,4.77462000,1.14425000,0.35492875,0.42430893
1142.20000000,4.77462000,1.14425000,0.35499232,0.42438485
1142.40000000,4.77700000,1.13536000,0.35505564,0.42446019
1142.60000000,4.77737000,1.13436000,0.35511869,0.42453541
1142.80000000,4.77450000,1.14624000,0.35518204,0.42461148
1143.00000000,4.77837000,1.13193000,0.35524532,0.42468660
1143.20000000,4.77837000,1.13193000,0.35530821,0.42476175
1143.40000000,4.78012000,1.11993000,0.35537076,0.42483611
1143.60000000,4.78062000,1.12169000,0.35543303,0.42491049
1143.80000000,4.77400000,1.14691000,0.35549604,0.42498653
1144.00000000,4.77400000,1.14691000,0.35555976,0.42506272
1144.20000000,4.78287000,1.11158000,0.35562250,0.42513659
1144.40000000,4.78487000,1.10524000,0.35568407,0.42521001
1144.60000000,4.78250000,1.11465000,0.35574574,0.42528404
1144.80000000,4.78325000,1.11222000,0.35580760,0.42535793
1145.00000000,4.78325000,1.11222000,0.35586939,0.42543179
1145.20000000,4.78100000,1.12073000,0.35593141,0.42550624
1145.40000000,4.78312000,1.11078000,0.35599340,0.42558001
1145.60000000,4.78175000,1.11932000,0.35605535,0.42565435
1145.80000000,4.78175000,1.11932000,0.35611753,0.42572871
1146.00000000,4.78300000,1.11404000,0.35617957,0.42580267
1146.20000000,4.78012000,1.12428000,0.35624174,0.42587737
1146.40000000,4.78412000,1.10844000,0.35630376,0.42595102
1146.60000000,4.78412000,1.10844000,0.35636534,0.42602463
1146.80000000,4.78150000,1.11769000,0.35642718,0.42609890
1147.00000000,4.78425000,1.11020000,0.35648907,0.42617268
1147.20000000,4.78487000,1.10355000,0.35655056,0.42624602
1147.40000000,4.78475000,1.10620000,0.35661194,0.42631953
1147.60000000,4.78475000,1.10620000,0.35667340,0.42639301
1147.80000000,4.78225000,1.11664000,0.35673514,0.42646713
1148.00000000,4.77962000,1.12454000,0.35679740,0.42654171
1148.20000000,4.77487000,1.14502000,0.35686044,0.42661763
1148.40000000,4.77425000,1.14454000,0.35692404,0.42669353
1148.60000000,4.77425000,1.14454000,0.35698762,0.42676946
1148.80000000,4.77687000,1.13811000,0.35705103,0.42684496
1149.00000000,4.77612000,1.13945000,0.35711430,0.42692051
1149.20000000,4.77387000,1.14784000,0.35717783,0.42699661
1149.40000000,4.77387000,1.14784000,0.35724160,0.42707275
1149.60000000,4.77550000,1.14422000,0.35730527,0.42714865
1149.80000000,4.77600000,1.13811000,0.35736867,0.42722431
1150.00000000,4.78650000,1.10089000,0.35743086,0.42729731
1150.20000000,4.77425000,1.14931000,0.35749337,0.42737352
1150.40000000,4.77425000,1.14931000,0.35755722,0.42744980
1150.60000000,4.77887000,1.12870000,0.35762050,0.42752469
1150.80000000,4.77750000,1.13558000,0.35768339,0.42760003
1151.00000000,4.77662000,1.13798000,0.35774655,0.42767553
1151.20000000,4.77662000,1.13798000,0.35780977,0.42775105
1151.40000000,4.77862000,1.13097000,0.35787280,0.42782613
1151.60000000,4.77962000,1.13036000,0.35793561,0.42790115
1151.80000000,4.77825000,1.13033000,0.35799841,0.42797614
1152.00000000,4.77725000,1.14000000,0.35806147,0.42805178
1152.20000000,4.77725000,1.14000000,0.35812481,0.42812744
1152.40000000,4.77800000,1.13382000,0.35818797,0.42820259
1152.60000000,4.77237000,1.15456000,0.35825153,0.42827920
1152.80000000,4.77737000,1.13836000,0.35831523,0.42835481
1153.00000000,4.78275000,1.11548000,0.35837783,0.42842891
1153.20000000,4.78275000,1.11548000,0.35843980,0.42850307
1153.40000000,4.78687000,1.09849000,0.35850130,0.42857606
1153.60000000,4.78387000,1.11267000,0.35856272,0.42864995
1153.80000000,4.78137000,1.11875000,0.35862471,0.42872425
1154.00000000,4.78137000,1.11875000,0.35868686,0.42879861
1154.20000000,4.78600000,1.10483000,0.35874863,0.42887209
1154.40000000,4.78837000,1.09446000,0.35880972,0.42894478
1154.60000000,4.78225000,1.11696000,0.35887115,0.42901896
1154.80000000,4.78125000,1.12188000,0.35893334,0.42909346
1155.00000000,4.78125000,1.12188000,0.35899566,0.42916799
1155.20000000,4.78375000,1.10854000,0.35905762,0.42924163
1155.40000000,4.78237000,1.11718000,0.35911944,0.42931579
1155.60000000,4.78000000,1.12579000,0.35918175,0.42939053
1155.80000000,4.78000000,1.12579000,0.35924429,0.42946519
1156.00000000,4.77450000,1.14729000,0.35930743,0.42954129
1156.20000000,4.77600000,1.14332000,0.35937106,0.42961715
1156.40000000,4.77725000,1.13408000,0.35943432,0.42969238
1156.60000000,4.77600000,1.13952000,0.35949748,0.42976797
1156.80000000,4.77600000,1.13952000,0.35956079,0.42984357
1157.00000000,4.77725000,1.13635000,0.35962400,0.42991892
1157.20000000,4.77412000,1.14611000,0.35968741,0.42999504
1157.40000000,4.78175000,1.11910000,0.35975033,0.43006936
1157.60000000,4.78337000,1.11158000,0.35981229,0.43014321
1157.80000000,4.78337000,1.11158000,0.35987405,0.43021703
1158.00000000,4.78162000,1.11692000,0.35993595,0.43029118
1158.20000000,4.77975000,1.12873000,0.35999833,0.43036617
1158.40000000,4.78350000,1.10819000,0.36006046,0.43043980
1158.60000000,4.78350000,1.10819000,0.36012203,0.43051347
1158.80000000,4.78662000,1.09936000,0.36018335,0.43058651
1159.00000000,4.78400000,1.10873000,0.36024469,0.43066016
1159.20000000,4.78262000,1.11158000,0.36030636,0.43073401
1159.40000000,4.78300000,1.11456000,0.36036820,0.43080805
1159.60000000,4.78300000,1.11456000,0.36043012,0.43088205
1159.80000000,4.78075000,1.11968000,0.36049218,0.43095643
1160.00000000,4.78300000,1.11379000,0.36055422,0.43103041
1160.20000000,4.78237000,1.11664000,0.36061618,0.43110458
1160.40000000,4.78237000,1.11664000,0.36067821,0.43117873
1160.60000000,4.78125000,1.11977000,0.36074034,0.43125311
1160.80000000,4.78200000,1.11961000,0.36080254,0.43132750
1161.00000000,4.78400000,1.11136000,0.36086451,0.43140130
1161.20000000,4.78100000,1.12246000,0.36092656,0.43147583
1161.40000000,4.78100000,1.12246000,0.36098892,0.43155041
1161.60000000,4.78387000,1.11014000,0.36105094,0.43162416
1161.80000000,4.78350000,1.11142000,0.36111265,0.43169801
1162.00000000,4.78412000,1.10934000,0.36117434,0.43177172
1162.20000000,4.78412000,1.10934000,0.36123597,0.43184548
1162.40000000,4.78700000,1.09856000,0.36129730,0.43191849
1162.60000000,4.78487000,1.10214000,0.36135843,0.43199166
1162.80000000,4.78037000,1.12531000,0.36142030,0.43206646
1163.00000000,4.78550000,1.10188000,0.36148217,0.43213969
1163.20000000,4.78550000,1.10188000,0.36154338,0.43221294
1163.40000000,4.78625000,1.10182000,0.36160460,0.43228617
1163.60000000,4.78512000,1.10432000,0.36166588,0.43235946
1163.80000000,4.77875000,1.13014000,0.36172795,0.43243457
1164.00000000,4.78487000,1.10864000,0.36179014,0.43250825
1164.20000000,4.78487000,1.10864000,0.36185173,0.43258189
1164.40000000,4.78262000,1.11360000,0.36191346,0.43265587
1164.60000000,4.78362000,1.11187000,0.36197527,0.43272972
1164.80000000,4.78175000,1.12028000,0.36203728,0.43280412
1165.00000000,4.78175000,1.12028000,0.36209952,0.43287855
1165.20000000,4.78350000,1.11315000,0.36216156,0.43295250
1165.40000000,4.78312000,1.11456000,0.36222344,0.43302653
1165.60000000,4.78287000,1.11609000,0.36228540,0.43310066
1165.80000000,4.78212000,1.11753000,0.36234744,0.43317489
1166.00000000,4.78212000,1.11753000,0.36240953,0.43324909
1166.20000000,4.78062000,1.12569000,0.36247184,0.43332377
1166.40000000,4.77662000,1.13590000,0.36253466,0.43339918
1166.60000000,4.77987000,1.12518000,0.36259747,0.43347388
1166.80000000,4.77987000,1.12518000,0.36265998,0.43354848
1167.00000000,4.77387000,1.15014000,0.36272318,0.43362478
1167.20000000,4.77637000,1.13913000,0.36278678,0.43370039
1167.40000000,4.77912000,1.13075000,0.36284983,0.43377539
1167.60000000,4.77537000,1.14182000,0.36291295,0.43385112
1167.80000000,4.77537000,1.14182000,0.36297639,0.43392697
1168.00000000,4.78325000,1.11084000,0.36303896,0.43400071
1168.20000000,4.77912000,1.12716000,0.36310113,0.43407559
1168.40000000,4.78350000,1.10758000,0.36316321,0.43414918
1168.60000000,4.78137000,1.11891000,0.36322505,0.43422348
1168.80000000,4.78137000,1.11891000,0.36328721,0.43429781
1169.00000000,4.78275000,1.11276000,0.36334921,0.43437162
1169.20000000,4.77612000,1.13974000,0.36341177,0.43444721
1169.40000000,4.77512000,1.14460000,0.36347523,0.43452312
1169.60000000,4.77512000,1.14460000,0.36353882,0.43459902
1169.80000000,4.77437000,1.14652000,0.36360246,0.43467509
1170.00000000,4.77712000,1.13785000,0.36366591,0.43475052
1170.20000000,4.77262000,1.15411000,0.36372958,0.43482708
1170.40000000,4.77637000,1.13811000,0.36379325,0.43490258
1170.60000000,4.77637000,1.13811000,0.36385648,0.43497814
1170.80000000,4.78050000,1.12582000,0.36391937,0.43505287
1171.00000000,4.77900000,1.13129000,0.36398207,0.43512799
1171.20000000,4.78100000,1.12348000,0.36404470,0.43520259
1171.40000000,4.78100000,1.12348000,0.36410711,0.43527723
1171.60000000,4.78350000,1.11225000,0.36416922,0.43535116
1171.80000000,4.78525000,1.10684000,0.36423086,0.43542470
1172.00000000,4.78375000,1.11420000,0.36429255,0.43549871
1172.20000000,4.78287000,1.11312000,0.36435442,0.43557265
1172.40000000,4.78287000,1.11312000,0.36441626,0.43564665
1172.60000000,4.78600000,1.10307000,0.36447782,0.43571991
1172.80000000,4.78200000,1.11824000,0.36453953,0.43579422
1173.00000000,4.78487000,1.10726000,0.36460135,0.43586781
1173.20000000,4.78487000,1.10726000,0.36466286,0.43594131
1173.40000000,4.77950000,1.13132000,0.36472504,0.43601642
1173.60000000,4.78050000,1.12419000,0.36478770,0.43609114
1173.80000000,4.78537000,1.10633000,0.36484966,0.43616466
1174.00000000,4.78462000,1.11011000,0.36491122,0.43623843
1174.20000000,4.78462000,1.11011000,0.36497290,0.43631217
1174.40000000,4.78275000,1.11382000,0.36503467,0.43638615
1174.60000000,4.78212000,1.11779000,0.36509666,0.43646039
1174.80000000,4.78225000,1.11676000,0.36515873,0.43653461
1175.00000000,4.78487000,1.10780000,0.36522053,0.43660823
1175.20000000,4.78487000,1.10780000,0.36528207,0.43668183
1175.40000000,4.78337000,1.11283000,0.36534375,0.43675574
1175.60000000,4.78212000,1.11740000,0.36540571,0.43683004
1175.80000000,4.78737000,1.09836000,0.36546725,0.43690307
1176.00000000,4.78737000,1.09836000,0.36552827,0.43697611
1176.20000000,4.78775000,1.09484000,0.36558920,0.43704888
1176.40000000,4.78587000,1.10208000,0.36565022,0.43712214
1176.60000000,4.78612000,1.10316000,0.36571148,0.43719547
1176.80000000,4.78575000,1.10371000,0.36577278,0.43726883
1177.00000000,4.78575000,1.10371000,0.36583410,0.43734218
1177.20000000,4.78462000,1.11008000,0.36589559,0.43741595
1177.40000000,4.78487000,1.10643000,0.36595716,0.43748945
1177.60000000,4.78300000,1.11472000,0.36601886,0.43756350
1177.80000000,4.78300000,1.11472000,0.36608079,0.43763758
1178.00000000,4.78462000,1.10880000,0.36614255,0.43771129
1178.20000000,4.78637000,1.09916000,0.36620389,0.43778428
1178.40000000,4.78112000,1.12243000,0.36626560,0.43785885
1178.60000000,4.78337000,1.11200000,0.36632766,0.43793272
1178.80000000,4.78337000,1.11200000,0.36638944,0.43800663
1179.00000000,4.78512000,1.10400000,0.36645100,0.43808002
1179.20000000,4.78662000,1.09996000,0.36651222,0.43815304
1179.40000000,4.77925000,1.12707000,0.36657408,0.43822785
1179.60000000,4.78225000,1.11785000,0.36663644,0.43830210
1179.80000000,4.78225000,1.11785000,0.36669854,0.43837635
1180.00000000,4.78237000,1.11820000,0.36676066,0.43845065
1180.20000000,4.78425000,1.10780000,0.36682249,0.43852426
1180.40000000,4.78125000,1.12336000,0.36688447,0.43859886
1180.60000000,4.78125000,1.12336000,0.36694687,0.43867351
1180.80000000,4.78475000,1.10784000,0.36700885,0.43874713
1181.00000000,4.78487000,1.10652000,0.36707036,0.43882062
1181.20000000,4.78187000,1.11840000,0.36713217,0.43889490
1181.40000000,4.78287000,1.11414000,0.36719418,0.43896891
1181.60000000,4.78287000,1.11414000,0.36725608,0.43904292
1181.80000000,4.78237000,1.11712000,0.36731806,0.43911717
1182.00000000,4.78550000,1.10377000,0.36737975,0.43919050
1182.20000000,4.78337000,1.11110000,0.36744127,0.43926431
1182.40000000,4.78337000,1.11110000,0.36750300,0.43933802
1182.60000000,4.77612000,1.14099000,0.36756556,0.43941371
1182.80000000,4.77662000,1.13561000,0.36762880,0.43948904
1183.00000000,4.77575000,1.14230000,0.36769207,0.43956481
1183.20000000,4.77575000,1.14230000,0.36775553,0.43964060
1183.40000000,4.77762000,1.13126000,0.36781869,0.43971559
1183.60000000,4.77262000,1.15532000,0.36788220,0.43979229
1183.80000000,4.77962000,1.12963000,0.36794567,0.43986727
1184.00000000,4.77950000,1.12396000,0.36800827,0.43994188
1184.20000000,4.77950000,1.12396000,0.36807072,0.44001657
1184.40000000,4.78450000,1.10780000,0.36813271,0.44009020
1184.60000000,4.78550000,1.10313000,0.36819412,0.44016344
1184.80000000,4.77987000,1.12742000,0.36825608,0.44023828
1185.00000000,4.78262000,1.11612000,0.36831840,0.44031242
1185.20000000,4.78262000,1.11612000,0.36838041,0.44038657
1185.40000000,4.78312000,1.11280000,0.36844233,0.44046056
1185.60000000,4.78762000,1.09830000,0.36850375,0.44053355
1185.80000000,4.78450000,1.10624000,0.36856498,0.44060706
1186.00000000,4.78450000,1.10624000,0.36862644,0.44068056
1186.20000000,4.78425000,1.11017000,0.36868801,0.44075434
1186.40000000,4.78450000,1.10969000,0.36874967,0.44082810
1186.60000000,4.78625000,1.10121000,0.36881108,0.44090131
1186.80000000,4.78687000,1.10134000,0.36887227,0.44097453
1187.00000000,4.78687000,1.10134000,0.36893345,0.44104765
1187.20000000,4.78050000,1.12428000,0.36899527,0.44112234
1187.40000000,4.78287000,1.11344000,0.36905743,0.44119631
1187.60000000,4.78350000,1.11145000,0.36911924,0.44127015
1187.80000000,4.78350000,1.11145000,0.36918098,0.44134399
1188.00000000,4.78300000,1.11289000,0.36924277,0.44141788
1188.20000000,4.78037000,1.12396000,0.36930490,0.44149253
1188.40000000,4.78187000,1.11638000,0.36936714,0.44156667
1188.60000000,4.78187000,1.11638000,0.36942916,0.44164083
1188.80000000,4.78262000,1.11561000,0.36949116,0.44171494
1189.00000000,4.78300000,1.11388000,0.36955309,0.44178895
1189.20000000,4.78437000,1.10787000,0.36961480,0.44186252
1189.40000000,4.78125000,1.12387000,0.36967680,0.44193715
1189.60000000,4.78125000,1.12387000,0.36973923,0.44201183
1189.80000000,4.78375000,1.10992000,0.36980128,0.44208557
1190.00000000,4.78350000,1.11472000,0.36986308,0.44215953
1190.20000000,4.77750000,1.13526000,0.36992558,0.44223486
1190.40000000,4.77750000,1.13526000,0.36998865,0.44231020
1190.60000000,4.77800000,1.13289000,0.37005165,0.44238544
1190.80000000,4.78212000,1.11798000,0.37011418,0.44245973
1191.00000000,4.78400000,1.10675000,0.37017597,0.44253322
1191.20000000,4.78137000,1.11916000,0.37023780,0.44260754
1191.40000000,4.78137000,1.11916000,0.37029998,0.44268191
1191.60000000,4.78400000,1.11286000,0.37036198,0.44275577
1191.80000000,4.77912000,1.12761000,0.37042422,0.44283071
1192.00000000,4.78487000,1.10857000,0.37048633,0.44290438
1192.20000000,4.78487000,1.10857000,0.37054792,0.44297800
1192.40000000,4.78112000,1.12188000,0.37060988,0.44305253
1192.60000000,4.78325000,1.11097000,0.37067190,0.44312628
1192.80000000,4.77950000,1.13084000,0.37073417,0.44320142
1193.00000000,4.78425000,1.10780000,0.37079636,0.44327503
1193.20000000,4.78425000,1.10780000,0.37085790,0.44334863
1193.40000000,4.78350000,1.10931000,0.37091949,0.44342231
1193.60000000,4.78250000,1.11491000,0.37098127,0.44349637
1193.80000000,4.78237000,1.11529000,0.37104322,0.44357049
1194.00000000,4.78487000,1.10758000,0.37110497,0.44364409
1194.20000000,4.78487000,1.10758000,0.37116650,0.44371765
1194.40000000,4.78162000,1.11715000,0.37122830,0.44379186
1194.60000000,4.78325000,1.11465000,0.37129029,0.44386587
1194.80000000,4.78025000,1.12457000,0.37135249,0.44394053
1195.00000000,4.78025000,1.12457000,0.37141497,0.44401524
1195.20000000,4.78337000,1.10992000,0.37147704,0.44408894
1195.40000000,4.78050000,1.12640000,0.37153916,0.44416376
1195.60000000,4.78275000,1.11324000,0.37160137,0.44423767
1195.80000000,4.78025000,1.12454000,0.37166353,0.44431233
1196.00000000,4.78025000,1.12454000,0.37172601,0.44438695
1196.20000000,4.77775000,1.13561000,0.37178879,0.44446227
1196.40000000,4.77487000,1.14281000,0.37185208,0.44453811
1196.60000000,4.77825000,1.13289000,0.37191529,0.44461329
1196.80000000,4.77825000,1.13289000,0.37197823,0.44468846
1197.00000000,4.77737000,1.13552000,0.37204124,0.44476378
1197.20000000,4.77575000,1.14294000,0.37210453,0.44483964
1197.40000000,4.77912000,1.13100000,0.37216770,0.44491467
1197.60000000,4.77625000,1.14032000,0.37223079,0.44499032
1197.80000000,4.77625000,1.14032000,0.37229414,0.44506610
1198.00000000,4.78487000,1.10950000,0.37235663,0.44513981
1198.20000000,4.78350000,1.11200000,0.37241834,0.44521366
1198.40000000,4.78150000,1.11952000,0.37248033,0.44528801
1198.60000000,4.78400000,1.11238000,0.37254233,0.44536192
1198.80000000,4.78400000,1.11238000,0.37260413,0.44543584
1199.00000000,4.78450000,1.10934000,0.37266584,0.44550952
1199.20000000,4.78262000,1.11744000,0.37272770,0.44558373
1199.40000000,4.78150000,1.12054000,0.37278986,0.44565815
1199.60000000,4.78150000,1.12054000,0.37285211,0.44573259
1199.80000000,4.78337000,1.11308000,0.37291416,0.44580658
1200.00000000,4.78625000,1.10432000,0.37297575,0.44587987
1200.20000000,4.77837000,1.13052000,0.37303783,0.44595496
1200.40000000,4.78212000,1.11884000,0.37310031,0.44602927
1200.60000000,4.78212000,1.11884000,0.37316247,0.44610364
1200.80000000,4.78537000,1.10636000,0.37322428,0.44617714
1201.00000000,4.78337000,1.11126000,0.37328588,0.44625096
1201.20000000,4.78337000,1.11539000,0.37334773,0.44632507
1201.40000000,4.78337000,1.11539000,0.37340970,0.44639912
1201.60000000,4.78037000,1.12284000,0.37347187,0.44647369
1201.80000000,4.78187000,1.11715000,0.37353410,0.44654793
1202.00000000,4.78437000,1.10851000,0.37359592,0.44662148
1202.20000000,4.77700000,1.13587000,0.37365826,0.44669684
1202.40000000,4.77700000,1.13587000,0.37372137,0.44677220
1202.60000000,4.77725000,1.13814000,0.37378453,0.44684768
1202.80000000,4.77462000,1.14793000,0.37384804,0.44692382
1203.00000000,4.77562000,1.14028000,0.37391160,0.44699945
1203.20000000,4.77875000,1.13360000,0.37397476,0.44707469
1203.40000000,4.77875000,1.13360000,0.37403774,0.44714989
1203.60000000,4.77625000,1.13910000,0.37410087,0.44722550
1203.80000000,4.77925000,1.13078000,0.37416392,0.44730054
1204.00000000,4.77775000,1.13331000,0.37422681,0.44737574
1204.20000000,4.77775000,1.13331000,0.37428977,0.44745105
1204.40000000,4.78450000,1.10841000,0.37435204,0.44752473
1204.60000000,4.78587000,1.10457000,0.37441352,0.44759816
1204.80000000,4.78675000,1.09910000,0.37447473,0.44767112
1205.00000000,4.77925000,1.13011000,0.37453665,0.44774613
1205.20000000,4.77925000,1.13011000,0.37459944,0.44782119
1205.40000000,4.78212000,1.11683000,0.37466185,0.44789536
1205.60000000,4.78137000,1.11772000,0.37472392,0.44796965
1205.80000000,4.78562000,1.10380000,0.37478563,0.44804302
1206.00000000,4.78562000,1.10380000,0.37484695,0.44811636
1206.20000000,4.78412000,1.10579000,0.37490833,0.44818987
1206.40000000,4.78662000,1.09990000,0.37496960,0.44826301
1206.60000000,4.78750000,1.09632000,0.37503061,0.44833583
1206.80000000,4.78262000,1.11171000,0.37509194,0.44840968
1207.00000000,4.78262000,1.11171000,0.37515370,0.44848341
1207.20000000,4.77537000,1.14467000,0.37521638,0.44855940
1207.40000000,4.77987000,1.12310000,0.37527937,0.44863399
1207.60000000,4.78150000,1.11728000,0.37534161,0.44870819
1207.80000000,4.78150000,1.11728000,0.37540368,0.44878243
1208.00000000,4.78412000,1.11059000,0.37546556,0.44885624
1208.20000000,4.78562000,1.09977000,0.37552696,0.44892928
1208.40000000,4.78162000,1.11993000,0.37558862,0.44900370
1208.60000000,4.78475000,1.10771000,0.37565050,0.44907732
1208.80000000,4.78475000,1.10771000,0.37571204,0.44915088
1209.00000000,4.78175000,1.11657000,0.37577382,0.44922504
1209.20000000,4.78162000,1.12144000,0.37583599,0.44929946
1209.40000000,4.77837000,1.13072000,0.37589855,0.44937449
1209.60000000,4.77750000,1.13420000,0.37596146,0.44944975
1209.80000000,4.77750000,1.13420000,0.37602448,0.44952498
1210.00000000,4.77600000,1.14092000,0.37608767,0.44960063
1210.20000000,4.77387000,1.14972000,0.37615130,0.44967696
1210.40000000,4.77975000,1.12627000,0.37621452,0.44975172
1210.60000000,4.77975000,1.12627000,0.37627709,0.44982648
1210.80000000,4.77900000,1.12592000,0.37633966,0.44990117
1211.00000000,4.77637000,1.14092000,0.37640262,0.44997692
1211.20000000,4.78012000,1.12390000,0.37646553,0.45005154
1211.40000000,4.78737000,1.09507000,0.37652717,0.45012435
1211.60000000,4.78737000,1.09507000,0.37658801,0.45019713
1211.80000000,4.78537000,1.10643000,0.37664916,0.45027062
1212.00000000,4.78237000,1.11443000,0.37671085,0.45034469
1212.20000000,4.78525000,1.10755000,0.37677257,0.45041830
1212.40000000,4.78525000,1.10755000,0.37683411,0.45049191
1212.60000000,4.78512000,1.10598000,0.37689559,0.45056545
1212.80000000,4.78750000,1.09801000,0.37695681,0.45063843
1213.00000000,4.78575000,1.10425000,0.37701799,0.45071183
1213.20000000,4.78262000,1.11452000,0.37707962,0.45078586
1213.40000000,4.78262000,1.11452000,0.37714154,0.45085992
1213.60000000,4.78475000,1.10816000,0.37720328,0.45093356
1213.80000000,4.78412000,1.10739000,0.37726482,0.45100714
1214.00000000,4.78150000,1.11830000,0.37732665,0.45108141
1214.20000000,4.78150000,1.11830000,0.37738878,0.45115561
1214.40000000,4.77750000,1.13840000,0.37745146,0.45123112
1214.60000000,4.77550000,1.14054000,0.37751477,0.45130688
1214.80000000,4.78312000,1.11516000,0.37757742,0.45138097
1215.00000000,4.78312000,1.11516000,0.37763938,0.45145508
1215.20000000,4.78525000,1.10316000,0.37770100,0.45152835
1215.40000000,4.78225000,1.11532000,0.37776262,0.45160245
1215.60000000,4.78325000,1.11449000,0.37782456,0.45167645
1215.80000000,4.78087000,1.12236000,0.37788670,0.45175098
1216.00000000,4.78087000,1.12236000,0.37794905,0.45182556
1216.20000000,4.78475000,1.10691000,0.37801097,0.45189915
1216.40000000,4.78675000,1.09830000,0.37807223,0.45197210
1216.60000000,4.78212000,1.11750000,0.37813378,0.45204632
1216.80000000,4.78212000,1.11750000,0.37819586,0.45212054
1217.00000000,4.78187000,1.11737000,0.37825794,0.45219480
1217.20000000,4.78487000,1.10544000,0.37831969,0.45226826
1217.40000000,4.78437000,1.11203000,0.37838128,0.45234215
1217.60000000,4.78150000,1.11792000,0.37844323,0.45241639
1217.80000000,4.78150000,1.11792000,0.37850533,0.45249070
1218.00000000,4.78587000,1.10358000,0.37856704,0.45256399
1218.20000000,4.78175000,1.11824000,0.37862876,0.45263831
1218.40000000,4.78537000,1.10358000,0.37869048,0.45271166
1218.60000000,4.78537000,1.10358000,0.37875179,0.45278495
1218.80000000,4.78137000,1.12096000,0.37881358,0.45285943
1219.00000000,4.78387000,1.10672000,0.37887546,0.45293301
1219.20000000,4.78725000,1.09900000,0.37893673,0.45300608
1219.40000000,4.78725000,1.09510000,0.37899768,0.45307890
1219.60000000,4.78725000,1.09510000,0.37905851,0.45315166
1219.80000000,4.78412000,1.10694000,0.37911968,0.45322512
1220.00000000,4.77825000,1.13468000,0.37918195,0.45330039
1220.20000000,4.77575000,1.14313000,0.37924522,0.45337621
1220.40000000,4.77575000,1.14313000,0.37930873,0.45345205
1220.60000000,4.77675000,1.14006000,0.37937215,0.45352775
1220.80000000,4.78062000,1.12435000,0.37943505,0.45360238
1221.00000000,4.77912000,1.12620000,0.37949757,0.45367704
1221.20000000,4.77300000,1.15552000,0.37956095,0.45375364
1221.40000000,4.77300000,1.15552000,0.37962514,0.45383032
1221.60000000,4.77837000,1.13072000,0.37968865,0.45390543
1221.80000000,4.78250000,1.11494000,0.37975103,0.45397958
1222.00000000,4.78825000,1.09491000,0.37981241,0.45405239
1222.20000000,4.78825000,1.09491000,0.37987324,0.45412512
1222.40000000,4.78225000,1.11846000,0.37993472,0.45419941
1222.60000000,4.78275000,1.11760000,0.37999684,0.45427366
1222.80000000,4.78325000,1.11392000,0.38005882,0.45434754
1223.00000000,4.77562000,1.14576000,0.38012159,0.45442354
1223.20000000,4.77562000,1.14576000,0.38018525,0.45449959
1223.40000000,4.77875000,1.13379000,0.38024857,0.45457486
1223.60000000,4.78025000,1.12326000,0.38031126,0.45464938
1223.80000000,4.77625000,1.14025000,0.38037414,0.45472503
1224.00000000,4.77725000,1.13683000,0.38043739,0.45480046
1224.20000000,4.77725000,1.13683000,0.38050055,0.45487583
1224.40000000,4.77350000,1.15136000,0.38056411,0.45495222
1224.60000000,4.77700000,1.13833000,0.38062771,0.45502780
1224.80000000,4.78075000,1.12009000,0.38069044,0.45510218
1225.00000000,4.78075000,1.12009000,0.38075267,0.45517660
1225.20000000,4.78362000,1.11244000,0.38081469,0.45525051
1225.40000000,4.78400000,1.11052000,0.38087644,0.45532426
1225.60000000,4.78175000,1.12035000,0.38093840,0.45539871
1225.80000000,4.78412000,1.11075000,0.38100038,0.45547251
1226.00000000,4.78412000,1.11075000,0.38106209,0.45554634
1226.20000000,4.78525000,1.10297000,0.38112358,0.45561960
1226.40000000,4.78237000,1.11696000,0.38118524,0.45569385
1226.60000000,4.78650000,1.09936000,0.38124681,0.45576694
1226.80000000,4.78650000,1.09936000,0.38130788,0.45583997
1227.00000000,4.78300000,1.11331000,0.38136935,0.45591392
1227.20000000,4.78300000,1.11219000,0.38143117,0.45598781
1227.40000000,4.78337000,1.10905000,0.38149287,0.45606144
1227.60000000,4.78012000,1.12582000,0.38155495,0.45613619
1227.80000000,4.78012000,1.12582000,0.38161749,0.45621097
1228.00000000,4.78237000,1.11328000,0.38167969,0.45628499
1228.20000000,4.78750000,1.09760000,0.38174110,0.45635789
1228.40000000,4.78162000,1.11731000,0.38180263,0.45643210
1228.60000000,4.78225000,1.11561000,0.38186465,0.45650620
1228.80000000,4.78225000,1.11561000,0.38192663,0.45658034
1229.00000000,4.78487000,1.10806000,0.38198840,0.45665387
1229.20000000,4.77825000,1.13081000,0.38205059,0.45672891
1229.40000000,4.77750000,1.13324000,0.38211348,0.45680410
1229.60000000,4.77750000,1.13324000,0.38217644,0.45687931
1229.80000000,4.77825000,1.13353000,0.38223941,0.45695454
1230.00000000,4.77850000,1.13030000,0.38230229,0.45702953
1230.20000000,4.77675000,1.13974000,0.38236535,0.45710518
1230.40000000,4.77912000,1.12768000,0.38242833,0.45718003
1230.60000000,4.77912000,1.12768000,0.38249098,0.45725488
1230.80000000,4.77912000,1.13049000,0.38255371,0.45732994
1231.00000000,4.78037000,1.12534000,0.38261637,0.45740466
1231.20000000,4.78050000,1.12124000,0.38267877,0.45747910
1231.40000000,4.78050000,1.12124000,0.38274107,0.45755347
1231.60000000,4.77562000,1.14608000,0.38280405,0.45762951
1231.80000000,4.77662000,1.13731000,0.38286747,0.45770490
1232.00000000,4.77312000,1.15363000,0.38293111,0.45778144
1232.20000000,4.77675000,1.13932000,0.38299480,0.45785702
1232.40000000,4.77675000,1.13932000,0.38305810,0.45793263
1232.60000000,4.77775000,1.13328000,0.38312123,0.45800779
1232.80000000,4.77537000,1.14307000,0.38318446,0.45808357
1233.00000000,4.77337000,1.15017000,0.38324816,0.45815983
1233.20000000,4.77337000,1.15017000,0.38331206,0.45823610
1233.40000000,4.77462000,1.14550000,0.38337583,0.45831215
1233.60000000,4.78037000,1.12496000,0.38343890,0.45838688
1233.80000000,4.78250000,1.11395000,0.38350109,0.45846088
1234.00000000,4.78300000,1.11523000,0.38356301,0.45853496
1234.20000000,4.78300000,1.11523000,0.38362497,0.45860906
1234.40000000,4.78375000,1.10848000,0.38368674,0.45868277
1234.60000000,4.78775000,1.09596000,0.38374797,0.45875555
1234.80000000,4.78112000,1.11932000,0.38380951,0.45882990
1235.00000000,4.78275000,1.11331000,0.38387152,0.45890385
1235.20000000,4.78275000,1.11331000,0.38393337,0.45897783
1235.40000000,4.78437000,1.11024000,0.38399514,0.45905157
1235.60000000,4.78212000,1.11488000,0.38405695,0.45912567
1235.80000000,4.78537000,1.10480000,0.38411861,0.45919910
1236.00000000,4.78537000,1.10480000,0.38417998,0.45927254
1236.20000000,4.78600000,1.10444000,0.38424135,0.45934592
1236.40000000,4.78375000,1.11052000,0.38430288,0.45941958
1236.60000000,4.77562000,1.14425000,0.38436551,0.45949551
1236.80000000,4.77775000,1.13443000,0.38442881,0.45957079
1237.00000000,4.77775000,1.13443000,0.38449183,0.45964609
1237.20000000,4.77937000,1.12921000,0.38455471,0.45972096
1237.40000000,4.77387000,1.15152000,0.38461806,0.45979736
1237.60000000,4.77675000,1.13753000,0.38468165,0.45987282
1237.80000000,4.77675000,1.13753000,0.38474484,0.45994827
1238.00000000,4.77537000,1.14470000,0.38480824,0.46002426
1238.20000000,4.77975000,1.12656000,0.38487133,0.46009913
1238.40000000,4.78525000,1.10566000,0.38493334,0.46017252
1238.60000000,4.77900000,1.13062000,0.38499546,0.46024757
1238.80000000,4.77900000,1.13062000,0.38505827,0.46032268
1239.00000000,4.78337000,1.11187000,0.38512056,0.46039657
1239.20000000,4.78487000,1.10761000,0.38518221,0.46047010
1239.40000000,4.77987000,1.12521000,0.38524423,0.46054480
1239.60000000,4.77987000,1.12521000,0.38530675,0.46061959
1239.80000000,4.78550000,1.10630000,0.38536873,0.46069315
1240.00000000,4.78737000,1.09747000,0.38542995,0.46076612
1240.20000000,4.78700000,1.09856000,0.38549095,0.46083907
1240.40000000,4.78137000,1.12316000,0.38555266,0.46091366
1240.60000000,4.78137000,1.12316000,0.38561506,0.46098823
1240.80000000,4.78062000,1.12384000,0.38567748,0.46106284
1241.00000000,4.77975000,1.12809000,0.38574003,0.46113778
1241.20000000,4.78337000,1.11484000,0.38580234,0.46121185
1241.40000000,4.78350000,1.11219000,0.38586420,0.46128574
1241.60000000,4.78350000,1.11219000,0.38592599,0.46135964
1241.80000000,4.78425000,1.11152000,0.38598776,0.46143353
1242.00000000,4.78625000,1.10140000,0.38604923,0.46150675
1242.20000000,4.78662000,1.10300000,0.38611046,0.46158008
1242.40000000,4.78662000,1.10300000,0.38617174,0.46165340
1242.60000000,4.78587000,1.10352000,0.38623303,0.46172670
1242.80000000,4.78275000,1.11638000,0.38629469,0.46180080
1243.00000000,4.77900000,1.13110000,0.38635712,0.46187582
1243.20000000,4.77500000,1.14291000,0.38642029,0.46195161
1243.40000000,4.77500000,1.14291000,0.38648378,0.46202753
1243.60000000,4.78275000,1.11884000,0.38654661,0.46210191
1243.80000000,4.78650000,1.09862000,0.38660821,0.46217489
1244.00000000,4.78287000,1.11500000,0.38666970,0.46224896
1244.20000000,4.78287000,1.11500000,0.38673164,0.46232298
1244.40000000,4.77987000,1.12624000,0.38679390,0.46239779
1244.60000000,4.78212000,1.11680000,0.38685620,0.46247196
1244.80000000,4.78162000,1.12166000,0.38691838,0.46254645
1245.00000000,4.78400000,1.10742000,0.38698030,0.46262003
1245.20000000,4.78400000,1.10742000,0.38704183,0.46269359
1245.40000000,4.78287000,1.11465000,0.38710355,0.46276766
1245.60000000,4.78412000,1.11155000,0.38716539,0.46284151
1245.80000000,4.78350000,1.11036000,0.38722711,0.46291527
1246.00000000,4.78350000,1.11036000,0.38728880,0.46298902
1246.20000000,4.78187000,1.12035000,0.38735076,0.46306342
1246.40000000,4.78162000,1.11817000,0.38741294,0.46313768
1246.60000000,4.78162000,1.11891000,0.38747508,0.46321199
1246.80000000,4.78162000,1.11891000,0.38753724,0.46328635
1247.00000000,4.78487000,1.10800000,0.38759910,0.46336005
1247.20000000,4.78900000,1.09033000,0.38766017,0.46343252
1247.40000000,4.78575000,1.10246000,0.38772108,0.46350576
1247.60000000,4.78337000,1.11200000,0.38778259,0.46357964
1247.80000000,4.78337000,1.11200000,0.38784437,0.46365353
1248.00000000,4.78437000,1.10649000,0.38790599,0.46372712
1248.20000000,4.78862000,1.09305000,0.38796709,0.46379975
1248.40000000,4.78400000,1.11001000,0.38802829,0.46387350
1248.60000000,4.78400000,1.11001000,0.38808995,0.46394723
